,1447,1449,1487,2019,2176,2731,2968,3221,3231,3243,4601,4640,4674,4699,4723,4737,4764,4885,4973,5216,5786,6653,6682,6742,6781,7065,7163,7647,7711,7982,8007,8245,8898,9783,9880,10035,10121,10614,11687,11811,11856,12124,12138,12635,12726,13041,13341,13561,13988,14822,14824,15202,15208,15417,16243,16245,20430,20686,21825,23592,24379,24616,25030,27215,27867,28034,28349,29804,30128,30990,31774,33695,37233,39067,39750,41918,61739,62689,63172,63501,65048,65345,65886,74571,114628,122015,124434,128659,133768,137232,139665,141913,143356,144009,145701,149070,149337,154755,157057,158354,158742,160225,160776,163610,164708,165993,174114,175263,177376,178371,178507,179534,180081,184498,184500,189459
2001-03-01,0.017557958204943044,0.030371687269151623,0.006062710777649357,0.010771264803716285,0.016911607038717337,0.03543295254656615,0.027863504999895213,0.010272286062030237,0.033305045524061744,0.035040745436830494,0.021360132768251675,0.01084972703806539,0.07360990593529484,0.02458966328164203,0.06636645299436601,0.06558123421529068,0.05289248978768551,0.04909247260401362,0.02779321902082704,0.04873673491925745,0.06531451615874777,0.01900731826985306,0.05960126387609588,0.03697300255106854,0.047498104025385735,0.009433737602819358,0.021665650042458077,0.08097843620997097,0.06612677883811113,0.010795993904876244,0.0683877425063319,0.03100334603713061,0.0680638852977399,0.07106582349246707,0.06649721038846348,0.020477589879242468,0.05415273561994366,0.058545842860237514,0.006421096093302382,0.018908631288509104,0.013272213977392242,0.015095203373282793,0.027068882089392392,0.03191185342390808,0.0503333333009887,0.012309747528561439,0.013656329412215982,0.04235780051352471,0.026261572859527273,0.04923669444244027,0.021929896937039083,0.06869877371941001,0.0288789072697959,0.05372549633027946,0.039030967648658314,0.07565530557372124,,,,0.051204330891466136,0.036108606438037955,,0.05064934163372234,,,0.033987404741411126,0.029119776971285087,0.023610638188800697,0.03743902823927442,0.026358295364606394,,,,,,,0.026930227652531304,,0.037556481078825345,,0.013396632558948643,0.03849264462907431,0.05865321894322493,,0.030201352407482354,0.0524375642315711,-0.0008254606042352325,0.0412104098144609,0.033718893904578134,0.07254287307903909,0.06455278545377069,0.05879269803649472,,,,,,,,,,,,,,,,,,,,,,,,
2001-06-01,0.020887952331801234,0.04458478954958239,-0.005284171054808897,0.01112293403797462,0.005435023476112067,0.03383801796660342,0.012884575280533833,0.0003583543601624614,0.006215824831876871,0.018513487003106475,-0.0032772306616802,-0.003009874872529417,0.0504260723556534,0.010051449310991951,0.027636637566036848,0.03388925400608212,0.004906948842798887,0.05451940605931134,0.06336078664954217,0.030540259086082558,0.060369990986383,0.03877048378523827,0.005261101258870287,0.026381438980126157,0.0277174900499625,0.02502323004178335,0.012777073584206725,0.0690735554039533,0.042923111133297505,-0.004100144893214662,0.038545415955957466,0.0077071079236847116,0.07053304599876582,0.0477786957377005,0.04409241549344008,-0.0004120361647182636,0.03662147845235351,0.0421773110973084,0.012066525733426982,0.03895122474000062,0.018401528369780807,0.011489675563706041,0.04219470510599649,0.030718738736569037,0.032253110284796584,0.00573254878838398,0.03910505847179403,-2.085536455177471e-05,0.04270251629083623,0.00704614234399318,0.00593249697524347,0.05451902200762159,0.02202014060386602,0.07179237295328492,0.03537660443156077,0.024031806588414376,,,,0.04281544089078746,0.01802256740202952,,0.05688627781021899,,,0.02664153024110716,0.005954521784559087,0.024343277604727338,0.04490970700739466,0.034399788422461844,,,,,,,0.0058599385657896914,,0.03903756350069171,0.03864804461550314,0.026408999918954096,0.03902847708862521,0.0445902489213531,,0.03231948086535907,0.0569332504101429,0.03218735453650493,0.020195489864784855,0.026241639445807062,0.0789877401504743,0.05254957621987337,0.026112069200626937,,,,,,,,,,,,,,,,,,,,,,,,
2001-09-01,0.018550467753796332,0.028261957658319545,0.003126734853848583,0.001342209126453128,0.01763668651197781,0.025443958804361202,-0.0026734962531046475,-0.00724301547933599,0.016103099140582132,0.011737223739391501,0.018662181493477398,-0.009629573150555246,0.04132323547218062,0.003327362827719477,0.02629235315342914,0.03612220619924661,0.0053707260791788945,0.019034579009310527,0.055949297338131664,0.05222511868140903,0.02197133102081877,0.016557405061683957,0.04249880621159451,0.012414902087407967,0.0330266952520969,0.018892370788295972,0.017396423076667843,0.061320799797454,0.020223083119763206,-0.00514440831783958,0.036648564879730165,0.0001125591538069329,0.06590278264807327,0.03218257452714935,0.04013717498936608,0.017218329371364787,0.05789894670166566,0.04625767531073712,-0.0002201808900215995,0.04450456786284254,0.0025155095136789344,0.021557070550564533,0.030995604315017213,0.030806320596458003,0.02254588259110297,0.0018842403074481866,0.03239632775755243,0.004628326127953891,0.07026423879749427,0.011254302310363016,-0.006535615442833855,0.044899317111755765,0.002452199554301641,0.05881335782169963,0.02186318646276878,0.052460599469333395,,,,0.04863576195207457,0.029339223781204883,,,,,0.020945984377984703,-0.00988068014929327,0.017883053452792008,0.05190347112635996,0.03570283343911882,,,,,,,0.007833319471721199,,0.07198816435783208,0.035375098684857456,0.008157653847342402,0.018697446343585528,0.05071226611575881,,0.04223552828722401,0.04661119701284733,0.03465092299271217,0.028756647042680085,0.026846293626717158,0.06397986330099269,0.06836667237103984,0.042714987981139714,,0.046741461773818826,,,,,,,,,,,,,,,,,,,,,,
2001-12-01,0.039951824882145125,0.06609864426078368,0.011537152524455571,0.020079658371907803,0.05258962647960139,0.05822985948107534,0.01791891132460247,0.0056214261944766385,0.03632142138540185,0.014172356452964597,0.019800126474361347,0.0023168178551472448,0.0687206673452593,0.013542372528571187,0.02625063840199013,0.035527679706035806,0.0381161795595217,0.03293134859035797,0.06782108221994078,0.07297059367233441,0.02672069394384215,0.05005294162241072,0.05628711909815653,0.032179592675234785,0.04753554428454179,0.030060075964778138,0.07273993389736551,0.04481909959315063,0.04971120476182447,0.017362582932345993,0.04977182230887954,0.0207477631592268,0.056243133572771914,0.056365521481583185,0.056572574004646894,0.04285374890330579,0.057381511813339045,0.06486732905344547,0.011638238268596472,0.06255187323870093,0.015760340858175747,0.018811601361722732,0.061415505232272016,0.04600372071352054,0.06875158293621692,0.015218825443239293,0.038454485423326405,0.028131477014299112,0.051736665898589364,0.058032497318718394,0.005594062646709255,0.0546171800810125,0.03627240120751094,0.058850166344045184,0.04896214025184641,0.037613041387785116,,,,0.06607348327097555,0.029731944183203997,,,,,0.06226981467089845,0.010662128034444331,0.04501312819585939,0.04941325600930086,0.059078865595280396,,,,,,,0.0294575054426491,,0.061757129591517204,0.04116331035772445,0.0324365620818506,0.046976952557956475,0.053118242767271465,,0.027742604684320694,0.0667492549398292,0.02671593421767826,0.04441816624316099,0.041171943467056986,0.05994971721413234,0.06054596395371258,0.05021255869986672,,0.056415334375831384,,,,,,,,,,,,,,,,,,,,,,
2002-03-01,0.026666840860045962,0.07511017300214111,0.009517289025758368,0.029933275407196324,0.016482956125769922,0.0749563031163837,0.05515636954312314,0.013199839101525107,0.03439315901269771,0.015808925399338487,0.03835344353289611,0.01482826951789614,0.07773828915531757,0.02117810016384326,0.05572993805263018,0.05426991115118211,0.049643853638968664,0.04312497724591211,0.05479999886082018,0.07515259381564145,0.05416866419544379,0.02915907600923316,0.04870892988855151,0.04853169703285001,0.053327023406489704,0.015594751679610514,0.06238710325151763,0.05983737261620029,0.06492606741451262,0.010618394362905228,0.056071413487621645,0.03356882344388964,0.052174574136675644,0.05610927887572178,0.06610544122083742,0.020803120749199763,0.06051034234628872,0.06556626314039117,0.025263771620481004,0.057489262076061205,0.02911389376322282,0.027900197529149656,0.03718350865064667,0.04542129993669665,0.08030964299679023,0.02767805552001826,0.054959553121885364,0.022233005336909462,0.07156622914870722,0.05577022805762504,0.017780868015918893,0.06576287597598218,0.009296858625186444,0.05624868819152553,0.06471029160220387,0.0558719660758259,,,,0.06656932028268019,0.03175186663837703,,,,,0.01888449804536682,0.035860839674190494,0.04161580648725437,0.07075664803870751,0.03483793486458274,,,,,,,0.013640998702136692,,0.059913877602713654,0.021066627982334454,0.02949194251712917,0.04440119619872427,0.02688751988161058,,0.020527633222234085,0.07544969604019963,0.024807060227753343,0.02558832039373879,0.056344707807039374,0.06227819958567811,0.06773964132395291,0.04930629422519973,0.05718819315356532,0.03152107032572663,0.05715840154563763,,,,,,,,,,,,,,,,,,,,,
2002-06-01,0.023189477395813774,0.05273913284209425,0.005613240796051062,0.012295338182819393,0.008417563056239356,0.043786729709274726,0.023627767044884337,0.021368442737616053,0.026986568754106023,0.007991804295252808,0.012377538040421798,-0.003955776239125185,0.05415531048207216,0.013829866595295144,0.04092353079244057,0.0411924859468883,0.04097028838043413,0.03816162482149217,0.031975268201501074,0.056895940855486354,0.045010053273094465,0.020696172765540668,0.017455450551421267,0.007611248076079742,0.06618691884059659,0.01805164971643144,-0.0007735896425912738,0.047639165118297244,0.047992605849653175,-0.00441674867557682,0.03999956099543897,0.013242451376380282,0.058284665232633544,0.0543884188215336,0.04260654675573086,0.004617245724179799,0.037224256399094616,0.0600676977816449,0.012310973109968567,0.038522271042454766,0.018064673329916448,0.030043901010753014,0.022420568895350983,0.026236970305894832,0.049940650319996005,-0.0006723182883207064,0.06445736707946202,0.017966157878234235,0.0376203878846942,0.06398763854748564,0.00467017869942703,0.038916641145851825,0.03549544919112731,0.049584908401010805,0.05249720424188475,0.03495977174190643,,,,0.037041310143051745,0.02199926774868218,,,,,0.02799826965984626,0.0183317464334834,0.029855573899320798,0.07563236417279112,0.021152906126206586,,,,,,,0.017313550864691808,0.03640445823984746,0.043640345452384245,0.010459651007924226,0.046529860243173286,-0.0001879949678284295,0.023683113448095785,,0.028602271070347234,0.055294074154425256,0.008371007950730116,0.03581648837842744,0.03620264506940921,0.0648260485574462,0.06034966741806938,0.046998946184097334,0.04264615550700107,0.03781645319262301,0.07290346203272997,,,,,,,,,,,,,,,,,,,,,
2002-09-01,0.02224067562335895,0.05571226735029061,-0.0018007170206434935,0.01813126078844073,0.02339323501718985,0.079257842646325,0.032318672461546204,0.022610102394154473,0.0183138781081133,0.028342175808376988,0.03498209817454859,0.006807430033775653,0.06700656663488538,0.01190202509432527,0.05283603027893262,0.032349237469771905,0.044779977750391345,0.041872453462257424,0.0373238931535014,0.056368722201091,0.05703190559164998,0.027116745253492863,0.0408909510267799,0.012571628936062434,0.06911203900988311,0.036341102473739714,0.047425419722854883,0.050652029109672495,0.03806400416734329,0.019419966688365736,0.05098668185103187,0.042781160748871096,0.0758989252012044,0.06341694588885083,0.06317612561898614,0.02971278941509474,0.005542465340671538,0.05422334495022004,0.02632146069861028,0.070978515539034,0.025829220606723692,0.017772912343230855,0.04193790793397557,0.04156655817272628,0.059748221567427054,0.01238429671523258,0.05858006288026927,0.008047234479021953,0.036923342796303424,0.06320916290956043,-0.000736788111711311,0.052388223273556835,0.04239502229692208,0.06391434146359389,0.046134767784307806,0.03445344557033848,,,,0.061730750062572774,0.02551550730092065,,,,,0.03171202303865832,0.01794890565253611,0.02821401764053717,0.06172634416998462,0.020153814250240733,,,,,,,0.009666059342732127,0.037995112982301876,0.08445549088526004,0.034708093096379095,0.029341349181873765,0.02186943963688546,0.04829486857063981,,0.018094824433095267,0.058172537038509206,0.014802836757807709,0.028107743567102175,0.07550929205123014,0.07988787399238044,0.05703637862660917,0.07523225566950342,0.021331846934219897,0.040634443155577536,0.03361830485124201,,,,,,,,,,,,,,,,,,,,,
2002-12-01,0.0292201953159141,0.06783996123876847,0.008793327822652857,0.017185165319837038,0.01274755704223791,0.07245843091140944,0.038411319360993235,0.06525954952370845,0.012285221235369863,0.03545737263816718,0.021871026181093954,-0.001159052791838102,0.07252081699815108,0.012871846237443354,0.055708635459997165,0.06417990243497373,0.07061171005440149,0.019520584034585203,0.0550911061769549,0.054770888459766104,0.05827005612758858,0.053152592929751885,0.04750439991618358,0.06501864547547989,0.06189564206947077,0.026949131964779417,0.06504713074379558,0.05028869863705282,0.06117477425285731,0.010527546475854356,0.05917400713135499,0.04559365951138039,0.07076997811053955,0.07021727894262546,0.06392360038469724,0.020688426144563395,0.03702429449090883,0.07177837260977257,0.024000987882627212,0.06439312448283274,0.03248675163759605,0.0372139850109249,0.048971475045054745,0.05183698694704069,0.06356301811326877,0.01138887793362331,0.07155969304462202,0.02863538702707309,0.06678463720455963,0.06881117656848311,0.011462762698475081,0.05064156658158235,0.046731487526837735,0.04451756509113828,0.054368194625650595,0.04419034248687208,,,,0.0581659773108253,0.04826896049092102,,,,,0.07108460846035791,0.003138666603052876,0.03472609334829606,0.05100987909207357,0.0481844950716176,,,,,,,0.04700965690647092,0.04218944328661105,0.04655483481338357,0.026977563444290947,0.03291940146683408,0.04456112191896554,0.05891590912928101,,0.019935760951138186,0.0651407881815997,0.004074021104072654,0.07808838322344507,0.07430978829526098,0.07551991857563688,0.04065192316589851,0.06964420412894325,0.06601377017426562,0.015190609900230254,0.036237652262795496,,0.07415445512224311,,,,,,,,,,,,,,,,,,,
2003-03-01,0.02673694673133417,0.05314803494278657,0.023344928678378382,0.015921284048629677,0.0067356328608976675,0.04540872854674737,0.07335886360984169,0.06674062268828437,0.0503799903054595,0.011476121944830648,0.012378655333816001,-0.00010273085772231199,0.06435169972054186,0.022944843392563117,0.05333460664236573,0.0542282618724797,0.046258196198444824,0.03801055076069003,0.06827491639380803,0.04969762076434924,0.054624174395596414,0.013589742638420676,0.05597127189297633,0.015506462841183703,0.06769601944580624,0.015559794617222072,0.029894906397764834,0.04948595590109077,0.05908005935071469,0.018861173720072365,0.05630137190618946,0.04688218556818549,0.040069187365514,0.06413784677294379,0.056842556828074306,0.04993877276111869,0.032104499472425135,0.06895386844506905,0.05019374778761576,0.06536109863584662,0.0356544786712042,0.049039528424691815,0.05154535777280762,0.04026461201481985,0.06794101278539248,0.021582715771481485,0.055987498240169,0.02788005904279303,0.05931837180973739,0.06675574505519702,-0.006075470128712773,0.05619060324780111,0.044796074715893794,0.04836744365077538,0.05217478636858953,0.04853547100099977,,,,0.06158765851374369,0.04217489574718513,,,,,0.06525337814449406,0.022688447746561775,0.07234376698752934,0.08185064139032815,0.07128312353792811,,,,,,,0.04834974941732764,0.038290768748827114,0.07621424417586996,0.05059061580163037,0.05131996458670695,0.043391454688516344,0.03120628253995069,,0.03869190329086408,0.06678563651463286,-0.00014335374308623237,0.05724147749334873,0.03578694575569822,0.07582882856407343,0.049994519991687685,0.06894363701544974,0.010292641421768382,0.030212927530568135,0.05966257661583805,0.07413242014993894,0.07816717156103388,,,,,,,,,,,,,,,,,,,
2003-06-01,0.022443928200323895,0.05027014790492707,0.017846365627421142,0.05365296610287127,0.03921928180750285,0.048830010228976845,0.07456867667830112,0.06116719312941119,0.04887668419023793,0.03520577652280475,0.03754970130915221,0.008319650627078793,0.06547433599353794,0.012572451612204686,0.05530993201603834,0.03470482083819135,0.06523005612567703,0.04765488917006488,0.051635026518040694,0.04738110023571964,0.05691710725669097,0.024505303819094392,0.05145045964917969,0.03730532817649198,0.06550501311439579,0.032796185110246345,0.02808123193917045,0.045367405720722086,0.05806956235975891,0.032557946306192014,0.055929118494691725,0.04545586231151726,0.05845622537209712,0.06606761200225467,0.054985078930099636,0.00913369875573341,0.03304585449913442,0.06256829702930689,0.0458706404385038,0.07742466959568038,0.04314625589060217,0.01681794406824092,0.039584708340512996,0.051907245465468294,0.0696495616115823,0.020525326965408496,0.07023968093651994,0.034990109460623996,0.04995799689795022,0.06967565996817388,0.007237688386538623,0.05575510710232488,0.05144600553461915,0.07595505530446296,0.04897172059311514,0.03839906178041014,,,,0.06623312595181277,0.041083914336229176,,,,,0.07376821624826496,0.0409467293960327,0.08211442135124068,0.05472140744676473,0.07335921315575682,,,,,,,0.0451194035412574,0.04137383557955699,0.04298996461558395,0.03824580502222365,0.038265315879580916,0.04699902260650284,0.06257622785095199,,0.027989386114414115,0.06251866543135592,3.5003756671947766e-05,0.0778612552739319,0.061012547169432614,0.07600239919789714,0.05123671647114209,0.061478439326308164,0.05032567983762817,0.03407817367437747,0.048500922836444256,0.06332879736255277,0.06502885016217051,,,,,,,,,,,,,,,,,,,
2003-09-01,0.011726806663784959,0.06751897312068597,0.012643588478346875,0.021400683470610735,0.04247890094514177,0.056269817923711864,0.04529991516814814,0.06389037647735042,0.04208253038639195,0.018564621714982372,0.011078109891337933,-0.007008464391846219,0.06686149631335989,0.003808346690236612,0.048035949029554444,0.033598043809614675,0.05266562061677508,0.05232943498801016,0.06275578812304924,0.046648457933059426,0.05762940409706343,0.004602848989806727,0.017208686882755602,0.040112513256525754,0.07353804314647208,0.009927894045583354,0.0176698041998387,0.044463656823926063,0.04495985099305078,-0.004142241529851444,0.059061321819720264,0.009527707131459425,0.07305118166452763,0.06334371801042543,0.05544065304450479,0.0340907929738406,0.02722120565800005,0.08321693240511728,0.03814060006472757,0.03643734708441144,0.029530938178804006,0.03390295858343353,0.026220944491334622,0.04762793473017564,0.06609633312730723,0.003749699051270214,0.07033146618044955,0.033644788690764885,0.027459670200119506,0.0796688665897486,0.004676141967128994,0.054272724447769496,0.047241079712673884,0.06534887237565319,0.04686453202835395,0.029043743160693844,,,,0.05904985353354762,0.04421704419846191,,,,,0.039124091204310346,0.034186311116590956,0.0720472610314199,0.049234150334841624,0.04305331457154648,,,,,,,0.027610006373551245,0.03849283088193059,0.009004202691545178,0.0007562580772854827,0.0210870572334127,0.04551575929953738,0.023284954621462055,,0.014849744114353516,0.04683721640111708,0.00512192168305672,0.05295181139440832,0.07585929350347795,0.05720927894695889,0.055685008765439886,0.05895115465876157,0.0009951954938821322,0.011190753671089668,0.019731217008575178,0.05191698359579958,0.07680275550650471,,,,,,,,,,,,,,,,,,,
2003-12-01,0.006963332593971338,0.05653618801198063,0.0021450947451397344,-0.0030248758358482914,0.01644541684878322,0.049402109606078826,0.0357005396303438,0.05592525037054842,0.025501789448844257,0.0280198042075789,0.03382806667510714,-0.01588006683146625,0.06464908421010303,0.0038263187353251254,0.05089804927195199,0.03307199062463818,0.053389207772647884,0.03892256276892642,0.047896917223043914,0.04024623281070395,0.056542723240303065,-0.0006069832906622217,0.0431096045916576,0.04110081450212911,0.05071604545729792,0.009927908576444131,0.04546146908235763,0.04190017093960174,0.048839619166261526,-0.007681539816754917,0.053860653079951186,0.03152082625257659,0.06809473205384964,0.061534163180602675,0.041990773016798516,-0.003069371373580168,0.013570491508891225,0.0735710769072698,-0.007669877572157775,0.03536102873628335,-0.015174114484732104,0.006288010402400074,0.012478010408580808,0.04014602702772747,0.04980912267910448,-0.019732479151622257,0.06998353608987158,0.02594528419103535,0.010440220550943152,0.07518875539757257,-0.0011748102918588423,0.051281937584437824,0.0361065664726483,0.05244610303287806,0.04259554862794201,0.022177572223353727,,,,0.05676805926298558,0.0365383522189916,,,,,0.03965532194700969,0.03284448916786117,0.03385486492597671,0.05447981773373873,0.035439660584845996,,,,,,,0.023891401727079264,0.02274920556384534,0.028978198243747758,0.009665011117525473,0.006082224942209419,0.02767938665640455,0.01706999275261124,,0.03931955333502358,0.029043433327829705,-0.012344898715416025,0.031230353856029763,0.06734004412426135,0.052703686042700884,0.036094395123558796,0.03302304422822848,0.00023278528419090386,0.015178883884920365,0.01969144993155203,0.05449417114721723,0.06438197449124562,0.028565807816556207,,,,,,,,,,,,,,,,,,
2004-03-01,0.0016613961697107965,0.023699887356272424,-0.011153262880982036,-0.009741593251317297,0.019604358136675618,0.05596574014985236,0.04580588108413023,0.054783886774794045,0.005622747211511455,0.01794177800467078,0.035931105948503524,-0.004828207333441792,0.05222450238111079,0.004791741744458597,0.028979020098640892,0.03278948697589329,0.0056018038095847315,0.0320770197976101,0.011014087613237205,0.02883368752929074,0.039445678422155524,0.00433472262022221,0.044780921643118005,0.04896243058760048,0.052604309251161704,0.011776966604169058,0.019616578564480177,0.041273296498491374,0.03790114277921844,-0.004003041530239707,0.04106633760247181,0.028186088131769847,0.04295975972122592,0.05081490554183566,0.00316981053807307,0.034709945360575645,0.004029846770135156,0.065611460067586,0.006038575126717614,0.02367083574725962,-0.0026497969296020445,0.01233477455067084,0.012931513187548678,0.026909159027372117,0.05697228348379704,-0.011297032043654953,0.060034005990553974,0.029089190664766403,0.015589498462904033,0.07405677721748294,0.024150135781561288,0.0438734180800362,0.008829124276280654,0.05230733413304356,0.044254032058006355,0.030772405926156883,,,,0.051011451793349406,0.016642978684092827,,,,,0.04197177800004789,0.03810839006185854,0.026630475796977682,0.04323986421230014,0.018736232048272742,,,,,,,0.02706623417637365,0.02993345715677033,0.03128078153973169,0.019063664435748716,0.03248158399767115,0.03526923412104152,0.014679598953609558,,0.03359285602638956,0.03059287779805616,-0.013971216916699754,0.04539779415325495,0.035197758696027204,0.06291087480932593,0.030918517914222444,0.03317252290395501,0.03716292230855566,0.019597772327668624,0.04517406107455577,0.039637513297081116,0.06567418977901181,0.014099737634451522,,,,,,,,,,,,,,,,,,
2004-06-01,-0.011024761699149146,0.03778149771952958,-0.015088680240008569,-0.011752860009180887,-0.004650731615824996,0.04986334115921169,0.022199809940774008,0.03273771421647787,-0.001920564791370975,0.00733343949522538,0.012065636900119742,-0.013939600702932662,0.039774017800254614,-0.008838179951482145,0.022055754777880722,0.020626431202228776,,0.03281210026467511,0.0037487251707971955,0.007012717678925274,0.038575127659428506,-0.006705120966078534,0.053898750105988505,0.0072351083736539356,0.007392431410969319,0.013764407485599112,-0.007285479538804791,0.026763942744027755,0.017768130705604582,-0.0101457363422029,0.04108517124174341,0.014470961185667326,0.06596553099522484,0.02804773266683793,-0.003586456488558035,-0.0044414707970770574,-0.0016940314923346983,0.05857771042915929,0.0066316842957211955,0.03084643481741355,-0.006126689203433377,0.02505581142166604,0.0027781645060554676,0.03873702608459451,0.04693346263263351,-0.014556866108064268,0.05784370634721642,0.008061381385320636,0.013663386025745954,0.06761542813890385,0.013380352933918203,0.028215183682252475,0.0241433847827243,0.048977873477838656,0.0072991983746800125,0.06719550308393578,,,,0.020254581144547288,0.015438737825922645,,,,,0.01850483635942141,0.014052541640309245,0.030745625427300673,0.03735290904488631,0.011536081306320943,,,,,,,0.0201914590963547,0.01206379958211236,0.02500784292998824,0.005884131371007425,0.0007093293482177894,-0.009705770230510405,0.001313107206614386,,0.02762825154915698,0.019803145190395135,-0.01369939324727052,0.003093245953935596,0.01869416449356774,0.05148085454404825,0.0012088088866320944,0.025255616408815063,0.0003343027429653109,0.003021869299603326,-0.008165489393153867,0.03786702622442661,0.036636484481050405,-0.004336033518968313,0.04439931028312441,,,,0.0019778224296221726,,,,,,,,,,,,,
2004-09-01,-0.011845766579870687,0.04409952641030814,-0.004278724647918028,0.008522620723469723,-0.0019618651750356094,0.03147806070494659,0.030707263390161953,0.0400905247276248,0.023472088991353036,-0.011726509219795886,0.02071147248454608,-0.004854809584450217,0.05732043197943884,0.005780542994564918,0.041262923710647506,0.028330639208805308,,0.047430057605645046,0.040669416532576975,0.02131514447172797,0.05233307229484904,-0.02571527799806552,0.043339726129328356,0.028358194734914532,0.057039411164727966,0.009403042829068984,0.0014928911643067953,0.02448396569882603,0.03218397803945797,-0.003124690069710082,0.0453659121746536,0.02842317522011488,0.06347824126301733,0.0482096579490154,-0.0009291330289590064,0.0017637201514285336,0.025907476677637667,0.05885453247776142,-0.003555004455329699,0.031316981617508205,0.01956767036480993,0.008584940060625242,0.020311142298888064,0.05683326384877904,0.05413095870404655,-0.009340004389796114,0.0614567778160178,0.02303701464884733,0.03221098344823767,0.0753191578906352,0.025153476717909205,0.04112719708294799,0.035093859871800824,0.03201369589587123,0.005189550290042064,0.028908006139596387,,,,0.038206468568631455,0.01745968642197928,,,,,0.0304426801439569,0.025236931418423408,0.03254193524176437,0.039860784339006,0.019677940648688007,,,,,,,0.02117856968193865,0.027464654320541668,0.02740281953998587,0.03409497179517513,0.01856287496343764,0.044282648825629566,0.01940686974605469,,0.02897939687305446,0.03077983463227106,-0.015312782444911384,,0.03646501948936748,0.06405613328161752,0.013877922085544123,0.05994126765314027,0.0354546441705226,-0.010483576459207904,0.00970368256743392,0.0333415362778088,0.04400460731803168,0.0008484536576843593,0.060968004131633065,0.0675108256279649,,,0.05329038639503743,,,,,,,,,,,,,
2004-12-01,-0.004742055210603551,0.04786835799301245,0.005119156653605104,0.015345078339561833,0.001946915571671757,0.06502842727194022,-0.0014980119469728034,0.02020879430231234,0.018319064489997983,0.029599322999116152,0.03605624973074081,0.006055585210542396,0.007163023970633592,0.00755424624163859,0.04032466049941994,0.028520891449182878,,0.034238543982143335,0.017529136463416452,0.021378836799493484,0.0381917231917914,-0.008105142994214533,0.069286196511319,0.04070336915705241,0.0549228642218891,-0.0075920740889695686,0.028658553094173117,0.03455763126244009,0.03408286537211261,-0.00013986406499375863,0.038978656779035406,0.009203906146520618,0.06327894072450117,0.02591299094177026,0.0077368965415645675,0.009469800126018895,0.013764875901275786,0.06838944041670318,0.01210783508424261,0.04375160584213261,0.01710604535300125,0.04054360181934131,0.014552704497205336,0.06659309438689713,0.0693222873496873,-0.010813375813119388,0.06405504084475033,0.026048039323500985,0.04245778147728338,0.07259826092637951,0.0011272281590270082,0.03399705229790383,0.03447496924525086,0.03133760185454186,0.03390124380051493,0.031762256926515596,,,,0.0482195677042356,0.02944398619949809,,,,,0.029753732755157084,-0.005277013734544303,0.07309187992420099,0.04698065677432765,0.03206283202177098,,,,,,,0.03222353935367031,-0.0010390869443711848,0.004761351267112614,0.03794797861476474,0.01744399279643116,0.02963208538625258,0.01047320759708278,,0.0367051226777651,0.04174253158821377,0.0036115799244861376,,0.03593023927407236,0.062431378456333626,0.00893074029854577,0.038281862937118744,0.03951513567490928,-0.011255625970336674,0.021313848073050607,0.009663576084838699,0.07161221846228821,0.028668578347224388,0.06065976108486639,0.06863004906297275,,,0.014215097921846493,,,,,,,,,,,,,
2005-03-01,-0.0023462923800296608,0.057930488061225555,-0.0008850150082009936,-0.0005321118425545559,0.03879010153383612,0.057809230294763446,0.00983407840266541,0.021560801222251128,0.03214928530266642,0.03604940649014185,0.03896116345940185,0.002101847708454026,0.01022419893542781,0.010017076462637619,0.0125415827769853,0.030238879045435065,,0.03894236344459707,0.019695946463257015,0.016130383568504686,0.0407911102494004,-0.01197701723384222,0.041058201058986284,0.05331552909815462,0.05780313113740984,0.03638332241362229,0.020122551816975073,0.04459277104512166,0.04583328761493594,0.0027009614502390544,0.02516012432513613,0.01784164299608057,0.05529080920032132,0.011147833657246331,,0.010269653453160199,0.023231632592373406,0.06053455075264789,0.010823662426797297,0.025576657692766513,0.01605800157827045,0.033447751513080236,0.0034530447176954445,0.049599079994930205,0.058982887684235825,-0.006574723757647821,0.06015079808808414,0.0392357857231534,0.027873409121889674,0.07196869602845897,0.0423174993944083,0.04534691932180517,0.044867726067211844,0.03556163937180963,0.022237204819507375,0.031737069273730246,,,,0.05289017321338913,0.03855869798520875,,,,,0.0441845801377448,0.0399226677585178,0.07176876873571268,0.050609066640873716,0.0029462425821239163,,,,,,,0.04138909147429699,0.004453535014063849,0.013965473283959681,0.022126331778955132,0.013789235332987673,0.0347328121195339,0.016238490701215125,,0.04155318483688452,0.03484491977866115,-0.013712010870803117,,0.022972585345205188,0.028145377410362785,0.011928633794090052,0.035111432324659984,0.022320020995799425,-0.0024079670556218804,0.023617490094687534,0.007460412820580687,0.07706701852575565,0.023102607076824967,0.04714947152767293,0.07056877374495697,0.05139638959624971,,-0.0012523138212452252,,,,,,,,,,,,,
2005-06-01,0.006412383751035463,0.05173298606296719,0.02900892919451585,0.013157758929497512,0.010924020699060592,0.05809016650168805,0.01837192634328545,0.05121445582633893,0.02577855607277387,0.028102801932306666,0.04123940260937756,0.0070427151919458374,0.011545802733931137,-0.00013338555081610627,0.036986527887665155,0.03031591050111109,,0.03835082521960824,0.055240614548917294,0.021878024953698123,0.0414754244317874,-0.008723751503390073,0.06350317071605367,0.04410960923593219,0.054061581018929834,0.011588387845542478,-0.0006724725615319504,0.03568452067915714,0.032519287255843785,0.0029546536822072957,0.04031031593465666,0.0306917403093393,0.05880472658400802,0.029972936120523378,,0.01670308793810136,0.00310576438554163,0.06245032073491351,0.0060626663084509405,0.056131941644137734,0.013934600389502318,0.023418581874010035,0.020531910011013718,0.06798909412592653,0.057822544280291925,-0.003540494244841985,0.05768360188124024,0.03382705936844476,0.042544715104400214,0.07073373078815225,0.03413484218640373,0.05557985992806709,0.003334887630259486,0.05328226268942462,0.03961748313873166,0.025883300446624277,,,,0.012213789335275569,0.036478521494119176,,,,,0.03829342739315513,0.03135061814567343,0.06753867040352529,0.05086674578724952,0.031696786611551245,,,,,,,0.03776049258799753,0.03759439190394562,0.019996709092208888,0.040115866599407315,0.013207604873520285,0.03844335866321773,0.019559516333601954,,0.030880094029337148,0.03733835564603541,-0.016981370875563385,,0.04469361779479596,0.037983698883403465,0.010326606313531678,0.03102635495859517,0.03893384464674318,-0.010190779825544076,0.025708829055889594,0.006456445705610176,0.0711376624364187,0.029760990956768752,0.035599585815353205,0.05919588477217654,0.03336825307647076,,0.014476094235921493,,,,,,,,,,,,,
2005-09-01,-0.0004728527111140462,0.05420968955642161,0.03173751969591001,0.01963786480364379,0.01750875559885285,0.05997466341593513,0.002732589914338541,0.05686013768571956,0.03013784968633405,0.022718345093638997,0.03905026624794317,0.0059587621074651265,0.00979500951006988,0.009155303576438867,0.04625156689861266,0.008594889994645416,,0.03244799136100483,0.044807685558672095,0.016559901096092806,0.0488160566777916,-0.0077212587296233304,0.05941858228019691,0.040210176229903326,0.057703168615304196,0.025838682089009062,-0.0007189905049928717,0.03421843829545378,0.03279477193900429,-0.002153031543158489,0.026653084578315955,0.010864143057888392,0.05892328212302988,0.03264405665571223,,0.005156030209035641,0.004140680939727233,0.06420833104342191,0.007594512440406369,0.053884097680857244,0.00748099579730417,0.0369007343670233,9.334076151314551e-05,0.06161331228509931,0.06750324382078206,-0.00609502845652949,0.05821336344537,0.03255794804618018,0.05431361313043706,0.0700118156591293,0.036089331575471256,0.04944009051385506,-8.77085910950647e-05,0.0539685635698265,0.03749467572722329,0.0235554682501911,,,,0.04193680435204549,0.032027209920821795,,,,,0.03763831331978811,0.029030060638062922,0.05784886209850812,0.042445613495759954,0.035132157628983786,,,,,,,0.04106995469229756,0.03430047990161271,0.005628623452272607,0.03219960300845017,-0.008928160944325352,0.024555802959144148,0.01523806966081722,,0.038919930841274014,0.03439262717980536,-0.01982893305977521,,0.04690536335349403,0.03245475685886759,0.007928825155152702,0.04776202952097736,0.03859275945639758,0.01552517580601282,0.03190363757963673,0.008486263054123368,0.03952307335346908,0.04756259721437938,0.03839223369336691,0.05815618579344646,0.022906228543715604,,0.05240769610803582,,,,,,,,,,,,,
2005-12-01,0.002817101764967696,0.05569844751109084,0.0008290351980706039,0.008629618838422138,0.00845786867480957,,0.040043709374800146,-0.007720592859965759,0.031090800265836487,0.030612670834497244,0.04811834081335078,0.022164777534151584,0.024361767212860465,0.011066128224373455,0.044081979805735534,0.054729300481471836,,0.04192927097594753,0.050093925983116294,0.03016446184782461,0.05769224449617942,-0.007084247405241443,0.02646130302303416,0.03944779895071684,0.024746868888512696,0.013357716023896193,0.029833615710456646,0.04350139152459591,0.04215634691917538,-0.0033948693566093237,0.05619496837482838,0.02753579458557603,0.06283432835637909,0.03624004957826252,,0.0048180868137676055,0.013958002327709815,0.06110933703051425,0.017217429515004656,0.03746616904014074,0.03248686984561061,0.036280375325626904,0.009340005107821743,0.04742360214887694,0.02705962264316118,-0.011974240330838182,0.0538007474787285,0.013127597284069682,0.041407007640958025,0.06597247018552906,0.015670428810513823,0.056549248528826014,0.03604112079101622,0.026662681158690273,0.04537335655486799,0.020961911033457317,,,,0.05016682164613244,0.03223425280154944,,,,,0.037586216409608436,0.018457794915891446,0.06556998976272735,0.03709320182278915,0.035457606367299846,,,,,,,0.034959334216887156,-0.0056367024024606945,0.010677938191406158,0.011706023879748464,-0.006271376304731506,0.03132526258882929,0.01633346065007676,,0.03861164433908764,0.04218317953653087,-0.009529514173698444,,0.03304135125437199,0.03640728043886717,0.009476704700368672,0.021195299536055905,0.038499918286990814,-0.01849505332434674,0.02224119082833184,0.003551235228541995,0.042897930510031455,0.022702156630985446,0.036986691151159816,0.04349188138436998,0.016930975401137652,,0.02480502153620683,,,,,,,,,,,,,
2006-03-01,0.00874571421224004,0.05817664763320925,0.00041259788800714466,0.00945650593801853,0.03758971360422082,,0.03782255971512256,-0.001128496848768376,0.02799277178245291,0.03206215066607569,0.04623032814908685,0.013632940178380966,0.024707317018292794,0.016064039651888698,0.04265331260825961,0.04146902893156937,,0.013916274805606359,0.01508628548061363,0.029973753363783114,0.05033425377329022,0.016035074621083154,0.05594359558901841,0.041986639769503224,0.014958751068774707,0.015630475091500732,0.016267035191993486,0.03664884051509114,0.036819697789752484,0.0036436747600382714,0.03378878918055032,0.031458496212542396,0.057714189592349925,0.03906841716776829,,0.006626960431970513,0.016310828675235617,0.06038911882858147,0.024956762229861276,0.05093174542643226,0.02905605126972756,0.027345396347800043,0.0016405565558388238,0.07001412969690039,0.058036498681686005,0.0013090312567590788,0.040971566483163996,0.03456128236048316,0.03096174441564904,0.07262413120489203,0.0373377119941633,0.049470424229366865,0.018188806354735763,0.03387132096144019,0.04233776223267365,0.024363195364902054,,,,,0.029857882075529422,,,,,0.014606837512152875,0.032934423675391074,0.03342593690093083,0.0289624507201317,0.01836795001072757,,,,,,,0.02310580401242206,0.004123114417572896,0.014012534757434001,0.014844678976034708,0.03973400381958064,0.028684762112667874,0.031126712666155087,,0.035229054076512674,0.035095169033772675,-0.0078775105259711,,0.026836305248217392,0.03411196453248551,0.014531529509731135,0.026120848556354336,0.01829761726473488,-0.010098618011166752,0.02785485498004689,0.012572988076279606,0.04173299274846893,0.040532811167881204,0.03750735958626932,0.0396981503264688,0.02255755403726924,,0.01819357684551721,0.03748682859069257,0.020164969901621848,,,,,,,,,,,
2006-06-01,0.006889431189731891,0.04572042084613221,0.002382069099185409,-0.00011683801509140523,0.023315095394981677,,0.029327407856741636,0.005198385427236355,0.016095813173615033,0.01840647355078189,0.03386937245968548,0.003489493031150699,0.018553427692079547,-0.005155892360821455,0.03280330944238294,-0.0013648107895124328,,-0.0029572158355624214,0.020765833843608063,0.017799528297999287,0.045384225668745885,0.008490663607086819,0.04131744403641524,0.026079696224053442,0.03325009914191751,0.04572897332741101,-0.010447257664602992,0.0261288600096041,0.025775881479012865,-0.002645961033334567,0.017562232778590328,-0.002593743547636433,0.04567787466602954,0.009076409187942011,,-0.0028903156623513145,0.0006671174468957682,0.05660742391077122,-0.003009847941860603,0.047199855660551286,0.02276176072587777,0.02349154325260538,-0.0004589475380385535,0.05621255895789583,0.04359884054880239,0.000575118104267669,0.053658451423175685,0.018762482496609705,0.01804684699910908,0.06612428669726528,0.0327652591760692,0.03601545077855631,0.032340710711852676,0.030486064844240303,0.029420873912281324,0.020127623318466802,,,,,0.020337530907344005,,,,,0.02403578727493176,0.0251717912066932,0.05456795475532813,0.024878280977373976,0.02754954000003312,,,,,,,0.023658338491553264,0.025317843371516685,0.004012101806251786,0.005729321027517997,1.6446061642835797e-06,0.028060493460094336,0.008371546363819078,,0.02516504658124357,0.03407120925888121,-0.01568436670646579,,0.03440200738208439,0.020082874183720425,0.004062095591246842,0.0207166049538749,0.0225577791552734,0.011588768839435118,0.03180192409646562,0.0029143292191689653,0.03313888579456428,0.02987978413968968,0.030496210751393832,0.034899604377810964,0.01416178942970896,,-0.004459460816068664,0.024761449188592403,0.01925619921415334,0.0032922118517104905,,,,,,,,,,
2006-09-01,0.002497902034728483,0.04791608662485767,0.024440262155444606,0.0033124300703999254,0.022697044570401653,,0.03832178872117154,0.004035403759877212,0.03390325822005632,0.0229107910625537,0.04183116524789986,0.01846984401905325,0.03600969126562196,0.005747963986921224,0.029978652484275697,0.03427867982656743,,0.038257913312175734,0.039526495312942826,0.016013033556437985,0.047955859987996494,0.017038554935975937,0.024388421708297078,0.03202924266462399,0.04153776922272363,0.02556053054407993,0.009511415160851135,0.032920363897777014,0.0287623221037587,-0.004645398940799904,0.021044949517977755,0.016836039004734696,0.045341957255541604,0.030571494525385365,,-0.0028460641261847898,0.018630004887259986,0.054519979090708486,0.008561783975618374,0.05093761923351085,0.021437110184107287,0.026165421456109544,0.005400197514127163,0.04671081703189734,0.06475805781757407,-5.404460964593238e-05,0.0485479983644106,0.02865510273555499,0.03085608727852565,0.0622420587934752,0.019506421386015837,0.03073858321688676,0.035053806634592045,0.04266732989854789,0.015072643131748385,0.016902221280974433,,,,,0.026045187572721052,,,,,0.037278815518923196,0.030976504249039458,0.047439039077077,0.03292345590875267,0.033439344941156024,,,,,,,0.020798796175554114,0.036044524893655734,0.025103701067168433,0.0074922797596436615,0.02775120050542869,0.031128049087728718,0.021479361739236705,,0.030411340084569232,0.025178053053912807,-0.01202848479743982,,0.0228955226395541,0.035114979820883706,0.023636522657587804,0.05506908359446021,0.008749472431200778,-0.007126469850708076,0.011801530240822568,0.012188213190873485,0.040104146296993305,0.03800628288058101,0.03615248308623008,0.03971799358044217,0.021251827067995128,0.0683647769772957,-0.004712962330854939,0.03613579230243976,0.022264965956161665,0.010320356080792117,0.057425542166555765,,,,,,,,,
2006-12-01,-0.003258724524421592,0.04909770105903486,0.03012575777871155,-0.001670939678097806,0.031382866928881564,,0.030786810729818304,-0.004726920578699434,0.02964722508695727,0.026851205332543256,0.03880666825307151,0.0054892434547014176,0.03388704428801439,0.012647330214705339,0.01988019288076893,0.01792680928589925,,0.017435645707789375,0.05069198913637155,,0.054774887480886374,0.018840576562959357,0.034181353953332036,0.034045330650186376,0.040750442246731834,0.024517029726926015,0.008816739712695261,0.03427754832596142,0.03345309241311137,-0.007151574204280503,0.0042291005944495655,0.029770476479858074,0.046253171438081796,0.02831193743635798,,0.00037016613698076647,0.009066514353563761,0.05580666004149929,0.018139580596442426,0.043211356287737236,0.008355143030914669,0.0295831627291117,-0.0018228400301764855,0.05574209217152306,0.06532943370449484,-0.006947750378338951,0.05314054928478774,0.03265244507687891,0.025444510539991336,0.06931651915591833,0.02265628825517514,0.03537497898171102,0.0372690412483974,0.03248119219266024,0.02103235777983183,0.016001193272356818,,,,,0.0323953050674589,,,,,0.03828735916054528,0.028967214905341137,0.05288348569300707,0.030454549110851638,0.036767072298974836,,,,,,,0.03283287569193056,0.03828830453434187,0.010287395719204888,0.011187461206447608,0.022348062861122134,0.030827917310911453,0.026411087629830195,,0.03004040281939835,0.027213349707962617,-0.003557992941993816,,0.03879416862601325,0.034522436905117776,0.01422217872038494,0.033994116464519726,0.03944774037429858,-0.004773545049275643,0.026551768320933863,0.015399143760831504,0.04712579340491108,0.03486679045989875,0.03385916879074777,0.030444841725130387,0.03114670548842076,0.07417388835575277,0.007200183879186793,0.03974477845193202,0.02486186762693316,0.018795695039749837,0.06625749305339763,0.0607807431453347,,,,,,,,
2007-03-01,0.007441723901229774,0.04280928874860012,0.018551444588900734,0.008912845786107286,0.04048752464227408,,0.042366859054826414,0.01203683125815161,0.027229597182079967,0.024297185133953257,0.01276328486561797,-0.004340907207749985,0.023934280690753575,0.009345401084587058,0.016087658527496333,0.01244735705114347,,0.011540779454768769,0.02275753666038085,,0.0401736203480329,0.032482013821342026,0.030668674767112224,0.03875418441836424,0.0447731679707024,0.023678850623422353,-0.0012075375544576628,0.03115534227412881,0.03578665436354053,0.0025033556367573856,0.01604282104267489,0.01319984257419169,0.04795689752619484,0.030834357204258676,,0.009577467139532243,0.0037118638142445487,0.051427971835607815,0.0118988454897919,0.04857934863772924,0.00582419623835356,0.031712189863119356,0.0069909045230064585,0.03661663571985605,0.06385724178078782,0.0032898643997668338,0.04802789439521507,0.024210327862915042,0.024043962562850293,0.06675673581916691,0.022284063422102398,,0.03523728679485834,0.04081922775235795,0.022249885336812745,0.014754291409212545,,,,,0.03478577214245724,,,,,0.03707375874837024,0.02729204959136867,0.0364387098503147,0.03077907136254464,0.02987945248437082,,,,,,,0.033492488692718064,0.03810534579396968,0.014686242490377486,0.0220449803440252,-0.006696284397981931,0.02868694782545375,0.03934480715705216,,0.03450690048282879,0.03413909515743482,-0.00017773302737003117,,0.02358706423770478,0.0326843200077983,0.035651784435449946,0.050726593768117195,0.032690348611413345,0.0179921508215225,0.015285045198155496,0.02184437241082054,0.06736951193471369,0.02965820062955629,0.03479906743537904,0.04782498233789337,0.024610344378814236,0.04484612345756777,0.007301774460008547,0.03055487903904857,0.0238294398624187,0.015232440761302018,0.06837537929510186,0.05156103258056708,,,,,,,,
2007-06-01,0.006848211976855129,0.03959790926604328,0.02946464889214927,0.0019297602905801012,0.028454229759426276,,0.039479922728468786,0.004602918774214303,0.03484509920182438,0.02636503691005359,0.012648926600351466,0.0045363422716880025,0.03074659730308542,0.0006568966789611597,0.006706269898340659,0.02053004201400028,,0.015558753882619488,0.0307644350748126,,0.05191394503869807,0.04174107259260808,0.036715361971006895,0.03408858416295571,0.040088803212231655,0.03386294535211303,-0.0001736333826588065,0.03232993267080515,0.004273318679760202,0.008571150814460029,0.014304544095074447,0.0281110108821438,0.04802401219497832,0.03439551502076882,,0.002645652801390291,-0.0015551303136579716,0.048499413358276434,0.004600495222250636,0.04701285401352813,0.014460249980878146,0.03456569319176154,0.004952991381458868,0.04631337363487118,0.05835690459044125,-0.0038162780656780127,0.05362075284934218,0.029437483962094686,0.033645667859175596,0.07121018514363214,0.03165346052792339,,0.03650054301374564,0.0674477090422821,0.0378613054996394,0.015874227887963884,,,,,0.021558416465317993,,,,,0.032269553849999334,0.035956898017656225,0.05626674584077885,0.036292940684510826,0.03931461357907633,,,,,,,0.03915609482529397,0.032712848376006735,0.018846197673685162,0.02681983312289122,,0.024452650932313805,0.032579429218606897,,0.03598352695177469,0.04125267313786008,-0.0047129014621467395,,0.040525256246244125,0.04037972257875218,0.035368796348877816,0.0459841367196438,0.03735004129185523,0.027390147948313338,0.01850913532647693,0.023814775958541604,0.05498851244224051,0.03340806939073114,0.036781169794557096,0.03902421773687138,0.026348303129685894,0.06883046263820836,0.005752780644203466,0.023040502133505055,0.01617075615931206,0.042357163746052064,0.06811734505068588,0.04913255089216693,,,,,,,,
2007-09-01,-0.0015630701503529798,0.040709692649915724,0.03342670777437608,-0.0007147637562710075,0.039095182525693495,,0.04228155008629982,0.006189544390739526,0.034076986411863956,0.03130232935020507,0.03681692189319335,0.001434802505230843,0.027243387384489975,0.020806853406259814,0.020308815104048847,-0.0010985058075406115,,0.014754742616173514,0.03737050533986266,,0.04272404824907706,0.029098157586595414,0.020814159719751715,0.025144287773465557,0.032759909034661014,0.004979376869791943,0.012054532984992615,0.03683956944851177,0.013950355585433314,-0.003034704750407614,0.016313131259446258,0.015987164517999627,0.05267494327104808,0.036009800505165376,,0.001419523289837738,0.02412299111498002,0.04643836012531283,0.02252677855513603,0.042290651830786265,0.028648384523562758,0.03638753306647794,0.0013913202444665613,0.048396920188632786,0.05283005178660357,-0.005945238444112103,0.04538234692281338,0.03476178992379338,0.025164940531622392,0.06994981880321852,0.03733885051609676,,0.010770347309589876,0.06383875975355446,0.0411606561688991,0.02558477555965096,,,,,0.018604840121539776,,,,,0.03676443734069317,0.031206951626348668,0.04592230631736726,0.046068577555728046,0.046387821989356974,,,,,,,0.03380178095885274,0.0393645988346632,0.018084951138185635,0.015259572323937275,,0.03221388237268527,0.03241805245930587,,0.03857462168255682,0.05529218423119672,0.0091949282233756,,0.04406727669639666,0.030035843002921166,0.03154923736282372,0.05323168854524108,0.0340376432925116,0.0007736218286744187,0.030763444828661647,0.021208242770195014,0.07287088114203541,0.037582912852108435,0.03266239530865319,0.04204137202122613,0.017685744350479714,0.044177912904354855,0.008699315348504912,0.016731996066069763,0.006552895932353444,0.010666156640210023,0.0700959308710268,0.05007817938941891,0.05351242531547836,,,,,,,
2007-12-01,0.00859401518408074,0.03138302858443805,0.022275216780491748,0.002407210750360761,0.0439571029172724,,0.04186860120427883,-0.002461564229990898,0.04164939582259303,0.005847151417025652,0.03887577789471043,0.01302922530661973,0.03958517914866468,0.018955464086168418,0.01606961077978909,0.060356505790211845,,0.018546352033980015,0.047365529681811375,,0.060479317177056416,0.03641618584674074,0.017994009742588597,0.026718188315801545,0.02449498724932746,0.03508448280347736,0.03479244513938539,0.017356099247061166,0.06088478848786656,-0.0004982911448228753,0.01297230913782195,0.020514930355630016,0.045223495964251834,0.019544280097331276,,0.008818465561989248,0.030749432975469285,0.05263465670790165,0.0225931508128747,0.02946258922479366,0.027748283304542536,0.04153174762247355,0.006576082011644779,0.058456642579122337,0.05916423995073031,-0.007563532395750971,0.049074196391938926,0.034571781525968646,0.03793706014889674,0.07329846759531035,0.025262737670111828,,0.03993011507875413,0.06016790900665295,0.011227364080059277,0.044838932614523784,,,,,0.038009043878703824,,,,,0.04224819378461248,0.04053026450844891,0.04349429979780523,0.045054862294266244,0.045347147931822186,,,,,,,0.04107048527433989,0.04410987625429332,0.017897397440447316,0.04174120394178644,,0.011674554544285233,0.033288085737175926,,0.04072858330618173,0.0328813136545718,0.011539728924635841,,0.03134542447656528,0.02949020710427586,0.03520009304270193,0.04966298529832305,0.03410041005854209,0.0005708385160726831,0.0176035462940509,0.024013119024431973,0.06782811090953697,0.019649191257468373,0.04318211697280352,0.05274831877661044,0.02805183706629415,0.06184954400937546,0.0013708224566836352,0.012185742691697943,0.01059800257281149,0.030711390790249763,0.0644836352476715,0.05303656026256921,0.0654090888698059,,0.03453447312982031,,,,,
2008-03-01,0.015390757166583112,0.015337097849584874,0.03438429348382766,0.0005632234887508084,0.022060789313600133,,0.03912766266344697,0.03141394772887972,0.027469417131212405,0.039609239394473764,0.04056731349906112,0.027487306139398884,0.0230444663560017,0.010568896870817386,0.00984038346174429,0.06298032784184594,,0.02358476318388387,0.04460146729505779,,0.05898865602690322,0.04192601393856493,0.04613810063213655,0.025197092296123564,0.026442967320004174,0.034506526260113,0.019249717539743846,0.013185381168732049,0.060693384201422784,-0.004697927966754857,0.016956768055230092,0.011103295420589047,0.04095751016947493,0.02960726136245463,,-0.0013931710905359075,0.05240408551212876,0.05074254927986152,0.013648813633721642,0.042193259805701794,0.04142342223163462,0.042223861685765064,0.009505411512083582,0.04475925540968535,0.05235197514424862,-0.008851015020607056,0.050068077353224424,0.05612581146095882,0.03611261930408463,0.07059951830515304,0.03974569654776506,,0.04169015463688406,0.047463486262216685,0.06331941127984103,0.03227798281504919,,,,,0.05608144664488586,,,,,0.03698768687186198,0.03999414391010316,0.029335007322952286,0.021265891380043908,0.03460786286783613,,,,,,,0.03845510695829404,0.03985115491656072,0.03387375287288062,0.04592821574073289,,0.037869595148373604,0.04286918707578272,,0.03612033539438969,0.04429043793417292,0.012521170279599224,,0.040922350961556185,0.022368112284285476,0.04337767096839824,0.053850499886604064,0.026755049838984996,0.011354361166586837,0.003417231571614586,0.026659244385124084,0.06078535123358515,0.058271957649502014,0.019241136886434484,0.051965775513951803,0.03043242908996188,0.04484418387550715,0.031083288512096567,0.01723647471406996,0.03179556654232599,0.018118964274561947,,0.04444429922469971,0.07006549652398056,,0.03390633199220896,,,,,
2008-06-01,0.0250054697739167,0.013101508409896736,0.033568227485652774,-0.0033160619035994764,0.008438113962014108,,0.01482399520083906,0.013914432189228887,0.03437994249440175,0.03580443853292469,0.05232280629561606,0.05195352832370876,0.05235199196324223,0.030335037949476954,0.011462730673526536,0.03965003570628255,,0.02146811904787938,0.024075852463038703,,0.05696221788809401,0.050982836031849006,0.04364509647826364,0.03984174761257139,0.03666412717095433,0.054495987947252376,0.012621008122702497,0.0054020135634652924,0.06320044530776121,0.02054005359058881,0.03640200976803699,0.010275753466349296,0.0680292786735803,0.05122732849069929,,0.004975103337098152,0.06877751192561,0.056945386404860805,0.033794407737564924,0.04180615825064981,0.031686138889061716,0.04137696168291687,0.005100141469103131,0.057377870542209476,0.057954986626653396,0.02926072964676144,0.060732786644340654,0.05689016139626598,0.057870935492600056,0.0727752898061345,0.03446510845459698,,0.055212776855032085,0.06896927520041722,0.06341810002998002,0.03248650408903233,,,,,0.0688764536038734,,,,,0.035161368520001866,0.01142458567476167,0.05287920122463971,0.043059117590249565,0.03785983848432683,,,,,,,0.005549985991785154,0.03902910895970677,0.023721353620632102,0.04607089538545947,,0.035158833028927944,0.02427407019428263,,0.03643902744782668,0.03700720184271551,-0.0026962454231487217,,0.026205966617381945,0.03791103202012,0.0390929351839889,0.04307394089219305,0.010062419975281584,0.020753159987044807,0.009312183438168834,0.03063071793196803,0.06788010324622493,0.03726383320602949,0.03350540075196988,0.04093912679069734,0.044776685693646616,0.04859923548223942,0.03749639234885492,0.032708254403655726,0.017659984010535427,0.008810863304194628,,0.046550731682723175,0.06272557285944001,,0.02661656065569045,0.038283474124552436,,,,
2008-09-01,0.011079061624617737,0.013988248862467342,0.030221686444718426,-0.01119252333388391,0.023165288597312296,,0.010250879351821857,0.024149341348699487,0.030789949602748754,0.027985645909872677,0.05514748984888577,0.052991165218384005,0.05332704726470576,0.026994181856108114,0.026780619428371878,0.05587139533361991,,0.027146614949940074,0.0392963450157815,,0.05275050433042035,0.049146424852048884,0.0369710043732428,0.01166795857345139,0.045141448281030463,0.030703170949354194,0.021087975538525944,0.04337304948966221,0.0618963669148834,-0.0073146542551720236,0.03652029672066143,0.0279803983087597,0.056456797409789934,0.05049897870632144,,0.01696500057947158,0.0504487526588964,0.051978574655980464,0.03056817208209704,0.04171570132035279,0.04538873274990884,0.04078865592127568,0.004160459572646,0.05963010671801125,0.05640857959705006,-0.002341234778665868,0.04958747045729448,0.06217247561532399,0.04118253021446693,0.06867437958913225,0.032348529514809814,,0.053798813511115144,0.06524699106360121,0.06091872227595318,0.027689805031266203,,,,,0.06637698486886631,,,,,0.03204927617493539,0.003231714389697202,0.04511091640546809,0.05203151602628378,0.03693262643340533,,,,,,,0.03310630500461784,0.03713190579925894,0.027864610481071913,0.04276740028422608,,0.042489022024484596,0.028816325857379255,,0.013499849386951075,0.03936092873361985,0.004911015737195274,,0.044529617478504244,0.04579562448292522,0.0391241914158679,0.050480766283197476,0.038670903621976935,-0.010141113081154306,0.02040104664497675,0.029199542506431756,0.07240770734928154,0.04835829337519293,0.024131522451649446,0.058820225576769664,0.056815419316525805,0.049823539706418875,0.033191049066122545,0.03782067353601626,0.042990408264083825,0.00816131253518259,,0.034362583087977364,0.05749941059774828,0.033097763293088465,0.03145043346415284,0.03553420141362002,0.027210711220361596,,,
2008-12-01,0.02465081977555454,0.009847141740455463,0.03353835402384736,-0.00011684842949475423,0.0013932299814467994,,0.034673487919852336,0.018647911541009244,0.006580724741669395,0.031269622346407025,0.06179128433222424,0.05293361790618501,0.040634624874907856,-0.0014324260939752188,-0.01194445964021854,0.054546277037905905,,0.02628051260099237,0.026312469031279782,,0.05582598614247046,0.04575659674375039,0.0202422000882483,0.02030014585288089,0.0429884981461145,0.011819168081824927,0.03420261381504707,0.004193202124328757,0.06039293639781999,0.014424320294521162,-0.004773754112773194,-0.007493495631096949,0.0259792422051102,0.050673545987167924,,0.014763711961052528,0.05698681976776843,0.02776959732504382,0.005181605282660416,0.028590264327482306,-0.006279786614862305,0.05205712378898617,0.008039163983194928,0.0426584204812544,0.03241824674689795,0.030232324154853895,0.05010122012025743,0.056046951118292734,0.02012394967215358,0.06252135604155423,0.04432668784168918,,0.06443789114076845,0.05751474045940266,,0.021102543512462723,,,,,0.06278716803906931,,,,,0.011635137544737394,0.032923120779471654,0.04568560031091744,,0.03276162331185042,,,,,,,0.03582424684565168,0.01062761225369478,0.02986271693728274,0.048669449591498305,,0.04224848018513369,0.02013124160869541,,0.03405850087562973,0.02713498571246123,-0.001890969802769914,,0.04150661467007551,0.025809216929711113,0.03487457631998256,0.05575103383667902,0.031038548816435037,-0.012456504492657944,0.0038584270263422914,0.014137974596997636,0.05463260356577724,0.05514129904866588,0.02699251010931304,0.06490218258116398,0.050591590098117374,0.05420243642375415,-0.007862085627529545,0.04510467406047403,0.03963846411085019,0.053558055050261004,,0.03381270114986914,0.06167339848159057,0.03899557154375356,0.05392440932682629,0.05491562695121486,0.0274275564907232,,,
2009-03-01,0.023250227916734083,0.014471366355812525,0.037505808528238066,1.6129340705208703e-05,0.005010330787584746,,0.013575102225992819,0.003457510533285999,-0.0002531344033960121,0.013416814688457224,0.05712963138999175,0.04240115423499735,0.052935246360044375,-0.009704054107669455,-2.9593883317163143e-06,0.05017936792795754,,0.01001864740876626,0.024885524713232195,,0.04886915394160682,0.04892490593374607,0.05335782460926558,0.03502887482617796,0.04856022232511555,0.02777216956106105,0.02870513905169668,0.02908920401855973,,0.011578395889618736,0.020228115206569437,0.009895997834871757,0.054508793572448526,0.050019865932987184,,-0.005342266187656859,0.05319480796120921,0.04638735604994628,0.02340630911022993,0.038471172933620096,0.011620336681665283,,-0.004865761892958262,0.05655389183760082,0.025143320744941678,0.019642386592485742,0.047535955558334765,0.05452359703131445,0.04307945055870247,0.03970635714766212,0.031934799651189304,,0.058938001645279604,0.058511371653818554,,0.013735205369192207,,,,,0.06184485010643804,,0.06755823594115888,,,-0.009669660783795893,0.02007358370286811,0.03977728635879107,,0.01839980274753998,,,,,,,0.03506042336159749,0.022516753433360525,0.03509786728276707,0.05073440225045447,,0.045908120671340556,0.04855657428558976,,,0.028817943045828423,-0.007093988584065418,,0.022100404146890244,0.05446571933495118,0.04195709717428471,0.05672047486280177,0.023710504539644947,-0.00924196899364574,0.026367755301823465,-0.0009460551984178095,0.04275012033642105,0.054900129163246054,0.040756875564314725,0.06186993191348408,0.045057356748310795,0.0518575654997795,0.02190366310694856,0.028985335386212143,0.040272120764953526,0.052807132092229925,,0.058247677700874315,0.05606734391019045,0.026941696111029857,0.05039138135177857,0.058395516928700465,0.0418232811786591,,,
2009-06-01,0.03798780352604524,0.03914824069363835,0.02755115104619205,0.00011286782073581511,0.012020139518659776,,-0.006598551836044143,0.023307181006672763,0.013639436077471333,0.023548012541951154,0.0436044303994578,0.03891871703473939,0.028703064586909143,-0.023348640570158376,0.004212288163993614,0.037491471249379765,,0.011939209105169844,0.028764870779576412,,0.03723262927722414,0.04607487466727775,0.055458271580881846,0.03909761030665289,0.038315489215713316,0.038759346509118504,0.016857080976383835,0.040664052789409016,,-0.02181418600454416,0.0159123028628351,0.0038858934618860182,0.022291316500525505,0.039375833388578724,,0.012017747886053663,0.039082605711699914,0.04691522527477779,0.04010063573552663,0.043378835301493675,0.012273348043574238,0.026362338839227492,-0.0032356176351466385,0.05524030486149626,0.04788966885764002,0.022010782333144244,0.04523999983063865,0.038857921612752803,0.03211976757564923,0.05255461482366498,0.00170361638415847,,0.04322463845153694,0.05605714635191806,,0.008341139921758771,,,,,0.05213360697319353,,0.06375391302685852,,,0.01579156766937348,0.019468849750612617,0.029730486276196705,,0.015248912267043759,,,,,,,0.03265252292209699,0.015589638017836693,0.03163967717402338,0.034666932379810465,,0.0513225740892162,0.024855285658694343,,-0.006441735997206935,0.031886416190644945,-0.01886876868538169,,0.037463171618558604,0.06380191690961405,0.030450845072068394,0.04999179493929766,0.038003526588295145,0.0032313103563421856,0.0465659706000601,0.0005576541096763073,0.05804556517891315,0.04009082224439693,0.03382453706816969,0.050355435415856,0.04182938440011759,0.05068426578447098,0.0024798427175687647,0.03534977344155133,0.03406251862870277,0.038366575444938,,0.042633721191415175,0.048093306169931974,0.018731620489647317,0.03925144599341931,0.05031365284410664,0.03611623654345028,,,
2009-09-01,-0.007321294040412833,0.032073306964365694,0.005562530900005086,-0.014143681454327716,0.01657874200579133,,-0.015492764252683514,0.004572912779358842,-0.0026496219574597877,0.0019660631840994454,0.02641090898964908,0.02504348337625587,0.017428871924937292,-0.03785913184200261,0.004636828005729563,0.015177720078406412,,0.016066434251254914,0.026493734360566817,,0.022502159760891188,0.031178601550354918,0.050397267198826166,0.021525650409515477,0.02414699250999917,0.04278987510985712,0.013733131837091381,0.02345845700751812,,-0.013466552713283246,0.019395397191404314,-0.017163448987569975,0.042819681952822285,0.018894398418873703,,-0.011341538391106057,0.021569064014931114,0.03868804980519596,0.011806474907580234,0.03833122229499374,-0.028636220811501616,0.00689030476519852,-0.0211162438482722,0.0444056981087966,0.028496351482649798,0.00222439359262246,0.04219395517644193,0.02740055037788568,0.030027009416422973,0.04431819363182222,-0.007942005702220228,,0.025867961821920023,0.05898475184177427,,0.0013121519692598457,,,,,0.03311022764456604,,0.051128441629715686,,,0.0038528107054992167,0.005294545007024657,0.04297549348052337,,0.002976524733435799,,,,,,,0.025450008431753424,0.008456207330060394,0.026565210394739025,0.020847015394672763,,0.03561655841529459,0.024694118613760297,,-0.017502916929310563,0.015633021242207525,-0.028364706410442395,,0.011532343672567835,0.05844704270024958,0.028684170347845695,0.048925585722482186,0.019276551468576722,-0.0006048513025724741,0.03632543296619605,-0.013593092575283686,0.04772642535442899,0.021200162709608124,0.01705882079131191,0.030243610048675484,0.03841524378899161,0.054336358746413016,-0.003313023982732604,0.013010224769169531,0.00842607195171279,0.04430240360481741,,0.04152885329373466,0.02639047383811279,0.0015839768533985861,0.03618009057321368,0.05246230545660366,0.03038063697471144,,,
2009-12-01,-0.00400514384900595,0.016651704732322425,-0.0283266705737758,-0.022669773217683133,0.013229685820012698,,0.006562982863611195,0.004720888156871486,-0.026190913710738135,-0.02363397010722577,0.011415013726649435,0.020886586631107776,0.005573812919061284,-0.02951169866156278,0.012021554779998847,-0.014590267226231196,,0.008589158083654833,0.02181068702906262,,0.008694063652476644,0.014405597108039778,0.02431643348944687,-0.016694679349729177,0.005157707009540261,0.022949603492695772,0.020218567340234236,-0.005459092090163228,,-0.018741421220996157,0.01920695074877023,0.01229041030852318,0.03691971772003884,0.005283006770171577,,-0.01285303067564422,0.02695063798095026,0.03185937661475218,-0.02159216561733557,0.03155110024038502,-0.011244261138776612,-0.01573389512044507,0.005053422205239172,0.045584729823815257,0.028835968586179473,-0.01892438423117885,0.0408871468655184,0.023175742178835702,0.02725559414117148,0.0526702923571516,-0.008242509339164818,,0.00886393445081168,0.06052166433469464,,-0.011661990010748103,,,,,0.015758408908223453,,0.016631725424790484,,,0.0014084255644722483,-0.01783705987498888,0.025218341543211852,,-0.009810404368760881,,,,,,,-0.021284696333606447,-0.0024883812308542845,0.012472842654511894,-0.012953055319617586,,0.002082248385450457,0.005930970922809186,,-0.012571031481296499,0.025778214750212188,-0.011164773219334866,,-0.02712225236812278,0.023194193271186537,0.03459588484104571,0.03942178358820005,-0.0062467418453927715,-0.01562991124461365,0.029703555901986096,-0.013370814852838897,0.05166146799438659,0.008682267977507915,-0.002812854199057346,-0.004640163911976206,0.035029818087782376,0.045325491435264216,0.008097086562777939,0.030250308395507974,0.0108019757817384,0.018499212209622386,,0.0365472005720517,0.013856639142090111,0.004446379598188554,0.021687225830240152,0.03613654093696226,0.010587592284055487,,,
2010-03-01,-0.009330086518720518,0.010931774773272441,-0.07401442409504816,-0.022092514744165806,-0.0045548004143787825,,-0.02694261956914603,0.00890364715678853,-0.07907977049180834,-0.08222719220430463,-0.06762501156769934,-0.03902344175709707,-0.06078270319594212,-0.0445534094006512,0.0007595787723426846,-0.06969767140088359,,-0.010959701521645979,0.0022099669643629587,,-0.06198150886448319,-0.018533988441367267,-0.013060913062482688,-0.041711141407920954,-0.008172081330668896,-0.017548883909122633,0.01503048199548959,-0.07220347628817377,,-0.009958061153047764,-0.022600867529494317,-0.05598560482414611,0.024548743300846908,-0.06278967807473995,,-0.02292414837094971,-0.05403255714065709,0.02071189208709868,-0.07198618773973876,0.02107635322780094,-0.023657552924736164,-0.05123536127847743,-0.002315678174089025,0.04344719741452731,0.007231977311930697,-0.07075272389572426,0.03985735236793598,-0.0397225420423191,0.010188490871430651,0.028072214706941042,-0.05097959679877164,,-0.05776445061526709,0.03523836096374135,,-0.012973381848394685,,,,,-0.05200809896593528,,0.006242651033993384,,,-0.05619279686117504,-0.013565635685560825,0.0181948225362301,,-0.022692201950016987,,,,,,,-0.07411970823918629,-0.05466695920582954,0.0030413220433163344,-0.07236986268285273,,-0.04395331097542013,-0.01126676835468842,,-0.05285223567183049,0.017668084065483317,-0.0327816159975527,,-0.06177333101346078,0.023928703451706553,-0.008522455508967977,0.033796607655797166,-0.0654306025456026,-0.014412743325430475,-0.027386325113583392,-0.034071311670342434,0.019271996665183203,-0.05546290520495509,-0.02826317336903049,-0.029090255139583836,0.035375854323056656,0.010529229129413733,-0.007547376197654484,0.01366200999614718,-0.01504568471480814,-0.034358234491094646,,0.02636947254816995,-0.06780828280419972,-0.01814733516443028,-0.006087232885139825,0.02662827746979318,-0.00011150787594018978,,,
2010-06-01,-0.010388074743974508,0.0090098142320974,-0.062426090852369685,-0.018321346475600225,0.0036162509922347276,,-0.021698351584292456,0.0025765618937862505,-0.12086905452218086,-0.07327463689886099,-0.13090015688560888,-0.13596495919367318,-0.13100379255643144,-0.04213677453517954,-0.016052783153477548,-0.13483530644781488,,0.0048741870695554875,0.010252304018395915,,-0.06895739082105488,0.007469754057706499,0.029985556029701908,-0.02561406363203754,-0.008296772860699658,0.02846688155235288,-0.007393158158004522,-0.029137038011851715,,-0.024733239112792908,-0.02281975189331791,-0.03706147012430053,0.025774093724160334,-0.13100379255643144,,-0.00406470289847877,-0.014559426295844407,0.022981597291471603,-0.139019128640927,0.022412219594499613,-0.048346674321770526,-0.036581516390378536,-0.007428262873994043,0.043588653177103226,0.0013059120364636858,-0.13636318976003964,0.03162765506310923,-0.13090015688560888,-0.10203850453828495,0.039923279877251416,-0.036936955072942396,,-0.13090015688560888,0.049387437646081576,,-0.06426136077390417,,,,,-0.1013908482041665,,-0.03134835605389213,,,-0.03628230351011248,-0.060286772483562956,0.002986536722747214,,-0.036164143410972356,,,,,,,-0.1274138199276034,-0.024887055290316932,0.008288410386271653,-0.1343470439076337,,-0.04593885829925409,-0.02183178960619221,,-0.037016242973443775,0.0036576212513816796,-0.03798459903003651,,-0.023709252985702572,0.019773903063829954,-0.011596720173855367,0.03264684337844001,-0.02311056000227066,-0.022191720163238438,-0.008817554839294152,-0.030313406599839415,0.017320570212222535,-0.11070778333544501,-0.02178929370937776,-0.016389104893004644,0.011698012471704466,0.02971233522428176,-0.018452465818695054,0.010726435100143145,-0.02204762345092829,0.005066082922214176,,0.020564194764749813,-0.04743846284374459,-0.02850905809780387,0.0020887247915158777,0.024128592025164056,-0.028545181981155774,,,
2010-09-01,-0.0009113190963611277,0.023322194832672644,-0.08378757915935617,0.005007422619966381,-0.007072392945055371,,-0.008823418910702955,0.005827549369726053,-0.04569347450777157,-0.0196334348665716,-0.054944083253776095,-0.00995873487550377,-0.04780448871839945,-0.038609904448977446,0.008632666723701526,-0.011419329988082276,,0.012364674262083474,0.005498095080897897,,-0.011704165561449785,0.00390809030493319,-0.0395306740068121,-0.005266012265367771,0.008902652475195661,-0.01984797322568073,0.022910942115005422,0.02161511693740011,,-0.01238688276753199,0.0077551327225880715,-0.009587665122013382,0.04118874327367671,-0.006632370261218943,,-0.007383354976090938,0.023901731248883652,0.016867627711029412,-0.0805501097002552,0.013206181324628613,-0.022136662264505943,-0.00669016221879232,-0.002370180331960782,0.058017993037414686,0.0220396289453858,-0.06879717695376893,0.03871040366418825,-0.02323633648183426,0.020720155818405698,0.04977335483373981,-0.0344053550593474,,-0.054944083253776095,0.0605912938294329,,-0.017613622925474772,,,,,0.019381319923130212,,-0.024555996252463852,,,-0.012934271603041054,-0.03268914262823735,0.02852324267935753,,-0.014820002286060771,,,,,,,-0.03602566032619158,-0.010915547087804827,0.0059682684082050415,-0.013312384348343274,,0.02818808617777967,-0.011358243480782505,,-0.05103441700900333,0.026974744778739262,-0.025027704632657254,,-0.01514112421274939,0.06512677454419705,0.01676042725774619,0.04821562303508407,-0.007461485645089873,-0.013479554452994667,0.0022461764456427535,-0.01950848688429237,0.05780127362970122,-0.044183712039388374,-0.0028269440230661367,0.021850156065490386,0.048732110792846985,0.04160338118405942,-0.00611265242333217,0.011085726764954833,-0.0057698506224575325,-0.006248159984906579,,0.04287069564220873,0.0329187313930762,-0.005928228876204448,-0.014694114424771403,0.04777055277425519,-0.006764461939343268,,-0.013459089075718977,
2010-12-01,0.0038436441117362524,0.017408746340963427,-0.04436604795794184,0.021806962758734387,0.0033245246334308834,,0.008980686038937287,0.016335118735162933,-0.014036604087685402,0.004941134240087912,-0.017916487551363127,0.05832592540772115,0.0012196108729323508,-0.03879128534363144,0.029156335453744114,0.040878153790690576,,0.0007481048384907636,0.01794411692272928,,0.0637877089731882,0.01737278287947972,0.023666547280871683,0.018857843432623006,0.0037057599126462102,0.014128119795190268,0.018562169686368955,-0.004136975329216232,,-0.01460266341536561,0.020927244799265957,0.013884196313270075,0.06544985700907074,0.06612133437849398,,0.009685520973736086,-0.010665159502040162,0.030126610525676317,-0.03937280308857543,0.01784586024885135,0.0031972232035299363,-0.00549559492058142,0.003283320171212173,0.08026841906801788,0.04158322821799107,-0.004652470951144589,0.049583074454599,-0.006866225130039936,0.044614662548036005,0.08045546773736915,-0.0029702880310064792,,-0.004651396569276734,0.07248498877106217,,0.04189768277234276,,,,,0.02194619274090931,,0.01780739025428183,,,-0.009183488488402431,0.009972167053131923,0.04972860856330497,,0.005940528496415191,,,,,,,0.02773294644803808,-0.009270322731725325,0.00460889819502121,0.03175698875618606,,0.07354601752936953,0.00046312422986676324,,-0.025341023637932645,0.05234497491369941,-0.02791057052318808,,-0.004754922745502672,0.0828998691699223,0.026584287622024385,0.0552577973188164,0.009122103301439992,-0.009691247339908757,0.01463358465493763,-0.0153745909677316,0.07545942696742727,0.057636648186759995,0.022077515676842126,0.06427240873147338,0.06135381046674272,0.039275847389349805,0.004467533955174414,0.028394533415239145,0.003893055351250109,0.029325069223761435,,0.04941907822148632,0.04478587919688251,0.01894449971444057,0.0036204224322240294,0.05133259379304167,0.019994277972874654,,0.03787401349044358,
2011-03-01,-0.0012612970863255326,0.013545039664876834,0.004087161303575044,0.006056056960728839,0.012468862364609175,,0.0023715009812490624,0.006858129837930649,-0.007417793783199914,-0.02487174215313005,-0.022654069289648193,0.06146048790606173,0.031028781478753174,-0.04026810052176352,0.010187169016995084,-0.02284143227297871,,0.00932275435461187,0.007013540184262232,,0.04348698711963437,0.013909540733937692,0.015818222666771905,0.02271399177509462,0.01572689246879425,0.024617758583404335,0.009126860981833122,-0.021293546622662543,,-0.01736888896406053,0.010236991662730574,0.0023142136539238286,0.02877306484172444,0.06119294054536071,,-0.021960308931168217,0.034029341521075625,0.02833287931753398,-0.054953136452488914,0.01502832844088679,0.005068572562014723,0.01017513116874533,-0.005174020832799344,0.06602370299771033,0.039436901095650116,-0.03354719130627736,0.020614579798989355,0.04564979169336288,0.034206302281378054,0.071485397363993,-0.010497272654436484,,-0.020723988966932345,0.0581099239550162,,0.035348208159889725,,,,,-0.00499654333200949,,0.014551362089098454,,,-0.009045002121264021,-0.0022241680961420586,0.03506624469049363,,0.0012801921956479099,,,,,,,0.009145318386445375,-0.00960152596652058,-0.004188753174166684,-0.028240930995024106,,0.05749934577124915,0.018001885485498102,,-0.021446216193301185,0.051289775524008076,-0.02428873145514111,,-0.04132126531441495,0.07497831729034457,0.024962155478210728,0.036882807613425016,-0.03893576634391026,-0.01000447327104535,-0.026027448405515182,-0.030584147084432814,0.07195776509679433,0.027865001636979164,-0.03513525669967923,0.005777089808595041,0.03490902073655691,0.03970706099441283,-0.0013710169334913056,0.02104009637503805,-0.011181187494498064,0.029184254041514923,,0.05185375477598612,0.013253411273176757,0.017322655064293778,,0.06689269378387909,0.00966453834488753,,0.03996360641309358,
2011-06-01,0.013548781828921292,0.013094412148085422,-0.020043641432948817,0.01702034385588587,-0.007062161099369948,,0.024741229497710168,0.014454472055093166,0.002291409793556299,0.012155365767189917,0.0006243898493529115,0.04936173684593296,0.06763014291179875,-0.027570730697076586,0.02288151277894439,0.0575370801263488,,0.013422888696341234,-0.009557179347531182,,0.06646860384352678,0.013493535587761053,-0.009834318242340295,0.025879978518745482,0.027860353845566337,0.02616934503725194,0.0030681969351304735,0.06792450558927027,,-0.013940305313863519,0.014830649579784297,0.01507996219309481,0.020957291917684393,0.07575605205944243,,0.015614992052189927,0.043435305183166344,0.03832656839773692,0.01933495058793787,0.0027948379981769904,0.008730869962757369,0.022314370484403226,-0.01130976643535197,0.07399983603457766,0.047562881791562726,-0.0004659736942145801,0.028480202200382852,0.015959995945435842,0.035424805617090466,0.08042717896138354,0.012920616015837869,,0.01342274242020354,0.06474951744692614,,0.06150127088595204,,,,,0.021058862913322107,,-0.004535794815984736,,,-0.0045979969878202935,0.028369889283125286,0.02553080655174724,,7.207475054654362e-05,,,,,,,0.04530496683795384,-0.0008936939792895207,-0.0063956455862566874,0.05365553188104638,,0.05823947721747018,-0.00034829075302644867,,-0.039994578608686465,0.004208656856849264,-0.01527626835044269,,0.01032718228770766,0.06839277564856452,0.009909929404888336,0.02808284883017166,0.015613868590173567,-0.019885545209103857,0.00666563180242687,-0.013847554391560006,0.08094365642817739,0.046657659741572724,0.027537226679034923,0.0657593747924084,0.013046200512926744,0.03458041236933869,-0.0017298362630025358,0.018079113824558613,0.00022021958542301216,0.0010107313071201513,,0.02130067554631437,0.004597997349009973,0.02579144444062549,-0.005129977094585453,0.05559353941468822,-0.014450717142348619,,0.02056997793402434,
2011-09-01,0.005939602864561708,0.017430346942281433,0.02954690510334721,0.024899749729132514,0.012419657647190701,,0.0031091650401396703,0.01266720498572898,-0.0013256022218816111,0.007711173325662236,-0.015233249606970726,0.0547974982178211,0.04998050225302305,-0.014192651946839066,0.02342762772205139,0.046886384512029436,,0.00017721094429174497,-0.0031752177036847747,,0.060083097301422576,0.013642794603327684,0.015210472368819122,0.0151941014445265,0.016894835897810906,0.01471353428675931,0.011388125912323568,-0.030451314015683302,,-0.016080382331111833,0.02283230245780829,-0.007779046384472069,0.03147833381386198,0.06576978838676756,,0.0017194212048884832,-0.03476721692934192,0.03942582571332978,0.01120749577068965,0.003614384204076302,0.004426026789668302,-0.04401876730659173,-0.005563821969084143,0.05646649529932226,0.042050676555661665,-0.034635040253261876,0.03920063811029231,0.02648290328487746,0.033968180126571774,0.07149144248595855,-0.05550495346337073,,-0.011883291964192952,0.050770349020031365,,0.05195696817458588,,,,,0.0022278000538135754,,-0.004414927722514659,,,0.005498896135747293,-0.059673290695202136,0.026883980159003937,,0.005206974876487189,,,,,,,0.0068225679261999786,-0.052022916638959804,0.009410211041064457,0.04593439592818551,,0.05130384353722603,0.0037110810940664163,,-0.029356651629263486,0.04335597437652703,-0.01570511838928541,,0.01116838833163454,0.06621126394091562,0.01144505539046357,0.02947031883095825,0.011257798939545078,-0.010635632589506172,0.01635771312313658,-0.023641622552162775,0.07468458640219637,0.04487768212489089,0.017444972631440406,-0.02302155382462304,0.009965142537735103,0.020846627344419114,-0.010171601765193931,0.012784176376680141,-0.0001479829960172856,0.010254396825226745,,0.01256207623023112,0.007849332896743538,-0.05032594291298957,0.004710735344110128,0.037455216782666605,-0.009186430574893305,,0.019926257505238253,
2011-12-01,-0.00040581391009108267,0.05421577080421905,-0.03129575469172751,0.04296105607655765,0.017988453669464787,,0.0007814928994347086,0.01411797794227469,0.026359086855411842,0.012636303859158553,-0.017749539849990906,0.05879762493451006,0.06619724252190134,-0.023238051240136667,0.01841185589934057,0.06400463943634382,,0.013087649004891268,0.007964839609779437,,0.06094311798364382,0.03211284965935255,-0.026521559771258252,0.058583141160332204,0.01760916470246039,-0.0033054321176239866,0.017319693459447897,0.04390415340664813,,-0.005519200180495184,0.02395491359780905,-0.019880993234151628,0.052408540962041616,0.06233296315006375,,0.0030542537535883764,-0.0227397800362628,0.048968681304048065,0.05820552306943867,0.0158751911682755,0.03746694323115526,0.04680331756741898,0.00032567995860977603,0.07186664004543916,0.05278388198588195,0.046523598874025046,0.05429812987094555,0.043306093743033694,0.03959379212735572,0.07720753656398106,-0.022371213282718374,,-0.017749539849990906,0.0671027259903283,,0.05443441160063038,,,,,0.0388615756164718,,-0.018935908559561055,,,-0.04766089811257074,0.02088793254841142,0.0773099024886907,,0.0070877937453747986,,,,,,,0.032158181067032554,-0.014629108940854875,0.010550001530133715,0.06576860802430146,,0.018032307826304658,0.007751876237609169,,-0.05953886163006121,0.047567817287859755,-0.013451551868453286,,0.014138444225331125,0.07739865841003778,0.006615388059278422,0.03946724876666275,0.00863826552794273,-0.018661017320456948,0.017746099352094556,-0.011297037173201826,0.08433537433014399,-0.0020586557336885396,0.020059855878635315,-0.005238846441714842,0.01723704572858903,0.027524173480184006,-0.00528120831144576,0.029629872532611866,0.005659501362400404,0.04279552032807854,,0.04323017592657413,0.009387980305003867,0.018271976325873466,0.026929546036006956,0.04797666773540042,-0.0030537287534498415,,0.030969398420436986,
2012-03-01,0.00047107121772696573,0.03443875715663119,0.052002495970773784,0.04670457031646664,0.02238659272991824,,0.013095705016242071,0.018350002836268607,0.0352537400726189,0.03240605157100171,-0.01776811717552287,0.05632308929400825,0.0008162560445215601,-0.027330082773774893,0.02282036227895593,0.06255853873556205,,-0.0032193531179451106,-0.004350421734939106,,0.06409461562957439,0.028174311056785976,0.02580389409180471,-0.011042771645508893,0.03459210643487572,0.015893469387178203,-0.00027411803443251425,0.06788068767407006,,-0.01863929269834739,0.031778957881641874,-0.013779757340373875,0.030219384901339616,0.06331504992616441,,0.004561171212557692,0.012038631476601981,0.04455892741041332,0.05662470751531007,0.011799864084407094,0.02154308681987135,0.001713613723288383,0.0008950274325988096,0.0674461279375495,-0.00044068539847185616,0.06063465816174762,0.05299254619279866,-0.01935968314707887,0.035236702271265755,0.06543485480616729,-0.002980091961203839,,-0.024745435219091214,0.0635997880086852,,0.039551513815019035,,,,,0.01684586463030036,,0.014841500467263107,,,0.0014683594712087062,0.028279490603717625,0.059433583474427266,,0.025693554708957317,,,,,,,0.06276616038178381,0.0013849704447367217,0.006046965560897372,0.012456897147878267,,0.058734936309609076,-0.0034251387375716326,,-0.005281127198059367,-0.0010061038065517932,-0.014372969928567349,,0.0062690242982560394,0.07702521790496596,-0.0040064792642796575,0.03476665046488678,0.0007919368718249023,-0.03360610176100448,0.0016125993755310224,0.0017074840229303093,0.07982656644376576,0.04610743326119692,0.030422453038111842,0.06633030108836578,0.003780770079112209,-0.00191495547336889,-0.001385248903560677,0.029536347738381572,0.009349789222246047,0.03878772820313534,,0.041680708335508854,0.005007615903610424,0.03436293106995107,0.017643432792510072,0.02971549272409046,-0.0016347821942577698,,0.030730907868384363,
2012-06-01,-0.004637494362822732,0.020964234169271654,0.030392722576535386,0.03168275013932747,0.02001644089677422,,0.003463404480996945,0.016465382748412603,0.012100197742971726,0.020633259712191643,0.009489546544770612,0.06540965242392724,0.06962810516445078,-0.028683998294748395,0.003405947531034417,0.05227888924240154,,0.025578951733069268,-0.011390050188676464,,0.07154212642211409,0.05245545577223561,0.041598943259409375,0.034636335957700444,0.030160469957886803,0.017062346419075988,0.007050185082909898,0.06194963492274911,,-0.025146752353422896,-0.0019771389536657343,-0.009418293556846969,0.019641707988724198,0.07483080638306513,,0.0012487346149746674,0.027238017410593063,0.036321830807613524,0.027198817794654315,0.025161467858488547,-0.004563154875608063,-0.014921081693466936,-0.006067101951779513,0.06630688381588631,0.045183521917664476,0.055858380898648294,0.015588997689272638,0.05305113656085103,0.04384554535386699,0.0737001236323894,-0.00974237576796533,,-0.015138804090882686,0.07266942654712719,,0.04938369417010992,,,,,0.04805700942195532,,0.0062515319953304095,,,-0.007267446454914779,0.021252660987052367,0.03406716314759822,,0.012602526907005786,,,,,,,0.031839209233514784,-0.002231995676737652,0.010821100112006581,0.060204198534969625,,0.07901995308572275,0.008674439622730653,,-0.012471540718037397,0.06936626219534645,-0.014737516895430368,,-0.04072428238850347,0.08442968511814224,0.011377241225011629,0.04363097801770285,-0.04908326130326958,-0.005013204803551116,0.013812876311270044,-0.003779545976180507,0.08892994802304935,0.0707168311764804,0.028165152818607823,0.07102997649758705,0.0038005041528683236,0.030230074279801213,-0.008815229526783111,0.023604948731048892,-0.008613068968958188,0.008040355265793882,,0.044916343019264865,0.016436221477862174,0.02993219035280031,0.011935727696479055,0.026977227461565226,0.02056888113877645,0.06527215263404486,0.040029363365936425,
2012-09-01,-0.002060294083141014,0.034843355338523556,0.03933712998256197,0.024449777470636213,0.028405878684669907,,0.01118665068971215,0.024178538424319676,0.020197669944365542,0.03782878822171115,0.04024066112461231,0.05181672700967666,0.061944045307828724,-0.023637106706033858,0.001009570699004804,-0.026922521705240485,,0.011579303438621473,0.003462779158101987,,0.049847261674063115,-0.000661123564753878,0.013920469107712672,0.04288495687936074,0.01034763366060573,0.02891738005193301,0.01831251704446824,0.06202421578903812,,-0.01849042679846178,0.0024792615446170597,-0.01792763121715922,0.014337507281462193,0.05865260784483437,,-0.004457099584193284,0.02845669645270935,0.04188466104292993,0.04176595113578957,0.024709909436241784,0.0027916510124889942,0.0492451856125344,-0.0038068233693128993,0.061147948087582144,0.060092831476729766,0.04472204808230812,0.031820797405764184,0.046140615610518194,0.03726259946337601,0.061521149686490695,-0.02283331615943781,,0.03170956939558122,0.061094923147422965,,0.05306063015269619,,,,,0.03218011784713162,,0.026066884523979428,,,-0.007457377465094053,0.017863168146459028,0.03732271528102391,,-0.005841059905112582,,,,,,,-0.004298455854795815,-9.486310173335621e-05,0.015715209643438324,0.05933712447220611,,0.06779404629392362,0.004471675032644537,,-0.011649359813856588,0.05623691850253441,-0.010432205757054724,,0.028612087200935513,0.068969396774189,0.02517439335557617,0.05307502906200513,0.025851833735223997,-0.005237234191093695,0.023045859525165815,0.0051914031555414485,0.07773799684173066,0.05330392876533376,0.02873683970666923,0.058715105382337374,0.02033961662684909,0.02214820724849717,-0.007404004016587304,0.0223248595510189,-0.01151460531903417,0.023123239569324713,,0.04098660545984849,0.011396670280694427,0.025955835743111742,0.004096478342944793,-0.014726504348996328,0.021570204694989256,0.026321330762681092,0.033549186280024686,-0.033598033635791384
2012-12-01,-0.00039402631375471585,0.006899866476235712,0.03355997938849123,0.009135753552017274,0.010250301726264073,,-0.0208428796093782,0.012463506584121363,-0.00525840152583074,-0.016533347581582016,-0.01385832348445496,0.023482516867344073,0.03656339298046294,-0.025264182940347567,0.002191738008940903,-0.0029618629708593287,,0.0014389780837377232,-4.390888155951123e-05,,0.03450342856310537,0.028597236096047633,0.03178961567535309,0.005302395777433071,0.013556463951897602,0.014269917220505001,-0.0038905528874538485,0.02022032350382119,,-0.027612602103982288,-0.009666702406564377,-0.018742518181699058,0.006732721739271197,0.03447067468791334,,-0.016493188470431033,0.010423819108604137,0.03754315376261729,0.011554969962908793,0.010295437655431257,-0.007218580717438973,-0.060808032822280506,0.0004931815135092354,0.04464119808845688,0.03330009386115418,0.005557889148546907,0.04043314780095227,0.015001532489605512,0.023090128126863483,0.047503374521916546,-0.006065630576394596,,0.017920611619134424,0.04141861855605325,,0.02925536885470557,,,,,-0.01644703102054267,,0.017879993428171682,,,-0.004309639128572609,-0.00468890400818776,0.02237696276322046,,-0.007942118859786304,,,,,,,-0.04072241122528423,0.0010483872450943587,0.014349091431647627,-0.017554439875538168,,0.04529361233055974,-0.0022907493924683277,,-0.027268068484231717,0.02721044077835267,-0.018073393869135212,,-0.040377075545416655,0.05570313676995529,0.016265905602536063,0.03775823813124297,-0.047472674004325664,-0.02351394992334955,0.003010550119894806,-0.014722756955206954,0.058049920476062125,0.038412553655137724,0.021001006415873588,0.026365323945363485,0.015300397547566682,0.018502823897952148,-0.011539695109453673,0.01307428482403314,-0.02900014413530189,0.01938635766329544,,0.03146536587598819,0.008031622463486267,0.018226884598232095,0.014758757657866998,0.015738203461581404,0.013585028272667946,0.01022480415343041,0.028441798046232886,0.0031556867235195294
2013-03-01,-0.012918223609405257,0.008482697854773152,4.158437879873765e-05,0.010789834724117556,0.021639281707740834,,-0.008810844227278417,0.014408781540438178,0.0024158889429128387,-0.0011789644315580428,0.026283564170487658,0.04254195135402566,0.05725872771253291,-0.029950654569585587,0.0027635731217443647,0.03148148376163742,,-0.005063205535465281,-0.026112460442524195,,0.052587556012419295,-0.04946348869090108,0.035655737413359694,0.012015038657207806,-0.03354596494404373,0.018160097665560954,-0.0026676320958986632,0.025245124009288467,,-0.034022380242007266,-0.003338748859744628,-0.01556856540664038,0.00013007609698425257,0.05379445831658522,,-0.013411537054671801,0.015651156496559415,0.02982162028334069,0.01522980439786802,0.011772158669634315,-0.0002269056239921338,0.022117851809937014,-0.01213036410777532,0.05282730977146976,0.05850237816122657,0.046226868927546114,0.029630074589072394,0.0552494613300646,0.019345043500977724,0.03808514703306605,-0.0005413915086341999,,-0.03196391173550271,0.048916637219207276,,0.02841188552954066,,,,,-0.016026001634780154,,0.019100891229298773,,,-0.009971552973216703,-0.015730828800530075,0.021544863896309528,,0.0023733602542276135,,,,,,,-0.050296706670845376,-0.01878465715157201,0.0024304745448357782,-0.037265973660837226,,0.05704161336389644,0.014799271530045528,,-0.032582983333984995,0.040558556620375066,-0.02003759219389123,,-0.033771791595745865,0.061886370615820974,0.022594159205604765,0.039325194547515825,-0.06262650188623746,-0.07196568753272611,-0.005957484927217919,-0.017523568651172453,0.06877628395697735,0.03182206083164811,-0.0020207122681790124,0.05658688695842582,-0.005307561774030741,-0.00033673261822351986,-0.0017364918975583945,0.018177518889738106,-0.01833142091721847,0.016677023951792304,,0.04569157147221944,,-0.04090792136077905,0.02061212009525729,0.01243748088145806,-0.010121412136072755,0.010645079188402644,0.0008461010817955503,0.006774766608909082
2013-06-01,-0.01485801780937672,0.01733638466216481,0.03648606502826374,-0.06709422430781588,0.01969584536969388,,-0.00961284026090234,0.009863097536218729,-0.008365071348961431,0.01797487930839287,-0.01728006011179377,0.04356615754591821,0.06538893731761053,-0.019387516537657436,-0.0058670729709328065,0.03324054774381834,,0.020734395367884746,-0.02041591397947089,,0.04678098061102747,-0.008090998680991356,0.032539265939043126,0.026819305451481323,0.016684128759871235,0.013914507834088223,0.01645373407605572,0.04642150992109343,,-0.01774503755231643,-0.009695602907658496,-0.008776945276950348,-0.010392301814025168,0.03973605597451444,,-0.030933165693336376,0.010026162015406279,0.028552276976106152,0.025500743308762525,0.01807295343882066,-0.04127447921808841,0.03894438418481787,-0.0036354530737983705,0.02929289894981243,0.028521043772720273,0.021594697433776712,0.02187968897078785,0.048649663650519814,0.007689697600576093,0.060484218088615885,-0.0015325489341001081,,0.0037174134830347716,0.05925419835517725,,0.028287982453624645,,,,,-0.013725525925859525,,0.001612320494857728,,,0.018405986931622504,0.018560601427025373,0.014778233650525338,,0.006095474244052129,,,,,,,0.013129487346276811,0.0038768849450648408,0.012545451157582361,0.04326493408873382,,0.050076453045578534,-0.003613469804303869,,-0.016651498838477313,0.035324535955043104,-0.009931493815860906,,0.018071413346938365,0.06081575263503059,0.011194642286613479,0.03953558112550724,-0.06899255044838006,-0.001098771970332056,-0.031240650135985887,-0.014423072919333996,0.04350294873765379,0.04313352953627402,0.03206383781158361,0.06530838133704302,0.010356586814299549,0.016018558108079145,-0.009917676884470547,0.00441980955205666,-0.010234198361115235,0.00902174316391609,,0.03846364932352476,0.007980212132714415,0.03259456490432488,0.01191997941282055,0.010671102447498814,-0.004117605667568641,-0.009343115150262898,0.0200973969896194,-0.002541986321684498
2013-09-01,-0.0014154409906708644,0.012259052870828758,0.0318572720162879,0.007363129879592461,0.015304769641983955,,-0.012844773074585116,0.0062839910990605905,-0.005591336765711139,0.012168201322020506,-0.0353730354177809,0.029405941387082656,0.04228676262848377,-0.020433552359396052,0.0015160377354061238,0.02824919634664637,,0.011989453992560463,0.0028283931790433646,,0.03964175441499358,0.011890178373426099,0.014631288022575843,0.011491848477231776,0.016289636610395307,0.015579454282974293,0.024281605615489515,0.04388365250837116,,-0.020529357104585935,-0.008304715829903789,-0.01950984154532074,0.012982473352003613,0.03375109073894553,,-0.016951187225140343,-0.00409429734200137,0.027872368627088893,0.0042749251207471785,0.0034633966011074616,-0.0035728037353675657,0.010100155701196722,-0.004652906789501978,0.04763643159459421,0.026956256689689755,0.025400391219528737,0.035116367245325936,-0.029182485310499474,0.0047355923176715204,0.05313349861253584,-0.009279601417159404,,0.011349001422916567,0.04278006178450783,,0.02333846967252262,,,,,0.022322273608657593,,0.014584071150185235,,,-0.002744910531005358,0.003323815236265866,0.005897489966249963,,-0.0032936048298699504,,,,,,,-0.01360290751495124,-0.0008671038680584445,0.006044207917302583,-0.031042705152745997,,0.026998434926284783,-0.0003037316290775181,,-0.022465479345563515,0.031055986890990664,-0.005820669708365209,,-0.015541915654892768,0.04969342374287354,0.020202835698814127,0.043909811211290256,-0.08267145569254417,-0.008042103901292258,-0.01577747817676384,-0.012475527971115232,0.04803496233932966,0.04132863285587561,0.010521212010304048,0.055636591857753374,0.007072436334038739,0.009952282766887373,-0.010289232818293066,0.004797492089495904,-0.018987623398429375,-0.0051191397531872625,,0.026307393927606018,0.008089523028883723,0.014098481756293737,0.019313265901599222,0.008493820459034367,-0.01758541955544685,-0.001442188898820532,0.016562776186388992,-0.026903369965588775
2013-12-01,0.004288376065674194,0.014394563497418333,0.035909224524596876,0.01839384066827648,0.01674593962494561,,-0.05548422564753807,0.016926052217336444,0.010635459787580686,0.01641999034303696,0.031486242236965035,0.04737124279176678,0.057341579746098235,-0.018196718095685908,0.011545986287925587,-0.037237918855648894,,0.02537721496684688,0.008304871079502556,,0.056905076083987115,0.023249385879057293,0.015052020947846039,0.014876733162444611,0.024597261426253517,0.012539898883953104,0.02191541358585217,0.050626595020712886,,-0.012360914440981892,0.004354449417825474,-0.012135297211471066,0.028798564430207244,0.045510890769742136,,-0.008123154641859679,0.0008112524688665964,0.02740617862484327,0.03899680072615087,0.003953715603919034,-0.0006985464862818548,0.01754090149331473,-0.0006101099595424075,0.03800107995468804,0.02982370642092344,0.017066323236272413,0.030012519045785554,0.061412434796549065,0.023931207198600642,0.06147788849476572,-0.0025542780263021632,,0.025124666132474296,0.05175593146909288,,0.0333844754962552,,,,,0.03824376179857388,,0.02014339175036101,,,-0.0008124436802549654,0.0045704300018481175,0.02036682114586318,,-0.002129846429656147,,,,,,,0.000692597125076758,-0.0023497029157061155,0.007562131726593563,0.02021635241784068,,0.04925039586337228,0.010433574663305665,,-0.018431835153813126,0.044395927835602186,-0.01256235986203149,,-0.0033467664343838823,0.06284297170810509,0.012640267944857078,0.032305087028981085,-0.03948809406707864,-0.040947453020465874,-0.015551212478835303,-0.010760613062079837,0.06552585302659819,0.04444814351118736,0.011729214337502323,0.05422110944542023,0.0014893204316258385,0.005689931241513676,0.0013011618932032734,0.009201993815173108,-0.012035502465938885,0.026216917032220587,,0.039229417561588036,0.012384853782937797,0.022141678337236327,0.016973082518364234,0.0072007226362722975,0.022525772789188138,-0.0009048809915891235,0.021148642990200237,0.021271124716264536
2014-03-01,0.0058959322354270914,0.015723126594921463,0.04040120580335986,-0.0013455139463009259,0.03327850001270973,,-0.018293610770424185,0.025669784415394865,0.002806161004574465,0.014063193971026521,-0.04081521441994232,0.029307363720233907,0.04740643575508825,-0.019507747911248135,0.0067901434372510784,0.03155906743861859,,0.021868428606368923,-0.007985299725740231,,0.044288254831048396,0.0328428268795942,0.012171993866506555,0.01010686706407363,0.02652000823535229,0.01331369138555639,0.002041816958630067,0.05379483606676996,,-0.015762454945270198,-0.002060411908807117,-0.010534112256826529,0.00916828806569372,0.038457821461119965,,-0.009926131221692605,0.003888977066684422,0.0374443435288757,-0.033977455020475784,5.184040041704042e-05,0.002063674298262584,-0.012184283467625769,0.0055126004330034555,0.03571193619663089,0.027313229103229742,0.0040112513971683516,0.041911454665573084,0.06103304918468967,-0.007101448549487822,0.06343018936134118,-0.0021568979168192504,,-0.033944212665519224,0.04533685325449301,,0.028908020484544883,,,,,0.05229555490326599,,0.02226840118156806,,,0.0047693311102173855,0.015472355706776207,0.018312096331916904,,-0.0018779275188294997,,,,,,,-0.0023113140697814723,0.005893132936093421,0.012760368728311473,0.016060381874376105,,0.0091881464416117,0.026142547902100306,,-0.016672977405846362,0.03782978403588299,-0.0016667233023060786,,-0.007674497584885274,0.059884024001873704,0.0092421135221094,0.03333174829258154,-0.06775626887641589,-0.015396011801375984,-0.019928290587851817,-0.014710618727980667,0.06864149025320139,0.0489714944139756,0.009586959333069241,0.06724006326898717,-0.0008291144437355646,-0.010177483354063209,0.00030748118388216337,-0.034166557237292075,-0.018030023529999453,0.004698589890970999,,0.05716278035996563,0.011827126935963675,0.037756858336937434,0.003336395714894977,-0.00014190937242393025,-0.031652068384804395,-0.04825983824164357,0.01716654576383043,0.02637481716265663
2014-06-01,0.010062235252001664,0.015050287519107036,0.04451826450330662,0.0031878497544177175,0.03008193976891809,,-0.016013478852509973,0.02762532419964541,-0.002942259797014871,0.020902063195516973,-0.005328913447059391,0.021760556646383936,0.04315340219141036,-0.014123018446282016,-0.002619002217837293,0.03707444705042811,,0.028532311440672264,-0.00719388830046844,,0.043604727782225725,0.0346255440040304,0.015663873245301704,0.015256427001516042,0.032428945367758893,0.016490126349369326,0.019757654822601688,-0.01896401001332884,,-0.01874277777532378,-0.002003329030912748,-0.005454697565869474,0.021881147407134694,0.038016136627216854,,-0.021193091798950014,-0.008841023699319973,0.039353750730837876,0.005780490482036338,0.005377083980716505,-0.0053480677431985545,-0.004558296148619441,0.005529833146638657,0.025884524991130052,0.02919442014840648,0.017403271942483377,0.027707592795840466,0.05541685470717457,-0.004018947201657916,0.0682290879292788,0.002044297967334517,,-0.010380070598364679,0.05577243973615746,,0.03372940188443639,,,,,0.07403313423612644,,0.02214689360432038,,,0.015093953647784548,0.02375357904255858,0.011529379758974011,,0.002054910806732956,,,,,,,0.030217893534279252,0.019331089466633995,0.019857094040984027,0.006776087777796642,,0.05238645054674425,0.008430294801937821,,-0.012898050190412257,0.039901075811689515,0.009747537183542243,,0.01251892456703888,0.06775482610269502,0.017471077764948717,0.03321633029890473,0.0016818351385937708,0.008969915668864414,-0.019955692000679558,0.005405823770709172,0.06915011454355025,,0.026203038937858775,0.0578484662363407,-0.0024222699911347644,0.01732452403034507,0.006414392449275196,0.011975596963076866,-0.006997117426059682,0.00883082810144493,,0.03563075453443446,0.013817737440756062,-0.024257559989754256,0.012652031465976687,0.01749773553878413,0.011753378225664017,-0.015094037641056858,-0.0006977913094388975,0.01642119110262811
2014-09-01,0.013760526095557146,0.024177602368607262,0.04620493480072683,-0.0015315798291230533,0.04132533779984673,,-0.012064105171748756,0.015383905194077653,0.0035606785468106942,0.008489348188647935,0.009902444582793735,0.04144623650870116,0.049571872051235276,-0.004563317437150295,0.005797431143832065,0.044109415031774846,,0.03322156004179512,0.012472890634964444,,0.04752379923734391,0.026157213757100485,0.006681293406080351,0.020059485868871504,0.028437114412481253,0.028328720449125034,0.03117028249712858,0.050811293274195854,,-0.013462471004920635,-0.004123569438003671,0.0018035755370191253,0.025949443078243893,0.04261096539015145,,-0.012434166715810806,0.011887927716876565,0.03704766105954161,0.019371913546489872,0.022718581746824496,-0.0025259991370677015,0.0003977314731074573,0.012023534151827582,0.025196262008128464,0.03440961931233246,0.014049389246365236,0.03434399676762298,0.06700144474222805,-0.01119310998199476,0.06768994888250432,0.002396808876178422,,-0.005711283235423402,0.05646207858119026,,0.03926156950162885,0.053855997229891185,,,,0.06260618087923957,,0.012419214687743587,,,0.018481316179264417,0.029844764465763323,0.017177536943146846,,0.0073565476552914935,,,,,,,-0.010518403453081747,0.017051794391133315,0.020481244497222502,0.024277897392793096,,0.050015467546438375,0.007474980003697434,,-0.007701113812646135,0.03461348512996847,0.012998666125487762,,-0.0015120299637224643,0.05889664040703993,0.03252301228525384,0.03298148114660073,-0.0017705067525653473,-0.008937701347488072,-0.015604158146590877,0.012660899570109048,0.0660992869940949,,0.03178355463930129,0.06312561376450723,0.003700536065726,0.037019700085331,0.009623029455930845,0.008860262302998722,-0.0026784953265171696,0.023209547335161312,,0.04007818558570687,0.011761442911795374,0.04511100897586382,0.027917021614928293,0.02251884593365152,0.0018135514628408237,0.012456473454848823,0.025018653432754636,0.024689747396203953
2014-12-01,0.00949099295629338,0.033435641944813736,0.05308053245000623,0.01344001178421358,0.03616495454622696,,-0.007052373193294992,0.03021849728951403,0.009579774371416737,0.02431018365657102,-0.00031437425834779804,0.05042399675836361,0.05326095835240394,-0.004203126447218784,0.00796863681983324,0.04216033078686099,,0.031329520254932824,0.014363777755279417,,0.04433193845430882,0.0072412494691081715,0.028821732184091585,0.014988597791262383,0.03847888942395647,0.022045868205898135,0.022513349230845726,0.002358312362808464,,-0.01654756834627946,0.0029662573261023733,0.00294065295986854,0.027427281300994734,0.04461766096060821,,-0.009148981349320896,0.02403592822502454,0.036145157250664944,0.019622339264155197,0.014331494105822112,0.007949784125080276,0.0052511570534680705,0.010205833682175662,0.038814261777799834,0.039394898728843726,0.03366685953419545,0.04426983932954489,0.0877928694592533,-0.011499883624935698,0.07426971302007854,0.017786046456531555,,-0.011609956195932757,0.054324905100766555,,0.0386744248565527,0.056214841869107496,0.035814013810031665,0.05205371265743405,,0.07478124819846363,,0.018575379763093872,,,0.019452531046946542,0.035014437622780434,0.020020167721281238,,0.009543893124784977,,,,,,,0.007298953797620222,0.022097729792495115,0.00898425697728644,0.02919461154634668,,0.06618664815478578,0.01301670654865583,,-0.008329869947570645,0.034224253942577804,0.018697708181696172,,0.009669216400673182,0.05543761405348289,0.029236464611095535,0.03648779185062178,-0.009470863108424727,-0.02660692061629778,-0.013691834662402442,0.015950062561183392,0.07417056324628125,,0.03382169432769987,-0.009525215411141963,0.00859444184244633,0.04464229612999815,0.009751506677581831,0.013616005186408743,-0.007778264904722023,0.015976451599453042,,0.05577422746844864,0.01374234948846182,0.04807813065011084,0.020766179572152856,0.014500968620530037,-0.0006946225790096428,0.032116453898014485,0.03147841427006327,0.03628455153274047
2015-03-01,0.014122669181371793,0.03541770869802107,0.02758376597282729,-0.00041028073684875384,0.04000401093058341,,-0.005934115249707093,0.03871846451907995,0.01423590471081746,0.007878688206947265,-0.0034134821245045714,0.04748785433000261,0.04952734387566859,0.0020183431123578944,0.003931712211119415,0.031513764295671126,,0.030534553804353583,0.010758543999269083,,0.04183193752949212,0.04235510667107446,-0.00017990286105802958,0.01138820056575214,0.04796164024995178,0.024803263194207052,-0.021988578693177017,0.04637088480958321,,-0.01216431550858409,0.0017544296053239393,0.011702737598323914,0.015761646628146584,0.042129159972148604,,-0.012073103864782816,0.014672468721749926,0.04102094238317297,0.024750604147890303,0.02845362896762357,0.015376692191515084,-0.042058339126423636,0.014681429735717481,0.04425856997188874,-0.013415416297894138,0.017405160468247766,0.046444351749106286,0.07894877086374087,-0.013129955084897272,0.04341939058661556,0.02469315866572194,,-0.0034134821245045714,0.045427473431821755,,0.04412845982482414,0.03748049481216876,0.024906400825608698,0.03853794256628301,,0.06695947856260659,,0.029431487422907795,,,0.021589915315851856,0.032260427045459686,0.03547973746435098,,0.018316142774966834,,,,,,,0.008532282202643649,0.026293237495732143,0.024564508809417785,0.0023251723082889364,,0.05002874189882344,0.041598254426017015,,0.003375052341896752,0.041062666831913903,0.031152189642913778,,0.015998993651122603,0.056219937137903894,0.02176784509135648,0.039008732939272,-0.03752565220921733,0.001997722704831888,-0.010081922940215047,0.03418652815398954,0.07241882800503556,,0.02219475961615358,0.03887482548969198,0.022065533014211148,0.03635096484661011,0.0005053741439472295,0.03127901853009955,-0.0016384226398290264,0.0409286347982563,,0.07034293609567493,0.008778541846902877,0.050246806545097805,0.03281085909430867,0.02637683499623097,0.017559432504986407,0.01362494573314003,0.03207827962556015,0.03862060409861433
2015-06-01,0.010181813911206665,0.03125157272437348,0.05379179289320935,0.006542631601824975,0.03149893536344985,,-0.014569408628287575,0.022087623159732984,-9.001211599577064e-05,0.04137940297323296,0.046554682212649585,0.04232903987041786,0.06489028157388363,-0.005281111992870181,-0.004489496606372349,-0.033633919767253696,,0.019715862485679744,-0.008230999002817334,,0.03747553613496946,0.042549607878053855,0.06264533222423549,0.00500099095905005,0.034288013871242466,0.018869444864152683,0.025876318984602666,0.06566745902731765,,-0.016940904867135845,-0.0048170966164992335,0.0007549602897098552,0.01743542619298126,0.036625336483938495,,-0.020032719088139694,0.012899936177058834,0.031254268245473976,0.04053042476488602,0.005264847384016702,-0.002105629514423029,0.011714415873287394,0.010790690511325644,0.011300889075480528,0.03568071266215815,0.010857587517195521,0.021803729010619076,0.08547064016805139,-0.017117549716038575,0.055784094051175175,0.006220470808618694,,0.005369826244663474,0.03946243626877252,,0.028434730257958958,0.04873223041805021,0.016265202021816052,0.043479469583472326,,0.07006366715172718,,0.012785575530529801,,,0.016003031289637096,0.025158569814631236,0.009592978475410043,,0.010743223988530712,,,,,,,-0.00013195144842904772,0.022077681328828997,0.007957737535162776,-0.005174056250580357,,0.027985641386021876,0.03087797477786663,,0.00194461065213052,0.02524812247018916,0.014480030002916807,,0.012482224518195074,0.05264593422954951,-0.0031448876546607547,0.01572257403987578,0.0007340552769490746,0.014580265070287384,-0.009148330056936401,0.013296997488068594,0.034431952738350105,,0.014039449465399444,0.10119210023587645,-0.0012925665207518373,0.03762145548428853,0.009012958678902595,0.023021802871192508,-0.00927497398937783,0.0035118689499840754,,0.035374033633255426,0.013907299526737601,0.04113621788455081,0.01178247551409835,0.02421059866870255,0.01735911651219185,-0.03623801024348344,0.01689152898290474,0.03611614807149342
2015-09-01,0.005969741516256809,0.02586435045191151,0.04460979339726515,0.012107836144584928,0.03135931374243102,,0.003081217937284745,0.014913345844022742,0.011002211218438968,0.03267264746464595,0.04582681918047845,0.03017845564718197,0.05077194075715441,0.0014966127555013913,0.0046306126356916505,0.026650241959472763,,0.0329532300878528,0.022049329626078154,,0.03731144472841661,0.034373384952651534,0.023996831516357366,0.002183288828855455,0.037021897736759,0.03442281215629868,0.04281176329104644,0.05625432393006264,,-0.015838868167185008,0.0021687434214927304,0.007637842301610525,0.021905850468678472,0.039448998193014825,,-0.01911304968183015,0.001830675065660814,0.03239448401582464,-0.025144448770974638,0.032004028052533766,0.0031493773453265387,0.012829101804201387,0.01509242416474697,0.02105173180182553,0.04286298663096737,0.00454269248561373,0.041206246016340306,0.09064790053028741,-0.01538067148473312,0.06499822316162387,0.031810930328869835,,0.050798872910155085,0.047000296392472454,,0.030484693443109976,0.052737278242722674,0.01856321368342286,0.01708282864089154,,0.06957976614691147,,0.0054128072612268045,,,0.04028042141636356,0.026525190453958788,0.020069118658137177,,0.007642129531769575,,,,,,,0.0023309743707325328,0.03526225220163083,0.029056793600798207,0.029108556404150523,,0.054655552993012765,0.030079730786700593,,-0.0004423331426294005,0.03302063118933279,0.025067945707676623,,0.005274440251035326,0.048527862885646096,-0.004110948831204903,0.02964119733041609,0.013816471868026285,-0.003445824965329489,-0.01093876894237959,0.013806562731778192,0.052723204609564214,,0.010130631254176322,0.09297511186283383,0.007088281709670272,0.027095818016327152,0.0076129311885223365,0.03154282028790464,-0.0010548817116673595,0.030963958898081914,,0.02872684080302004,0.012774762161891082,0.034402684300382874,0.022390179490809615,0.03699484846163741,0.025040214115929077,0.06311691220254236,0.03061349138695658,0.03603194011008154
2015-12-01,0.005876218921777013,0.03638559858558409,-0.016064546669952363,0.018152933757164043,0.043505660663104656,,0.005237437838685681,0.030953558606730346,0.018738471700158358,0.030384170102936307,0.00722958474133371,0.04818924028363585,0.07104231752608972,-0.0034968171283708783,0.004682934072262328,0.03307066822855264,,0.04132588708151659,0.02219905334563375,,0.0384319451824827,0.04446675182973716,0.004171422833891628,0.020136257806027485,0.04903844117592688,0.03375027180570077,0.029360698318694527,0.06928514575167168,,-0.01777237840724495,0.0018130428371187762,0.00716763756827099,0.019455474990359184,0.043482213994534016,,-0.01396380710618814,0.02288685370208661,0.03335118682970343,0.02650022158880722,0.008746561115783006,0.005630490810370834,0.007411030678574122,0.02119172950776988,0.03470161889286812,0.042509205816000144,0.011543563977609916,0.034602652082709504,0.034529160268314464,-0.010753586528269195,0.06843595880556791,0.023219290900002222,,0.004597236966398302,0.06157911113999608,,0.034884262390208406,0.06376382254960763,0.015090833501073096,0.044779936345408486,,0.07952213289891291,0.007345693631897667,-0.01758895853694957,,,0.02060732965535534,0.03302638428771096,0.03407957962746926,,0.009803800122787422,,,,,,,0.008962386675291863,0.02678681297065867,0.011459756434790967,-0.03118564421473137,,0.004347433812144431,0.03144486269063668,,-0.0021870987211789063,,0.025988297190447155,,0.013939634959202555,0.0427595463693318,-0.0019260704630173504,0.019886517597971953,0.009228549618644569,0.006544133618841013,0.0011936177910656799,0.0283628844398098,0.05887553680220314,,-0.025655195950226747,0.021584939372348934,0.013018509257473608,0.03275558666620546,0.0070197206042995055,0.030591086348795416,0.002514420149081655,0.020105678121110245,,0.0425826995294388,0.012256413592145677,0.047607654016920596,0.03424209631177896,0.020528669967672726,-0.011415224862463354,-0.026362981614487548,0.04066097618577235,-0.022701427146989833
2016-03-01,0.003919951459922238,0.044238669683233034,-0.02236017212009886,0.00710889874494341,0.04252538290191767,,0.004786425159387571,0.03752013337244092,0.010755358387395499,0.03255466813572839,0.008629248149715954,0.046955967353708834,0.07367228262031299,0.0019342893005030622,0.0016461461006586086,0.029115300177079792,,0.028868489779668268,0.003425741324781805,,0.04278613624281581,-0.009105184980704345,0.04935221548283436,0.018952640790012732,-0.021007399731620316,0.028691593311076395,0.017815300169835315,0.06276828314715659,,-0.02024792095741287,-0.006022462896711379,0.008246098089168477,0.003417441051059293,0.04625030069088401,,-0.013876023976524276,0.023460879269542934,0.03269550098108239,0.03306318403300994,0.011059910696507585,0.005475683799835405,0.013574271104811523,0.00887591678803962,0.02418471209055577,0.04236141807432143,0.011633050411991136,0.0337487009127034,0.09305352984907496,-0.011563145078922844,0.04469100140523901,0.017509127489106543,,0.06271449193260951,0.050313088069001775,,0.03535896793360573,0.06877497325938631,0.01621056469783888,0.03764376165366876,,0.08692569863544458,0.0030519352512582754,0.008867311900877218,,,0.0202579137979117,0.030167854581558504,0.022701249151536203,,0.017125507979888377,,,,,,,0.009961991106497403,0.031028011260155253,0.03184693470467486,-0.0028810041058031756,,-0.03565067304532196,0.04225560520511496,,-0.005760439664322234,,0.029183343730000668,,0.015304932707666306,0.05847709103188823,0.003571177700876026,0.02368624490272294,0.00863751159254159,-0.04479365414118384,-0.006601493964706541,0.016434243837811304,0.05375467586244117,,0.014324634633469079,0.020584079628835496,0.0067234322694785876,0.03216111715051948,0.01056347105074247,0.03411281595625146,0.00562889628555562,0.007828704177276855,,0.06267215536867393,0.01308592035844139,0.04503782460794879,0.027937452805471767,0.035415582716693275,-0.028525619680988972,0.06018123831311873,0.026497486540459202,-0.028537777406597572
2016-06-01,0.00959865714158794,0.03499964494028755,-0.03438270957667519,0.007969309518781909,0.03731140003410635,,0.0029192787090356943,0.034239344699744455,-0.006609938360981663,0.04636296361016383,0.06086996726224458,0.044153481774490286,0.08294709726207078,-0.0016941454723625373,-0.0033177258896960027,0.021724527248789413,,0.029862488956703723,0.0012925661588648614,,0.049762557537026436,-0.016838198591936967,-0.00569614659872739,0.015411320318409624,0.03090558896667051,0.031185794390037307,0.029031188115393493,0.060151791454679575,,-0.020188916992836158,-0.0029028138400344176,0.005865056270379353,0.014415695015628893,0.03532473201810586,,-0.019306050660044403,0.018264901258674304,0.03796601321230389,0.029453349556467046,0.015093713277127836,0.0035121027917975273,0.031659046483930434,0.012761604118624408,0.04041045435042119,0.03328199733344178,-0.00334926262071101,0.019036187559141247,0.0188107856379694,-0.014956140506701365,0.04570893967108245,0.01271516840035699,,0.004408646864825017,0.04465229746804953,,0.019979236566345357,0.06983866494649273,0.0108028471640079,0.050824212504163274,,0.08669279245533901,0.004385868337510482,0.01956672899990969,,,-0.0029127160422309545,-0.0010958209124601742,0.012933246103278983,,0.020103858285846155,,,,,,,-0.012588349835050512,0.022406912599840602,0.03621061486916669,0.015634722143503,,-0.015503842220184917,0.031137274317356186,,0.004234001599374635,,0.02664399724138868,,0.01828810318524764,0.052716881611894265,-0.009790049230004271,0.02117787621215301,0.007344609218664846,0.014515126409874547,-0.002441692836399874,0.021509755435887255,0.04504429381904706,,0.012882473293794362,0.09662932958615345,0.010555487693603607,0.03121824143005312,0.008934385759126437,0.03596357342110121,-0.006358253602652759,0.001915522171189527,,0.03315647888995983,0.01186246992833767,0.055367259445658804,0.03519090172990755,0.028952644557502835,0.011844455097697902,0.011263336633419186,0.024981777099969592,0.01751214474713421
2016-09-01,0.01516361847364033,0.02818486682544032,0.045557683483768964,0.015491282314700235,0.03250957721453838,,0.00899398532996864,0.013031411972595592,0.005211057953493483,0.044914567451386,0.03420256441946172,0.050053317342962346,0.08924799903257835,0.0021851472834482906,0.0018518606444229025,0.03462786814733176,,0.03629039529081785,0.019395419413214265,,0.057902935267732006,0.04838445970869664,0.03681393092105648,0.03146105249109607,-0.01964534674608841,0.027574982996323577,0.023605108755802875,0.08043149683746321,,-0.017454608606917305,0.0011577324411616602,0.01181812088415374,0.020107899264027965,0.05275345471993692,,0.0036839178811442583,0.027347010095848844,0.028499141439663887,0.04006304851031239,0.02459477010426585,0.004489930122552833,0.05220047307925923,0.008578622129532797,0.01754887241229985,0.03662059286650102,0.005238785157861842,0.010537115426365862,0.003057165674641056,-0.00375025834720475,0.045643984076339274,0.0015582593795101035,,0.04112334745518937,0.04082949962271321,,0.036274699507769084,0.05557885721056834,0.023811240853738695,0.06616883201948234,,0.07323342504484878,-0.003277328592117801,0.02451907458546105,0.015835613916622138,,0.00890370303903778,-0.0028234699514644236,0.008950140507869882,,0.02793281589996336,,,,,,,-0.00815525001828404,0.023620274502032558,0.041407955006311996,0.02574342027855301,,0.05075874431528425,0.029989664421329193,,0.026125088443372167,,0.020439917301543997,,0.037663538527982064,0.05853394162009004,-0.006377048455896786,0.003278992405340642,0.020783723794472984,-0.007427432364289494,-0.0024551331875445424,0.012277599453045032,0.03358963675388946,,0.029050988388963927,0.09156517312672388,0.00202101909099732,0.03234634013602982,0.013576686481859414,0.026333121072718145,-0.004612697849226975,-0.005234748852758808,,0.04328548789805777,0.015078720954649157,0.05912722034801358,0.025406333800729732,0.02109784204765847,0.03155797039263642,-0.027395011757574667,0.022208993419926687,0.03689532483167506
2016-12-01,-0.0005931262164055024,0.033378933437478595,0.011005170415793516,0.014439858049051967,0.03897097961996968,,0.003946571493458474,0.012092931163352253,0.006668746774791704,0.042624263718920745,0.04579197221311009,0.041944391460510835,0.05886517206198434,0.0019131079453146953,-0.003003025277265316,0.029381970873273076,,0.03057600583228204,0.005477735146775005,,0.038224536641845316,0.04234820436498387,0.04983633610373478,0.016411963680740584,0.04782095793456538,0.025296755879736336,0.040885836792667114,0.06968391290631086,,-0.018134964439291332,0.0005334782011501833,0.007959495715883901,0.00706998232568581,0.03368089558614199,,-0.012668917105338903,0.011135521967241263,0.0331741580471183,0.01842626949849158,0.008301309963977281,-0.0008208816896860917,0.014557316214536592,0.015188951930796717,0.03375500997503831,0.027539761168689243,0.002612326700434113,0.01780292619380828,0.060794196173840236,-0.018925508201198267,0.053262055558275644,0.004880342213869871,,0.036654656515697756,0.028795866175532824,,0.03039762151385044,0.04843648831880225,0.0154195877884252,0.044885333457590916,,0.06361928536767049,-7.519456057087472e-05,0.01943575894605808,0.06278322793107562,,0.01878933269118243,0.013902336829432456,-0.0005994805138460703,,0.02641695182301196,,,,,,,0.0008513364065231943,0.018574084654815363,0.024377440679597843,0.0026941828258291102,,-0.00339943814570764,0.03015928577207683,,0.014926698250520919,,0.02180797581979407,,0.020580057719020405,0.04779870961138349,-0.0014756843493742514,0.015545820533516027,0.02548432237143585,-0.038373248451837476,-0.019234021134292324,0.020410477463714737,0.03805828611460868,,0.01720745619846811,0.0008204678568661472,0.0070487615650548785,0.039523770993736405,0.001986675909662268,0.024815321671373344,-0.015492996520574807,0.012884836007172759,,0.023593143446416723,0.005816740467615146,0.053649274462047376,0.02811506541524865,0.03255268413788992,0.03475131169109576,0.022703368013716935,0.02257073382723864,0.011521268316995582
2017-03-01,-0.008893505159686874,0.03169120750594,-0.04294184297661502,0.010462478684808034,0.029373205908688266,,-0.005329126322517409,0.019230879000632816,0.0001387088095657171,0.029618393555567744,-0.006679626678587599,0.020329733577731157,0.02679282653525248,-0.009483094806793376,-0.003896674294945477,0.005878751434619446,,0.02312323835742686,0.007432001265140808,,0.02416075735919857,0.05420979830874803,0.03254590017247228,-0.017525438851407817,0.03352633958333278,0.026495281058648987,0.03988880655414935,0.0336646885311621,,-0.026049365413278697,-0.007990754414350744,-0.0018265048666668885,-0.003639855203037278,0.013441437631167489,,-0.02173749868656339,0.0011837175382104284,0.028685876464728574,0.012438091562001369,0.008601283231435917,-0.003035646181645712,0.0014263741575945173,0.02396970691057685,0.019317437384831885,0.02643868551058182,0.0021477120433476796,0.02612321803871408,-0.014432124524792662,-0.021803390085729756,0.03278865921875188,-0.0009861168686117355,,0.04357150287719849,0.021451413893004655,,0.010521270138677414,0.019684759591920918,0.009356810432985002,0.019196409552343394,,0.054460250231924086,0.0006482711239923938,0.026355761909582047,0.0515742788954842,,0.016163855907350214,0.024880781425309455,-0.00031796985225393255,,0.0012765512691036527,,,,,,,-0.0535371891518394,0.019933865250739393,0.024261833083533225,0.001844757040549497,,,0.030076647377905084,,-0.0037378826413910003,,0.014720359014085973,,-0.06332845529030524,0.04774662027177102,-0.05146059353863471,-0.0333342659157406,-0.030509693361064613,-0.0007779589593919635,-0.016831887910474106,0.013992417305953918,0.000584249856325561,,-0.0029213745749760173,0.014106491134722064,0.004108118365676639,0.025460571000928727,0.008257934039203703,0.02496387080757076,-0.011677893051442503,0.011449359049762152,,0.0025023678895687612,0.0044146310088514565,-0.01716884590598813,0.018193717535995836,0.033799652362241694,0.02085636657420394,0.02092618940022416,0.01828223751916569,-0.03582160423495547
2017-06-01,-0.013071074475825051,0.02646688102506838,0.0070758474721104095,-0.005043524930966158,0.01648838993374585,,-0.02053566468614909,0.015037331465210994,-0.010727021041484631,0.021691638150814988,0.039390334234688566,0.0022628685679452806,0.014428939105318362,-0.015026828108565942,-0.019623937530674887,0.007335273139825919,,0.025151037907639985,0.02109926502480948,,0.014568253650041633,0.050532283861336035,0.02937264412943872,-0.005101342633592945,0.028621810012630172,0.022010549711638804,0.02839706242879864,0.02015445014582339,,-0.03196633418414401,-0.01909011408714301,-0.012666664850008218,-0.004323827952916851,0.014741190472131516,,-0.029878664172902594,-0.004451544838588482,0.01995440295659564,-0.002648113209934402,0.010801318166772933,-0.01541673663637734,-0.0028631126195423073,0.017383298394145694,0.01659526934971755,0.009895199498424637,-0.010602943967629081,0.01365978952356918,0.006570056175251563,-0.02538987355520342,0.03119143740720933,0.006320563206095649,,-0.012281737060084048,0.04093904998112627,,0.010769615667784348,0.01756187454792419,-0.0025696799105308934,0.005013470900549394,,0.04090286094319739,-0.0014522018298343004,0.016818333640406247,0.05959280232107764,,0.0088164132928244,0.014664879664741903,-0.007505677421888722,,-0.004179216106054967,,,,,,,-0.021199430725197584,0.009672293821541295,0.02420388611162002,-0.007121678383500108,,,0.02578067495419405,,-0.009446402207805245,,0.00923835862561729,,-0.024332165938374777,0.049894458259739996,-0.02863626336098557,-0.04002486152351262,-0.021892096172375995,0.012049585130217094,-0.0228398845283309,0.017262179997527674,0.04934846338731788,,0.010661701172612524,0.0866090633654188,0.0003937731449728301,0.020263145242027547,0.002252131580822217,0.02368031870170411,-0.01692693268206225,0.010721344231477463,,-0.0010370324332334541,-0.00356480665497656,0.016396877339699193,0.008570735719829387,0.01408694900390416,0.03419674808824209,0.014428477222894096,4.424466591371772e-05,0.04452082280617451
2017-09-01,-0.0033970013003260554,0.028116144977396847,0.00811958816171544,0.0018513080621556288,0.02457776830160004,,-0.01152290791869436,-0.00757793756519797,-0.0032448698658749105,0.010904190784043654,0.029362178331859945,0.007838398930692266,0.02381336645591284,-0.007899555844685978,-0.014591306903230905,0.020300834937834952,,0.022581450500265575,-0.0038680108378264092,,0.021933192570403937,0.03435383999952264,0.013257779968825751,-0.009255694025073964,0.022319804646671444,0.016504887390825115,0.03220607030197631,0.02410256515152872,,-0.03545285431420549,-0.011097023214502944,-0.0060120933709529615,-0.0029368506718524027,0.020164430939657925,,-0.019089433342637904,-0.006072809873800271,0.022068950892298173,0.00722265983427757,0.018306801910482555,-0.006256429980815579,-0.003809680327518635,0.01934416065780569,0.0248297502030577,0.015075125892470226,-0.008458103921681484,0.02130113628439724,0.02661604151848869,-0.027124438216991998,0.02798994716539152,-0.006432939987688369,,-0.0009480509147010883,0.028952592787346597,,0.012701606323608715,0.020179876346084067,5.75807682904407e-05,0.008904737187490337,,0.05139127582967699,0.0042390522615946636,-0.007621166629847213,0.0575323828592722,,0.01178040213584503,0.008866677055838398,-0.004032457654212545,,0.006333009865660186,,,,,,,-0.05372013186726526,0.008866142115091753,0.023545858369098085,0.000858540111329649,,,0.02471412210141456,,-0.00850639466863037,,0.009329414576764969,,-0.020469057985305912,,-0.025927552697574338,0.0229931709639491,-0.027257342682001397,0.0010580608223523776,-0.030212603574072475,0.013878021784844869,0.02987533806049922,,0.002440843030000996,0.08813211017755707,-0.004149834987881581,0.030292168249866882,-0.004859045649313952,0.021436342537975207,-0.021035285691389814,0.010036847873358842,,-0.007418583770428377,0.0033992320459690878,-0.004671425205395876,0.018067082451670526,0.029858486333296897,-0.0024540593239021453,-0.024655190059543208,0.007407259899580851,0.0461113415774815
2017-12-01,-0.004745029351005563,0.02985086257439933,-0.039341788846375625,-0.0005933938671872137,0.02475660088349358,,-0.011250035649933106,0.014535928024216896,-0.006892811739075575,0.005401960959895693,0.04283153073971211,0.022940914086796903,0.024953503128990456,-0.010163535574859826,-0.01152553021421659,0.013417449364118126,,0.019075921379866356,0.008560927607574258,,0.020412127099931593,0.044422507418235696,0.010814994547206318,-0.01086201881324316,0.02408655592645452,0.019970570437334904,0.03561512307353139,0.02326721030937264,,-0.0338163605994014,-0.015570280295931908,-0.005528609145306676,-0.0008202060001117811,0.021436536505470102,,-0.013897575884850924,0.01139444177235452,0.01889494575946646,0.0025111408759910963,0.011897538155866855,-0.010795557699500507,-0.009219581424446678,0.011657170391329021,0.02468414166361247,0.018283170533165086,-0.00838372332315129,0.0024506696365699937,0.0076325572936465766,-0.02781256314260042,0.02487698693769379,-0.0018808301854386562,,0.03133760817052829,0.01532848831867936,,0.01968663543276884,0.018512124038115706,0.00975584265230758,0.008813291300615568,,0.03985002857979112,0.003224077593581174,0.02798127806337104,0.0663640121780473,,-0.03705049004232905,0.012623723498440029,-0.00016893038311558033,,0.012006155466430506,-0.04513536935069868,,,,,,-0.029775495954372126,0.002433940362400331,0.023005367614792157,-0.012820545984775576,,,0.02209810177812773,,-0.007110611008391854,,0.010379116900027387,,-0.018284007726813142,,-0.0327608131840032,0.023127385503124938,-0.012194657746166914,-0.0361664155797972,-0.015252473288024218,0.011567648369212986,0.036515350494654236,,-0.04321379540424923,0.09430370765063989,0.005602683959355223,0.03719222581783005,0.0007014626254030055,0.018496381883811447,-0.019964028626695215,0.020099810999660295,,0.002877131666804119,-0.0002057699231974732,-0.02190961040820947,0.019595142701211606,0.0290952564436365,0.047875814791390345,0.015218885649138559,0.023320009818465853,0.01854377243057437
2018-03-01,-0.03810487708780783,0.035506394657578114,-0.04458071026704657,0.010703465898279425,0.03860344302981425,,-0.011311954103313402,0.014306637750098996,-0.0047366390999874575,-0.04704063391799986,-0.02887729731627155,0.02600535006494617,0.03218095125535633,-0.0018262950926020854,-0.0005478457758086158,-0.013572552118263937,,-0.031068364145009176,0.010083654278105383,,0.045138064231521946,0.047980216049817524,-0.022870033896197885,-0.013475697294419744,0.048499450024827535,0.016648084182405706,0.02921441664225973,0.008765666979343494,,-0.024550958545712667,0.0019232459169985683,0.01630438831962231,-0.008144166352586486,0.01755490896480225,,-0.013756809953436198,-0.03917461434854154,0.037824119414651636,0.010773716427601839,0.030392965847769068,0.002243307914208245,-0.01705156715356748,0.009532084368976132,0.03832875240612307,0.019397491762142904,-0.005253372420078806,0.019639860924048187,0.02241667074676236,-0.021699343823973045,0.031888499406821404,0.025377443305630364,,-0.02887729731627155,0.04297517857074967,,0.029487471867325688,0.022623456863830146,0.007006919718672086,0.033860569076701784,,0.022613480709152214,0.019559689490942878,0.017761367242405374,-0.041892216135447496,,0.021171981092838976,0.02968300723761384,0.01753087775850432,,-0.021625095026095675,0.0064729308198233386,,,,,,-0.06175406145372444,0.009092769801654554,0.024773036076107237,-0.00464995841878593,,,0.037714061179878126,,-0.043544015256837876,,0.03305290002468389,,-0.003473966193997955,,-0.04744786977864044,0.026830880818447825,-0.017440989400452783,0.011133960975224932,-0.015038167809401448,0.0365906922867591,0.044804553761807225,,0.014661213464722949,0.10093354941870711,0.008113836188256111,0.03494441463248994,0.0038532990149921804,0.0421048191911414,-0.024709294495078176,0.03706338178332568,,-0.07720545511719351,-0.008337034943548654,0.0058041518077416,0.022703943435742086,0.028128608808419137,0.009450979543631556,0.03174551353516306,0.032199754516324716,0.032806977762000866
2018-06-01,-0.0037256566639265387,0.020788757778387835,0.02283026870786451,0.015542859076366888,-0.04774522747095384,,-0.00512962766245014,0.023879242520916603,0.005521627793761114,0.013471068408695863,0.054409386138601794,0.022036800947702037,0.02543266851430697,-0.004043938895706581,0.0035057614319249438,0.023550853293740258,,0.009263857122674942,0.020643189316053027,,0.03337131184733277,0.03510142975241857,0.021303091427974496,-0.017072074316572407,0.030336258002827493,0.02397442769655787,0.01810633578482247,0.01732486702852761,,-0.025439406396954946,-0.002233283789931637,0.002505983073188689,0.011565524008294135,0.027005266323979517,,-0.02067488649750495,0.010601427638611953,0.031303813297352635,0.018823644551787477,0.008924489879690542,0.0004287612297054431,0.0011825349005226255,0.006704567077049753,0.026947137007936824,0.024565075026220008,-0.008854524371156075,0.021818435870794434,-0.022454580352082112,-0.031098260236523654,0.03319237506479615,-0.03574033910856381,,0.05536195570206804,0.014492145499225246,,0.020320447819356366,0.036496938371996024,0.011248494550235083,0.013904168956358818,,0.047246585045282764,0.010544025717698953,0.036853316963459476,0.008351771619422157,,0.009896858485730494,0.02656749867824689,0.005019133574959574,,0.01793167876393924,-0.0456200659945537,,,,,,-0.023706519739875052,0.015149100772711805,0.024672608271281846,-0.003937272917008746,,,0.024968090261996614,,-0.013271485647680483,,0.02277296036221133,,-0.003655954831757531,,-0.005907970466165074,0.0076854618524203845,-0.009318681928244966,0.004916563291555796,-0.025708840340233192,0.019043668705175286,0.01770797435713706,,0.013774369664075949,0.09153632419619949,-0.009371485933308499,0.02862188376419919,-0.01300339478498546,0.015995455306874556,-0.021425711944277816,0.007333271611998454,,-0.05111956125690142,-0.0037947667065000457,0.0373746000799048,0.01042274820333898,0.026550280163890817,0.005768122889940496,0.03674965575077139,0.015580289889927051,0.0271558833450029
2018-09-01,0.006633195772193818,0.024179394214498454,0.0190133057602458,0.011924999559342382,0.04747634365740579,,0.007025942030145999,0.015771995123736966,0.013380751011921654,0.017498431015624063,0.04545240412588267,0.032637946310491175,0.02981996592567777,0.011941757026557762,0.004566311049881546,0.01767537539331991,,0.021915582177905367,0.0124829897423682,,0.035198944289363675,0.04853445472034688,0.026456006826101344,-0.01155388315186066,0.028582155459678724,0.026321078881411566,0.030099486666501127,0.02753641914969386,,-0.018440959000672,0.004643355822639,0.012949088356709618,0.011422832974275243,0.02664503711730601,,-0.007205256411161601,-0.004753800193928008,0.03881865354749878,0.008458160860582818,0.019065781205621947,0.004581064866210984,0.009710257305057255,0.011318907988358747,0.02419328002014967,0.03925565393093462,-0.0052784407303180245,0.031781935746409834,0.0036923403026407208,-0.03279740994258082,0.027002104024906395,0.01758374511814905,,0.044479002699620504,0.003987331509411222,,0.02261687856963961,0.02844580895642018,0.02392553776512154,0.022564101772594613,,0.04433761130789918,0.021899868958135327,0.044436076106323885,0.02081935069502807,,0.026741496735624756,0.023679197116367297,0.021535475952636322,,0.02614708173241327,-0.03826366312884721,,,,,,0.02688920815854368,0.016133184917175292,0.03003104369355529,-0.003919683505135842,,,0.029821721406700447,,0.01038166460911527,,0.026322955820725972,,-0.005634514844476993,,-0.0064248414522425955,0.018717584328403983,-0.02526277630756432,0.0031835569454439975,-0.01741250837197078,0.025221509837507775,0.02781212435268627,,0.0050397751161524755,0.10190044036194079,0.0009999490300603563,0.030022614037461176,0.007738344369960326,0.025680971310638685,-0.02160296222191159,0.017201124791736095,,-0.07533142668634851,0.01294972762107554,0.008003459766794676,0.007067658316315105,0.029082250534283996,0.002716423596045601,0.054083602956440276,0.015655861312589926,0.05085173077517613
2018-12-01,0.005684029492494029,0.025450021116154763,-0.02653426804983559,0.019450673284416263,0.04546410111651366,,0.008154408609328595,0.020687348719371154,0.013915163576624048,0.021968147660091263,0.03186027423309908,0.02875622722192678,0.03503357603848687,0.01672842366560108,0.011724340967372371,0.05327122407826233,,0.03346720373118332,0.009002014033717195,,0.04073533650814046,0.060742231124307905,0.05920611339642579,-0.011919311455979091,0.03130995479688178,0.02401993961909028,0.03683434689121643,0.023854343172077394,,-0.01610374708065741,0.012533486233977377,0.016569640031697575,0.016011799611720567,0.04041170317067047,,0.015529008354460921,0.0018268062184066097,0.03184446108289089,0.019649023748178448,0.013366598019906915,0.013456955924954044,0.012672653385160658,0.01831077953169519,0.02553634216072198,-0.015531690624313657,0.0017997514451517443,0.028264024903711354,-0.03673368341594812,-0.026062768201303935,0.0351490692407361,0.01931947976524106,,0.05037131337321954,0.013404052886190771,,0.03508347815311436,0.028188050966142974,0.026854340303311363,0.0317031804510174,,0.03500716727140947,0.02444366307565874,0.0476351659493389,-0.0032885619313619357,,0.017385867538542626,0.026470328055053904,0.04393489031949972,,0.0270133867050765,-0.04051771533753632,0.029765933163508253,,,,,0.029966298927631946,0.019025862148496817,0.028909187561872825,0.007610872138354724,,,0.030620282689051842,,0.012693294701549665,,0.03195140759908682,,-0.011686960569096145,,-0.002514326267139686,0.024336934235310935,-0.010765316324973063,0.003956637317728181,-0.019735836153257705,0.019260665751265598,0.03315353113903981,,-0.005092911104446413,0.09518530763787027,-0.006621551955589654,0.03643294703413458,0.002847248669825025,0.027249089083031634,-0.017564296758683637,0.020213557372744394,,-0.06503864371991469,0.01436121155371457,0.020882312848643964,0.02262908771110469,0.031037198110375815,-0.017525425489336725,,0.017176413885622268,0.01467372676819195
2019-03-01,0.026656371190847964,0.01400666358680768,-0.018513342446403302,0.024764378658656567,-0.007921031480365999,,0.02118489006114017,0.022399608402407102,0.030998796558614337,0.05218456266496463,0.050414714001065404,0.04792316179752808,0.05000642128035777,0.032595554393810906,0.023481308277671333,0.04869071900570992,,0.015242849363555779,0.013791477929336306,,0.04811757617664208,-0.013482639136820171,0.0323516072399907,0.013756947896573448,-0.010723462504019413,0.024769941442366595,0.03444688968175958,0.04269738022026584,,0.0014200141534982454,0.03140515979902216,0.03374865858092283,0.02422921122161809,0.045459702302243096,,0.01944077450943312,0.04712246295540191,0.04189935511129729,0.03485090576104463,0.02010562314055255,0.028630913573974518,0.029136251126600617,-0.009393007047726325,0.03332002100709696,0.04377142877336938,0.024191114515350956,0.012840332634789458,-0.0370507483745593,-0.01897215580864758,0.02606114508236055,-0.015135759228791677,,0.02142313881033071,0.01628715649082354,,0.03902060143207389,0.05838970901957364,0.039956967452688355,0.049981466214343254,,0.040887621380155344,0.026683793689194043,0.022894925735599803,0.00837576341146247,,0.005048290674028389,-0.013113053175117972,0.032897767633878236,,0.04340321276067843,0.04208710228843428,0.03934069578849739,,,,,0.014044530032668036,0.03030033471566177,0.03178223672800728,0.019409549715458226,,,-0.004675915223595675,,0.04068963438031264,,0.029014677770706168,,0.012686282758635252,,0.005836362543668052,0.022971697947126356,0.016036738471698765,0.02847778288485054,0.0019155008497834106,0.022694382840015313,-0.0017333127301944412,,0.004952455796341528,0.041946184363911246,-0.00867245215533834,0.035549997933192024,0.021637461899937555,0.03210455461870427,0.006654498558510038,0.025386046506756507,,-0.03617543445504863,0.027447110636034257,0.020528869113552162,-0.04189386667218313,0.033570897905977184,-0.0061923319737021264,,0.036838280772861325,-0.007363247112316518
2019-06-01,0.011390403264270085,0.030268024300629085,0.038537882753938574,0.01979356127497133,0.04521043823259282,,0.019844703078168865,0.028479937709127906,0.022549043227315678,0.034054026148392966,0.03462320760807259,0.041009622888881714,0.036948062916093774,0.025278620592938787,0.01553277500383547,0.03680124485959866,,0.016118312744895735,0.03486487277296612,,0.030459458586120428,0.03946013985757352,0.05690528945076073,4.498033844969567e-05,0.04673596364162051,0.03759331705497963,0.024246640076915918,0.02838883199709612,,-0.005289934348787818,0.01981029001048613,0.024826649492113727,0.021945490779575708,0.03699306928113468,,0.020750448768028496,0.004683189505916489,0.0370405968672304,0.023668825404100535,0.020041389742811846,0.01852801853227091,0.023469130357638597,-0.005345420636427233,0.025865936421257323,0.03595534770946917,0.005622668486108739,0.036663777060989715,-0.01760048013863454,-0.018793827145000185,0.030686698191745628,0.03585878956252927,,0.005122084423388307,0.011839250720958145,,0.023620633626119426,0.03586404495770672,0.021127617148690173,0.043738889430609024,,0.02757069395090568,0.021697927005052558,0.05218893742330977,0.04712011639182365,,0.01920880498416738,0.0357207232542568,0.02248934659187921,,0.038813691872378965,-0.02246749494598498,0.016563811967105553,,,,,0.03649909865578012,0.03349728717678748,0.03303059678716805,0.01401017986867742,,,-0.026991304037816778,,0.02905199062702528,,0.03578702962582915,,0.023951998256998598,,0.008287428897037973,0.0166942461883341,0.007192348576847898,0.014887172386873721,0.006361818831787357,0.021720235193335692,0.03653129013127733,,0.03322924264069409,0.09517478678500238,-0.010019431768712868,0.03619129254133624,0.016005442407876724,0.021817654006479545,-0.000987638422487578,0.014098361510727275,,-0.04385978247020622,0.019039458130818594,0.018325129047727068,-0.030888112008911953,0.032633661811324675,-0.01555785397144128,,0.024591080482764403,0.04414102977345956
2019-09-01,0.016508394493021748,0.025424423539760602,0.03888824672826719,0.028557184101008156,0.04279812627684467,,0.02830846265672144,0.020919579466471667,0.030440127772691138,0.03122509324165278,0.048798514693950044,0.03087859273477935,0.04455535463361084,0.025533011465893242,0.01863259753342766,0.047082093255424944,,0.011701876626470481,0.017191371353090665,,0.044145873173743716,0.03240289915283363,0.03869142207135213,0.0192311409097583,0.02344978669969987,0.02428571675036627,0.028750891326064815,0.031248810480918703,,0.013682114586864262,0.03421358993417109,0.025821183200683273,0.025471628657084265,0.04116821449578468,,0.03395557272553079,0.01075268550600913,0.03084780995127527,0.028940869347865064,0.02711454187999488,0.023798751070580732,0.02708739810637971,-0.003819705483856083,0.030859467225699704,0.046279178869128114,0.025275138530757035,0.036248632123458975,-0.005189436779761197,-0.010626551287242143,0.01791495362789568,0.029640761152748506,,0.015742772268905404,0.01129398969650488,,0.03538102341900472,0.04407121515589454,0.032820225299559816,0.04491903543276063,,0.03580137476985932,0.029092675004859042,0.05274418123641735,0.025910032723401956,,0.019740766574913686,0.03043611121125951,0.025035759374462386,,0.043179116454094627,0.025067741239883125,0.03137956825750528,,,,,0.024620290629196982,0.01326105589879793,0.03159070363160765,0.01663388832811155,,,0.018534470657143844,,0.034194364081308375,,0.032194256196470504,,0.03902582318127386,,0.005462376521919264,0.025839316130153125,0.018215184654585034,0.012359343089753743,-0.0012258036605209022,0.02433690745025536,0.038310776496269676,,0.029321418384278507,0.09018331061822364,-0.003192853776867519,0.023196921767035805,0.027002258788263966,0.024484664566518634,-0.001677573532704879,0.03674904974418545,,0.011311464751489933,0.03010835852308583,0.0479308672511008,-0.022567001895636013,0.030384779403937124,-0.011375085510882005,,0.02544738565632781,0.050559920073343353
2019-12-01,0.01844514263280457,0.03000395045223685,0.021271457283641347,0.030733842213615446,0.04889586794762084,,0.020457387788649695,0.026807118485210828,0.02734884607617172,0.038053709517490576,0.04961437253177151,0.03376621160351543,0.04073743889698999,0.024133549116921126,0.01832729764985046,0.03824668623721359,,0.019255336652786555,0.02124755731392058,,0.03777610026955579,0.0475539147353598,0.062172520992096,-0.002929580493548284,0.022922524696161538,0.027979836822680713,0.04630565558885715,0.02181132889658141,,0.012084204416345327,0.018131822248077068,0.0195450157967558,0.028570468093173543,0.03485876540450132,,0.029676715519488518,0.01804578516375053,0.03558464638487049,0.03309252142821831,0.02454961100979983,0.01779977314237155,0.028266544913542815,-0.009463099649920804,0.0158751335036158,0.04658461444446406,0.02358387767081649,0.0377373254031271,0.04080132605760731,-0.01032138258383866,0.02137252176125022,0.016056514731080225,,0.014933377724286075,0.021791551588097365,,0.03676642045954032,0.05042780479494149,0.018472100206635516,0.039812767230136374,,0.026231829722070065,0.04043719482859748,0.051715316907631356,0.06880562098921147,,0.0164823128107939,0.03338248037751264,0.04790168585446684,,0.03413921235319345,0.055760291284514284,0.032245144404258366,,,,,0.03361614983313137,0.018996957630861032,0.036216290626628844,0.027531556718941596,,,0.030591118398727378,,0.02192454704220992,,0.03675087353549452,,0.046727134410512926,,0.017899065648969183,0.02244392489430156,0.04700410028929217,0.01565843081545234,0.004681842119581246,0.028079112796119007,0.029645250197750356,,-0.017307582699333697,0.09158979899576522,-0.014593054102246199,0.03251239728957274,0.020457387788649695,0.036729321553566646,0.016554488254461742,0.005378671662572001,,-0.017677869890110328,0.030542519795419686,0.04207837917519768,-0.008958305749175962,0.03541584643109518,-0.01085578639615187,,0.02779098080003301,0.03680782817523926
2020-03-01,0.00555449263067948,0.018998935453742212,0.033981376082602884,0.01638217120154365,0.04360569821456336,,0.006535195287614902,0.019412543948284216,0.011056034644782976,0.016098182469034966,0.057352091017663115,0.02611666720355783,0.021124536279258668,0.00871590829416877,0.0018431515195853083,0.026698450190388794,,0.029409229101985755,0.02420696289802734,,0.018112895583946197,0.05196239092446273,0.04364067652307549,0.0404803799502959,0.03765337207596911,0.028547881831131054,0.03496629662621811,0.013344036610183211,,0.0005151607560095043,0.005402419411800998,0.007394161203095003,0.013392369315121843,0.020028976494027934,,0.008335299323121081,0.01862567739219413,0.02219532554648428,0.008749007271954747,0.03110643727209602,0.006041066329592181,0.013301524044196518,0.013464740375608013,0.02481106426643964,0.0478814450503212,0.014753343878850172,0.04003316516797524,0.009212219297276775,-0.008813391323990054,0.018116172779682697,0.02436380162792096,,0.06040592933315441,0.029384639458341598,,0.017974211686046678,0.03802268622032521,0.026529900548689665,0.01802666667613634,,0.03632269417870272,0.03442065963489223,0.039293992014069905,0.0185261555787484,,0.016347031891914065,0.02439757008980884,0.04038202230214872,,0.014097569516539035,0.012885831925165472,0.02075751667340405,,,,,0.02587784268054892,0.02353318988678826,0.034857386215777275,0.005119808358344584,,,0.01763097111679443,,0.009512971647945307,,0.016120186775392165,,0.030295885481731292,,0.025150432317992428,0.0319115121549888,0.03977610283301492,0.026847442447000425,0.009919813427972045,0.02443205421459262,0.037994539505629824,,0.011013332896004637,0.08035815101295375,0.008997449663984608,0.03031830895505137,0.006933838895638079,0.022635827218806387,0.0003789164732381953,-0.0037029174770859454,,0.02460678446877959,0.007882488019822682,0.03667359218692064,0.02010979935102736,0.0351163272671024,0.02353158470366422,,0.035725292309394786,-0.0038511364769871228
2020-06-01,0.004122100283317541,0.023386294874604113,0.0785224631944354,0.05805857179875749,0.041835857583050265,,0.008350205980423813,0.027337740770735787,0.06891876627451325,0.05701996775030507,0.09136568638471342,0.06568897203809723,0.07092449158511677,0.02272735442576506,0.020977919292226265,0.09346162097750145,,0.046368114386730136,0.03439505547791467,,0.07504614072934543,0.04872896774055474,0.057343920078254035,0.058114909609454764,0.05602145662572971,0.035644836964151466,0.04323888539522467,0.05082462338002927,,0.011331079012693465,0.03825478575127551,0.021411032549708917,0.02196610913031953,0.0559143577735451,,0.03588638025854931,0.08496026282216496,0.029224534713541285,0.04399564653985827,0.04121323090630192,0.04439577586905175,0.053618385130803005,0.023839150439344023,0.02831760403896948,0.07422291072406713,0.06567994441026079,0.02640487840010694,0.0540282906803225,0.004196438382620238,0.032935823900091546,0.03238196818466894,,0.105778349998319,0.02593954514225614,,0.06487032041398107,0.058421186777272635,0.042504666406852624,0.06169926939403411,,0.09273470911218103,0.03598052226659052,0.04010256940907569,0.07508661789014633,,0.013300005003414923,0.03313674721194908,0.0668732577165331,,0.05026506334959326,0.08138357182972059,0.030104264969239458,,,,,0.027748858974966786,0.03172628716662239,0.04373755742406491,0.011641434560263177,,,0.04169947965434902,,0.04240234356220975,,0.030312519173319757,,0.07661731889931989,,0.0324246882331848,0.028189127386908756,0.06441243658802509,0.023249723639609993,0.05819351028977489,0.027629963872908073,0.0472128834697945,,0.02118829850694227,0.09656863854913836,0.028087092014862734,0.03444691989964634,0.02422918002995407,0.022695818042504978,0.027437845159529625,0.018714575672628596,,0.05686223578136012,0.025011338046031326,0.06497599266701007,0.05626850126976381,0.041637306331573386,0.04133660958889628,,0.04296905140048274,0.03581237085531916
2020-09-01,0.005300891604972388,0.044571811999286795,0.025656490698181694,0.040472985827143405,0.02256283247028234,,0.010364360728939159,0.03163916311151342,0.029849037606637506,0.0333275456031056,0.05744906037418967,0.04115693575233739,0.034931200358696124,0.022161654195482796,0.01651459408843694,0.051105911766464264,,0.05730424825064965,0.03840332206164166,,0.05151717368311239,0.031171872286677775,0.06387315291333721,0.02783531911241105,0.020046586637026746,0.04331039531799238,0.05080759680245061,0.03411243872373699,,0.010784887304398789,0.02859456594179183,0.020861529920376785,0.022738933969408247,0.04384590970995897,,0.030367009757696527,0.06307532304562807,0.03806323461859659,0.02860534850691953,0.044076534147057936,0.03297232385992466,0.029733749455587186,0.03400912219304422,0.030490354801708718,0.06306095691734254,0.0523163494391652,0.04468508144280151,0.027627667940896494,0.001679492764387846,0.019917125348559203,0.023604585201777842,,0.0514905375472274,0.03017788203712428,,0.051662259524710916,0.03196168092812892,0.015486487294520648,0.048073678476775746,,0.05376990909173347,0.04521918345108309,0.02623607637124555,0.06974770341379155,,0.010681104480955002,0.04349039055380905,0.044525158011794005,,0.019015355685337722,0.041216980011978786,0.024235190696992533,,,,,0.04955198409253169,0.02802714230915983,0.049505979468789665,0.010187034440495174,,,0.014904539882688165,,0.021137620590381413,,0.02974979897050597,,0.04951977865792112,,0.04519746408889519,0.02209358439564861,0.025068935171352856,0.025300929497913797,0.04739603427412997,0.03023956833100896,0.04772649205581428,,0.033187045836364,0.06633916058937915,0.03087033962526361,0.05258664289226273,0.013485963266122137,0.027815421929217033,0.014692337440167359,0.011804985063110484,,0.03415452056777209,-0.0017682990976381973,0.042910610717880666,0.04733470072814194,0.049902448954817505,0.025082564885873387,,0.04562243694817887,0.008148968424954566
2020-12-01,0.01112715903245794,0.03981444565321797,0.020914335690081193,0.044922227349771277,0.03842460756919983,,0.018793013389354577,0.030657540412497054,0.04277327047913387,0.038158856952433234,0.049943119052980205,0.04626010202251675,0.04184097692725928,0.04111983352679872,0.028873081032238318,0.05036527766225978,,0.03792659594841718,0.03526045700027593,,0.04902290666689674,,0.04686133647175327,0.04232734798819239,0.01757740032469284,0.039662510541288346,0.04479477163409478,0.030805293200160743,,0.005456731965880714,0.033958148450925076,0.026690460518203885,0.020017809814811983,0.04732413316306289,,0.028408580849853742,0.05483023889098328,0.0348653015206836,0.042595516975303546,0.035355219474394343,0.03609977256256885,0.028105558677146432,0.026239977151849843,0.029026138708626026,0.04744158669749382,0.0474639848406595,0.03694674109837912,0.017934769856637035,0.0008284984382478319,0.024152648674333404,0.028480171738800606,,0.049943119052980205,0.035373903407645096,,0.050168848164471785,0.03983288050832547,0.018007891429257256,0.048694699535391975,,0.05203780728129154,0.04507189129022707,0.038464424484041485,,,0.029822054182515934,0.03658208503620698,0.03977686060747978,,0.014864818660940075,0.004452983871189173,0.019861878220947208,,,,,0.04381050226366243,0.03487677866842258,0.03969093630012016,,,,0.04230188752513455,,0.02829508556708987,,0.023636197948232466,,0.03974546144292467,,0.03928333530726727,0.03225863124486977,0.022103435813296168,0.024841302739827917,0.03597831347223963,0.027058448277688076,0.0434911741886577,,0.014053728254228934,0.037715653130051804,0.018909666010822376,0.04581614557815914,0.01619254520719,0.028931494622351138,0.010330612443509548,0.009753154431218925,,0.02449720747567607,0.006197483769960882,0.02564525079272792,0.041774056906427735,0.04034725786668069,0.029226094560682387,,0.03921348806409739,0.010062017315422937
2021-03-01,0.008899456443810969,0.03671113135723968,0.01684220944016967,0.03251053966355877,0.040684490276688676,,0.022539132208723403,0.0279586187283393,0.030419792513360668,0.04024667384986432,0.054834179639691054,0.034138534136925844,0.03345858796363596,0.026907833893486353,0.022147004146584298,0.04624099405530121,,0.03208660319538881,0.02847987333118493,,0.024616482744920593,,0.040461694766759315,0.03480374495232804,0.026154556450054343,0.03537325985374689,0.03986214990991213,0.031090594321115557,,0.00873450414877983,0.026716967762511347,0.01841422885800459,0.01714422767096517,0.032221678310810936,,0.023186099584750475,0.04793467477057972,0.033460558842942835,0.033862083647108104,0.03349335879658775,0.02545795822423556,0.015836973082407068,0.029063542631467366,0.03040435015038094,0.04946495542347704,0.03765930630028013,0.041885033132418155,0.02419983751191718,0.005339364305468341,0.04142180110317413,0.03242583577336973,,0.06181041261194397,0.03464552908126738,,0.026562291043098093,0.02742358973258006,0.029109056351033124,0.04677229055513088,,0.0348678471561615,0.040751696995758445,0.038665086233698645,,,0.028654500402670268,0.035982271991845526,0.04224321391204883,,0.03507016118948877,0.01877479013175403,0.01707735523354542,0.012077716635903814,,,,0.0392852497178042,0.032479404522327254,0.03773637264644898,,,,0.04255813434334636,,0.016626902517138605,,0.024859385045342543,,0.04072052938617656,,0.032106839665198984,0.03128922253951847,0.023862258678533546,0.02691503567509821,0.029869406415391122,0.029153040572175562,0.0443104171054903,,0.013809533706403466,0.04802171651105696,0.017208908755729634,0.04026863369127624,0.01524555814029556,0.024078589142685326,0.007540701470914073,0.006939843454808283,,0.03576628600494238,0.01769679868761238,0.03495834490265527,0.034105013421262334,0.03712901025631309,0.03578567637000678,,0.040839953779742075,0.018086657156244898
2021-06-01,-0.0020968478670552394,0.012744577350158593,0.01811055497327043,0.00171304477812566,0.02176625388875333,,-0.011213940898064956,0.002964437056175869,-0.003689676481172577,0.016626672903011137,0.03070518701332018,-0.0030962877530560182,0.0015413470229043668,-0.011852004789746835,-0.0069358822938139645,0.0016833506446695783,,0.023854595021056257,0.020088713382873838,,-0.002482154416721148,,0.023626806360138038,0.016042819820512498,0.021456318967311615,0.02184512476276806,0.023800115068018848,-0.00024598545678855647,,-0.006293432668998038,0.01956518471724246,-0.012979450537509702,-0.007495154853319765,0.003843451405148197,,-0.008243523007291729,0.009172318895667258,0.020628171863966992,-0.00390958243199365,0.023459092462980113,-0.004943797606496141,-0.0038481491003987574,0.01443984530828493,0.020427151935854072,0.026296202217637055,-0.006663118038837247,0.01831084982200518,0.009001201448593777,-0.01909006362799058,0.017826132926537543,0.01794933530929823,,0.04597991119845592,0.020121586444773895,,0.0012115181878199468,0.0034404062749861758,0.002675680154618101,0.01129352528139437,,0.005029107406192365,0.02561795412718257,0.019821731443431915,,,0.0033933210841876867,-0.00021739910173517693,0.019475497733911894,,-0.008397185887713191,-0.0002026478377925155,-0.00010593257904776395,0.004464643781664761,,,,0.005362237074627269,0.009452346864405282,0.019245784539120455,,,,0.022828013150187974,,-0.01516150804744898,,0.0023221912042489415,,-0.008159991223230285,,0.016740888087748942,0.011535932202086312,0.010835146327533357,-0.0014546445284409411,0.0054518879197072035,0.010193563130863942,0.035637666608306126,,0.0014474953175767269,0.03748214498141912,-0.0076575766427105976,0.02184459563742805,-0.01201571287017768,0.017727215915915386,-0.009587280326173505,-0.008421807349020146,,-0.0019181807795056168,-0.012694255616854742,0.01662929460434521,0.02129659661654921,0.02422227886254196,0.01890963566474044,,0.03175161156914128,0.01262537220025563
2021-09-01,-0.01733572917067772,0.010761906928776903,0.020703084174293576,0.006352001401852056,0.019344188102847798,,-0.012035168950501822,-0.00196704199431407,0.0006685069470226843,0.018329266008591704,0.058650867277135796,0.005800727851033417,0.01380778976453523,-0.012019603489440193,0.0013502263459819889,0.0168010582637208,,0.030739524749991642,0.014335113750464262,,0.007717076367366357,,0.009208467321314402,0.03272137010504322,0.02802057328310359,0.02646043476939762,0.01990590491764672,0.008016818521440228,,-0.0076218253353837395,0.0152715442984434,-0.016480919032685032,-0.013763116894239688,0.016634427480671312,,0.0011312804344565447,0.012744045517916794,0.020909663130886186,0.0031221939604768644,0.029632508873856978,0.0011222727331510083,-0.009135382831235099,0.014615037500641075,0.030679723344612123,0.028243693657775744,0.009190035112183614,0.023141018589869597,0.02141082266083671,-0.01616282586198647,0.02182482924289933,0.004372446674561611,,0.0664627237725702,0.026371942406861703,,0.019113144468949378,0.004592054480758558,0.005237063938052341,0.01511858070486005,,0.020057282568404243,0.03491565629697433,0.015469170124670011,,,0.0008959471158343019,0.013071477800075178,0.023590999411671115,,-0.014141015149984748,0.02772719717596249,0.004974316800926098,0.014171390659151102,,,,0.01858597536148355,0.0017053543315715622,0.01986805069968495,,,,0.005540692759533079,,-0.014675052271055,,0.007613668397063814,,0.0326967260214069,,0.00513121765276342,0.023154292990949874,0.022289022599177775,-0.0008132059070651531,0.0030630391741239514,0.0065278038799974625,0.04478505381955295,,-0.010043465838650602,0.045858100140026066,-0.0011778392352737575,0.016545799090707972,-0.014303727527959194,0.014846617397805571,-0.015571064405127802,0.011189624883585332,,0.01126750209316208,-0.016610677635985324,0.019164841926447337,0.025396869066084488,0.028826705929741358,0.03230190939103997,,0.03851062688707319,0.013887813567222827
2021-12-01,-0.023866747673928254,0.01406886806008292,0.01996035960584765,0.005014370227479351,0.008474788257171717,,-0.02448477861778877,0.007321313751661007,-0.014769857360326304,0.019572835750428657,0.05467882452617019,0.0013382256716622694,0.013520567522195215,-0.016516503966271728,-0.0062936557961279895,0.013937980232362956,,0.03990590232170683,0.008946938255116362,,0.0033820110371269516,,0.009610893771514365,0.0166298278745711,0.02161547781133704,0.013853855460446441,0.012846978013244225,0.0036763392332955593,,-0.015207525917755043,0.012037141477242759,-0.024004124656846187,-0.010070631143221744,0.010424202054556308,,-0.01104066657239776,0.005288828556330788,0.023142561111975803,-0.013148072669692265,0.020464738167481563,-0.00017732171729915698,-0.016153619346691704,0.0059267068313797995,0.030292924466341364,0.038602002303000725,0.0008084995623779178,0.021300846694608057,0.020848232593698203,-0.005185840635409795,0.016184727071434278,0.002077339046628571,,0.05698019821610912,0.025005637112769076,,0.013401999697524763,-0.001209578051888904,0.004209741909505379,0.009966730948490495,,0.016637896448353767,0.03029437955192893,0.00898159208658869,,,-0.00904639121523846,0.006117434253478133,0.037947764597900224,,-0.013709609889090328,0.027878754486080588,-0.002298827583946812,0.0196351069455163,0.030796070988097047,,,0.014932052341562722,-0.007055869266043249,0.023497891972678354,,,,0.009145067197680391,,-0.02109699319763619,,0.0069258476456940405,,0.01849841147763911,,-0.0036588419128091424,0.01709814455687207,0.019022815847976805,0.0049209433035604135,-0.006088244284973964,0.0002646278300934374,0.03510230030938837,,-0.01739576848263766,0.05029399395164193,-0.010291568419001673,0.005493576160240474,-0.0278010590627258,0.014295543620867015,-0.020092999216097952,0.014802834392808715,,0.0017183747284096613,-0.014059276659621738,0.02199661864111028,0.009089651406040787,0.019780890875755134,0.03234781880587775,,0.037477665216174245,0.006431867281970634
2022-03-01,-0.018949539632463555,0.010601515067229846,0.03156340371655575,0.0005928410285765844,0.018413896228973013,,-0.009086037224217773,-0.0022601438130693957,-0.0043207073409191376,0.030862449565935646,0.06658116233898959,-0.0033841996332739004,0.004637242478889243,-0.009347712147794191,3.750192607819105e-05,0.021132553010439935,,0.03160169758794013,0.01676710787302965,,0.010989758342087624,,0.020562178261093838,0.024076666700559093,0.02333964561186511,0.01896549549504448,0.0060326221654042975,0.0029585823739906114,,-0.006613265660558686,0.017546641495981445,-0.012801064372305274,0.0007568555119846978,0.026123960904611287,,-0.004321619553734025,0.011081448681453812,0.016850708318970814,-0.007187559223643116,0.027361490464205253,-0.00039721754160969416,-0.011291784596358509,0.010007914708667954,0.03606689945501124,0.04788870904346295,0.015006658613047268,0.02243386122849257,0.023990474512678547,-0.016834783048867125,0.017272414599969914,0.01887541619988157,,0.06275876839163978,0.025978388376580366,,0.011594015385769691,0.010192347094785878,0.006910530986478755,0.009906764329634886,,0.026744773352889925,0.025955567721768526,0.013092352688045312,,,0.0015950637438815563,0.02950343054325134,0.049678087772575645,,0.003808446479054742,0.027238764783177296,-0.006058720820542581,0.02790228512680218,0.019249918201128705,0.010236135341546816,,0.018647853296393558,0.013043506643027877,0.016799894148615054,,,,0.017288273080049182,,-0.0038321985031326013,,0.012476538808378972,,0.025382718328664292,,-0.0008691400614283466,0.026973183256343264,0.03675226076143731,0.012905763181674572,-0.0018072487578921765,-0.00468697739585413,0.03350679961262108,,-0.009576035175774196,0.05122655052357306,-0.003776459192495011,0.0034287605105255614,-0.011061912386862821,0.006786860622392335,-0.011034517775583922,0.0156804573037322,,0.011855574391038242,0.003332259399793529,0.03370863780862978,0.012418566199074133,0.02512722012726197,0.03416915159928861,,0.038343527769299474,0.018737454211348217
2022-06-01,-0.0030508052928020896,0.018007186319359342,0.02137236000558362,0.012380774859111097,0.014543385657268294,,0.0058602148559255786,0.004824145898561882,-0.00108494064881504,0.06062100855278759,0.06348226034409117,0.007606440449500671,0.02310138562615867,-0.002697000799904553,0.00903944027725564,0.010938681074300174,,0.03307226996678278,0.013050213744754551,,0.004866154800203571,,0.03157226206515842,0.041011368204719026,0.021171723298833944,0.02321020209204659,0.01707230916782037,0.011110851844772514,,-0.0015421145574618434,0.015323971982666518,7.238220710895977e-05,-0.0031454832298897883,0.017396261124494234,,0.005920695054625347,0.027429548172118495,0.03314566995129532,0.004820881113327848,0.016181019284423313,0.008747362347982715,0.012631752348331162,0.019990005231446128,0.031183894060069682,0.05021664626614413,0.01548326717837042,0.01565365816788231,0.01949942338574425,-0.009007909040448127,0.029552017240501858,0.01575159886422305,,0.07014233267839459,0.03785365798016492,,,0.018337024132556022,0.022370142135655614,0.01649172166194871,,0.023671732966168507,0.029417498338323148,0.01812110759809044,,,0.011139042422153784,0.0174876347442389,0.037621987657214716,,0.022765565034354417,0.043851258374703904,-0.0001112948078234787,0.020894887491018824,0.017571054454539107,0.014130962700474078,,0.017848017555786026,0.014240740801671006,0.014607721424026925,,,,0.034555311381329355,,0.005230239054056337,,0.009247713282658224,,0.02079563113856837,,0.008319987990302367,0.026306906296986912,0.01281170915758559,0.015342259718314297,0.007686048384684432,0.0062583194005034135,0.03878726304616841,,0.001442909795635821,0.05456544245243636,9.989457226027904e-05,0.014595776721801816,-0.0035531557320826967,0.01285135547901288,-0.0031683274210508017,0.013894618160677597,,0.03143191358067092,0.021574217158094725,0.01580173312038481,0.02568073603483848,0.02423835955770618,0.014285037686010723,,0.0352199545465045,0.026898791326258612
2022-09-01,0.0026598206342853758,0.021676740760285553,0.020145691201654284,0.03370603274704957,0.00951192588460821,,0.014784366594131819,0.013009593554216325,0.022625363831797723,0.06446870999739769,0.07493535683580811,0.01522969837577943,0.03322234880455789,0.001773083799967539,0.013830843998269442,0.012156988716720859,,0.038619560431346615,0.018875604421877856,,0.04058305550664794,,0.04232576793810896,0.02139650475849857,0.010201667645759423,0.029046035183386564,0.010836524558430538,0.03560412128502911,,0.004298447349060064,0.022186074498759346,5.192144613049667e-05,-0.002974824037492633,0.03202825923557095,,0.03587906634346722,0.06726581667433114,0.02757130560930024,0.015724556822754157,0.02238683959131639,0.01635376333478177,0.0067489643044699905,0.022575161274172483,0.03682082812894242,0.048253359225454845,0.03606029563818005,0.02023385937366633,0.03401962962897373,-0.002651242926562412,0.010249719424225201,0.017689628421525133,,0.07960486901179649,0.04508479739570135,,,0.028877553782796345,0.028440245438392343,0.05209706452627935,,0.03209687284548079,0.030686915505287227,0.017839483365966562,,,0.0028132846293600433,0.01933397408497329,0.04521137573292685,,0.04132848265439376,0.04572995332423835,0.00718142367460469,0.030685501571176613,0.02816562481636853,0.020570428207582352,,0.018221607759923014,0.0009693974640050881,0.016495607125843924,,,,0.025820970325782566,,0.0052966970897521505,,0.01512092341507207,,0.009629287159934965,,0.011703601581367686,0.025130696581148,0.0174885661079017,0.017879845682631162,0.011783618668830563,0.011489298979046403,0.04367420078157197,,0.004277645321438205,0.0554675519083297,0.0022374650211069115,0.015525311176505758,0.01309441543456216,0.029560987071696587,-0.0024468067032325114,0.009297159684080934,,0.028627034581514266,0.010838383009568027,0.041597481830132545,0.02763633280838475,0.025913177127081896,0.016670843142758174,,0.03287019192024756,0.017892468393749125
2022-12-01,-0.0013482720175673991,0.011438305908441693,0.026556699270837987,0.04702773947498909,0.02635945127825502,,0.02543174657720461,0.03290920328310412,0.02092644975315726,0.06303773156897607,0.08525466982154134,0.03984461301926154,0.021756969745001176,-0.002630622082457026,0.03355530635020443,0.016752262710083985,,0.050537639049610686,0.016487651409091638,,0.04375223575893016,,0.02769081104968485,0.024107679596859128,0.03648335302043807,0.03439915302730532,0.002790914967208936,0.05292342118733686,,0.007156132294782054,0.034561138099729875,0.011601606851611247,-0.0020476585997500157,0.0398293713182616,,0.04055589443841197,0.07804348227733893,0.018382833843379166,0.02352825730017887,0.027872235057029494,0.03604032756496207,0.008212466703459216,0.015519656408309384,0.04100833684344275,0.026722656231207734,0.031204081924804502,0.014689157369465093,0.06447256220449198,0.003244003728555138,0.013543547958993294,0.023706645543342612,,0.08782802153594738,0.030378912444495962,,,0.02276039477569474,0.034436533816221575,0.07681886123158937,,0.04795281105369176,0.04714208265613297,0.022041311961867205,,,0.0001841864930431377,0.02483340834883074,0.06617821874170011,,0.04830411502933561,0.05368469189910949,0.016137485810216786,0.053183810373856805,0.03232398386967443,0.035563376433423194,,0.009226804784557341,0.00013061925338271157,0.023290324029047134,,,,0.02753791423130062,,0.020865613968635337,,0.01120196013771612,,0.01492457791439803,,0.008225904984303888,0.0325356605043535,0.03004151098350965,0.017300237584555886,0.01747237604695424,0.0071479733148554145,0.044475100353940505,,0.006485555165937307,0.07358083016217586,-0.0023637689335902537,0.0030301035432083023,0.022257417479865885,0.03614918418343703,0.012765421694984722,0.021078562230959653,,0.03457645024495335,0.011619606792149718,0.03967535470660012,0.023420693452826335,0.014474662792140847,0.03687298348502497,,0.044004333710116486,0.032983241718137865
2023-03-01,-0.0002873139141237989,-0.0040072857403893524,0.0018591987728986956,0.019209718550186196,0.016276341631537555,,0.017082367098169567,0.03428822807683222,0.024316328260624957,0.04860589716163486,0.0773743572117815,0.03585596848280419,0.03330842997132897,0.022591438590636087,0.003155945777231009,0.007228698881228412,,0.025598045379762863,0.013062116245664612,,0.03638758224135067,,0.022818937249123105,0.027226462551426137,0.029240160410259775,0.02391998844717075,0.008810304423064394,0.04453475265352492,,-0.002075874711541895,0.023964605112322724,0.001642406120015944,0.011372231069240058,0.011794618527496265,,0.02225091065923032,0.06300156216703198,0.01324579391643112,0.028323762477729452,0.025911177449131725,0.03517677166309112,0.005869276763909533,0.016908154759570228,0.037751430034292745,0.019385668792537277,0.030873869271721692,0.021996055041595405,0.05644819467465109,0.0035387723530952934,0.017013506807457654,0.03169054473856404,,0.0773743572117815,0.03093451056904102,,,0.02919692598476507,0.024770344901623994,0.037110168029087544,,0.030397737644178253,0.03993354633242941,0.014767766993415423,0.02995707938999566,,0.0014080700403852927,0.024762543693037046,0.049240955110564325,,0.04663657824505974,0.057541492132450384,0.012455413619790714,0.0562947961705741,0.03387182812210734,0.028124160486056683,,0.017693032952371682,0.0020297662902046764,0.01864614150307567,,,,0.018218786475949118,,-0.0019695131379674556,,0.010841730099486892,,0.01970122939395417,,0.005599908296595457,0.03302570050414802,0.029380580925280245,0.01715628733067454,0.02194811658626854,0.00581461012182209,0.041788537205866796,,0.004820066212393423,0.06889480520986044,-0.0024739702936072343,0.007480737791742894,0.030504187118578992,0.018314620179634304,0.000510704428013303,0.018531090249039137,,0.034316177497938846,0.019613107439267703,0.03117411655324991,0.023315927011323855,0.02856093557466159,0.034494353129048104,,0.04239056751076892,0.013245551482948995
2023-06-01,0.011911440279925262,0.02384075960715291,0.01601593881984376,0.0359583565412923,0.010508035570247891,,0.02458725808370007,0.022699915438529422,0.038762982224499754,0.06082604841624786,0.06505334789599068,0.041992541152193995,0.030526192772889486,0.04171462701999189,0.04100366987624108,0.02574541961098176,,0.024090680260916805,0.024091804265260346,,0.04750899292107733,,0.0333632250202457,0.05603238160645616,0.02959492129609739,0.0333018474800967,0.009198956141307084,0.048791715219829876,,0.011184257935402984,0.059989883854489945,0.0312680653452669,0.010074685204386284,0.0436271024305038,,0.021133425049105266,0.06068086271628462,0.007510847481130626,0.04328769357742302,0.029689409078738703,0.06146821575364534,0.017610733996092066,0.020009577543329972,0.03306689050262656,0.031166133620081183,0.04088868897554636,0.015153141749687668,0.03575719018208562,0.005302467356486457,0.022778875284787524,0.01693770632166486,,0.06505334789599068,0.043511508526683826,,,0.0346232180843517,0.02944261317276759,0.06603945597034687,,0.024248587653700505,0.03893465791946177,0.028910123557373654,0.030898794859237803,,0.021070972670861415,0.025120617630066934,0.04324153224172401,,0.05072702719516016,0.05188225765422819,0.029112335663893672,0.03830339527369854,0.027070428391896155,0.023577739242132058,,0.026657217960216282,0.020941363174173496,0.009276761166582843,,,,0.02549044438729429,,0.006095673477151758,,0.004551008023910122,,0.008493923123172603,,0.018099232160586592,0.03185857795686919,0.026852870313427174,0.022365614055459126,0.02393948433377074,0.012947487216683888,0.043748987757787294,,0.018934784626429738,0.05960561472280564,-0.0026615485228003877,0.009429515952597684,,0.031463111043129065,0.004141825642489899,0.017159771800383705,,0.033127813127749935,0.02259199489230054,0.01625520510651427,0.026821169882996942,0.020904782104565204,0.032185213370711854,,0.04306196057058252,0.007313389981329899
2023-09-01,-0.009145441510096169,0.012443303369594523,0.015175431015153975,0.046469190493372704,0.0033573061000612137,,0.008205939181968512,-0.004025088435910366,0.025688356943060594,0.05383297617168541,0.06461297182669629,0.04035744092456486,0.03529466694257434,0.01983160187939465,0.040542671547517416,0.06892840264866916,,0.025635777085712866,-0.002000965165215582,,0.05786770936428216,,0.02801367784784485,0.048051554369263706,0.02797948324128904,0.006800177083588253,-0.0005267532368591013,0.055074429478304585,,-0.0026647257008286162,0.04684983360419801,0.01129808977621926,-0.004970513762883749,0.0714016463574798,,0.03371024339618803,0.05226935494744194,0.0037637921869221485,0.05769101809234616,0.016367886779043016,0.06143381482303037,0.0015420515473543066,0.012969621936792347,0.025404915000748932,0.02339588954518806,0.0448403895800942,0.011772355862148826,0.04265057761236649,-0.010191791077763841,0.022087600362414493,0.025942747864822643,,0.06653732596720863,0.04285789381604405,,,0.024795864156719225,0.02892032801331604,0.06497038388543835,,0.025319589363451547,0.0415114206710724,-0.0004503260417893237,0.023460082121003763,,-0.006659136576491044,0.02197429542528367,0.03738616483609852,,0.034105811197222564,0.03946512687858589,0.024975394434068186,0.04713742433237036,0.031177697858351987,0.02546115413733926,0.015780274308222562,0.020129152033700505,0.014071419407866135,0.003416005371955881,,,,0.011452786430594972,,-0.011119703052064221,,-0.005915033716825863,,0.0017311801604454507,,0.01020872414561844,0.03238515444197166,-0.0017092053377585012,0.0023789109430362595,0.0072451339591997465,-5.507832690967239e-05,0.04766428208596717,,0.01444338269097624,0.06319671907492144,-0.014427338346970393,0.00010559753778625426,,0.018944894459005934,-0.01255629011110999,0.014528966772725966,,0.036230763434027,0.010840363067680088,0.019265760907090087,0.013929366771405277,0.009530399140532029,0.04039171011648406,,0.03663748822303993,0.013468856152039804
2023-12-01,-0.00975660135354467,-0.0009355454231939961,0.006650102284942841,0.03464561466081488,-0.0028900449499750253,,0.003557234792043509,0.007693480533173899,0.01534615540926978,0.04757899400082606,0.061565445324848964,0.02404321655775324,0.02133913575262285,0.015787711605295532,0.034516744990510696,0.05392556915287238,,0.026129678280502597,-0.0063642063270121195,,0.05496789848485295,,0.026164393263673508,0.01923925489423733,0.010438869360894587,0.008337070484169607,-0.0028225626476093184,0.05481096664009932,,-0.0007538806814165427,0.035338477159374354,0.01676876927250814,-0.008013191066591664,0.05807975020790419,,0.01142031914932233,0.049975791243581424,-0.003382661971309268,0.027582335421242127,0.030062651850863653,0.049744665687798,0.0026135159198518677,0.008277772436491063,0.03064469546400999,0.011562486250164072,0.020328287810888034,0.012621713640173997,0.03645529930925042,-0.010846519126301983,0.015332670092869673,0.013963167820952006,,0.06201102982118944,0.03636617731382188,,,-0.0005906496655451141,0.024524566319198783,0.056873454890429616,,0.016769737367538604,0.04268516417097217,-0.001688124209621244,0.017832517197283484,,-0.00702896307373774,0.018200295462414137,0.031029226945964158,,0.024149258107369724,0.039598455878659226,-0.0019563703511002177,0.048886589351760226,0.03422882424925655,0.03175087384875053,0.02591932569942614,0.015565331424072697,-0.0011783794024458095,0.012608301451575434,,,,0.010864334420243156,,-0.010254001352700642,,-0.00433868976569429,,-0.00038447707238585364,,-0.001482875591102677,0.03604394028485644,0.009311993294594124,0.00038643495060447747,0.007172333128576898,0.00527799697088961,0.04834984362643944,,-8.628634097794363e-05,0.05663770732959016,-0.014596097772317993,-0.0028597592290130367,,0.00751235449339716,-0.011307144533901135,0.016567067714480122,,0.012161912596570457,0.00010808709238712116,0.02644251039835402,0.0061755248232787585,0.0065131996744405415,0.03641587828596226,,0.03468944066679035,-0.0009652291369954407
2024-03-01,-0.012891563645967337,-0.0018072404767207628,0.00859121999828349,0.005359723791386704,0.007887726515199077,,-0.016132381613934196,0.019184611167364238,-0.00969051913779328,0.047221316849254825,0.05966597041697898,-0.0009209794347392887,0.011182800497405242,0.0049040713308645114,-0.006104922058434638,0.02688574299076203,,0.01667511042837304,0.01372423289622186,,0.034278728872750366,,0.01897485767414099,0.04255875446478134,0.027310753924015517,0.011499059719288733,-0.005134296792518312,0.0226548001501016,,-0.01000249578745598,0.010139685828310525,-0.013748983738445615,0.0042670486890277,0.019087529032864464,,0.006408352612840254,0.044971289983847196,0.004948226732812293,-0.0040080753635716075,0.02341567589954257,0.039515264751508405,1.0171546241390122e-05,0.006558954728400659,0.028064569376517565,0.0260572323176359,0.008987205443720498,0.020205614983889522,0.0532352713285519,-0.006804448622266195,0.017940410317037785,0.015743488764215236,,0.059996291825202254,0.0433628890657986,,,0.013402389597577837,0.01894666731482768,0.03914655245357415,,0.015258204425367117,0.043742565153152,0.0013769409554213166,0.013058795330455997,,-0.0005793396361134877,0.02192636531593787,0.03820268013172727,,0.004521868688887512,0.0448241532878584,-0.005954467429912738,0.04887677517432046,0.030369888143082512,0.029533744365586825,0.018244390697319715,0.015385657318683597,0.003933522551432227,0.006554382838528477,,,,0.01240698576599867,,-0.010975746343428945,,-0.0038780673171238634,,0.003045062659990424,,0.002003498920460394,0.027158024162952744,0.00865049704164907,0.006636313874386876,0.013573796154279304,0.0001507332643257727,0.0341197361502365,,-0.0021345666018956415,0.057097246345043526,-0.01644717930358691,-0.0028485905537475797,,0.0077897194171324124,-0.011098720582681344,0.016528582543739657,,0.038096705296096586,-0.005920202435150894,0.015076532644126863,0.00597678836188561,0.01553614393523502,0.0406244988287862,,0.023012541012734086,0.005619404066645379
2024-06-01,-0.008663373092593884,0.011409174299500372,0.006931630054246314,0.00653166245826856,0.00226733883279408,,-0.016844506887678367,0.02124333870948471,-0.0052566056461489435,0.04437727023856182,0.04051877955386625,-0.0010009805958835437,0.0044557295248956385,0.01172773589422457,-0.0029787242189667743,0.02006157064174405,,0.017624934486811728,0.012320376684897126,,0.011917420049065205,,0.009955497822942238,0.01886033390694479,0.02126724574573111,0.019024684358423253,0.004583546171302949,0.010737567389196623,,-0.010090792225523147,0.0021732791398705797,-0.00836540714688316,-0.0016314148718470235,0.00517598617855887,,0.006959428995666824,0.03127799368074788,0.013010819003071756,-0.0004168824373782611,0.018215438340739007,0.01561167508958925,0.0015486112102769476,0.008688972022919132,0.024363116585962456,0.022229525147954305,-0.0002765539156664364,0.010090253441079569,0.029729740091473004,-0.009706270194156739,0.011390385815731615,0.014430345277287353,,0.03393056894197884,0.03839803987087524,,,-0.006298530937931815,0.018854484041747915,0.03686266088094899,,0.005284711432198955,0.041939094442505764,0.006635789589876056,-0.00611749605623152,,0.0015142977367915093,0.016128419983173263,0.028275220615115757,,0.010974275404516346,0.03335104922113841,-0.0026673124719617685,0.03573576311779117,0.026362833488235003,0.015314781599004075,0.021532065316091906,0.0204242090344107,0.005260590346298872,0.009362092486374799,,,,0.014042100701491068,,-0.011908950463725672,,-0.004562307941363739,,-0.009096309445913714,,0.006735098465055064,0.01282183466329835,-0.009677349246157851,0.005972753179515143,0.00017647903599956314,0.008911164185786021,0.02980430717581811,,0.010725300926658533,0.044687115773133106,-0.011390834528200826,0.00803382503834184,,0.02227705477281509,-0.017637395473762113,0.03586130835634157,,-0.0015779682574805502,0.009579627448370135,0.0018305926391931479,0.01623966012296166,0.015787153127762455,0.03359791519251718,,0.028378553717943317,-0.012457705493068022
2024-09-01,-0.01598546192522803,0.006656870603465155,0.004085462403200925,0.007102410344191965,-0.0024249248992116567,,-0.011683722292563698,0.006516878808686867,0.003433902303541702,0.03317727245659532,0.014092414288196114,-0.00559223006069182,0.011879634858599481,0.005920193012606661,0.0071781230836370355,0.013763037073787123,,0.025124391010854775,0.0024277807918626974,,0.016796690242941347,,0.006206251735778712,0.0184245934847306,0.00980897726162439,0.017111988757019737,0.003609849213103644,0.0013536281381413065,,-0.0008639021212170201,-0.004234208120509667,-0.01508605073765528,-0.010162242160205903,0.009130948691165647,,0.014809653938088078,0.026150440521749106,0.016681410181810137,0.002543251287783406,0.018228890007047072,0.025230285429739468,-0.0007711717802516693,0.006717511908292322,0.025368820605257043,0.02502091834310425,0.004719691567242286,0.004648744854529871,0.009227588881889483,-0.012441111593929535,0.012436861886251191,0.004963745791572923,,0.013817149365656969,0.03816898194082587,,,0.002180433051242793,0.009794893344795948,0.03399947748694931,,0.009436409963169263,0.037766337478572144,0.002638205888501594,0.002964629795378015,,-0.009287481966937346,-0.00035322200376199775,0.0247630482013153,,0.002478196023090282,0.016089001154776263,-0.008430310997625836,0.025106009341732734,0.022341548602893602,0.0034409672801314433,0.018263351035043743,0.017446097557202424,-0.008428893384678136,0.006285016927405129,,,,0.003130956896819482,,-0.01713158915545955,,-0.0036002007260135037,,-0.00583315582413088,,0.010787158086460585,0.025431356883765695,-0.012050306051218616,0.00857927049095823,-0.007379732240391318,0.007639482787535707,0.02694885307556651,,-0.006994682597248685,0.03822130573337238,-0.0128816458382344,0.0021252518790803327,,0.006970794235602916,-0.01725102497666765,0.029936818221268004,,0.007298973699698495,-0.005014892126562689,-0.010974997081565352,0.004648225168221644,0.015016389935328923,0.03464908081821902,,0.02757943099856059,-0.0092697010010214
2024-12-01,-0.024448100584142204,-0.008678868672825826,0.0029572308459811995,-0.017370900145420656,-0.0009867296041316123,,-0.025729890970819895,-0.0033428944396446643,-0.0010038120730368617,0.026390678777322433,0.0093894853979362,-0.015430369879398251,-0.0028578759864956844,-0.0030950386785108543,-0.007812854176466905,0.031932483650304426,,0.02180572664485237,0.005227043430055897,,0.012860427995021129,,0.00563884954909441,0.012607668867112206,0.014107101566558337,0.008241524048270808,-0.0029465810261862105,-0.0026878778208598115,,-0.00931513566170734,0.007031689826174846,-0.02231778112049882,-0.005475084727980745,0.006191409831702727,,0.0006549891771506146,0.027713829933388445,0.003663003451227683,0.0021450090712399187,0.016926448293917172,0.026751517907593073,-0.008900825754933037,0.00013518837152280867,0.01227721163300655,0.015775564657148477,0.004155285913438799,-0.0006968055337473107,0.009155817360653407,-0.011308242089647534,0.00360130687466547,0.007508821629244409,,0.0093894853979362,0.010806181656923961,,,-0.013640038082191169,0.002109686389078466,0.022226691765595198,,0.00823692689469143,0.03614076540443139,0.005422258555835405,-0.0009799525961990874,,-0.007486221102714511,0.0007956872403614814,0.0164554488555417,,0.009859513308847965,0.021627265080363757,-0.016977874683631045,0.01591022858751178,0.01509268350023648,0.0026074098825809434,-0.0031929034918446514,-0.0004864052983603076,0.002470898435405901,0.013293250883458986,,,,-0.0017010816358917628,,-0.01724233988964693,,-0.007085308122290699,,-0.01293520919400974,,0.006097974367443574,0.021243922021208107,-0.022639289421654142,0.010574664637504245,-0.0027852178240925307,0.00012817439714430846,0.024587750440752176,,-0.012192340954706444,0.04156762516128282,-0.015567754340220044,-0.006910834377630678,,-0.0015702298037329745,-0.022151614271831207,0.025880853939927256,,0.012876968402289612,-0.004102973657826078,-0.004083961287509011,-0.004284327575091529,0.014216795768063476,0.03337252550909874,,0.025746258035750067,0.006688870986572767
2025-03-01,-0.015993922233385718,-0.0005277127315193867,0.003519240184847413,-0.013793057521913801,-0.0036801264032049457,,-0.020363000496070538,0.011111399827157394,-0.009449118147140135,0.022363740973544727,0.0201742511602456,-0.014859535781248238,-0.0029898414915434613,-0.01157005571108411,-0.01380356957997863,-0.008467540088736767,,0.0169391957610681,0.01047611287885397,,-0.013627582152139895,,0.0005091463729981265,0.028593842550965684,0.007759310273869497,0.014977578012037158,-7.443459223575192e-05,-0.008818373049404415,,-0.014359566779570797,-0.014013827657041312,-0.017063988409464815,-0.016842214455510963,0.0066599564313994455,,0.008234194678219987,0.01973377263821013,-0.004765029882299489,-0.004721865511867306,0.019087517642250973,0.0065929545528509844,-0.018717676663407044,0.0002800137237526475,0.022198222035389435,0.003088388500610822,-0.0008973246874122831,0.004918160982689097,0.000545569994948541,-0.008325718239430246,0.014363600337482246,0.0004000436114721421,,0.0038763723295929388,0.014856653418739657,,,-0.0239036522075056,0.003337223743086297,0.006588818051578647,,0.010334164648060765,0.03341408135456816,0.008056799783849261,0.009044408893119612,,-0.005651828961982612,0.00936870633122785,0.025402134322600755,,-0.004389558137025923,0.029377352457711177,-0.01355903342313443,,0.015221368633809431,-0.0015129453053172183,-0.012251323732347693,-6.69210611828132e-05,0.009041618760940272,0.013449233270636332,,,,0.006342627727118945,,-0.014988702849933378,,-0.0004115020541507945,,-0.004668188576189984,,0.010815728636464865,0.021534762369100395,-0.00037196865019212136,0.005871734448026118,0.010071777368952256,0.0004262416139871693,0.03108485984846467,,-0.01309932529772112,0.026990189799362737,-0.008411928736163992,-0.004109199674013156,,0.00812668606525703,-0.02077019677775887,0.02331494847427481,,0.011237855829157019,-0.010306936747854047,-0.008955317681116704,0.004426321049958277,0.019016406560889453,0.019200706189955223,,0.01985150918436471,-0.009430155006858072
2025-06-01,-0.01248690416473555,-0.004151920242456472,0.0006977710928552079,-0.010612287081064214,-0.0022650590149861953,,-0.012386796979073127,0.014401006791386848,0.0018272635649273555,0.04011565295674099,0.010833512830608086,-0.004853333117955983,0.00675782148815107,-0.0007452685453904228,0.011822707541286701,-0.0005089560947913477,,0.02162822806980925,0.019194364570405673,,0.0017975486526770421,,0.010050407775557369,0.026911789499180938,0.012417129999448648,0.023588485506325658,0.007088160137935173,0.0019029497922362487,,-0.007878859784178242,-0.00903339370440109,-0.009927721196819544,-0.011691252648361601,0.010310820211816007,,0.013356697879353658,0.02764811451754615,-0.00731142785424267,-0.007972793850244863,0.021737809665732858,0.016904357520127648,0.00417269453909763,0.007970882147692865,0.01896282592961542,0.009164681069249083,0.008940690530887339,0.0045377026858547135,-0.0013662913450164576,-0.014362682089134715,-0.004503038095318889,0.006631991002533703,,0.011027955863195832,0.024198162518034652,,,-0.009132514123689353,0.011563815661068599,0.027458154167809532,,0.006183852837582996,0.03195072702705139,0.021844106493945133,0.00798285617970886,,-0.002298122860825287,0.008198691074031634,0.027538566759125725,,0.005846458691149144,0.020596069070705283,-0.014328161934823653,,0.011660656546347719,-0.006610675311653618,0.006220724528265823,0.006607484758564483,0.00738771915347416,0.012199192897467473,,,,0.00212547205882731,-0.012963926801734624,-0.0016264480720025378,,-0.0025138406652068417,,0.00038227331203611605,,0.016880597877039993,0.02512731707594695,-0.008275261228847001,0.014745202593620223,0.002406855883905878,0.0035211801659026953,0.034348579879827625,,0.0021148833060921786,0.02211690921244628,-0.009025292496817603,0.0036627859331398393,,0.011522310369269926,-0.013860766512007848,0.018492749646885166,,0.0048472256611311135,-0.0035913905924921047,-0.0162857943875511,0.006265196998026308,0.01629992465225299,0.020334368724415998,,0.02724338376691106,-0.00662785505334887
2025-09-01,-0.0230277070155759,-0.0055743743246246666,0.006606682342685745,-0.013666660148165572,-0.008128996030365217,,-0.018133771526020012,0.00840222409788866,0.001892705297634157,0.02457771080399403,-0.001967208904964546,-0.012706020788689607,0.005497082787944748,-0.011641542977519634,0.0034087241616655075,-0.012802414308351936,,0.012439650638462413,0.010120172089466242,,-0.02277058931502653,,0.006989756462655723,0.02737139347113181,0.006608044079037018,0.01847941201789349,0.008089123496199592,-0.007155500950078211,,-0.01535691485101104,-0.014697195579184242,-0.01925243399865675,-0.025292177554826926,-0.015331217513763826,,-0.007031305282901301,0.016634565600454423,-0.01695020229999178,0.009411285746453956,0.0229456486131138,0.011287801415517384,-0.015635235353304175,0.0045644602201916195,0.01819825808544151,0.009995982199987737,0.012581797195418735,-0.0061051120762605875,-0.0064548210465239265,-0.01523332850948459,-0.0018001073511006934,0.007479667557493638,,-0.00043674550722939596,0.0170372615285249,,,-0.02665174823597771,0.013140018339512945,0.02012280176219351,,0.00969593290528692,0.030716974094555857,0.013478962764857251,0.006227663038099785,,-0.010671822083803763,0.009691579959394335,0.01999256842916608,,-0.009092161490782576,0.01024761683934684,-0.02128541684744567,,0.011263626893724066,-0.01327957163655432,0.006532877964939701,0.009031827701035515,-0.005261284829339641,0.02121552014012548,,,,-0.004923726337059842,-0.017091185839069194,-0.012288019948449075,,-0.009413137171787045,,7.602743436125991e-05,,0.01820221157024327,0.025431855072182354,-0.008686688001911677,0.01122736031598267,-0.0014389149018542214,0.0011291946539803213,0.03091117596513764,,-0.008034392538473939,0.01987479935577371,-0.016598899543630863,0.00554163595534087,,0.010162810264568951,-0.02289904392760596,0.01873480253065179,,0.00021048485268190762,,-0.0074669720483036455,0.00014354444440235628,0.015859344294557227,0.02456110065457472,,0.024369927180127936,-0.009676343934111287
2025-12-01,-0.014659692437404915,0.005650211765363702,0.013340974134957715,-0.007616996761378641,-0.002151735548830518,,-0.012377487789816106,0.01630981453550937,-0.002782488946577599,0.013228607530504343,0.003101162775104467,-0.008178890757188256,-0.00525839839680614,0.008114679736249866,0.010252912062409107,-0.011301781868151521,,0.015351321785862454,0.01659600324935577,,-0.010906009057091921,,,0.03658270912379417,0.0051970246742062765,0.02594116939342452,0.013296930013627558,-0.01823587398050365,,-0.00724575853283418,-0.004974852737077376,-0.007655807161381828,-0.017547127284651493,-0.014052634178069257,,2.767090363253871e-06,0.024357093224161977,-0.02204498509816042,0.007248189335138894,0.027553856176468813,0.02024748095738006,-0.013181812725309505,0.014832423092216766,0.02452357207969872,0.010148472512085371,0.011900118151112969,0.007406473046817508,-0.005404144175982205,-0.025455400763948102,-0.013848385569414446,0.021255204094294922,,0.0035628731457748373,0.020060793224369333,,,-0.02329504064425279,-0.0011870942167149343,0.012688589414219673,,0.00712361432653727,0.03152004418253171,0.01974748155668638,0.025621444188965628,,0.008914329984233778,0.02294210207989211,0.02506144013485514,,0.001157980515437175,0.015459799503126806,-0.017828230543292172,,0.01606523392482879,-0.002654023491761185,,0.01910075240080082,0.019072551081957503,,,,,-0.004730224356679306,0.01972381080078305,-0.01018691468422539,,0.005469137950199606,,0.0015560171119569333,,0.02069151999294252,0.018847901999905606,0.014694360601437475,0.010567412360928046,0.004718810004722376,0.007843728232548667,0.026086764029740136,,0.005203621986037453,0.0351132873890346,-0.00992186575248461,0.009581105777701023,,0.017599410825206975,-0.015741279863967523,0.01653678606956686,,0.0008145778510935264,,,0.01340933137467963,0.02126420050290414,0.019385592481075076,,0.021758299665682785,-0.0030728767366367867
