,1447,1449,1487,2019,2176,2731,2968,3221,3231,3243,4601,4640,4674,4699,4723,4737,4764,4885,4973,5216,5786,6653,6682,6742,6781,7065,7163,7647,7711,7982,8007,8245,8898,9783,9880,10035,10121,10614,11687,11811,11856,12124,12138,12635,12726,13041,13341,13561,13988,14822,14824,15202,15208,15417,16243,16245,20430,20686,21825,23592,24379,24616,25030,27215,27867,28034,28349,29804,30128,30990,31774,33695,37233,39067,39750,41918,61739,62689,63172,63501,65048,65345,65886,74571,114628,122015,124434,128659,133768,137232,139665,141913,143356,144009,145701,149070,149337,154755,157057,158354,158742,160225,160776,163610,164708,165993,174114,175263,177376,178371,178507,179534,180081,184498,184500,189459
2001-03-01,0.017557958204943044,0.030371687269151623,0.006062710777649357,0.010771264803716285,0.016911607038717337,0.03543295254656615,0.027863504999895213,0.010272286062030237,0.033305045524061744,0.035040745436830494,0.021360132768251675,0.01084972703806539,0.07360990593529484,0.02458966328164203,0.06636645299436601,0.06558123421529068,0.05289248978768551,0.04909247260401362,0.02779321902082704,0.04873673491925745,0.06531451615874777,0.01900731826985306,0.05960126387609588,0.03697300255106854,0.047498104025385735,0.009433737602819358,0.021665650042458077,0.08097843620997097,0.06612677883811113,0.010795993904876244,0.0683877425063319,0.03100334603713061,0.0680638852977399,0.07106582349246707,0.06649721038846348,0.020477589879242468,0.05415273561994366,0.058545842860237514,0.006421096093302382,0.018908631288509104,0.013272213977392242,0.015095203373282793,0.027068882089392392,0.03191185342390808,0.0503333333009887,0.012309747528561439,0.013656329412215982,0.04235780051352471,0.026261572859527273,0.04923669444244027,0.021929896937039083,0.06869877371941001,0.0288789072697959,0.05372549633027946,0.039030967648658314,0.07565530557372124,,,,0.051204330891466136,0.036108606438037955,,0.05064934163372234,,,0.033987404741411126,0.029119776971285087,0.023610638188800697,0.03743902823927442,0.026358295364606394,,,,,,,0.026930227652531304,,0.037556481078825345,,0.013396632558948643,0.03849264462907431,0.05865321894322493,,0.030201352407482354,0.0524375642315711,-0.0008254606042352325,0.0412104098144609,0.033718893904578134,0.07254287307903909,0.06455278545377069,0.05879269803649472,,,,,,,,,,,,,,,,,,,,,,,,
2001-06-01,0.020887952331801234,0.04458478954958239,-0.005284171054808897,0.01112293403797462,0.005435023476112067,0.03383801796660342,0.012884575280533833,0.0003583543601624614,0.006215824831876871,0.018513487003106475,-0.0032772306616802,-0.003009874872529417,0.0504260723556534,0.010051449310991951,0.027636637566036848,0.03388925400608212,0.004906948842798887,0.05451940605931134,0.06336078664954217,0.030540259086082558,0.060369990986383,0.03877048378523827,0.005261101258870287,0.026381438980126157,0.0277174900499625,0.02502323004178335,0.012777073584206725,0.0690735554039533,0.042923111133297505,-0.004100144893214662,0.038545415955957466,0.0077071079236847116,0.07053304599876582,0.0477786957377005,0.04409241549344008,-0.0004120361647182636,0.03662147845235351,0.0421773110973084,0.012066525733426982,0.03895122474000062,0.018401528369780807,0.011489675563706041,0.04219470510599649,0.030718738736569037,0.032253110284796584,0.00573254878838398,0.03910505847179403,-2.085536455177471e-05,0.04270251629083623,0.00704614234399318,0.00593249697524347,0.05451902200762159,0.02202014060386602,0.07179237295328492,0.03537660443156077,0.024031806588414376,,,,0.04281544089078746,0.01802256740202952,,0.05688627781021899,,,0.02664153024110716,0.005954521784559087,0.024343277604727338,0.04490970700739466,0.034399788422461844,,,,,,,0.0058599385657896914,,0.03903756350069171,0.03864804461550314,0.026408999918954096,0.03902847708862521,0.0445902489213531,,0.03231948086535907,0.0569332504101429,0.03218735453650493,0.020195489864784855,0.026241639445807062,0.0789877401504743,0.05254957621987337,0.026112069200626937,,,,,,,,,,,,,,,,,,,,,,,,
2001-09-01,0.018550467753796332,0.028261957658319545,0.003126734853848583,0.001342209126453128,0.01763668651197781,0.025443958804361202,-0.0026734962531046475,-0.00724301547933599,0.016103099140582132,0.011737223739391501,0.018662181493477398,-0.009629573150555246,0.04132323547218062,0.003327362827719477,0.02629235315342914,0.03612220619924661,0.0053707260791788945,0.019034579009310527,0.055949297338131664,0.05222511868140903,0.02197133102081877,0.016557405061683957,0.04249880621159451,0.012414902087407967,0.0330266952520969,0.018892370788295972,0.017396423076667843,0.061320799797454,0.020223083119763206,-0.00514440831783958,0.036648564879730165,0.0001125591538069329,0.06590278264807327,0.03218257452714935,0.04013717498936608,0.017218329371364787,0.05789894670166566,0.04625767531073712,-0.0002201808900215995,0.04450456786284254,0.0025155095136789344,0.021557070550564533,0.030995604315017213,0.030806320596458003,0.02254588259110297,0.0018842403074481866,0.03239632775755243,0.004628326127953891,0.07026423879749427,0.011254302310363016,-0.006535615442833855,0.044899317111755765,0.002452199554301641,0.05881335782169963,0.02186318646276878,0.052460599469333395,,,,0.04863576195207457,0.029339223781204883,,,,,0.020945984377984703,-0.00988068014929327,0.017883053452792008,0.05190347112635996,0.03570283343911882,,,,,,,0.007833319471721199,,0.07198816435783208,0.035375098684857456,0.008157653847342402,0.018697446343585528,0.05071226611575881,,0.04223552828722401,0.04661119701284733,0.03465092299271217,0.028756647042680085,0.026846293626717158,0.06397986330099269,0.06836667237103984,0.042714987981139714,,0.046741461773818826,,,,,,,,,,,,,,,,,,,,,,
2001-12-01,0.039951824882145125,0.06609864426078368,0.011537152524455571,0.020079658371907803,0.05258962647960139,0.05822985948107534,0.01791891132460247,0.0056214261944766385,0.03632142138540185,0.014172356452964597,0.019800126474361347,0.0023168178551472448,0.0687206673452593,0.013542372528571187,0.02625063840199013,0.035527679706035806,0.0381161795595217,0.03293134859035797,0.06782108221994078,0.07297059367233441,0.02672069394384215,0.05005294162241072,0.05628711909815653,0.032179592675234785,0.04753554428454179,0.030060075964778138,0.07273993389736551,0.04481909959315063,0.04971120476182447,0.017362582932345993,0.04977182230887954,0.0207477631592268,0.056243133572771914,0.056365521481583185,0.056572574004646894,0.04285374890330579,0.057381511813339045,0.06486732905344547,0.011638238268596472,0.06255187323870093,0.015760340858175747,0.018811601361722732,0.061415505232272016,0.04600372071352054,0.06875158293621692,0.015218825443239293,0.038454485423326405,0.028131477014299112,0.051736665898589364,0.058032497318718394,0.005594062646709255,0.0546171800810125,0.03627240120751094,0.058850166344045184,0.04896214025184641,0.037613041387785116,,,,0.06607348327097555,0.029731944183203997,,,,,0.06226981467089845,0.010662128034444331,0.04501312819585939,0.04941325600930086,0.059078865595280396,,,,,,,0.0294575054426491,,0.061757129591517204,0.04116331035772445,0.0324365620818506,0.046976952557956475,0.053118242767271465,,0.027742604684320694,0.0667492549398292,0.02671593421767826,0.04441816624316099,0.041171943467056986,0.05994971721413234,0.06054596395371258,0.05021255869986672,,0.056415334375831384,,,,,,,,,,,,,,,,,,,,,,
2002-03-01,0.026666840860045962,0.07511017300214111,0.009517289025758368,0.029933275407196324,0.016482956125769922,0.0749563031163837,0.05515636954312314,0.013199839101525107,0.03439315901269771,0.015808925399338487,0.03835344353289611,0.01482826951789614,0.07773828915531757,0.02117810016384326,0.05572993805263018,0.05426991115118211,0.049643853638968664,0.04312497724591211,0.05479999886082018,0.07515259381564145,0.05416866419544379,0.02915907600923316,0.04870892988855151,0.04853169703285001,0.053327023406489704,0.015594751679610514,0.06238710325151763,0.05983737261620029,0.06492606741451262,0.010618394362905228,0.056071413487621645,0.03356882344388964,0.052174574136675644,0.05610927887572178,0.06610544122083742,0.020803120749199763,0.06051034234628872,0.06556626314039117,0.025263771620481004,0.057489262076061205,0.02911389376322282,0.027900197529149656,0.03718350865064667,0.04542129993669665,0.08030964299679023,0.02767805552001826,0.054959553121885364,0.022233005336909462,0.07156622914870722,0.05577022805762504,0.017780868015918893,0.06576287597598218,0.009296858625186444,0.05624868819152553,0.06471029160220387,0.0558719660758259,,,,0.06656932028268019,0.03175186663837703,,,,,0.01888449804536682,0.035860839674190494,0.04161580648725437,0.07075664803870751,0.03483793486458274,,,,,,,0.013640998702136692,,0.059913877602713654,0.021066627982334454,0.02949194251712917,0.04440119619872427,0.02688751988161058,,0.020527633222234085,0.07544969604019963,0.024807060227753343,0.02558832039373879,0.056344707807039374,0.06227819958567811,0.06773964132395291,0.04930629422519973,0.05718819315356532,0.03152107032572663,0.05715840154563763,,,,,,,,,,,,,,,,,,,,,
2002-06-01,0.022913059381976863,0.07052175142927845,0.04878566260980698,0.03519045848609543,0.0421895794155118,0.06454349772447394,0.011888754467363784,0.0206450732431395,0.01125165549853573,0.02456817310477329,0.00859525830261975,0.02799818246052765,0.05701012334343276,0.008327217747617115,0.029202622516986628,0.05235834871217417,0.04189974645490157,0.016568918428825324,0.05263339232815198,0.07102018845027253,0.029012227006087937,0.03139755529824908,0.045327677375993476,0.018051070527938022,0.05326157739689701,-0.018529457810706376,-0.002399198097255816,0.0735568185358688,0.039894042363884295,0.02510434031359949,0.05416365684891359,-0.004049103409196812,0.05593581391328601,0.04977139089624968,0.04011705960427415,0.036277803770333274,0.05249268518155724,0.04639909519263285,0.009023565419092263,0.0021363448542449062,0.014609750311107186,0.03539424783726801,0.01424605121250389,-0.0012153134945466937,0.06050605126434087,0.029915016915591574,0.03783579052686957,0.0363394527574559,0.029747507913174678,0.057971103300014044,0.021081560721460394,0.035948849103194166,0.0628419880499298,0.02234750079548315,0.05053452754510794,0.04514773547966795,,,,0.033855611196877425,0.06452855210080728,,,,,0.02682927203200513,0.011503606650356525,0.016614745304419674,0.06896407433882255,0.045623887222187284,,,,,,,0.006938739083455053,0.007912674880581878,0.009911744151329605,0.03451054669409773,0.040485798340782156,-0.007711512796021103,0.029279372895167646,,0.004012401783888277,0.04111202755908544,0.03095807752356609,0.026494526676642358,0.009338372441349994,0.034229069951255145,0.053745928867349343,0.04244944015019314,0.009338372441349994,0.021130360504772225,0.07463304586229899,,,,,,,,,,,,,,,,,,,,,
2002-09-01,0.02224067562335895,0.05571226735029061,-0.0018007170206434935,0.01813126078844073,0.02339323501718985,0.079257842646325,0.032318672461546204,0.022610102394154473,0.0183138781081133,0.028342175808376988,0.03498209817454859,0.006807430033775653,0.06700656663488538,0.01190202509432527,0.05283603027893262,0.032349237469771905,0.044779977750391345,0.041872453462257424,0.0373238931535014,0.056368722201091,0.05703190559164998,0.027116745253492863,0.0408909510267799,0.012571628936062434,0.06911203900988311,0.036341102473739714,0.047425419722854883,0.050652029109672495,0.03806400416734329,0.019419966688365736,0.05098668185103187,0.042781160748871096,0.0758989252012044,0.06341694588885083,0.06317612561898614,0.02971278941509474,0.005542465340671538,0.05422334495022004,0.02632146069861028,0.070978515539034,0.025829220606723692,0.017772912343230855,0.04193790793397557,0.04156655817272628,0.059748221567427054,0.01238429671523258,0.05858006288026927,0.008047234479021953,0.036923342796303424,0.06320916290956043,-0.000736788111711311,0.052388223273556835,0.04239502229692208,0.06391434146359389,0.046134767784307806,0.03445344557033848,,,,0.061730750062572774,0.02551550730092065,,,,,0.03171202303865832,0.01794890565253611,0.02821401764053717,0.06172634416998462,0.020153814250240733,,,,,,,0.009666059342732127,0.037995112982301876,0.08445549088526004,0.034708093096379095,0.029341349181873765,0.02186943963688546,0.04829486857063981,,0.018094824433095267,0.058172537038509206,0.014802836757807709,0.028107743567102175,0.07550929205123014,0.07988787399238044,0.05703637862660917,0.07523225566950342,0.021331846934219897,0.040634443155577536,0.03361830485124201,,,,,,,,,,,,,,,,,,,,,
2002-12-01,0.0292201953159141,0.06783996123876847,0.008793327822652857,0.017185165319837038,0.01274755704223791,0.07245843091140944,0.038411319360993235,0.06525954952370845,0.012285221235369863,0.03545737263816718,0.021871026181093954,-0.001159052791838102,0.07252081699815108,0.012871846237443354,0.055708635459997165,0.06417990243497373,0.07061171005440149,0.019520584034585203,0.0550911061769549,0.054770888459766104,0.05827005612758858,0.053152592929751885,0.04750439991618358,0.06501864547547989,0.06189564206947077,0.026949131964779417,0.06504713074379558,0.05028869863705282,0.06117477425285731,0.010527546475854356,0.05917400713135499,0.04559365951138039,0.07076997811053955,0.07021727894262546,0.06392360038469724,0.020688426144563395,0.03702429449090883,0.07177837260977257,0.024000987882627212,0.06439312448283274,0.03248675163759605,0.0372139850109249,0.048971475045054745,0.05183698694704069,0.06356301811326877,0.01138887793362331,0.07155969304462202,0.02863538702707309,0.06678463720455963,0.06881117656848311,0.011462762698475081,0.05064156658158235,0.046731487526837735,0.04451756509113828,0.054368194625650595,0.04419034248687208,,,,0.0581659773108253,0.04826896049092102,,,,,0.07108460846035791,0.003138666603052876,0.03472609334829606,0.05100987909207357,0.0481844950716176,,,,,,,0.04700965690647092,0.04218944328661105,0.04655483481338357,0.026977563444290947,0.03291940146683408,0.04456112191896554,0.05891590912928101,,0.019935760951138186,0.0651407881815997,0.004074021104072654,0.07808838322344507,0.07430978829526098,0.07551991857563688,0.04065192316589851,0.06964420412894325,0.06601377017426562,0.015190609900230254,0.036237652262795496,,0.07415445512224311,,,,,,,,,,,,,,,,,,,
2003-03-01,0.02673694673133417,0.05314803494278657,0.023344928678378382,0.015921284048629677,0.0067356328608976675,0.04540872854674737,0.07335886360984169,0.06674062268828437,0.0503799903054595,0.011476121944830648,0.012378655333816001,-0.00010273085772231199,0.06435169972054186,0.022944843392563117,0.05333460664236573,0.0542282618724797,0.046258196198444824,0.03801055076069003,0.06827491639380803,0.04969762076434924,0.054624174395596414,0.013589742638420676,0.05597127189297633,0.015506462841183703,0.06769601944580624,0.015559794617222072,0.029894906397764834,0.04948595590109077,0.05908005935071469,0.018861173720072365,0.05630137190618946,0.04688218556818549,0.040069187365514,0.06413784677294379,0.056842556828074306,0.04993877276111869,0.032104499472425135,0.06895386844506905,0.05019374778761576,0.06536109863584662,0.0356544786712042,0.049039528424691815,0.05154535777280762,0.04026461201481985,0.06794101278539248,0.021582715771481485,0.055987498240169,0.02788005904279303,0.05931837180973739,0.06675574505519702,-0.006075470128712773,0.05619060324780111,0.044796074715893794,0.04836744365077538,0.05217478636858953,0.04853547100099977,,,,0.06158765851374369,0.04217489574718513,,,,,0.06525337814449406,0.022688447746561775,0.07234376698752934,0.08185064139032815,0.07128312353792811,,,,,,,0.04834974941732764,0.038290768748827114,0.07621424417586996,0.05059061580163037,0.05131996458670695,0.043391454688516344,0.03120628253995069,,0.03869190329086408,0.06678563651463286,-0.00014335374308623237,0.05724147749334873,0.03578694575569822,0.07582882856407343,0.049994519991687685,0.06894363701544974,0.010292641421768382,0.030212927530568135,0.05966257661583805,0.07413242014993894,0.07816717156103388,,,,,,,,,,,,,,,,,,,
2003-06-01,0.014772921641544206,0.04660521816603706,0.029554328651365067,0.04435514262697103,0.035626889833415366,0.03416278838692335,0.05831398077492005,0.056200699766500224,0.05735074885831831,0.0867088243433833,0.03136403930690705,0.015199829468314099,0.056883018959301396,0.008596091543248816,0.04327121438590632,0.03136403930690705,0.05157108248807681,0.07989972554850759,0.06021449818723926,0.04808128590580865,0.04846681114280769,0.04014250277077424,0.029597276768383207,0.03787762552415891,0.05748915391545826,0.04235852413299597,0.04793377010797261,0.06271589582008598,0.06265030627186872,0.05283018034110626,0.056315020734432265,0.05064568132822269,0.05163485856255708,0.04708496509582992,0.053139504457494935,0.015587957268497184,0.02173431258839392,0.04762173550872967,0.05064568132822269,0.07609876174988695,0.03983028424820731,0.012603425863817113,0.07418708847555204,0.06401922697326352,0.06843480240998143,0.04217322289687287,0.062467026857159914,0.0496669915428957,0.021792456969077684,0.053992971914481686,0.02178647283996838,0.04340260712760337,0.04509315268217054,0.05264177302907925,0.0478797750318296,0.02908358482377142,,,,0.05506716718020533,0.04884134718894347,,,,,0.06063611945221842,0.04511346645091756,0.03488023324934528,0.08689871233441859,0.08812688882348554,,,,,,,0.028150934166744586,0.015876659391856843,0.057721664751509,0.025688179201006703,0.05205074830383209,0.03926048673880757,0.054955258687674084,,0.032955276352135764,0.059991975066938374,0.02543483630060416,0.08283167470368286,0.06790228100531556,0.057414861970223184,0.0551308678992789,0.04550942114101671,0.06897686198322932,0.09613021993757227,0.06985882592322883,0.06977716778532257,0.028837237729568754,,,,,,,,,,,,,,,,,,,
2003-09-01,0.015084687433959496,0.08411757234064758,0.0027917712156153994,0.029188999658300956,0.04601955778241322,0.07092978259342037,0.04755570454589137,0.03524980887846297,0.041518652029718904,0.01012727932443405,0.024085432247386858,-0.007425486915209824,0.07210770485257964,0.005754042076471478,0.044025403439613954,0.03306763320514809,0.0547909887696377,0.07509791134733959,0.048109273888876494,0.04896712117050042,0.0437564976345478,-0.002275296322897731,0.004425499986865097,0.07691373684987039,0.0797834787093687,0.06878004123420707,0.045091040468957636,0.08042506440559861,0.04760964773344913,-0.004024611435143633,0.07394890806988967,-0.01119698287105152,0.07608964860398214,0.04496753570271234,0.042937979216119804,0.08444979406218835,0.016056265658539102,0.10248423706747636,0.052095514289391534,0.05323863079824779,0.0062778591544946204,0.02592290253175017,0.0024271849084062437,0.050187241325585955,0.08468535569645783,0.04734916963843883,0.10655813181652994,0.0451117163158817,0.005216079895699373,0.04286280001572137,-0.004055313055891403,0.04925349692601762,0.06324001791915582,0.08338212563340298,0.05259105002317124,0.049551701938824244,,,,0.05131958928486931,0.0591405282055027,,,,,0.0957382372988608,0.037034594105285965,0.03432727047222274,0.0957382372988608,0.06923586177690813,,,,,,,0.005597994517546974,0.025410806524897977,-0.07220807773180907,-0.07532329909299089,0.02692062416808018,0.014205314219875493,0.04310783926130523,,-0.01982404601605361,0.05104265226543245,0.013742682384039515,0.10182018489136138,0.0951547500911999,0.03941573136468738,0.07818948135115365,0.07193926352957111,-0.0021619262541546077,0.029808924767259912,-0.00875427992721732,0.06761516735389039,0.09919418553103883,,,,,,,,,,,,,,,,,,,
2003-12-01,0.006963332593971338,0.05653618801198063,0.0021450947451397344,-0.0030248758358482914,0.01644541684878322,0.049402109606078826,0.0357005396303438,0.05592525037054842,0.025501789448844257,0.0280198042075789,0.03382806667510714,-0.01588006683146625,0.06464908421010303,0.0038263187353251254,0.05089804927195199,0.03307199062463818,0.053389207772647884,0.03892256276892642,0.047896917223043914,0.04024623281070395,0.056542723240303065,-0.0006069832906622217,0.0431096045916576,0.04110081450212911,0.05071604545729792,0.009927908576444131,0.04546146908235763,0.04190017093960174,0.048839619166261526,-0.007681539816754917,0.053860653079951186,0.03152082625257659,0.06809473205384964,0.061534163180602675,0.041990773016798516,-0.003069371373580168,0.013570491508891225,0.0735710769072698,-0.007669877572157775,0.03536102873628335,-0.015174114484732104,0.006288010402400074,0.012478010408580808,0.04014602702772747,0.04980912267910448,-0.019732479151622257,0.06998353608987158,0.02594528419103535,0.010440220550943152,0.07518875539757257,-0.0011748102918588423,0.051281937584437824,0.0361065664726483,0.05244610303287806,0.04259554862794201,0.022177572223353727,,,,0.05676805926298558,0.0365383522189916,,,,,0.03965532194700969,0.03284448916786117,0.03385486492597671,0.05447981773373873,0.035439660584845996,,,,,,,0.023891401727079264,0.02274920556384534,0.028978198243747758,0.009665011117525473,0.006082224942209419,0.02767938665640455,0.01706999275261124,,0.03931955333502358,0.029043433327829705,-0.012344898715416025,0.031230353856029763,0.06734004412426135,0.052703686042700884,0.036094395123558796,0.03302304422822848,0.00023278528419090386,0.015178883884920365,0.01969144993155203,0.05449417114721723,0.06438197449124562,0.028565807816556207,,,,,,,,,,,,,,,,,,
2004-03-01,0.0016613961697107965,0.023699887356272424,-0.011153262880982036,-0.009741593251317297,0.019604358136675618,0.05596574014985236,0.04580588108413023,0.054783886774794045,0.005622747211511455,0.01794177800467078,0.035931105948503524,-0.004828207333441792,0.05222450238111079,0.004791741744458597,0.028979020098640892,0.03278948697589329,0.0056018038095847315,0.0320770197976101,0.011014087613237205,0.02883368752929074,0.039445678422155524,0.00433472262022221,0.044780921643118005,0.04896243058760048,0.052604309251161704,0.011776966604169058,0.019616578564480177,0.041273296498491374,0.03790114277921844,-0.004003041530239707,0.04106633760247181,0.028186088131769847,0.04295975972122592,0.05081490554183566,0.00316981053807307,0.034709945360575645,0.004029846770135156,0.065611460067586,0.006038575126717614,0.02367083574725962,-0.0026497969296020445,0.01233477455067084,0.012931513187548678,0.026909159027372117,0.05697228348379704,-0.011297032043654953,0.060034005990553974,0.029089190664766403,0.015589498462904033,0.07405677721748294,0.024150135781561288,0.0438734180800362,0.008829124276280654,0.05230733413304356,0.044254032058006355,0.030772405926156883,,,,0.051011451793349406,0.016642978684092827,,,,,0.04197177800004789,0.03810839006185854,0.026630475796977682,0.04323986421230014,0.018736232048272742,,,,,,,0.02706623417637365,0.02993345715677033,0.03128078153973169,0.019063664435748716,0.03248158399767115,0.03526923412104152,0.014679598953609558,,0.03359285602638956,0.03059287779805616,-0.013971216916699754,0.04539779415325495,0.035197758696027204,0.06291087480932593,0.030918517914222444,0.03317252290395501,0.03716292230855566,0.019597772327668624,0.04517406107455577,0.039637513297081116,0.06567418977901181,0.014099737634451522,,,,,,,,,,,,,,,,,,
2004-06-01,-0.011024761699149146,0.03778149771952958,-0.015088680240008569,-0.011752860009180887,-0.004650731615824996,0.04986334115921169,0.022199809940774008,0.03273771421647787,-0.001920564791370975,0.00733343949522538,0.012065636900119742,-0.013939600702932662,0.039774017800254614,-0.008838179951482145,0.022055754777880722,0.020626431202228776,,0.03281210026467511,0.0037487251707971955,0.007012717678925274,0.038575127659428506,-0.006705120966078534,0.053898750105988505,0.0072351083736539356,0.007392431410969319,0.013764407485599112,-0.007285479538804791,0.026763942744027755,0.017768130705604582,-0.0101457363422029,0.04108517124174341,0.014470961185667326,0.06596553099522484,0.02804773266683793,-0.003586456488558035,-0.0044414707970770574,-0.0016940314923346983,0.05857771042915929,0.0066316842957211955,0.03084643481741355,-0.006126689203433377,0.02505581142166604,0.0027781645060554676,0.03873702608459451,0.04693346263263351,-0.014556866108064268,0.05784370634721642,0.008061381385320636,0.013663386025745954,0.06761542813890385,0.013380352933918203,0.028215183682252475,0.0241433847827243,0.048977873477838656,0.0072991983746800125,0.06719550308393578,,,,0.020254581144547288,0.015438737825922645,,,,,0.01850483635942141,0.014052541640309245,0.030745625427300673,0.03735290904488631,0.011536081306320943,,,,,,,0.0201914590963547,0.01206379958211236,0.02500784292998824,0.005884131371007425,0.0007093293482177894,-0.009705770230510405,0.001313107206614386,,0.02762825154915698,0.019803145190395135,-0.01369939324727052,0.003093245953935596,0.01869416449356774,0.05148085454404825,0.0012088088866320944,0.025255616408815063,0.0003343027429653109,0.003021869299603326,-0.008165489393153867,0.03786702622442661,0.036636484481050405,-0.004336033518968313,0.04439931028312441,,,,0.0019778224296221726,,,,,,,,,,,,,
2004-09-01,-0.011845766579870687,0.04409952641030814,-0.004278724647918028,0.008522620723469723,-0.0019618651750356094,0.03147806070494659,0.030707263390161953,0.0400905247276248,0.023472088991353036,-0.011726509219795886,0.02071147248454608,-0.004854809584450217,0.05732043197943884,0.005780542994564918,0.041262923710647506,0.028330639208805308,,0.047430057605645046,0.040669416532576975,0.02131514447172797,0.05233307229484904,-0.02571527799806552,0.043339726129328356,0.028358194734914532,0.057039411164727966,0.009403042829068984,0.0014928911643067953,0.02448396569882603,0.03218397803945797,-0.003124690069710082,0.0453659121746536,0.02842317522011488,0.06347824126301733,0.0482096579490154,-0.0009291330289590064,0.0017637201514285336,0.025907476677637667,0.05885453247776142,-0.003555004455329699,0.031316981617508205,0.01956767036480993,0.008584940060625242,0.020311142298888064,0.05683326384877904,0.05413095870404655,-0.009340004389796114,0.0614567778160178,0.02303701464884733,0.03221098344823767,0.0753191578906352,0.025153476717909205,0.04112719708294799,0.035093859871800824,0.03201369589587123,0.005189550290042064,0.028908006139596387,,,,0.038206468568631455,0.01745968642197928,,,,,0.0304426801439569,0.025236931418423408,0.03254193524176437,0.039860784339006,0.019677940648688007,,,,,,,0.02117856968193865,0.027464654320541668,0.02740281953998587,0.03409497179517513,0.01856287496343764,0.044282648825629566,0.01940686974605469,,0.02897939687305446,0.03077983463227106,-0.015312782444911384,,0.03646501948936748,0.06405613328161752,0.013877922085544123,0.05994126765314027,0.0354546441705226,-0.010483576459207904,0.00970368256743392,0.0333415362778088,0.04400460731803168,0.0008484536576843593,0.060968004131633065,0.0675108256279649,,,0.05329038639503743,,,,,,,,,,,,,
2004-12-01,-0.004742055210603551,0.04786835799301245,0.005119156653605104,0.015345078339561833,0.001946915571671757,0.06502842727194022,-0.0014980119469728034,0.02020879430231234,0.018319064489997983,0.029599322999116152,0.03605624973074081,0.006055585210542396,0.007163023970633592,0.00755424624163859,0.04032466049941994,0.028520891449182878,,0.034238543982143335,0.017529136463416452,0.021378836799493484,0.0381917231917914,-0.008105142994214533,0.069286196511319,0.04070336915705241,0.0549228642218891,-0.0075920740889695686,0.028658553094173117,0.03455763126244009,0.03408286537211261,-0.00013986406499375863,0.038978656779035406,0.009203906146520618,0.06327894072450117,0.02591299094177026,0.0077368965415645675,0.009469800126018895,0.013764875901275786,0.06838944041670318,0.01210783508424261,0.04375160584213261,0.01710604535300125,0.04054360181934131,0.014552704497205336,0.06659309438689713,0.0693222873496873,-0.010813375813119388,0.06405504084475033,0.026048039323500985,0.04245778147728338,0.07259826092637951,0.0011272281590270082,0.03399705229790383,0.03447496924525086,0.03133760185454186,0.03390124380051493,0.031762256926515596,,,,0.0482195677042356,0.02944398619949809,,,,,0.029753732755157084,-0.005277013734544303,0.07309187992420099,0.04698065677432765,0.03206283202177098,,,,,,,0.03222353935367031,-0.0010390869443711848,0.004761351267112614,0.03794797861476474,0.01744399279643116,0.02963208538625258,0.01047320759708278,,0.0367051226777651,0.04174253158821377,0.0036115799244861376,,0.03593023927407236,0.062431378456333626,0.00893074029854577,0.038281862937118744,0.03951513567490928,-0.011255625970336674,0.021313848073050607,0.009663576084838699,0.07161221846228821,0.028668578347224388,0.06065976108486639,0.06863004906297275,,,0.014215097921846493,,,,,,,,,,,,,
2005-03-01,-0.0023462923800296608,0.057930488061225555,-0.0008850150082009936,-0.0005321118425545559,0.03879010153383612,0.057809230294763446,0.00983407840266541,0.021560801222251128,0.03214928530266642,0.03604940649014185,0.03896116345940185,0.002101847708454026,0.01022419893542781,0.010017076462637619,0.0125415827769853,0.030238879045435065,,0.03894236344459707,0.019695946463257015,0.016130383568504686,0.0407911102494004,-0.01197701723384222,0.041058201058986284,0.05331552909815462,0.05780313113740984,0.03638332241362229,0.020122551816975073,0.04459277104512166,0.04583328761493594,0.0027009614502390544,0.02516012432513613,0.01784164299608057,0.05529080920032132,0.011147833657246331,,0.010269653453160199,0.023231632592373406,0.06053455075264789,0.010823662426797297,0.025576657692766513,0.01605800157827045,0.033447751513080236,0.0034530447176954445,0.049599079994930205,0.058982887684235825,-0.006574723757647821,0.06015079808808414,0.0392357857231534,0.027873409121889674,0.07196869602845897,0.0423174993944083,0.04534691932180517,0.044867726067211844,0.03556163937180963,0.022237204819507375,0.031737069273730246,,,,0.05289017321338913,0.03855869798520875,,,,,0.0441845801377448,0.0399226677585178,0.07176876873571268,0.050609066640873716,0.0029462425821239163,,,,,,,0.04138909147429699,0.004453535014063849,0.013965473283959681,0.022126331778955132,0.013789235332987673,0.0347328121195339,0.016238490701215125,,0.04155318483688452,0.03484491977866115,-0.013712010870803117,,0.022972585345205188,0.028145377410362785,0.011928633794090052,0.035111432324659984,0.022320020995799425,-0.0024079670556218804,0.023617490094687534,0.007460412820580687,0.07706701852575565,0.023102607076824967,0.04714947152767293,0.07056877374495697,0.05139638959624971,,-0.0012523138212452252,,,,,,,,,,,,,
2005-06-01,0.006412383751035463,0.05173298606296719,0.02900892919451585,0.013157758929497512,0.010924020699060592,0.05809016650168805,0.01837192634328545,0.05121445582633893,0.02577855607277387,0.028102801932306666,0.04123940260937756,0.0070427151919458374,0.011545802733931137,-0.00013338555081610627,0.036986527887665155,0.03031591050111109,,0.03835082521960824,0.055240614548917294,0.021878024953698123,0.0414754244317874,-0.008723751503390073,0.06350317071605367,0.04410960923593219,0.054061581018929834,0.011588387845542478,-0.0006724725615319504,0.03568452067915714,0.032519287255843785,0.0029546536822072957,0.04031031593465666,0.0306917403093393,0.05880472658400802,0.029972936120523378,,0.01670308793810136,0.00310576438554163,0.06245032073491351,0.0060626663084509405,0.056131941644137734,0.013934600389502318,0.023418581874010035,0.020531910011013718,0.06798909412592653,0.057822544280291925,-0.003540494244841985,0.05768360188124024,0.03382705936844476,0.042544715104400214,0.07073373078815225,0.03413484218640373,0.05557985992806709,0.003334887630259486,0.05328226268942462,0.03961748313873166,0.025883300446624277,,,,0.012213789335275569,0.036478521494119176,,,,,0.03829342739315513,0.03135061814567343,0.06753867040352529,0.05086674578724952,0.031696786611551245,,,,,,,0.03776049258799753,0.03759439190394562,0.019996709092208888,0.040115866599407315,0.013207604873520285,0.03844335866321773,0.019559516333601954,,0.030880094029337148,0.03733835564603541,-0.016981370875563385,,0.04469361779479596,0.037983698883403465,0.010326606313531678,0.03102635495859517,0.03893384464674318,-0.010190779825544076,0.025708829055889594,0.006456445705610176,0.0711376624364187,0.029760990956768752,0.035599585815353205,0.05919588477217654,0.03336825307647076,,0.014476094235921493,,,,,,,,,,,,,
2005-09-01,-0.0004728527111140462,0.05420968955642161,0.03173751969591001,0.01963786480364379,0.01750875559885285,0.05997466341593513,0.002732589914338541,0.05686013768571956,0.03013784968633405,0.022718345093638997,0.03905026624794317,0.0059587621074651265,0.00979500951006988,0.009155303576438867,0.04625156689861266,0.008594889994645416,,0.03244799136100483,0.044807685558672095,0.016559901096092806,0.0488160566777916,-0.0077212587296233304,0.05941858228019691,0.040210176229903326,0.057703168615304196,0.025838682089009062,-0.0007189905049928717,0.03421843829545378,0.03279477193900429,-0.002153031543158489,0.026653084578315955,0.010864143057888392,0.05892328212302988,0.03264405665571223,,0.005156030209035641,0.004140680939727233,0.06420833104342191,0.007594512440406369,0.053884097680857244,0.00748099579730417,0.0369007343670233,9.334076151314551e-05,0.06161331228509931,0.06750324382078206,-0.00609502845652949,0.05821336344537,0.03255794804618018,0.05431361313043706,0.0700118156591293,0.036089331575471256,0.04944009051385506,-8.77085910950647e-05,0.0539685635698265,0.03749467572722329,0.0235554682501911,,,,0.04193680435204549,0.032027209920821795,,,,,0.03763831331978811,0.029030060638062922,0.05784886209850812,0.042445613495759954,0.035132157628983786,,,,,,,0.04106995469229756,0.03430047990161271,0.005628623452272607,0.03219960300845017,-0.008928160944325352,0.024555802959144148,0.01523806966081722,,0.038919930841274014,0.03439262717980536,-0.01982893305977521,,0.04690536335349403,0.03245475685886759,0.007928825155152702,0.04776202952097736,0.03859275945639758,0.01552517580601282,0.03190363757963673,0.008486263054123368,0.03952307335346908,0.04756259721437938,0.03839223369336691,0.05815618579344646,0.022906228543715604,,0.05240769610803582,,,,,,,,,,,,,
2005-12-01,0.002817101764967696,0.05569844751109084,0.0008290351980706039,0.008629618838422138,0.00845786867480957,,0.040043709374800146,-0.007720592859965759,0.031090800265836487,0.030612670834497244,0.04811834081335078,0.022164777534151584,0.024361767212860465,0.011066128224373455,0.044081979805735534,0.054729300481471836,,0.04192927097594753,0.050093925983116294,0.03016446184782461,0.05769224449617942,-0.007084247405241443,0.02646130302303416,0.03944779895071684,0.024746868888512696,0.013357716023896193,0.029833615710456646,0.04350139152459591,0.04215634691917538,-0.0033948693566093237,0.05619496837482838,0.02753579458557603,0.06283432835637909,0.03624004957826252,,0.0048180868137676055,0.013958002327709815,0.06110933703051425,0.017217429515004656,0.03746616904014074,0.03248686984561061,0.036280375325626904,0.009340005107821743,0.04742360214887694,0.02705962264316118,-0.011974240330838182,0.0538007474787285,0.013127597284069682,0.041407007640958025,0.06597247018552906,0.015670428810513823,0.056549248528826014,0.03604112079101622,0.026662681158690273,0.04537335655486799,0.020961911033457317,,,,0.05016682164613244,0.03223425280154944,,,,,0.037586216409608436,0.018457794915891446,0.06556998976272735,0.03709320182278915,0.035457606367299846,,,,,,,0.034959334216887156,-0.0056367024024606945,0.010677938191406158,0.011706023879748464,-0.006271376304731506,0.03132526258882929,0.01633346065007676,,0.03861164433908764,0.04218317953653087,-0.009529514173698444,,0.03304135125437199,0.03640728043886717,0.009476704700368672,0.021195299536055905,0.038499918286990814,-0.01849505332434674,0.02224119082833184,0.003551235228541995,0.042897930510031455,0.022702156630985446,0.036986691151159816,0.04349188138436998,0.016930975401137652,,0.02480502153620683,,,,,,,,,,,,,
2006-03-01,0.00874571421224004,0.05817664763320925,0.00041259788800714466,0.00945650593801853,0.03758971360422082,,0.03782255971512256,-0.001128496848768376,0.02799277178245291,0.03206215066607569,0.04623032814908685,0.013632940178380966,0.024707317018292794,0.016064039651888698,0.04265331260825961,0.04146902893156937,,0.013916274805606359,0.01508628548061363,0.029973753363783114,0.05033425377329022,0.016035074621083154,0.05594359558901841,0.041986639769503224,0.014958751068774707,0.015630475091500732,0.016267035191993486,0.03664884051509114,0.036819697789752484,0.0036436747600382714,0.03378878918055032,0.031458496212542396,0.057714189592349925,0.03906841716776829,,0.006626960431970513,0.016310828675235617,0.06038911882858147,0.024956762229861276,0.05093174542643226,0.02905605126972756,0.027345396347800043,0.0016405565558388238,0.07001412969690039,0.058036498681686005,0.0013090312567590788,0.040971566483163996,0.03456128236048316,0.03096174441564904,0.07262413120489203,0.0373377119941633,0.049470424229366865,0.018188806354735763,0.03387132096144019,0.04233776223267365,0.024363195364902054,,,,,0.029857882075529422,,,,,0.014606837512152875,0.032934423675391074,0.03342593690093083,0.0289624507201317,0.01836795001072757,,,,,,,0.02310580401242206,0.004123114417572896,0.014012534757434001,0.014844678976034708,0.03973400381958064,0.028684762112667874,0.031126712666155087,,0.035229054076512674,0.035095169033772675,-0.0078775105259711,,0.026836305248217392,0.03411196453248551,0.014531529509731135,0.026120848556354336,0.01829761726473488,-0.010098618011166752,0.02785485498004689,0.012572988076279606,0.04173299274846893,0.040532811167881204,0.03750735958626932,0.0396981503264688,0.02255755403726924,,0.01819357684551721,0.03748682859069257,0.020164969901621848,,,,,,,,,,,
2006-06-01,0.006889431189731891,0.04572042084613221,0.002382069099185409,-0.00011683801509140523,0.023315095394981677,,0.029327407856741636,0.005198385427236355,0.016095813173615033,0.01840647355078189,0.03386937245968548,0.003489493031150699,0.018553427692079547,-0.005155892360821455,0.03280330944238294,-0.0013648107895124328,,-0.0029572158355624214,0.020765833843608063,0.017799528297999287,0.045384225668745885,0.008490663607086819,0.04131744403641524,0.026079696224053442,0.03325009914191751,0.04572897332741101,-0.010447257664602992,0.0261288600096041,0.025775881479012865,-0.002645961033334567,0.017562232778590328,-0.002593743547636433,0.04567787466602954,0.009076409187942011,,-0.0028903156623513145,0.0006671174468957682,0.05660742391077122,-0.003009847941860603,0.047199855660551286,0.02276176072587777,0.02349154325260538,-0.0004589475380385535,0.05621255895789583,0.04359884054880239,0.000575118104267669,0.053658451423175685,0.018762482496609705,0.01804684699910908,0.06612428669726528,0.0327652591760692,0.03601545077855631,0.032340710711852676,0.030486064844240303,0.029420873912281324,0.020127623318466802,,,,,0.020337530907344005,,,,,0.02403578727493176,0.0251717912066932,0.05456795475532813,0.024878280977373976,0.02754954000003312,,,,,,,0.023658338491553264,0.025317843371516685,0.004012101806251786,0.005729321027517997,1.6446061642835797e-06,0.028060493460094336,0.008371546363819078,,0.02516504658124357,0.03407120925888121,-0.01568436670646579,,0.03440200738208439,0.020082874183720425,0.004062095591246842,0.0207166049538749,0.0225577791552734,0.011588768839435118,0.03180192409646562,0.0029143292191689653,0.03313888579456428,0.02987978413968968,0.030496210751393832,0.034899604377810964,0.01416178942970896,,-0.004459460816068664,0.024761449188592403,0.01925619921415334,0.0032922118517104905,,,,,,,,,,
2006-09-01,0.002497902034728483,0.04791608662485767,0.024440262155444606,0.0033124300703999254,0.022697044570401653,,0.03832178872117154,0.004035403759877212,0.03390325822005632,0.0229107910625537,0.04183116524789986,0.01846984401905325,0.03600969126562196,0.005747963986921224,0.029978652484275697,0.03427867982656743,,0.038257913312175734,0.039526495312942826,0.016013033556437985,0.047955859987996494,0.017038554935975937,0.024388421708297078,0.03202924266462399,0.04153776922272363,0.02556053054407993,0.009511415160851135,0.032920363897777014,0.0287623221037587,-0.004645398940799904,0.021044949517977755,0.016836039004734696,0.045341957255541604,0.030571494525385365,,-0.0028460641261847898,0.018630004887259986,0.054519979090708486,0.008561783975618374,0.05093761923351085,0.021437110184107287,0.026165421456109544,0.005400197514127163,0.04671081703189734,0.06475805781757407,-5.404460964593238e-05,0.0485479983644106,0.02865510273555499,0.03085608727852565,0.0622420587934752,0.019506421386015837,0.03073858321688676,0.035053806634592045,0.04266732989854789,0.015072643131748385,0.016902221280974433,,,,,0.026045187572721052,,,,,0.037278815518923196,0.030976504249039458,0.047439039077077,0.03292345590875267,0.033439344941156024,,,,,,,0.020798796175554114,0.036044524893655734,0.025103701067168433,0.0074922797596436615,0.02775120050542869,0.031128049087728718,0.021479361739236705,,0.030411340084569232,0.025178053053912807,-0.01202848479743982,,0.0228955226395541,0.035114979820883706,0.023636522657587804,0.05506908359446021,0.008749472431200778,-0.007126469850708076,0.011801530240822568,0.012188213190873485,0.040104146296993305,0.03800628288058101,0.03615248308623008,0.03971799358044217,0.021251827067995128,0.0683647769772957,-0.004712962330854939,0.03613579230243976,0.022264965956161665,0.010320356080792117,0.057425542166555765,,,,,,,,,
2006-12-01,-0.003258724524421592,0.04909770105903486,0.03012575777871155,-0.001670939678097806,0.031382866928881564,,0.030786810729818304,-0.004726920578699434,0.02964722508695727,0.026851205332543256,0.03880666825307151,0.0054892434547014176,0.03388704428801439,0.012647330214705339,0.01988019288076893,0.01792680928589925,,0.017435645707789375,0.05069198913637155,,0.054774887480886374,0.018840576562959357,0.034181353953332036,0.034045330650186376,0.040750442246731834,0.024517029726926015,0.008816739712695261,0.03427754832596142,0.03345309241311137,-0.007151574204280503,0.0042291005944495655,0.029770476479858074,0.046253171438081796,0.02831193743635798,,0.00037016613698076647,0.009066514353563761,0.05580666004149929,0.018139580596442426,0.043211356287737236,0.008355143030914669,0.0295831627291117,-0.0018228400301764855,0.05574209217152306,0.06532943370449484,-0.006947750378338951,0.05314054928478774,0.03265244507687891,0.025444510539991336,0.06931651915591833,0.02265628825517514,0.03537497898171102,0.0372690412483974,0.03248119219266024,0.02103235777983183,0.016001193272356818,,,,,0.0323953050674589,,,,,0.03828735916054528,0.028967214905341137,0.05288348569300707,0.030454549110851638,0.036767072298974836,,,,,,,0.03283287569193056,0.03828830453434187,0.010287395719204888,0.011187461206447608,0.022348062861122134,0.030827917310911453,0.026411087629830195,,0.03004040281939835,0.027213349707962617,-0.003557992941993816,,0.03879416862601325,0.034522436905117776,0.01422217872038494,0.033994116464519726,0.03944774037429858,-0.004773545049275643,0.026551768320933863,0.015399143760831504,0.04712579340491108,0.03486679045989875,0.03385916879074777,0.030444841725130387,0.03114670548842076,0.07417388835575277,0.007200183879186793,0.03974477845193202,0.02486186762693316,0.018795695039749837,0.06625749305339763,0.0607807431453347,,,,,,,,
2007-03-01,0.007441723901229774,0.04280928874860012,0.018551444588900734,0.008912845786107286,0.04048752464227408,,0.042366859054826414,0.01203683125815161,0.027229597182079967,0.024297185133953257,0.01276328486561797,-0.004340907207749985,0.023934280690753575,0.009345401084587058,0.016087658527496333,0.01244735705114347,,0.011540779454768769,0.02275753666038085,,0.0401736203480329,0.032482013821342026,0.030668674767112224,0.03875418441836424,0.0447731679707024,0.023678850623422353,-0.0012075375544576628,0.03115534227412881,0.03578665436354053,0.0025033556367573856,0.01604282104267489,0.01319984257419169,0.04795689752619484,0.030834357204258676,,0.009577467139532243,0.0037118638142445487,0.051427971835607815,0.0118988454897919,0.04857934863772924,0.00582419623835356,0.031712189863119356,0.0069909045230064585,0.03661663571985605,0.06385724178078782,0.0032898643997668338,0.04802789439521507,0.024210327862915042,0.024043962562850293,0.06675673581916691,0.022284063422102398,,0.03523728679485834,0.04081922775235795,0.022249885336812745,0.014754291409212545,,,,,0.03478577214245724,,,,,0.03707375874837024,0.02729204959136867,0.0364387098503147,0.03077907136254464,0.02987945248437082,,,,,,,0.033492488692718064,0.03810534579396968,0.014686242490377486,0.0220449803440252,-0.006696284397981931,0.02868694782545375,0.03934480715705216,,0.03450690048282879,0.03413909515743482,-0.00017773302737003117,,0.02358706423770478,0.0326843200077983,0.035651784435449946,0.050726593768117195,0.032690348611413345,0.0179921508215225,0.015285045198155496,0.02184437241082054,0.06736951193471369,0.02965820062955629,0.03479906743537904,0.04782498233789337,0.024610344378814236,0.04484612345756777,0.007301774460008547,0.03055487903904857,0.0238294398624187,0.015232440761302018,0.06837537929510186,0.05156103258056708,,,,,,,,
2007-06-01,0.006848211976855129,0.03959790926604328,0.02946464889214927,0.0019297602905801012,0.028454229759426276,,0.039479922728468786,0.004602918774214303,0.03484509920182438,0.02636503691005359,0.012648926600351466,0.0045363422716880025,0.03074659730308542,0.0006568966789611597,0.006706269898340659,0.02053004201400028,,0.015558753882619488,0.0307644350748126,,0.05191394503869807,0.04174107259260808,0.036715361971006895,0.03408858416295571,0.040088803212231655,0.03386294535211303,-0.0001736333826588065,0.03232993267080515,0.004273318679760202,0.008571150814460029,0.014304544095074447,0.0281110108821438,0.04802401219497832,0.03439551502076882,,0.002645652801390291,-0.0015551303136579716,0.048499413358276434,0.004600495222250636,0.04701285401352813,0.014460249980878146,0.03456569319176154,0.004952991381458868,0.04631337363487118,0.05835690459044125,-0.0038162780656780127,0.05362075284934218,0.029437483962094686,0.033645667859175596,0.07121018514363214,0.03165346052792339,,0.03650054301374564,0.0674477090422821,0.0378613054996394,0.015874227887963884,,,,,0.021558416465317993,,,,,0.032269553849999334,0.035956898017656225,0.05626674584077885,0.036292940684510826,0.03931461357907633,,,,,,,0.03915609482529397,0.032712848376006735,0.018846197673685162,0.02681983312289122,,0.024452650932313805,0.032579429218606897,,0.03598352695177469,0.04125267313786008,-0.0047129014621467395,,0.040525256246244125,0.04037972257875218,0.035368796348877816,0.0459841367196438,0.03735004129185523,0.027390147948313338,0.01850913532647693,0.023814775958541604,0.05498851244224051,0.03340806939073114,0.036781169794557096,0.03902421773687138,0.026348303129685894,0.06883046263820836,0.005752780644203466,0.023040502133505055,0.01617075615931206,0.042357163746052064,0.06811734505068588,0.04913255089216693,,,,,,,,
2007-09-01,-0.0015630701503529798,0.040709692649915724,0.03342670777437608,-0.0007147637562710075,0.039095182525693495,,0.04228155008629982,0.006189544390739526,0.034076986411863956,0.03130232935020507,0.03681692189319335,0.001434802505230843,0.027243387384489975,0.020806853406259814,0.020308815104048847,-0.0010985058075406115,,0.014754742616173514,0.03737050533986266,,0.04272404824907706,0.029098157586595414,0.020814159719751715,0.025144287773465557,0.032759909034661014,0.004979376869791943,0.012054532984992615,0.03683956944851177,0.013950355585433314,-0.003034704750407614,0.016313131259446258,0.015987164517999627,0.05267494327104808,0.036009800505165376,,0.001419523289837738,0.02412299111498002,0.04643836012531283,0.02252677855513603,0.042290651830786265,0.028648384523562758,0.03638753306647794,0.0013913202444665613,0.048396920188632786,0.05283005178660357,-0.005945238444112103,0.04538234692281338,0.03476178992379338,0.025164940531622392,0.06994981880321852,0.03733885051609676,,0.010770347309589876,0.06383875975355446,0.0411606561688991,0.02558477555965096,,,,,0.018604840121539776,,,,,0.03676443734069317,0.031206951626348668,0.04592230631736726,0.046068577555728046,0.046387821989356974,,,,,,,0.03380178095885274,0.0393645988346632,0.018084951138185635,0.015259572323937275,,0.03221388237268527,0.03241805245930587,,0.03857462168255682,0.05529218423119672,0.0091949282233756,,0.04406727669639666,0.030035843002921166,0.03154923736282372,0.05323168854524108,0.0340376432925116,0.0007736218286744187,0.030763444828661647,0.021208242770195014,0.07287088114203541,0.037582912852108435,0.03266239530865319,0.04204137202122613,0.017685744350479714,0.044177912904354855,0.008699315348504912,0.016731996066069763,0.006552895932353444,0.010666156640210023,0.0700959308710268,0.05007817938941891,0.05351242531547836,,,,,,,
2007-12-01,0.00859401518408074,0.03138302858443805,0.022275216780491748,0.002407210750360761,0.0439571029172724,,0.04186860120427883,-0.002461564229990898,0.04164939582259303,0.005847151417025652,0.03887577789471043,0.01302922530661973,0.03958517914866468,0.018955464086168418,0.01606961077978909,0.060356505790211845,,0.018546352033980015,0.047365529681811375,,0.060479317177056416,0.03641618584674074,0.017994009742588597,0.026718188315801545,0.02449498724932746,0.03508448280347736,0.03479244513938539,0.017356099247061166,0.06088478848786656,-0.0004982911448228753,0.01297230913782195,0.020514930355630016,0.045223495964251834,0.019544280097331276,,0.008818465561989248,0.030749432975469285,0.05263465670790165,0.0225931508128747,0.02946258922479366,0.027748283304542536,0.04153174762247355,0.006576082011644779,0.058456642579122337,0.05916423995073031,-0.007563532395750971,0.049074196391938926,0.034571781525968646,0.03793706014889674,0.07329846759531035,0.025262737670111828,,0.03993011507875413,0.06016790900665295,0.011227364080059277,0.044838932614523784,,,,,0.038009043878703824,,,,,0.04224819378461248,0.04053026450844891,0.04349429979780523,0.045054862294266244,0.045347147931822186,,,,,,,0.04107048527433989,0.04410987625429332,0.017897397440447316,0.04174120394178644,,0.011674554544285233,0.033288085737175926,,0.04072858330618173,0.0328813136545718,0.011539728924635841,,0.03134542447656528,0.02949020710427586,0.03520009304270193,0.04966298529832305,0.03410041005854209,0.0005708385160726831,0.0176035462940509,0.024013119024431973,0.06782811090953697,0.019649191257468373,0.04318211697280352,0.05274831877661044,0.02805183706629415,0.06184954400937546,0.0013708224566836352,0.012185742691697943,0.01059800257281149,0.030711390790249763,0.0644836352476715,0.05303656026256921,0.0654090888698059,,0.03453447312982031,,,,,
2008-03-01,0.015390757166583112,0.015337097849584874,0.03438429348382766,0.0005632234887508084,0.022060789313600133,,0.03912766266344697,0.03141394772887972,0.027469417131212405,0.039609239394473764,0.04056731349906112,0.027487306139398884,0.0230444663560017,0.010568896870817386,0.00984038346174429,0.06298032784184594,,0.02358476318388387,0.04460146729505779,,0.05898865602690322,0.04192601393856493,0.04613810063213655,0.025197092296123564,0.026442967320004174,0.034506526260113,0.019249717539743846,0.013185381168732049,0.060693384201422784,-0.004697927966754857,0.016956768055230092,0.011103295420589047,0.04095751016947493,0.02960726136245463,,-0.0013931710905359075,0.05240408551212876,0.05074254927986152,0.013648813633721642,0.042193259805701794,0.04142342223163462,0.042223861685765064,0.009505411512083582,0.04475925540968535,0.05235197514424862,-0.008851015020607056,0.050068077353224424,0.05612581146095882,0.03611261930408463,0.07059951830515304,0.03974569654776506,,0.04169015463688406,0.047463486262216685,0.06331941127984103,0.03227798281504919,,,,,0.05608144664488586,,,,,0.03698768687186198,0.03999414391010316,0.029335007322952286,0.021265891380043908,0.03460786286783613,,,,,,,0.03845510695829404,0.03985115491656072,0.03387375287288062,0.04592821574073289,,0.037869595148373604,0.04286918707578272,,0.03612033539438969,0.04429043793417292,0.012521170279599224,,0.040922350961556185,0.022368112284285476,0.04337767096839824,0.053850499886604064,0.026755049838984996,0.011354361166586837,0.003417231571614586,0.026659244385124084,0.06078535123358515,0.058271957649502014,0.019241136886434484,0.051965775513951803,0.03043242908996188,0.04484418387550715,0.031083288512096567,0.01723647471406996,0.03179556654232599,0.018118964274561947,,0.04444429922469971,0.07006549652398056,,0.03390633199220896,,,,,
2008-06-01,0.039834737616115855,0.017971039572874464,0.03201348096987137,-0.01529171730138887,0.012659705108751943,,0.010679527188035803,0.0018707771975198895,0.03550721442124496,0.03550721442124496,0.08280248714321173,0.050480838477546294,0.0293264586029505,0.03525066650301298,0.01823569422353905,0.054763300542219964,,0.026682009007956777,0.03152667171217819,,0.05254088806238672,0.05096134406125842,0.04942528612553753,0.03550721442124496,0.0192241257309911,0.05330638992306197,0.009501799077028123,0.0039385156131359735,0.05023290445337638,0.03371460856729209,0.027602437017259514,0.0049995920663675,0.03771133149139189,0.05929066550303756,,0.014352179620765628,0.003297925691741323,0.050890294263351656,0.03525066650301298,0.025298971817745215,0.03525066650301298,0.03550721442124496,0.014233124989181178,0.054320748909147815,0.04798419275239132,0.03525066650301298,0.05360206154054885,0.004388638107023507,0.05058362300842628,0.04768830721395148,0.03181454186032325,,-0.0013562137861866936,0.05468250360315561,0.05023290445337638,0.016993837856715308,,,,,0.049142192038094175,,,,,0.03525066650301298,0.005296248009417096,0.027838194214975687,0.03525066650301298,0.03525066650301298,,,,,,,0.002072678877959354,0.03525066650301298,0.00551292534950287,0.039834737616115855,,0.03525066650301298,0.018664895733337877,,0.03550721442124496,0.013513878556152168,0.01272711105606684,,-0.005176656715945557,0.002077013645202787,0.022514262552477907,-0.006113355756046469,-0.0028573888457803526,0.03371460856729209,0.0038681104310725103,0.029575314403767792,0.06536915416216262,0.025591905921886964,0.034267915864685985,0.015685149815475714,0.033351530930598235,0.06633828690145196,0.01699089021798498,0.019676167509694174,0.016408722024863417,0.00875138270036493,,0.035360655819729504,0.04689672419238783,,0.0032746052526728036,0.0092541584932675,,,,
2008-09-01,0.015245113659433427,0.019797111763978685,0.03146535389415834,-0.005267271480720668,0.020357297919945203,,0.009210723467189895,0.02148058545605539,0.029715596406330643,0.03279656937580916,0.08186108777344758,0.047544618866481494,0.03650891258498904,0.03279656937580916,0.022929623252926922,0.047544618866481494,,0.024368079406940517,0.02916328908727886,,0.047544618866481494,0.040630825147802564,0.012918986606176174,0.016363504989179215,0.03279656937580916,0.012604509287763027,0.03239714764926829,0.03872856241236812,0.049401743843687,0.01935919356827004,0.029232821192497378,0.03279656937580916,0.05444447838859243,0.05802700434046125,,0.02950195239483882,0.04210551980501733,0.03607335739732437,0.03279656937580916,0.028988032397315844,0.05150349326066136,0.03279656937580916,0.007400625698604549,0.06774277260189246,0.05663695023588557,-0.002809294268847976,0.03993299510457006,0.053473058251602146,0.03635059594082922,0.04384219347364298,0.03631412648650288,,-0.006094059539098085,0.048364878400113984,0.053473058251602146,0.029643268167947122,,,,,0.04881660188331618,,,,,0.03279656937580916,-0.002554789553012032,0.058959592051193374,-0.007957028716055881,0.03279656937580916,,,,,,,0.03279656937580916,0.03279656937580916,0.025561703074598062,0.03279656937580916,,0.0363766240640539,0.012667035921700742,,0.01711683115165655,0.04246760913788975,0.021479544678049793,,0.03279656937580916,0.04301707395109948,0.01345139055806709,0.04117744173846608,0.03279656937580916,0.00307803231587088,0.02046161741066414,0.020683656795872744,0.04881660188331618,0.06168776822323528,0.02950195239483882,0.04920069018079638,0.04500604816954511,0.04185235717035631,0.015076562551536384,0.001039646784090526,0.03279656937580916,-0.004905434599744511,,0.04102707745959226,0.05529057060424695,0.03279656937580916,0.036742836486709896,0.004733207391678041,0.008549246865668419,,,
2008-12-01,0.02456368701701316,0.016026693889808465,0.02811406628337823,0.004506405461474739,0.012404086764806473,,0.02782847693042364,0.01985842307076378,0.002932901227945241,0.02811406628337823,0.06421155550958167,0.056027213914120605,0.039859908931267424,0.012404086764806473,0.0038094343876115067,0.041521757939999016,,0.04935374435476643,0.021524507846943725,,0.040073957717872526,0.04992684008271522,0.005074232542996806,0.01704121167816755,0.02811406628337823,0.0007059173361469457,0.04992684008271522,0.0012223473223845673,0.042000223847911695,0.014413066465599748,0.010334089313787702,0.015002396194173168,0.01739230850472866,0.055276276864650004,,0.017910523431563647,0.016042038786097862,0.03209622850292144,0.010542025213986405,0.02761699388812159,-0.009736718196502035,0.018203200359114068,0.020978983890736352,0.03590402743343975,0.018972581388728448,0.02811406628337823,0.009440592211935796,0.016042038786097862,0.01970235416055016,0.027057378168326592,0.03747736982987134,,0.08081523950185898,0.04173480850460037,,0.024205868657155648,,,,,0.03581465285108841,,,,,0.016128895088970686,0.02811406628337823,0.045012245250881995,,0.02811406628337823,,,,,,,0.02811406628337823,0.016128895088970686,0.006095565989761273,0.006113038790332483,,0.03474368908460504,0.006467858351224172,,0.02811406628337823,0.032157743131485034,0.022127387375360696,,0.02811406628337823,-0.004277920512855294,0.0036583937518846967,0.05220091465105939,0.02782847693042364,-0.009008692350420233,0.018269616629576078,0.02504029124509265,0.03169757840871457,0.020517396685036236,0.026313010130507037,0.03625622058375715,0.03371829626868659,0.017832760487550194,0.0017665408155456627,0.059392379768012156,0.02811406628337823,0.04977147808613328,,0.015413011603028482,0.07886345766258529,0.02811406628337823,0.03252218096306029,0.031776378080557596,-0.029818258382029422,,,
2009-03-01,0.026381147818240348,0.02759587555795441,0.039825216349880746,-0.0010973051477069448,0.006610059670855629,,0.01438689877482819,0.010254234105634042,0.020546112635963076,0.0302825936727012,0.090120992160951,0.05886111855237307,0.05886111855237307,0.004490823681374598,0.0050398507612632645,0.025430930993879573,,0.01612183935834901,0.005912866790050858,,0.05886111855237307,0.08029013874787733,0.04111392722384369,0.0790839947699053,0.0529343000061879,0.012829241223851344,0.034386790645813126,0.0187123701585646,,0.017516398563704443,0.016270419617770496,0.013747678773477087,0.03463634036626849,0.05886111855237307,,0.01650055333845402,0.025645422644367675,0.05441239382849932,0.027460912965541543,0.0359722725674345,0.026671223931934405,,-0.012242013680769374,0.03553272396660852,0.002873801064539186,0.030166841030131147,0.030810722260733402,0.08416011065367768,0.06780915268371446,0.012753933810832317,0.046617838695790566,,0.090120992160951,0.03467809266292848,,0.02078307697528277,,,,,0.040415128904380794,,0.039967625166559495,,,0.005110250762803939,0.023522042115372333,0.015816512468147918,,0.035014449805412136,,,,,,,0.07953718060430721,0.023049045251930998,0.040451364319362096,0.05790265372796872,,0.0425050671587736,0.0723554547387692,,,0.02923161144098996,0.0032837054629928134,,0.02374124536384075,0.05742008698621588,0.026268468956777674,0.055750330069107464,0.03209434871489531,-0.0036892513946524923,0.009332834251036082,0.009062140084415925,0.012686616699216863,0.040415128904380794,0.04502356193897355,0.06926055675504271,0.012044618553341904,0.044697966351939816,0.012410760741890998,0.010568292574104398,0.04101054915010513,0.0406007609619228,,0.051760752919347716,0.05886111855237307,0.030166841030131147,0.044441247283217446,0.07063181347334072,0.07143435441198938,,,
2009-06-01,0.03277881107997627,0.031726347282029825,-0.026374655328203222,0.010102938598806779,0.037306379582338324,,0.014664001725150845,0.016067331329325415,-0.055808483437197,-0.018183238763842542,0.08005406763542045,0.034177159574410164,0.0345470615542012,-0.010339702248805765,0.02178289763303294,0.034177159574410164,,-0.004567789081583419,0.014988472976983216,,0.038389381631187124,-0.032980490486415825,-0.0001590207105410826,0.032629623194703895,-0.014100359006773597,0.013038432310556401,0.011626638641285629,0.034067889752554904,,-0.00021316264829031946,0.03822347614417798,0.02765140206347745,0.006473972247742399,0.034067889752554904,,0.016775729631479143,0.03783536262812008,0.044065635170970466,0.034067889752554904,0.03792066567641728,0.040592732958933495,-0.03611633512916787,0.002355370078394957,0.03238676095272673,0.03994663098168857,-0.02001342165802683,0.029881657191087995,0.03815108844675566,0.04453911164038493,0.004610362256473864,0.008697315036328479,,0.08005406763542045,0.036189520198808084,,0.0013182043402276795,,,,,0.034047455463257555,,0.05135550049336166,,,0.016775729631479143,-0.02099955970846387,9.755534449603575e-05,,-0.04689455858678842,,,,,,,0.032629623194703895,0.016775729631479143,0.005700350611515913,-0.02023027377458163,,0.03745221305076514,-0.009425055848845001,,0.016409448997843457,0.03476237697712547,-0.01292446653693404,,0.00658890154974066,0.07057388453550163,0.0225850454651924,0.02320869703474558,-0.014707635952496382,0.016298084171672424,0.033809063100876495,-0.007564016425295523,0.032585702357055206,0.03338399088562048,0.009406296566083903,0.034067889752554904,0.03506305204593157,0.047053944278801225,0.0028286823508984014,0.00645023543017375,0.009087480133430206,0.014199299568729418,,0.0503109385925051,0.03338399088562048,0.01741995886659446,0.013878521985389962,0.009983856370128186,0.011636352764412446,,,
2009-09-01,-0.018920817148469948,0.03399698020262334,-0.07704587365783273,-0.012236927735765072,0.00654049998340381,,-0.08832519129341349,-0.005111937934615187,-0.07076972085385543,-0.0688348883995799,-0.039985521665144644,0.0384119384539805,0.035388543805655204,-0.11360208024355299,0.0023772959413288467,-0.05292810919767973,,0.02109019412778733,0.015588633852039216,,0.022764895165524626,0.04754589896242173,0.03124736292008098,-0.09217649617761291,0.011079843142648345,0.04405566122252292,0.028184893219156876,0.0049823250788406685,,-0.01981946123217402,0.029668520960659098,-0.09810013686477595,0.03248095254257754,0.00856160857286114,,-0.07068339413583592,-0.003551265689570589,0.042259380751682354,-0.0728460908878466,0.027053919279085438,-0.044807346232269674,-0.16051824139430101,-0.017858740761387815,0.03482833983464943,0.017617645819026903,-0.09242092042685983,0.03570716935526426,0.10588770803323676,0.06470408446265873,0.04227099674240723,-0.12455515238589639,,-0.039985521665144644,0.04833459116201996,,0.0011739815413974231,,,,,0.007369089597965944,,-0.001989994235021184,,,0.015496546133182599,0.061885829601094046,-0.004363991388641001,,-0.05829225431495609,,,,,,,-0.10792055802556012,0.015496546133182599,-0.0015879053233352474,-0.0831999650714385,,-0.05202126903291467,-0.018839450986618426,,0.004505441569628644,0.011572430745987839,-0.03021266989332509,,-0.0765138904059416,0.0274175499431315,0.024960455183206307,0.032005408574876264,0.01853737367265446,0.010043428802608534,0.06312194017904285,-0.02548014892468297,0.0506050458755619,-0.0005519574488544485,-0.0421268686861684,0.06059121638868163,0.03651029145161562,0.1340032604248722,0.015710361401004493,0.01953260081774404,-0.002981370481211839,0.019441293164032637,,0.08642242891131686,-0.01758572022321331,0.008090521136678453,0.03153665111543163,0.10057995359771521,0.010084298632200586,,,
2009-12-01,0.005499847233295441,0.01743336208164692,-0.11990538984537125,0.012196636758744717,0.012928073294460773,,-0.00887651089578867,0.005642242264002562,-0.038189906626939774,-0.02951197698712349,-0.380195677280426,-0.0361982025206089,0.06563830375671387,-0.021383650600910187,0.01743336208164692,-0.014044763520359993,,0.005499847233295441,0.01743336208164692,,-0.04039255529642105,-0.0013794429833069444,0.038441162556409836,0.039716847240924835,0.015514315105974674,0.01743336208164692,0.038441162556409836,-0.04946407675743103,,0.002744485391303897,0.01743336208164692,0.013056407682597637,0.01743336208164692,-0.11990538984537125,,0.039716847240924835,0.03210608661174774,0.035386428236961365,-0.11990538984537125,0.01743336208164692,0.013159280642867088,-0.047079648822546005,0.005499847233295441,0.01743336208164692,0.038441162556409836,-0.11990538984537125,0.01743336208164692,0.06563830375671387,0.013159280642867088,0.03210608661174774,0.03918689861893654,,-0.380195677280426,0.03210608661174774,,0.012441140599548817,,,,,-0.16998638212680817,,-0.22427654266357422,,,0.011004508472979069,-0.0014408293645828962,0.013159280642867088,,-0.02268882468342781,,,,,,,-0.017091747373342514,0.011004508472979069,-0.00931581761687994,-0.11990538984537125,,0.14537008106708527,0.004044527653604746,,0.008418266661465168,0.01743336208164692,0.002744485391303897,,-0.11990538984537125,-0.06465423852205276,0.020981816574931145,0.01743336208164692,0.015514315105974674,-0.004774253815412521,0.020981816574931145,-0.02047213539481163,0.03210608661174774,-0.04039255529642105,0.015488684177398682,0.011844546534121037,0.013159280642867088,0.3211824595928192,0.015778061002492905,0.015778061002492905,0.015488684177398682,0.01743336208164692,,0.020981816574931145,0.038441162556409836,-0.0042593819089233875,-0.01254165917634964,0.013159280642867088,-0.0010494684102013707,,,
2010-03-01,-0.005568557418882847,0.0027849171310663223,0.017576660960912704,0.006880329456180334,0.007429396267980337,,-0.019388914108276367,-0.011822051368653774,-0.06819644570350647,-0.18488310277462006,-0.22795554995536804,-0.02035367116332054,0.03365425020456314,-0.020914504304528236,-0.005333627574145794,-0.030291253700852394,,-0.005568557418882847,-0.005959601141512394,,-0.5099524855613708,-0.017400087788701057,0.006521883420646191,-0.07357626408338547,-0.024993224069476128,-0.005958904046565294,-0.005568557418882847,-0.06819644570350647,,-0.006740977987647057,-0.005139166489243507,-0.025225844234228134,0.013899733312427998,-0.06781016290187836,,0.009765892289578915,0.009289387613534927,0.01816803589463234,-0.20170484483242035,0.0009499021689407527,-0.007049271371215582,-0.004400306846946478,-0.004626129753887653,0.011433077044785023,0.04182562232017517,-0.06470882147550583,0.00959805678576231,0.126404270529747,0.0070742894895374775,0.01761004701256752,0.003878774121403694,,-0.21903523802757263,0.011962165124714375,,-0.00015610973059665412,,,,,-0.04878085106611252,,0.074469193816185,,,-0.02739863283932209,-0.006294812075793743,-0.005303604062646627,,0.007277039345353842,,,,,,,0.045969635248184204,-0.02739863283932209,-0.005477244034409523,-0.13538190722465515,,0.1429886817932129,-0.04541555419564247,,0.0024617472663521767,0.011574129574000835,-0.07333821058273315,,-0.11224443465471268,0.07947783172130585,-0.005303604062646627,0.0027290661819279194,-0.027424925938248634,-0.006419673096388578,-0.0034685879945755005,-0.07333821058273315,0.01998268999159336,-0.06470882147550583,-0.008889265358448029,0.014703725464642048,0.0009027303312905133,0.24995344877243042,-0.03508194535970688,-0.007377319969236851,-0.025081759318709373,-0.051757942885160446,,0.018394244834780693,-0.13538190722465515,-0.025279337540268898,-0.006463892292231321,0.0031768884509801865,0.01464756391942501,,,
2010-06-01,-0.010388074743974508,0.0090098142320974,-0.062426090852369685,-0.018321346475600225,0.0036162509922347276,,-0.021698351584292456,0.0025765618937862505,-0.12086905452218086,-0.07327463689886099,-0.13090015688560888,-0.13596495919367318,-0.13100379255643144,-0.04213677453517954,-0.016052783153477548,-0.13483530644781488,,0.0048741870695554875,0.010252304018395915,,-0.06895739082105488,0.007469754057706499,0.029985556029701908,-0.02561406363203754,-0.008296772860699658,0.02846688155235288,-0.007393158158004522,-0.029137038011851715,,-0.024733239112792908,-0.02281975189331791,-0.03706147012430053,0.025774093724160334,-0.13100379255643144,,-0.00406470289847877,-0.014559426295844407,0.022981597291471603,-0.139019128640927,0.022412219594499613,-0.048346674321770526,-0.036581516390378536,-0.007428262873994043,0.043588653177103226,0.0013059120364636858,-0.13636318976003964,0.03162765506310923,-0.13090015688560888,-0.10203850453828495,0.039923279877251416,-0.036936955072942396,,-0.13090015688560888,0.049387437646081576,,-0.06426136077390417,,,,,-0.1013908482041665,,-0.03134835605389213,,,-0.03628230351011248,-0.060286772483562956,0.002986536722747214,,-0.036164143410972356,,,,,,,-0.1274138199276034,-0.024887055290316932,0.008288410386271653,-0.1343470439076337,,-0.04593885829925409,-0.02183178960619221,,-0.037016242973443775,0.0036576212513816796,-0.03798459903003651,,-0.023709252985702572,0.019773903063829954,-0.011596720173855367,0.03264684337844001,-0.02311056000227066,-0.022191720163238438,-0.008817554839294152,-0.030313406599839415,0.017320570212222535,-0.11070778333544501,-0.02178929370937776,-0.016389104893004644,0.011698012471704466,0.02971233522428176,-0.018452465818695054,0.010726435100143145,-0.02204762345092829,0.005066082922214176,,0.020564194764749813,-0.04743846284374459,-0.02850905809780387,0.0020887247915158777,0.024128592025164056,-0.028545181981155774,,,
2010-09-01,0.010787022300064564,0.024872247129678726,0.10490932315587997,0.016562024131417274,-0.019187789410352707,,0.014243780635297298,-0.01172422245144844,-0.013616349548101425,0.013025376945734024,0.11578736454248428,0.03968655690550804,-0.030561305582523346,-0.016800228506326675,0.016562024131417274,-0.00964068528264761,,0.0066405413672327995,0.005670586600899696,,0.05567402392625809,0.001866924692876637,-0.013367103412747383,-0.004222945310175419,0.017954804003238678,-0.014164991676807404,0.01822706311941147,0.04963402450084686,,-0.013925721868872643,0.016562024131417274,0.011665881611406803,0.02606835961341858,0.07964712381362915,,0.011665881611406803,0.11595389246940613,0.029101507738232613,-0.10935375839471817,0.0035716767888516188,-0.004818966146558523,0.04202582687139511,-0.006465103477239609,0.02708950825035572,0.030308768153190613,-0.17495785653591156,0.022223081439733505,0.2588717043399811,0.050220586359500885,0.046691469848155975,-0.031987663358449936,,-0.05802494287490845,0.044661156833171844,,-0.00964068528264761,,,,,0.08548791706562042,,-0.011532416567206383,,,0.007693781517446041,-0.007755907718092203,-0.007797143887728453,,0.014243780635297298,,,,,,,-0.001670226571150124,0.006208023522049189,-0.005015788599848747,0.04720788076519966,,0.20043744146823883,-0.043283428996801376,,-0.07182621955871582,0.04946279525756836,-0.014928923919796944,,0.014243780635297298,0.04642343893647194,0.02727348916232586,0.026358233764767647,0.014243780635297298,-0.009196964092552662,-0.004222945310175419,-0.01488066092133522,0.07825393974781036,-0.047906164079904556,0.013188841752707958,0.008563709445297718,0.041454460471868515,0.16876444220542908,-0.012927129864692688,0.0035716767888516188,0.010610942728817463,-0.0005449262680485845,,0.06842373311519623,0.05309879034757614,0.02049347013235092,-0.03895663097500801,0.0405317097902298,-0.014442764222621918,,-0.032629646360874176,
2010-12-01,0.0038436441117362524,0.017408746340963427,-0.04436604795794184,0.021806962758734387,0.0033245246334308834,,0.008980686038937287,0.016335118735162933,-0.014036604087685402,0.004941134240087912,-0.017916487551363127,0.05832592540772115,0.0012196108729323508,-0.03879128534363144,0.029156335453744114,0.040878153790690576,,0.0007481048384907636,0.01794411692272928,,0.0637877089731882,0.01737278287947972,0.023666547280871683,0.018857843432623006,0.0037057599126462102,0.014128119795190268,0.018562169686368955,-0.004136975329216232,,-0.01460266341536561,0.020927244799265957,0.013884196313270075,0.06544985700907074,0.06612133437849398,,0.009685520973736086,-0.010665159502040162,0.030126610525676317,-0.03937280308857543,0.01784586024885135,0.0031972232035299363,-0.00549559492058142,0.003283320171212173,0.08026841906801788,0.04158322821799107,-0.004652470951144589,0.049583074454599,-0.006866225130039936,0.044614662548036005,0.08045546773736915,-0.0029702880310064792,,-0.004651396569276734,0.07248498877106217,,0.04189768277234276,,,,,0.02194619274090931,,0.01780739025428183,,,-0.009183488488402431,0.009972167053131923,0.04972860856330497,,0.005940528496415191,,,,,,,0.02773294644803808,-0.009270322731725325,0.00460889819502121,0.03175698875618606,,0.07354601752936953,0.00046312422986676324,,-0.025341023637932645,0.05234497491369941,-0.02791057052318808,,-0.004754922745502672,0.0828998691699223,0.026584287622024385,0.0552577973188164,0.009122103301439992,-0.009691247339908757,0.01463358465493763,-0.0153745909677316,0.07545942696742727,0.057636648186759995,0.022077515676842126,0.06427240873147338,0.06135381046674272,0.039275847389349805,0.004467533955174414,0.028394533415239145,0.003893055351250109,0.029325069223761435,,0.04941907822148632,0.04478587919688251,0.01894449971444057,0.0036204224322240294,0.05133259379304167,0.019994277972874654,,0.03787401349044358,
2011-03-01,-0.0012612970863255326,0.013545039664876834,0.004087161303575044,0.006056056960728839,0.012468862364609175,,0.0023715009812490624,0.006858129837930649,-0.007417793783199914,-0.02487174215313005,-0.022654069289648193,0.06146048790606173,0.031028781478753174,-0.04026810052176352,0.010187169016995084,-0.02284143227297871,,0.00932275435461187,0.007013540184262232,,0.04348698711963437,0.013909540733937692,0.015818222666771905,0.02271399177509462,0.01572689246879425,0.024617758583404335,0.009126860981833122,-0.021293546622662543,,-0.01736888896406053,0.010236991662730574,0.0023142136539238286,0.02877306484172444,0.06119294054536071,,-0.021960308931168217,0.034029341521075625,0.02833287931753398,-0.054953136452488914,0.01502832844088679,0.005068572562014723,0.01017513116874533,-0.005174020832799344,0.06602370299771033,0.039436901095650116,-0.03354719130627736,0.020614579798989355,0.04564979169336288,0.034206302281378054,0.071485397363993,-0.010497272654436484,,-0.020723988966932345,0.0581099239550162,,0.035348208159889725,,,,,-0.00499654333200949,,0.014551362089098454,,,-0.009045002121264021,-0.0022241680961420586,0.03506624469049363,,0.0012801921956479099,,,,,,,0.009145318386445375,-0.00960152596652058,-0.004188753174166684,-0.028240930995024106,,0.05749934577124915,0.018001885485498102,,-0.021446216193301185,0.051289775524008076,-0.02428873145514111,,-0.04132126531441495,0.07497831729034457,0.024962155478210728,0.036882807613425016,-0.03893576634391026,-0.01000447327104535,-0.026027448405515182,-0.030584147084432814,0.07195776509679433,0.027865001636979164,-0.03513525669967923,0.005777089808595041,0.03490902073655691,0.03970706099441283,-0.0013710169334913056,0.02104009637503805,-0.011181187494498064,0.029184254041514923,,0.05185375477598612,0.013253411273176757,0.017322655064293778,,0.06689269378387909,0.00966453834488753,,0.03996360641309358,
2011-06-01,0.013548781828921292,0.013094412148085422,-0.020043641432948817,0.01702034385588587,-0.007062161099369948,,0.024741229497710168,0.014454472055093166,0.002291409793556299,0.012155365767189917,0.0006243898493529115,0.04936173684593296,0.06763014291179875,-0.027570730697076586,0.02288151277894439,0.0575370801263488,,0.013422888696341234,-0.009557179347531182,,0.06646860384352678,0.013493535587761053,-0.009834318242340295,0.025879978518745482,0.027860353845566337,0.02616934503725194,0.0030681969351304735,0.06792450558927027,,-0.013940305313863519,0.014830649579784297,0.01507996219309481,0.020957291917684393,0.07575605205944243,,0.015614992052189927,0.043435305183166344,0.03832656839773692,0.01933495058793787,0.0027948379981769904,0.008730869962757369,0.022314370484403226,-0.01130976643535197,0.07399983603457766,0.047562881791562726,-0.0004659736942145801,0.028480202200382852,0.015959995945435842,0.035424805617090466,0.08042717896138354,0.012920616015837869,,0.01342274242020354,0.06474951744692614,,0.06150127088595204,,,,,0.021058862913322107,,-0.004535794815984736,,,-0.0045979969878202935,0.028369889283125286,0.02553080655174724,,7.207475054654362e-05,,,,,,,0.04530496683795384,-0.0008936939792895207,-0.0063956455862566874,0.05365553188104638,,0.05823947721747018,-0.00034829075302644867,,-0.039994578608686465,0.004208656856849264,-0.01527626835044269,,0.01032718228770766,0.06839277564856452,0.009909929404888336,0.02808284883017166,0.015613868590173567,-0.019885545209103857,0.00666563180242687,-0.013847554391560006,0.08094365642817739,0.046657659741572724,0.027537226679034923,0.0657593747924084,0.013046200512926744,0.03458041236933869,-0.0017298362630025358,0.018079113824558613,0.00022021958542301216,0.0010107313071201513,,0.02130067554631437,0.004597997349009973,0.02579144444062549,-0.005129977094585453,0.05559353941468822,-0.014450717142348619,,0.02056997793402434,
2011-09-01,0.005939602864561708,0.017430346942281433,0.02954690510334721,0.024899749729132514,0.012419657647190701,,0.0031091650401396703,0.01266720498572898,-0.0013256022218816111,0.007711173325662236,-0.015233249606970726,0.0547974982178211,0.04998050225302305,-0.014192651946839066,0.02342762772205139,0.046886384512029436,,0.00017721094429174497,-0.0031752177036847747,,0.060083097301422576,0.013642794603327684,0.015210472368819122,0.0151941014445265,0.016894835897810906,0.01471353428675931,0.011388125912323568,-0.030451314015683302,,-0.016080382331111833,0.02283230245780829,-0.007779046384472069,0.03147833381386198,0.06576978838676756,,0.0017194212048884832,-0.03476721692934192,0.03942582571332978,0.01120749577068965,0.003614384204076302,0.004426026789668302,-0.04401876730659173,-0.005563821969084143,0.05646649529932226,0.042050676555661665,-0.034635040253261876,0.03920063811029231,0.02648290328487746,0.033968180126571774,0.07149144248595855,-0.05550495346337073,,-0.011883291964192952,0.050770349020031365,,0.05195696817458588,,,,,0.0022278000538135754,,-0.004414927722514659,,,0.005498896135747293,-0.059673290695202136,0.026883980159003937,,0.005206974876487189,,,,,,,0.0068225679261999786,-0.052022916638959804,0.009410211041064457,0.04593439592818551,,0.05130384353722603,0.0037110810940664163,,-0.029356651629263486,0.04335597437652703,-0.01570511838928541,,0.01116838833163454,0.06621126394091562,0.01144505539046357,0.02947031883095825,0.011257798939545078,-0.010635632589506172,0.01635771312313658,-0.023641622552162775,0.07468458640219637,0.04487768212489089,0.017444972631440406,-0.02302155382462304,0.009965142537735103,0.020846627344419114,-0.010171601765193931,0.012784176376680141,-0.0001479829960172856,0.010254396825226745,,0.01256207623023112,0.007849332896743538,-0.05032594291298957,0.004710735344110128,0.037455216782666605,-0.009186430574893305,,0.019926257505238253,
2011-12-01,-0.00040581391009108267,0.05421577080421905,-0.03129575469172751,0.04296105607655765,0.017988453669464787,,0.0007814928994347086,0.01411797794227469,0.026359086855411842,0.012636303859158553,-0.017749539849990906,0.05879762493451006,0.06619724252190134,-0.023238051240136667,0.01841185589934057,0.06400463943634382,,0.013087649004891268,0.007964839609779437,,0.06094311798364382,0.03211284965935255,-0.026521559771258252,0.058583141160332204,0.01760916470246039,-0.0033054321176239866,0.017319693459447897,0.04390415340664813,,-0.005519200180495184,0.02395491359780905,-0.019880993234151628,0.052408540962041616,0.06233296315006375,,0.0030542537535883764,-0.0227397800362628,0.048968681304048065,0.05820552306943867,0.0158751911682755,0.03746694323115526,0.04680331756741898,0.00032567995860977603,0.07186664004543916,0.05278388198588195,0.046523598874025046,0.05429812987094555,0.043306093743033694,0.03959379212735572,0.07720753656398106,-0.022371213282718374,,-0.017749539849990906,0.0671027259903283,,0.05443441160063038,,,,,0.0388615756164718,,-0.018935908559561055,,,-0.04766089811257074,0.02088793254841142,0.0773099024886907,,0.0070877937453747986,,,,,,,0.032158181067032554,-0.014629108940854875,0.010550001530133715,0.06576860802430146,,0.018032307826304658,0.007751876237609169,,-0.05953886163006121,0.047567817287859755,-0.013451551868453286,,0.014138444225331125,0.07739865841003778,0.006615388059278422,0.03946724876666275,0.00863826552794273,-0.018661017320456948,0.017746099352094556,-0.011297037173201826,0.08433537433014399,-0.0020586557336885396,0.020059855878635315,-0.005238846441714842,0.01723704572858903,0.027524173480184006,-0.00528120831144576,0.029629872532611866,0.005659501362400404,0.04279552032807854,,0.04323017592657413,0.009387980305003867,0.018271976325873466,0.026929546036006956,0.04797666773540042,-0.0030537287534498415,,0.030969398420436986,
2012-03-01,0.00047107121772696573,0.03443875715663119,0.052002495970773784,0.04670457031646664,0.02238659272991824,,0.013095705016242071,0.018350002836268607,0.0352537400726189,0.03240605157100171,-0.01776811717552287,0.05632308929400825,0.0008162560445215601,-0.027330082773774893,0.02282036227895593,0.06255853873556205,,-0.0032193531179451106,-0.004350421734939106,,0.06409461562957439,0.028174311056785976,0.02580389409180471,-0.011042771645508893,0.03459210643487572,0.015893469387178203,-0.00027411803443251425,0.06788068767407006,,-0.01863929269834739,0.031778957881641874,-0.013779757340373875,0.030219384901339616,0.06331504992616441,,0.004561171212557692,0.012038631476601981,0.04455892741041332,0.05662470751531007,0.011799864084407094,0.02154308681987135,0.001713613723288383,0.0008950274325988096,0.0674461279375495,-0.00044068539847185616,0.06063465816174762,0.05299254619279866,-0.01935968314707887,0.035236702271265755,0.06543485480616729,-0.002980091961203839,,-0.024745435219091214,0.0635997880086852,,0.039551513815019035,,,,,0.01684586463030036,,0.014841500467263107,,,0.0014683594712087062,0.028279490603717625,0.059433583474427266,,0.025693554708957317,,,,,,,0.06276616038178381,0.0013849704447367217,0.006046965560897372,0.012456897147878267,,0.058734936309609076,-0.0034251387375716326,,-0.005281127198059367,-0.0010061038065517932,-0.014372969928567349,,0.0062690242982560394,0.07702521790496596,-0.0040064792642796575,0.03476665046488678,0.0007919368718249023,-0.03360610176100448,0.0016125993755310224,0.0017074840229303093,0.07982656644376576,0.04610743326119692,0.030422453038111842,0.06633030108836578,0.003780770079112209,-0.00191495547336889,-0.001385248903560677,0.029536347738381572,0.009349789222246047,0.03878772820313534,,0.041680708335508854,0.005007615903610424,0.03436293106995107,0.017643432792510072,0.02971549272409046,-0.0016347821942577698,,0.030730907868384363,
2012-06-01,-0.003822488011792302,0.05750340223312378,0.042433127760887146,0.03532254695892334,0.00831315852701664,,0.02344531938433647,0.0028481686022132635,0.013349066488444805,0.03347501531243324,-0.14898531138896942,0.04553641006350517,0.10292317718267441,-0.01524948887526989,0.008265836164355278,0.030201788991689682,,0.008581775240600109,-0.029006794095039368,,0.19880536198616028,0.08599789440631866,0.04123736172914505,0.07293961197137833,0.033417925238609314,0.015039150603115559,0.004938182421028614,0.09786832332611084,,-0.015197086147964,0.010171709582209587,0.015116456896066666,0.000778848014306277,0.0464954748749733,,-0.015197086147964,0.0310467928647995,0.030256878584623337,0.00515046576038003,0.005408570170402527,0.005170905962586403,-0.013047425076365471,0.002509390003979206,0.03481576591730118,0.052556876093149185,0.08006919920444489,0.015117362141609192,0.019063962623476982,0.031534623354673386,0.05783539637923241,-0.0020553458016365767,,0.08002165704965591,0.03792811930179596,,0.030189860612154007,,,,,0.03836221620440483,,-0.08041080087423325,,,0.01635953038930893,0.03928185626864433,0.01921270787715912,,0.017612414434552193,,,,,,,0.013208113610744476,0.01635953038930893,-0.0053711580112576485,0.03718964010477066,,0.11074444651603699,-0.06645434349775314,,0.016997499391436577,0.1428775191307068,-0.003341830335557461,,-0.11343680322170258,0.05116724595427513,0.024236304685473442,-0.010565337724983692,-0.18261034786701202,0.01585405319929123,0.0326208733022213,0.012650832533836365,0.04695511236786842,0.07572361081838608,0.03058776445686817,0.1574561893939972,0.0014278989983722568,0.014870594255626202,0.0014368967385962605,0.03661650791764259,-0.004830321297049522,0.014964264817535877,,0.07965859025716782,0.01304498128592968,0.024723799899220467,-0.010699819773435593,0.023122478276491165,0.02268875576555729,0.04617852717638016,0.04727370664477348,
2012-09-01,-0.002060294083141014,0.034843355338523556,0.03933712998256197,0.024449777470636213,0.028405878684669907,,0.01118665068971215,0.024178538424319676,0.020197669944365542,0.03782878822171115,0.04024066112461231,0.05181672700967666,0.061944045307828724,-0.023637106706033858,0.001009570699004804,-0.026922521705240485,,0.011579303438621473,0.003462779158101987,,0.049847261674063115,-0.000661123564753878,0.013920469107712672,0.04288495687936074,0.01034763366060573,0.02891738005193301,0.01831251704446824,0.06202421578903812,,-0.01849042679846178,0.0024792615446170597,-0.01792763121715922,0.014337507281462193,0.05865260784483437,,-0.004457099584193284,0.02845669645270935,0.04188466104292993,0.04176595113578957,0.024709909436241784,0.0027916510124889942,0.0492451856125344,-0.0038068233693128993,0.061147948087582144,0.060092831476729766,0.04472204808230812,0.031820797405764184,0.046140615610518194,0.03726259946337601,0.061521149686490695,-0.02283331615943781,,0.03170956939558122,0.061094923147422965,,0.05306063015269619,,,,,0.03218011784713162,,0.026066884523979428,,,-0.007457377465094053,0.017863168146459028,0.03732271528102391,,-0.005841059905112582,,,,,,,-0.004298455854795815,-9.486310173335621e-05,0.015715209643438324,0.05933712447220611,,0.06779404629392362,0.004471675032644537,,-0.011649359813856588,0.05623691850253441,-0.010432205757054724,,0.028612087200935513,0.068969396774189,0.02517439335557617,0.05307502906200513,0.025851833735223997,-0.005237234191093695,0.023045859525165815,0.0051914031555414485,0.07773799684173066,0.05330392876533376,0.02873683970666923,0.058715105382337374,0.02033961662684909,0.02214820724849717,-0.007404004016587304,0.0223248595510189,-0.01151460531903417,0.023123239569324713,,0.04098660545984849,0.011396670280694427,0.025955835743111742,0.004096478342944793,-0.014726504348996328,0.021570204694989256,0.026321330762681092,0.033549186280024686,-0.033598033635791384
2012-12-01,0.003895926199435283,0.13567547034653762,0.010413172008188854,0.06833616370533031,0.003916645019031022,,-0.01681280741799485,0.0034262079881390694,-0.012991312594380532,-0.04423528067562051,-0.019686318837382786,0.009566261615420546,0.010725604638525931,0.008270844134482239,-0.008055550597759479,-0.018319957411540317,,-0.006847127391450315,0.004237142747059297,,0.09386081344385101,0.08782555933817647,0.015942446026260087,0.12945647623433781,0.0002781398206645704,0.005236576120668526,-0.016891832747816547,0.19611978608033967,,-0.0553522630277614,0.0023671091956514183,-0.02615355472830185,0.036064561101085316,-0.01516835274180973,,0.009964376637926618,0.03996829059976383,0.038732472299018425,-0.029102575584965533,0.0035801732324117963,-0.005484784435055903,-0.20710332603971296,0.00708745346049979,0.013658947083686077,0.15167242365843903,0.0012042795762143867,0.03954998326962122,-0.045809984852853904,0.010688679263339327,0.06431931096286558,-0.02957953298576389,,0.48639849867091023,0.06617889168937023,,3.8890628106783255e-05,,,,,0.34055637049355647,,0.006491833715009828,,,0.014504899469835922,-0.024897592203000578,-0.021894515866237283,,-0.0025282372925485687,,,,,,,-0.1281683585862129,0.01633009962281327,0.05869854076650664,-0.16943019373927193,,0.03559486298012937,-0.05280915659320532,,0.0052640842639591606,-0.002506874057740793,-0.015890643836805517,,-0.12079648458755596,0.02685009474120776,0.03983773883904638,0.028982004677403427,-0.21164710172501217,-0.05991351659306994,0.04115034806927023,-0.011683204012603608,0.1435472443662349,0.0046943138857736735,0.0409752135057511,0.29708069693426165,0.014794066044757484,0.09706941121981291,-0.006367649613659341,0.16450508744079445,-0.04310955671026476,-0.011739134104594654,,0.1349292496439469,0.00846588591510955,0.005119597331790447,-0.0047550400212821005,-0.005396392765396952,0.05204959662622119,0.004107188144823928,0.060490694129675164,-0.0064120714819623295
2013-03-01,-0.012918223609405257,0.008482697854773152,4.158437879873765e-05,0.010789834724117556,0.021639281707740834,,-0.008810844227278417,0.014408781540438178,0.0024158889429128387,-0.0011789644315580428,0.026283564170487658,0.04254195135402566,0.05725872771253291,-0.029950654569585587,0.0027635731217443647,0.03148148376163742,,-0.005063205535465281,-0.026112460442524195,,0.052587556012419295,-0.04946348869090108,0.035655737413359694,0.012015038657207806,-0.03354596494404373,0.018160097665560954,-0.0026676320958986632,0.025245124009288467,,-0.034022380242007266,-0.003338748859744628,-0.01556856540664038,0.00013007609698425257,0.05379445831658522,,-0.013411537054671801,0.015651156496559415,0.02982162028334069,0.01522980439786802,0.011772158669634315,-0.0002269056239921338,0.022117851809937014,-0.01213036410777532,0.05282730977146976,0.05850237816122657,0.046226868927546114,0.029630074589072394,0.0552494613300646,0.019345043500977724,0.03808514703306605,-0.0005413915086341999,,-0.03196391173550271,0.048916637219207276,,0.02841188552954066,,,,,-0.016026001634780154,,0.019100891229298773,,,-0.009971552973216703,-0.015730828800530075,0.021544863896309528,,0.0023733602542276135,,,,,,,-0.050296706670845376,-0.01878465715157201,0.0024304745448357782,-0.037265973660837226,,0.05704161336389644,0.014799271530045528,,-0.032582983333984995,0.040558556620375066,-0.02003759219389123,,-0.033771791595745865,0.061886370615820974,0.022594159205604765,0.039325194547515825,-0.06262650188623746,-0.07196568753272611,-0.005957484927217919,-0.017523568651172453,0.06877628395697735,0.03182206083164811,-0.0020207122681790124,0.05658688695842582,-0.005307561774030741,-0.00033673261822351986,-0.0017364918975583945,0.018177518889738106,-0.01833142091721847,0.016677023951792304,,0.04569157147221944,,-0.04090792136077905,0.02061212009525729,0.01243748088145806,-0.010121412136072755,0.010645079188402644,0.0008461010817955503,0.006774766608909082
2013-06-01,-0.007802009577707488,0.19728141771763158,0.029042319169254427,-0.06566972098167846,0.015531027067909289,,0.003621747634349691,0.009132039286241508,-0.01556379287686381,0.014379081283174352,0.6220684530411671,0.03453611305391288,0.0179056611237602,0.004087283476221343,-0.018690727480563038,0.01290857008741932,,0.007826261830215373,-0.05632130561747272,,0.048804102081798875,-3.749167963757442e-05,0.029834231290058223,0.05426481642579397,0.008105339550509934,0.020661670009837974,0.056129430881376285,-0.026706289672363975,,-0.02587434346867562,-0.00010323721375408616,0.02738090208901913,-0.03539719503462644,0.03169591545633984,,-0.04297646459691592,0.060905844153795005,0.044595904123237814,0.0075043310244051285,0.009451049054621834,-0.131105090731776,0.04159038067232843,0.00795956734464106,0.003104391375218807,0.09754123809314841,-0.04690676972081681,0.029824266187222965,0.03329756246218512,-0.01037541099875274,0.06204869201437516,0.006870622831710925,,0.6220684530411671,0.05554911448621632,,0.003049239939739084,,,,,-0.03355585007924719,,-0.07436320116163289,,,0.016161919927168263,-0.013106007652363697,-0.0030686904619108995,,0.004137764224942256,,,,,,,0.05263368029762009,0.0164127600581643,0.08233988647200456,0.023679377284116815,,0.09973942351186278,-0.05397542661047177,,0.023389790699019454,0.025704324458389556,-0.01184710775470448,,0.03406518995481017,0.07832674254727703,0.04679147895904884,0.012927977413211104,-0.2671650788057239,0.00911312600808649,0.005234798373700563,-0.026719054917494673,0.054998086404374036,0.08659890073389409,0.089421445299178,0.08304170027733934,0.00890409095422645,0.11457749203624153,-0.011269704671705884,-0.014880019699424516,0.0036727654328916923,0.013546033305046208,,0.219764993637781,0.01133236579049112,0.030790124637485327,0.007908417624724383,-0.016456478693288135,-0.1107103542755102,0.00018570981147072817,0.02034893064673521,0.1008466532266155
2013-09-01,-0.005406252574175596,0.03225770965218544,0.0142366299405694,0.008148166351020336,0.01573631353676319,,0.006810090038925409,0.007347093429416418,0.0005109230987727642,-0.004143271129578352,-0.09493037313222885,0.10675600916147232,0.021961063146591187,0.004230787046253681,-0.004789053462445736,0.028103051707148552,,0.009517714381217957,0.009661488234996796,,0.05236867070198059,0.0034560849890112877,-0.0056468225084245205,0.022724907845258713,-0.001965215429663658,0.014111923053860664,0.02642741985619068,0.02866986207664013,,-0.016900068148970604,0.0032984588760882616,-0.009100467897951603,-0.017680885270237923,0.028655292466282845,,-0.012105756439268589,0.08498232811689377,-0.0007083392119966447,-0.006392967887222767,0.011360451579093933,0.017700767144560814,0.0064103747718036175,0.01528148353099823,0.021247366443276405,0.036946557462215424,0.04055441915988922,0.027766909450292587,-0.13984879851341248,0.008035661652684212,0.049504607915878296,-0.007436677347868681,,0.22588004171848297,0.03409196436405182,,0.01924530789256096,,,,,0.22168505191802979,,0.015283254906535149,,,0.01643420197069645,-0.010040086694061756,-0.015518315136432648,,-0.0076842461712658405,,,,,,,0.011592434719204903,0.015783365815877914,0.027396412566304207,-0.05508529394865036,,0.0020881604868918657,-0.04684478044509888,,-0.003153169294819236,0.004091233015060425,-0.026721565052866936,,-0.05280595272779465,0.011725939810276031,0.021027790382504463,0.017517954111099243,-0.3484640419483185,-0.0005550025380216539,0.03380058333277702,-0.023227471858263016,0.04326152428984642,0.017231730744242668,-0.0022197312209755182,0.02061421610414982,0.025998959317803383,0.036991048604249954,-0.008546452969312668,0.01293467078357935,0.00430138036608696,-0.04819321259856224,,0.06422244757413864,0.011234225705265999,0.01138874888420105,0.019148025661706924,0.001889265375211835,0.19038231670856476,0.014824077486991882,0.016402024775743484,0.22936980426311493
2013-12-01,0.01059186365455389,0.05249161273241043,0.027064675465226173,0.031718909740448,0.017079917713999748,,-0.1899602711200714,0.021706342697143555,0.009529540315270424,-0.006622816901654005,0.23234926164150238,0.03527259826660156,0.023349732160568237,-0.004256203304976225,0.00525850523263216,-0.10175685584545135,,0.02308821864426136,0.019817057996988297,,0.0831465870141983,0.0419987216591835,-0.01700720377266407,0.018763523548841476,0.0046094912104308605,0.018045274540781975,0.025560595095157623,0.028163906186819077,,-0.01706225425004959,0.0053171077743172646,0.029920019209384918,0.016778817400336266,0.028857238590717316,,-0.023187527433037758,0.03493121638894081,0.025440366938710213,0.027908839285373688,0.0024296799674630165,-0.02559959702193737,0.013011963106691837,0.014076478779315948,0.03157239779829979,0.03801357001066208,0.07168522477149963,0.027041975408792496,0.03311912715435028,0.03146543726325035,0.06772547215223312,-0.0015549848321825266,,0.7283082008361816,0.03766128793358803,,0.0229916013777256,,,,,0.1661282181739807,,0.02126176655292511,,,0.017513228580355644,-0.00031333163497038186,0.004420597106218338,,-0.0012433698866516352,,,,,,,0.06065070256590843,0.017513228580355644,0.015935096889734268,0.024011559784412384,,0.06813497096300125,-0.030087266117334366,,0.011226221919059753,0.016676343977451324,-0.0041102576069533825,,0.009666336700320244,-0.031649451702833176,0.02711673080921173,0.023819662630558014,-0.14942282438278198,-0.16629363596439362,-0.007531032431870699,-0.05259084701538086,0.06494304537773132,0.018482785671949387,0.006989705376327038,0.040450818836688995,-0.03318319469690323,-0.013353695161640644,0.005728727672249079,-0.018119556829333305,0.01192821841686964,0.025045985355973244,,0.06636657565832138,0.013441753573715687,-0.011204286478459835,0.024685975164175034,-0.07156648486852646,0.06467048823833466,0.00590148800984025,0.015167904086411,0.037600066512823105
2014-03-01,0.010383258573710918,0.05087132379412651,0.027247978374361992,-0.02670186758041382,0.02216862514615059,,-0.006080844905227423,0.0205251295119524,-0.020330967381596565,0.002567213959991932,-0.1725831925868988,0.02055211551487446,0.016397099941968918,-0.026438087224960327,-0.012294061481952667,0.017525168135762215,,0.015521966852247715,-0.02769109047949314,,0.09212338924407959,0.0033204341307282448,-0.02689257822930813,0.025257764384150505,0.006021271925419569,0.015360703691840172,-0.021592028439044952,0.020203722640872,,-0.02609650045633316,-0.004006886389106512,-0.0027547006029635668,-0.014382189139723778,0.019294818863272667,,-0.02399369701743126,0.00790826790034771,0.025366496294736862,-0.10355911403894424,-0.03399387747049332,0.005001049488782883,-0.01838483102619648,0.023528199642896652,0.018404236063361168,0.032973967492580414,0.03954814374446869,0.030203357338905334,0.050679147243499756,-0.03985638916492462,0.07650071382522583,-0.0032663452439010143,,-0.17223411798477173,0.040727414190769196,,0.01520494557917118,,,,,0.1327381581068039,,0.01805669069290161,,,0.020551860332489014,0.01855701580643654,0.005800230428576469,,-0.01749550737440586,,,,,,,0.023133471608161926,0.020551860332489014,0.024419981986284256,-0.000982173252850771,,-0.06331689655780792,0.011545640416443348,,-0.0029712917748838663,0.0064298128709197044,0.0027423931751400232,,-0.0068610613234341145,0.037767354398965836,0.019977940246462822,0.023940393701195717,-0.23227353394031525,-0.04919708892703056,-0.02506820112466812,-0.0813007727265358,0.07622385025024414,0.02426975406706333,0.010602175258100033,0.049794577062129974,-0.03590978682041168,-0.019059907644987106,0.0008425035048276186,-0.09587618708610535,0.011604932136833668,-0.0398024246096611,,0.06808232516050339,0.007627382874488831,0.04462827742099762,-0.04176473245024681,-0.0010965537512674928,-0.13151027262210846,-0.1509649008512497,0.011151992715895176,0.09228210151195526
2014-06-01,0.00931520015001297,0.04424507915973663,0.03515287861227989,-0.013977439142763615,0.022513192147016525,,-0.0010631096083670855,0.021114908158779144,-0.0144284563139081,0.014290479943156242,-0.10352461785078049,0.0034305627923458815,0.01699703000485897,-0.005086994264274836,-0.00888215284794569,0.01699703000485897,,0.02842811867594719,-0.032921552658081055,,0.06676700711250305,0.01878642663359642,-0.00032958085648715496,0.020697256550192833,0.04135208949446678,0.016013672575354576,0.022925499826669693,-0.06778430193662643,,-0.017476152628660202,0.00293222744949162,-0.0010631096083670855,-0.00018288618593942374,0.01699703000485897,,-0.020062536001205444,-0.03126528114080429,0.026845701038837433,-0.0019991190638393164,-0.03415994346141815,-0.010973603464663029,0.007565602194517851,0.012026185169816017,0.02784755267202854,0.026545125991106033,0.034721728414297104,0.016196995973587036,0.06440624594688416,-0.019948508590459824,0.07008061558008194,0.003545451210811734,,-0.1174541488289833,0.058044686913490295,,0.03110285848379135,,,,,0.1278349906206131,,0.022829657420516014,,,0.02047833986580372,0.018448513001203537,0.006816901732236147,,-0.000811538367997855,,,,,,,0.02608311176300049,0.01969047077000141,0.02722579427063465,0.009454847313463688,,0.03753312677145004,-0.050680115818977356,,-0.002301958855241537,0.0036642062477767467,0.015551578253507614,,0.014944065362215042,0.04477916657924652,0.13844196498394012,0.022038137540221214,0.024068009108304977,0.016483260318636894,0.008325962349772453,0.01298640575259924,0.09291696548461914,,0.018753839656710625,0.05790933594107628,-0.06992257386445999,-0.04020712152123451,0.0012542168842628598,0.029693640768527985,0.010485866107046604,0.003506474196910858,,0.05441153049468994,0.009840071201324463,-0.10660762339830399,-0.044801630079746246,0.023499181494116783,0.041246552020311356,-0.024234900251030922,-0.00058676180196926,0.043982554227113724
2014-09-01,0.007390009239315987,0.05279456079006195,0.02533842623233795,0.00022733423975296319,0.03096238523721695,,0.008596774190664291,0.01694921776652336,-0.002754783956333995,0.010392447002232075,0.023160947486758232,0.03067012131214142,0.030841419473290443,-0.002476403024047613,0.002787947189062834,0.03613358363509178,,0.022106116637587547,0.01943940669298172,,0.031161880120635033,0.013388330116868019,0.004613026510924101,0.02449973113834858,0.021146997809410095,0.01943940669298172,0.02279696799814701,0.03305186331272125,,-0.001935808453708887,0.00716012716293335,0.008596774190664291,0.008438775315880775,0.030841419473290443,,0.00716012716293335,0.06525448709726334,0.017070895060896873,-0.004754289519041777,0.02234959602355957,-0.002006224822252989,0.01578987017273903,0.019337378442287445,0.02286314032971859,0.029556872323155403,0.0019045579247176647,0.03395288437604904,0.06004921719431877,-0.009243404492735863,0.078004390001297,0.009835198521614075,,0.02144920825958252,0.034066081047058105,,0.030841419473290443,0.06142084673047066,,,,0.06736310571432114,,0.0215836800634861,,,0.02063223347067833,0.02063223347067833,0.015209907665848732,,0.008596774190664291,,,,,,,0.012680699117481709,0.016797484830021858,0.02060651034116745,0.02915245108306408,,0.04565387964248657,-0.01235764380544424,,0.008596774190664291,0.011470727622509003,0.014161141589283943,,0.02120250090956688,0.03696317970752716,0.03093450330197811,0.022619660943746567,0.02063223347067833,-0.02125023677945137,0.01919558271765709,0.011212857440114021,0.07404308021068573,,0.02449973113834858,0.07889385521411896,-0.018911071121692657,0.022490564733743668,0.007390009239315987,0.011333026923239231,0.014161141589283943,0.017766812816262245,,0.04336844012141228,0.010190915316343307,0.029020005837082863,0.02234959602355957,0.015576355159282684,-0.06697259843349457,0.026093771681189537,0.02250395342707634,-0.01532362774014473
2014-12-01,0.00949099295629338,0.033435641944813736,0.05308053245000623,0.01344001178421358,0.03616495454622696,,-0.007052373193294992,0.03021849728951403,0.009579774371416737,0.02431018365657102,-0.00031437425834779804,0.05042399675836361,0.05326095835240394,-0.004203126447218784,0.00796863681983324,0.04216033078686099,,0.031329520254932824,0.014363777755279417,,0.04433193845430882,0.0072412494691081715,0.028821732184091585,0.014988597791262383,0.03847888942395647,0.022045868205898135,0.022513349230845726,0.002358312362808464,,-0.01654756834627946,0.0029662573261023733,0.00294065295986854,0.027427281300994734,0.04461766096060821,,-0.009148981349320896,0.02403592822502454,0.036145157250664944,0.019622339264155197,0.014331494105822112,0.007949784125080276,0.0052511570534680705,0.010205833682175662,0.038814261777799834,0.039394898728843726,0.03366685953419545,0.04426983932954489,0.0877928694592533,-0.011499883624935698,0.07426971302007854,0.017786046456531555,,-0.011609956195932757,0.054324905100766555,,0.0386744248565527,0.056214841869107496,0.035814013810031665,0.05205371265743405,,0.07478124819846363,,0.018575379763093872,,,0.019452531046946542,0.035014437622780434,0.020020167721281238,,0.009543893124784977,,,,,,,0.007298953797620222,0.022097729792495115,0.00898425697728644,0.02919461154634668,,0.06618664815478578,0.01301670654865583,,-0.008329869947570645,0.034224253942577804,0.018697708181696172,,0.009669216400673182,0.05543761405348289,0.029236464611095535,0.03648779185062178,-0.009470863108424727,-0.02660692061629778,-0.013691834662402442,0.015950062561183392,0.07417056324628125,,0.03382169432769987,-0.009525215411141963,0.00859444184244633,0.04464229612999815,0.009751506677581831,0.013616005186408743,-0.007778264904722023,0.015976451599453042,,0.05577422746844864,0.01374234948846182,0.04807813065011084,0.020766179572152856,0.014500968620530037,-0.0006946225790096428,0.032116453898014485,0.03147841427006327,0.03628455153274047
2015-03-01,0.01688552275300026,0.04819844663143158,0.03443725034594536,-0.03951166197657585,0.027434006333351135,,0.008668219670653343,0.028540441766381264,0.00610955199226737,0.023847488686442375,-0.07799003273248672,0.02746957167983055,0.027606235817074776,0.0043848007917404175,0.0034676450304687023,0.026942642405629158,,0.021360868588089943,-0.008477331139147282,,0.03467045724391937,0.022826990112662315,-0.0077165341936051846,0.030343396589159966,0.035546693950891495,-0.004042504820972681,-0.07268217951059341,0.027606235817074776,,0.003337650094181299,0.003775964258238673,0.00933181494474411,0.001849652617238462,0.02746957167983055,,0.003337650094181299,0.024558648467063904,0.03157377615571022,0.016950698569417,0.02689794823527336,0.012281086295843124,-0.1158575639128685,0.033176109194755554,0.030145587399601936,-0.07112503051757812,0.014027325436472893,0.03341148421168327,0.052771396934986115,-0.034609027206897736,0.043317846953868866,0.02898917905986309,,-0.07799003273248672,0.013993268832564354,,0.027606235817074776,0.019430866464972496,0.01336701400578022,0.0341348797082901,,0.04643239080905914,,0.022618260234594345,,,0.024723531678318977,0.03279585763812065,0.02851170301437378,,0.00933181494474411,,,,,,,0.008951554074883461,0.03279585763812065,0.005763714201748371,0.002943936036899686,,0.03335754573345184,0.027434006333351135,,0.008668219670653343,0.016486702486872673,0.025194423273205757,,0.028892287984490395,0.04297958314418793,0.07250121980905533,0.028870578855276108,-0.08335982263088226,-0.008728318847715855,0.02141864411532879,0.023945871740579605,0.055438220500946045,,0.023493753746151924,0.04614771530032158,-0.008624803274869919,-0.00802089087665081,0.005360821262001991,0.023945871740579605,0.02356172539293766,0.024359092116355896,,0.04965922608971596,0.004514795728027821,0.036528196185827255,-0.004651048686355352,0.003625789424404502,0.028919294476509094,0.0019216021755710244,-0.0015294987242668867,0.014089249074459076
2015-06-01,0.010181813911206665,0.03125157272437348,0.05379179289320935,0.006542631601824975,0.03149893536344985,,-0.014569408628287575,0.022087623159732984,-9.001211599577064e-05,0.04137940297323296,0.046554682212649585,0.04232903987041786,0.06489028157388363,-0.005281111992870181,-0.004489496606372349,-0.033633919767253696,,0.019715862485679744,-0.008230999002817334,,0.03747553613496946,0.042549607878053855,0.06264533222423549,0.00500099095905005,0.034288013871242466,0.018869444864152683,0.025876318984602666,0.06566745902731765,,-0.016940904867135845,-0.0048170966164992335,0.0007549602897098552,0.01743542619298126,0.036625336483938495,,-0.020032719088139694,0.012899936177058834,0.031254268245473976,0.04053042476488602,0.005264847384016702,-0.002105629514423029,0.011714415873287394,0.010790690511325644,0.011300889075480528,0.03568071266215815,0.010857587517195521,0.021803729010619076,0.08547064016805139,-0.017117549716038575,0.055784094051175175,0.006220470808618694,,0.005369826244663474,0.03946243626877252,,0.028434730257958958,0.04873223041805021,0.016265202021816052,0.043479469583472326,,0.07006366715172718,,0.012785575530529801,,,0.016003031289637096,0.025158569814631236,0.009592978475410043,,0.010743223988530712,,,,,,,-0.00013195144842904772,0.022077681328828997,0.007957737535162776,-0.005174056250580357,,0.027985641386021876,0.03087797477786663,,0.00194461065213052,0.02524812247018916,0.014480030002916807,,0.012482224518195074,0.05264593422954951,-0.0031448876546607547,0.01572257403987578,0.0007340552769490746,0.014580265070287384,-0.009148330056936401,0.013296997488068594,0.034431952738350105,,0.014039449465399444,0.10119210023587645,-0.0012925665207518373,0.03762145548428853,0.009012958678902595,0.023021802871192508,-0.00927497398937783,0.0035118689499840754,,0.035374033633255426,0.013907299526737601,0.04113621788455081,0.01178247551409835,0.02421059866870255,0.01735911651219185,-0.03623801024348344,0.01689152898290474,0.03611614807149342
2015-09-01,0.005969741516256809,0.02586435045191151,0.04460979339726515,0.012107836144584928,0.03135931374243102,,0.003081217937284745,0.014913345844022742,0.011002211218438968,0.03267264746464595,0.04582681918047845,0.03017845564718197,0.05077194075715441,0.0014966127555013913,0.0046306126356916505,0.026650241959472763,,0.0329532300878528,0.022049329626078154,,0.03731144472841661,0.034373384952651534,0.023996831516357366,0.002183288828855455,0.037021897736759,0.03442281215629868,0.04281176329104644,0.05625432393006264,,-0.015838868167185008,0.0021687434214927304,0.007637842301610525,0.021905850468678472,0.039448998193014825,,-0.01911304968183015,0.001830675065660814,0.03239448401582464,-0.025144448770974638,0.032004028052533766,0.0031493773453265387,0.012829101804201387,0.01509242416474697,0.02105173180182553,0.04286298663096737,0.00454269248561373,0.041206246016340306,0.09064790053028741,-0.01538067148473312,0.06499822316162387,0.031810930328869835,,0.050798872910155085,0.047000296392472454,,0.030484693443109976,0.052737278242722674,0.01856321368342286,0.01708282864089154,,0.06957976614691147,,0.0054128072612268045,,,0.04028042141636356,0.026525190453958788,0.020069118658137177,,0.007642129531769575,,,,,,,0.0023309743707325328,0.03526225220163083,0.029056793600798207,0.029108556404150523,,0.054655552993012765,0.030079730786700593,,-0.0004423331426294005,0.03302063118933279,0.025067945707676623,,0.005274440251035326,0.048527862885646096,-0.004110948831204903,0.02964119733041609,0.013816471868026285,-0.003445824965329489,-0.01093876894237959,0.013806562731778192,0.052723204609564214,,0.010130631254176322,0.09297511186283383,0.007088281709670272,0.027095818016327152,0.0076129311885223365,0.03154282028790464,-0.0010548817116673595,0.030963958898081914,,0.02872684080302004,0.012774762161891082,0.034402684300382874,0.022390179490809615,0.03699484846163741,0.025040214115929077,0.06311691220254236,0.03061349138695658,0.03603194011008154
2015-12-01,0.005876218921777013,0.03638559858558409,-0.016064546669952363,0.018152933757164043,0.043505660663104656,,0.005237437838685681,0.030953558606730346,0.018738471700158358,0.030384170102936307,0.00722958474133371,0.04818924028363585,0.07104231752608972,-0.0034968171283708783,0.004682934072262328,0.03307066822855264,,0.04132588708151659,0.02219905334563375,,0.0384319451824827,0.04446675182973716,0.004171422833891628,0.020136257806027485,0.04903844117592688,0.03375027180570077,0.029360698318694527,0.06928514575167168,,-0.01777237840724495,0.0018130428371187762,0.00716763756827099,0.019455474990359184,0.043482213994534016,,-0.01396380710618814,0.02288685370208661,0.03335118682970343,0.02650022158880722,0.008746561115783006,0.005630490810370834,0.007411030678574122,0.02119172950776988,0.03470161889286812,0.042509205816000144,0.011543563977609916,0.034602652082709504,0.034529160268314464,-0.010753586528269195,0.06843595880556791,0.023219290900002222,,0.004597236966398302,0.06157911113999608,,0.034884262390208406,0.06376382254960763,0.015090833501073096,0.044779936345408486,,0.07952213289891291,0.007345693631897667,-0.01758895853694957,,,0.02060732965535534,0.03302638428771096,0.03407957962746926,,0.009803800122787422,,,,,,,0.008962386675291863,0.02678681297065867,0.011459756434790967,-0.03118564421473137,,0.004347433812144431,0.03144486269063668,,-0.0021870987211789063,,0.025988297190447155,,0.013939634959202555,0.0427595463693318,-0.0019260704630173504,0.019886517597971953,0.009228549618644569,0.006544133618841013,0.0011936177910656799,0.0283628844398098,0.05887553680220314,,-0.025655195950226747,0.021584939372348934,0.013018509257473608,0.03275558666620546,0.0070197206042995055,0.030591086348795416,0.002514420149081655,0.020105678121110245,,0.0425826995294388,0.012256413592145677,0.047607654016920596,0.03424209631177896,0.020528669967672726,-0.011415224862463354,-0.026362981614487548,0.04066097618577235,-0.022701427146989833
2016-03-01,0.0065924981608986855,0.045911841094493866,-0.03779525309801102,0.00652468902990222,0.024116434156894684,,0.008972551673650742,0.03751836717128754,0.00652468902990222,0.01876622438430786,-0.08255499601364136,0.04947644844651222,0.03313033655285835,0.006890126504004002,0.006227060686796904,0.024066541343927383,,0.025554388761520386,-0.001026411191560328,,0.032827578485012054,-0.018063310533761978,0.03812725096940994,0.0274965763092041,-0.013924890197813511,0.026260478422045708,0.002000490203499794,0.033719249069690704,,0.0010146553395316005,0.006227060686796904,0.00933798961341381,0.003043449716642499,0.024482104927301407,,0.009338286705315113,0.04945706948637962,0.026260478422045708,0.008402591571211815,0.014366398565471172,0.006890126504004002,0.008590411394834518,0.024305619299411774,0.010295853950083256,0.03319825232028961,0.006227060686796904,0.023361628875136375,0.024302231147885323,-0.006709948182106018,0.037868451327085495,0.02445315010845661,,0.22768740355968475,0.03624432533979416,,0.024066541343927383,0.007698604371398687,0.009703724645078182,0.021661294624209404,,0.1467931866645813,-0.0035381801426410675,-0.004986514803022146,,,0.02445315010845661,0.02719864621758461,0.026260478422045708,,0.01170163881033659,,,,,,,0.00963591504842043,0.027564385905861855,0.0304315984249115,0.0065924981608986855,,-0.011579473502933979,0.024116434156894684,,-0.05287906527519226,,0.027618588879704475,,0.02645106613636017,0.03543275594711304,0.0021237090695649385,-0.0013357598800212145,0.02889893390238285,-0.08782412856817245,0.02198951691389084,0.014366398565471172,0.04086453467607498,,0.024750778451561928,0.37766727805137634,-0.008228015154600143,-0.00601889006793499,0.006227060686796904,0.027015283703804016,0.024087712168693542,-0.008982825092971325,,0.04191761463880539,0.009703724645078182,0.03951628506183624,0.0021390276961028576,0.021748822182416916,0.0010370315285399556,0.0643010288476944,0.01570647582411766,-0.12440349161624908
2016-06-01,0.00959865714158794,0.03499964494028755,-0.03438270957667519,0.007969309518781909,0.03731140003410635,,0.0029192787090356943,0.034239344699744455,-0.006609938360981663,0.04636296361016383,0.06086996726224458,0.044153481774490286,0.08294709726207078,-0.0016941454723625373,-0.0033177258896960027,0.021724527248789413,,0.029862488956703723,0.0012925661588648614,,0.049762557537026436,-0.016838198591936967,-0.00569614659872739,0.015411320318409624,0.03090558896667051,0.031185794390037307,0.029031188115393493,0.060151791454679575,,-0.020188916992836158,-0.0029028138400344176,0.005865056270379353,0.014415695015628893,0.03532473201810586,,-0.019306050660044403,0.018264901258674304,0.03796601321230389,0.029453349556467046,0.015093713277127836,0.0035121027917975273,0.031659046483930434,0.012761604118624408,0.04041045435042119,0.03328199733344178,-0.00334926262071101,0.019036187559141247,0.0188107856379694,-0.014956140506701365,0.04570893967108245,0.01271516840035699,,0.004408646864825017,0.04465229746804953,,0.019979236566345357,0.06983866494649273,0.0108028471640079,0.050824212504163274,,0.08669279245533901,0.004385868337510482,0.01956672899990969,,,-0.0029127160422309545,-0.0010958209124601742,0.012933246103278983,,0.020103858285846155,,,,,,,-0.012588349835050512,0.022406912599840602,0.03621061486916669,0.015634722143503,,-0.015503842220184917,0.031137274317356186,,0.004234001599374635,,0.02664399724138868,,0.01828810318524764,0.052716881611894265,-0.009790049230004271,0.02117787621215301,0.007344609218664846,0.014515126409874547,-0.002441692836399874,0.021509755435887255,0.04504429381904706,,0.012882473293794362,0.09662932958615345,0.010555487693603607,0.03121824143005312,0.008934385759126437,0.03596357342110121,-0.006358253602652759,0.001915522171189527,,0.03315647888995983,0.01186246992833767,0.055367259445658804,0.03519090172990755,0.028952644557502835,0.011844455097697902,0.011263336633419186,0.024981777099969592,0.01751214474713421
2016-09-01,0.01516361847364033,0.02818486682544032,0.045557683483768964,0.015491282314700235,0.03250957721453838,,0.00899398532996864,0.013031411972595592,0.005211057953493483,0.044914567451386,0.03420256441946172,0.050053317342962346,0.08924799903257835,0.0021851472834482906,0.0018518606444229025,0.03462786814733176,,0.03629039529081785,0.019395419413214265,,0.057902935267732006,0.04838445970869664,0.03681393092105648,0.03146105249109607,-0.01964534674608841,0.027574982996323577,0.023605108755802875,0.08043149683746321,,-0.017454608606917305,0.0011577324411616602,0.01181812088415374,0.020107899264027965,0.05275345471993692,,0.0036839178811442583,0.027347010095848844,0.028499141439663887,0.04006304851031239,0.02459477010426585,0.004489930122552833,0.05220047307925923,0.008578622129532797,0.01754887241229985,0.03662059286650102,0.005238785157861842,0.010537115426365862,0.003057165674641056,-0.00375025834720475,0.045643984076339274,0.0015582593795101035,,0.04112334745518937,0.04082949962271321,,0.036274699507769084,0.05557885721056834,0.023811240853738695,0.06616883201948234,,0.07323342504484878,-0.003277328592117801,0.02451907458546105,0.015835613916622138,,0.00890370303903778,-0.0028234699514644236,0.008950140507869882,,0.02793281589996336,,,,,,,-0.00815525001828404,0.023620274502032558,0.041407955006311996,0.02574342027855301,,0.05075874431528425,0.029989664421329193,,0.026125088443372167,,0.020439917301543997,,0.037663538527982064,0.05853394162009004,-0.006377048455896786,0.003278992405340642,0.020783723794472984,-0.007427432364289494,-0.0024551331875445424,0.012277599453045032,0.03358963675388946,,0.029050988388963927,0.09156517312672388,0.00202101909099732,0.03234634013602982,0.013576686481859414,0.026333121072718145,-0.004612697849226975,-0.005234748852758808,,0.04328548789805777,0.015078720954649157,0.05912722034801358,0.025406333800729732,0.02109784204765847,0.03155797039263642,-0.027395011757574667,0.022208993419926687,0.03689532483167506
2016-12-01,-0.0005931262164055024,0.033378933437478595,0.011005170415793516,0.014439858049051967,0.03897097961996968,,0.003946571493458474,0.012092931163352253,0.006668746774791704,0.042624263718920745,0.04579197221311009,0.041944391460510835,0.05886517206198434,0.0019131079453146953,-0.003003025277265316,0.029381970873273076,,0.03057600583228204,0.005477735146775005,,0.038224536641845316,0.04234820436498387,0.04983633610373478,0.016411963680740584,0.04782095793456538,0.025296755879736336,0.040885836792667114,0.06968391290631086,,-0.018134964439291332,0.0005334782011501833,0.007959495715883901,0.00706998232568581,0.03368089558614199,,-0.012668917105338903,0.011135521967241263,0.0331741580471183,0.01842626949849158,0.008301309963977281,-0.0008208816896860917,0.014557316214536592,0.015188951930796717,0.03375500997503831,0.027539761168689243,0.002612326700434113,0.01780292619380828,0.060794196173840236,-0.018925508201198267,0.053262055558275644,0.004880342213869871,,0.036654656515697756,0.028795866175532824,,0.03039762151385044,0.04843648831880225,0.0154195877884252,0.044885333457590916,,0.06361928536767049,-7.519456057087472e-05,0.01943575894605808,0.06278322793107562,,0.01878933269118243,0.013902336829432456,-0.0005994805138460703,,0.02641695182301196,,,,,,,0.0008513364065231943,0.018574084654815363,0.024377440679597843,0.0026941828258291102,,-0.00339943814570764,0.03015928577207683,,0.014926698250520919,,0.02180797581979407,,0.020580057719020405,0.04779870961138349,-0.0014756843493742514,0.015545820533516027,0.02548432237143585,-0.038373248451837476,-0.019234021134292324,0.020410477463714737,0.03805828611460868,,0.01720745619846811,0.0008204678568661472,0.0070487615650548785,0.039523770993736405,0.001986675909662268,0.024815321671373344,-0.015492996520574807,0.012884836007172759,,0.023593143446416723,0.005816740467615146,0.053649274462047376,0.02811506541524865,0.03255268413788992,0.03475131169109576,0.022703368013716935,0.02257073382723864,0.011521268316995582
2017-03-01,-0.008893505159686874,0.03169120750594,-0.04294184297661502,0.010462478684808034,0.029373205908688266,,-0.005329126322517409,0.019230879000632816,0.0001387088095657171,0.029618393555567744,-0.006679626678587599,0.020329733577731157,0.02679282653525248,-0.009483094806793376,-0.003896674294945477,0.005878751434619446,,0.02312323835742686,0.007432001265140808,,0.02416075735919857,0.05420979830874803,0.03254590017247228,-0.017525438851407817,0.03352633958333278,0.026495281058648987,0.03988880655414935,0.0336646885311621,,-0.026049365413278697,-0.007990754414350744,-0.0018265048666668885,-0.003639855203037278,0.013441437631167489,,-0.02173749868656339,0.0011837175382104284,0.028685876464728574,0.012438091562001369,0.008601283231435917,-0.003035646181645712,0.0014263741575945173,0.02396970691057685,0.019317437384831885,0.02643868551058182,0.0021477120433476796,0.02612321803871408,-0.014432124524792662,-0.021803390085729756,0.03278865921875188,-0.0009861168686117355,,0.04357150287719849,0.021451413893004655,,0.010521270138677414,0.019684759591920918,0.009356810432985002,0.019196409552343394,,0.054460250231924086,0.0006482711239923938,0.026355761909582047,0.0515742788954842,,0.016163855907350214,0.024880781425309455,-0.00031796985225393255,,0.0012765512691036527,,,,,,,-0.0535371891518394,0.019933865250739393,0.024261833083533225,0.001844757040549497,,,0.030076647377905084,,-0.0037378826413910003,,0.014720359014085973,,-0.06332845529030524,0.04774662027177102,-0.05146059353863471,-0.0333342659157406,-0.030509693361064613,-0.0007779589593919635,-0.016831887910474106,0.013992417305953918,0.000584249856325561,,-0.0029213745749760173,0.014106491134722064,0.004108118365676639,0.025460571000928727,0.008257934039203703,0.02496387080757076,-0.011677893051442503,0.011449359049762152,,0.0025023678895687612,0.0044146310088514565,-0.01716884590598813,0.018193717535995836,0.033799652362241694,0.02085636657420394,0.02092618940022416,0.01828223751916569,-0.03582160423495547
2017-06-01,-0.013071074475825051,0.02646688102506838,0.0070758474721104095,-0.005043524930966158,0.01648838993374585,,-0.02053566468614909,0.015037331465210994,-0.010727021041484631,0.021691638150814988,0.039390334234688566,0.0022628685679452806,0.014428939105318362,-0.015026828108565942,-0.019623937530674887,0.007335273139825919,,0.025151037907639985,0.02109926502480948,,0.014568253650041633,0.050532283861336035,0.02937264412943872,-0.005101342633592945,0.028621810012630172,0.022010549711638804,0.02839706242879864,0.02015445014582339,,-0.03196633418414401,-0.01909011408714301,-0.012666664850008218,-0.004323827952916851,0.014741190472131516,,-0.029878664172902594,-0.004451544838588482,0.01995440295659564,-0.002648113209934402,0.010801318166772933,-0.01541673663637734,-0.0028631126195423073,0.017383298394145694,0.01659526934971755,0.009895199498424637,-0.010602943967629081,0.01365978952356918,0.006570056175251563,-0.02538987355520342,0.03119143740720933,0.006320563206095649,,-0.012281737060084048,0.04093904998112627,,0.010769615667784348,0.01756187454792419,-0.0025696799105308934,0.005013470900549394,,0.04090286094319739,-0.0014522018298343004,0.016818333640406247,0.05959280232107764,,0.0088164132928244,0.014664879664741903,-0.007505677421888722,,-0.004179216106054967,,,,,,,-0.021199430725197584,0.009672293821541295,0.02420388611162002,-0.007121678383500108,,,0.02578067495419405,,-0.009446402207805245,,0.00923835862561729,,-0.024332165938374777,0.049894458259739996,-0.02863626336098557,-0.04002486152351262,-0.021892096172375995,0.012049585130217094,-0.0228398845283309,0.017262179997527674,0.04934846338731788,,0.010661701172612524,0.0866090633654188,0.0003937731449728301,0.020263145242027547,0.002252131580822217,0.02368031870170411,-0.01692693268206225,0.010721344231477463,,-0.0010370324332334541,-0.00356480665497656,0.016396877339699193,0.008570735719829387,0.01408694900390416,0.03419674808824209,0.014428477222894096,4.424466591371772e-05,0.04452082280617451
2017-09-01,-0.0033970013003260554,0.028116144977396847,0.00811958816171544,0.0018513080621556288,0.02457776830160004,,-0.01152290791869436,-0.00757793756519797,-0.0032448698658749105,0.010904190784043654,0.029362178331859945,0.007838398930692266,0.02381336645591284,-0.007899555844685978,-0.014591306903230905,0.020300834937834952,,0.022581450500265575,-0.0038680108378264092,,0.021933192570403937,0.03435383999952264,0.013257779968825751,-0.009255694025073964,0.022319804646671444,0.016504887390825115,0.03220607030197631,0.02410256515152872,,-0.03545285431420549,-0.011097023214502944,-0.0060120933709529615,-0.0029368506718524027,0.020164430939657925,,-0.019089433342637904,-0.006072809873800271,0.022068950892298173,0.00722265983427757,0.018306801910482555,-0.006256429980815579,-0.003809680327518635,0.01934416065780569,0.0248297502030577,0.015075125892470226,-0.008458103921681484,0.02130113628439724,0.02661604151848869,-0.027124438216991998,0.02798994716539152,-0.006432939987688369,,-0.0009480509147010883,0.028952592787346597,,0.012701606323608715,0.020179876346084067,5.75807682904407e-05,0.008904737187490337,,0.05139127582967699,0.0042390522615946636,-0.007621166629847213,0.0575323828592722,,0.01178040213584503,0.008866677055838398,-0.004032457654212545,,0.006333009865660186,,,,,,,-0.05372013186726526,0.008866142115091753,0.023545858369098085,0.000858540111329649,,,0.02471412210141456,,-0.00850639466863037,,0.009329414576764969,,-0.020469057985305912,,-0.025927552697574338,0.0229931709639491,-0.027257342682001397,0.0010580608223523776,-0.030212603574072475,0.013878021784844869,0.02987533806049922,,0.002440843030000996,0.08813211017755707,-0.004149834987881581,0.030292168249866882,-0.004859045649313952,0.021436342537975207,-0.021035285691389814,0.010036847873358842,,-0.007418583770428377,0.0033992320459690878,-0.004671425205395876,0.018067082451670526,0.029858486333296897,-0.0024540593239021453,-0.024655190059543208,0.007407259899580851,0.0461113415774815
2017-12-01,-0.004745029351005563,0.02985086257439933,-0.039341788846375625,-0.0005933938671872137,0.02475660088349358,,-0.011250035649933106,0.014535928024216896,-0.006892811739075575,0.005401960959895693,0.04283153073971211,0.022940914086796903,0.024953503128990456,-0.010163535574859826,-0.01152553021421659,0.013417449364118126,,0.019075921379866356,0.008560927607574258,,0.020412127099931593,0.044422507418235696,0.010814994547206318,-0.01086201881324316,0.02408655592645452,0.019970570437334904,0.03561512307353139,0.02326721030937264,,-0.0338163605994014,-0.015570280295931908,-0.005528609145306676,-0.0008202060001117811,0.021436536505470102,,-0.013897575884850924,0.01139444177235452,0.01889494575946646,0.0025111408759910963,0.011897538155866855,-0.010795557699500507,-0.009219581424446678,0.011657170391329021,0.02468414166361247,0.018283170533165086,-0.00838372332315129,0.0024506696365699937,0.0076325572936465766,-0.02781256314260042,0.02487698693769379,-0.0018808301854386562,,0.03133760817052829,0.01532848831867936,,0.01968663543276884,0.018512124038115706,0.00975584265230758,0.008813291300615568,,0.03985002857979112,0.003224077593581174,0.02798127806337104,0.0663640121780473,,-0.03705049004232905,0.012623723498440029,-0.00016893038311558033,,0.012006155466430506,-0.04513536935069868,,,,,,-0.029775495954372126,0.002433940362400331,0.023005367614792157,-0.012820545984775576,,,0.02209810177812773,,-0.007110611008391854,,0.010379116900027387,,-0.018284007726813142,,-0.0327608131840032,0.023127385503124938,-0.012194657746166914,-0.0361664155797972,-0.015252473288024218,0.011567648369212986,0.036515350494654236,,-0.04321379540424923,0.09430370765063989,0.005602683959355223,0.03719222581783005,0.0007014626254030055,0.018496381883811447,-0.019964028626695215,0.020099810999660295,,0.002877131666804119,-0.0002057699231974732,-0.02190961040820947,0.019595142701211606,0.0290952564436365,0.047875814791390345,0.015218885649138559,0.023320009818465853,0.01854377243057437
2018-03-01,-0.03810487708780783,0.035506394657578114,-0.04458071026704657,0.010703465898279425,0.03860344302981425,,-0.011311954103313402,0.014306637750098996,-0.0047366390999874575,-0.04704063391799986,-0.02887729731627155,0.02600535006494617,0.03218095125535633,-0.0018262950926020854,-0.0005478457758086158,-0.013572552118263937,,-0.031068364145009176,0.010083654278105383,,0.045138064231521946,0.047980216049817524,-0.022870033896197885,-0.013475697294419744,0.048499450024827535,0.016648084182405706,0.02921441664225973,0.008765666979343494,,-0.024550958545712667,0.0019232459169985683,0.01630438831962231,-0.008144166352586486,0.01755490896480225,,-0.013756809953436198,-0.03917461434854154,0.037824119414651636,0.010773716427601839,0.030392965847769068,0.002243307914208245,-0.01705156715356748,0.009532084368976132,0.03832875240612307,0.019397491762142904,-0.005253372420078806,0.019639860924048187,0.02241667074676236,-0.021699343823973045,0.031888499406821404,0.025377443305630364,,-0.02887729731627155,0.04297517857074967,,0.029487471867325688,0.022623456863830146,0.007006919718672086,0.033860569076701784,,0.022613480709152214,0.019559689490942878,0.017761367242405374,-0.041892216135447496,,0.021171981092838976,0.02968300723761384,0.01753087775850432,,-0.021625095026095675,0.0064729308198233386,,,,,,-0.06175406145372444,0.009092769801654554,0.024773036076107237,-0.00464995841878593,,,0.037714061179878126,,-0.043544015256837876,,0.03305290002468389,,-0.003473966193997955,,-0.04744786977864044,0.026830880818447825,-0.017440989400452783,0.011133960975224932,-0.015038167809401448,0.0365906922867591,0.044804553761807225,,0.014661213464722949,0.10093354941870711,0.008113836188256111,0.03494441463248994,0.0038532990149921804,0.0421048191911414,-0.024709294495078176,0.03706338178332568,,-0.07720545511719351,-0.008337034943548654,0.0058041518077416,0.022703943435742086,0.028128608808419137,0.009450979543631556,0.03174551353516306,0.032199754516324716,0.032806977762000866
2018-06-01,0.01563118025660515,0.02595490776002407,0.015027954243123531,0.01563118025660515,-0.046784453094005585,,0.00883454829454422,0.018557054921984673,0.012774942442774773,0.016934717074036598,0.012717473320662975,0.02270282432436943,0.01937280409038067,0.012774942442774773,0.01563118025660515,0.01937280409038067,,0.02417401410639286,0.019950013607740402,,0.01937280409038067,0.008473058231174946,0.019190629944205284,0.011886273510754108,0.021844200789928436,0.018557054921984673,0.015741249546408653,0.015292538329958916,,0.003710388671606779,0.013724416494369507,0.012774942442774773,0.013724416494369507,0.01937280409038067,,0.00500486558303237,0.03719620779156685,0.018557054921984673,0.01563118025660515,0.012534274719655514,0.013724416494369507,0.023066800087690353,0.0187266506254673,0.0187266506254673,0.027385637164115906,0.004727600142359734,0.02595490776002407,-0.03699411824345589,-0.08768348395824432,0.055227674543857574,-0.033119767904281616,,0.06975315511226654,0.014650687575340271,,0.01937280409038067,0.030360085889697075,0.01438047830015421,0.013385774567723274,,0.04472339153289795,0.006652554962784052,0.0261245034635067,0.03625667095184326,,0.015975842252373695,0.026082107797265053,0.013989000581204891,,0.023066800087690353,-0.028406474739313126,,,,,,0.004568733740597963,0.015975842252373695,0.0187266506254673,0.012774942442774773,,,0.0187266506254673,,0.022298039868474007,,0.0187266506254673,,0.02505929209291935,,-0.02407071925699711,0.006960860453546047,0.01976058818399906,0.015975842252373695,0.004568733740597963,0.0187266506254673,0.0187266506254673,,0.016934717074036598,-0.046678878366947174,0.007169521413743496,0.012534274719655514,-0.02265065349638462,0.01708446815609932,0.018123188987374306,0.006791264750063419,,-0.02363637275993824,0.01563118025660515,0.06366607546806335,0.012364679016172886,0.0187266506254673,0.0015436732210218906,0.047201234847307205,0.012534274719655514,0.023006340488791466
2018-09-01,0.01952405832707882,0.03120972029864788,0.029980750754475594,0.021999290212988853,0.14590388536453247,,0.019499732181429863,9.975553984986618e-05,0.023886604234576225,0.023464443162083626,-0.00509202154353261,0.03628065809607506,0.020012056455016136,0.016943223774433136,0.02237522415816784,0.0199552234262228,,0.026859380304813385,0.013444128446280956,,0.028292682021856308,0.051190149039030075,0.0428617000579834,0.010502075776457787,0.026753555983304977,0.026924995705485344,0.001686556963250041,0.024526400491595268,,-0.004125140607357025,0.01136371772736311,0.02351067028939724,0.012651830911636353,0.0364098958671093,,0.013262959197163582,-1.2821255950257182e-05,0.03742307797074318,0.01136371772736311,0.02548120729625225,0.021999290212988853,0.024898475036025047,0.020928043872117996,0.020189473405480385,0.041224997490644455,0.0069768489338457584,0.036155764013528824,0.03322475031018257,-0.23741532862186432,0.08461026102304459,0.025362353771924973,,-0.04508667439222336,0.0056551420129835606,,0.01895778439939022,0.029686281457543373,0.03167562559247017,0.024625828489661217,,0.04439718648791313,-0.0052850921638309956,0.046317342668771744,-0.014535811729729176,,0.027249667793512344,0.027771256864070892,0.024554993957281113,,0.03568875789642334,-0.15104319155216217,,,,,,0.02747293747961521,0.016536470502614975,0.024344488978385925,0.009068723767995834,,,0.02521122433245182,,-0.016836542636156082,,0.017057783901691437,,0.01124522928148508,,-0.12880317866802216,0.009360475465655327,-0.09108981490135193,-0.006351463962346315,0.024792902171611786,0.022182608023285866,0.022029278799891472,,0.012277002446353436,0.04206225648522377,-0.004414212889969349,0.01725112646818161,0.012398491613566875,0.020840227603912354,-0.14404168725013733,0.021210981532931328,,-0.031717587262392044,0.031392887234687805,-0.031547367572784424,-0.011528667993843555,0.017219679430127144,0.010671998374164104,0.0585748590528965,0.009583743289113045,0.06226291134953499
2018-12-01,0.016622090712189674,0.030669651925563812,-0.046277280896902084,0.026390284299850464,0.13433870673179626,,0.020204326137900352,0.01546578947454691,0.025509392842650414,0.026828259229660034,0.5657376050949097,0.028765954077243805,0.027581967413425446,0.025947367772459984,0.024214424192905426,0.058414917439222336,,0.06805538386106491,0.018151964992284775,,0.039211347699165344,0.08838065713644028,0.0786704495549202,0.017437735572457314,0.0232602097094059,0.022930515930056572,0.011109210550785065,0.026277882978320122,,-0.00014511236804537475,0.025947367772459984,0.025509392842650414,0.024908792227506638,0.039211347699165344,,0.025947367772459984,0.05189644917845726,0.02999826706945896,0.025947367772459984,0.025450807064771652,0.024815024808049202,0.0312071330845356,0.041310690343379974,0.025450807064771652,-0.06303618848323822,0.01630411483347416,0.037076253443956375,0.13898466527462006,-0.0007968784775584936,0.07399448752403259,0.03766002878546715,,0.500149667263031,0.02245909348130226,,0.03344995155930519,0.02770937606692314,0.03262777999043465,0.027907058596611023,,0.05343695357441902,0.016424046829342842,0.06997581571340561,0.028175365179777145,,0.031206339597702026,0.03766002878546715,0.047315239906311035,,0.03312424197793007,-0.08910515904426575,0.02234783209860325,,,,,0.030669651925563812,0.030926048755645752,0.017398256808519363,0.024214424192905426,,,0.02963319420814514,,0.02014787867665291,,0.021391835063695908,,0.013386483304202557,,-0.31500598788261414,0.017717210575938225,0.002981441328302026,0.00901866052299738,0.025485724210739136,0.015557385049760342,0.0238055232912302,,0.009981404058635235,-0.0008678467711433768,0.01678789220750332,0.014752794057130814,0.020642297342419624,0.027491431683301926,-0.2543984055519104,0.012271774001419544,,-0.008627872914075851,0.030889322981238365,-0.1171974390745163,0.010147458873689175,0.022004259750247,-0.005490343552082777,,0.015567558817565441,0.02108820714056492
2019-03-01,0.026656371190847964,0.01400666358680768,-0.018513342446403302,0.024764378658656567,-0.007921031480365999,,0.02118489006114017,0.022399608402407102,0.030998796558614337,0.05218456266496463,0.050414714001065404,0.04792316179752808,0.05000642128035777,0.032595554393810906,0.023481308277671333,0.04869071900570992,,0.015242849363555779,0.013791477929336306,,0.04811757617664208,-0.013482639136820171,0.0323516072399907,0.013756947896573448,-0.010723462504019413,0.024769941442366595,0.03444688968175958,0.04269738022026584,,0.0014200141534982454,0.03140515979902216,0.03374865858092283,0.02422921122161809,0.045459702302243096,,0.01944077450943312,0.04712246295540191,0.04189935511129729,0.03485090576104463,0.02010562314055255,0.028630913573974518,0.029136251126600617,-0.009393007047726325,0.03332002100709696,0.04377142877336938,0.024191114515350956,0.012840332634789458,-0.0370507483745593,-0.01897215580864758,0.02606114508236055,-0.015135759228791677,,0.02142313881033071,0.01628715649082354,,0.03902060143207389,0.05838970901957364,0.039956967452688355,0.049981466214343254,,0.040887621380155344,0.026683793689194043,0.022894925735599803,0.00837576341146247,,0.005048290674028389,-0.013113053175117972,0.032897767633878236,,0.04340321276067843,0.04208710228843428,0.03934069578849739,,,,,0.014044530032668036,0.03030033471566177,0.03178223672800728,0.019409549715458226,,,-0.004675915223595675,,0.04068963438031264,,0.029014677770706168,,0.012686282758635252,,0.005836362543668052,0.022971697947126356,0.016036738471698765,0.02847778288485054,0.0019155008497834106,0.022694382840015313,-0.0017333127301944412,,0.004952455796341528,0.041946184363911246,-0.00867245215533834,0.035549997933192024,0.021637461899937555,0.03210455461870427,0.006654498558510038,0.025386046506756507,,-0.03617543445504863,0.027447110636034257,0.020528869113552162,-0.04189386667218313,0.033570897905977184,-0.0061923319737021264,,0.036838280772861325,-0.007363247112316518
2019-06-01,0.011390403264270085,0.030268024300629085,0.038537882753938574,0.01979356127497133,0.04521043823259282,,0.019844703078168865,0.028479937709127906,0.022549043227315678,0.034054026148392966,0.03462320760807259,0.041009622888881714,0.036948062916093774,0.025278620592938787,0.01553277500383547,0.03680124485959866,,0.016118312744895735,0.03486487277296612,,0.030459458586120428,0.03946013985757352,0.05690528945076073,4.498033844969567e-05,0.04673596364162051,0.03759331705497963,0.024246640076915918,0.02838883199709612,,-0.005289934348787818,0.01981029001048613,0.024826649492113727,0.021945490779575708,0.03699306928113468,,0.020750448768028496,0.004683189505916489,0.0370405968672304,0.023668825404100535,0.020041389742811846,0.01852801853227091,0.023469130357638597,-0.005345420636427233,0.025865936421257323,0.03595534770946917,0.005622668486108739,0.036663777060989715,-0.01760048013863454,-0.018793827145000185,0.030686698191745628,0.03585878956252927,,0.005122084423388307,0.011839250720958145,,0.023620633626119426,0.03586404495770672,0.021127617148690173,0.043738889430609024,,0.02757069395090568,0.021697927005052558,0.05218893742330977,0.04712011639182365,,0.01920880498416738,0.0357207232542568,0.02248934659187921,,0.038813691872378965,-0.02246749494598498,0.016563811967105553,,,,,0.03649909865578012,0.03349728717678748,0.03303059678716805,0.01401017986867742,,,-0.026991304037816778,,0.02905199062702528,,0.03578702962582915,,0.023951998256998598,,0.008287428897037973,0.0166942461883341,0.007192348576847898,0.014887172386873721,0.006361818831787357,0.021720235193335692,0.03653129013127733,,0.03322924264069409,0.09517478678500238,-0.010019431768712868,0.03619129254133624,0.016005442407876724,0.021817654006479545,-0.000987638422487578,0.014098361510727275,,-0.04385978247020622,0.019039458130818594,0.018325129047727068,-0.030888112008911953,0.032633661811324675,-0.01555785397144128,,0.024591080482764403,0.04414102977345956
2019-09-01,0.016508394493021748,0.025424423539760602,0.03888824672826719,0.028557184101008156,0.04279812627684467,,0.02830846265672144,0.020919579466471667,0.030440127772691138,0.03122509324165278,0.048798514693950044,0.03087859273477935,0.04455535463361084,0.025533011465893242,0.01863259753342766,0.047082093255424944,,0.011701876626470481,0.017191371353090665,,0.044145873173743716,0.03240289915283363,0.03869142207135213,0.0192311409097583,0.02344978669969987,0.02428571675036627,0.028750891326064815,0.031248810480918703,,0.013682114586864262,0.03421358993417109,0.025821183200683273,0.025471628657084265,0.04116821449578468,,0.03395557272553079,0.01075268550600913,0.03084780995127527,0.028940869347865064,0.02711454187999488,0.023798751070580732,0.02708739810637971,-0.003819705483856083,0.030859467225699704,0.046279178869128114,0.025275138530757035,0.036248632123458975,-0.005189436779761197,-0.010626551287242143,0.01791495362789568,0.029640761152748506,,0.015742772268905404,0.01129398969650488,,0.03538102341900472,0.04407121515589454,0.032820225299559816,0.04491903543276063,,0.03580137476985932,0.029092675004859042,0.05274418123641735,0.025910032723401956,,0.019740766574913686,0.03043611121125951,0.025035759374462386,,0.043179116454094627,0.025067741239883125,0.03137956825750528,,,,,0.024620290629196982,0.01326105589879793,0.03159070363160765,0.01663388832811155,,,0.018534470657143844,,0.034194364081308375,,0.032194256196470504,,0.03902582318127386,,0.005462376521919264,0.025839316130153125,0.018215184654585034,0.012359343089753743,-0.0012258036605209022,0.02433690745025536,0.038310776496269676,,0.029321418384278507,0.09018331061822364,-0.003192853776867519,0.023196921767035805,0.027002258788263966,0.024484664566518634,-0.001677573532704879,0.03674904974418545,,0.011311464751489933,0.03010835852308583,0.0479308672511008,-0.022567001895636013,0.030384779403937124,-0.011375085510882005,,0.02544738565632781,0.050559920073343353
2019-12-01,0.01844514263280457,0.03000395045223685,0.021271457283641347,0.030733842213615446,0.04889586794762084,,0.020457387788649695,0.026807118485210828,0.02734884607617172,0.038053709517490576,0.04961437253177151,0.03376621160351543,0.04073743889698999,0.024133549116921126,0.01832729764985046,0.03824668623721359,,0.019255336652786555,0.02124755731392058,,0.03777610026955579,0.0475539147353598,0.062172520992096,-0.002929580493548284,0.022922524696161538,0.027979836822680713,0.04630565558885715,0.02181132889658141,,0.012084204416345327,0.018131822248077068,0.0195450157967558,0.028570468093173543,0.03485876540450132,,0.029676715519488518,0.01804578516375053,0.03558464638487049,0.03309252142821831,0.02454961100979983,0.01779977314237155,0.028266544913542815,-0.009463099649920804,0.0158751335036158,0.04658461444446406,0.02358387767081649,0.0377373254031271,0.04080132605760731,-0.01032138258383866,0.02137252176125022,0.016056514731080225,,0.014933377724286075,0.021791551588097365,,0.03676642045954032,0.05042780479494149,0.018472100206635516,0.039812767230136374,,0.026231829722070065,0.04043719482859748,0.051715316907631356,0.06880562098921147,,0.0164823128107939,0.03338248037751264,0.04790168585446684,,0.03413921235319345,0.055760291284514284,0.032245144404258366,,,,,0.03361614983313137,0.018996957630861032,0.036216290626628844,0.027531556718941596,,,0.030591118398727378,,0.02192454704220992,,0.03675087353549452,,0.046727134410512926,,0.017899065648969183,0.02244392489430156,0.04700410028929217,0.01565843081545234,0.004681842119581246,0.028079112796119007,0.029645250197750356,,-0.017307582699333697,0.09158979899576522,-0.014593054102246199,0.03251239728957274,0.020457387788649695,0.036729321553566646,0.016554488254461742,0.005378671662572001,,-0.017677869890110328,0.030542519795419686,0.04207837917519768,-0.008958305749175962,0.03541584643109518,-0.01085578639615187,,0.02779098080003301,0.03680782817523926
2020-03-01,0.02162414321974434,0.022406636179727026,0.04071895972866405,0.024977419233272343,0.10867871447884025,,0.021570223940199463,0.028714373012912804,0.021570223940199463,0.021570223940199463,0.06795681530620777,0.026590855881129603,0.022767103381715302,0.021570223940199463,0.021570223940199463,0.022767103381715302,,0.03678222757135736,0.02444158682498354,,0.022658444579309243,0.045577827217532146,0.03739254653877214,0.03566994539718918,0.029019507882430733,0.022406636179727026,0.032019059642150634,0.023183660588056716,,0.021570223940199463,0.021570223940199463,0.021570223940199463,0.02162414321974434,0.022767103381715302,,0.021570223940199463,0.030959311373182165,0.022406636179727026,0.021570223940199463,0.03177110636415921,0.021570223940199463,0.02162414321974434,0.02603366645191334,0.022406636179727026,0.04038715176349903,0.023183660588056716,0.03717787961706387,0.002155681194959353,0.01322020841169402,0.02394334178950275,0.02966330217692886,,0.05640664249110696,0.024463983766438106,,0.022658444579309243,0.03894398228067018,0.03080280547303473,0.025003469034140118,,0.025022303611476275,0.027216801770001076,0.03955376374651213,0.031170659905702988,,0.02238423923827246,0.029971861785160158,0.03628798323940704,,0.025003469034140118,-0.01446911051506198,0.022658444579309243,,,,,0.02238423923827246,0.02238423923827246,0.03303872098972645,0.021469232377223407,,,0.024202238939117104,,0.02162414321974434,,0.02107549994356698,,0.04113003802606455,,0.025016262611461178,0.03421959880069059,0.04246672166377852,0.02162414321974434,0.022329905141645498,0.0309813734030154,0.03188900419602632,,0.022329905141645498,0.11656766296757236,0.019082971501023963,-0.06659669193159096,0.021570223940199463,0.03177110636415921,0.02238423923827246,0.03527819032932668,,0.01876740408325782,0.021570223940199463,0.04175162441788607,0.026814237247833304,0.02738475659964265,0.0243000312348768,,0.031512453923205154,-0.035607244147753445
2020-06-01,0.023204971104860306,0.02557557448744774,0.09235329180955887,0.05156324431300163,-0.07898150384426117,,0.02573288418352604,0.03390754014253616,0.03078693524003029,0.05156324431300163,0.07757709175348282,0.06440766900777817,0.0513993464410305,0.028299588710069656,0.025780990719795227,0.0447097048163414,,0.05126255005598068,0.03402524068951607,,0.0447097048163414,0.037927232682704926,0.050766050815582275,0.037618834525346756,0.023404307663440704,0.03667900711297989,0.04004755616188049,0.06440766900777817,,0.028299588710069656,0.04411516338586807,0.03318097069859505,0.028299588710069656,0.0752226859331131,,0.03563466668128967,0.06855208426713943,0.04806359484791756,0.04411516338586807,0.03681087866425514,0.04411516338586807,0.05156324431300163,0.03677260875701904,0.02659708820283413,0.09235329180955887,0.06607294827699661,0.03483596816658974,0.07102604955434799,0.025780990719795227,0.03762213513255119,-0.04236532375216484,,0.17057044804096222,0.025976525619626045,,0.0513993464410305,0.08232039958238602,0.034119054675102234,0.053817275911569595,,0.07071223109960556,0.03216180205345154,-0.009070809930562973,0.041365183889865875,,0.02588358148932457,0.03623376041650772,0.06423784047365189,,0.02815716527402401,0.06651505827903748,0.028421994298696518,,,,,0.02557557448744774,0.03402524068951607,0.03566022589802742,0.025780990719795227,,,0.007159199099987745,,0.09433605521917343,,0.029592713341116905,,0.04476306959986687,,0.034425944089889526,0.027820225805044174,0.028949782252311707,0.031357333064079285,0.0484723336994648,0.03110295534133911,0.03821249306201935,,0.031357333064079285,0.023599622771143913,0.034202881157398224,0.029644601047039032,0.028299588710069656,0.03519555553793907,0.027119087055325508,0.02588358148932457,,0.05342285707592964,0.00030986551428213716,0.037142496556043625,0.027842631563544273,0.037993162870407104,0.029117347672581673,,0.03822995349764824,0.04001424089074135
2020-09-01,0.017410485073924065,0.0440455861389637,-0.022975478321313858,0.03321392461657524,0.03447446599602699,,0.020070161670446396,0.0380784310400486,0.029507072642445564,0.041493795812129974,0.1768370270729065,0.034638334065675735,0.0018479441059753299,0.025735512375831604,0.02266484685242176,0.03771590813994408,,0.04052893817424774,0.034216802567243576,,0.03179251402616501,0.02088031731545925,0.08495616167783737,0.0038033544551581144,-0.020948758348822594,0.03461706265807152,0.0537007711827755,0.02613631635904312,,0.017066022381186485,0.034030769020318985,0.1316334754228592,0.02191809192299843,0.039484668523073196,,0.029759719967842102,0.10824906080961227,0.03164496272802353,0.026960333809256554,0.04034263268113136,0.041685715317726135,0.03167083114385605,0.03418758139014244,0.025176111608743668,0.09120438992977142,0.042303793132305145,0.041924141347408295,0.01606961525976658,0.017074359580874443,0.04710754379630089,0.028760159388184547,,-0.004699603654444218,0.03856122866272926,,0.038970720022916794,-0.01281831506639719,0.026119137182831764,0.06047302857041359,,0.030546773225069046,0.04330025613307953,0.031690843403339386,0.040045637637376785,,0.003104462055489421,0.037978395819664,0.0401204451918602,,-0.02575170435011387,0.04978402331471443,0.021647877991199493,,,,,0.04389795660972595,0.13084495067596436,0.054464757442474365,0.021344169974327087,,,0.013532099314033985,,0.02102554962038994,,0.02969198487699032,,0.039086613804101944,,0.05417044088244438,0.01839771494269371,-0.0006245194817893207,0.024081138893961906,0.049051325768232346,0.03082968294620514,0.04254401847720146,,0.025017468258738518,0.16943451762199402,0.02756149135529995,0.04129021242260933,0.020371651276946068,0.03515398129820824,0.11941973119974136,0.0011809270363301039,,-0.030486028641462326,-0.016449831426143646,0.046255290508270264,0.0424012616276741,0.04081976041197777,0.009799475781619549,,0.04123280942440033,0.023532111197710037
2020-12-01,0.025716999545693398,0.029273338615894318,0.03373633697628975,0.025716999545693398,0.03455515205860138,,0.025716999545693398,0.028058309108018875,0.025716999545693398,0.025716999545693398,0.009050330147147179,0.02616109699010849,0.021889276802539825,0.025716999545693398,0.025716999545693398,0.02616109699010849,,0.03243259713053703,0.028301037847995758,,0.021889276802539825,,0.02616109699010849,0.025716999545693398,0.03373633697628975,0.02865777164697647,0.02865777164697647,0.02616109699010849,,0.025716999545693398,0.03373633697628975,0.025716999545693398,0.025716999545693398,0.021889276802539825,,0.025716999545693398,0.02616109699010849,0.03604107350111008,0.025716999545693398,0.02865777164697647,0.025716999545693398,0.025716999545693398,0.033682629466056824,0.029544221237301826,0.03192241117358208,0.02616109699010849,0.03516855090856552,0.009050330147147179,0.025716999545693398,0.029273338615894318,0.02807476371526718,,0.021290471777319908,0.029955636709928513,,0.02616109699010849,0.034624721854925156,0.02616109699010849,0.028366070240736008,,0.03009062446653843,0.02865777164697647,0.033682629466056824,,,0.02621566317975521,0.027701575309038162,0.021889276802539825,,0.03373633697628975,0.021094447001814842,0.02616109699010849,,,,,0.029273338615894318,0.02621566317975521,0.02865777164697647,,,,0.03604107350111008,,0.025716999545693398,,0.028058309108018875,,0.025716999545693398,,0.02865777164697647,0.02865777164697647,0.03373633697628975,0.025716999545693398,0.025716999545693398,0.028058309108018875,0.03171544522047043,,0.025716999545693398,0.03612937033176422,-0.02059110812842846,0.02865777164697647,0.025716999545693398,0.029544221237301826,0.10835160315036774,0.016350138932466507,,0.02616109699010849,0.025716999545693398,0.020273547619581223,0.029530294239521027,0.02865777164697647,0.021340180188417435,,0.030143683776259422,0.03373633697628975
2021-03-01,0.008899456443810969,0.03671113135723968,0.01684220944016967,0.03251053966355877,0.040684490276688676,,0.022539132208723403,0.0279586187283393,0.030419792513360668,0.04024667384986432,0.054834179639691054,0.034138534136925844,0.03345858796363596,0.026907833893486353,0.022147004146584298,0.04624099405530121,,0.03208660319538881,0.02847987333118493,,0.024616482744920593,,0.040461694766759315,0.03480374495232804,0.026154556450054343,0.03537325985374689,0.03986214990991213,0.031090594321115557,,0.00873450414877983,0.026716967762511347,0.01841422885800459,0.01714422767096517,0.032221678310810936,,0.023186099584750475,0.04793467477057972,0.033460558842942835,0.033862083647108104,0.03349335879658775,0.02545795822423556,0.015836973082407068,0.029063542631467366,0.03040435015038094,0.04946495542347704,0.03765930630028013,0.041885033132418155,0.02419983751191718,0.005339364305468341,0.04142180110317413,0.03242583577336973,,0.06181041261194397,0.03464552908126738,,0.026562291043098093,0.02742358973258006,0.029109056351033124,0.04677229055513088,,0.0348678471561615,0.040751696995758445,0.038665086233698645,,,0.028654500402670268,0.035982271991845526,0.04224321391204883,,0.03507016118948877,0.01877479013175403,0.01707735523354542,0.012077716635903814,,,,0.0392852497178042,0.032479404522327254,0.03773637264644898,,,,0.04255813434334636,,0.016626902517138605,,0.024859385045342543,,0.04072052938617656,,0.032106839665198984,0.03128922253951847,0.023862258678533546,0.02691503567509821,0.029869406415391122,0.029153040572175562,0.0443104171054903,,0.013809533706403466,0.04802171651105696,0.017208908755729634,0.04026863369127624,0.01524555814029556,0.024078589142685326,0.007540701470914073,0.006939843454808283,,0.03576628600494238,0.01769679868761238,0.03495834490265527,0.034105013421262334,0.03712901025631309,0.03578567637000678,,0.040839953779742075,0.018086657156244898
2021-06-01,0.010477707927352658,0.017917394054410386,-0.007845654549062714,0.00875537599462794,0.014827954725518306,,0.0077746038625911154,0.015043935815332716,0.009386393828184307,0.025916179572525812,0.012046982980969895,0.009023241631092008,0.010452624468647625,0.008667311123275017,0.009023241631092008,0.00959861553901604,,0.05632987668880947,0.014845376733872897,,0.010328309664155799,,0.01350247617887015,-0.018481300276123255,0.015197436606203162,0.01497453689281791,-0.012722645122512814,0.008667311123275017,,0.004064737378743878,0.012435845433495537,0.009148443969285248,0.010318417187685239,0.010328309664155799,,0.008667311123275017,0.010748735479401327,0.013797653651089297,0.009386393828184307,0.022167870125567868,0.008766298393919066,0.010201564091207982,0.013976993507094306,0.0077101710028455095,0.01923409006132105,0.009023241631092008,0.014948204523596778,-0.011238385766171649,-0.08741266103103341,0.018154768967894676,0.024885710579409165,,0.07929312892772336,0.011331141445545385,,0.008004034441613957,0.012567694612323271,0.01214354100903996,0.011643441392769875,,0.011687743642004924,0.02866190494478687,0.01472312314764054,,,0.012494979113807047,0.009857947183565297,0.009239946724517575,,0.010456899197406158,-0.015590316953645407,0.01259749710403523,0.010885891821498997,,,,0.010359163061292219,0.012494979113807047,-0.015744308822991285,,,,0.02377800520582522,,-0.024518132950491423,,-0.0226130043196392,,0.007923713300019945,,-0.02054594295302868,0.01672484861876996,0.012117773367741388,0.012449891918054817,-0.012463295453728615,0.008582011959047457,0.027241119293566696,,0.012179365756179365,0.047349479245939255,-0.03446832236704053,-0.06288525420381441,0.00795632186847452,0.01425224474548959,0.011785421438161038,-0.030443566971370586,,-0.02176723875776786,0.005377557661995727,0.021884751705181404,-0.02992571610874282,0.01961872034642825,0.0018311194073197385,,0.028273600095797647,0.013006689861767758
2021-09-01,0.004958944330747953,0.020568221898395207,0.04053361073626661,0.013912498981365722,0.008905032238370544,,-0.022905051414403146,0.01892405497285003,0.014434651872545239,0.06118170404273508,0.09773162791286062,0.01429400803229574,0.01413645635373816,0.012845019438662874,0.013217431281490555,0.013997915532343965,,0.029111475041822744,0.025781459973669152,,0.008814309304346932,,0.02550672484692384,0.00489379537302115,0.03108241412613642,0.02677175429911061,0.032651330315929726,0.014383938426002812,,0.01655498201827987,0.01903035437140893,-0.004863541433420505,0.007287922161968302,0.013997915532343965,,0.0056064008952947325,0.005758058247589625,0.0196646496102893,0.014159567642087846,0.03369708438175851,0.01420562300023548,0.015146708154577639,0.019644255990479947,0.027348180814563847,0.0210452490144905,0.015861357181075435,0.01917980232461558,-0.0871785491863383,-0.0725967170063125,0.020868863322996416,0.0011091256188207773,,0.09773162791286062,0.026314610415266212,,0.014432548853689935,0.01896842404545691,0.01623710927371456,0.021657071311907052,,0.01693754616482581,0.03200991882568872,0.010676554131080585,,,0.01157617146810563,0.01866673491688522,0.020068747516947247,,-0.003467883571104017,0.03268212844296908,0.017852466811840162,0.020532024751162375,,,,0.020035071456798146,0.016724355043722303,0.026251983032556957,,,,0.007644315681205623,,0.002974268023306557,,0.011147604780995472,,0.05052594831370239,,0.035163281762537385,0.026686344618982116,0.038464600804953224,0.01677568210554452,0.014913813610371527,-0.020503459117156685,0.030964013052628313,,0.011344740793852233,0.04143709088807092,-0.06332598323462742,-0.08684711246452506,-0.0038134749466046617,0.018815009763185307,-0.005063821528135706,0.029188447690143997,,0.01632325219198691,-0.029569787386626124,0.03852923877728403,-0.014448225141453351,-0.016296021768325196,0.0060310064736984895,,0.030964013052628313,0.00846423080835641
2021-12-01,0.014633718878030777,0.01698671281337738,0.022220149636268616,0.01626376248896122,0.02128114178776741,,0.013910762034356594,0.010983346961438656,0.013910762034356594,0.022220149636268616,0.46786603331565857,0.01626376248896122,0.01626376248896122,0.013910762034356594,0.01626376248896122,0.01626376248896122,,0.024878615513443947,0.019356021657586098,,0.01626376248896122,,0.01698671281337738,0.022220149636268616,0.022220149636268616,0.02072996273636818,0.021712830290198326,0.01626376248896122,,0.01626376248896122,0.01626376248896122,0.013910762034356594,0.014633718878030777,0.01626376248896122,,0.01626376248896122,0.01626376248896122,0.023029975593090057,0.01626376248896122,0.02486352063715458,0.01626376248896122,0.01698671281337738,0.02014121599495411,0.02600344642996788,0.022220149636268616,0.01626376248896122,0.018360653892159462,0.015535768121480942,-0.01293589174747467,0.01698671281337738,0.01600765809416771,,0.46786603331565857,0.02072996273636818,,0.01626376248896122,0.01626376248896122,0.01698671281337738,0.01626376248896122,,0.01698671281337738,0.021712830290198326,0.02128114178776741,,,0.014633718878030777,0.018360653892159462,0.022220149636268616,,0.013910762034356594,0.022220149636268616,0.01626376248896122,0.01698671281337738,0.018739501014351845,,,0.01698671281337738,0.014633718878030777,0.022713689133524895,,,,0.02128114178776741,,0.013910762034356594,,0.02128114178776741,,0.022220149636268616,,0.015666579827666283,0.02486352063715458,0.022220149636268616,0.015065406449139118,0.01698671281337738,0.023634137585759163,0.02600344642996788,,0.014633718878030777,0.03308558836579323,-0.01293589174747467,-0.2772982120513916,0.013910762034356594,0.023634137585759163,0.014633718878030777,0.019336340948939323,,0.01626376248896122,0.014633718878030777,0.022220149636268616,0.027709249407052994,0.021712830290198326,0.02486352063715458,,0.02600344642996788,0.01698671281337738
2022-03-01,-0.018949539632463555,0.010601515067229846,0.03156340371655575,0.0005928410285765844,0.018413896228973013,,-0.009086037224217773,-0.0022601438130693957,-0.0043207073409191376,0.030862449565935646,0.06658116233898959,-0.0033841996332739004,0.004637242478889243,-0.009347712147794191,3.750192607819105e-05,0.021132553010439935,,0.03160169758794013,0.01676710787302965,,0.010989758342087624,,0.020562178261093838,0.024076666700559093,0.02333964561186511,0.01896549549504448,0.0060326221654042975,0.0029585823739906114,,-0.006613265660558686,0.017546641495981445,-0.012801064372305274,0.0007568555119846978,0.026123960904611287,,-0.004321619553734025,0.011081448681453812,0.016850708318970814,-0.007187559223643116,0.027361490464205253,-0.00039721754160969416,-0.011291784596358509,0.010007914708667954,0.03606689945501124,0.04788870904346295,0.015006658613047268,0.02243386122849257,0.023990474512678547,-0.016834783048867125,0.017272414599969914,0.01887541619988157,,0.06275876839163978,0.025978388376580366,,0.011594015385769691,0.010192347094785878,0.006910530986478755,0.009906764329634886,,0.026744773352889925,0.025955567721768526,0.013092352688045312,,,0.0015950637438815563,0.02950343054325134,0.049678087772575645,,0.003808446479054742,0.027238764783177296,-0.006058720820542581,0.02790228512680218,0.019249918201128705,0.010236135341546816,,0.018647853296393558,0.013043506643027877,0.016799894148615054,,,,0.017288273080049182,,-0.0038321985031326013,,0.012476538808378972,,0.025382718328664292,,-0.0008691400614283466,0.026973183256343264,0.03675226076143731,0.012905763181674572,-0.0018072487578921765,-0.00468697739585413,0.03350679961262108,,-0.009576035175774196,0.05122655052357306,-0.003776459192495011,0.0034287605105255614,-0.011061912386862821,0.006786860622392335,-0.011034517775583922,0.0156804573037322,,0.011855574391038242,0.003332259399793529,0.03370863780862978,0.012418566199074133,0.02512722012726197,0.03416915159928861,,0.038343527769299474,0.018737454211348217
2022-06-01,-0.0030508052928020896,0.018007186319359342,0.02137236000558362,0.012380774859111097,0.014543385657268294,,0.0058602148559255786,0.004824145898561882,-0.00108494064881504,0.06062100855278759,0.06348226034409117,0.007606440449500671,0.02310138562615867,-0.002697000799904553,0.00903944027725564,0.010938681074300174,,0.03307226996678278,0.013050213744754551,,0.004866154800203571,,0.03157226206515842,0.041011368204719026,0.021171723298833944,0.02321020209204659,0.01707230916782037,0.011110851844772514,,-0.0015421145574618434,0.015323971982666518,7.238220710895977e-05,-0.0031454832298897883,0.017396261124494234,,0.005920695054625347,0.027429548172118495,0.03314566995129532,0.004820881113327848,0.016181019284423313,0.008747362347982715,0.012631752348331162,0.019990005231446128,0.031183894060069682,0.05021664626614413,0.01548326717837042,0.01565365816788231,0.01949942338574425,-0.009007909040448127,0.029552017240501858,0.01575159886422305,,0.07014233267839459,0.03785365798016492,,,0.018337024132556022,0.022370142135655614,0.01649172166194871,,0.023671732966168507,0.029417498338323148,0.01812110759809044,,,0.011139042422153784,0.0174876347442389,0.037621987657214716,,0.022765565034354417,0.043851258374703904,-0.0001112948078234787,0.020894887491018824,0.017571054454539107,0.014130962700474078,,0.017848017555786026,0.014240740801671006,0.014607721424026925,,,,0.034555311381329355,,0.005230239054056337,,0.009247713282658224,,0.02079563113856837,,0.008319987990302367,0.026306906296986912,0.01281170915758559,0.015342259718314297,0.007686048384684432,0.0062583194005034135,0.03878726304616841,,0.001442909795635821,0.05456544245243636,9.989457226027904e-05,0.014595776721801816,-0.0035531557320826967,0.01285135547901288,-0.0031683274210508017,0.013894618160677597,,0.03143191358067092,0.021574217158094725,0.01580173312038481,0.02568073603483848,0.02423835955770618,0.014285037686010723,,0.0352199545465045,0.026898791326258612
2022-09-01,0.0026598206342853758,0.021676740760285553,0.020145691201654284,0.03370603274704957,0.00951192588460821,,0.014784366594131819,0.013009593554216325,0.022625363831797723,0.06446870999739769,0.07493535683580811,0.01522969837577943,0.03322234880455789,0.001773083799967539,0.013830843998269442,0.012156988716720859,,0.038619560431346615,0.018875604421877856,,0.04058305550664794,,0.04232576793810896,0.02139650475849857,0.010201667645759423,0.029046035183386564,0.010836524558430538,0.03560412128502911,,0.004298447349060064,0.022186074498759346,5.192144613049667e-05,-0.002974824037492633,0.03202825923557095,,0.03587906634346722,0.06726581667433114,0.02757130560930024,0.015724556822754157,0.02238683959131639,0.01635376333478177,0.0067489643044699905,0.022575161274172483,0.03682082812894242,0.048253359225454845,0.03606029563818005,0.02023385937366633,0.03401962962897373,-0.002651242926562412,0.010249719424225201,0.017689628421525133,,0.07960486901179649,0.04508479739570135,,,0.028877553782796345,0.028440245438392343,0.05209706452627935,,0.03209687284548079,0.030686915505287227,0.017839483365966562,,,0.0028132846293600433,0.01933397408497329,0.04521137573292685,,0.04132848265439376,0.04572995332423835,0.00718142367460469,0.030685501571176613,0.02816562481636853,0.020570428207582352,,0.018221607759923014,0.0009693974640050881,0.016495607125843924,,,,0.025820970325782566,,0.0052966970897521505,,0.01512092341507207,,0.009629287159934965,,0.011703601581367686,0.025130696581148,0.0174885661079017,0.017879845682631162,0.011783618668830563,0.011489298979046403,0.04367420078157197,,0.004277645321438205,0.0554675519083297,0.0022374650211069115,0.015525311176505758,0.01309441543456216,0.029560987071696587,-0.0024468067032325114,0.009297159684080934,,0.028627034581514266,0.010838383009568027,0.041597481830132545,0.02763633280838475,0.025913177127081896,0.016670843142758174,,0.03287019192024756,0.017892468393749125
2022-12-01,-0.0013482720175673991,0.011438305908441693,0.026556699270837987,0.04702773947498909,0.02635945127825502,,0.02543174657720461,0.03290920328310412,0.02092644975315726,0.06303773156897607,0.08525466982154134,0.03984461301926154,0.021756969745001176,-0.002630622082457026,0.03355530635020443,0.016752262710083985,,0.050537639049610686,0.016487651409091638,,0.04375223575893016,,0.02769081104968485,0.024107679596859128,0.03648335302043807,0.03439915302730532,0.002790914967208936,0.05292342118733686,,0.007156132294782054,0.034561138099729875,0.011601606851611247,-0.0020476585997500157,0.0398293713182616,,0.04055589443841197,0.07804348227733893,0.018382833843379166,0.02352825730017887,0.027872235057029494,0.03604032756496207,0.008212466703459216,0.015519656408309384,0.04100833684344275,0.026722656231207734,0.031204081924804502,0.014689157369465093,0.06447256220449198,0.003244003728555138,0.013543547958993294,0.023706645543342612,,0.08782802153594738,0.030378912444495962,,,0.02276039477569474,0.034436533816221575,0.07681886123158937,,0.04795281105369176,0.04714208265613297,0.022041311961867205,,,0.0001841864930431377,0.02483340834883074,0.06617821874170011,,0.04830411502933561,0.05368469189910949,0.016137485810216786,0.053183810373856805,0.03232398386967443,0.035563376433423194,,0.009226804784557341,0.00013061925338271157,0.023290324029047134,,,,0.02753791423130062,,0.020865613968635337,,0.01120196013771612,,0.01492457791439803,,0.008225904984303888,0.0325356605043535,0.03004151098350965,0.017300237584555886,0.01747237604695424,0.0071479733148554145,0.044475100353940505,,0.006485555165937307,0.07358083016217586,-0.0023637689335902537,0.0030301035432083023,0.022257417479865885,0.03614918418343703,0.012765421694984722,0.021078562230959653,,0.03457645024495335,0.011619606792149718,0.03967535470660012,0.023420693452826335,0.014474662792140847,0.03687298348502497,,0.044004333710116486,0.032983241718137865
2023-03-01,-0.0002873139141237989,-0.0040072857403893524,0.0018591987728986956,0.019209718550186196,0.016276341631537555,,0.017082367098169567,0.03428822807683222,0.024316328260624957,0.04860589716163486,0.0773743572117815,0.03585596848280419,0.03330842997132897,0.022591438590636087,0.003155945777231009,0.007228698881228412,,0.025598045379762863,0.013062116245664612,,0.03638758224135067,,0.022818937249123105,0.027226462551426137,0.029240160410259775,0.02391998844717075,0.008810304423064394,0.04453475265352492,,-0.002075874711541895,0.023964605112322724,0.001642406120015944,0.011372231069240058,0.011794618527496265,,0.02225091065923032,0.06300156216703198,0.01324579391643112,0.028323762477729452,0.025911177449131725,0.03517677166309112,0.005869276763909533,0.016908154759570228,0.037751430034292745,0.019385668792537277,0.030873869271721692,0.021996055041595405,0.05644819467465109,0.0035387723530952934,0.017013506807457654,0.03169054473856404,,0.0773743572117815,0.03093451056904102,,,0.02919692598476507,0.024770344901623994,0.037110168029087544,,0.030397737644178253,0.03993354633242941,0.014767766993415423,0.02995707938999566,,0.0014080700403852927,0.024762543693037046,0.049240955110564325,,0.04663657824505974,0.057541492132450384,0.012455413619790714,0.0562947961705741,0.03387182812210734,0.028124160486056683,,0.017693032952371682,0.0020297662902046764,0.01864614150307567,,,,0.018218786475949118,,-0.0019695131379674556,,0.010841730099486892,,0.01970122939395417,,0.005599908296595457,0.03302570050414802,0.029380580925280245,0.01715628733067454,0.02194811658626854,0.00581461012182209,0.041788537205866796,,0.004820066212393423,0.06889480520986044,-0.0024739702936072343,0.007480737791742894,0.030504187118578992,0.018314620179634304,0.000510704428013303,0.018531090249039137,,0.034316177497938846,0.019613107439267703,0.03117411655324991,0.023315927011323855,0.02856093557466159,0.034494353129048104,,0.04239056751076892,0.013245551482948995
2023-06-01,0.011911440279925262,0.02384075960715291,0.01601593881984376,0.0359583565412923,0.010508035570247891,,0.02458725808370007,0.022699915438529422,0.038762982224499754,0.06082604841624786,0.06505334789599068,0.041992541152193995,0.030526192772889486,0.04171462701999189,0.04100366987624108,0.02574541961098176,,0.024090680260916805,0.024091804265260346,,0.04750899292107733,,0.0333632250202457,0.05603238160645616,0.02959492129609739,0.0333018474800967,0.009198956141307084,0.048791715219829876,,0.011184257935402984,0.059989883854489945,0.0312680653452669,0.010074685204386284,0.0436271024305038,,0.021133425049105266,0.06068086271628462,0.007510847481130626,0.04328769357742302,0.029689409078738703,0.06146821575364534,0.017610733996092066,0.020009577543329972,0.03306689050262656,0.031166133620081183,0.04088868897554636,0.015153141749687668,0.03575719018208562,0.005302467356486457,0.022778875284787524,0.01693770632166486,,0.06505334789599068,0.043511508526683826,,,0.0346232180843517,0.02944261317276759,0.06603945597034687,,0.024248587653700505,0.03893465791946177,0.028910123557373654,0.030898794859237803,,0.021070972670861415,0.025120617630066934,0.04324153224172401,,0.05072702719516016,0.05188225765422819,0.029112335663893672,0.03830339527369854,0.027070428391896155,0.023577739242132058,,0.026657217960216282,0.020941363174173496,0.009276761166582843,,,,0.02549044438729429,,0.006095673477151758,,0.004551008023910122,,0.008493923123172603,,0.018099232160586592,0.03185857795686919,0.026852870313427174,0.022365614055459126,0.02393948433377074,0.012947487216683888,0.043748987757787294,,0.018934784626429738,0.05960561472280564,-0.0026615485228003877,0.009429515952597684,,0.031463111043129065,0.004141825642489899,0.017159771800383705,,0.033127813127749935,0.02259199489230054,0.01625520510651427,0.026821169882996942,0.020904782104565204,0.032185213370711854,,0.04306196057058252,0.007313389981329899
2023-09-01,-0.009145441510096169,0.012443303369594523,0.015175431015153975,0.046469190493372704,0.0033573061000612137,,0.008205939181968512,-0.004025088435910366,0.025688356943060594,0.05383297617168541,0.06461297182669629,0.04035744092456486,0.03529466694257434,0.01983160187939465,0.040542671547517416,0.06892840264866916,,0.025635777085712866,-0.002000965165215582,,0.05786770936428216,,0.02801367784784485,0.048051554369263706,0.02797948324128904,0.006800177083588253,-0.0005267532368591013,0.055074429478304585,,-0.0026647257008286162,0.04684983360419801,0.01129808977621926,-0.004970513762883749,0.0714016463574798,,0.03371024339618803,0.05226935494744194,0.0037637921869221485,0.05769101809234616,0.016367886779043016,0.06143381482303037,0.0015420515473543066,0.012969621936792347,0.025404915000748932,0.02339588954518806,0.0448403895800942,0.011772355862148826,0.04265057761236649,-0.010191791077763841,0.022087600362414493,0.025942747864822643,,0.06653732596720863,0.04285789381604405,,,0.024795864156719225,0.02892032801331604,0.06497038388543835,,0.025319589363451547,0.0415114206710724,-0.0004503260417893237,0.023460082121003763,,-0.006659136576491044,0.02197429542528367,0.03738616483609852,,0.034105811197222564,0.03946512687858589,0.024975394434068186,0.04713742433237036,0.031177697858351987,0.02546115413733926,0.015780274308222562,0.020129152033700505,0.014071419407866135,0.003416005371955881,,,,0.011452786430594972,,-0.011119703052064221,,-0.005915033716825863,,0.0017311801604454507,,0.01020872414561844,0.03238515444197166,-0.0017092053377585012,0.0023789109430362595,0.0072451339591997465,-5.507832690967239e-05,0.04766428208596717,,0.01444338269097624,0.06319671907492144,-0.014427338346970393,0.00010559753778625426,,0.018944894459005934,-0.01255629011110999,0.014528966772725966,,0.036230763434027,0.010840363067680088,0.019265760907090087,0.013929366771405277,0.009530399140532029,0.04039171011648406,,0.03663748822303993,0.013468856152039804
2023-12-01,-0.00975660135354467,-0.0009355454231939961,0.006650102284942841,0.03464561466081488,-0.0028900449499750253,,0.003557234792043509,0.007693480533173899,0.01534615540926978,0.04757899400082606,0.061565445324848964,0.02404321655775324,0.02133913575262285,0.015787711605295532,0.034516744990510696,0.05392556915287238,,0.026129678280502597,-0.0063642063270121195,,0.05496789848485295,,0.026164393263673508,0.01923925489423733,0.010438869360894587,0.008337070484169607,-0.0028225626476093184,0.05481096664009932,,-0.0007538806814165427,0.035338477159374354,0.01676876927250814,-0.008013191066591664,0.05807975020790419,,0.01142031914932233,0.049975791243581424,-0.003382661971309268,0.027582335421242127,0.030062651850863653,0.049744665687798,0.0026135159198518677,0.008277772436491063,0.03064469546400999,0.011562486250164072,0.020328287810888034,0.012621713640173997,0.03645529930925042,-0.010846519126301983,0.015332670092869673,0.013963167820952006,,0.06201102982118944,0.03636617731382188,,,-0.0005906496655451141,0.024524566319198783,0.056873454890429616,,0.016769737367538604,0.04268516417097217,-0.001688124209621244,0.017832517197283484,,-0.00702896307373774,0.018200295462414137,0.031029226945964158,,0.024149258107369724,0.039598455878659226,-0.0019563703511002177,0.048886589351760226,0.03422882424925655,0.03175087384875053,0.02591932569942614,0.015565331424072697,-0.0011783794024458095,0.012608301451575434,,,,0.010864334420243156,,-0.010254001352700642,,-0.00433868976569429,,-0.00038447707238585364,,-0.001482875591102677,0.03604394028485644,0.009311993294594124,0.00038643495060447747,0.007172333128576898,0.00527799697088961,0.04834984362643944,,-8.628634097794363e-05,0.05663770732959016,-0.014596097772317993,-0.0028597592290130367,,0.00751235449339716,-0.011307144533901135,0.016567067714480122,,0.012161912596570457,0.00010808709238712116,0.02644251039835402,0.0061755248232787585,0.0065131996744405415,0.03641587828596226,,0.03468944066679035,-0.0009652291369954407
2024-03-01,0.01027484808217573,0.022647975714522452,0.014365794292568193,0.024371192098896047,0.015979639466465582,,-0.0029596373145289088,0.035020452278938526,-0.01551332585263413,0.03426457069475389,0.1267866039651668,0.009425601812271124,0.01827235759929937,0.023222818582234354,0.009775087097174479,0.016533101505849083,,0.01916280124149017,0.019137778047953063,,0.030252027232459185,,0.01626442457886985,0.057773215656464705,0.024722223370450137,0.019137778047953063,0.015785806411759733,0.030423929346894044,,0.009895520023240718,0.0271534309170211,-0.0062917182509573955,0.017308302285227894,0.03485748099045572,,0.028170924444966626,0.06129564628453784,0.017954578014929914,-0.013837160160690606,0.023727183715116416,0.031582097722966336,0.014834325643261717,0.0025903574877002723,0.023727183715116416,0.021431106569166438,0.017294281697495844,0.02047796145793405,-0.05697692617657081,0.015806675964488336,0.022531662084107548,0.02908433496380632,,0.1267866039651668,0.031338110918706065,,,0.00629382218521229,0.014034934802456179,0.04632372469930433,,0.0057803461516963035,0.03204638798900206,0.01541362915559903,0.01476662306418542,,0.019952100024859924,0.020076180040291075,0.024063392922336557,,0.0012965450742795201,0.025495414843662863,0.010732466278521736,-0.0025084452156011543,0.028194813475493533,0.0337572108015685,0.022176928618827623,0.025837777167734347,0.019952100024859924,0.021861090521595423,,,,0.015979639466465582,,0.013838618202494874,,-0.019084370397490776,,0.017567177172037585,,0.022572614302944896,0.022244216450880816,0.017035497047629057,0.016150818387072906,0.019215326705413715,0.017606221592038018,0.026949060077967667,,0.015150279141967501,-0.004581793547507357,0.009534122709929357,-0.06008495114664658,,0.019305634514648302,0.012685108284801674,0.01714911036377469,,0.035534652475323114,0.015860576599947683,-0.012606536408445137,-0.03430226297234864,0.018538756450555985,0.02669540602864636,,0.019137778047953063,0.0038146766404498953
2024-06-01,0.010066391565890313,0.015680200844189647,0.013021359090396565,0.01467554709220061,0.012745370987120154,,0.00983093554653401,0.017274598219772345,0.010939883553303744,0.027228979623278738,0.059127043153938665,0.011016647707925807,0.013279743177746913,0.011920247498536669,0.011016647707925807,0.012489619276916232,,0.014706718428519418,0.011910630224712768,,0.015477774802475948,,0.0132349382601749,0.027441119423014373,0.015396220877553116,0.011910630224712768,0.008269709099825802,0.014372174128820636,,0.010939883553303744,0.014295409974198574,0.009423962976275986,0.010172217301770524,0.010181168924353433,,0.011665715105445031,0.02205046324288927,0.012983611264855272,0.005264772023623964,0.011678941044180434,0.014372174128820636,0.011408538404158047,0.011005297413661581,0.017116554897787097,0.015671119261398688,0.01142362027818383,0.01133161819273856,-0.02886955948108284,0.012995561452671339,0.016683263811872538,0.013322833244596755,,0.059127043153938665,0.02094862198665927,,,0.024683849311476925,0.012288215177070821,0.01292187662885299,,0.01084725525869608,0.02094862198665927,0.011225792456858348,0.015222502403334257,,0.011632765027116373,0.011770435077473586,9.052097349768846e-05,,0.011658016718932252,0.027594938668720658,0.013446209416779318,0.005022228678849666,0.020716932806126943,0.024241789921780187,0.03192958735102784,0.01560250216634577,0.011738590762996584,0.011910630224712768,,,,0.011617898364265867,,0.010987676289951226,,0.007947817552783266,,0.013039626637190237,,0.011910630224712768,0.010598324843403556,0.0015017621092825004,0.01278657342820653,0.013968329311435915,0.011910630224712768,0.020716932806126943,,0.011770435077473586,0.031751869611174925,0.005825798110062496,-0.037893960114034,,0.017116554897787097,0.0067953952130748,0.02094862198665927,,0.004379831386217454,0.010761631514009676,-0.04392875931723175,0.012427122690929231,0.011910095390625227,0.019447162957490986,,0.011910630224712768,-0.035306174375763874
2024-09-01,0.00903996080160141,0.00903996080160141,0.011196601204574108,0.007543011102825403,0.016301143914461136,,0.007543011102825403,0.010679391212761402,0.007543011102825403,0.011517017148435116,0.012323237024247646,0.007543011102825403,0.007543011102825403,0.014797350391745567,0.007543011102825403,0.014797350391745567,,0.01088573969900608,0.010679391212761402,,0.014797350391745567,,0.011196601204574108,0.013383829034864902,0.010144664905965328,0.012564538978040218,0.01187149342149496,0.007543011102825403,,0.007543011102825403,0.007543011102825403,0.007543011102825403,0.011196601204574108,0.014797350391745567,,0.014797350391745567,0.014794295653700829,0.011196601204574108,0.007543011102825403,0.013552824966609478,0.01449467521160841,0.011196601204574108,0.00903996080160141,0.014153217896819115,0.010144664905965328,0.007543011102825403,0.011196601204574108,-0.013051560148596764,0.00903996080160141,0.011196601204574108,0.011196601204574108,,0.012323237024247646,0.014266385696828365,,,0.007543011102825403,0.011196601204574108,0.016169700771570206,,0.00903996080160141,0.014266385696828365,0.011196601204574108,0.011196601204574108,,0.011196601204574108,0.011196601204574108,0.014290105551481247,,0.00994004588574171,0.01438403595238924,0.007543011102825403,0.01534717995673418,0.012834835797548294,0.00903996080160141,0.01105875801295042,0.011196601204574108,0.011196601204574108,0.01187149342149496,,,,0.00903996080160141,,0.016301143914461136,,0.009256137534976006,,0.011196601204574108,,0.01187149342149496,0.00903996080160141,0.007543011102825403,0.01187149342149496,0.011196601204574108,0.012564538978040218,0.00903996080160141,,0.011196601204574108,0.011910478584468365,0.009414655156433582,0.01187149342149496,,0.01236072275787592,0.014595219865441322,0.013573340140283108,,0.011196601204574108,0.011196601204574108,-0.013040348887443542,0.0226760134100914,0.01187149342149496,0.006603315006941557,,0.013552824966609478,0.00903996080160141
2024-12-01,-0.004583761699959598,-0.000961738483150688,0.00407236912353447,0.0017049077659865158,0.004847018503446224,,-0.013552137240994858,0.016488807998202123,0.005210098222542042,0.0240584427947789,0.016671867956828502,0.001806932317806287,0.004921489844171041,-0.003985074806028508,0.00015862515816216465,0.029309145622507964,,0.017963245086966822,0.0163469601621249,,-0.00837027214532852,,0.01236565845351819,0.02202292079173336,-0.0024511115128090103,0.016488807998202123,0.009702042544849292,0.005312122774361812,,0.0010936790150381855,0.005210098222542042,0.003610727417256728,0.0020145804015647504,-0.002118049773016327,,0.005953405840531658,0.03654029013494873,-0.005613543107433448,-0.0025886404451902524,0.013608247945398545,0.011867676619811696,0.0078081555516136564,-0.012797409050082574,0.017726109294833817,0.013307840075099239,-0.00012904320261164064,0.009218271665770788,-0.043152373991305934,0.012087755636457805,0.011949160266111612,0.009460292961945773,,0.013631174735032794,0.019395060388224052,,,-0.011775997768070845,0.005485107145208295,0.031482301497607265,,0.006836125559102569,0.01902882443398829,0.0032228017023030898,0.00015526958706704876,,0.004271527651066904,0.006378807922042547,0.0013311930007679767,,-0.0020704954599568923,0.020986293038205837,0.0026940666926950534,0.05272885842865269,0.01902882443398829,0.007575938264206854,-0.008535337565622794,0.006262075404307217,0.009460292961945773,0.016488807998202123,,,,0.004847018503446224,,0.0014102507205204522,,0.0019889686510843616,,0.00328101240775433,,0.016488807998202123,0.01005711957284343,-0.019373366626471916,0.016126699443037143,0.006220794337807503,0.0163469601621249,0.012191851350129627,,0.009460292961945773,0.02606203302296593,0.013303969950320658,-0.06927416180067551,,0.017726109294833817,0.007143175580136977,0.01902882443398829,,0.013970896100050879,0.005192447118432978,-0.0064743346045039035,0.012531429203255442,0.016488807998202123,0.015057815811651156,,0.0163469601621249,0.005035130400974008
2025-03-01,-0.015993922233385718,-0.0005277127315193867,0.003519240184847413,-0.013793057521913801,-0.0036801264032049457,,-0.020363000496070538,0.011111399827157394,-0.009449118147140135,0.022363740973544727,0.0201742511602456,-0.014859535781248238,-0.0029898414915434613,-0.01157005571108411,-0.01380356957997863,-0.008467540088736767,,0.0169391957610681,0.01047611287885397,,-0.013627582152139895,,0.0005091463729981265,0.028593842550965684,0.007759310273869497,0.014977578012037158,-7.443459223575192e-05,-0.008818373049404415,,-0.014359566779570797,-0.014013827657041312,-0.017063988409464815,-0.016842214455510963,0.0066599564313994455,,0.008234194678219987,0.01973377263821013,-0.004765029882299489,-0.004721865511867306,0.019087517642250973,0.0065929545528509844,-0.018717676663407044,0.0002800137237526475,0.022198222035389435,0.003088388500610822,-0.0008973246874122831,0.004918160982689097,0.000545569994948541,-0.008325718239430246,0.014363600337482246,0.0004000436114721421,,0.0038763723295929388,0.014856653418739657,,,-0.0239036522075056,0.003337223743086297,0.006588818051578647,,0.010334164648060765,0.03341408135456816,0.008056799783849261,0.009044408893119612,,-0.005651828961982612,0.00936870633122785,0.025402134322600755,,-0.004389558137025923,0.029377352457711177,-0.01355903342313443,,0.015221368633809431,-0.0015129453053172183,-0.012251323732347693,-6.69210611828132e-05,0.009041618760940272,0.013449233270636332,,,,0.006342627727118945,,-0.014988702849933378,,-0.0004115020541507945,,-0.004668188576189984,,0.010815728636464865,0.021534762369100395,-0.00037196865019212136,0.005871734448026118,0.010071777368952256,0.0004262416139871693,0.03108485984846467,,-0.01309932529772112,0.026990189799362737,-0.008411928736163992,-0.004109199674013156,,0.00812668606525703,-0.02077019677775887,0.02331494847427481,,0.011237855829157019,-0.010306936747854047,-0.008955317681116704,0.004426321049958277,0.019016406560889453,0.019200706189955223,,0.01985150918436471,-0.009430155006858072
2025-06-01,0.005228965331434544,-0.02334781777437175,0.004900389940650758,0.002920272672167461,0.007157911810003492,,0.002909674046607572,0.013847142409667697,0.01711492968282331,0.02459928433809358,-0.0017150006467818433,0.002920272672167461,0.011192232107703802,0.010295401402127433,0.018190430554066144,0.011192232107703802,,-0.004739817747113801,0.013847142409667697,,0.008316919045183722,,0.012157032584049774,0.01731218246062536,0.011342040583554983,0.013847142409667697,0.0049163870360494485,0.018190430554066144,,0.0030334676349701114,0.002920272672167461,0.002909674046607572,0.008614892443172333,0.011873978324180013,,0.020240889020299236,0.026123797079334883,0.005512740710316314,-0.005412293792043338,0.013229175169274332,0.013213445820238867,0.011564216392507222,0.0038322850241393086,0.013847142409667697,0.011435567455196461,0.0031890593246508584,0.007674279535670245,-0.024076058062872285,0.00800862144061147,0.00829423050796658,0.002516802032199766,,-0.0034719296454350196,0.015647105627338315,,,-0.009845105930363186,0.011432204545833683,0.010245025889554026,,0.0064050423435000345,0.015647105627338315,0.011381390263553599,0.007338882800755496,,-0.005087145282808541,0.011564216392507222,0.03226680217724669,,0.01500430355865276,0.0009320971314106465,-0.06207893350072911,,0.0158431309708231,0.002916546205350486,0.024905447590080666,0.011564216392507222,0.011564216392507222,0.013847142409667697,,,,0.005729073677530869,0.005638210194806796,0.01246683618000141,,0.007023238856393883,,0.011688009980869763,,0.013847142409667697,0.010369838173148632,0.002483945038017994,0.013847142409667697,0.011688009980869763,0.013580255011640101,0.015647105627338315,,0.011564216392507222,-0.0018175022616162874,0.00684377722907348,-0.026597486311226607,,0.013847142409667697,0.005922327216330778,0.009131183763901372,,0.009477689374256503,-0.007016504835555253,-0.013925399226360916,0.007521391915976038,0.013853528086563155,0.0072855327220093585,,0.013847142409667697,0.008207786695000727
2025-09-01,0.011802591494368816,-0.015307860829966487,0.013956184487548089,-0.001805489116515662,0.002550849538159974,,-0.006617360372821953,0.016169581640694396,0.004386523587261753,0.02789614190958492,-0.037859295268785384,-0.0015810692001433655,0.003040351921941059,-0.001656249768434146,0.0030464475977514177,-0.0055562877063253776,,0.007219598651641311,0.01607416902329777,,-0.02017900456514878,,0.011435270663287731,0.023842315017113633,0.010848046806017133,0.016169581640694396,0.005366349463359124,-0.0014012115533393525,,-0.0014702964458197737,-0.0013951158775289934,-0.0014702964458197737,-0.007782763201176609,-0.03658204187203792,,-0.0014702964458197737,0.011349177838376127,0.007467104229822463,0.003089202524047959,0.005366349463359124,0.013340853916632525,-0.004237648335626613,0.0037922098292577787,0.013749783100113891,0.013956184487548089,0.003089202524047959,0.012791548411354235,-0.03165108068157155,-0.008484159747818647,0.006104689873125031,0.017586502505064685,,-0.0492059286366228,0.010430179154601949,,,-0.0971076228136487,0.01297849110519202,0.01809623961948519,,0.003082735499131533,0.014421803401530438,0.017586502505064685,0.007579990599158515,,-0.07144898422180992,0.017586502505064685,0.022780371732037587,,-0.0010763700689294846,-0.0028963672509475106,-0.10270887311657877,,0.022061380695665257,0.005670091654735085,0.017264982928644836,0.007905177849555411,0.01650998921799719,0.01572410771421307,,,,-0.011775449073348,-0.005857011446044899,0.006447750306620218,,0.0010307934169085878,,0.011359869764043715,,0.016169581640694396,0.018068737705235517,-0.0014702964458197737,0.015775575437301258,0.012544025145642788,0.01604319607217688,0.018068737705235517,,0.012184123555567767,-0.008826051107489234,-0.000994678800732825,-0.0534235680734802,,0.01607416902329777,0.011802591494368816,0.0032630592903672624,,0.013338598850706058,,-0.044400896679634934,-0.04112419669598068,0.01560206355847222,0.011093212313335226,,0.01572410771421307,0.005347843610876257
2025-12-01,0.012281925296149888,-0.033437312223603605,0.013169061000487162,-0.007394575889147165,0.003969274281426024,,-0.023045390560347358,0.021027139850818468,-0.0010562925828705222,0.00799042873788212,-0.025800450716846418,-0.0011691151893346433,0.010125996375999927,0.01686303454706972,0.010329634230077222,-0.004905244739012901,,0.014806787980914688,0.019047556580379765,,-0.025542784253862607,,,0.012108126237765181,0.008309216075445786,0.021027139850818468,0.019689033284801816,-0.00385108553204202,,-0.0012997043742541698,-0.0018186128672314445,-0.013224619290499224,0.0035119566498814166,-0.08021831252185653,,0.009299459324845754,0.027311472038407784,-0.09958546139133011,0.010329634230077222,0.01981180251614111,0.02018673956999843,0.004037597645360192,0.012816438588380856,0.01603320984497409,0.013169061000487162,0.01155873693828964,0.0012341766424784676,-0.017750578836189735,-0.01557381035375157,-0.010389156725996431,0.017449350973274373,,-0.025800450716846418,0.02056634963557368,,,0.013956923030356037,-0.003873845265902692,0.02018673956999843,,0.008389498435452404,0.02056634963557368,0.015985359749317255,0.0163554845075896,,0.015985359749317255,0.017449350973274373,0.040308715555876534,,0.02170886545549229,-0.0004801964075818226,-0.023224623696336866,,0.02093957421854949,0.008099262947960971,,0.012116837650939686,0.017449350973274373,,,,,-0.03123066963248993,-0.0017737731587382163,0.0014923269294034114,,0.006062133037145834,,0.013308497086108054,,0.021027139850818468,0.011263417957331882,0.016963147691661403,0.020904370619479175,0.013308497086108054,0.015483142992431163,0.021027139850818468,,0.013482263933750765,0.03116268434450908,-0.0011300764567887794,-0.04000904937982027,,0.019788938043729214,0.012281925296149888,0.012380323040621016,,0.005771822911302295,,,-0.01547868452731742,0.019402083081617366,0.02049506889875047,,0.020904370619479175,-0.07624979775880092
