,1078,1602,2086,2111,2403,2547,2751,3504,3735,4145,6266,6730,7171,7228,7241,7257,7637,8530,10115,10530,10903,11032,11376,13721,14960,15414,16101,17928,20904,22260,23812,24197,24344,24468,24856,25279,25313,27914,29127,31673,31887,34410,41818,45167,61483,61494,61574,64166,65772,126554,133366,136725,137131,141384,144559,145046,145552,152149,162887,177227
2001-03-01,0.051578350779480066,0.013946647071882676,0.05252211969139666,0.01723300336802936,0.051578350779480066,0.07052186125942334,0.0470304472553638,0.047820566209254664,0.03158946056932399,0.03789053884339528,0.049554503293415854,0.051578350779480066,0.042670035791598435,0.013946647071882676,0.02937772227491646,0.04050257086613162,0.004763410562335004,0.037073504609296364,0.025315766837387385,-0.001335710581717291,0.05039673780491071,-0.009266168949110726,0.016869628664002774,,0.0266049116876825,0.013946647071882676,,,0.046427202407822644,-0.006335360187023864,-0.015422627076805254,0.018969456231407736,-0.015422627076805254,-0.022521967428780116,0.04230367293269367,0.05640939528578078,0.0024802513850514137,0.028017346675126478,0.0057636297702575645,0.014268185125800071,0.013946647071882676,,,,-0.0017307578737936029,0.01775023391208082,0.027652428929665643,0.0005964135487899623,0.054328178552144966,0.033952588299579374,0.06848340816712213,0.04371555194330407,-0.008663452370912905,,,,,,,
2001-06-01,0.025999486001249978,0.03340358105622334,0.018256913326894702,0.03341705071207662,0.02951877937723953,0.05099761620770807,0.04357491323679387,0.04570540648400658,0.027360747154519804,0.029521242611221247,0.0408849177131108,0.02918126406297951,0.016246274642660364,0.05000260055033892,0.020547038365245573,0.03674583825848135,0.06304054706199595,0.046236353753854396,0.02549499447760434,0.027363519905523836,0.03298829138695948,0.0052638353404315975,0.03030434624147461,,0.04011289841873877,0.05427281271237135,,,0.006604380817206585,0.03871172315342693,0.005117447251468395,0.04924847375975259,0.055853247106393306,0.012527910799739205,0.05042350401864284,0.04387321829740349,0.021198643777339175,0.018977865580838395,0.017320102030580004,0.03377444346728125,0.04425606343254574,,,,0.036807865569909747,0.0370854010182657,0.02563203220435346,0.040512398342542534,0.047207557696823714,0.023965175246035725,0.04324598535820787,0.054367480963093184,0.007459613963055985,0.061453143031533305,,,,,,
2001-09-01,0.0365005905149669,0.048712212221722145,0.03814199594523889,0.04059345187760882,0.0598570930196154,0.051692118958740985,0.029846600317331946,0.037610451413971305,0.009795886139072263,0.045887148498616394,0.05462309587254873,0.04261978395121189,0.03936476852913137,0.06809793547053927,0.0363976457761907,0.0547407182679987,0.017993369450277914,0.04314521274952722,0.02308803554441636,-0.01260420239419683,0.043392504289640185,0.011719189874920948,0.04120094610086306,,0.015499896454995693,0.05043821525161642,,,0.013398238484736777,0.03632369225193679,0.07105522855736789,0.02461749132150616,0.06198063755105184,0.006055321491882512,0.06440509516481285,0.04127723524747852,0.031655804413562964,0.024652661030437527,0.0077386357113629674,0.02853527396365905,0.014292905250200529,,,,0.05086033322359976,0.03283496910870213,0.05930395383746854,0.03593772334717271,0.04205711107198677,0.03595388160052758,0.0631785796700136,0.06379726690986391,0.03072046776170252,0.05787362237171085,,,,,,
2001-12-01,0.05125126810633986,0.060299063570021245,0.04870862419803417,0.05007902680612913,0.05745786978169284,0.055803025523329476,0.03596962583037472,0.05558427496850267,0.03844050032609281,0.04905197655545207,0.07009504386339371,0.03596962583037472,0.04665321263309571,0.05512710816446715,0.048232824565067396,0.03596962583037472,0.03080218036752821,0.04514257541130282,0.04400413912412631,0.03640454875275258,0.05972906179330621,0.033931825889832165,0.04308581046361954,,0.041606262067651716,0.04514257541130282,,,0.0378069025599592,0.05422989776535621,0.03362104788858045,0.057416448607990625,0.06382439403769262,0.039369839212604126,0.06382439403769262,0.04663341666284771,0.03841368688431886,0.04100853372223066,0.062077791690287445,0.06184463097085424,0.039369839212604126,,,,0.05708648056595677,0.04090126670597123,0.04514257541130282,0.05150211881575511,0.05532507196193673,0.044037588782871145,0.06384701988374034,0.06382439403769262,0.03345589180430489,0.05558427496850267,0.06837074441922847,,,,,
2002-03-01,0.044355483326763305,0.028390393678416847,0.0510783248761701,0.06284890471009033,0.08534240083312912,0.08857525673965788,0.07737401917479272,0.04159795495430579,0.05030629414646888,0.053126437277855126,0.035267757919435164,0.019050355946189566,0.06837033935129938,0.04781352107967909,0.039887093989900334,0.0773461175412207,0.061658766637254545,0.0810886369066086,0.014844719037142259,0.05093728139361956,0.08521584192654708,0.06481398866837,0.03486316860863799,,0.027156794103645802,0.016195143796464927,,,0.09729463711279192,0.06775418071443218,-0.012842253918790276,0.028834500338789093,0.0855097222226366,0.0028567611671010554,0.08670243344524528,0.016587531081576446,0.03829988532759313,0.012709119994865091,0.048184245370780365,0.0885213043442384,0.06602333605690033,,,,0.022764905256572075,0.058368941565125995,0.07936632015126277,0.0798187144188403,0.07450196914753167,0.046564704092563546,0.10153506674203167,0.09746968040608228,0.024474684008480296,0.0366454106073284,0.12498880046245461,0.09091065389087938,0.10058856320308984,,,
2002-06-01,0.02918209919591509,0.10187906783562035,0.026366780622503496,0.04029988424206514,0.0814217550173936,0.060483304888430595,-0.0269699575102454,0.06164746427888425,0.06056317325104327,0.014156069819533231,0.044260927061299096,-0.022209174176929553,0.04712168085505177,0.010295507360399121,0.03725443961355349,0.07508396642016607,0.032380785762520216,0.05353649135642948,0.03410179590989992,0.0591102300697565,0.04643395681695225,0.03344561835806189,0.03141836988828315,,-0.02694477595499479,0.05328791872467494,,,0.059943462577597396,0.030973964032953293,0.06310340302773908,0.00911531241646336,0.02989008253870738,0.0055134770014019395,0.09530556800551715,0.0182438499188921,0.03105121548982197,0.024961494136457315,0.08271865799334502,0.07207542906724548,0.0034303409175389698,,,,0.022853521634946087,0.031211905768863075,0.02410971785494781,0.01692744694330593,0.04855419149042721,-0.02924290903871547,0.08700999279231258,0.1090180536192455,0.012946773787619981,0.10955693688219968,0.09636613058389402,0.02478443917348251,0.10173066132038949,,,
2002-09-01,0.07802711035823542,0.08703990591062587,0.03454319609683073,0.0410319244181745,0.09197758999793805,0.06040905047767448,0.0673926246404274,0.03773692004545175,0.048484578366576,0.03908103692640797,0.06749611505031797,0.07181813853283561,0.0658970426446355,0.031027646274450555,0.03304242366020559,0.07032654670890587,0.025880380400375956,0.06078775481414711,0.05854788307471402,0.03675573018212246,0.06127136085209345,0.0017760189647416747,0.019896181576542864,,0.05825578470083828,0.0498344576908735,,,0.06391870156131595,0.06326781903514735,-0.010239404510987352,0.032021627821539805,0.09118135956997336,0.040249857682588215,0.07629601136701906,0.03541119649410468,0.0264286460162844,-0.021581652743652518,0.11604815042141307,0.09385483372258416,0.03949116266835004,,,,0.09359860046942955,0.004441930004517378,0.035149863535766254,0.05765515486106726,0.0765274257223749,0.015162453019897854,0.0761803526144088,0.09913368627454744,0.05425331495021087,0.09701012859562615,0.09950212620870105,0.06947262665582535,0.11865761972468437,,,
2002-12-01,0.07021267864842969,-0.02816359956708912,0.027913042474702145,0.03522050119699353,0.05956000018879695,0.006825844159120551,0.04179196670784439,0.034058440970979695,0.029144661498780516,0.04805591288117834,0.05312452409690783,0.05940082797772004,0.07374422842049695,0.05557493368525351,0.03431166626655093,0.06314509837234254,0.06794790666194318,0.08766404650000659,0.03630677989105651,0.039439768319773666,0.06491675368248134,0.04474461241136979,0.02463938913156708,,0.029962784543143803,0.0017211370981072384,,,0.04165109390159093,0.034440664481308274,-0.0006417582532221796,0.015892166122518037,0.10056238718418906,0.03453423786721869,0.03899597150303656,0.030820342957802956,0.011777636847205512,0.006610695615109962,0.11276219131772042,0.0876981535625486,0.034480552488163875,,,,0.10118320475216085,0.03538522197537239,0.06698086206608557,0.05117013772304306,0.05876707912719524,-0.005813453579751923,0.039700488478370696,0.09839567384118159,0.007048593782838864,0.08890611299456298,0.10475114029208431,0.04596508854742162,0.07410188273648367,,,
2003-03-01,0.06774820138046808,0.05431664200731342,0.056506816279211045,0.03320595057960246,0.05654502416366799,0.03215292178655867,0.05222371678078604,0.01650772720234033,0.05146006294282231,0.0407624725831933,0.048112135311311276,0.027013764646850832,0.07268427323953462,0.024028559846899084,0.043582257518827223,0.06125950770340734,0.0273846613362732,0.07484928492488259,0.07554512921646075,0.046766403634814734,0.056445100303959175,0.022887154114350345,0.025462669298465218,,0.02307188477495364,0.043464048883574295,,,0.025065806761337607,0.008242019791842508,-0.03437286109244638,0.012669440245724901,-0.005218835798219539,0.03764521017158637,0.06026093091677269,-0.0337297529040251,0.022026235749954687,0.016615311828320333,0.029963974643899063,0.07220885037023417,0.008296019166004791,,,,0.11411489797995848,0.034683578704174246,0.049992709773459175,0.04289572020028402,0.05977043607662275,0.0870171880874449,0.05000505762839327,0.12123093261548697,0.03597831151600107,0.09929674932098057,0.11303783018572149,0.05153787686666001,0.08639489179149337,,,
2003-06-01,0.04009456933158236,-0.02354040676165017,0.05453760920714041,0.04070562191162959,0.042617284924641174,0.07044921600323845,0.053285288470362284,0.024026956560375547,0.049713178828976606,0.03846455867839882,0.04716341947376787,0.005861658388992284,0.05477307333787964,0.03573126636130868,0.050046417726994724,0.04167134437798298,-0.005213699567633292,0.08436691862496834,0.04205308802942362,0.03840643125946094,0.061413141155241394,0.042766103272655724,0.0489320150056002,,-0.006599941259563985,0.08598816191841063,,,0.01446673790994912,0.022675905613463686,0.03826399604418523,0.021540741433162123,0.07634536306329051,0.03096782267068035,0.10287955484609176,-0.006291607773671784,0.01453804766186094,0.011451994310394316,0.13087648953201986,0.06710260156322627,0.030839825164908727,,,,0.12007826871026338,0.05665055540446815,0.06558141656193697,0.04860515172743519,0.016713025218514994,0.09974256914024161,0.042297341557869496,0.10078646107230631,0.01954752015709816,0.11709105554115587,0.05255663764947041,0.06460032992220986,0.0848496407712962,,,
2003-09-01,0.010550376994043618,-0.06448486370021005,0.05777379748499837,0.031312900456782734,0.03448434110414816,0.06883609767856516,-0.034648193157316425,0.016833062493111728,0.0464001184465553,-0.01528831799425384,0.03748092774060952,-0.03832396934163027,-0.0029834818950560033,-0.003443598876594128,0.02994639906853843,0.046449581594815395,0.008892780021924007,-0.021744207119469797,0.03784865999946854,0.04394125360018119,0.031078886272539536,0.043474235183390136,0.02993605148225806,,0.01743800453314934,0.0339585664950356,,,0.07647928955495302,0.0309751330659387,-0.037718679792298586,-0.016254668978896634,0.03176436678519206,0.01066714620825387,0.08544879517783234,0.002148902584415196,0.013928904656471319,0.004829791516232183,0.10617000385430807,0.06515170481818995,-0.0002133830526052669,,,,0.03424100559982012,0.05071967586351351,0.04309498023051182,0.06034393968049767,0.03150148013881437,-0.00930978929864823,0.008757545254685637,0.03542854332255533,0.018676630047976452,0.11062862702717255,0.048242058955153336,0.04225914892350236,0.08413721475131783,,,
2003-12-01,0.028854985183535332,-0.032246158666158604,0.02057637958650326,0.012812111733504251,0.032907464725098236,0.04461257964816277,0.020814925168763213,0.02909826877121364,0.02990973818606118,0.02600444677668934,0.019663138820633325,0.03022555123174665,0.026729298358973655,0.023623325515962856,0.03066780267002128,0.026669046046522527,-0.010684088866173645,0.023292864098094786,0.030433477303787256,0.04727777837418496,0.031236579133935405,0.03197671933728968,0.01367887703740854,,0.039584288637476324,0.05574522819795218,,,0.05943741301122718,0.016866948844633398,-0.013269969274977334,0.017923206203041882,-0.010314120350881216,-0.011326629680744492,-0.0188025779336406,0.008370417395885182,0.021931396559784187,0.025114734572683338,0.00856650342603551,0.045685700962639395,0.016213190531455802,,,,0.01642146818771253,0.04425998490911145,0.06790540232730677,0.049952524024908414,0.018033915435382065,-0.00034542209619729363,0.028090801864695106,0.02125497568503757,0.026510830917533014,0.10333046495664382,0.05533067426386595,0.00912892367310298,0.04549054770306094,0.027764161219678583,,
2004-03-01,0.02798493422537921,0.007847287754707728,0.025118453220804218,0.019889213630775542,0.04665663822008532,0.029182978268450687,0.02849434892200982,0.020612794460205447,0.031281178565459665,0.03530791032558293,0.029615433918396283,0.011014902651880057,0.03174227732709712,0.029615433918396283,0.03047127876169645,0.03646899968415026,0.016920584067482276,0.0014868562567691898,0.029615433918396283,0.02766845874642486,0.021268621097090632,0.023341220642145527,0.017014291612303212,,0.021571094559949662,0.014839590520576262,,,0.02220807643467838,0.02232256450164693,3.184192234907133e-06,0.0011806660578746295,-0.026830787118115994,-0.013819032785437961,-0.025942487445739706,0.00900745872316907,0.02118909823989412,0.027547132920065363,0.07740728743763861,0.029182978268450687,0.007850644854344129,,,,0.016863134925363094,0.04469027686976639,0.023663710959626917,0.021571094559949662,0.00454513790357293,0.005267327724926114,0.0392090017308107,-0.009305181132609421,0.0283358453312806,0.0831970963045315,0.006425129326328859,0.027950323704245217,0.04651435590430842,0.023285542500972648,,
2004-06-01,0.013575164435152555,0.01863158730315171,0.02527451830517948,0.019667170911154674,0.017846708366733025,0.011458923012979455,0.0035972665379873175,0.02731614833207825,0.03178234295344194,0.02953817246140008,0.019667170911154674,-0.00915858860660366,0.02737066091530001,0.0209421852571066,0.03250166803662983,0.016621293987516047,0.0166858339363684,-0.013490893730115694,0.01863158730315171,0.03022347365413276,0.016149362048710456,0.01601463353687095,0.022123895494568575,,0.01863158730315171,0.003570073211524551,,,0.027511804180254416,0.01757918909025118,-0.004388340685334188,0.0009137110496982913,-0.008851299142579603,-0.02489226319321383,0.025694565817219416,0.013097241123482883,0.014831200112171464,0.021224497209825412,0.08116112563536333,0.02778013549176055,0.024838277274734682,,,,0.011749014303674121,0.04369710993025335,0.01412110782739669,0.019667170911154674,0.015165841750916564,0.017893410936120877,0.013346842807985483,0.025857616626484826,0.009037840794787984,0.08116112563536333,-0.0025285954379096016,-0.004297322437616817,0.04601339796251001,0.03685031003205131,,
2004-09-01,0.027503063591278055,0.02783846373961001,0.0015944427994493229,0.024633977368273413,0.007353368584101011,0.02268335467569261,-0.007130744420564242,0.02700445532311113,0.03875306503404213,0.035535647702014006,0.027005390280503833,-0.013899419314607107,-0.010660273958205978,0.023486129746336515,0.027980694925654748,0.029129516936528405,0.042002131593025814,-0.006088221103952885,0.02209910155344339,0.022389241157915532,0.03423132221700695,0.024155923512015617,-8.928634590259796e-05,,-0.0007812183366316452,-0.010303688658092473,,,-0.027125563819291952,0.029370046504627333,0.0384259406595454,0.025494668104417917,0.07868397399361066,-0.0431729263625239,0.061654057627159246,0.021359530817185828,0.03718124724037961,0.030603915275606512,0.05747579077527494,0.0663681480188321,0.013363325140256312,,,,0.014641418824946857,0.037398322849408576,0.022716462458162286,0.028141861854413967,0.01695097786814645,0.01199263434246912,0.01873656468030639,0.02608234850189706,0.021757599210570813,0.1032718355361136,-0.032859681157923454,0.0028309659009180853,0.06023321194642248,0.02396955898456681,,
2004-12-01,0.027059223937075903,0.020129105239855373,0.03006474617062934,0.022324007678446844,0.027867060045903443,0.04319974810955125,0.00788147396311105,0.02537138542677398,0.04274202016822558,0.04917395187493513,0.02734841720223255,0.028068408885038754,0.06876626763946285,0.027784152765876837,0.031773409866481576,0.03187523214960273,0.019481146896039445,0.020564857842703736,0.01908423559109128,0.02765210436917898,0.027513524057159552,0.031343510876606556,0.025685918731105734,,-0.011994112856762128,-0.010666077019848206,,,0.025455143158931024,0.03712804365046464,0.05841403116287061,0.03151400462064243,0.09559739685197892,-0.01911321572957211,0.04672732332608958,0.024667759621065613,0.03896371893633471,0.06326336539361463,0.08938927131627958,0.05851943573719816,0.01996789093644872,,,,0.04466594504169307,0.029085025204793724,0.028497000666456638,0.016879959047803168,-0.00720642588995849,-0.00016808462621481615,0.034224617643018075,0.0029055252109683968,-0.003770386348699188,0.1045034745750662,-0.02010821514493431,0.014457181671655096,0.06914329424235761,0.048079154068597904,,
2005-03-01,0.028786906257509213,0.01453055106814695,0.009388024854577952,0.02616724192696508,0.045837540391514976,0.034999596319915914,0.017106780556572745,0.019523781748024095,0.0302033085345617,0.039481505486394404,0.010049410522984607,0.02517649785406375,-0.050495888203072194,0.02922248504520462,0.03310237618066939,0.046299314031245,0.008846275968157423,0.03568068865001166,0.02895101288492081,0.04557400094511337,0.02861794588491953,0.031612318157092395,0.001965739291232677,,0.02901682796834209,0.011477893959479525,,,-0.02779251304488194,0.045706166292544655,-0.026990409747804027,0.013038191677721715,0.07441020231681984,-0.04659999817300173,-0.0006954535426911825,0.029136142257725307,0.03781252102296602,0.01688841128976081,0.09246917220759834,0.03922113924849712,0.003040982570668744,,,,0.026960852180357934,0.05419536545032163,0.02935795934639257,0.031579030809910494,-0.008945563823916272,-0.007478403364001665,0.04067713515024993,0.01022527060296669,-0.03530161497229751,0.09929917982739177,-0.00952008076624285,0.02212074782273895,0.02857749874138627,0.03203724131836027,,
2005-06-01,0.025327512978372827,0.024262789273951285,-0.004249596652033726,0.025211491721085798,0.029087192827281942,0.049751832964916955,0.015088226419175406,0.05411463653151151,0.04116201137009608,0.041516462200743384,-0.016153875818053068,0.023652336444129597,0.0364009463417221,0.018021843396342253,0.03330048045554621,0.05321293101551552,0.01260848838810576,0.055499272587753744,0.025410707684704437,0.07095484155895736,0.02508419106556319,0.04192491453229121,0.01672543854469316,,0.02529727971403866,0.01334287732666317,,,0.004745753316682394,0.05112844970972825,0.07603242055615467,0.034274078897232135,0.09205418033796295,-0.01856423046279031,0.017760908870768925,0.04855570495920216,0.03436084439035477,0.016861711147648412,0.10919717941533372,0.04916332242218598,0.017847548600436712,,,,0.049991093651247036,0.044181080908435255,0.02511972238416901,0.026439339062715738,0.02481181943431974,0.004940400336016467,0.027195751043369607,0.00219324819049527,-0.024662428497138435,0.08539827458700673,-0.047812407097679116,0.03203952060860402,0.044381982435770864,0.04016899765477453,,
2005-09-01,0.03089550842679906,0.026596525409602043,0.007983113610242898,0.03672239503407891,0.04138909198185375,0.001144877268888003,-0.005788879739469474,0.034607045768001554,0.03646343308505305,0.04093292533274886,-0.023877432272711,0.004187858417611021,0.03125133062126005,0.002776293289369793,0.02745182637920668,0.051051664362609855,-0.017416086929918105,0.032370712512064206,0.03080158221670879,0.03479662848148667,0.02782183618445595,0.027943534334437872,0.014377509286632742,,0.03657732955028032,0.014986609456353394,,,0.027467026842198133,0.02881794934069427,0.04065901765341705,0.030582062493959974,0.08831928262574479,-0.027970556295708632,0.0028432211393202393,0.03663203892136214,0.05038613413844198,-0.01762813628466525,0.03133890412631642,0.031769387715585524,0.03273934230620726,,,,0.025848998439239452,0.022398907293770656,0.04483783816618522,0.036545257568534224,0.026182172600781536,-0.0002854972252120906,0.022326444900369714,-0.00026649608440681814,0.014031657642805548,0.05851272244012475,0.004508798133377738,-0.02064192584761395,0.03493417674485905,0.04852274369009295,0.12728189879286295,
2005-12-01,0.023822653374993025,-0.018103312632516712,-0.03581633574490017,0.03182592351228986,0.033592396369465115,-0.0073795441198020685,-0.026718245034120288,0.04568746406197659,0.03973935913446482,0.02467545305122448,-0.0035219071059437086,0.0018705819638642463,0.027185454013900167,0.02722550694010933,0.027510171449176352,0.030384569541145715,0.05590110910441475,0.02271719744506843,0.009174063006719503,0.021347284791768596,0.0264465986443403,0.06411045825549115,0.02792082667045753,,0.029733539592772213,0.00790223547714375,,,-0.018623925667096405,0.02876132638637362,-0.049276405963287986,0.02963942098067441,0.09661339052462446,-0.019653481968578513,0.014096365301106894,0.04411419025488578,0.03314092004974319,-0.023205472465456543,0.06059541386244322,0.04140318647543374,0.01954865148241813,,,,0.02349345923353449,0.018698632498712925,0.06301554776320423,0.027296822508150076,0.02584764861263732,0.01926882015970917,0.017752882053250103,0.02200192612662694,-0.004816871997121122,0.05885522705011282,-0.02655480563445772,-0.029818350428796964,0.05615295370475492,0.02907657886528774,0.06534387241028253,
2006-03-01,0.0340723349723184,0.0033972937190164193,0.02915398085414675,0.03368859175206471,0.046749942413676526,-0.013735131299602082,-0.005399250931165172,0.021914904079439426,0.03747899515578898,0.014388870591954971,0.034697084572410226,0.01776319659187387,-0.0033729613016673164,0.027940461101193914,0.04358380349252945,0.024081480715271535,0.0351213394581509,0.03232661134400767,0.029297996658985033,0.02751823615717128,0.034683870469596464,0.04178532323123835,0.026437360730069463,,0.03407158323270566,-0.006128295276501291,,,0.003916242119166313,0.037539789721621544,-0.04164151699678343,0.05299539815089054,-0.004182635599447173,-0.0036160456740579345,0.015467911081862731,0.04096705856585013,0.0340120880338205,-0.025578734961543444,0.10288530023887542,0.04202789048519942,0.029826624488811695,,,,0.02200538987984023,0.02758394152629563,0.07686480746623447,0.034816236590198016,0.001508368016602693,0.01396115511914443,0.03079459154001477,0.028730602197780408,-0.005323759485928766,0.04020712229294404,0.0033972937190164193,-0.00048781270931716085,0.04392791611670971,0.030398047099193123,0.012010056967087304,
2006-06-01,0.03051539763326023,-0.004314466915566727,0.026695956233001857,0.02991254741050178,0.047956176986024016,-0.006359396971659516,-0.0001013610859313717,0.011558007714993315,0.033321087381909885,0.04477372733711197,0.02992681336049042,0.029349494601973905,0.018887389256196804,0.02611599766354997,0.03779529341974799,0.027368053791474393,0.02131131877796546,0.05510211005120323,0.02669131727586706,-0.0017067745284457317,0.030201279435213408,0.04967772350360448,0.03721093659123802,,0.02992681336049042,-0.02693290335537685,,,-0.02192313789973702,0.04448399671752723,-0.011315144845650495,0.011658648105883516,0.0032523162271880313,0.020105992509601232,-0.02613257059427328,0.03500558058631215,0.013933198484763031,-0.01461739469521906,0.14250145328205363,0.03408873982854942,0.010072908776333591,,,,0.040111866936393466,0.01669826254924441,0.102386576849225,0.02992681336049042,0.029498823808205257,0.031179318442893268,0.030747746324193786,-0.01843709502217083,-0.009406030954416769,0.045306363008000373,-0.004314466915566727,-0.0001013610859313717,0.03397336168101214,0.047099732436077776,0.055296801700927434,
2006-09-01,0.028911611534962557,0.0012647658873554902,0.018805744096474505,0.03096905505712795,0.029193415266190008,0.03619521562595465,0.0013324655295327988,0.05792278379114775,0.03325644560624377,0.0471233629782464,0.03160233529988336,0.02906278747413281,0.027130664677728924,0.026075353875216065,0.01740176255479818,0.02649484612681167,0.03441118826552422,0.038601092906096014,0.027668791600747256,0.00867466984467668,0.030028631645542554,0.02483267516667208,0.03312264393802717,,0.03096905505712795,0.022833679137129706,,,0.013402630541457135,0.03500051746684473,0.011288525028633749,0.04677659679192801,0.010822160376765349,0.01606237355291659,0.0778746685072288,-0.02187999949978801,0.0366913549733221,0.013547094298711385,0.14570291616572742,0.03337796204065184,0.004081133658308431,,,,0.029545348498395956,0.028264407289710337,0.11250111320154906,0.031174496272905763,0.022325912209919817,0.05016053026031475,0.02526052656769644,-0.0007510573784903744,0.03232207186803014,0.058284760837192036,0.029513362680648997,-0.009311041889698897,0.034979556465706635,0.04308940938896295,0.06528731176152561,
2006-12-01,0.03069473777800561,0.008664384834244584,0.027841374522552073,0.008664384834244584,0.03192039715129525,0.027116583939988177,0.015611656360929614,0.04215811594147903,0.028708726735318667,0.053726783082680266,0.03069473777800561,0.027841374522552073,0.031104527378517436,0.027841374522552073,0.03069473777800561,0.03069473777800561,0.03291617409504254,0.027841374522552073,0.027841374522552073,0.025268530526088042,0.03069473777800561,0.035875194019998,0.03239345513545027,,0.021794556153329137,0.03392063699433068,,,0.042639590030013684,0.0321426876061985,0.00015459277226565938,0.032617662239371854,0.025494476545885127,0.035624996485392614,0.029392329894624102,0.004741892110289485,0.03258650163767962,0.02474711173627031,0.09648218032297609,0.04530066504062905,0.032810708741601205,,,,0.014332437467588968,0.03258650163767962,0.09648218032297609,0.03069473777800561,0.021794556153329137,0.03095633058162732,0.034283536878304245,0.02128506878925568,0.0345322737749277,0.042427283568964635,0.029965020135227748,0.03150575605111047,0.06215845578752138,0.03266985782033863,0.07770318533732631,
2007-03-01,0.008732657405878867,0.02710589285951622,0.03062667288111072,0.00860485953981871,0.01857675567424841,0.03549938401858289,0.038387456913706944,0.028796347805420296,0.03265685255825986,0.035501217649186984,0.025633552801993552,0.02192418055567816,0.03358964248827804,0.029627097351947962,0.03228989978114252,0.030253561632785825,0.040377271259774694,0.036187967807076594,0.029453295236377804,0.004070280091714506,0.032587229676277085,0.044943317772677564,0.037264863032897534,,0.02716379742817275,0.043322872976821795,,,0.019266980065379666,0.05244375796604295,-0.017734354742587482,0.04031708519177706,0.010729290384741534,0.010632306631319692,0.01103870136280859,0.0030791858804980867,0.03621957732015232,0.027348992717716993,0.09118833073387043,0.041805481941037934,0.029559236747207847,,,,0.03038384938387267,0.03485407743364001,0.027989946130948472,0.032587229676277085,0.02132947283641742,0.029573150905905773,0.04218071059381506,0.021568397782494992,0.06244639528378785,0.0683736171754332,0.038845160159113754,0.054077442687753406,0.0643097085048972,0.03909747681743094,0.08636300004820126,
2007-06-01,0.01519769980520788,0.027313708716936214,0.030685543591446856,0.018911878358105608,0.026225283008009505,0.04062439599152364,0.0017040918405400829,0.04534461345092109,0.041593742727475534,0.022273229201591187,0.032786689630201184,0.012183535140357549,0.040984266570245065,0.028792983246531977,0.04556150514735848,0.02645041843959218,0.027300972572139755,0.04588408419036253,0.01592317986294863,0.04031198882742414,0.0307085751507222,0.04686141362041587,0.03283628925715076,,0.024991109438784773,0.06174729753127498,,,0.015556048326909057,,-0.032351778178804705,0.03535205542542806,0.06348152814321911,0.04934848608804344,0.0621981189277472,0.025770783643370553,0.04230171359684962,-0.0004288435941395124,0.15073769375654014,0.040777900001683125,0.0034742023291685128,,,,0.032039156412698354,0.022903682120942497,0.12368369642691933,0.032106088936961534,-0.0032823761857487576,0.022645454011864862,0.04743889291431862,-0.03418774474498024,0.06107779002916003,0.011050753957728417,0.04514168456812766,0.03375022591927783,0.0665419703828127,0.05159713625259973,0.09538624007128008,
2007-09-01,0.028137710105428697,0.028645600693295154,0.02813261378273718,0.025117416398691115,0.02560271671001666,0.02690804347335092,0.022609420532557174,0.036775344579850724,0.05040192119652349,0.03586768820836717,0.02813261378273718,0.027823690915062704,0.028737580732134407,0.027746890917538486,0.03307309772357078,0.028621952271717058,,0.023791900496640546,0.025669441548617212,0.0360251457925385,0.028755749321950727,0.05372550954976826,0.036087862479382886,,0.02434201380343085,0.036756567794918565,,,0.03295400489474973,,0.07099815788929408,0.038339483555857326,-0.011313191881156738,0.027724110180540912,0.0406823580808926,0.021382560370425078,0.012568327020673963,0.027421030383908893,0.0911019466234654,0.036087862479382886,0.03510452656391414,,,,0.028788016617951846,0.028518536476307428,0.0877624805038594,0.028755749321950727,0.02557418079975995,0.026358016016609424,0.03196174996941542,0.008637811617459865,0.05242194726013287,0.04043488535986559,0.024365662225008945,0.04526382363941996,0.0896900685369145,0.03333619012090832,0.06703989126175149,-0.014492371731803429
2007-12-01,0.02890765143122064,0.022146890976591005,0.04173662176838765,0.02539626740067294,0.02937967814624078,0.031169653016263975,0.03435999561376221,0.04490064419541805,0.036560708013033495,0.024578375271086216,0.028123946579984283,0.04173662176838765,0.040067263702275306,0.015421021237606171,0.04015123977161136,0.03614997048378538,,0.021429637475815194,0.012969948735105253,0.034487671248470145,0.03614997048378538,0.03618197045132842,0.04505323851727098,,0.02539626740067294,0.02991644555019906,,,0.028951154132570284,,0.00472439114880236,0.03636053015845401,-0.021561728377044658,0.02203393963712148,0.04111241558213264,0.04599375576987658,0.0314386842777692,0.022438062222235988,0.07492814811473056,0.04804179627972808,0.033119796181350816,,,,0.031169653016263975,0.03435999561376221,0.08067741422012686,0.03435999561376221,0.02568557077219232,0.03435999561376221,0.03984393909430207,-0.012569425591382665,0.03523438677744249,0.021478245502386233,0.00018000944074261693,0.031009913946761915,0.09106403807785908,0.03334639684263581,0.044208579517626245,-0.01928042676036964
2008-03-01,0.030169511296896098,0.030548270091393787,0.030169511296896098,0.02849503624998215,0.034402390681816775,0.029496108811031613,0.030548270091393787,0.025690409563750505,0.04614681934653848,0.041555184874473176,0.030548270091393787,0.030169511296896098,0.030548270091393787,0.03741078731789773,0.03101692646512853,0.0033086492111889547,,0.03589583565973632,0.02849503624998215,0.05710717812068282,0.030548270091393787,0.04083683015758745,0.021982642155708863,,0.026947453379490623,0.03709537656382752,,,0.00603603423087119,,0.00551129807618388,0.029759577352499685,0.0064029983794408885,0.030169511296896098,0.04868002770215655,0.04641554533161033,0.030040821216176142,0.04602392012250006,-0.018253788678551836,0.03590423576375711,0.02967574812084065,,,,0.030169511296896098,0.030548270091393787,0.026947453379490623,0.030548270091393787,0.026947453379490623,0.02981481403003146,0.04782827538159018,0.006282612799124576,0.049023110300295054,0.014137876918353914,0.04789058247932557,0.031062666222212765,0.050533533004674724,0.03531734287813206,0.07334248445529674,-0.01802893968507435
2008-06-01,0.03308740878191235,0.03582200383961135,0.03308740878191235,0.026483358425568145,0.07265252413192674,0.004748754895107247,0.03331245020764451,0.035512924712737065,0.062214627049822786,0.02809389026306175,0.03308740878191235,0.03308740878191235,0.03338557886708535,0.03308740878191235,0.033322125329353185,0.03308740878191235,0.009413085594003766,0.04332526104496032,0.03085802430131407,0.06673177545365076,0.03598359172761135,0.04139444085806539,0.043394793745519016,,0.026483358425568145,0.043231098366429174,,,0.015114684640803991,,0.05737670620844642,0.03356785181069028,0.013471541339194692,0.03306657802865299,0.07927388881895531,0.05024600558256948,0.037888079235679634,0.04548645771080458,0.036663608961601236,0.05933390107532694,0.04220223697130118,,,,0.037888079235679634,0.032556477948615825,0.03308740878191235,0.03308740878191235,0.026483358425568145,0.03308740878191235,0.039672054490294,0.03380359976645831,0.06244934359726362,0.028225681827976697,0.0433855533542756,0.06586657215663706,0.09034277780918128,0.04407843449498459,0.08195399495578551,0.01869415647655449
2008-09-01,0.03128229984894112,0.03128229984894112,0.02999970573080841,0.025342243822334253,0.044319555503740886,0.042258017049107456,0.0324903888790887,0.05283873963083798,0.03811925754817659,0.032460641322034973,0.02999970573080841,0.03128229984894112,0.0324903888790887,0.03128229984894112,0.03282744562692837,0.03128229984894112,0.013312804579291744,0.044514354188468185,0.02999970573080841,0.05259413234141864,0.037517208006009696,0.03845631429601626,0.03406400037509667,,0.0209176461933343,0.03710735659415376,,,0.07049059995898882,,0.02842362999957961,0.03222169765707254,0.017843118281926765,0.03128229984894112,0.05226761156189566,0.02773465138910869,0.03128229984894112,0.05754637362586579,0.0057452112756056885,0.05343633944108435,0.03985181677188731,,,,0.03222169765707254,0.03516684179768796,0.07095260351652977,0.031039652974924944,0.0209176461933343,0.03128229984894112,0.04257090213812191,0.02929147469829851,0.039613665784628264,0.008329247809213468,0.040439061280672164,0.05408311661160476,0.07320315023595061,0.04054016881579136,0.0689123807921399,0.023060474128667102
2008-12-01,0.03119643543426819,0.031456600534342065,0.025766221311790054,0.020294328514377333,0.03220789257672329,0.04080517169156346,0.03421359632403065,0.0592264608436831,0.04547652543761464,0.03558971835416604,0.01972727366271667,0.00672376152148413,0.034458237614195225,0.03119643543426819,0.04356707582041474,0.030630120902503413,0.04157066582971069,0.04479418539794581,0.031456600534342065,0.061930024972152595,0.04796657706191887,0.04233128162977253,0.032143096167078763,,0.019987438762790573,0.04447962842876448,,,0.025592900264229813,,0.042453685099338265,0.030942936500799784,0.012027338022519122,0.03522334167956881,0.037168837206639965,0.04317629834534688,0.03119643543426819,0.04805497539174256,0.06477293539928987,0.058319783020282345,0.043658437865804235,,,,0.031456600534342065,0.032752588428670584,0.06700250949406644,0.03176349028592888,0.019987438762790573,0.0377033737828865,0.04010287349851897,0.03812919718922452,0.045724960952681616,0.045344625014286453,0.03899856276613377,0.05796093254618513,0.06380702596865037,0.03996761922323853,0.06477293539928987,0.03038043417141024
2009-03-01,0.02852931370288325,0.03028611907483173,0.02852931370288325,0.019726474604570537,0.04329913152566419,0.057109135675333635,0.032805170234587976,0.06808586424905627,0.05150100645596317,0.05567782901848496,0.0457661745678788,0.0121836903759723,0.03335502861949923,0.029906674598127642,0.045382538045278246,0.02891372973908407,0.062043466432905904,0.024673066426208916,0.03736325086399648,0.05559819543079676,0.047135513860290267,0.04593996370358704,0.04065505145755574,,0.03621277035367185,0.04201875441732362,,,0.05924923211810104,,0.05298976134242042,0.046414682675773505,-0.017179355625245665,0.04362552215342998,0.050167398485411165,-0.00137339060484711,0.04543914412569181,0.043678156991513666,0.0985067445144743,0.06801958537144766,0.04113980083906414,,,,0.03220919071330245,0.04248304756317148,0.07712533667236313,0.027465839543305833,0.036524765744512945,0.04546637888639005,0.03917708835966265,0.06543354738148552,0.007340589616756975,0.05388709484887377,0.05100315348987355,0.0765823160973363,0.09001315326834462,0.06448387815277254,0.12662048729788553,0.0518814480904427
2009-06-01,0.023889863584005216,0.024176783467587816,0.023122649491175457,0.016136020720687073,0.041171704809184695,0.0581511435797275,0.06274173553607874,0.0410695253431381,0.022691707664068864,0.03651581558753639,0.023889863584005216,0.03283646752734647,0.07640756443812416,0.018164040705130967,0.05461445212352297,0.024904040157319993,0.03107886882377856,0.017638728393659847,0.023869278963642198,0.05582301230002761,0.04442585484214827,0.04285121071991385,0.03725686201948544,,0.02357889623846407,0.0614387851015914,,,-0.023889803378727766,,0.04841202601241732,0.03499712269980697,-0.02754243032979429,0.025898071140677874,0.03435479681037659,0.038167303091439043,0.04248517993144586,0.0381564724332793,0.1309431336914525,0.05244296826946427,0.03892890094703843,,,,0.0536985445487313,0.03733710436593774,0.023903044777585647,0.02239099702669647,0.023889863584005216,0.03191226049209448,0.05424836747928237,0.04490923841170199,0.04038592316142602,-0.009276999980571306,0.03744931988428137,0.05292327454449672,0.10781042591093024,0.04094694610403061,0.06208232154467849,0.030241158032998056
2009-09-01,0.02894254613823786,0.022712218954587006,0.02894254613823786,0.028911569532683708,0.03460160143800409,0.034400443851765536,0.05790715682734407,0.04351252702916674,0.036647121319845016,0.036459875239443454,0.028902807560581844,0.02590517525563327,0.05306921838340589,0.025215938463556402,0.025977288828443884,0.03179285983628721,0.04392544003078824,0.040316504469571794,0.022751957532243024,0.04314443021312799,0.029596865702996328,0.05177582012613766,0.03359224796582397,,0.02936781283877418,0.03432629135871478,,,-0.0032638492702659594,,0.01845747026380028,0.033351802363919526,-0.015417931332413617,0.021805443372204806,0.03819635081088934,0.032091148812806544,0.023301345896955598,0.031631255550623634,0.037509106487730336,0.05180493645718065,0.03981627265221011,,,,0.026464447016818275,0.03147372051529293,0.03954241169497232,0.025822887590062925,0.01729037067267721,0.0009975680079511052,0.03893066358072985,0.03961880157823737,0.028414122769018915,0.03157787152407271,0.021948736003217343,0.06618768520209173,0.07357316135924087,0.03450086562507606,0.033452502159025295,0.09077995442955973
2009-12-01,0.027331240928061662,0.0426217119791574,0.027331240928061662,0.0282373417899711,0.029962573946838985,0.032979275401511805,0.02743736305097428,0.032684726250634615,0.027195806133917498,0.019789173384389114,0.027331240928061662,0.027004487238459735,0.027195806133917498,0.027195806133917498,0.027764250328703607,0.043259334550824244,0.02526363070454956,0.03416767025153723,0.03132053015978034,0.028100762141006354,0.03170895862751122,0.027764250328703607,0.03815846996529946,,0.03328170732598567,0.0385490080282944,,,0.019509259455665433,,0.03965342664780949,0.029169658065587557,0.002260094545183881,0.04266961837489888,0.042187168265542745,0.029455530717778625,0.027195806133917498,0.04955458294689964,0.08545353866703746,0.05938782426767294,0.029457482100470972,,,,0.028106673025329015,0.031140514432725086,0.04996940504710796,0.027195806133917498,0.02571621460673153,0.009608625774865022,0.04908110314825475,0.032544878320155256,0.030401551394125412,0.05301978715391795,0.02766775274036441,0.07482225699651597,0.08200707973989024,0.04598071760517532,0.08545353866703746,0.01472976232020193
2010-03-01,0.015104170883957322,0.023583816966873745,0.015104170883957322,0.007181810208179671,0.029389923792699155,0.01539967232051964,0.018216765284253984,0.02481801482715404,0.0013413389889480214,0.023390609814210345,0.015653094016082662,0.01573411812188299,0.015181570287429669,0.02308037113956904,0.016374634406843246,0.016618329497452768,0.011691264519067325,0.017209430414013224,0.018960967679045603,0.0013413389889480214,0.01683489902137298,0.016374634406843246,0.0236077129886645,,0.004430332170953814,0.0213122188132806,,,0.018185267813832128,,-0.0038702604252785107,0.022132710311136648,-0.02783793593453042,0.023583816966873745,0.0315896271830439,0.03764525959782203,0.023768386818633722,0.024022970823768797,-0.005084493649950304,0.06029638756372824,0.02322864202580877,,,,0.015155977229910118,0.019544935448820758,0.025023531111715472,0.01505344204219241,0.004430332170953814,0.035901775403664536,0.04553221064137602,0.06058067431167077,0.017050824211570323,0.021472049326118826,0.015369377056484224,0.06058067431167077,0.06227098936246066,0.019766542845216242,0.06251354185964522,0.01233925768852621
2010-06-01,0.016474158377913297,0.025690281807919556,0.004659127456816911,-0.00016780624964259463,0.03689647055201781,0.012281233620123608,0.020551360790294664,-0.013869971762974461,0.013301644027976638,0.021977036697151207,0.018152079482666773,0.016569448918708797,-0.010588366316657718,0.015787654841503206,0.013301644027976638,0.01065136210292463,0.025261626455695626,0.03511704156456657,0.019997935002292768,0.013305445650535718,0.013669312130574394,0.011270617109296591,0.023354684207063124,,0.028369791246225375,0.023376754241332242,,,0.011889588977512652,,0.008594050149119889,0.016669488834523405,-0.032818786695590095,0.020365603104890526,0.024145080157589958,0.019520873925944263,0.015787654841503206,0.025785572348715056,0.06600434351161419,0.0645973002037958,0.022546978263237424,,,,0.016937117021306555,0.013669312130574394,0.023816580368815187,0.016474158377913297,0.002182704060818735,0.0243702303630436,0.030432465764212394,0.06005218557465107,0.007358317970049421,0.031958879254447736,0.020231732645918075,0.06005218557465107,0.033216278638117054,0.010688903032764287,0.0427001169963983,0.03693478063653237
2010-09-01,0.01858141480400108,-5.014132873679337e-05,0.01847266334030877,-0.007019211158084473,0.0370435566719268,0.009978700282115678,0.017729716257976706,0.032127450676793616,0.019805685422190678,0.030078541262435754,5.861013495551479e-05,5.861013495551479e-05,0.02114306211903569,0.018385972160307372,0.020532663268422232,0.01647010693232655,0.028239772452568666,0.031554071953825945,0.021831073738041648,0.01883962164479568,0.012196798874700515,0.019805685422190678,0.029169285679127063,,0.0041887253562925735,0.028967347634782852,,,0.025152653296955374,,0.033771403311269876,0.01920606336041441,-0.009631301506295533,0.04411327770347148,0.026559096600643758,0.03367216051282258,0.003874444952906236,-0.009640891292372307,0.018493854208662612,0.015912907257051637,-5.014132873679337e-05,,,,-0.0022682399213216358,0.02186568535030414,0.018226383182911293,0.04430872034716519,0.0041887253562925735,0.021824928834352275,0.03982609170871536,0.0627601472226276,0.01293445115007993,0.02534162455658421,0.020691897617670638,0.0627601472226276,0.0536340518379071,0.02437538203961777,0.06053605883469131,0.05667682376426217
2010-12-01,0.00854817890674694,-0.014202838259185967,0.019536161341303433,-0.015492371680748296,0.038699783104694,-0.02069440236033714,0.013202536937925507,0.03753314369301215,0.01883881442986835,0.024397871537613008,-0.0005458666595481517,-0.005958354958580375,0.0020042192644135013,0.022209767112949978,0.028818849034876925,0.011492291473890115,0.041070669371464474,0.027138217000172542,0.011643275957716892,0.04168941247008516,-0.01693350670690342,0.05184248986016095,0.037286932956964496,,-0.008452459511089484,0.028883419618757105,,,0.04990269961758145,,-0.0072649897596916676,0.01825109085252914,0.023235413018247327,-0.0047014362928932095,0.04471006339829073,0.050041790340437445,0.01927323827710448,0.10757680608238938,0.036966398708380296,0.08757720413237495,0.02566072672690278,,,,-0.0287911614581277,0.012041688304347448,0.008758586910378995,-0.017506494577905818,-0.010466344471011389,0.06764192353199318,0.056128792858310184,0.0794124188113971,-0.047694244317498406,0.054379427633627395,0.005189274822190526,0.10757680608238938,0.04798617151243187,0.04359159622969807,0.07899690793718409,0.04371811400911216
2011-03-01,0.013450251944773848,0.04640945316471987,0.01526207686893142,0.002835505120448854,0.021900419592554305,0.022845677415635816,0.016373150489797116,0.04328497300840537,0.007360556191287908,0.007532574583516982,0.013021037592006611,0.04033377283895106,-0.023295366865557877,0.042332066735743565,0.03666644924100462,-0.028355129651123613,-0.00725622936746439,0.0491789694070784,0.007150135248812456,0.033695572929620166,0.023291040469933667,6.985102945687851e-06,-0.007044727202768069,,0.0020583549797758174,0.046790239508325254,,,0.04779062350375726,,-0.01767258644007452,0.0165475297311336,-0.019584353261185537,-0.0015630161825412455,0.047378843260873924,0.053375021531142555,0.026232139661900668,0.11057296913382086,0.1015799839957677,0.01633891389416352,0.024466345687237934,,,,0.0015842245855744895,0.001576053850108483,-0.004335881208503889,-0.015301014658789873,-0.0062964648231852854,0.025633568634915525,0.0620615821305055,0.09031942730984098,0.04130427818823804,0.04880383282433253,-0.009751436905298616,0.11057296913382086,0.04807295772149946,0.04045744451128293,0.037948960363597975,-0.03213198866051057
2011-06-01,0.019412812662391504,0.04569074372003112,0.027414230984565607,0.007310403357751442,0.04576624929317189,0.02811072958698809,0.009160873203386594,0.038387676697415246,0.02115138738509735,0.02922907172585532,0.04736069714588844,0.04561023056163423,0.004958270200721763,0.026641147705308545,0.008125679998316232,0.03630113963699586,0.022852556790013138,0.044220322632236256,0.02518410113904865,0.09653121667261974,0.029872881727262303,0.034096254109292554,0.02951148675249008,,0.006168942281414193,0.03039532041932867,,,0.03609988991922358,0.05109334764713822,-0.06136112566471998,0.020792635986039917,-0.013834415623083173,0.02758512140398021,0.03211566370500375,0.027789310988544882,0.03330673850774015,0.10795947822561613,0.10172085293356313,0.027943902013594153,-0.018336800496363232,,,,0.01174676434496724,0.02002787571290086,-0.03176718346498351,-0.010588239597147614,-0.008014624714095236,0.023155676070084372,0.049321151493316805,0.057876856206529,0.013648785432004524,0.04231926490970039,0.002749003895432128,0.10778915897212793,0.0444105993899015,0.02245228454733815,0.02718489532453794,0.0007022976359831149
2011-09-01,0.030744556650646057,0.028529078341159548,0.016391431500682584,-0.000306319792575428,0.023749171781973222,0.02054297764602554,0.008604507548232783,0.04534975350645879,0.010938956199258167,0.021190538404488944,0.014807178832701605,0.02978932408688149,-0.007504689339609197,0.02210318654429623,0.00220371213827569,0.025122994828787392,0.01419938383424831,0.02406897935145043,0.017053516817812524,0.0590102757848106,0.0248601176184131,0.02295981607665399,0.028272286797034533,,0.0006043144942188288,-0.0068470467436307515,,,0.053010725226273495,0.036122041441488055,-0.05512328192728224,0.013877536379805233,-0.025674955491321053,-0.0006926618669190281,0.044717699467367034,0.04892688578597208,0.013184763281389367,0.07352503016493526,0.030103851986363502,0.008640158235202023,0.01992098237803301,,,,0.006744633461598716,0.02000974489740392,-0.000703474559655716,0.012358199292670359,0.0003971776835703979,0.028920016070124854,0.05242408852405021,0.052807938083553344,0.029939423436997285,0.015212464495583505,-0.004843392311204475,0.07262507757246738,0.03438851491239389,0.013962296520498503,0.01964259926165906,0.000851167787143672
2011-12-01,-0.007446988352920602,0.013526703477261459,0.013012407190394192,0.014378791029064166,0.013929910155279049,-0.011966957639759648,0.004925344819724755,0.06515379887006292,0.011487880660003844,0.025616841027927134,0.03392166890125785,0.04950974922143711,0.002735393916329927,0.029518384793724886,0.01839640761570417,0.0232666219979125,0.04032772564550875,0.040846757202020426,0.014072378603330398,0.06830337643577539,0.027564417911182526,0.04446617256121166,0.025001857516403613,,0.004165708723383299,0.0006311135386221297,,,0.03400929291916262,0.037867314950793936,-0.05941600490625158,0.013790431967254966,0.02175627052380863,0.005546275642251709,0.04697091377282331,0.045624051656704016,0.011106621122849936,0.08742648569749543,-0.0019777037502765943,0.0027475606415432053,0.011793872314710597,,,,0.03517233838892756,0.009166814231233129,0.008758245485050144,0.041542699155617285,0.007992001917208204,0.04324805412255443,0.025323315565804787,0.06254715959787703,0.01966096390478941,0.05086797288895469,0.016508958324461087,0.08024272883446652,0.040231135865175155,0.05375339329893251,0.0611023427421829,0.03035443108743933
2012-03-01,0.0120380842104154,0.011457166200714446,0.017395397876159006,0.018131149661576328,0.017194191463110336,0.029517678562175586,0.026087767319976585,0.07196945177468184,0.01255709690682601,0.025337234752384953,-0.02017742096273282,0.021901016129245388,0.032271457250030805,0.042716061283173665,0.042801032462127485,0.012902008652875102,0.014821831436452158,0.014150716369679192,0.04370825909593303,0.05691497246140023,0.030862860115025825,0.032370359246082746,0.02981153071281075,,0.010895519346039932,0.02330925115117099,,,0.004151967527433733,0.05456941282143023,-0.010161547268127678,-0.004150947446627876,0.03618632353265916,0.015173045792843573,0.041845401832484454,0.07569952663483608,0.037443217638774846,0.009096435406202754,0.07873926125681158,0.01829196132024507,0.022040119355430893,,,,0.03172080033884094,0.010440029733375805,0.0362446907749706,0.040837791615494695,0.029447180696125327,0.019183589164313435,0.04983421937553129,0.018938192825519673,0.042448588126689064,0.02315913146025838,0.02442664363718877,0.019875648848159455,0.03640657739858191,0.025623429268431735,-0.005338999380620862,0.02322350342149602
2012-06-01,0.005663003315993892,0.039086214946313425,0.02330299008289785,0.025903272843594168,0.031150612870682968,0.03275134642485072,0.051686396530712865,0.10099455882729416,0.01769702858828594,0.01510580434596286,0.049674543098416034,0.05162750219501287,0.043058618660733634,0.04730769773376432,-0.0015592046180729412,0.01670648191626267,0.021091845730152357,0.01731240676940505,0.020572061327516468,0.12460224189765325,0.04201457531556863,0.04040344632361959,0.05177895261882862,,0.014841464381977138,0.012895304378554035,,,-0.00928814182749611,0.0562914742939594,0.03494550513256493,0.01449140221092197,0.017049620503591788,0.005420066397888019,0.017112802211970878,0.07913406205069286,0.06099116937223349,0.0490826350331287,0.05463953356590428,0.03781482722759444,0.02965559943515052,,,,0.037885900098714356,0.00942347821050438,0.007321054643667577,0.010152053177739751,0.019559590466714048,0.021667508836813027,0.06764944791327483,0.05044809463789708,0.020086786978763347,0.016205443109771265,0.0068088801062946465,0.0619257571992898,0.037670882399924145,0.018421298122983043,0.03946777576115709,0.0260217417962837
2012-09-01,0.009067702861588641,0.03768459236919223,0.03997082487192792,0.042071875953636366,0.018613346648747697,0.04495526323553153,0.01637715125704516,0.04096125612070866,0.015982613447966736,0.01788326263067795,0.013014264220400125,0.030934450538510946,0.01153359436029266,0.03982906112077187,0.011342001801864406,0.016369907914241193,0.01596319990489438,0.017764437116317523,0.014713993536088602,0.05330366013749988,0.043811743078646076,0.04683871727518418,0.015025842208587778,,0.02059017396952815,0.020440880139111075,,,0.018614477924060353,0.08109129479800578,0.04736514319797343,0.012590432955959133,-0.02920926793113134,0.014096771175025441,0.013194090685684584,0.017833994848045917,0.01864356269355325,0.06900404680293099,0.06478022761153367,0.02347528694882616,0.02451776238276951,,,,0.013316200664791902,0.015382745192941588,0.014356594582569054,0.015702327694028666,0.019871258941880906,0.03076358471175926,0.0166666343154314,0.05630394027681097,0.02660967218484784,0.013108142210091373,0.03980399040560067,0.08704929522398633,0.050897668615845985,0.03960344302468619,0.05158317663401205,-0.011335405551786849
2012-12-01,0.0037820128928717305,0.001500083424069491,0.012667177000856287,0.02562711554072126,-0.04811695846758813,0.03709801095295,0.03532773738730287,0.03419476083125363,0.010535808298988026,0.012416526920533475,0.006917558279700832,0.04030739919013974,0.0689027460618715,0.01213411517822542,-0.021340791477103684,0.011299720584420893,0.027147976789648594,0.011665725555953332,0.019419671989341712,0.019700535852249273,0.011895860978601106,0.0025674489252109313,0.01212428108161439,,-0.022362011678777095,0.014050793225944996,,,-0.021257952411076315,0.040291347721582466,0.026978731072971104,0.0129816170073748,-0.029244211874039368,-9.759957542220756e-05,0.015382694286139451,0.020181960943987658,0.043478081468501795,0.027688345362803738,0.03352372998036621,0.011164443324705248,0.013426088465549348,,,,0.010324585908195627,-0.021340791477103684,0.010983183636356923,0.007065739722544099,0.013706031668869882,0.0453156523333716,-0.0032448047651179243,0.02742580688501414,0.022732620159021593,0.04565824352024719,0.02437634110170554,0.027688345362803738,0.0024641346045299597,-0.021753812743713345,0.04340089704806832,-0.0004940584962572019
2013-03-01,-0.027075918193626473,0.006022982068647475,0.014499247319604433,0.02232986033776632,0.009596436843894107,0.053000083772908525,0.036289841648212355,0.020652372846132895,0.012148777851219955,-0.03323605221486213,0.01004630760505124,0.014213535246977039,-0.01446859728506587,0.01955793500486875,0.03126850960138251,0.009911463986007734,-0.0026285600558550643,0.00623663386090152,0.02288608003648805,0.019382076179213115,0.023310988114435355,0.027747588874984228,0.01249634198175621,,-0.007653351352817339,0.023177052363034894,0.061800520307553335,,0.01195204803042921,0.04287345064698175,-0.02395454832032088,0.011579915145409798,-0.03342659290013014,-0.01578661438436033,0.012932764801596133,0.007123246213727744,0.03686113220608105,0.023224968683616645,0.04892947440993742,0.010280022356032158,-0.009720232990404419,,,,0.052131109837596716,-0.012277537976246705,0.01852363111916501,0.009251217445072058,0.03264905563079165,0.022132808231132714,0.06818015304492818,0.03046825568815934,0.014954164418622521,0.005355172081873959,0.020853838581801405,0.0470243115289603,0.005345919517074116,0.04579889300043537,0.02496045232429111,-0.003991008208244829
2013-06-01,0.01580718433079043,0.025698564108969667,0.015313857355547906,0.017150701792657982,0.011188975658884635,0.03039471650447892,0.03978323782731077,0.03745326521106693,0.0017713831598827798,0.015884714026113054,0.01203037986200467,0.05128076809287449,0.0051680570094319546,0.03889938013724188,-0.0020352153835020035,0.011583405979592868,0.011874759515985923,0.010642395475112212,0.008946186530856283,0.014374704943995389,0.034484200442356346,0.028092139160878733,0.010929779666689355,0.01098081356811477,0.006779867957518707,0.033811022778394456,0.014404432349582087,,-0.010847687670198286,0.056588552572934894,0.010669187409093632,0.01708609205627791,0.02688425425623118,-0.00025020593426950923,0.01208824742510548,0.0540950890216323,0.019250798588291953,0.07109194325971659,0.030631514078148125,0.015197705312405638,0.01250666442737294,,,,0.03810337574403627,0.0006420135393270813,0.020952042133859972,0.01314886015654848,0.015229008066688393,0.01622094347291089,0.045704826347822115,0.03358544423844889,0.010179892669031016,-0.024821313217936028,0.0531523355406255,0.05158699426423464,0.01837473269883815,0.04447101556796165,0.02938059412904333,-0.008982877351392107
2013-09-01,0.024176059215041002,0.01982860409325998,0.01960796650589097,0.026605083783383502,0.02394962309050922,0.04058620706264792,0.029617878620907045,0.03749262812104611,0.013142679903756293,0.020291274245740315,0.030008806768522935,0.03485344446038876,0.038157354129127186,0.030015464905694646,0.013938513313977106,0.019988914719824086,0.01920194726838995,0.019557373829977617,0.018917758605741547,0.020667408617623933,0.029105057092622736,0.02942415940415986,0.02003066301883575,0.01753736273122574,0.014086017628472237,0.01337305816409389,0.024208203425283008,0.019988914719824086,0.017950189905801533,0.04637080392073496,0.0229537105329738,0.024176059215041002,0.007815174097914592,0.030880625421619918,0.024176059215041002,0.0449932656509992,0.03104603162029233,0.040726994109387196,0.022609471947750287,0.01998016080880238,0.023959209245945537,,,,0.04058620706264792,0.014126057287526257,0.023286633167106614,0.018887092354680397,0.019621613301543495,0.030528959237767446,0.04236985673666246,0.03749262812104611,0.019664644152665903,0.01650629904893211,0.019939646041367668,0.040726994109387196,0.024215924169894532,0.01921889294612956,0.037972667484464,0.030784110467969396
2013-12-01,0.019003646574654465,0.0066827389077083405,0.01866095529551753,0.01882638818330446,0.019003646574654465,0.05416887382558081,0.044358451133037435,0.04396867938300752,0.0051812458496141465,0.018726793859364023,0.019283050986715223,0.05156443777102324,0.055431103523822564,0.013459316332815701,0.006126109281149398,0.018637265124849586,0.01543370142874674,0.020507214747819368,0.0161193666649686,0.012280883875730125,0.03361437063665774,-0.008419010183707389,0.019093175309168903,0.016761356258327986,0.011299785882251657,0.01147179724744296,0.023633311219902583,0.017767663812453195,0.04699046385457312,0.05408384305428445,0.012642822723573994,0.021181131469830364,0.0039641258136863524,0.04396867938300752,0.020110922817183716,0.05217028296348627,0.019093175309168903,0.054619893600743874,0.0067369940934144884,0.018734738175776287,0.02158297685950888,,,,0.01860475534459581,-0.0005612076207466432,0.013889478356193275,0.03801340289273869,0.005269759663874998,0.017717584767790246,0.048172507945321116,0.03172537136038416,0.019093175309168903,0.018637265124849586,0.03088491680565821,0.026598836577841928,0.025229200991257743,0.005616359566833157,0.057554907196050616,0.0410873178594052
2014-03-01,0.017950196454155833,0.011075160570782687,0.017913049425000667,0.019302277012500955,0.01827126049537554,0.11358677546036913,0.018766551898574152,0.03315690146877165,0.010618622483083456,0.020998053718241552,0.026401706538440112,0.019120857196835168,0.04657519527871802,0.028376293777002574,0.0042263156985286165,0.018703964555674326,0.022497867875065806,0.019137738419262033,0.01731813632916921,0.014790985789204784,0.06047368468061495,0.03438585450116646,0.01790157767306053,0.014897515392861353,0.019071356186829674,0.010436573885291121,0.02086208873099304,0.012942891062967476,0.033311677219746406,0.04522817367106864,0.017426267196676875,0.01916122873257011,-0.018240268144942128,0.03822190653293365,0.021665534506692098,0.025623366361298017,0.018650396794171492,0.024729999473892445,0.0009548142066557783,0.011815006383680706,0.019353366328760595,,,,0.015773033151299437,0.024696264392840728,0.02465387968753529,0.030994741464885824,0.020650766517942568,0.016969186788221673,0.04359478504498705,0.044806333108077696,0.018651173588501328,0.018893675572211867,0.015592222156705374,0.026290473144016512,0.030060317509262604,-0.017414460535372715,0.04547862607785191,-0.018240268144942128
2014-06-01,0.03053238142036468,0.019822951397438057,0.030711175748593188,0.02986604901405407,0.02854545915203707,0.055564406906962585,0.024253221013781336,0.03591516098736513,0.03594984296222214,0.028442172585282626,0.03072941963349643,0.03079182524984602,0.056215053125826364,0.030495720896911018,0.0606112198777378,0.027671961459153217,0.02921134978130301,0.031241250197782178,0.0303499474571234,0.05456367951529078,0.053784552361301904,0.046255850657688176,0.028442172585282626,0.03132272345644507,0.021006084294402462,0.02677109058285845,0.029569708433974065,0.031138768152587756,0.03486500162266584,0.031529111853593285,0.0294237302835674,0.03234086367585438,0.007919366745840845,0.02973004658727054,0.030414029965469765,0.047103031330075824,0.030834738767053074,0.030968485660873624,0.014437496818779195,0.029291356656056058,0.02895387181961123,,,,0.029135335139588426,0.03810123780568329,0.029517692932060406,0.03036028471799188,0.022220618476345228,0.028518559941653015,0.03170509183818641,0.03166848003335298,0.031258203308803356,0.026538676984711282,0.030968485660873624,0.030968485660873624,0.04105879721366318,0.018347096713202657,0.04282181037062328,0.026492901958236042
2014-09-01,0.021804612613932732,0.03155195041010597,-0.014142017100526396,0.025848511862251282,0.022176668112416753,0.05872330836603618,0.017886431082269425,0.0449955495848051,0.05970268070151316,0.02229564726097065,0.023234325391978002,0.02196310385711922,0.028414918748077656,0.02272661058274743,0.043474810855001045,0.0215910483586352,0.01945821668235969,0.02300335913358943,0.0205124399452725,0.024280410731976395,0.0792296119796931,0.027936612223102647,0.02229564726097065,0.019989731305805464,0.028438151643364655,0.010754208437005652,0.022595893257123845,0.023533469079374193,0.02218298535694801,0.0630895308784871,0.024456318738882443,0.02177761867835281,-0.010259510002662542,0.07472176559076044,0.04058453298530122,0.0646923490090923,0.022404052351204955,0.06432238963890406,0.009794645614263405,-0.003996000885524606,0.023526235743560383,,,,0.02047333518001574,0.03746700791331535,0.02635040585616984,0.023352578477532103,0.024328814139933992,0.021408187025459477,0.046992555978192976,0.03073550762649723,0.0234947571899978,0.022116413291459174,0.025041787660511204,0.03903461195767814,0.02638420351644463,-0.004707863854458769,0.023259287937914166,0.049555472975543004
2014-12-01,0.02333456732002513,0.07542659064383535,0.02635626632626084,0.024883198849998168,0.026211234709984668,0.043650010707178485,0.01700005344046686,0.06646500672963473,0.03746230525969533,0.025235161893322443,0.026370671754639023,0.02460200278185263,0.0380946067010321,0.024904379056708354,0.036978520536677516,0.024615436787298255,0.02949837916360825,0.024890945051262728,0.022473572519136998,0.03949841287187759,0.043650010707178485,0.030374823448130712,0.02287420531474842,0.023043601939071783,0.03692232960209167,0.04133960899690225,0.025454096625099926,0.03958499953206327,0.019559723723148723,0.03810281549635276,0.0461444905491859,0.024828238516842453,0.005202445179383293,0.06778263732389772,0.023344287817667526,0.01973677773391829,0.026383822696886827,0.025242446768719888,0.04289256558578944,0.020726605415822833,0.0429621388000422,,,,0.021479946321385786,0.038220387234076676,0.0445811954809649,0.026010302119770255,0.02730704358765808,0.017520519725862563,0.04155500140743517,0.02934073218831918,0.027408198894771394,0.025676619558908913,0.03070195888781703,0.03927384248417969,0.04303825050488498,0.006907048063970102,0.03642986813880025,0.025243278083216258
2015-03-01,0.027315658287367307,0.06494836304058121,0.0247297675732226,0.04787162082458639,0.03057640180563541,0.0627409068163011,0.031113821068698918,0.039190210696889535,0.045216913396296965,0.0279773152251334,0.023934848832335997,0.025801080310423455,0.050496687322466684,0.03843028951363546,0.030709839626536235,0.055002953456503724,0.02426743352651683,0.024849606760333348,0.035503582783565475,0.04415781029132138,0.06864723277441218,0.03594958230376769,0.026717507180346937,0.02591569892210509,0.04518864264673728,0.03414634619887094,-0.02687363557454433,0.034217509447018464,0.015926168056823828,0.03818901234949083,0.03297010386296075,0.031916648617561334,0.03819283347411091,0.05280364927644169,0.0340487162820413,0.0498500717801338,0.028130720974633237,0.03336155389640729,0.022268072857315004,-0.001743907740112871,0.03432847123158382,,,,0.014392140718058217,0.046316271448739885,0.0379239259258111,0.06300173758967369,0.029954573483754694,0.02349125898381981,0.03506908689394443,0.034860077681204596,0.029272246971618864,0.025414802550552406,0.034810751015660335,0.040367514530860085,0.018599209717394517,0.011375810598200134,0.04222499617654617,0.04927545930715844
2015-06-01,0.028108635932367135,0.05905719605768536,0.03347272484844656,0.06230428105835377,0.031391281107105644,0.038972094239608845,0.03353121996051539,0.03181611814923046,0.0358723430130759,0.026510844110349763,0.026740468072637656,0.026053854049372327,0.048239020762094395,0.04642649642870171,0.03746494083375724,0.02570992451509507,0.021132731569103978,0.02551540176164269,0.028423085444016394,0.04864831238576338,0.05839155089793594,0.03269175159128276,0.026650230813214614,0.02694908569753512,0.04599047333034061,0.03488174699249158,0.025141908248988678,0.03902055270578367,0.020696853335442602,0.059208439076757845,0.04210887311095756,0.017117130880277245,0.05415270363374156,0.058439226933004775,0.028658918393208447,0.054893200702743464,0.028436712986613627,0.052487468694342135,0.03245360566783226,0.029570353023935445,0.035617347572099,,,,0.06239450393308011,0.03364674558083393,0.0362542768981245,0.03038774857887353,0.025633629973077537,0.027884749079778445,0.03305813018614391,0.038278075546931356,0.029945129778198812,0.02870996494642916,0.046759682437468184,0.04443423041120317,0.015043934527168274,0.02321857383260324,0.01808010365410643,0.05526783762438755
2015-09-01,0.030340129076957517,0.03991225799890698,0.027142704831787205,0.0477508488379442,0.015339180011417649,0.043677383140672786,0.029752194752603534,0.043806884255456716,0.03742762492709175,0.029789985950382264,0.031119291579938767,0.03020700946165031,0.045718880835056055,0.0477508488379442,0.03141423168907667,0.030432194743804736,0.0023066363992784783,0.03040268259482386,0.030100395529217384,0.03699480816808841,0.03991225799890698,0.03754440535894794,0.02893974330610566,0.01240505197992822,0.03699480816808841,0.012984351370482396,0.025105165473511045,0.02471280845221529,0.029902611822996847,0.02471280845221529,0.03248913681455737,0.03062869316781702,0.05005574527149204,0.03991225799890698,0.03087972438739651,0.03177500224749811,0.030410195896813545,0.0480867334750151,0.027213651866875473,0.02737181726499617,0.029664188597273933,,,,0.02721891379695592,0.035199592020345255,0.030566143272277132,0.02858991973860242,0.030466297619456746,0.02782731491510576,0.029850184464119137,0.03687802773623222,0.030294928948215255,0.029491039063434227,0.03312664553620771,0.03696425634336839,0.028995981718541643,0.028657200077679485,0.04165081109039136,0.022125510988294118
2015-12-01,0.030589594720486918,0.05172697496121945,0.04138970290012815,0.039313906326271165,0.03202140140071264,0.05397651117600766,0.03265132372387914,0.050965494281247595,0.062132532928902216,0.030452874141426434,0.035433221635931045,0.037655153403236524,0.039090313451815725,0.05766901168913969,0.036699145913755525,0.023756631055722018,0.025236007798254103,0.03272806008647445,0.030145526156162835,0.03546182886660777,0.05881540918700781,0.032412277837910626,0.030468758235264917,0.03296368964926373,0.036475553039300085,0.03018762430383753,0.03280806834952607,0.02499870144166207,0.024898325286525382,0.023040742664309517,0.035654312787431405,0.02402447042970111,0.03638287183279098,0.055075595479734916,0.04338784869321473,0.06529179829047518,0.030226210838481895,0.039090313451815725,0.04683714067744618,0.03425755675979298,0.03043794754728801,,,,0.032473136494646906,0.031745571050951646,0.030237288210065858,0.03925074134763125,0.03302357476855961,0.026198221403259156,0.03015854987251855,0.03581413537702883,0.032786227973297916,0.029428427707544787,0.05859181631255237,0.040133849054075826,0.03265132372387914,0.032473136494646906,0.03152995190558051,0.03208567133672109
2016-03-01,0.03367215469011541,0.042696761961200085,0.03367215469011541,0.041942525299108205,0.030841621585584778,0.03897325013104258,0.03576405175824067,0.044366921522306375,0.044366921522306375,0.03367215469011541,0.03367215469011541,0.03831618028472511,0.03694420408942802,0.030171835836339245,0.03674128644501676,0.03367215469011541,0.029889474446293203,0.03347099906533833,0.03367215469011541,0.036632030806950364,0.040645780764395754,0.03799776112195292,0.032201875915731974,0.03651202132323724,0.030281091474405643,0.036870270386092696,0.03651202132323724,0.03047773602507142,0.034068031383179556,0.040840895755350264,0.044366921522306375,0.03410386015483239,0.03671946207835374,0.044366921522306375,0.038001154809801055,0.04623546311540261,0.030171835836339245,0.03799776112195292,0.030533130837164444,0.03429377298385723,0.03392353937641432,,,,0.038823889542853283,0.03799776112195292,0.036870270386092696,0.03661748721704329,0.035923208910865825,0.03367215469011541,0.03367215469011541,0.036632030806950364,0.03472093701515908,0.03367215469011541,0.04565108721312779,0.03674128644501676,0.03263081999156604,0.03576405175824067,0.04710399926036411,0.039150416438948774
2016-06-01,0.030646547912551454,0.05642124106203698,0.04576992647104286,0.056882240791122245,0.030062619082577888,0.05206885996283069,0.04372967417932225,0.04434228207597767,0.050893395581288546,0.032699270831594594,0.03263430606161869,0.03047823402161484,0.04593589143876544,0.05016552189842452,0.0444160725688971,0.03297729927752238,-0.012127624572282118,0.039304848709349374,0.03315141632976401,0.043527402838176056,0.05099819197421111,0.04325771470247449,0.027454408313373216,0.05027119108833154,0.03393106587058566,0.03520299435337548,0.05109221636827982,0.07283033983141934,0.03724638465413947,0.0952414845940873,0.05143150123968486,0.07384917718526904,0.08295042968887525,0.051095983098087,0.03674182136455187,0.0706495838293028,0.034388545485339254,0.050806252841815114,0.0546747566448644,0.0373237933937604,0.03546042907698121,,,,0.032968209110824695,0.043213942169775255,0.037325725349138,0.04002579960303022,0.0402631837431302,0.03109067424324207,0.027412977823373624,0.04695627468137951,0.035961303196513625,0.030506562599917353,0.12460120580596726,0.04563817403499724,0.05078941662285233,0.0434153011026361,0.05370180193741059,0.03654250208004202
2016-09-01,0.03591045014722176,0.0400625290050812,0.04041943994014577,0.0400625290050812,0.03629798088092291,0.0400625290050812,0.03996616710124816,0.039661385026044875,0.03312009274608808,0.03629798088092291,0.03750986697994129,0.036699124859959235,0.0400625290050812,0.03539259585622699,0.028635731361661882,0.03629798088092291,0.028476525480184322,0.036699124859959235,0.03743720122620739,0.03653181620151147,0.0400625290050812,0.04080060537132935,0.03629798088092291,0.03996616710124816,0.0400625290050812,0.03637064663465681,0.03996616710124816,0.04339115709272828,0.03996616710124816,0.04520410069525549,0.03653181620151147,0.04273209219547885,0.04877345581622386,0.04001685440550202,0.03864857209731246,0.032247736005795995,0.03539259585622699,0.0400625290050812,0.03996616710124816,0.049998762568587665,0.03629798088092291,,,,0.03986242058131417,0.034733530958977556,0.03750986697994129,0.037634037820605884,0.03996616710124816,0.035638915983673476,0.03629798088092291,0.03539259585622699,0.040464580742301554,0.03629798088092291,0.03993045091625127,0.04001685440550202,0.03968958551146147,0.03996616710124816,0.04187452475321645,0.03302354887170721
2016-12-01,0.026807744517904342,0.033057562630109956,0.04153827751384381,0.03200184612231003,0.02908190504200467,0.044539812550557084,0.03311661827021442,0.04341528039146542,0.02944457916228017,0.028834525583113182,0.03290857484201456,0.03112302034548482,0.03533876674316685,0.02791268300697814,0.035658425510538466,0.029149894964537466,0.016718293426248552,0.029225598774499546,0.029912458913783798,0.03174088508803103,0.044770505795484306,0.03326850739005281,0.028744642009225146,0.03340529322158291,0.044770505795484306,0.025927414947000967,0.03660495262215654,0.02471690967657158,0.03184088845217152,0.0447180581102235,0.04069494461794883,0.03557199395197121,0.041112264672273156,0.03181016485755029,0.03716782826369303,0.03584094878850671,0.02500057731258506,0.03767753078243144,0.03328739969831652,0.04365940978114249,0.02732238994173105,,,,0.04390688679553468,0.03278561957821028,0.032984348091548536,0.033068726038179785,0.03793388469892772,0.028660229197919003,0.026708851713834872,0.027023069606459293,0.029439540894164045,0.028307479995660002,0.034543560167342044,0.03165341435879425,0.021227402746126375,0.0320474612463993,0.037721003248958815,0.031124313758818047
2017-03-01,0.018446886590036383,0.03242174764778911,0.034155572477160605,0.030901558883561064,0.015350259655071308,0.0456569197705284,0.029399182273733702,0.025677294555093502,0.044579098270233306,0.026338979351103978,0.04135808867092539,0.023168331073449833,0.07232398618541801,0.025992435976736398,0.09024674789490018,-0.0006432609657980033,0.023635847094804853,0.025550614894858124,0.04115978048815519,0.042818435696657185,0.04191241449951938,0.07434567400196886,0.022780637740984162,0.03502900738971313,0.04520101969600466,0.024156335689833785,0.04095169291135854,0.035490253834129175,0.030160255945196102,0.051425758510484434,0.04409373926978544,-0.020087673564511313,0.04747474352109834,0.038585807858891596,0.029927255650397614,0.022348315398310708,0.03613132943369386,0.02285160094431223,0.04140370504774771,0.034703927981813945,0.026249889309708466,,,,0.043645274627533114,0.040284254589088075,0.039994479787980014,0.04064598975965195,0.0389449693114709,0.022624357955757332,0.026043853184619006,0.02219683212307561,0.041985729148387496,0.019221535761463297,0.03150270515819191,0.04126449775040529,0.0530388508589554,0.02622969840537134,0.0744486518296079,0.028140931057093616
2017-06-01,0.014707797666251963,0.04101429425910225,0.021498182390177343,0.03393460056957365,0.03066184078586918,0.058463958922716254,0.030004103266804562,0.03481123245269778,0.01990982228814034,0.023560557489505158,0.022111759949262667,-0.008538714043683301,0.0731600700996825,0.022417116485357644,0.020963615939295598,0.019000204550376872,0.010793682632746401,0.021424506609448495,0.02290753756931179,0.02377098607507597,0.026037242612825178,0.04389682130751807,0.01893235737098741,0.03370903213128496,0.021206531506489094,0.014735414894046917,0.029352599419433363,0.014123898514720838,0.03931605319051691,0.05635395694823095,0.01841264310327295,0.007147778048639595,0.022103209605794982,0.03013527964716754,0.02317431043684425,0.024530934423925375,0.02469332937184945,0.04142490181886949,0.013105703303997582,0.03271614089639803,0.023963387596219268,,,,0.04926910594815842,0.02080104107337425,0.023761329488058036,0.022309687233056867,0.025231392226670295,0.024879063015207974,0.02576153350312152,0.005768979882092791,0.02259401486073083,0.021477111120063275,0.02389937844606914,0.035333847674103615,0.02423347987937551,0.036499603568085875,0.02619006989298126,0.04015661519423635
2017-09-01,0.03238577120687868,0.033592768531697986,0.03135064164527276,0.01824435590027815,0.029442871744753712,0.03628423068571831,0.03211695152330706,0.033742647621868974,0.031994344155533296,0.031994344155533296,0.03349512981023791,0.02934434015528174,0.031129047907758438,0.031994344155533296,0.025349313515100697,0.031994344155533296,0.02324220717222118,0.03238577120687868,0.03135064164527276,0.031994344155533296,0.033742647621868974,0.033742647621868974,0.031257750043139874,0.031129047907758438,0.033742647621868974,0.026919914889608123,0.03050629822431572,0.030048215110394363,0.03238577120687868,0.03585494226469169,0.019824853411170972,0.03000808247967062,0.03070715345871278,0.03438635013212951,0.030066971473985814,0.03190316750269852,0.03135064164527276,0.03503896564561296,0.034899851547892824,0.031129047907758438,0.026831388903800723,,,,0.031994344155533296,0.033742647621868974,0.03335908985413229,0.03135064164527276,0.031129047907758438,0.03135064164527276,0.03160400407848797,0.030628455111957716,0.026831388903800723,0.019824853411170972,0.031994344155533296,0.035188886460565824,0.03341869550850741,0.03059949054575954,0.030714738709458237,0.034899851547892824
2017-12-01,0.027988955051525,0.03565111197946289,0.027595618446284314,0.03565111197946289,0.02734538962849935,0.014646402929566323,0.02456982340436068,0.03543724715288394,0.0276564661408717,0.029449679536613066,0.03584271983254368,0.02763359266819046,0.027635894512533735,0.03321424584725225,0.028588117580077854,0.021927146838822017,0.0019501052759512297,0.028728744152953255,0.03682768331528019,0.036643267002235705,0.03785268847799242,0.03565111197946289,0.024454049831912447,0.028083841256842695,0.03688853100986758,0.02864302011650667,0.029214858394156676,0.02852149941821543,0.0314973397288434,0.02308679079137828,0.032419188352233744,0.02992689807283833,0.013603446678268911,0.03452684535555286,0.024972577876562877,0.0314973397288434,0.027471798145469344,0.030920320066159884,0.01921212835349626,0.0187974526217994,0.0276564661408717,,,,0.028486696006603713,0.027595618446284314,0.03688853100986758,0.03565111197946289,0.029047325175668576,0.027595618446284314,0.028667896458365868,0.022232900589364286,0.03353866517289753,0.02208243201739532,0.028324901483882597,0.03565111197946289,0.036803409405770406,0.03083488651589302,0.04316040722677004,0.028734127256456996
2018-03-01,0.009127070295890754,0.02670304710093723,-0.0015015837440215403,0.07578381129934626,0.003068467916504401,0.01635090254453605,0.030452201335049698,0.04728410110919451,0.0348377199654602,-0.021977526959962638,0.023051664534831862,0.019764369543308558,0.08175646614118842,0.018362922103075073,0.08682971325020852,-0.0065703857266891244,0.0036281308675043117,0.02752439097743687,0.009124122616265166,0.02515475245812742,0.10661798655628123,0.05723247659050408,0.04319152964014541,0.06721294355325577,0.05051483331325497,0.01842156459963776,0.01453445514955214,0.03178384379778997,0.024159581945026955,0.014963024612349331,0.009741084841372242,0.015586293725995955,0.016747779021158343,0.020675860627306322,0.01651741059600279,0.043954719248101966,0.02703831470982769,0.023270800277397977,0.02100741339069483,0.03225396749725767,0.0032495620092937863,,,,0.03804221342200845,0.011244055316981314,0.015199993666265928,0.0331520220399769,0.02900272644162466,0.010096046621619482,0.011030304245574739,0.015168723124935156,0.014263278589107508,-0.00972576104104728,0.09332808230144718,0.028956304793624304,0.02813165318502934,0.025108505715881663,0.06954853730087555,0.02172977635084147
2018-06-01,0.029214142953104233,0.03150643595300493,0.029214142953104233,0.025173943213909936,0.029214142953104233,0.03162650341695237,0.03192007570322014,0.029214142953104233,0.029214142953104233,0.029214142953104233,0.029214142953104233,0.029214142953104233,0.04295716285259267,0.029214142953104233,0.029214142953104233,0.029214142953104233,0.029214142953104233,0.029214142953104233,0.029214142953104233,0.029214142953104233,0.029214142953104233,0.03162650341695237,0.029214142953104233,0.03365997459882578,0.029214142953104233,0.029214142953104233,0.026910613768605644,0.029214142953104233,0.04295716285259267,0.036485588887540686,0.031629398155341826,0.03447480299997812,0.029214142953104233,0.03150643595300493,0.029214142953104233,0.029214142953104233,0.03214988198771761,0.026778963723713745,0.033477074309245416,0.03192007570322014,0.029214142953104233,,,,0.029214142953104233,0.029214142953104233,0.029214142953104233,0.029214142953104233,0.03174274032141093,0.029214142953104233,0.029214142953104233,0.029214142953104233,0.029214142953104233,0.029214142953104233,0.029214142953104233,0.03159750198806952,0.029214142953104233,0.03162650341695237,0.03356820177258645,0.03210838227434463
2018-09-01,0.030377882764648475,0.03331705047083671,0.030377882764648475,0.030377882764648475,0.030377882764648475,0.06511858891416855,0.031384235706220835,0.030377882764648475,0.030377882764648475,0.030377882764648475,0.030377882764648475,0.006209826136414869,0.061358616122724495,0.030377882764648475,0.025438486504046155,0.030377882764648475,0.030779278702235395,0.030377882764648475,0.030377882764648475,0.036224497870929975,0.0343886739954337,0.04175636169471477,0.030377882764648475,0.046194586771913466,0.036337929103307784,0.035389084052220965,0.04507802212295767,0.030779278702235395,0.030377882764648475,0.036907979259697826,0.03640637850816125,0.04507802212295767,0.030377882764648475,0.036224497870929975,0.03331705047083671,0.030377882764648475,0.030377882764648475,0.033457468172800126,0.030377882764648475,0.033279273947838355,0.030377882764648475,,,,0.029018402525955604,0.02783478524848765,0.03640637850816125,0.030779278702235395,0.04046692214054029,0.030377882764648475,0.030377882764648475,0.030657806707964936,0.03640637850816125,0.030377882764648475,0.030377882764648475,0.04367917204947458,0.04374005546672488,0.036811181546646185,0.030377882764648475,0.05011773592744149
2018-12-01,0.024964623095800244,0.03348933862299263,0.029404262036565668,0.013483055286970738,0.029039081296868677,0.036126838009391676,0.03972592627580425,0.020631154075475038,0.029404262036565668,0.024907391581876256,0.03348933862299263,0.031813284347832566,0.06019938843290108,0.028980991316733755,0.02982385585893189,0.029039788480404956,-0.02934698004920398,0.029518949305709367,0.027567913021583873,0.03244924486145549,0.0304510644284662,0.03743070921540934,0.026767569278498816,0.05160587110035352,0.03429696135254016,0.022660339022217174,0.0455770474528114,0.013032632440103482,0.028681151817754248,0.021969923550012364,0.03612393300429248,0.04984159676246097,0.03185395554279341,0.038412592776522425,0.0390264860618764,0.027359855582722883,0.029404262036565668,0.0313630635320547,0.03110486432795329,0.03075016982587521,0.028563874584302037,,,,0.02452599676824638,0.023613360609931553,0.036422749129924464,0.03234309014963733,0.03268892513107436,0.018114253786033985,0.030698944496760198,0.02213951510017933,0.035055370762521514,0.041000592287245896,0.027707866676967795,0.0304510644284662,0.031718465901003697,0.0356544071632903,0.01815850913031067,0.020985160205586936
2019-03-01,0.023081310441684127,0.04703354233131044,0.02835162921223334,0.044442073590600095,-0.053961341052877684,0.050331689508293635,0.05059979238257074,0.025870835617679066,0.04015007158229361,0.025537599751211094,0.03977107230068013,0.019857212633230835,0.058670725168631616,0.026301039836886694,0.06900644910796014,0.027001104265230856,0.00438300454992673,-0.022953362746752654,0.02931402821217435,0.04616667937965261,0.03370372880626682,0.04085818377976652,0.03241379956013562,0.05339121672636204,0.03951575293348742,0.032011776389365657,0.017992357784513965,0.022532625718801644,0.026750771738727846,0.05264489526688234,0.04444424918310876,0.09585391964355422,0.027815615177921978,0.03740976589585258,0.018730043909113422,0.032976985974377496,0.024025288495635247,0.034500159455174664,0.043070498786344016,0.05318115128194771,0.026082900373054607,0.08499858467075029,,,0.048717875573654305,0.030859322200034744,0.03914985111858946,0.033343214559819936,0.05687321536432881,0.03628875336271541,0.017356362736306016,0.0018169569087547943,0.041207529024181885,0.03106755215800036,0.014987635273774174,0.03472969290043649,0.0323911437589661,0.034741509762590446,-0.008165912137240591,0.02369946090806512
2019-06-01,0.02782926548754047,0.04448281079337876,0.02790653426391245,0.013593873436728009,0.03372486913691698,0.0683972976351771,0.039764806792409665,0.025963007322610195,0.02766245436182888,0.02798335479543174,0.030341571498388394,0.03951636942112291,0.028946881141971855,0.040556279375211446,0.11369122498615139,0.03073830638904433,0.05507161131137914,0.03861832049931434,0.02995023776466552,0.030666677819487214,0.03506157290688444,0.03653510607207933,0.032152103531007975,0.07074077369562728,0.029446011278935584,0.010902321025414245,0.0603268692974052,0.033110399873591344,0.0215787324252324,0.07400823413135232,0.027674248509499184,0.029089302494077016,0.037336300688999645,0.02842490596927526,0.0348648838700611,0.03761232556449209,0.04347573988709006,0.03504849513209067,0.009459924778543375,0.021004061895106695,0.030666677819487214,0.05633431394871341,,,0.01905678000063991,0.019594849811178344,0.039717078583292875,0.031803082899112864,0.030158343683254943,0.032911093109044665,0.02863512996739881,-0.0028390557660534182,0.030579201830541105,0.024208499195952433,0.022046607804601468,0.034675362322657895,0.04154193814077681,0.048134486191260706,0.027383195368090658,0.039223185543231016
2019-09-01,0.033059964788620416,0.05092224721737462,0.03370631354353099,0.03163187954315504,0.04119540582177896,0.05240428258130923,0.024774435374215246,0.029473493203750565,0.03323407077374976,0.03324528584548957,0.04205950610606534,0.010716998258313737,0.030512527657930073,0.027143664090147103,0.059370197676692466,0.030910973712735504,0.05668924831345307,0.03316981175517139,0.030943472600998105,0.04205950610606534,0.030677324160944677,0.036933997110793926,0.03366146529923649,0.03664998864898237,0.03738057301674076,0.03284023027512688,0.0705210888831503,0.031130663106263428,0.018507248689144717,0.043741482477172806,0.027710424305465442,0.03368414620675125,0.02288988619417192,0.010116321645771939,0.0460068016838653,0.032804844597387084,0.03290535879170395,0.032029630413500085,0.03170206803697558,0.03108969955196022,0.03409831037867608,0.06498413382816608,,,0.041770174814724934,0.025593871278528153,0.03782259213494978,0.032711815429585116,0.03166881495638913,0.038226907571559464,0.02807877646659847,0.03941647864577414,0.032895917379153296,0.02810774227961722,0.016142134039740335,0.03546750601055166,0.03928448640252229,0.04334253373240027,0.02671831902888503,0.03664998864898237
2019-12-01,0.03141444398626985,0.05906465680823149,0.030233012769268226,0.02008214273309348,0.04908687063934444,0.06460097128251248,0.04783390236359854,0.030922665231348123,0.041041188608167245,0.03704696423651389,0.04678658612046854,0.0014556357235556729,0.03851649776844005,0.03315939165542998,0.05638174880688354,0.0405961389736104,0.08264422452544508,0.029751029907394262,0.03540644635626712,0.04726266088588509,0.03981224815254069,0.031341740648875425,0.03768880207428135,0.06017476853812306,0.05162299945256608,0.040138333443724625,0.09273195216579778,0.028774728031262232,0.006704265316527384,0.07684151250965797,0.044496414492443244,0.02484748511400169,0.02917244840641332,0.021772352233675563,0.015386700362156006,0.03347927020437234,0.032940882050430484,0.04660582712253417,0.028559183640500807,0.027447871981735348,0.04648860803305072,0.10235964849333865,,,0.055198778431791086,0.028047039655454926,0.02628422237440024,0.03728731943288598,0.024776391246414103,0.05148010640091302,0.040447679750712416,0.03939060458117442,0.04553067990455681,-0.0052676593800067015,0.03129316280575585,0.04599468319762784,0.037260401504265295,0.03146603548127799,0.02858397148965783,0.03310401000129388
2020-03-01,0.037548582153408484,0.04121196317421957,0.017885461104110285,0.03136353976057265,0.02214662201797764,0.038842643766024684,0.01916093628942779,0.03136353976057265,0.036593102251854734,0.00318091464549852,0.04090379769155129,0.015875473823451173,0.02639816558673002,0.04041848975468484,0.043867774312230684,0.038672060891153985,0.021588356963600033,0.03066807147569634,0.0408344621114177,0.035866307023241166,0.039117792077320954,0.042190569448448144,0.03918120679982256,0.03941452922078479,0.03513698523437822,0.035265244114213924,0.052871383089114675,0.03787069655928994,0.05083173079744926,0.052871383089114675,0.048033113955472016,0.03000429373775174,0.038558763261853604,0.03359905390168483,0.028223095937376066,0.025517723275681192,0.04041848975468484,0.03366106665310964,0.03616326082403191,0.03181299297796993,0.036076610518418886,0.04834592264870806,,,0.042381173023089226,0.028000316022403063,0.03318328192695487,0.04241334936342115,0.03604381409388096,0.03766486093291982,0.03609103961976566,0.027466314424352073,0.039511732834159326,0.044657847886440664,0.040609632481982474,0.039226690368375026,0.0372597681657513,0.028811548508767888,0.024774327524689038,0.039923901064524106
2020-06-01,0.037650526135748694,0.04620667857478911,0.03587571113532297,0.024842645395586487,-0.016253682265785913,0.037277437130998396,0.026119846263962604,0.02039195687505912,0.02703513331394649,0.03205324208890594,0.022645260500342584,0.011369568138598971,0.03247180038342985,0.03557744051743352,0.04966441005175277,0.027754695555874908,0.0860646957241481,0.039842757255955125,0.033949985454749615,0.0307943209942394,0.03854943277810325,0.04376348686050364,0.033578672133515335,0.02629429345373769,0.028661822151346134,0.014643901735631976,0.02736809647089648,0.0444948140444829,0.041128837526063625,0.03252141425715028,0.020897406675528186,0.0323624851596713,0.035777006411192594,0.017491501360629744,0.029003697737896635,0.03478101285881336,0.05243254383464702,0.023875825057424565,0.06330271950666959,0.04391104216868856,0.06629391338522982,0.009997113285983567,,,0.04580006005408294,0.045590966336460634,0.031166128982569995,0.02772039886190853,0.02771004172392936,0.03792522620622117,0.04058391056524383,0.025009021960008707,0.03295458659201381,0.062206809365218586,0.019069854189009666,0.04093188243263554,0.036950961757188566,0.057498607413717095,-0.012292131745816557,0.0582922519664241
2020-09-01,0.03839353429123186,0.031182935522230417,0.03636057732387289,0.0362542105908686,-0.010768560192625606,0.03168134182448934,0.054537448370911276,0.034676991806746986,0.0346356217433668,0.02136058945503485,0.0420487622273447,0.04997101875434678,0.03339776312781729,0.035345996540391666,0.03493813873149301,0.03180965290916485,0.05349437956441785,0.037962206851774795,0.02696324318922937,0.03164418103519711,0.03771844932870812,0.038776991385483996,0.046274909229994395,0.03566072116099599,0.03428663971260856,0.0160900954145552,0.03739628133813163,0.035410451998372935,0.035413447793416514,0.03991529972047953,-0.0035153633237581753,0.04079316954955853,0.029313586545535283,0.03607367066657254,0.022669793048351736,0.011751686881068946,0.03587164012087881,0.04109165357412028,0.05875236462133626,0.02334366665572723,0.025554522276108483,0.023584247409472223,,,0.04002185139832656,0.0179751636255479,0.04201661352313292,0.035481549426820955,0.033524475526723226,0.03558749444618293,0.016494641815628965,0.0013635531148653906,0.03469616305648974,0.04644158777921544,0.029438821191231916,0.03876516075559617,0.0254014740582396,0.037588059569934024,0.006586221644500557,0.007068333711346025
2020-12-01,0.032933577993616556,0.03271539665787084,0.03343453567858856,0.036557389904959665,0.014857830560655727,0.02516452922172875,0.04299342931825036,0.031883893759489815,0.034583411537979364,0.013616586764810704,0.03583057558100999,0.02636097614348269,0.02533564533310313,0.03400674934092208,0.02945967812688122,0.036869703982855814,0.05624110417089384,0.03436235320296455,0.03411704289768427,0.02864069310472574,0.03031822802683855,0.040207962414017626,0.042552942339392094,0.0422471286173404,0.04444063461222312,0.031285059720763515,0.03751202676961802,0.03361642917386505,0.01927680837783404,0.036519427891179394,0.014855309886617625,0.04588639332294374,0.029097190507891262,0.03418016906296436,0.03385545372531098,0.027920386728089455,0.0331401702614284,0.030727968059005035,0.03346437769073495,0.03292232707241604,0.03391973243336683,0.02006468586506502,,,0.037116235770202434,0.03310889290687165,0.047374196927482425,0.03720281445026221,0.03040178775441246,0.03326322050901742,0.045973707324727726,0.027368148791287863,0.03606830702249277,0.011388916884990566,0.03281032553024586,0.035370807449682004,0.03985006009383003,0.03505243480894412,0.042475085818992106,0.04183829661115962
2021-03-01,0.03405409324733459,0.041017263766506225,0.037106383084139,0.03745274725174698,0.03676536307991209,0.04228445932704257,0.038587777414879565,0.04611114430666347,0.041577595512976774,0.0504204610952459,0.03448029515313847,0.028893201005702543,0.04040915365755659,0.03405409324733459,0.03827422739096953,0.032193748737251865,0.030316907784018583,0.03716467343009608,0.035465477386649,0.03332297648738142,0.028543327428173566,0.041930718843858523,0.03403237210543711,0.028227777909821207,0.04126811587629206,0.03749559627557677,0.0357641958374623,0.03716900724228309,0.055918247847840975,0.03879723964557638,0.03626885943264866,0.026085277010553586,0.034993496094820685,0.040343792586831934,0.033989986109200766,0.043352193936856534,0.041577595512976774,0.030667207823121892,0.03676536307991209,0.041625013347097894,0.03138523830305881,0.04219546802541915,,,0.03997076785813663,0.04302379627475015,0.03998761967098154,0.041017263766506225,0.0331779347783354,0.03405409324733459,0.03607367907764524,0.03403237210543711,0.041017263766506225,0.023244855745652476,0.03411671740547868,0.032649505307707126,0.03325292591155038,0.035526791061508065,0.03405564166353811,0.03491005515579539
2021-06-01,0.028558308937833073,0.015292836024944714,0.029280047070792122,0.014311181133099296,0.030795599863737425,0.029323853922320498,0.031134841535511177,0.0262042520165311,0.031431051029720505,0.03224051598517002,0.022043352728450195,0.023788655134950012,0.022119362252176214,0.031426950207587345,0.03068754442998231,0.027887498671647703,0.08165760895016064,0.026832707922835243,0.026641318179750715,0.023362569045806726,0.0016680628889233205,0.026228948329183478,0.028252785550736865,0.02510721818203773,0.0033431727153192853,0.024364555555445585,0.01432684739378322,0.02870033769984675,0.03794473576029082,0.03356266123882712,0.044540296915940934,0.02779554847590939,0.03329041247590627,0.03068241254870116,0.029377003739070467,0.03102241603200183,0.03188079859889179,0.006786538833641812,0.031954935534664414,0.028849092175372962,0.02042324131739036,-0.00350613626475331,,,0.031076425495967914,0.033715760859314874,0.033200063384621045,0.02380911435909372,0.01767934708048437,0.030780922287884677,0.0278382086413113,0.003920866029755845,0.009933101935849986,-0.01180275666116785,0.030197156004915994,0.007991588733634116,0.029605101604520602,0.03948760391557976,0.02100058214655692,0.02230636094876855
2021-09-01,0.033096143066810566,0.02760322144224128,0.03358940240411568,0.031278025909905194,-0.009447868444788144,0.03615236162412462,0.03203162166240975,0.04407416783058565,0.04164084329699339,0.04155205932272143,0.027368831425367446,0.03556297288238893,0.03856866944451001,0.035372483886053525,0.02932826975230573,0.030483131537410734,0.05988235168803131,0.03320444670853567,0.035506716450217926,0.016161361264194676,0.01082858905230188,0.021691187376705477,0.011646368057927145,0.029766429553452715,0.03181545946505455,0.026377418453855876,0.030234095321768944,0.039249407288914046,0.04588690908113475,0.03301390013525802,0.07208242823270618,0.006291931464927864,0.03860122792271857,0.017266570759720445,0.037441047401568804,0.03806420486444213,0.02298348414495993,0.00871430538568234,0.03809622756711319,0.023123892654794663,0.04555343424747115,0.04805651580575188,,,0.04074322108249148,0.03520583637713112,0.03280304329568549,0.04175194026027252,0.016776842858201534,0.0396114761712075,0.04511305490438308,0.0024100873053420403,0.024778761729766625,0.02087659115708462,0.032833335095909306,0.010570242530805728,0.02512826242282327,0.04077727952071564,0.03323068670741946,0.022152011456603508
2021-12-01,0.0344892639935238,0.0343466699287629,0.03823824036310412,0.0344892639935238,0.012256293652727113,0.030160983470253033,0.033166739110188574,0.039163644838435915,0.026308527117390193,0.04028809105858169,0.034797180985456935,0.03219300534241022,0.026803224878627952,0.034797180985456935,0.04061724729310229,0.029330199490241845,0.06786330732674964,0.0334962810209624,0.034797180985456935,0.02802327551328884,0.03862880158937848,0.04011389579207472,0.03158239122417324,0.03609752571429618,0.03916000274395357,0.035893124682845744,0.031236585722578276,0.036970202662643524,0.03860731756753158,0.03444617868263458,0.04006276457473566,0.032879482215800344,0.041504453283337246,0.040543596692123124,0.036450356572771826,0.03629804179656559,0.034797180985456935,0.03610462772386985,0.04125128671790437,0.027856855064624875,0.03766865822082671,0.04591372387509048,,,0.038679396205378,0.033077352804356364,0.0362566706339871,0.035025119013229376,0.0362566706339871,0.03991250760653275,0.04412266662414057,0.025565242330833654,0.03266379398083426,0.029296289515117934,0.037079492067058385,0.03610462772386985,0.03892012542834897,0.03732144167613607,0.03740289116947786,0.06582028315459756
2022-03-01,0.03453338242610695,0.04086088674484804,0.033750529285318416,0.036743254892132156,0.01894390381438175,0.03148036702478179,0.04410540632868832,0.03487143456102896,0.019876223661967306,-0.0051576659895812334,0.03446667970288186,0.0290364460730207,0.026673556954473297,0.03599628819071554,0.035300599695970616,0.041027144520347954,0.08835153588779297,0.03670813899469713,0.034479572828005636,0.030828726978642054,0.03613645637896973,0.03838569495938388,0.009916891985703245,0.038150071550548,0.020961092257791424,0.032453380087416425,0.032888428350863884,0.03582236945696588,0.03212891220311843,0.04761354831914059,0.05458680757190764,0.04405625971996556,0.03884272420960943,0.0388803936499298,0.037314382141147386,0.041305046392606355,0.03496829387244497,0.026991835689910308,0.05538087372335987,0.028978176125634355,0.034860950851370816,0.04808154919624178,,,0.05170185111792416,0.03509019790203569,0.048496004355786874,0.03524153747578501,0.021866698876959065,0.034382852929391555,0.03755179297180812,0.006150045817882172,0.024134971655737233,0.01966151069636864,0.02686702349803985,0.027471138090129542,0.03415011197573223,0.016336563942980498,0.032327108190356876,0.04090684616040331
2022-06-01,0.03610821318283507,0.04078349391941611,0.0437737160295262,0.03610821318283507,0.038156354612338295,0.034326082846407924,0.03600581924786113,0.0393590364840183,0.03684744003663822,0.03454842552076145,0.03602575051414347,0.038648861834820775,0.03598879038310594,0.038581711270444824,0.03758686817147238,0.038156354612338295,0.03468470815878326,0.03758686817147238,0.03602575051414347,0.03684744003663822,0.0363788434014123,0.033369889991472224,0.0286910732954745,0.036623774437011765,0.038585326620609574,0.03715261891050571,0.03602575051414347,0.03837760341528445,0.04419215457706071,0.041638683949054525,0.019377901820335348,0.0345482068758054,0.0401060115687076,0.037327677246143644,0.03761594439064294,0.033213590994054014,0.0395079876458393,0.038355171244446096,0.03904992417969107,0.041638683949054525,0.032709349050944324,0.04419215457706071,,,0.03615517780178585,0.03846992087511465,0.04021220867932221,0.03758686817147238,0.038123056306132136,0.036623774437011765,0.0333718316212386,0.03257714072074836,0.03684744003663822,0.019377901820335348,0.03668823308443774,0.037620430120395024,0.04016164108847811,0.0363788434014123,0.03668823308443774,0.04067174328684448
2022-09-01,0.03748419795572903,0.03368170823476056,0.0391192332016333,0.037004644597557264,0.02282390434773076,0.03837856158564587,0.03409768468954074,0.04071221423172138,0.03852205784817186,0.04445691970143187,0.038201115239227514,0.02819766491508988,0.03351670971585951,0.0370162528412172,0.03956667689210081,0.03699391041138252,0.05730141353712963,0.038656504446949395,0.03749024204948997,0.029643737447615642,0.0391162400453511,0.039389494197774856,0.031182019461968084,0.03717684545511562,0.03843324468022272,0.03933912664811047,0.038622649484814975,0.04437076937152923,0.03821665296245332,0.036860423591671625,0.035997381990395774,0.03677342147092117,0.035868948128898744,0.00840851124337061,0.037698227684971275,0.03543938059046548,0.036755892640539745,0.039557956028439194,0.040834139285919405,0.032082832473134704,0.03829694224847793,0.04352255492856792,,,0.04061281107172458,0.03654126552417702,0.03387301625622422,0.03755587964648928,0.03680066724561195,0.04028662939922138,0.037268272265629655,0.04009914645696735,0.03408519039957838,0.003699284628365108,0.029238919953263127,0.039557956028439194,0.036416803913996654,0.038119191612924326,0.06362835738315513,0.038102866175287305
2022-12-01,0.0350482244661476,0.03791691662369028,0.04597547669880201,0.02998222666453767,0.03984622633368853,0.03444603593057648,0.035850733748834594,0.037022454131750315,0.03426191142151402,0.04063117332720129,0.03401060505155576,0.048864750299862536,0.02602150681676006,0.0321353511663822,0.04037954577052835,0.03648281723337608,0.07625458916263661,0.040818188519758894,0.035751583430620626,0.03170520198404151,0.03628444747442811,0.05298134163810389,0.026327076684993376,0.04176525289189153,0.047297226169546285,0.042080013790862764,0.035345183056833394,0.03940958722653791,0.042179112730720926,0.03646243933839133,0.05901161255783178,0.04530683807451676,0.043605816519125505,0.03924145686995143,0.03518488769244778,0.03449777062992971,0.038899534274347884,0.03478915367820516,0.04322010535027971,0.030684613602623357,0.03565580000927694,0.05602705170581019,,,0.06919142853702757,0.05625968634837775,0.0697842615048385,0.03832437048244821,0.019893228211323898,0.05971876720669437,0.04138900345190475,0.042133607399160916,0.04539247104254145,0.04516693726397335,0.04476019696340405,0.03643255545037864,0.03749370592501623,0.03989680088416408,0.07149159895417771,0.034372163874812456
2023-03-01,0.03890774759961891,0.044136595875947156,0.04728934002311905,0.03452642396831528,0.036886259096918915,0.041866934400648155,0.04132224037663207,0.03243510761374532,0.04224061905407132,0.0463076747105968,0.038907161785591095,0.04338791093954464,0.03672029366070525,0.03888703726624051,0.04189015687326314,0.03890774759961891,0.05340121561702539,0.04122008077196272,0.038696500714884695,0.041265188519561076,0.042269690116139194,0.041081894412040194,0.041594775627853575,0.04347313320765935,0.031084246112600487,0.04062604660154743,0.03724635706090648,0.042862738061927495,0.04406161564736538,0.037256217756111855,0.04189727118619922,0.0347882347643796,0.036073053282457516,0.04825157918394975,0.03909828415097472,0.037397447181540505,0.03951906436306833,0.041498116475692244,0.0390377185700658,0.042849196002950965,0.04129907074385427,0.03870753761793582,0.048123406744920785,,0.04421966068393483,0.03135844955389334,0.06036569264300364,0.039676780188435366,0.043996689450934205,0.04237111577006895,0.047624221235001346,0.04779907360399337,0.046548665743199845,0.00876758922844986,0.034190657566760624,0.04212620258669816,0.03565677439036026,0.037880547348312296,0.05223508032363227,0.04973613611882195
2023-06-01,0.03416790849609768,0.03251851156591047,0.021599873243271873,0.03401915627474152,0.03260094952117698,0.04430292058690156,0.056077078019704574,0.03208798778065488,0.04359965782474277,0.04004175011878254,0.03281882980008772,0.038860374358543205,0.050969342800320463,0.03461434159738964,0.05238620891656976,0.034542334963515324,0.02949616297381922,0.03862393629130784,0.04253880279154965,0.037570925118533174,0.035054146948299725,0.04313010622755212,0.03340736554373763,0.03459269822844254,0.028869817482605416,0.03908864289937193,0.03630912743239029,0.044324200191460335,0.038100394762601505,0.05153134991342849,0.035575458238333656,0.03234302524129818,0.023788826179199897,0.024692953282423408,0.034395352480760706,0.03689894344637092,0.03841636457125954,0.035760835377635546,0.03863642214716302,0.05237897036170123,0.03457955604855197,0.03831637142098814,0.041653335558538215,,0.03970725041709467,0.0315643754254109,0.04415659916864352,0.03151651710666979,0.03713285760655665,0.03182218321455963,0.03668443802373092,0.034492980917373184,0.04147113777100445,0.029042278540495577,0.03085316124837949,0.03199945356075231,0.052150074229630056,0.03593050351383322,0.044227475240980425,0.03521910350241894
2023-09-01,0.028134961026601665,0.047753749775463754,-0.007026250764617667,0.03241358565566462,0.009813807857247829,0.05109883157079063,0.04301195781741581,0.016197302604699915,0.035078108979308714,0.043690313483482054,0.027546851291356127,0.017035875879552947,0.045979299599074056,0.029813751927074177,0.046103602044636115,0.02569869873491846,0.01527911320356776,0.04258562422400973,0.015793962542928756,0.014080351979872,0.022545609075374343,0.04196122669560762,0.03702261346212716,0.036092081054837924,0.03653053261666871,0.04014906847403727,0.03435004208372224,0.033959052604293535,0.029422064754732538,0.025328533149980927,0.0335270993378387,0.03063579235728729,0.012128710564082889,0.019015147766620208,0.03002095319316928,0.01432155955774506,0.01930221057054172,0.04578853849496318,0.03633754281220753,0.04789947532513834,0.042872315038367276,0.029183965543197504,0.0405586504963544,,0.016218850245403642,0.04328563950817659,0.037047918953655605,0.019351413032422507,0.04027134788471336,0.03160629283430591,0.03073424252373937,0.007138744928856519,0.03143970040085896,0.010221917396811301,0.012067046269085,0.04601062459785584,0.041873735667249744,0.046297018936181315,0.019597342649155317,0.01485544405474113
2023-12-01,0.02437534287596005,0.01670374712427197,0.06090329978353669,-0.017351851056896378,0.005794945412527046,0.04163283574786833,0.04985468816353144,0.04213300669391007,0.03326074347994923,0.04746492567580954,0.0272723459694156,0.021980501231482794,0.050061990726511595,0.044309314766692434,0.049641569390483774,0.0268004507141305,0.04610400220319625,0.04543866026123978,0.01999279813643789,0.01928565390636179,0.021929572336001235,0.04470573687125757,0.017737434453277006,0.02645415375790825,0.02162160332429777,0.036290968109680986,0.01843175382158654,0.042850087767299955,0.03461463998674767,0.044219257954846984,0.028789599888575598,0.01283460835404939,0.01730114533753092,0.028462897345730737,0.03254254335708147,0.01837895872025865,0.025175875844574213,0.03126697072935734,0.03664690145679726,0.05011432184524404,0.027351080894116933,0.04269030734355876,0.04180246074160136,,0.016892087775103322,0.04694885048677556,0.02373612355545487,0.04136188006183638,0.03746801172026069,0.03427060799330173,0.03406413671324532,0.009511678345148268,0.029862919581457426,0.015988688921471067,0.04372481274074287,0.031187842653878764,0.054368678096178506,0.029686321934516213,0.038817303063957115,0.02327617343219484
2024-03-01,0.030199924498574324,0.01782040356129996,0.017826416671199437,0.012734032342100268,0.013936217419614278,0.042868569175607336,0.04565491575212278,0.011690095767588669,0.03557722871361575,0.04961777789349519,0.029651492189627957,0.010559501529646236,0.04891274003602624,0.033042878702902054,0.058361373619782594,0.023729764833881152,0.05921445564106832,0.05285580775374726,0.010864821605947983,0.015942184635604997,0.026474448253451254,0.047650526609047415,0.028535244648894193,0.028109078696783966,0.03292040384585301,0.02052745177690855,0.03396138884705657,0.026751807442285832,0.03584851834223881,0.022780165492498818,0.03958596641751289,0.0047754019183776746,0.02661318969591536,0.02740685331296772,0.03390158976992442,0.014733446473729518,0.02234176785281071,0.04582141042652878,0.04441588391945036,0.041031439013947416,0.03440377146416315,0.026463196007684524,0.04561436467337024,,0.02409806923361333,0.053542928139892185,0.03828443594221956,0.03486106862893393,0.037240278471270545,0.03560087967888621,0.03528767005322363,0.027321459315226306,0.03207352840008137,-0.011033215952121495,0.046687056236409084,0.04467638558772241,0.05468599844205723,0.044847210017106,0.050998466680094494,0.07263477002052499
2024-06-01,0.027337705137627167,0.01721694135197165,-0.021923355227768018,0.02213420225789087,0.02612263941566971,0.02996067865870269,0.043135447796623476,0.03463046800911336,0.026777295030696677,-0.015279731848706983,0.024664167879817404,0.0013508190768776538,0.04691527800707586,0.043076252149297646,0.06334477547710314,0.021607091036556555,0.04909128670574581,0.03712424648707984,0.021639232653365804,0.018799289997238077,0.023167824795303934,0.0293312932327015,-0.03387739493481537,0.027703528425206535,0.025912905711742863,0.035450026038173675,0.041005141900100336,0.018275183812978674,0.031042771776375763,0.02386063600957899,0.03992122533917429,0.03535117652715261,0.03429079627267513,0.04953286572438876,0.03026931915619264,0.031448631769588696,0.021306047286874182,0.033473677262114324,0.03494954943974555,0.03282767032054534,0.026826999093213594,0.03202397891151143,0.028318228898534983,0.03390676193185612,0.024586143450488155,0.04207769331438943,0.028792449622464595,0.023449406781853185,0.04513074382077853,0.030884938027707587,0.030673848658562233,0.0061492502102546715,0.024804200403317354,0.011786080992388986,-0.011615016155978422,0.02287288232580947,0.03392946362261082,0.03481863014277995,0.043755825441785294,0.025127443166809815
2024-09-01,0.02830686338952669,0.0340068438928193,0.0163724307648573,0.03277680313046495,0.0019498434088879705,0.025740300255537564,0.043969322005978154,0.03450334501173713,0.030979757953517924,0.03850918344097462,0.02833607604838788,0.008329395070196432,0.041420574975499724,0.037367306866263245,0.031110143104434756,0.029015492070847953,0.028598017193975707,0.04154758344271648,0.02069117342833118,0.021967796595006063,0.02558999154596206,0.034820770242585355,0.040422250461917615,0.028430369506067376,0.032823235864172025,0.033198483010140015,0.029883400644507917,0.03514730520609671,0.0327836671157745,0.031479058238516794,0.031915885775602906,0.031839136080951715,0.018283868938538516,0.040939534615333235,0.03339112233098758,0.03162383074069401,0.032509181273000294,0.02587894639825602,0.03628097575950125,0.03650716210820984,0.033279335362832015,0.017678940866492104,0.030594832813441896,0.030352429755723095,0.019244332790871812,0.038892772724174934,0.025738277573819822,0.031613935501367325,0.034641303418287736,0.029260781248882265,0.03701295967048595,0.0027274099587740173,0.03186332884378973,0.008107118190637612,0.033887211237548405,0.026763399190033756,0.03542703355311598,0.02672455433163369,0.01990393321309187,0.03320847515779574
2024-12-01,0.026587111569733184,0.02301002606983384,0.02897050578586075,0.02491268850473132,0.016430451455632294,0.026994756497956674,0.025773565478928666,0.024660715218757755,0.023286583508472694,0.026889967509482054,0.02642568519379699,0.01954929906672114,0.01575787482582846,0.027966394034138548,0.029459460898592596,0.026780900217525116,0.01281382363025127,0.02616574591201056,0.020480126585229363,0.025159435292850696,0.024131789712857628,0.023586662178007242,0.02962697433396921,0.02691892327689561,0.026515607685732037,0.02609535896934405,0.02150110510778879,0.026526124221427694,0.026702891709737213,0.025938148972001297,0.027398223839540405,0.021373955434507576,0.020827886952996165,0.030309496941727385,0.027506017681424043,0.02615487472001751,0.021156384226297505,0.02733611959085629,0.028709740956084445,0.023729332443889594,0.029813899059978964,0.02078987269472588,0.027838727583211438,0.028006306549002883,0.02790037320083173,0.02693465089216285,0.02436485280074903,0.02837042292985624,0.028525399915457543,0.026587111569733184,0.02744131071123125,0.015844549647747036,0.02251576944732512,0.023650453779407755,0.02740343110251335,0.014852270638661064,0.031689953473799395,0.027784731513972774,0.014325343387765935,0.02710486875916532
2025-03-01,0.025237813955607067,0.02648695248644924,0.026840460236749436,0.023750290646308275,0.025939413442295473,0.024832091766412837,0.02724692959326569,0.02256471431132848,0.024918467014516707,0.017782609753250217,0.022169827792641688,0.013085314745996012,0.02724692959326569,0.024808701843307617,0.029211476177279812,0.024775332046691582,0.01673927014758019,0.02933356928724636,0.02468946195165274,0.024832596919477864,0.02541849428099075,0.02097624238845264,0.024832596919477864,0.02533842961856573,0.024775332046691582,0.025743770809360484,0.024557215998946696,0.02087691436810374,0.025743770809360484,0.024557215998946696,0.012547301949111795,0.021192819639832296,0.023260818305540228,0.03265842033012883,0.025371799415181764,0.021743158337340716,0.023419200546195257,0.029481971566592085,0.025743770809360484,0.03069709796235067,0.024775332046691582,0.02260257575366243,0.027668279867055768,0.024566594526047852,0.029141338973439082,0.03170958337672402,0.01422197343930603,0.021093071588937178,0.009506569570692304,0.024918467014516707,0.025164063019895124,0.015840109200955844,0.025252949084337523,0.020681519910627007,0.0290194896576766,0.005826194893942168,0.033600105771009005,0.026157310821434864,0.013575715159199295,0.03617913562624676
2025-06-01,0.02276506012536028,0.026470751499109973,0.026832472852775,0.021947626060351288,0.02833333330015584,0.02398253114750207,0.027500558724135867,0.030168117980753823,0.02276506012536028,0.026699686578614212,0.029555008744302027,0.018717117350152593,0.014383577550186379,0.02407006136828312,0.02495850774607967,0.029527337450043635,0.029527337450043635,0.029527337450043635,0.02276506012536028,0.02617509678039358,0.02408186533702675,0.026726165082092444,0.028131447299663766,0.024519726389384027,0.024870095537470743,0.023615485247922605,0.02474219027724534,0.026317776011616986,0.02208222238773391,0.022120910933134872,0.015423655206350582,0.021826425436284342,0.02249366061964715,0.029879754298710353,0.02276506012536028,0.02276506012536028,0.027113109099763295,0.02917443046118871,0.02777676188586252,0.02993711541619726,0.028564219280373074,0.019712562293505764,0.026317776011616986,0.02475727080369741,0.022120910933134872,0.026832472852775,0.02642561743426268,0.02276506012536028,0.016144306279739624,0.023620190146977436,0.026832472852775,0.024108698711541213,0.026637640060794783,0.017990053092435232,0.026711613761168432,0.03906716286668979,0.028193274869895285,0.030182869176869593,0.029863141001889516,0.01395437554099262
2025-09-01,0.021429494974577273,0.025623633655938446,0.024782441138728347,0.018208154764483783,0.019999399674497115,0.02564787654258709,0.02432844475944387,0.02678473730454549,0.020745474868160568,0.026541462285271676,0.019710270467260625,0.013945461040806234,0.019983281013327053,0.021429494974577273,0.024139634183070927,0.025328060999038535,0.024629101962453024,0.025657733590777314,0.021311171660795446,0.01818670398557196,0.02112567930505986,0.028290570731098412,0.023675226205415126,0.021311171660795446,0.021630610492373983,0.020745823284950966,0.014115652974883382,0.02112567930505986,0.025023168271204245,0.025145534046593768,0.02317391191259099,0.01942522475025447,0.021311171660795446,0.025918544962568135,0.020834122061957092,0.020743952005177004,0.023194374742033043,0.025590302763561095,0.026827729702351272,0.01630543643911193,0.023675226205415126,0.024006886375608678,0.02300498577838595,0.022158703431052747,0.014115652974883382,0.022837830445457057,0.017550578375389772,0.0202260651949518,0.020432003472638734,0.021429494974577273,0.023028082275447743,0.011272366181408915,0.02351800021863902,0.021422014892396674,0.028257318953110906,0.018823561459360646,0.013589606751241923,0.025671596962019826,0.027481166816851817,0.010570895316462227
