,1078,1602,2086,2111,2403,2547,2751,3504,3735,4145,6266,6730,7171,7228,7241,7257,7637,8530,10115,10530,10903,11032,11376,13721,14960,15414,16101,17928,20904,22260,23812,24197,24344,24468,24856,25279,25313,27914,29127,31673,31887,34410,41818,45167,61483,61494,61574,64166,65772,126554,133366,136725,137131,141384,144559,145046,145552,152149,162887,177227
2001-03-01,0.06490089606060448,0.061845313826272987,0.06328041876432955,0.034453379721368665,0.07509686815579415,0.05729922504388082,0.008373332145397405,0.054614644509803204,0.02471561167019452,0.0415009361380899,0.041343317892528375,0.07339035213384934,0.001862925288389838,0.04735725429344908,0.020985607820398943,0.0767713860296183,0.003940122764564347,0.06496001081384419,0.04664712254793286,-0.015341668405632608,0.030857346749903525,0.0212476588446174,0.009681278392955366,,0.039785218536439876,0.049329393787231356,,,0.04760324491382505,0.027868861879189195,0.02281192553117048,0.05021591607396147,0.029732723944529176,0.002345266309079977,0.053988694934655614,0.07177682746963022,-0.010423898435632342,0.017281857992805603,-0.0010748793657199885,0.034811855610518264,0.058905562992779534,,,,0.05671126164479738,-0.003788785273556262,0.0752597719111361,0.025328919959845635,0.09261197055433583,0.01147755603794317,0.04830139784001048,0.05111490130594854,0.03810863451495853,,,,,,,
2001-06-01,0.05854505002944839,0.057560057523464964,0.04281084099312792,0.03910336495049977,0.05767408049447208,0.023094890257754505,0.029311058777388255,0.03457280822273209,0.028175991156137066,0.023358830992443562,0.03562763556489608,0.05518067862368274,0.025873192590533983,0.05302066360230402,0.0358411197869653,0.05613772410805511,0.025174638822929012,0.057738682017119104,0.05896142982594402,0.022612933994028035,0.032299876052788,0.020596827509995714,0.026257159072431754,,0.033294603737878174,0.05700064781792525,,,0.037072589836361886,0.034339291359801044,0.03888193453391819,0.04251293684801012,0.04094489497381357,0.053348271702246694,0.05128682142336091,0.05401258865429427,0.0331890382303122,0.033437421112237256,0.034187839539846505,0.0466989284581321,0.06133255415655858,,,,0.04059232400008059,0.023348281639916722,0.060017383111151484,0.02390494422299495,0.049182879690639766,0.029636034624596595,0.041714519650096676,0.04251965284926433,0.03742635581033721,0.04392840446101087,,,,,,
2001-09-01,0.05301406492679615,0.058053279235655744,0.05503628346088882,0.04787051699885228,0.06227501005512603,0.03098148096473366,0.03827192457857195,0.04278667630059333,0.04198219639313793,0.04497988432541408,0.055125152983309354,0.06242166887503365,0.033034999948253325,0.05525163814841902,0.04854190238620208,0.06986451216832813,0.0317065438842753,0.06190295095824064,0.06259526074195601,0.031077872196357017,0.04573174688883725,0.03746167171262169,0.035222071072153194,,0.04009366705435971,0.05927856316802895,,,0.046877966165389064,0.042074646794710305,0.04936235682695776,0.0411917520329065,0.059618328363422214,0.04736698152781539,0.055243912015125546,0.060300524254559944,0.04326113345696369,0.042910350733230865,0.0382083023655538,0.058950517725668776,0.04286081922680149,,,,0.05599272104841162,0.03542899821555941,0.06364637556824113,0.04161789368032026,0.05657566746378536,0.040906270523015466,0.05714886110859431,0.050101538757607686,0.04408364775965409,0.04194229130988945,,,,,,
2001-12-01,0.04996872782574804,0.06137538002081017,0.05662548204822355,0.050131230215581066,0.0629782864337405,0.036956126055026836,0.050640954744970074,0.05242745687065571,0.0481748715056296,0.050442125264620594,0.051200646997348,0.0609837819682408,0.04843125229685639,0.05907326184605712,0.054717799166536955,0.06434432321114512,0.04015389670239834,0.06169372704272522,0.06877034321601282,0.051496449740913476,0.05203160347351176,0.051093456010348336,0.053406679141725345,,0.04996902327393341,0.06989390047402427,,,0.05375766227009875,0.05419437011623091,0.060297431510792164,0.055700284117120004,0.05475731711604464,0.05191146497503589,0.05269828495166676,0.0634299305874511,0.060438952984297946,0.051690342820099655,0.05479389011915932,0.04993374797878543,0.06016082530575843,,,,0.06892732251302329,0.05114601368864572,0.06520971058288266,0.04556583866668009,0.07388232423318758,0.047310515130981994,0.061736229501806586,0.047395321036141455,0.047411034633141974,0.06544709724429965,0.07387555704646567,,,,,
2002-03-01,0.05948152493386419,0.028010338042351444,0.08083656655737562,0.04999563298972436,0.08334246400171769,0.08626420875997699,0.04725162525901991,0.0815686332923768,0.03196162954971213,0.04040228744328265,0.034039537728950485,0.06343851545457249,0.06345470217494048,0.04685261737553192,0.05140041876728139,0.10142464329296948,0.03568424399776578,0.08420612616490061,0.045545388726370026,0.045568642381106896,0.07868033792966851,0.052113698115595006,0.045458337609233734,,0.030587334300997297,0.031482737104804946,,,0.08023611089374265,0.05916079212831706,0.07191783399856527,0.01564233613348472,0.06347798224507453,0.019018641357896826,0.0666281490629096,0.06365323465500156,0.05055502565963443,0.05478575871731817,0.06293884874473984,0.06549825783223015,0.019786844140238673,,,,0.08097716004984763,0.04926530564634976,0.0719243609601612,0.04342731409584245,0.07135709935765618,0.014392027915291195,0.083474725846423,0.08221543775831171,0.05140681778100754,0.0663308394010289,0.12337115147870742,0.056664438610369974,0.12105249351429341,,,
2002-06-01,0.02311240313737,-0.007942776133084624,0.012505539323216082,0.04408170794012647,0.06147049395098109,0.06011574100941334,0.028589378284768072,0.07967637727793143,0.020352995090830096,0.028403675150264915,0.019653212180251137,0.026446408330690865,0.03376398828351388,-0.001001700329621837,0.04093888342873514,0.056910611638104125,0.011883328756877648,0.06393930725070994,0.03892670901262051,0.028012569933867085,0.06535219938877089,0.02300942347175047,0.024424196145934232,,-0.009287920234458177,0.043938768900825514,,,0.07313665171178195,0.0459410539977288,0.022687194759295086,0.02404891270670309,0.02120919468280933,-0.030554895158330528,0.07388588604904149,0.047757993014035056,0.02739204905536999,0.03110462173670384,0.03233029934554101,0.055962113661430404,0.030445997434890217,,,,0.06581678254515276,0.023218356554714686,0.07425377296177911,0.006694399194639093,0.024972919220727058,-0.004803697700531021,0.07627408549103451,0.06168053179827033,0.024711885028793176,0.05443659446412021,0.10126334522730258,0.03155225790329158,0.09763508095218597,,,
2002-09-01,0.04622524299751474,0.043628721544455046,0.03308262174868223,0.046645345712427275,0.06329054054218487,0.04770147281221501,0.036665917457647565,0.058049638504867794,0.04438249643388019,0.03563544538104015,0.0425876785554361,0.04173411807861225,0.053447129166154725,0.02909531616610658,0.05062371833853835,0.04832654507556043,0.02794929559314057,0.045891562266957286,0.062498902240037665,0.05064519471056415,0.06158639891537433,0.05331147969045877,0.04146500942976305,,0.02867105579098253,0.0558161637930899,,,0.04736170662017817,0.056175349934061064,0.05906560566808003,0.039952510623254354,0.05589436320288838,0.00010442793382756745,0.046828422157000844,0.03560277530207146,0.06545275325150325,0.04794598656522276,0.06615426204566209,0.05726745213127246,0.04851588397976954,,,,0.039965413883319444,0.045532459710658175,0.05856391620817929,0.045586194570821206,0.049697707159597114,0.04565985856465187,0.07209338997722053,0.06846602062916328,0.035553015581614396,0.06316280007884449,0.056185574379421795,0.03873106547591554,0.0831580895813929,,,
2002-12-01,0.059424892917183676,-0.013021791822140773,0.04970249379168287,0.035081162375745815,0.06626791471501768,0.05265380256008059,0.011840868699146896,0.044500036499071395,0.02794889784120853,0.0836181974290197,0.039223808095532615,0.04626596682974899,0.06553490799288517,-0.020779413161677286,0.06434160162453723,0.06605717175263931,0.030139049559358498,0.08988258129518341,0.008988792928797739,0.04695228824201164,0.05440787471639722,0.028521070350315956,0.04485024196137192,,0.021117750398236455,0.010595650065762489,,,0.06641975225192896,0.03029889624456251,0.011708585661055825,0.025038817400681895,0.01263773203660872,-0.03163297633706735,0.050066803418228424,0.044793465673405336,0.037245303818377,0.05377947309845075,0.06402037550635975,0.07424475297166075,0.039617834875824605,,,,0.10538554095907844,0.030042238188865877,0.060812864721354394,0.05413058443384688,0.040752373025847784,0.03219960164719242,0.051428155266726006,0.06775332870567329,0.01669129955613939,0.071448879033508,0.06914494143434882,0.0480542007326645,0.06948289868215989,,,
2003-03-01,0.048432404992903605,-0.004400885221883235,0.05969856103193704,0.03464079355230905,0.05216395920038348,0.06911883474674603,0.03373462880610138,0.04084791485325103,0.03357497827276651,0.023435531889165348,0.03141801215910807,0.03803105651215126,0.06797557260380224,0.026049865372322224,0.06371291424329133,0.047379781128902725,0.024854305349245317,0.08034233321334186,0.048817773516933984,0.05776834298497006,0.06586982076420843,0.041225408050742846,0.04424166028767114,,0.05127925017232727,0.027377621377461133,,,0.07053770025989226,0.051572747302554484,0.016344473876884764,0.031249565807014525,0.027011870753600103,0.013853048506685596,0.024104971326249097,0.014245300469362,0.051045034987662934,0.058699899981360326,0.06742358580174736,0.0710049425502378,0.03181272852415973,,,,0.08735519873877068,0.043561456426631055,0.06880905834998964,0.05233394134373346,0.050597780347466516,0.03962219176970649,0.06221328183738994,0.0716184192613198,0.02982110071606635,0.0777702709025065,0.06885325935587622,0.0467813118894213,0.08269610170154705,,,
2003-06-01,0.037889075896406235,-0.03848753607332449,0.06155643326600019,0.03935932905758222,0.052294083861683764,0.07831663344693272,0.02890642802798582,0.04700127931594058,0.02472031435414146,0.030931767450216488,0.0244276199203562,-0.0068741373206109724,0.06527801146503424,0.018760960635119762,0.05880571710791958,0.038296976205543,0.03528361967742549,0.06701659503386595,0.03438181170005958,0.05212460819726579,0.06574823873601435,0.04790298551736065,0.07030712477364046,,0.014296686529771348,0.05887401877851932,,,0.07244270802536147,0.03267242364186993,0.041723937717204104,0.01748011341449942,0.04274291561133471,-0.002492796548238515,0.08658287351105579,0.026541396036677975,0.03353848206314402,0.04879131396767009,0.09036432193265245,0.06657719403447981,0.05080585483093256,,,,0.10256783685293742,0.04176698722939193,0.0703195681522221,0.04299006569096492,0.038551016212475364,0.05649776346105912,0.06971351697793733,0.0775367310302469,0.023960516279197104,0.0726656092344067,0.058140333135211844,0.04448634748583795,0.0887695057682347,,,
2003-09-01,-0.023202400455460875,-0.029802434723042358,0.020304645825842012,0.016282335177869398,0.03872833482025185,0.06922067203908626,0.010313814605119721,0.029146492228628695,0.03130006680985319,0.03417091065399083,0.012516193995487116,0.002499754576725713,0.02328830481727638,-0.01411241107877463,0.06384277312997826,0.015362711841532843,0.009831039935239767,0.014146473619209801,0.04324184488409102,0.05089367009683528,0.061739724460388966,0.05854652094704597,0.0526602366383116,,0.023980280796475153,0.026729588568759663,,,0.04808339144638924,0.06272516164724021,0.017041920381557937,0.012720965121831523,-0.016836978298960376,-0.03726969631423887,0.03865704916710659,0.018183953458829134,0.03335912011818453,0.05506735309853892,0.051263912382293185,0.07341756268768529,0.007610063627544939,,,,0.08774117525688388,0.03548286419673334,0.059407535953616794,0.033888905109499184,0.021178423922801226,0.038842026926555105,0.05974870525435281,0.04737089656553089,0.009584677024710608,0.05744391808173833,0.030658184657003703,0.03483598075418915,0.08902893968379064,,,
2003-12-01,0.006755576746063429,-0.03435697365220387,0.043031329986273376,-0.014138401870910618,0.036209211927734776,0.08113750984759777,0.0031474834594707457,0.021406312345369657,0.02437655657462947,0.02328164924414826,0.015377135951864273,0.004939323013600499,0.03862595773670884,0.005973987183559888,0.05021797376580458,0.015193150057257267,0.01313449966588118,-0.0036453480862143994,0.014790096132415309,0.045094627727294744,0.06549146418437501,0.03433868046331915,0.014878765515562211,,0.040851810855031125,0.02194565313518739,,,0.06705586590634376,0.03817480332214614,0.00808338697952686,0.0029040537931505263,0.010355017245630864,-0.02175683263990754,0.005900184746420408,0.009701361082928253,0.019808685255241862,0.030777117317495058,0.0357514861831364,0.06146814766966451,-0.0076632536354771874,,,,0.08276752709754673,0.029052645742027827,0.05892135109093546,0.029904864692413137,0.00551311665036012,-0.007884091608167738,0.051748997291918265,0.049018123118875566,0.0021851082632475395,0.05167788167588325,0.013239238315462079,0.020708681765891388,0.0637562456347686,0.029288336751872066,,
2004-03-01,0.00681981915357269,-0.028941619213085773,0.037143058137714124,-0.00423138421791985,0.03462224765117389,0.060463932605280574,0.012292820449627137,0.023977670493409087,0.02631431577152007,0.01895654227325898,0.014270485791382818,0.014286470192174732,0.03204499130864717,0.013815607577817085,0.04411249505451516,0.01737368932180131,0.021563204018301432,-0.026811770230827956,0.010535966563127776,0.025601417556738008,0.04584968901899975,0.023046689193602265,0.010222074907121601,,0.0133160883249572,0.011334478809546703,,,0.04080155304195197,0.04357086647002891,0.00660267447317942,0.003543103835795786,0.0038912109040040695,-0.02027180140622614,-0.005272688937444179,-0.012586388004289208,0.021276696746132116,0.014094829221796256,-0.007014939264652783,0.05254935571995348,-0.006101429619518919,,,,0.05968946026937193,0.03567579177021603,0.03698790812568914,0.013291228048756886,0.00022001764015316784,-0.025753361137534722,0.05701830298586905,0.019657621431841018,-0.01812816092785208,0.023042187118832023,-0.029288184529550478,0.014688429512471316,0.06965994940798216,0.03022518147931544,,
2004-06-01,0.005249748113074577,-0.01000572597706738,0.04062683317091261,-0.0026117537394303634,0.023051954386775167,0.051281354297601035,0.004512976747897085,0.03821109256966768,0.02292896761924156,-0.003329676209508549,0.007207894276595345,-0.027389455857990807,0.029352820822606242,0.014451622973606157,0.03385855037415562,0.01945282036281955,-0.014903691219946398,0.0067663783096915545,0.008704716333630489,0.018295809157617755,0.036816668163333455,0.020646500288586396,0.02413915096136501,,0.010412284629127595,0.0004910767404788068,,,0.03004689788959325,0.03437857521476017,-0.015425562838424046,0.028568874389213437,0.018850492664487933,-0.014607870943338853,0.01538617181136915,-5.543686477563277e-05,0.010843311071093622,0.02369383168195012,-0.009891493691869991,0.046533011278308084,0.01863837308937724,,,,0.0620719160159934,0.01856377909847104,0.01803293096310544,0.012382826661002945,-0.011348962598953054,0.009398964523254616,0.03434829236206906,0.01513486375826916,-0.010381415466340319,0.02624860351959829,-0.041638176499399944,0.012112478739093477,0.0708235794659028,0.03619856044082922,,
2004-09-01,0.03194582492941321,0.010589488644304201,0.02558479698168158,0.009203186014572042,0.04457865455661054,0.04719634374036026,0.0045960729600349175,0.04039994170285825,0.0304037133394206,0.018844744786188628,0.024376533269603238,0.012997490716870019,0.024954233944578394,-0.0006333374359000326,0.03356137102012661,0.028084707960259105,0.007125296424191396,0.012714040643011338,-0.0016096806055011378,0.013658195088517976,0.03813466907587879,0.03724048249373589,0.020372490556563115,,0.01581959614705606,-0.011896602953308837,,,0.02156143944618948,0.027123196979992634,-0.008942518022029148,0.021360171796917286,0.05127050976903075,-0.009024875095119086,0.004473080948092221,-0.01529038874868309,0.03415784809265732,0.04832531086912071,0.03497686912745406,0.06211047665291888,0.01220461416200282,,,,0.040703096642128206,0.027942856013680604,0.0003142354431906099,0.02549102317904137,-0.00847330142246094,0.0024136764543600444,0.064309896998948,0.04088058977612797,-0.004255152887904752,0.02119558049891105,-0.042127821809154815,0.02981847265393546,0.0722244487220772,0.035070193309127834,,
2004-12-01,0.02166298542648441,-0.008055988311893462,0.014374465803161802,-0.015215539087485302,0.02441038079519881,0.06199549222566894,0.004304305865597215,0.043457994811436966,0.03412194186206502,0.03420688215594383,0.017534390812040595,-0.0010595071132120184,0.06394307235556915,-0.002849723144144362,0.04079693263724846,0.030325995987198477,0.0014035066666710171,0.0329602238875828,-0.01373286350608589,0.040627130769518585,0.012475777488938881,0.04445502924242234,0.012886510353719826,,-0.018097853299938862,0.0010512375521793899,,,0.06374797520343954,0.03171456068218854,0.010745551400888759,0.04073954178026478,0.05489479401210083,-0.0222716906225434,0.025859527912206533,0.0031631485069690186,0.03946432801813954,0.05663391809473945,0.03163429242535574,0.06753817617737733,0.024460997310086552,,,,0.05814104293925779,0.03002691883831251,-0.0038756387452698886,0.0033634460623618153,-0.014868293976117058,-0.001652360349046241,0.03120705296309343,0.02282685158233419,-0.016794801828299736,0.0474427360238709,-0.022451872511272595,0.011368690200446459,0.06165124985601627,0.034566588949500585,,
2005-03-01,0.005296829233757204,-0.0017314394846094886,-0.006880820757024417,-0.0033724177625259187,0.026980993069564935,0.04816246725300237,0.002666809333345498,0.005569087593410603,0.037679825314945146,0.030428169711843044,-0.0048147554450376625,-0.0010469458966848055,0.0303763097573037,-0.005739465784305678,0.04057106264582762,0.04135618645523018,0.0026280900440323177,0.042067002651233025,0.009929191586877134,0.03297470953064299,0.011707923307403396,0.039218084868941176,0.01616610022820015,,0.001107754638853551,0.00013346437616874467,,,0.029266887393858694,0.05803266774998278,0.0004008315710257245,0.044547188817062364,0.06691715657950055,-0.017956621302665753,0.004389383350969153,0.035379063376632366,0.03276436354130993,0.03169903298944298,0.022565379585697737,0.06070552253031876,0.013723521909467813,,,,0.059205641694482974,0.03705916868287875,0.021088405053146353,0.014052642058750897,-0.007095626330622261,0.013759077904192235,0.05924869300515459,0.02043045594376981,-0.015350938705213922,0.050292610571206396,0.002291945061621177,0.00021878315572124488,0.056661541234577145,0.0397510722560354,,
2005-06-01,0.0047683688535245785,0.010341084517273119,0.012052953486315236,0.006647952039649705,0.03307555138505951,0.04192271471058231,0.006126159588036165,0.03587027997109656,0.0383614626135787,0.027203966600948898,0.020919288579677203,0.0018166609485270907,0.027434999421111366,-0.012218696572752768,0.03472909152385188,0.024166680388070266,0.01689416575290978,0.027566992021878494,0.0068013400777018375,0.06895069277072988,0.0177448843801091,0.037984684603578074,0.027188324036579267,,0.0060548392859348325,0.022498343784164883,,,0.02234779903457791,0.04032958022396269,0.03829863181759471,0.039296123456916486,0.08016148411894326,0.015652230945821733,0.006048981157592571,0.05080262969426311,0.03262834909039137,0.015715598189866994,0.028334562150213058,0.060604540433324056,0.022790674728477622,,,,0.0641164235890763,0.030889085173578502,0.023092194885598886,0.017859360646054916,-0.002486444763819946,-0.002405862208086016,0.06877749963955188,0.02385101623312674,-0.0067194053121309395,0.06229477186768317,0.007919624104633807,0.014444492795501206,0.06704335877774968,0.04116851317705105,,
2005-09-01,0.022006708022076053,0.009795645731493472,0.013875654848722217,0.014920086328564761,0.030614451524015082,0.0321131945236883,0.004200930829600631,0.03291365250310821,0.037607863837741055,0.04112283362408348,0.02305966062631837,-0.012789205087464254,0.010852927443840199,-0.012813073807204669,0.03599839368006555,0.035551764678412125,0.03096743412651428,0.031678403484030705,0.014019492789542226,0.045072499987227566,0.024177909879966455,0.027073260141747747,0.01445972790283219,,0.01283970269595291,0.02083565906243128,,,0.024750085507574578,0.03229808808766009,0.01759992627535956,0.049830038153612276,0.04136131510934825,-0.006496350368249887,0.013533743829754877,0.04697842583968228,0.03348679485250014,0.006494626523576802,0.029004732662147446,0.05453941555165595,0.018528431825564632,,,,0.03590039886485093,0.025566789355721018,0.02972667980508349,0.025461039900163514,-0.0017620676690155521,-0.008002305699462421,0.043444838582755774,0.029121052808876554,-0.0008632939980259196,0.06072520887294272,0.01787555707087385,0.01269248478246766,0.059396293251784395,0.03925162451733241,0.03775753969270174,
2005-12-01,0.02447362141749221,0.00775802821952517,-0.00348344279708328,0.004824753426524425,0.033182242742984376,0.036218828256464,-0.0038798438000024406,0.01564381220527097,0.03430090303727454,0.026684257842022944,0.014927710944218662,-0.006907308316706979,0.0043976515836379815,0.0033102417761659087,0.025031657021270633,0.028857407657739063,0.023508925822628073,0.026449016055943377,-0.0042342414858387864,0.02222122960539668,0.013110934945421,0.03815415770372481,0.01067617932659322,,0.015825861433782208,0.0007174739890816913,,,0.01849298241057286,0.03535785768537731,0.005785205275321846,0.03946921968946338,0.028041778613737176,0.00841949564361371,0.0010037587417735952,0.03556826571265929,0.03542065335330877,-0.021647286625129703,0.04325278194763149,0.02426986377271768,0.014734721308533493,,,,0.034336879022172834,0.018251978890719795,0.036852885342231884,0.01471532386030294,9.387926437364686e-05,0.008819588478705948,0.056587503778965896,0.0037987165468041004,0.011027188338623536,0.05222317210818094,0.006522070545027836,0.01102556157176456,0.05717695824914343,0.03818531040386881,0.03238194800923814,
2006-03-01,0.020326069132448853,0.01425103205636464,0.023026877527817752,0.01165136320134072,0.03828604007944606,0.03236598128004695,0.0023328728286155826,0.03542757260796547,0.043373267839448934,0.030527157483765742,0.015296173503081188,-0.0014443072480796982,0.003726703657348335,0.005448131515408589,0.04635419869984427,0.026387882825445675,0.032718224315614323,0.03568239873745597,0.01629550318184341,0.03730935505670939,0.017590314077864704,0.0437350711555639,0.0415894073680869,,0.018811257532487264,-0.003982495038190428,,,0.020856212736919635,0.049502057307618016,-0.003179205710466851,0.05749058291576877,0.008017276191539758,-0.012036987310212405,0.020905880173829983,0.027163879699675184,0.04660372870539405,-0.008525991372406382,0.06336364762298287,0.047331107054700366,0.025401746288433395,,,,0.029675530839759816,0.035591822052885205,0.0674517055715068,0.016566011552556922,-0.0051401381345614105,0.006130056723537131,0.05843986495837564,0.03876353303319298,0.035380642873080535,0.04045946877402556,0.01645408169647129,0.02419722538991279,0.06542380124775644,0.049000038140075045,0.047655062209296585,
2006-06-01,0.020756875206510993,0.015057146302182889,0.007089731170768787,0.01449159705728409,0.03493335258205559,0.03077017539314369,0.008702609155318923,0.02050811610083228,0.031395708165460404,0.03658169579976602,0.017728436839977227,-0.008727690654826521,0.01803889941481371,0.007662456355419397,0.032538756904701406,0.011857493523865392,0.025529569502815194,0.032385939289910855,0.012655293814316933,0.005956344983095579,0.01791841944808804,0.05011654364992426,0.021011526164220196,,0.013651137788999693,-0.0043803302543872205,,,-0.0009155559732590749,0.053557282537671905,-0.0009811775659392405,0.016973901708737027,-0.010344522079172948,0.0032219118885884364,-0.004381760040656912,0.03332832195564977,0.018782262737333032,-0.00022501384513274616,0.08083780498532821,0.04923920894262295,0.019740648816044218,,,,0.029340205127926896,0.03109748334508371,0.04508833585631306,0.016499685323984208,-0.0161170002471561,0.011490642526187991,0.06493840190433992,-0.0028510181165867054,0.012464397383609337,0.041136796269251076,0.009919881200416661,0.024242398744961705,0.04647639101525089,0.035874180482144566,0.02972811927605206,
2006-09-01,0.017621199340810297,-0.01595456263418138,0.018976326782826406,0.014326595683895098,0.036841612513137424,0.04738436899442816,-0.004454434048773104,0.06461872110950705,0.032714225413193146,0.057927250824368635,0.022760608480887637,0.007617100946613016,0.013192567437855246,-0.0042700250231325594,0.03706012929167547,0.013938378795315464,0.02802788308942242,0.04777252822220291,0.027475478313818507,0.012579570332075237,0.017290172128982397,0.05475184638654296,0.02854506545020212,,0.016233007562782273,0.0002355266496456999,,,-0.0033512145787726226,0.0539462580698534,0.012778576220208428,0.057216435828004994,0.004308511086235909,0.007134601194551709,0.039372730359686685,0.05201566037932653,0.026670113454353755,0.009065337166545345,0.10378670689362805,0.04704582877180997,0.0022824452489131285,,,,0.03531343329813754,0.024099365159043904,0.05049979119860589,0.009502565132248059,-0.002829458635853947,0.042682101793291904,0.06627254020958416,-0.00897392965209807,0.04797463833218397,0.05904945197587181,0.01712197668802536,0.027108945604886733,0.04313150744652923,0.04084403725140053,0.01853729238268601,
2006-12-01,0.004116604395485542,0.008350077915143646,0.012238479210541064,0.01839952683897761,0.01112584396131873,0.04619551071069838,0.012730864885263997,0.021592018531290294,0.023980445820877116,0.06200376362727854,0.03353202318439379,0.016415588328955205,0.020010075121498504,0.01162577063267989,0.035281098445016035,0.01553960073371938,0.03769385104139431,0.030861188811745304,0.012589087702348293,0.012006231442677526,0.0460129017546274,0.044998927169827105,0.026747242446627868,,0.019380409011586833,0.010882409843234412,,,0.008896798852311438,0.04834972634943046,0.008796546606327407,0.05515153017149372,-0.01848611942841469,0.02603494419456746,0.008425223226348212,0.03036192147899183,0.03459277709017098,0.03132282241713891,0.08658243501619046,0.056276087478482686,0.02969085527306241,,,,0.045395128737171345,0.02951964292600285,0.0436311006164566,0.024910519173580933,0.008020159103671036,0.033939483738506124,0.06542131913449124,0.007199338544774346,0.03145841617085147,0.04254130186050504,0.02233405624701042,0.046840602649312245,0.08325091656355975,0.06441649960448904,0.03140410555270805,
2007-03-01,6.633588667972954e-05,0.010748524844759511,0.012068117509402659,-0.0031875059139987207,0.01767021886840519,0.03833280487200954,0.02561869196363434,0.03283599130614557,0.01718505554811319,0.04525838757853298,0.017771775467867765,-0.011608948339699216,0.04133480501279758,0.016483702582550518,0.03287872446714106,-0.00516203137497636,0.04409148110172991,0.041354649265444084,0.01926282588902194,0.009426676764261606,0.036910700150702726,0.046721850516539994,0.027281510944855297,,0.015223269418065826,0.01143213366159309,,,0.011051026645495015,0.09913582668590476,-0.008664334576746213,0.04604082104165083,0.0001110846909927088,0.0022068664777616536,0.03829112763590458,0.0587768490440227,0.046941093276815685,0.03111638427357009,0.0662199627346015,0.06656312668188331,0.03693530120894713,,,,0.04416856736805111,0.0435783043336917,0.03546375396714648,0.02080091104722576,0.005612104919666386,0.02230238291701479,0.06307058622035457,0.014717149342734095,0.03687230183707168,0.05832873198158927,0.025567942525713615,0.051423851241534715,0.06949591150308292,0.07592364985857841,0.0588166054049012,
2007-06-01,-0.004215407764924241,0.00967954710331839,0.00242989873767644,0.015307614234126568,0.018571631263599345,0.0390436992130767,0.029242372540023476,0.04632837057831859,0.022782951371551285,0.025898126948561515,0.013272747524038501,-0.004270684609472517,0.04469421162557814,0.010812479760329466,0.04661490977716542,0.0024889220430593167,0.026714919957376,0.045195140009754636,0.006419684902912769,0.014274166068636223,0.03592843443577694,0.043524968268795615,0.03247149585287703,,0.014818477285529943,0.02252891224188158,,,0.00025770275698399215,,0.015414710078102285,0.043744533578918735,0.009343145675564744,0.029576785637326148,0.041302582068311854,0.03392563799265452,0.04768724779757677,0.029374160991794174,0.05643755320944846,0.05287389193824742,0.028169273152250505,,,,0.04826793461036019,0.036531528983194186,0.019683774158099396,0.013855255211365953,0.004239932652758653,0.012176401293047598,0.06862257561236756,0.012505355531792297,0.02638473379885943,0.047239824791227826,0.019286986180970977,0.047468334375295324,0.08842335687226303,0.07348818740380661,0.06131521822880966,
2007-09-01,0.006768344207439474,0.019596003056336467,0.012608334716153604,0.019362242407875537,0.007926484063163396,0.04344849795825191,0.02047172786123183,0.04750143804033923,0.01743779819244673,0.03722807651233913,0.013271491696592957,0.004889947696643826,0.02707310596677206,0.0017353633931462531,0.053698048871734516,0.012054609685537232,,0.0148753249330351,0.018744046674297847,0.025236043369926155,0.028069920616227803,0.0515748251879711,0.03356734114930245,,0.028423092277609464,0.021826614514688744,,,0.02499537485153893,,0.019771466481932294,0.023941282470505712,0.004116964764400031,0.010965706766766694,0.04641903570456537,0.03692075317232841,0.004489923033315301,0.03356152719519759,0.04483898425665728,0.05037308649949925,0.03781210791274268,,,,0.047982865178549924,0.03522657368145545,0.030054940677105162,0.02105400179160201,0.010594813536687418,0.012397097658309607,0.06683577032327434,0.015417069456419264,0.019607346339996234,0.04713591264331407,0.020035803755636735,0.04586688677746575,0.06792874609303691,0.06940300266977173,0.046404378241959025,-0.0011621427102597051
2007-12-01,0.004562263135307511,-0.0038035502501739377,0.017667477225888295,0.024068789824924153,0.024517796219009708,0.03985504789741439,0.026435711085454092,0.05663635969657365,0.027794832036784647,0.03085607624065836,0.02171092729896967,0.018767519039165632,0.03468298082183174,0.017683100682858024,0.0452647306800873,0.022557431637059176,,0.009294204031781671,0.023520617133119464,0.03949686209762197,0.03296385376875871,0.05434086455486922,0.03498688893930332,,0.04060584016380664,0.0048811201460998484,,,0.03028272995287507,,0.027399383457271415,0.03701425478962626,0.030645206847822924,-0.004168207891467186,0.03158898673812961,0.04601823294978169,0.03992683897898217,0.026457197160907057,0.048787940926018625,0.057791941266208964,0.0058638487126470625,,,,0.03672385322822123,0.029805833654825285,0.03477409121227162,0.021714898974154472,0.0268391637954546,0.02674291587021427,0.05935210732378925,0.006097008824851711,0.04732546670411374,0.021613343437813362,-0.0013436291805151877,0.05351033061566593,0.07864434324421783,0.05972407947695159,0.0713734536822546,-0.004555500527945483
2008-03-01,0.007528081930522744,0.02244204243551481,0.01451605846786609,0.024506469433627075,0.03396484501374498,0.04699498944491261,0.025433027922778885,0.033547212403617556,0.02182195867456548,0.04808257243385891,0.023158244824946703,0.013408774013353246,0.039879840037860555,-0.016360655122511242,0.03509065320646324,0.0012353797772226703,,0.0408693682242391,0.02443342166975641,0.03735319508337404,0.034575533541333,0.058415817203588544,0.02060011280320926,,0.02307338944277882,0.022186962449893707,,,0.012323894340191023,,0.011096518216256956,0.017141536845496165,0.03799440601842761,0.016940070800784312,0.050394562433075364,0.053036423487602354,0.022032650005738202,0.023535114346140428,0.048937221986137557,0.053879673309744455,-0.005568886615236682,,,,0.040892911401800174,0.035643163567670604,0.013891431143951178,0.020672103148859006,0.012947456653090116,0.0038941461720149355,0.03434107546618861,-0.013439908173370783,0.015673016082749253,0.02629513465684831,0.036240503327855646,0.05485599970667843,0.03463955695638359,0.06213003436981751,0.057696625371345636,0.014038472705015695
2008-06-01,0.0034592118959222355,0.037715082983978125,0.011813732277806015,0.026292370885512596,0.037203792219169696,0.03343306659687846,0.04069313895695467,0.051894521878998165,0.02890518943989934,0.03410001722798393,0.01586625828251673,0.02097954525967414,0.05388570045141689,0.009148101006846454,0.03935205394968452,0.0071911082416172955,0.06084830967693903,0.04347081762115804,0.025356909363522914,0.032394762213678936,0.06097427933602507,0.06331065726092396,0.03635280676413576,,0.02993773995935651,0.037175176743143024,,,0.034625641425992136,,0.01751126311070613,0.047258780383853526,0.030507989532596126,0.016909697318673554,0.0368156290334384,0.06065153263874259,0.04543482539820139,0.04635226319056913,0.0664549914802805,0.06570954437041157,0.04375218611003715,,,,0.05538092002647131,0.028531585625908483,0.015002284662936126,0.029109612394089823,0.022108120533546473,0.025444143457042923,0.04964041757392446,-0.0004776204690704708,0.03045012049510284,0.05848060492221234,0.03222175760848823,0.06894430820580692,0.09282154744713005,0.0781962907064173,0.08691974211097321,0.030722960364797696
2008-09-01,0.009286163612328851,0.024205553220770334,0.01166466171000663,0.020238508455365525,0.02354326348883272,0.053954044061343465,0.04203173374598938,0.06714074685714864,0.037183210677950586,0.032436354309152156,0.01738634708556966,0.021711559276402465,0.04590897916497734,0.006175006424326799,0.053678411908369306,0.01933522898326437,0.058566630390954354,0.04052489287220022,0.022835780840544145,0.04414072945236674,0.061517470334538464,0.05206490823448972,0.04335005703052314,,0.030118423729642275,0.022779739777790485,,,0.053511490283321986,,0.018130010791853543,0.046891347921093465,0.02287823569649218,0.018986126162379477,0.03753178842900339,0.036350028554893214,0.033791890646665074,0.06504823364566059,0.06967195206115787,0.061556511729947194,0.03523416726600151,,,,0.05040197995065737,0.05858552566022196,0.024469608175944166,0.027451651472658087,0.024004464747724188,0.025021161217000737,0.055135141781629454,0.006764358297762736,0.03514426325243115,0.04219083893075507,0.030072591890874113,0.06729262538755747,0.09291320110691884,0.07657311178013401,0.08572008847257682,0.01910000398722973
2008-12-01,0.016998294711952747,0.026257631682142988,0.01057233665525794,0.02285455305173298,0.02658519797587857,0.07202883654337004,0.043818554155301434,0.08562084671241352,0.044734852919106054,0.038028011701356806,0.014692293544381908,0.011878184366441877,0.05775827215499129,0.018748438506815835,0.05734711175426765,0.01662270721841176,0.07176505626135285,0.04488782289354962,0.035021698743865376,0.053739273021937886,0.07249118602963858,0.056469432810506814,0.02529261183547531,,0.042323468627697466,0.02279740859102871,,,0.044778549068864526,,0.012158607827519902,0.044582802020721096,0.015194583098545017,0.03580996412452312,0.03721384133368812,0.043443482537978494,0.01588346387660407,0.06426703666050533,0.060844799549678766,0.07103610732439535,0.04522504251981004,,,,0.04059352077678535,0.053973688284426134,0.028506145801303465,0.02478582808185875,0.03215363966966686,0.03489468623702656,0.05745989199474008,0.018677562572239848,0.04891633550161285,0.05208692389701299,0.037159096030789096,0.07141436942863993,0.08184580981079047,0.0727849490497442,0.08135508664314953,0.0485553429461632
2009-03-01,0.015643595396210845,0.03336955710387983,0.02012966160415572,0.02922625062893809,0.03543739620667225,0.08019929541861831,0.057279370987633894,0.08703011000648622,0.05560990966971612,0.0700026915189135,0.021587276407265602,0.022092713724972398,0.07029850216067707,0.027807248638557453,0.07291061319763871,0.025537723290318767,0.05968566420943186,0.022456411332307424,0.03912879082095157,0.06290215821020483,0.08710225118373638,0.07556346913460767,0.0445915625316049,,0.032509001478430145,0.033500324964658115,,,0.048692014629754594,,0.001433710799241588,0.048593554726257614,0.03646399062374819,0.045260785849361725,0.0408218139244814,0.06389417624907763,0.05526769383647885,0.07948576728833132,0.08723169319612198,0.07477352250987498,0.04665955971216956,,,,0.054817572298638935,0.08169835731956286,0.02457846585746546,0.03455988357683634,0.03401477831153799,0.04989288335598432,0.060628023968301054,0.055215277874966044,0.05361210739302773,0.07012123662553442,0.061443692678277345,0.0785767027188748,0.09903171107853549,0.0854466040168624,0.09768674794955923,0.05934876067018404
2009-06-01,0.007076581641694416,0.01959544402604193,0.009156317561203752,0.016945194909390334,0.031109499003074248,0.0706122593300411,0.04541063809218808,0.06625843244875791,0.04706218868411106,0.0618127393115087,0.011553431068860056,0.005148821550290187,0.05623834485151408,-0.007702335518485653,0.058366625191185226,0.015448828558762083,0.07339912832266067,0.05080043360971592,0.019618515911225456,0.04700414456086901,0.07131968287486877,0.06563557360869535,0.047548533982081594,,0.015853488801304598,0.03807123753733552,,,0.051864203477038885,,0.02094891965629304,0.04121279619686125,-0.010562033250110642,0.024718112580185192,0.035303265973541234,0.05767546094229072,0.0599607895706645,0.07048412935297829,0.0817748645118994,0.05806402786373007,0.04870958812392288,,,,0.06533876253505433,0.06762032888414024,0.011687645667746556,0.016726449470444885,0.0272166602801208,0.03524700129247337,0.06355133186402047,0.04522410191536767,0.05156077946830597,0.04486763255850504,0.04983079501845858,0.05858571704216709,0.09151914940188983,0.07977721155637535,0.06356902514160173,0.06178321626001412
2009-09-01,0.01425908933221649,0.02092776053919347,0.017925118345421272,0.013821163363877474,0.030378026393635415,0.05863602698742612,0.04906844975325374,0.06744613188434118,0.03724050744765397,0.03788915690601542,0.018693520080586744,0.012881702130991874,0.04557099775821036,0.0030727637449014023,0.04999687683324441,0.011685209847349658,0.059546277899056026,0.036404152322145944,0.02742051865481816,0.04374542735576559,0.0540573308187994,0.05744180901327271,0.047459820510297526,,0.025398743838313916,0.029972009692689112,,,0.05028900998196239,,0.014739768026325093,0.03733843733126864,-0.008022170485276335,0.03616622290705614,0.035386910527853685,0.05696222403723414,0.03243864991056699,0.05339773787373311,0.0768161244038065,0.058552074809257636,0.031107883204160868,,,,0.0500306858352528,0.057857114832045226,0.025988477463702586,0.013897613727156253,0.031369796827736704,0.00998006416671581,0.04965453204016044,0.03718720682441597,0.04342718438887712,0.04251476286021596,0.0468497107014513,0.05332178137937011,0.07746967282908862,0.061354936202292196,0.06401450553394195,0.07192891907151504
2009-12-01,0.014580009299659828,0.023463979508357616,0.01590467133235969,0.015167297934532371,0.02100518184788267,0.06908524883119269,0.04341329871938784,0.06544258669988925,0.03684957953710539,0.0275132645817,0.013009649663994394,0.013630325997204682,0.037950298703428066,0.011926913221269542,0.04992190172374218,0.01772561528794578,0.055231262411767866,0.03507556983109223,0.030533489369297274,0.04634330435353883,0.06979992357516314,0.05322841458874869,0.03674967221948215,,0.027375549587199836,0.024718711613398878,,,0.029334572590641636,,0.015067299358660594,0.02387477775083504,0.0031517681867476747,0.03989201755502193,0.03033341334828756,0.05128302377297363,0.03285087566189441,0.06408473575667462,0.06497656040034615,0.046019512502235765,0.03296045964021111,,,,0.037907436265453925,0.051383466193686445,0.028757059745795805,0.025682281852989992,0.02241050207424014,0.001158911140650511,0.04942104870617759,0.010720672584067767,0.04183143283815793,0.04850454798902872,0.0447861078248426,0.0627796921065789,0.09156540472402976,0.07173545816384824,0.08038035971982022,0.04209685279351855
2010-03-01,0.006773736087209851,0.00856651172938418,0.0031343344745001257,0.007605557470240754,0.012506245869133667,0.03883326773121558,0.032396602885010964,0.04261769367714296,0.015040277723190396,0.03092229221064925,0.004992267371627493,0.013288084766069115,0.03059943979853633,0.005346872815595341,0.043682835751803505,0.012786109874683621,0.009026721705588985,-0.004492909262373357,0.009869911922119142,0.02686090090185289,0.047486539495389064,0.03708403536783405,0.026562399348196396,,0.0250315660871394,0.015196678425129558,,,0.03163632302618013,,0.013469603014266742,0.019310120614196926,0.003419329693044223,0.013497298871113485,0.021365284277161372,0.04078293740325211,0.017771063888950524,0.040604017879182414,0.03327708933729896,0.04025410506463355,0.017876336453694474,,,,0.027118349923442763,0.03437252574528754,0.01406304664940363,0.01252648658918182,0.01199666079160825,0.013232222846883841,0.028944785057661147,0.004813057866056901,0.0265396691568958,0.03171300443493442,0.01626686851657958,0.039839553981575036,0.06866622785966311,0.04767368611785634,0.04866225950901402,0.024799312584652504
2010-06-01,0.00446328778368757,0.006419899003088361,0.001135222315561673,-0.0028957569485095896,0.004285535445770581,0.03966825763838826,0.022098502818888727,0.02452947496829827,0.012975722312608368,0.018462816530126346,-0.0009893126860355912,0.00897251151848243,0.01708736328297505,-0.0010098813959070337,0.031375727353331835,-0.006538652384264749,0.028763537192213934,0.026229059451324744,8.522432821226982e-05,0.02601760154844099,0.045561920292834734,0.034164076979790174,0.02244081993664526,,0.02185096353538647,0.013719786117722486,,,0.01194115638397114,,0.0022639782429162416,0.011780238709870813,-0.006731475111838972,0.010346854298517583,0.015130314389430584,0.04193515613357913,0.0070283058443493295,0.03983129167963848,0.02345744563046741,0.024181454913398653,0.011780319404276882,,,,0.023984501272084423,0.03179675273730346,0.0105629471308829,0.007049975674407874,0.009599852748476058,0.010320690930477064,0.027315392828950187,-0.001289284353608305,0.016551894429610487,0.024752887233754576,0.015064754523256355,0.034872076447650974,0.06276336685938347,0.0515339728473408,0.03398688213513273,0.01833889695810464
2010-09-01,0.009792790559010188,0.0169772065639153,0.011868980754847505,0.004403916700932037,0.012591557348381048,0.04116132072918664,0.025016624077607838,0.05262225978954672,0.025294104113803315,0.0402627207496848,0.0008160593675709301,0.01122199968202628,0.018206888478457323,0.009450467952096996,0.03978242581777522,0.0072309646565188665,0.037453046582576636,0.04079923060967812,0.005195059488546827,0.037005978739894,0.04001840272840482,0.0304587316683379,0.031575375352934414,,0.01842700532018698,0.011320297648611099,,,0.04433181830749064,,0.01460357961065903,0.013559093525775334,0.008218904478837285,0.021242066552030446,0.024162303768637528,0.05704941544527988,0.00725796000081206,0.04231632091873335,0.03531008770087899,0.02590916547157747,0.012643160626882572,,,,0.022377814062721116,0.03347802722256844,0.01260020630196649,0.019113947262839468,0.00946052317422943,0.023095402047192296,0.027884461429097854,0.005785070373299556,0.024764143656040388,0.03659500955763193,0.021039082786464682,0.041336682152018044,0.07229491764329338,0.05113616363513945,0.03949825691931876,0.013167091327098557
2010-12-01,0.004290065856296635,0.022038366995495894,0.009713783264732717,0.0006695312881193175,0.020729566103161668,0.05382675968997823,0.03910433365073222,0.0567298741605166,0.027805804158387168,0.031695817962064055,0.0036674777926783103,0.0106500816498489,0.026492480137443552,0.006078637636634612,0.056101307085517825,0.0036812066719424173,0.060004653429537126,0.024069391959020407,0.00038946017479925184,0.04656953104021055,0.045875148350478304,0.03915132073068797,0.042317015988717024,,0.011164920758177856,0.02070495501965854,,,0.04662772064737454,,0.00891358642590726,0.014887219908440776,0.015388739608738171,0.012307470235140467,0.03040525760950155,0.08051467416366402,0.011322410266058893,0.054938373269239095,0.052092947006102334,0.022457625354250818,0.023785938278551896,,,,0.019080379125532662,0.03684316955439302,0.004373657440224516,0.023272031595348252,0.009289899687625136,0.017078878096273547,0.024402142342652054,0.005651540671600207,0.03221840358852091,0.03746587711531714,0.025710048097277127,0.057045837093288344,0.08980800356541847,0.07618853875018669,0.04295482296088489,0.021939387269864694
2011-03-01,0.015709689007593494,0.02973667182691818,0.010315659941253084,0.011962820386381056,0.016809972350842247,0.06443079072473473,0.02201007129571095,0.049541305672553854,0.013606564151297315,0.026584204590720365,0.007874089286258962,0.028542418054855242,0.017444408527314683,0.020443655119297372,0.054508024298896555,0.011327846891820668,0.02328319987047092,0.054838861101643994,0.0015305016924320452,0.03831719535067301,0.05436761209874615,0.034580750548500454,0.025503866314688765,,0.022606233577626592,0.016711537735810987,,,0.020173298180174118,,0.0006792220574626522,0.015180234008341648,0.004063905257889437,0.0072572315100262125,0.0361113308558612,0.0764273618190182,0.009170772917151463,0.054196046168761405,0.04670029341008343,0.024422108618679682,0.01599299718994314,,,,0.026527025184292143,0.04327829530717886,0.01147037789843343,0.030204108055788114,0.02097421799134422,0.02163233811160793,0.028612282839591215,0.006139234741238609,0.02530446332997421,0.01963559132718481,0.008080728109114645,0.06459811832262477,0.083420076516647,0.07327617884121143,0.04740246116920796,0.01641998872911865
2011-06-01,-0.0007624395792079998,0.03901791084833967,0.022230462228327547,0.01805536272604068,0.03179170450262889,0.06897066511863832,0.017223841203626196,0.026661864853964806,0.01454954682903861,0.03418261203792983,0.030244980374563142,0.031942811351207266,0.037588911124835235,0.011679286971047005,0.04288498659236855,0.023796178282611432,0.031344384185051526,0.028479438536541526,0.01924861700295723,0.029384879712642517,0.0611998999739761,0.06430164558664558,0.04243479574599578,,0.02571839938494027,-0.003787800613451886,,,0.025856281589320622,0.061119793188382295,-0.013325752439134801,0.014028241411715261,0.0037585430375609587,0.01643184995277564,0.019830157831138603,0.047798481297887066,0.03659701195059402,0.06617415179168085,0.03963043275955027,0.03384891140904292,0.017102394783064696,,,,0.028202983897397792,0.034686249614776656,0.009634543353644926,0.02920714890927055,0.015924788896824353,0.018175197283574404,0.0106440122626633,-0.0014158450684838872,0.017749646177225645,0.03031419347244184,0.027565849184304395,0.07119571576401874,0.0634537869428531,0.05360257513607095,0.055819784342809126,-0.012990493204571388
2011-09-01,0.014798101673000582,0.02150258763853549,0.00013462170938317164,-0.0006103257405322949,0.010836834203032953,0.038450583324684505,0.0024174252047004467,0.026448050398994016,-0.0026290572227245625,0.0179361922684024,0.00047517237983358976,0.01782106710711311,0.005618683292610941,0.024533348998285527,0.037845921968367356,0.01803276822757278,0.023656866897007137,0.015432793682700315,0.009654349407100695,0.021756573652841327,0.0417893871255529,0.038570480986527114,0.0350613991305793,,0.014183872449083416,-0.011486123603923468,,,0.017349311813075804,0.0534678024667203,-0.026601857244605297,0.01436509011075982,-0.015561312790822344,-0.004339721703933716,0.02929846058239337,0.06590796372236704,0.012920022753850367,0.056040329893175964,0.025985706841989885,0.013610313790644275,0.014325608284876988,,,,0.021558235113086497,0.02364694832855387,0.0036556962403775832,0.012794565193207649,0.004968353207332438,0.027242138975848876,0.02528642047367105,0.0034336320346803014,0.014399481685718219,0.0041376660873517134,0.020795288500934404,0.05251818238580061,0.07385947727056745,0.05091134121203954,0.0036562706919835712,-0.01354111973028027
2011-12-01,-0.003873524590315056,0.01959850874733009,0.013240009202831957,0.017611189849441357,0.015360389451197205,0.03391096282870022,0.012748017177363872,0.034224557724305125,0.025266796393688243,0.039220202365435206,0.02241431394672857,0.02752452262342108,0.015361317105973953,0.024465627066933684,0.03694932223993509,0.014686605853485328,0.05207903364711286,0.03751660307940309,0.024277458703918023,0.03448829086265379,0.03048307452266147,0.04503060348411877,0.03213463177316667,,0.025163656707388123,-0.00712124341113375,,,0.055623855534260094,0.03514168598667121,-0.01068770189508893,0.0114410195351466,0.015730960196698986,0.01184426583707284,0.028386254937332798,0.07136378503671349,0.019773191406384543,0.03786313437801277,0.042529248098949375,0.013648549143723194,0.02443846207651653,,,,0.03893691901059265,0.03157965053104471,0.018199817864612364,0.027727922458751764,0.018513487188223834,0.03683837998015717,0.025429666574843777,0.007541640596637261,0.03181420347907473,0.046550694561022364,0.03796052105889833,0.038981937530473035,0.06816885394346366,0.06843196826648301,0.004081626386162758,0.015346239691544597
2012-03-01,0.0123829841723562,0.025333414061458028,0.019004251917216573,0.02984289321330778,0.015857526674041347,0.062242821243655155,0.033878056926784555,0.044084113337419954,0.021382542894327276,0.042647453011142374,-0.0019406347157336994,0.0248179137384024,0.012838199778942634,0.038289074289341425,0.057049476810437705,0.02519638499287933,0.02682037584016675,0.016202338333991297,0.046590487191846344,0.042495675478219606,0.05479535147076,0.060928710114235306,0.03718109430381606,,0.017420723876915498,0.0009776157273614643,,,0.03592434546183252,0.07048431268280386,-0.009783318237437189,0.0019355558055101985,0.017107643761967325,0.0038617078117255082,0.020610647298110088,0.0715060944778348,0.047392031637991695,0.033288845489038016,0.0479353683649945,0.011610767618388746,0.03210768500342473,,,,0.05490967769123041,0.03981853687558635,0.030994445435369215,0.04794309150768758,0.03502695148747135,0.028328933661970222,0.034919591146218565,0.008465131982555949,0.05654646963560548,0.01892755612810947,0.04258715308444742,0.04279828646121962,0.04449328049376801,0.06671711536538918,0.021336869935345653,0.01239603618352178
2012-06-01,-0.010747720121546674,0.03318873947348558,0.020540164436577215,0.026015379331682627,0.021995869642951405,0.06469259943346968,0.04008746218981611,0.0324829293408001,0.015949160258552912,0.010357772401605805,0.025512851208137323,0.04030966601814658,0.036429202725735334,0.04169282255297669,0.02779874927367343,0.01558542992448665,0.026678545418313496,0.008733539887820729,0.0290225644984799,0.03330113650251614,0.052996417442478364,0.06555589380593677,0.05485355460429068,,0.028479626813418465,0.012985026221815615,,,0.024146592760817365,0.06360194090587705,0.006269472513669091,0.015133621263375358,0.005177213012051373,0.003983288854350919,0.011095096647737621,0.07309303935204059,0.047520221024265126,0.040614604218436746,0.03841051968536133,0.03561153465762688,0.029239592836770464,,,,0.03427090697044297,0.023417385374495638,0.012497019918440492,0.01768557150105143,0.0197575019786363,0.026295719777788936,0.03852017811574433,0.00748021125670338,0.02893996085383338,0.010389093601518603,0.04060322060405886,0.06769469119722088,0.05207746573156104,0.040757127839144154,0.0458536691754819,0.01686684041718555
2012-09-01,-0.009005603570150225,0.03792710727231229,0.03803674627543398,0.041666356795026234,0.005959522429054051,0.05819937099833452,0.016136404989336002,0.04392337811824126,0.025999194599071074,0.02866307062607925,0.0035530433584906574,0.038464256700432624,0.013022877394716107,0.02335650613899182,0.03488402394236324,0.011401167376327022,0.01886403332962795,0.008131835285734463,0.03959801671425455,0.035650833190065984,0.059777796298668744,0.062156777392383136,0.0177373410886843,,0.02992008797647816,0.013761048127483667,,,0.03475976836795763,0.0630738413584363,0.00561167354193978,0.016772911478458444,0.0032692864669410233,0.010437774089518846,0.02290778084789639,0.08125387741204843,0.03205610057222739,0.07346331483024762,0.03211847033489312,0.03774591570220137,0.04110000796763281,,,,0.032135723659809635,0.024295670653575813,0.03140623940538863,0.018763618194865057,0.0320809652763914,0.03431540710172902,0.02869725621468995,0.008120362745167002,0.03392274105935819,0.0159113712463805,0.041309435549796256,0.07614861700458049,0.0637354285549001,0.06543979067224419,0.03724007521821519,0.013273485308182037
2012-12-01,-0.013533026398189566,0.010984105838268681,0.01808860709227222,0.03407082853614274,0.008704622195908522,0.06131622160183762,0.04035971958777863,0.015303491235506523,0.019489618604010297,0.0011353050946182014,0.004110902509694851,0.028322616413527194,0.040108794446679606,-0.002745772357737238,0.020859079733360195,0.0023702204850955303,0.029260004190523693,0.005425631973697215,0.017676446756538802,0.02149391145755298,0.054492186062704374,0.014715231013204301,0.011937863284851845,,0.02318694044106344,0.01805755194061408,,,0.025075880074839192,0.06628531200929998,-0.011180294984108465,0.008062421867239372,-0.0011051992330787523,-0.0012834118284048197,-1.2547788296048899e-05,0.07907573827746454,0.03060204059219038,0.06815136289088156,0.046348916060598995,0.015014190067612307,0.004789693804183158,,,,0.013885466257036008,0.012770600309366767,0.01569394959483344,0.005719274414144938,0.014782376072957983,0.0393589055964899,0.02317971343427085,0.014385473568143249,0.008961605809126963,0.019564258257998162,0.008525685387828935,0.07037304062598396,0.03705852754434867,0.05569573456278397,0.0565463903727075,0.007220890860289261
2013-03-01,-0.0024364797959580795,0.011431978578639175,0.0054570046251204325,0.030126875429383592,-0.0009162130097036312,0.043644505077400524,0.03393683356719467,0.020219333612330304,0.023252707834783438,0.019313522584078993,0.0071336716935697505,0.01363441583372361,0.0038239646507326887,0.02150846402429234,0.05240896593458253,0.001289423282640972,0.006521587245491862,-0.0009979617666635281,0.022441823450046642,0.036075745971125575,0.05650608436688242,0.04659729730310068,0.008528394334189737,,0.020560638320776606,0.016240600764120504,0.05318179278180889,,0.019489386114426868,0.04862999647086932,-0.002144919342645558,0.005819875807581598,-0.0031031444214257987,0.0007237025619588877,0.0021854604564464975,0.05411898552572275,0.0397029482435292,0.05200708563845503,0.034191478977692674,0.011717964973565493,0.006937924010335289,,,,0.008015141502010619,0.022104764824953372,0.027666005809779556,0.016300877154324607,0.02182136821771852,0.015033484581913371,0.03682780821226207,0.01418074047335983,0.0034039201935201933,-0.0009256184809337318,0.022730315558725886,0.06610899766021885,0.03480728786546695,0.050864168050834796,0.039655996377941934,0.008274075571454296
2013-06-01,0.008462433782034606,0.01704056657865552,0.004025170947539302,0.019256832877400046,-0.009978778240892168,0.010109928908864111,0.05182876060952017,0.016701623751709603,0.014498837546107765,0.004290007592528589,0.005468765151930025,0.02538639073629735,0.004816830606334105,0.038383389574958626,0.01088934435618135,-0.0022708545873889987,0.004215815511482028,-0.0007434156970304058,0.007622096807760892,0.0091814294326178,0.05727578321130605,0.03864959940410356,0.009441341549825559,-0.002116032767373915,0.032825271864676445,0.030946252614267186,0.006443368094610836,,0.025720897329837008,0.048480353079391414,-0.0018890818053523856,0.00971278086932513,0.008679834121766742,0.012395426031211692,-0.004575174718679026,0.051281584253899636,0.02890847398601232,0.07141829519833365,0.02847949082164403,0.01727972686464398,0.01509518211164348,,,,0.008978683904392432,0.01453229397701008,0.016385477623730972,-0.0007280893825816328,0.009141678016869955,0.014532067726245046,0.04786553844428889,0.017524089225228526,0.015512048387313864,0.013821635829038038,0.029512544234716383,0.0711521124345752,0.04233435031653772,0.05653273726587873,0.037916523352859506,0.014181599297434391
2013-09-01,0.006678598991912399,0.021815096048926015,0.01033164529825915,0.015118151091129134,0.0032024770755378633,0.0403259617827787,0.04347061200863801,0.014980363861749346,0.014720361819803938,-0.001836611888169415,0.006732134746855326,0.03232613794370582,0.0034519339860979792,0.02176976988123376,0.018764912414495565,-0.0020981911875571435,0.006855803811092183,0.024208295398619118,0.015712743984675436,0.008841515078557238,0.059050678970414626,0.05322466460027476,0.007958988950611636,0.0007032842669676537,0.025416570297714325,0.03696280959716376,0.015314350569207193,0.027643321599647,0.05523842702261836,0.06671831205376802,0.016545098588649304,0.013364715391429678,0.02422784088405722,0.014141078405000031,0.008503893304044026,0.036105066862632484,0.02036538334925583,0.07176350098362186,0.04043621722630363,0.003139658148576723,0.003182954421394118,,,,0.057306773461490546,0.009802887708245622,0.020187267210940864,0.007816885971494377,0.01468638480529888,0.012527422716111533,0.04672292301680219,0.027466320438238323,0.014630048833631521,0.008843095843210136,0.016715719376635234,0.07367605557293402,0.024460822141063206,0.014960056543927408,0.04847434195175992,0.028113429007786763
2013-12-01,0.011618985145655032,0.022000851517300055,0.01364534493392911,0.01802290077241739,0.008785225224285879,0.046496892227592936,0.036815474658609355,0.025082911365037253,0.016729253971839924,0.013462543478387917,0.012812963535466071,0.03862385232635319,0.02312864277649541,0.018553355393819557,0.03800759975854604,0.009694884655822147,0.010092764324544357,0.019630357830690982,0.016220519872297064,0.01777129248384389,0.04849089404530224,0.026648049774470866,0.014064473824901861,0.009816799859592048,0.028688445975737692,0.029359295995378034,0.01587887680579282,0.03632442160360692,0.04662582063514716,0.05756802402490898,0.014155405792464073,0.021312624138955117,0.044762014175382434,0.020292921921707594,0.011361763073319955,0.05743223834317643,0.01901088039251288,0.05852558009806072,0.037000138064818146,0.014088429149137062,0.010026709266048544,,,,0.021046048076131533,0.027902772919652787,0.028202414241448755,0.040996794609030746,0.01811885659981768,0.01462262442173586,0.044442209124139896,0.03687206881724073,0.019833015658109094,0.020471440841974515,0.02625282414300016,0.05772844540539495,0.04027004395160435,0.0187481477295624,0.06522059145644085,0.04875187417892592
2014-03-01,0.01179318787484007,0.0133936548540538,0.01354178112000422,0.008886398901778596,0.006597148484362176,0.02961416718731709,0.01917834118382965,0.016539395147124422,0.015294657376476686,0.021320368472628522,0.009476924581936308,0.013860695263635594,0.01648327887981848,0.020816266980056744,0.02211612542533486,0.009005873075040216,0.018259511127888185,0.016022875042569953,0.01587219511323642,0.02127817336168872,0.04475453302543226,0.024884109661830998,0.009239896948160587,0.011783148033932203,0.02478953435072361,0.016239510914084022,0.012083246432256313,0.028119502732700318,0.03810002857477639,0.05476152879774673,0.018349657961127103,0.013729819452599995,0.03296023641756617,0.009243020305892222,0.01303692345288643,0.04721108208906546,0.019371681648284476,0.05122888989702816,0.04352424333130801,0.021353239058366214,0.01943809385112612,,,,0.02928564175761171,0.021328098455116518,0.027485988843308298,0.04313742014506215,0.018429749054529754,0.010753822349057505,0.0445746538506501,0.01967956539001329,0.017934475563626855,0.016484825595973935,0.02304970279382382,0.02746537333218224,0.04566708276904883,0.05631444039827195,0.05322739409347405,0.03301140354103214
2014-06-01,0.004985720653579217,0.012165681571334287,0.014292943925421638,0.010397510034969405,0.004027180871704733,0.05797352384495692,0.016170227116568906,0.014734186077938936,0.01095600893314474,0.006926684269300819,0.009327592678095997,0.005835111446749719,0.02996107950761749,0.016745008048388802,0.019127858905043565,0.002577193508943977,0.009067808460860322,0.0061585225359433015,-0.0011099092163865984,0.015365162186889903,0.02358968237934622,0.030112210143713913,0.016657355701459143,0.013862496733631515,0.023096810149629915,0.01727241049767369,0.013971465090304303,0.03709634286794283,0.05453728410481694,0.04059956091227454,0.012272358284149106,0.013593582746562747,0.03513263571782505,0.006306348424590813,0.017491904084509166,0.04334582237745774,0.019018066023629078,0.0612727277134286,0.054888313644313215,0.021090872462038442,0.024482775288027576,,,,0.020836279664225233,0.02455368058798296,0.021946357951229102,0.014635900812728954,0.0173392264983788,0.0007572158145253885,0.040547925381116505,0.02062423249050999,0.015850739943463074,0.016333943998501885,0.020404981682466895,0.07221163734123728,0.039130045663089086,0.026367658034204423,0.05826752142741131,0.039932697838648716
2014-09-01,0.007276677303069326,0.03403359716293122,0.028305221255368385,0.0205729581828746,0.007441049447467495,0.05951318292560424,0.021337543711718712,0.02543753856700329,0.02007559685651895,0.013554542562961614,0.01494466414466059,0.009990696545792245,0.02998179248509659,0.019082801327980726,0.027500840336960403,0.006240464630795196,0.011645692968264341,0.016545625752406656,0.006318833548944219,0.029562027930463107,0.040730735706636934,0.033167617929514344,0.019164048699486437,0.016517477152577915,0.03569080031023485,0.019226961862559917,0.017087505043407798,0.033721819219116524,0.023728717962396274,0.0531617976995765,0.012667484708504791,0.014601955070419574,0.03938934623313059,0.023016971002249018,0.03302839309809014,0.05843842009861123,0.019303996629250104,0.039559208400420556,0.04838802787033516,0.04697607433113649,0.016492804758373246,,,,0.024019906716900095,0.029388688003757348,0.023163146714438042,0.019628989371366076,0.02611234425905245,0.005302269040283292,0.05460017181781005,0.028011437557142877,0.026986566833576697,0.01078337775212162,0.02743601946977502,0.06752303629902,0.03615785822874478,0.020763765889200796,0.05265939635305882,0.044292921462205974
2014-12-01,0.008231924745704812,0.02655976470505226,0.019316787788315085,0.025844523807309318,0.009401847123229511,0.05484462969102132,0.02331296511351553,0.013660691035957627,0.018028047925182814,0.022001324415144383,0.018495890336495912,0.0071272415873623795,0.02821510316011985,0.02021457262122245,0.023549753135773444,0.009032446814132006,0.04684028200717208,0.023272803503508587,0.012479710722459224,0.01965311329099312,0.04438001032401767,0.025905707639790592,0.0210801489254393,0.018110489927696306,0.03424110630446536,0.02193159381394922,0.020303776752900852,0.030342481920836915,0.02742933997484445,0.03976041912554875,0.029245094499484866,0.019618695457393965,0.04278167132660801,0.01653224901412518,0.020214274756734076,0.049241685229750816,0.022297620764809838,0.035955779464249896,0.030913723840158173,0.028067214107987515,0.02048163024821713,,,,0.03223449521819798,0.027790892322182723,0.02876023173154812,0.029408204843034184,0.022930425711934235,0.022062651322921893,0.040554272481688185,0.024238259871220816,0.030872817964082568,0.01958637642537323,0.026907913487054944,0.052859132580509026,0.04623588540090827,0.0328200240462295,0.05327047940387877,0.043952686385713084
2015-03-01,0.01755493760932845,0.044122921318130885,0.02055410018196278,0.034011133899816935,0.012181737857811348,0.05002859128137418,0.029670838974209218,0.026550027215582098,0.030117426378086138,0.01853202847347904,0.019190533980462575,0.01608749817560668,0.044243005064293996,0.03340320683418895,0.03866310981348311,0.033675624441193854,0.023886262306498315,0.020327214049965573,0.012994305390865485,0.034936048382524884,0.04373038295161498,0.0409449936000192,0.016313631901109012,0.019352156158119537,0.039983432469189964,0.026314721319718057,0.0326078795185482,0.04000762129641866,0.01829730398404782,0.04740274526145354,0.023523433648973337,0.01992426344885106,0.05412026112195211,0.02972623593851187,0.038303433680819246,0.0503514904596412,0.02338336463921197,0.03725520837185521,0.050016927856255534,0.049464792807331154,0.02766318876350001,,,,0.03261919433101297,0.03880452703613729,0.03602379803157015,0.04529878820511562,0.024903798795235507,0.025109830058148222,0.029182303711579753,0.03889191026352416,0.026323511957129314,0.022330350174519023,0.040070039894023475,0.05344076972614738,0.041027318538917765,0.030794358063390113,0.047036723674235885,0.05454584278920109
2015-06-01,0.014371035882456246,0.045637468271289255,0.015402406407095616,0.03623134911933232,0.014217453329422793,0.0480066746512783,0.027831304120114756,0.0242828397684975,0.026687515550213953,0.010649734617029808,0.01608641414767441,0.010266265045636498,0.05027267495773447,0.05102976684255596,0.03233590439139213,0.007435633009991902,0.014386218520798228,0.01809873584391303,0.013668183903044664,0.036526463877957126,0.039818192791252545,0.03898368833879843,0.012877502719979792,0.015275690978516426,0.038314273652196376,0.020679948517510933,0.019398299245032766,0.03225186630113721,0.018601468197094444,0.04476802504974838,0.018588329822558057,0.02291116623374991,0.05557750898281474,0.03600943841184667,0.03725309394062994,0.05262405034407461,0.022290154002887787,0.04572601272790942,0.04842378668105633,0.04838898646582737,0.028855176280491737,,,,0.04824578092809533,0.031805013189174995,0.033197859664291264,0.01851098647085221,0.015552835650961973,0.020390537486537564,0.0278743379270944,0.03503204138381018,0.02573681602129575,0.024706656811237446,0.04775813786484792,0.06262045986273934,0.026765207215169045,0.023886303554325354,0.057874858301131954,0.0568336399236479
2015-09-01,0.01849177714064547,0.04477354011688903,0.019613651046317945,0.036231025960718054,0.03329929702816106,0.044260672030264646,0.03355474937569161,0.029057817713041945,0.02913320786317688,0.013969873996779417,0.0268989311814625,0.018267729780349108,0.046766644950210975,0.032204244170469735,0.03582046174056683,0.009274139725995015,0.013540700399589828,0.020918554091101483,0.019313701530460903,0.03768767384249882,0.0464674069141557,0.04110253791103484,0.011387736962945278,0.039312553839337405,0.043780575986850104,0.023691166175223155,0.022241656969989743,0.03494704084811913,0.016329552645283532,0.038775513524653436,0.02222263585881642,0.028448691899263013,0.054786344673320324,0.036808996378918095,0.04133290447242283,0.03321769527828076,0.013622305418324545,0.0452334362353221,0.03053921386551926,0.039529664900692124,0.020500466470151107,,,,0.029590653747603324,0.04022995736658701,0.029913181520633766,0.025082459773901607,0.02832127390496164,0.01960203675645129,0.02091259176359772,0.03667030503041945,0.028725297625513964,0.011938615532727117,0.04564165198545843,0.0627980483966518,0.03319720126648975,0.03261233900377572,0.05138698049661196,0.05548242116207756
2015-12-01,0.015714074784280337,0.03646584962494273,0.0468218423607843,0.029569531173210286,0.01511500040706023,0.0377931798809302,0.0319010370240725,0.025462119064577387,0.02822555552549723,0.018932103184454513,0.02695145782074785,0.01886350413675017,0.035749598116079806,0.02709685035202448,0.0383748158512573,0.01745689906906578,0.04791712330180102,0.02001298563734285,0.01397641804852144,0.02997308920386393,0.03534901108008261,0.029906912141457086,0.009542840714778246,0.01947396947310636,0.03898371775954441,0.02205681586154321,0.02560936926807844,0.027909284970720018,0.01829296446238592,0.03825879002222915,0.03486971449820404,0.01958946554689142,0.04017618329498398,0.03381028607867104,0.03602669186559861,0.04604622041380976,0.024475656121544932,0.035556077856767926,0.043548671446076936,0.03879509702077559,0.027116152371091048,,,,0.03594298231702585,0.03188012625786012,0.03747788181278504,0.056332867830453895,0.027477131600272903,0.02576282763757921,0.03205210024883187,0.029190998255541504,0.03486599523438866,0.019258001327949786,0.02766273490077044,0.0535925394009896,0.037506189119098726,0.032842466668754164,0.03731271062798728,0.039267313958552263
2016-03-01,0.024963393349459004,0.054440351750750814,0.02855064608984245,0.039816969193035054,0.0317485064763746,0.0501230401687237,0.03481522721876987,0.029965032903912298,0.03969886997516965,0.020048028912561792,0.02698094222043139,0.02283193924195147,0.05527774699190787,0.03982606484332295,0.052851083536105445,0.017485204191280718,0.0158153315001917,0.0436480862710337,0.028514315771433364,0.04379525326447556,0.05428700562523977,0.048775606627605744,0.012219661113187612,0.02801584365432614,0.04930376744432644,0.02886933760342163,0.03799440447576938,0.043784305878108803,0.02260005408038103,0.05908687857717749,0.04165366299186914,0.036857052086343385,0.05053926973738257,0.04461592062919582,0.04681431102559304,0.04714837189142005,0.024298036351217203,0.04571256239288516,0.04985609569887206,0.03809727742324109,0.028556486676022105,,,,0.05286978529776557,0.04728816162339365,0.03803450205539785,0.05304778159037045,0.03740276268995163,0.021747652300351604,0.025763870378956846,0.045778687439798287,0.03646618224307021,0.0174543937550628,0.033484615911885555,0.05311081095229394,0.04053381590087819,0.035874245748838914,0.04123475438437629,0.053020061811159945
2016-06-01,0.01649569101396222,0.055914677519888,0.04832477476489048,0.04966933342704652,0.017327551209698165,0.0538646380688086,0.044650461759786514,0.03978891757903159,0.03638338876594884,0.019326274305511534,0.025056234559869283,0.016446625288895903,0.061673103456368915,0.045515552467592285,0.05207661642746925,0.01716911455834341,0.021120562145821746,0.030568083076107814,0.0319181285256253,0.04543453383828375,0.05521568832234961,0.04926625993107691,0.01328884498073718,0.03302040747327957,0.052669146929488694,0.03291494515334155,0.033471152614650015,0.035882558749114536,0.027085410397142438,0.05691492311182953,0.0425055432571494,0.03850206835354017,0.055358810529655786,0.05168824815682659,0.0413879314707747,0.044836060511500644,0.03990075372751831,0.05272661657840158,0.052771502409798735,0.0608945632157173,0.03043034615721938,,,,0.03935424764228446,0.0471312311423453,0.040450695205748115,0.03270125487240867,0.032401130014227335,0.019688076116938562,0.026691048899649655,0.0496662062029647,0.03537079346276312,0.019986333867171656,0.03541403255649401,0.06477582833711079,0.05907161935636092,0.03682771091633396,0.06147159003268772,0.064606497921516
2016-09-01,0.022111032961591528,0.05500572870151062,0.04532634510887194,0.051694791923627186,0.0282262570788068,0.05725034483714447,0.04598289320806985,0.044660067537619925,0.041224318286803084,0.025517682393201478,0.029733873927949156,0.031708452375391535,0.05357922993313594,0.04098772148512028,0.04363720717529528,0.023128177507184447,0.034382952274243546,0.03248924688109723,0.025953256946762558,0.045590201971817096,0.05460410273592519,0.04846772969683772,0.024291584457767385,0.03725090431358002,0.05247923585008455,0.032194402503777336,0.03895918301946778,0.03181054249927729,0.035510719207024706,0.05299263785819787,0.04589912370297809,0.035504515188881494,0.059935441499412816,0.05474085361925948,0.04509817436397255,0.05694937515004029,0.03845933444197608,0.05283477388921701,0.04532311205687747,0.055363505761843894,0.022170542200701488,,,,0.040424167720447574,0.046216225551481076,0.03757299851653233,0.03988669263519321,0.04197966019496146,0.022020225483611825,0.02601494142672093,0.04516314339140202,0.038662339756583834,0.024356157711968852,0.05304188185261913,0.0684267645861966,0.041445382227400594,0.039302074427600996,0.05450796599672282,0.058898973422192705
2016-12-01,0.03486096768827566,0.03561561734058564,0.02236255554773904,0.027693333185787664,0.0156715824005294,0.031824226022350126,0.02803144981179099,0.024869452431576188,0.019380494708827502,0.015182116993353973,0.02711759523501024,0.012938926317625197,0.039223719038332654,0.01586123501729651,0.04356807728726609,0.011258366899013666,0.041751879783916514,0.01726287268615316,0.020853161406805758,0.02757251823905562,0.039303158984257826,0.030119108666654328,0.011649638605897685,0.02535642141867939,0.03781169051435585,0.013943572347385141,0.029058296387715826,0.03725944785714128,0.019421048090708767,0.06406599479985625,0.025955413028328066,0.03182519087920929,0.052751877196524355,0.030901092608523934,0.040253833805173896,0.026589115563746244,0.014379072341161815,0.04335214043532563,0.03541073144575996,0.03976224576424502,0.012501879949768167,,,,0.053250755753145924,0.030024730348483034,0.03877713125829976,0.03686792669284946,0.029654739335090646,0.022003745859976123,0.020881441553915834,0.03383302887984018,0.02188653325703962,0.010285694824289418,0.015172374607174535,0.06165271490746767,0.03283436550776572,0.028173063555822803,0.04658875473021688,0.05990781103839193
2017-03-01,0.02323431442394206,0.045949227497616665,0.033122355850444755,0.029838488600111387,0.01737427870879456,0.03966669601930952,0.02488275324059086,0.023998676101967688,0.03482064331057394,0.020888279318360892,0.029056442891722406,0.019543475645994762,0.057437572838881366,0.021071155614455897,0.058661000026785655,0.02885419363699486,0.044069488995634704,0.019889421603142894,0.030007820685502312,0.03735553764931499,0.038787984864952454,0.05026762141977672,0.013002845674714268,0.02755739224066442,0.043077103607639736,0.018793003791840176,0.0371467317019756,0.04541592096890424,0.021662242031563177,0.05138855865700275,0.031063609331449363,0.024412677233744056,0.0242295998716995,0.03680114320101736,0.04156291988129721,0.023191409877780487,0.04437706927340984,0.05340092821903872,0.03590036558025265,0.03136313978038752,0.018017961860087625,,,,0.0390991879993298,0.03664826455052188,0.04040241885687018,0.03904398240930391,0.036914282184258934,0.017338167717759687,0.027349856367998648,0.027213743141163507,0.03496815878764865,0.018665072279967998,0.02213834429233768,0.045663182600304164,0.06807470963318976,0.05191751745374585,0.05426059552900752,0.05007212879469506
2017-06-01,0.0101755045565756,0.037423029305553676,0.015927563699901358,0.02902715313311659,0.023016199034821237,0.033234014458340636,0.029732323455227676,0.03163948516983426,0.021721459396872613,0.01600527724291574,0.016164367437432613,0.029458240765917902,0.06002945764153022,0.02483461456760499,0.024773427963935068,0.012320211798923987,0.011491400892253405,0.019579118605627516,0.018817644985528903,0.02619936718447802,0.026437161378056743,0.04436390342160482,0.015486961438512019,0.023335420773415702,0.030979018598629254,0.01273668312727586,0.027615403279242733,0.009058874999374817,0.04290901316715663,0.04261635112206128,0.016905537227628612,0.020449993346838488,0.023097564593498366,0.02837545765421479,0.03583746968786248,0.020884307018329218,0.019685208644449722,0.047435884985468045,0.036025298516221965,0.05054703860150314,0.02361536897549619,,,,0.05085367052087394,0.022926685402607564,0.026852484962765398,0.021275603023040105,0.02680580385027474,0.020122220123871014,0.023364804763101862,0.024623651243589614,0.023373980296777765,0.012165674308621548,0.02160775633624779,0.05646109471406614,0.030528542145316476,0.05155100656300437,0.03903878503450688,0.04222275310213033
2017-09-01,0.012446025468850059,0.044161480091778546,0.021991291270510728,0.04829935669029516,0.020126769546471825,0.04447855393224152,0.029016747376998508,0.03322076286620798,0.02066062479372826,0.017621329782965208,0.027903195009283475,0.013002651873559994,0.03175120754447654,0.019009101797151866,0.024968708496338997,0.016639564788926618,0.02061681843861528,0.022302060200822163,0.01895540075425757,0.035809958150124443,0.039169173037535386,0.04150601092350072,0.014506149349692563,0.025202973696443406,0.04315636429391202,0.013351596376738004,0.02867796482063921,0.015198536762416216,0.02434714991011151,0.052733544391567265,0.03240562438457613,0.024136127929354993,0.02468772479352095,0.036373205157193576,0.044395873567666444,0.022241849405014412,0.024247337772252787,0.04843748885600899,0.042829604035366946,0.02810029553335671,0.024410930525865467,,,,0.03526576190090798,0.036679525333128855,0.03619059330672898,0.025185708145203586,0.029705597716464575,0.023843705402302136,0.027285008347809045,0.030585651723750752,0.020054265223216804,0.00968194511767299,0.02532517793075091,0.050788547146967726,0.044546908174244886,0.04069137631427083,0.03841232331993335,0.04470771290843925
2017-12-01,0.014794488455685538,0.03543386492501102,0.013466463415654923,0.034660062992381425,0.010854179177652006,0.0291349794694527,0.012875415299520594,0.029203614216514674,0.016199765261253673,0.025165077770513262,0.02535163905757893,0.007571927750681056,0.020732572732469697,0.033886144236825747,0.033958706756174975,0.018802886503014916,0.020004807600118205,0.015645168349359445,0.02484605782177598,0.030408134936323838,0.035055486665335846,0.03684571581803241,0.01725396261924261,0.024755026763462515,0.041158019976616826,0.019714761250049465,0.028875721502101156,0.013071809590794101,0.030997887857695316,0.026928440162080635,0.027620616256401755,0.026743964978701282,0.029898761992187817,0.04517380626192858,0.03834172784596058,0.028880635458934923,0.01816687937606667,0.0295964485679093,0.028890057735872672,0.03620746885304597,0.02549199833533863,,,,0.02496121917955837,0.016626854643422555,0.03953094331142236,0.03280760128680254,0.03156940517672079,0.020101023490973376,0.026038213599364632,0.02645606069055438,0.028335340462071153,0.015879193839097982,0.02431361102665005,0.03641752983393677,0.036365583100570475,0.0419573839765182,0.05544660209816851,0.03399842098560446
2018-03-01,0.019674732544947896,0.0315042112848247,0.022756743206237013,0.024786717360800264,0.009849973270034656,0.019038085195902853,0.04880747707746592,0.02334859030465134,0.01760785425453131,0.02146517011133784,0.01628788715508779,0.007505519414246125,0.04854229967503485,0.025149704001236162,0.0650092533416301,0.021380302342219406,0.013621741453568238,0.037892990393041906,0.027141472963647967,0.011457695124579548,0.039095339185271076,0.06016677174879954,0.024349971725783,0.02037355759616491,0.055424605496381354,0.019660367396099426,0.007263109527156451,0.05014805946712232,0.035872664267483305,0.031261362254598815,0.020752367162986306,0.032420396283388456,0.021858229164930996,0.034209298644556886,0.03358981667132197,0.03405409988816784,0.01790283362781127,0.022453616525051207,0.03660646245705453,0.04190272307917468,0.0001813636243381379,,,,0.034425970538059375,0.04422857581982751,0.026818140555429682,0.05069022014982215,0.020383705257576004,0.021756826982572804,0.03147638492265913,0.04153876693078915,0.03251107135745364,0.014282728085030609,0.043508610741658404,0.05130006037258262,0.033317072423034735,0.03214690108200648,0.04465349295009956,0.031560625251034924
2018-06-01,0.0011976860690186566,0.03491027921197639,0.007187169582960924,0.02503260685933278,0.005918157898778245,0.049333058451197405,0.024561800244176545,0.00782160322326474,0.012709302932135003,0.006861264027416269,0.007507421550319439,0.0009723199352425202,0.041629767198948786,0.01053739995225403,0.03537003156239736,0.007347674001824269,0.010327810162642835,0.023897696888160885,0.010445420444046657,0.00862037747126683,0.02374964185645126,0.04840528658985237,0.012144641810630097,0.028725974768441468,0.029506275850676143,0.03494010205248333,0.017716612893201145,0.017207957870137725,0.0339938317886473,0.05596308466246365,0.028211568069130295,0.03025784269944892,0.018246924832446807,0.042561459450594745,0.02174793087285987,0.021077890453944287,0.028968854293461948,0.025619238327500172,0.03955700866440739,0.02253044382812299,0.022604889682480055,,,,0.026035380008786257,0.017616232489996532,0.027690493101736373,0.019103790482429234,0.026826736464080948,0.023299006134648952,0.016039633672720037,0.024195811451786217,0.0154018587371859,0.008686471600391744,0.017183470088235217,0.05269204134931574,0.04314307949301023,0.03326021209939782,0.03861310381568968,0.031594214954870824
2018-09-01,0.008448549226220358,0.03986640543699568,0.018120309683785266,0.01867331721767818,0.009830024281278554,0.04115408060588074,0.04375871180236152,0.013658974918203544,0.020039273064173812,0.006557017134444803,0.015507845618306199,0.02241785070524803,0.041631831897528546,0.01470527631631618,0.048692358738553654,0.01423161159749269,0.016890880034224322,0.03086492842859716,0.015204847781121909,0.021531141833577173,0.03311453592264996,0.050060847022621306,0.02136667613836504,0.03485674795649884,0.03552760350424707,0.03955836622327895,0.022385322338280448,0.020393939291636767,0.01671491396482043,0.045674793384872084,0.03385659854332823,0.025771502765624423,0.03061348287353559,0.03196083289185973,0.03661343327354969,0.0208452721107269,0.025321412109932724,0.023597206148347784,0.032769864043512065,0.028527210949792377,0.01686366089392705,,,,0.031494299360458576,0.02147062431423664,0.035673353639132994,0.027667547862353148,0.02994100151700036,0.02305323509586681,0.020733479447562975,0.028155598171697806,0.018429988053434335,0.021910280341944043,0.022123722869973578,0.03684812056181839,0.031494319826901304,0.04255138751563294,0.02998931479767968,0.04478067005391488
2018-12-01,0.006651901315265472,0.027292378275660684,0.019193682879166143,0.02870677805705199,0.015535090335547383,0.025542161956526793,0.03827225027194609,0.010689158423812078,0.0219528094461598,0.008740862673386852,0.016210553782082207,0.00028111362222755414,0.03795947280209797,0.010851515802038292,0.034269738810644254,0.012113094682677872,0.0093200305899571,0.025910931645690312,0.02123998260181989,0.02451491526394392,0.02737783170208159,0.034131113482092613,0.019732974693738106,0.034545997886933154,0.047758563270417394,0.03371900570995324,0.023778078310848744,0.014626294831506355,0.014764015907044434,0.017485886383351912,0.034541097181718626,0.022248556974618118,0.03301875183791886,0.04394363951967236,0.037309630557555165,0.02081339287461522,0.02750314612241469,0.02598997481251296,0.02268751473940868,0.023927371786808847,0.018003186097251832,,,,0.027440985599912607,0.01459316476958029,0.03486221429431035,0.03131500997563072,0.032694363689058245,0.02100394371237431,0.0198171962793692,0.025200748717387422,0.018720470302216526,0.02352924587473531,0.020999881818482332,0.029019372859458034,0.03333546028896015,0.035850564394755285,0.027171665862448218,0.032288451145833716
2019-03-01,0.009018972726606464,0.03052767911382466,0.020399661272258885,0.013194564566962157,0.011413898525894133,0.021737726402399203,0.04441910046680889,0.014927756998715052,0.024526517347216482,0.004968884884501845,0.022466826777870142,0.010258440894054956,0.04529829106988232,0.02276779269655163,0.0476786058203635,0.014996463417437062,0.026717609434388997,0.021396402427147167,0.03310453932651987,0.031191834778737194,0.02519102574637281,0.034275947301071516,0.025831711284095674,0.0357849213541644,0.03485549213371463,0.03460116026440414,0.03219899528818024,0.011391605427125345,0.016823048488958145,0.037697037320873795,0.03503081011207652,0.017655579268097875,0.042130958405561,0.03184568127956875,0.03833825784857104,0.025834408748754173,0.02240684690913948,0.024493605024439535,0.021426319371746442,0.03311981144670313,0.01587810509202911,0.05260199289021977,,,0.04679983471483168,0.024611697106440462,0.025516334688721113,0.03119141465337081,0.028735166359912575,0.038318521039739734,0.026658440265766258,0.020143410942576722,0.034411407055111545,0.01937884854734616,0.03155015325173706,0.02891439245934543,0.03062981253060264,0.03835985167419342,0.0350177863881661,0.03152092458418417
2019-06-01,0.007772253765738088,0.036886054759633975,0.01317286599571177,0.02641051235738361,0.027304806424131987,0.05888062131098931,0.04534289060595301,0.02081410093509921,0.01504310621130483,0.010186023523973969,0.01746324490496216,0.02421535978848057,0.03891899987605932,0.02809149796989755,0.052602004475770174,0.019559490503041056,0.05082977954156928,0.020395494359224366,0.02276461088199227,0.01815655996367866,0.030718975432051106,0.0418892804254394,0.020572544948290708,0.041457146791324145,0.026363211562582863,0.03294364533833035,0.03530523790267809,0.005029694152393305,0.03400511931583614,0.04602536504807883,0.028446133690858737,0.04023722121226954,0.03130709742746441,0.04305877736717592,0.038121967787775844,0.03001989866613779,0.024481644355095283,0.03518420639934853,0.024733584688068248,0.016054925265984718,0.018105379461277493,0.04290241083392173,,,0.020341798481796895,0.018701961324914307,0.041769984217012585,0.023944860764869805,0.028637759733828226,0.03269886022734733,0.02979762084652837,0.014156207955077415,0.025744996450942425,0.019682665478803752,0.014443709832741165,0.04742100479784769,0.05198444652374169,0.04588636320164248,0.0448084932030334,0.03945826154373986
2019-09-01,0.010012959481460613,0.03547962338408534,0.01853007643228073,0.011767200505821468,0.04211654695879577,0.05979957509277585,0.022196030881890767,0.022394243412812806,0.02151387898933512,0.008562148565331391,0.02256542601338693,0.02444783795538695,0.024404643085742573,0.023777253499470467,0.06063725149933994,0.015790111571439443,0.059764741051506004,0.027852514174016997,0.021604507971716362,0.02910731798399653,0.028452861136735664,0.04176827015642885,0.030945046250940855,0.036208888950187146,0.026320480039830913,0.03365357330553255,0.030734453125454572,0.009859161180072532,0.01828686084630207,0.03514701460365353,0.026261668780782794,0.031008641698872467,0.03178733633811093,0.034904910183174646,0.037126533415410716,0.02550167275070729,0.026097681758463376,0.04648836931117024,0.025811722933525485,0.024853851908900028,0.020409336959346124,0.06000171654560983,,,0.045246569117273996,0.015020962640201165,0.03556193154333332,0.0304435050962505,0.02748514313491011,0.022726972104008897,0.032387869234442104,0.024463553228420736,0.019998346472021023,0.024740760701909333,0.010661424559673482,0.03399507732480328,0.054437162467044026,0.041099836292568186,0.04125164603071038,0.03643169644841148
2019-12-01,0.02758709102207849,0.037653178288203804,0.029546088861537517,0.028402270744395355,0.035310053207703126,0.0557684054092403,0.04627802709834145,0.031941935276897204,0.03289684490762939,0.0283905968881784,0.02843296245832167,0.02964924170543415,0.037221984570338235,0.0310150673868098,0.049737408890021276,0.02836578951672375,0.043409751071828574,0.039599362797215175,0.03034467472263481,0.03211237478071191,0.03636719942450598,0.03252159274421594,0.03127187791772043,0.036595886884245345,0.03524028965695646,0.0317670312921368,0.03634455236024684,0.02148269397842855,0.03985723334612292,0.034949313354109654,0.03402229881590221,0.040061751940948985,0.03403889023836814,0.04251580991527864,0.03911839578442408,0.030808670779077424,0.031471826588380464,0.04388140464565793,0.03159401664707032,0.03130033300817728,0.02894756841394056,0.05386058715939857,,,0.04249471907501583,0.032219837473335886,0.04150421052384973,0.03207306302447336,0.033124539906692195,0.02924568583674975,0.035201463249551396,0.028286140031233996,0.03341066020745435,0.02346726660954725,0.031735445221789275,0.04327695200621376,0.046142698410109595,0.044814602552849754,0.038086376665088004,0.04136688245356754
2020-03-01,0.016975877609776473,0.021406872329609142,0.030346995172878883,0.013653654031407324,0.02258799121514215,0.038704043651723766,0.042704066899891674,0.016064110447964387,0.024057794473057108,0.011887157526649005,0.01984694486410016,0.029032358747931742,0.026336424050700663,0.02904750688070641,0.05245239274799826,0.020751575971147414,0.04646679982526276,0.03203125875684131,0.018760893334263604,0.02192304805686116,0.018905533314303734,0.03950732182070617,0.024428656875392262,0.02429618888060059,0.03150400532154606,0.03180159002807245,0.05816867195236803,0.012669121825143537,0.04290171669886522,0.06125913042900231,0.03232429965150586,0.03192129552705305,0.02960463297755093,0.03532020539646819,0.0374504883799969,0.032617307321159666,0.02859439751717646,0.023125116394073338,0.025907304814436306,0.016950044814229247,0.019222714370869934,0.05490963876852856,,,0.04424560784241316,0.04192609877542962,0.04878439481533848,0.03504287653107679,0.02697031311250172,0.016117802089442895,0.02478349465523671,0.025895721470347705,0.03360773537202878,0.013081755996138991,0.026602260522452178,0.02765176622898127,0.03219721471796665,0.041724145737229025,0.021019545779619595,0.028497621585229352
2020-06-01,0.01128984588568558,0.020113318450636224,0.021476733232538747,0.015044740782607806,0.02527277553244037,0.051952691049717975,0.04719077864706647,0.018829186639943197,0.014159723973417464,0.017689664549744702,0.018741778001405286,0.02101226086299127,0.03377519422279082,0.026082414900674165,0.050383303969184584,0.020102589127098166,0.05480102269197415,0.03027691694393529,0.0204180971091101,0.020244465052499782,0.02217327839911662,0.04230790249946973,0.031205274543904385,0.03475730764164038,0.05008564357469756,0.03583674081144982,0.0588448471699427,0.015827664230833708,0.0437577396042254,0.05763459017779914,0.037224043566602714,0.035145073249928015,0.04423955179339061,0.03628386058996985,0.029038175671451668,0.032972861531333025,0.038693839248875865,0.026707169370188626,0.049366914982404426,0.030550035317726744,0.02430202479034587,0.06787931197983232,,,0.052790120751745134,0.052358080609587736,0.05076782290547554,0.02754564292072499,0.03423573509820704,0.020072668328316876,0.04066918065788492,0.039650847896675015,0.034556664986827634,0.04526582730816976,0.0360333557543917,0.04427205627575894,0.03838276482473758,0.04886757513249839,0.026459588194590055,0.05098966880833859
2020-09-01,0.013086979104428182,0.018793402271206103,0.02136522148819703,0.01683822899255374,0.0186715376875223,0.0538991786776883,0.04009455866533267,0.022548399002104813,0.01831581835041513,0.014345260324894183,0.01717623103272826,0.019416599773471,0.030603755325152308,0.01675710800141168,0.046349920459093606,0.018295910441972044,0.04810845146622191,0.034488620302266675,0.0242068625918653,0.026789304113805458,0.03161376106666192,0.05443832042293591,0.032631378662766816,0.03585600049122984,0.030049862568523742,0.03350642409036362,0.016525602618071462,0.027635706325294374,0.031169569754841076,0.05160354694628813,0.0251034945234798,0.03889764362147869,0.035675696978805814,0.04007000857455019,0.02638939248750766,0.034224012572136815,0.03104602205117646,0.035234599285151616,0.037383252419211935,0.017906024043565557,0.02593686793026368,0.03379001147159024,,,0.04873883664567825,0.034691904237921144,0.04766084201611232,0.025414292263701222,0.031432546673052536,0.023357732276137803,0.03838534976414414,0.030910392142905557,0.02966555219463585,0.03350282128560904,0.025624248354988707,0.042535849491933266,0.054590574507362176,0.04240405736054402,0.023089439127077373,0.02901934814814035
2020-12-01,0.015766592307713018,0.019166209150343446,0.022152746229372074,0.021181845397317017,0.012422792162768466,0.04821416925417506,0.04289556467317015,0.026090137845356583,0.02102378051280039,0.014806455808237537,0.017505870300882305,0.020701073607410848,0.03016680294568671,0.021074355448385963,0.038206196037538186,0.02185805374037336,0.05246664912881802,0.02133297057797743,0.02335651523122363,0.0244710554573655,0.017946262389156795,0.05218120957734107,0.035553713462293184,0.027020000758024763,0.035272982608341594,0.02698370130703083,0.023455356772508217,0.01667041514748408,0.028863840196945864,0.04148514170007003,0.01884921105127541,0.033500968152614344,0.031076361661415808,0.026707935902793495,0.027171103448048736,0.033449795693577665,0.02688297732847636,0.033288368592290826,0.042904226130520404,0.0505880150879089,0.022229682916875337,0.038888755482963354,,,0.03545706273402119,0.03969034049586661,0.046173997484191195,0.03863966495797935,0.026594838414561894,0.021289249080776645,0.04294562488264938,0.02987734352875176,0.026980436007708292,0.015969376646711414,0.026981022318820203,0.026280385729273756,0.05405632148777053,0.031244097371340512,0.02167064359186517,0.02496267538398061
2021-03-01,0.019253972841973863,0.02660340776854674,0.023556546009147035,0.024080088143833177,0.02101439269206287,0.05845305538206357,0.03993644940588316,0.04240774382595676,0.012635843455796924,0.025739074194694293,0.021117323060906776,0.02277256149398626,0.041762973116670654,0.026492946376406902,0.040100227924548745,0.02378036880505609,0.04303540254974165,0.025996638038004904,0.02154209259087682,0.027630254249754363,0.016816595285446923,0.052076335812209544,0.04128913677123209,0.03531706703219319,0.03756995335079395,0.032721683491830536,0.02978293834660859,0.021905037006278463,0.02337530898459669,0.049538938612555095,0.03279138040031927,0.038262236225902475,0.03374292154212233,0.029539447078160943,0.029029177790984354,0.027142879090684035,0.032035395121080154,0.03430151435763365,0.03586486076479987,0.05298024073007538,0.03511550820134663,0.03713186538252593,,,0.03341641651452702,0.030478985031780724,0.031852007607562134,0.04457056618092906,0.032269673385056985,0.025225584763880145,0.04624706660093705,0.03848374314170887,0.03220485771453738,0.025726460235544854,0.022000944891794397,0.027332301491564112,0.05922136117709744,0.025595764718697955,0.01912519814206927,0.03485822835884225
2021-06-01,0.011861876208319654,0.010260089857003768,0.01707371310536428,0.01072272473663633,0.02139129580792206,0.02071927197076142,0.028895121497472004,0.020216917384802156,0.013558056692432591,0.019621861140495325,0.008352664166030201,0.006309789999578379,0.032021257714178686,0.020408433610307582,0.03389698546856881,0.014525626797170555,0.033500068261383895,0.02386201622587531,0.008913225797828613,0.015245501890347308,0.007653942478138609,0.03293788922050577,0.022252946977373563,0.024913639338337405,0.025596972355238612,0.02960435934263249,0.023160240842504086,0.01525763095389804,0.019629522852309598,0.0293960375626743,0.019485777442041052,0.0178645704490597,0.020515626643030457,0.014772137777666908,0.02621857241854634,0.016854739785034017,0.021549709526551344,0.01784559794961889,0.02651681831376594,0.044326094727367475,0.016599988217329872,0.017604873369275294,,,0.034231544753428884,0.033768817682033665,0.02954060043407749,0.025500793754314667,0.01580611614534808,0.014598645366916296,0.030233773584097998,0.02235583251099092,0.014290327683224302,0.006202733997631362,0.012106057680391469,0.027017343538197167,0.04775678675703023,0.029007136265733573,0.02035124819443558,0.028072445960286494
2021-09-01,0.01699657583186449,0.01883238393209768,0.029176405107713816,0.014660473707299827,0.0167466697941763,0.03900397129682767,0.02849512609905498,0.03904696675535431,0.022657094717855663,0.02286596484018664,0.018804077623346797,0.018786411984511458,0.04353923974909724,0.02613384102638078,0.03852643864465375,0.011674038783429144,0.05378522903293423,0.03843642347992984,0.016789815939946214,0.023638066678272337,0.018714428110222968,0.03789649901803199,0.03662120373821696,0.02956699581509395,0.0404646706243615,0.035201175093063454,0.03381024917038632,0.026372414886488782,0.03223891443766652,0.037633738593713245,0.03887288146544463,0.029217338073890754,0.03152022417111604,0.022056411850128837,0.028542884643879298,0.025155976454235274,0.02410690710349298,0.02020687896524287,0.039278146680510134,0.028714181689070816,0.030476146899403648,0.020348575117843097,,,0.04411366790036829,0.02925779080195539,0.04231529317179452,0.03443968071662148,0.02218777044312321,0.023265961434502245,0.04679749289347607,0.03222311567154131,0.02112150894297256,0.015410257350183278,0.019846052831909853,0.034840156768238525,0.048522928558710536,0.029549447889104852,0.02569727638774837,0.0547657522975419
2021-12-01,0.018831148846656025,0.019564422193830304,0.029123011976649203,0.01898955409738924,0.012611151684560045,0.035493818834692076,0.02646981913386867,0.0357275841538407,0.022084923290956147,0.028807512653334765,0.01617041126321946,0.013076761815669033,0.026826461363025734,0.028256562062433085,0.028801877932459106,0.008941942674108472,0.040260396171935,0.03330866039523424,0.0198853635124418,0.027305996410584038,0.019374495622361234,0.038327267039605324,0.03989249671658115,0.03481951484375186,0.04295631030705293,0.03706739981671023,0.029784779624313834,0.03196071306644917,0.03671210648372531,0.03352924603514301,0.037172671290633647,0.03497163993930617,0.05112186664776374,0.028312567550024786,0.02712379245009357,0.026769602061094626,0.024644004364705062,0.03684931292051338,0.04791369956511928,0.024663087092555266,0.033057927338301006,0.02573712072866436,,,0.047160155512609776,0.02857833285359694,0.04426216289188173,0.027261386077093053,0.037816384979061514,0.03274035260368769,0.04405937184484997,0.04176687994956037,0.032369336152899546,0.02694910106115176,0.026637847506961413,0.034603614889539835,0.04647171867646764,0.030200795052562426,0.019605923247032725,0.0526313782677359
2022-03-01,0.020789678579417555,0.022534847706969542,0.028254455643114778,0.01911939527279296,0.018151970059681548,0.03034277927796495,0.03212674197844827,0.03226196387664291,0.027672534161691572,0.013005896530625132,0.016410497842168872,0.016945879982751978,0.0373352474148606,0.030509212408421523,0.03204703295538069,0.023597609513372437,0.04270441809672084,0.02542926463227666,0.023457069882030713,0.01782489128620958,0.019753044382067295,0.041896523610505075,0.04126130140886,0.03495852523749777,0.041646669627424034,0.04362676928309857,0.026986464453666106,0.039720151301447786,0.03938288972450855,0.038095446531120805,0.03123187549740006,0.04069330134830193,0.037423216634567456,0.03070646626204046,0.028934994800647734,0.03152865282681534,0.027881721446680458,0.03158261845675542,0.045501895861865045,0.030398156989140678,0.03953980553902942,0.04200676343535812,,,0.05298512305373161,0.02463986304509115,0.03907371667642415,0.029316160617685702,0.03284509227014829,0.033678001987455713,0.04567273473780748,0.04419671535788874,0.0334752866774613,0.037232189990844426,0.028697211086790332,0.02721640980721758,0.04219211459147162,0.03576809299852725,0.036092361086025544,0.04565171824350381
2022-06-01,0.020431461904493572,0.04136460704795501,0.03362936343775577,0.02218853400829046,0.02305515501821492,0.027162199322684915,0.03731752667444777,0.031987762311891335,0.030281428110599227,0.017157221075462664,0.016702514363778106,0.014707302050983855,0.03249621288429003,0.03223344799382939,0.03912259549013133,0.028181478069488296,0.03569819325395211,0.03197591534416416,0.02532705460783506,0.023111030723527392,0.024723794117737688,0.026018226329980618,0.038263097116206304,0.03453733424567251,0.04447694155108086,0.04494608261204105,0.028138561764189413,0.03605694812451862,0.03938373218050288,0.04703003396373461,0.025894511417697517,0.04082148740977212,0.036856162667822066,0.032018778428093836,0.03173499283561984,0.01875949083308175,0.03332683707852533,0.03667920258360338,0.03713021327022247,0.03372367869701954,0.0335628206183586,0.043815121537320395,,,0.04180474570611532,0.02447251830921346,0.049934067025117906,0.033892122381420864,0.04117751242810548,0.02876689247416071,0.04323727495720923,0.04166663488549428,0.03628888768968354,0.022569826193763794,0.028177838037144,0.033634778095928575,0.037410156897939896,0.03530480679017661,0.036256214298267295,0.052462838871968405
2022-09-01,0.025704485330260308,0.045031475963078126,0.03365159773706357,0.023327330999502363,0.022066301310069418,0.029640008405263867,0.04350462346407184,0.026858799168455735,0.03271651228270648,0.025414488573711466,0.029045345637018546,0.02878410747009555,0.034121195961427576,0.03198101832848241,0.038211822489514324,0.029143746964221392,0.03577262869248265,0.033933443823833336,0.02833154415028587,0.032718998668784686,0.026434614998720705,0.03564995400941246,0.04482030281695597,0.03978057347736784,0.042249816404231845,0.04323256397166657,0.037246536462356546,0.03857664644736715,0.03343618234048444,0.04405450102912639,0.03239612429921152,0.04102395301782237,0.040357846441946815,0.032432520034105156,0.03508163655265595,0.022049093359169217,0.03375781687821423,0.0322587800747973,0.03986365222001754,0.03335644225265859,0.04036720589697069,0.04668150351555498,,,0.056918743784965684,0.026454559054277595,0.057225884474159806,0.032030042268995834,0.04434597503460494,0.03431458632331402,0.04813060208274408,0.04611509325848075,0.04004610588547911,0.03273609147177755,0.032696523380434946,0.03445073207567807,0.04696055654936627,0.03941587747048243,0.0480824104653004,0.056191381998567706
2022-12-01,0.022380884926302094,0.0366750782017319,0.03984392076707332,0.018519470470492037,0.019915449679100493,0.03552359217419536,0.03820862369666245,0.029198893851269506,0.033841139940885556,0.03267604926269576,0.020818967221254602,0.01977960617984979,0.0373265557651065,0.02956453719964823,0.03767369020925471,0.01822212850251105,0.059987804632846545,0.038885945454747196,0.02121692033100394,0.030507558592122997,0.023547174872940717,0.045419734784426895,0.04382718674686422,0.03916452254899389,0.044277618977347284,0.04365659841692712,0.027687225591580784,0.040962735050317944,0.036259602271236056,0.04599468831692173,0.04181797223134336,0.043670315514173934,0.042152913518887336,0.03709002776553152,0.03279527413314606,0.025619601108532807,0.03687294884369113,0.0337014558526876,0.04147647162342905,0.029022911136765302,0.043038126920309575,0.05031756141321808,,,0.0577297832324727,0.048622138185087656,0.060502882932601004,0.039335115615957476,0.0428718672252374,0.039101481979821856,0.051599725119274444,0.04718987399882417,0.03952245737039836,0.04182204439061182,0.04404508065704598,0.0337760660545566,0.05477273364707332,0.042171149392040766,0.053915999571470474,0.05738776817466764
2023-03-01,0.020033085359866063,0.0356118479770942,0.042518349310466726,0.012121663370346305,0.024514370778554187,0.029416874819888698,0.04546748622223666,0.0286743037136017,0.033568546009285515,0.025861939206511603,0.018628680588379527,0.020289206453460773,0.038984384866240014,0.030037278064039236,0.03987006875033027,0.016677659681809967,0.056776184675647594,0.03616868364387874,0.01843881053553903,0.03052732441710572,0.02715307953114297,0.041083575631732844,0.04337047704897932,0.04057554772382831,0.030916545025175622,0.04607250973115584,0.029400252200960462,0.043199213124171694,0.03993956077991359,0.04342076833253171,0.036474180838999996,0.040551345227832186,0.03712331536462135,0.03749286922027441,0.02468836565003648,0.025852234159222335,0.03837640825087299,0.03558397160804392,0.03851937925427031,0.03353514059659666,0.040054173572276745,0.054356705633729956,0.04645294321997736,,0.05158909928855024,0.02595893691219298,0.046913888854494656,0.03289431052826241,0.04786985727825702,0.03474573570774968,0.04600000065142214,0.04972449298203572,0.04877913861953934,0.03221247214520893,0.03352626629116518,0.03880490107184058,0.05629773647784174,0.040203014122654174,0.04492773584862336,0.061509113552575295
2023-06-01,0.018228644184988766,0.034541255733293655,0.055050435341624154,0.016970409658278996,0.021428161497582036,0.041999597364562394,0.05085720727151535,0.023685131030818082,0.0331382695280775,0.03243605249583837,0.014369864150735937,0.017299833881796393,0.03856406797399162,0.026077041257496433,0.043642041220446445,0.02001704400664844,0.03881121505268302,0.04022040969855181,0.012620738034366656,0.02080741738701605,0.02521966418567323,0.04283312660382445,0.043820411462421216,0.03240395755345512,0.03733046371197868,0.04465181306775831,0.035139152979905136,0.03655074067743149,0.03454171808518427,0.03907549074300739,0.028215105890006673,0.02145605196674985,0.03112419753347554,0.02963384098681779,0.02156631962818081,0.024964595985858398,0.04246667501426899,0.03334924747773384,0.037772918472679995,0.04028029231573334,0.029397738186100687,0.04326699043225963,0.03114250751604474,,0.04796707936750281,0.026568568847114945,0.04127214954088238,0.02406188605324847,0.036721927277056574,0.028029740920765035,0.035077114329684,0.04367478883789372,0.03750637026950165,0.025433854110270982,0.030340703113026012,0.034440384432171185,0.05921140093021909,0.04090228864451689,0.03786619341807722,0.04557889167072082
2023-09-01,0.013540754880746332,0.02688424347470596,0.03706273421211674,0.0032153509582303974,0.027874876327269857,0.03069998929095571,0.04620426118553434,0.011116475639927785,0.018071272083914767,0.02346527883430873,0.01143341013351185,0.004587618731013419,0.034553013537945994,0.020846431870458874,0.04020743875775088,0.022036228010055288,0.03795348395499537,0.04377120699896322,0.0002015263663714225,0.007314818351502617,0.01710382423399077,0.0319653661190257,0.0190620069288106,0.025172582572407197,0.030923199830689904,0.036262472015971076,0.03111617914469031,0.024325000750605282,0.03669329718085166,0.028288619343409933,0.01925270278972262,0.01297659106357622,0.014736249284952136,0.017344460330924405,0.01897481458717536,0.01318494140004881,0.02521877345155448,0.027541172749211487,0.040408629528234485,0.03127095071739772,0.030289818215296672,0.04071514909100256,0.03730386875467332,,0.044366434782243024,0.03476957449081317,0.02464914249454558,0.014239936343740047,0.03441861355605555,0.020465744800689353,0.026886636844149527,0.01623214627296045,0.02893479810446091,0.005743599665330682,0.010026001004212116,0.028462084105141488,0.05279119176215694,0.027609461883597964,0.031664131970190475,0.020562143909514784
2023-12-01,0.0081410387208521,0.01582358237816876,0.042501271864573996,-0.0036631101593198436,0.028624464772267343,0.02968261040883761,0.054439127675928504,0.018336469872569136,0.00700850076012509,0.02566820493431301,0.008116492330040992,0.007787520163837763,0.036131747273392564,0.03955087780108205,0.040162133272885474,0.030136778604356766,0.042856020302047014,0.05212983358835994,-0.0077941922077518315,0.00415068143488807,0.015541251601469472,0.036203242949344586,0.01085466080757856,0.020063764604867716,0.02490978271758236,0.030873300950006708,0.021638114607041518,0.019734289772914415,0.028555627924250836,0.02531155574787924,0.019640754589303783,0.00020127810141687318,0.01788850058470738,0.010452312613893707,0.023418662764384774,0.010721700021563984,0.011776665067113407,0.024997271702418892,0.04796695328171255,0.027217101473808666,0.027502567926556108,0.04831999921585624,0.037085942870911735,,0.04178954724899943,0.0383193053711205,0.015503775933903627,0.026774160590203926,0.027778658627124517,0.03158086303478169,0.032123599940111866,0.01447865136155798,0.015226400945948123,-0.003545365051766292,0.020112660177145157,0.0234686840224231,0.048489060902102525,0.024353016735567126,0.025860435705951933,0.02793254989547864
2024-03-01,0.016429381520604597,0.0024989148745978122,0.03436277368942007,0.004547685144115054,0.031962338480613174,0.03387287645459411,0.051849099725765374,0.01624119011471807,0.016066808595690873,0.020924701994717153,0.01461971238087988,-0.0018263409847881704,0.042339597609860107,0.02790672534430922,0.047503120029902354,0.01825704908070663,0.04166232801627732,0.05069040721582113,0.003993445572172741,0.012529093778937836,0.015861122640347964,0.04314087040232187,0.014922370359600876,0.015576502878759809,0.01966373383566646,0.03332475842766269,0.02218524611212909,0.026255377169992277,0.04273106082799123,0.03706695481367648,0.02019173367852478,0.007515538196763916,0.021998537196709543,0.009060372289340085,0.02229318592326476,0.01672504076795319,0.019700844919006474,0.030772464107834917,0.04678222090866406,0.03607478728453142,0.032618372672936116,0.041069743892608035,0.027848668950540417,,0.04122409596898767,0.03089860657625172,0.018623100063683486,0.027834044706242088,0.0316595987702047,0.030951971834094795,0.03630077238017124,0.02214383090522921,0.03146499174192317,0.006440098678194097,0.034165902422814656,0.024091364932620457,0.04258911607425486,0.02404199383234571,0.03189417958366543,0.03479971330165351
2024-06-01,0.009837638788513948,0.020249304037752304,0.015927458677758757,0.01280646864469192,0.030210248784931407,0.018390210115913106,0.04295006985842221,0.019443413684861292,0.018590730323720897,0.02554128687927117,0.011494138571072326,-0.002719885067571729,0.032774414165187754,0.02987542463355176,0.030601643439722385,0.0166128938441303,0.03244027087272452,0.03950459755170918,0.0014503100982496877,0.006554325993373784,0.01651828072214593,0.03099503055708167,0.015335936559512231,0.023819289385725625,0.011337518150367083,0.040423718357976514,0.028970283641695644,0.012477001001132915,0.03637053158045861,0.029183271228005944,0.01987875720953615,0.0068641650537081544,0.017483583502502998,0.03871540037375871,0.025369107059653145,0.02203782329972667,0.020404487510894343,0.02815233505789532,0.050837781794463875,0.02459160851591849,0.03326228164565822,0.050544629126922105,0.02935847587992422,0.042077930379959605,0.03437191559915289,0.03547649716601284,0.01130433835170204,0.01996446337339874,0.02797051879510601,0.02747994477456163,0.03481265829090839,0.02225024412853828,0.0169557218461793,0.009123340460636864,0.014844777935028879,0.022455513562760158,0.0488108093719629,0.01915340355525803,0.034118579993324585,0.035488018434678976
2024-09-01,0.014019495845466308,0.006726547519962852,0.020161924114361574,0.016651158349988798,0.03272553186043896,0.023989095017654134,0.04802633957362443,0.01902327934978008,0.012430590058519384,0.03675878826121651,0.014655726776716949,-0.005162137381556838,0.03553135524632881,0.037701759048092504,0.03679207952834708,0.01797189105182494,0.0334410883152465,0.025718862499075047,0.0013162599193960783,0.008996904312939641,0.02248260152171312,0.025553465686132586,0.01169077435954873,0.02609657734548093,0.024853624233584514,0.026635417820642503,0.02573185481077618,0.027072889876342033,0.03958956599329136,0.031359823858071574,0.026629748148384303,0.008945431840894764,0.02792035849729304,0.03672372614660085,0.03388074245683998,0.010685315977583001,0.02636874835197962,0.025297483382360677,0.038931518321062036,0.03639694414587245,0.031132142922062372,0.041730231539961915,0.028622206837568765,0.04406167905669964,0.037340207065407964,0.03320335833364059,0.018504231205377173,0.022314257541933457,0.03660733515398184,0.01586776589556072,0.03456409503861031,0.017136685017711817,0.030488894275742712,0.01308815099829848,0.028831361543130356,0.021604934339422507,0.04514954067358851,0.024669635729813632,0.02116933053783054,0.03758774844980867
2024-12-01,0.009824349133043477,0.013123575843277195,0.024606807776091554,0.006240852353528584,0.025646064406388006,0.012787383161086414,0.03877595808858135,0.010705264850122681,0.004455040063470859,0.02907894622805149,0.0013276260643691879,-0.00730424375858001,0.02122719514837851,0.025771692578702522,0.019685520750275368,0.01353306045253674,0.018349085146698845,0.021834592204213753,-0.0014105035335207872,0.0029211125476291304,0.014510375802422043,0.02087494745379047,0.018511481119966523,0.017433802858401518,0.022526415069301194,0.022292702560611062,0.016010107897188767,0.01083898590343339,0.034770081027996544,0.025631010520576744,0.01429240966216117,0.002459239552927061,0.017166704700470832,0.019997156929606005,0.023396591100882786,0.009852912628419306,0.019538054639253413,0.02720985013605264,0.03314665120947521,0.019042062562705596,0.02351749657030035,0.021484884049938244,0.024861773056566387,0.026426468257786072,0.04396583734925612,0.02703835636006507,0.006894399387167999,0.018676939244967394,0.02593080152950329,0.01589665789124238,0.04395841002405188,0.010593758801064748,0.018785810502434632,0.009096730258359817,0.02748181191492211,0.007006660207557668,0.04625563107046167,0.0290097812549078,0.032786583445650955,0.024879332604908645
2025-03-01,0.022825252271884575,0.011855651324899887,0.03559505539022046,0.003767794420679734,0.019507134750019,0.02008170608578313,0.030715072175777212,0.01543260543143153,0.013481476142174327,0.025706851640169642,0.0075697657394902486,-0.00558920881899839,0.008871867741108524,0.02423726197374357,0.029721435164252418,0.01376861700164374,0.028519989171179403,0.021018503214645698,-0.0032153676861170267,0.006348845315991058,0.00744147187499227,0.015872541925261274,0.012460922299366317,0.01836101272224895,0.02039929569209534,0.029976827526605247,0.027366852461137552,0.02293531026788436,0.034606326292810456,0.023100626464955525,0.013931341940241712,-0.004904585907239414,0.01845607244987503,0.022358751897939712,0.02624476538706866,8.816290130699256e-05,0.025591662011227166,0.03039608238456891,0.03762228718148793,0.020569028466647432,0.022685857839903928,0.04637671198350635,0.02608822965813681,0.01986658428264126,0.036155175415920275,0.01744557326091899,0.002030779158204118,0.019337741554464237,-0.0004703485794218708,0.014877604775966452,0.03126884810078053,0.012345694069806732,0.028427186579596652,0.009852801940878708,0.032419525927596005,0.001575343347661894,0.03840379410013067,0.023544781541064347,0.02541008562797371,0.019977114837234102
2025-06-01,0.010385919146496609,0.008643587411276833,0.02857171526791467,0.0011029675162482714,0.022882287050133728,0.014274584800225122,0.028025447435071876,0.02509261453669096,0.017777012734170473,0.023249519260799562,0.01315662652639748,-0.00503989726776262,0.016408424550236052,0.022312320857014324,0.0278457297371621,0.01692290238127416,0.030717770574763215,0.02732507827019172,-0.0029914144082291844,0.007680804767602672,0.008620708198675798,0.018471866795724854,0.030983292707855298,0.015678628641009055,0.019769480845881475,0.030294215805625566,0.020274745764843113,0.02324829989995664,0.040269457887451725,0.016341724468996753,0.01409241913356778,0.0011750170072808873,0.014146547806177441,0.030032643415673507,0.01949961192708107,0.012847975171767188,0.020855128105227987,0.03146198458209895,0.03931017588848285,0.02392985614183967,0.02287400511821146,0.046743682373868535,0.024404403637465526,0.02872619178637643,0.03962065583701559,0.01983022867731292,0.001776630810516287,0.017198632791213038,0.0021737688150759967,0.020904500916349645,0.033494514474377304,0.013541388607466844,0.019449322603874046,0.022977794455803648,0.0315827945408209,0.007124320704077828,0.04163912787733198,0.025866009946610907,0.024542889342174776,0.020455970235496987
2025-09-01,0.014072498788871153,0.008792200908797575,0.04302864302997027,0.00757055868378303,0.01811375487064479,-0.0017905694160007084,0.01789853716572475,0.03266077223935809,0.008154244239595662,0.02314906200164772,0.004860640026174873,-0.005145822890735462,-0.000751610425695343,0.02207866865673963,0.02365451424137283,0.014575969596949406,0.014099257889513014,0.019917467296634444,-0.007028318377630874,0.00494228569423596,0.004233821109661799,0.012355561331525993,0.029776037724387163,0.02010773826955161,0.015490467963928889,0.046097195906368384,0.015699655977306215,0.014488159960994975,0.041649633425307565,-0.0010019148481088846,0.01856214345895142,-0.0027018401749153366,0.0112855855888436,0.037070796869196725,0.013755109096565174,0.009424465764380862,0.02497756170293929,0.027578068375841678,0.03784544209311757,0.00372330717238388,0.016093165058111678,0.04717416017021437,0.021120730593233775,0.017095211890647905,0.0356473202574124,0.013391900475622094,-0.0054482021925311265,0.010589951426213405,-0.003103645136453053,0.020482995449653256,0.03429908333176674,0.010819956402257318,0.02522583170165268,0.015870710144080855,0.02056071070687962,0.00910180144850906,0.0421885049107347,0.024819780776417947,0.021189078572717384,0.00251793989947718
