,1078,1602,2086,2111,2403,2547,2751,3504,3735,4145,6266,6730,7171,7228,7241,7257,7637,8530,10115,10530,10903,11032,11376,13721,14960,15414,16101,17928,20904,22260,23812,24197,24344,24468,24856,25279,25313,27914,29127,31673,31887,34410,41818,45167,61483,61494,61574,64166,65772,126554,133366,136725,137131,141384,144559,145046,145552,152149,162887,177227
2001-03-01,0.03658325970172882,0.03163998946547508,0.03658325970172882,0.0322599820792675,0.03658325970172882,0.03233775496482849,0.03239567205309868,0.04755697399377823,0.0322599820792675,0.024399220943450928,0.03658325970172882,0.03658325970172882,0.034149207174777985,0.03163998946547508,0.03239567205309868,0.03658325970172882,0.034538138657808304,0.03658325970172882,0.03658325970172882,0.03417916223406792,0.0319339781999588,0.03417916223406792,0.030058249831199646,,0.03470182791352272,0.03163998946547508,,,0.04457779973745346,0.019068237394094467,0.04138669744133949,0.03227362409234047,0.047084201127290726,0.03163998946547508,0.033795084804296494,0.034538138657808304,0.028183933347463608,0.03223002701997757,0.0322805754840374,0.03658325970172882,0.03658325970172882,,,,0.03194762021303177,0.0322599820792675,0.03658325970172882,0.019394243136048317,0.03658325970172882,0.0322599820792675,0.04699203744530678,0.048550575971603394,0.03658325970172882,,,,,,,
2001-06-01,0.025999486001249978,0.03340358105622334,0.018256913326894702,0.03341705071207662,0.02951877937723953,0.05099761620770807,0.04357491323679387,0.04570540648400658,0.027360747154519804,0.029521242611221247,0.0408849177131108,0.02918126406297951,0.016246274642660364,0.05000260055033892,0.020547038365245573,0.03674583825848135,0.06304054706199595,0.046236353753854396,0.02549499447760434,0.027363519905523836,0.03298829138695948,0.0052638353404315975,0.03030434624147461,,0.04011289841873877,0.05427281271237135,,,0.006604380817206585,0.03871172315342693,0.005117447251468395,0.04924847375975259,0.055853247106393306,0.012527910799739205,0.05042350401864284,0.04387321829740349,0.021198643777339175,0.018977865580838395,0.017320102030580004,0.03377444346728125,0.04425606343254574,,,,0.036807865569909747,0.0370854010182657,0.02563203220435346,0.040512398342542534,0.047207557696823714,0.023965175246035725,0.04324598535820787,0.054367480963093184,0.007459613963055985,0.061453143031533305,,,,,,
2001-09-01,0.0365005905149669,0.048712212221722145,0.03814199594523889,0.04059345187760882,0.0598570930196154,0.051692118958740985,0.029846600317331946,0.037610451413971305,0.009795886139072263,0.045887148498616394,0.05462309587254873,0.04261978395121189,0.03936476852913137,0.06809793547053927,0.0363976457761907,0.0547407182679987,0.017993369450277914,0.04314521274952722,0.02308803554441636,-0.01260420239419683,0.043392504289640185,0.011719189874920948,0.04120094610086306,,0.015499896454995693,0.05043821525161642,,,0.013398238484736777,0.03632369225193679,0.07105522855736789,0.02461749132150616,0.06198063755105184,0.006055321491882512,0.06440509516481285,0.04127723524747852,0.031655804413562964,0.024652661030437527,0.0077386357113629674,0.02853527396365905,0.014292905250200529,,,,0.05086033322359976,0.03283496910870213,0.05930395383746854,0.03593772334717271,0.04205711107198677,0.03595388160052758,0.0631785796700136,0.06379726690986391,0.03072046776170252,0.05787362237171085,,,,,,
2001-12-01,0.05046069994568825,0.052066508680582047,0.05046069994568825,0.05046069994568825,0.051866915076971054,0.05070698261260986,0.03564678132534027,0.0621323361992836,0.05046069994568825,0.05070698261260986,0.0507960170507431,0.04380425438284874,0.05046069994568825,0.05046069994568825,0.05046069994568825,0.05194834619760513,0.048612795770168304,0.052066508680582047,0.05046069994568825,0.048612795770168304,0.05046069994568825,0.05070698261260986,0.05046069994568825,,0.04885907843708992,0.0621323361992836,,,0.04469816014170647,0.05046069994568825,0.048612795770168304,0.048409201204776764,0.048612795770168304,0.048612795770168304,0.05835222825407982,0.05046069994568825,0.05046069994568825,0.05025710538029671,0.048612795770168304,0.05046069994568825,0.048612795770168304,,,,0.05046069994568825,0.048409201204776764,0.052066508680582047,0.05046069994568825,0.05046069994568825,0.048612795770168304,0.050798047333955765,0.04892030358314514,0.048612795770168304,0.04069797694683075,0.04321381822228432,,,,,
2002-03-01,0.044355483326763305,0.028390393678416847,0.0510783248761701,0.06284890471009033,0.08534240083312912,0.08857525673965788,0.07737401917479272,0.04159795495430579,0.05030629414646888,0.053126437277855126,0.035267757919435164,0.019050355946189566,0.06837033935129938,0.04781352107967909,0.039887093989900334,0.0773461175412207,0.061658766637254545,0.0810886369066086,0.014844719037142259,0.05093728139361956,0.08521584192654708,0.06481398866837,0.03486316860863799,,0.027156794103645802,0.016195143796464927,,,0.09729463711279192,0.06775418071443218,-0.012842253918790276,0.028834500338789093,0.0855097222226366,0.0028567611671010554,0.08670243344524528,0.016587531081576446,0.03829988532759313,0.012709119994865091,0.048184245370780365,0.0885213043442384,0.06602333605690033,,,,0.022764905256572075,0.058368941565125995,0.07936632015126277,0.0798187144188403,0.07450196914753167,0.046564704092563546,0.10153506674203167,0.09746968040608228,0.024474684008480296,0.0366454106073284,0.12498880046245461,0.09091065389087938,0.10058856320308984,,,
2002-06-01,0.02311240313737,-0.007942776133084624,0.012505539323216082,0.04408170794012647,0.06147049395098109,0.06011574100941334,0.028589378284768072,0.07967637727793143,0.020352995090830096,0.028403675150264915,0.019653212180251137,0.026446408330690865,0.03376398828351388,-0.001001700329621837,0.04093888342873514,0.056910611638104125,0.011883328756877648,0.06393930725070994,0.03892670901262051,0.028012569933867085,0.06535219938877089,0.02300942347175047,0.024424196145934232,,-0.009287920234458177,0.043938768900825514,,,0.07313665171178195,0.0459410539977288,0.022687194759295086,0.02404891270670309,0.02120919468280933,-0.030554895158330528,0.07388588604904149,0.047757993014035056,0.02739204905536999,0.03110462173670384,0.03233029934554101,0.055962113661430404,0.030445997434890217,,,,0.06581678254515276,0.023218356554714686,0.07425377296177911,0.006694399194639093,0.024972919220727058,-0.004803697700531021,0.07627408549103451,0.06168053179827033,0.024711885028793176,0.05443659446412021,0.10126334522730258,0.03155225790329158,0.09763508095218597,,,
2002-09-01,0.04622524299751474,0.043628721544455046,0.03308262174868223,0.046645345712427275,0.06329054054218487,0.04770147281221501,0.036665917457647565,0.058049638504867794,0.04438249643388019,0.03563544538104015,0.0425876785554361,0.04173411807861225,0.053447129166154725,0.02909531616610658,0.05062371833853835,0.04832654507556043,0.02794929559314057,0.045891562266957286,0.062498902240037665,0.05064519471056415,0.06158639891537433,0.05331147969045877,0.04146500942976305,,0.02867105579098253,0.0558161637930899,,,0.04736170662017817,0.056175349934061064,0.05906560566808003,0.039952510623254354,0.05589436320288838,0.00010442793382756745,0.046828422157000844,0.03560277530207146,0.06545275325150325,0.04794598656522276,0.06615426204566209,0.05726745213127246,0.04851588397976954,,,,0.039965413883319444,0.045532459710658175,0.05856391620817929,0.045586194570821206,0.049697707159597114,0.04565985856465187,0.07209338997722053,0.06846602062916328,0.035553015581614396,0.06316280007884449,0.056185574379421795,0.03873106547591554,0.0831580895813929,,,
2002-12-01,0.059424892917183676,-0.013021791822140773,0.04970249379168287,0.035081162375745815,0.06626791471501768,0.05265380256008059,0.011840868699146896,0.044500036499071395,0.02794889784120853,0.0836181974290197,0.039223808095532615,0.04626596682974899,0.06553490799288517,-0.020779413161677286,0.06434160162453723,0.06605717175263931,0.030139049559358498,0.08988258129518341,0.008988792928797739,0.04695228824201164,0.05440787471639722,0.028521070350315956,0.04485024196137192,,0.021117750398236455,0.010595650065762489,,,0.06641975225192896,0.03029889624456251,0.011708585661055825,0.025038817400681895,0.01263773203660872,-0.03163297633706735,0.050066803418228424,0.044793465673405336,0.037245303818377,0.05377947309845075,0.06402037550635975,0.07424475297166075,0.039617834875824605,,,,0.10538554095907844,0.030042238188865877,0.060812864721354394,0.05413058443384688,0.040752373025847784,0.03219960164719242,0.051428155266726006,0.06775332870567329,0.01669129955613939,0.071448879033508,0.06914494143434882,0.0480542007326645,0.06948289868215989,,,
2003-03-01,0.048432404992903605,-0.004400885221883235,0.05969856103193704,0.03464079355230905,0.05216395920038348,0.06911883474674603,0.03373462880610138,0.04084791485325103,0.03357497827276651,0.023435531889165348,0.03141801215910807,0.03803105651215126,0.06797557260380224,0.026049865372322224,0.06371291424329133,0.047379781128902725,0.024854305349245317,0.08034233321334186,0.048817773516933984,0.05776834298497006,0.06586982076420843,0.041225408050742846,0.04424166028767114,,0.05127925017232727,0.027377621377461133,,,0.07053770025989226,0.051572747302554484,0.016344473876884764,0.031249565807014525,0.027011870753600103,0.013853048506685596,0.024104971326249097,0.014245300469362,0.051045034987662934,0.058699899981360326,0.06742358580174736,0.0710049425502378,0.03181272852415973,,,,0.08735519873877068,0.043561456426631055,0.06880905834998964,0.05233394134373346,0.050597780347466516,0.03962219176970649,0.06221328183738994,0.0716184192613198,0.02982110071606635,0.0777702709025065,0.06885325935587622,0.0467813118894213,0.08269610170154705,,,
2003-06-01,0.0420561209321022,0.03402642905712128,0.04076090455055237,0.038714174181222916,0.04076090455055237,0.04076090455055237,0.038714174181222916,0.04076090455055237,0.04076090455055237,0.034117065370082855,0.03924869745969772,0.03828335180878639,0.04076090455055237,0.03924869745969772,0.04076090455055237,0.043242134153842926,0.03621714562177658,0.04840758070349693,0.0420561209321022,0.04076090455055237,0.04076090455055237,0.04076090455055237,0.04905611276626587,,0.04076090455055237,0.05274748429656029,,,0.04750272259116173,0.04076090455055237,0.02737739123404026,0.03712152689695358,0.05382039397954941,0.05177365988492966,0.0618436224758625,0.034117065370082855,0.04076090455055237,0.04076090455055237,0.05966230481863022,0.04076090455055237,0.037161439657211304,,,,0.0618436224758625,0.0362570583820343,0.04441414400935173,0.04076090455055237,0.04076090455055237,0.04594060406088829,0.04905611276626587,0.08958709239959717,0.0362570583820343,0.0618436224758625,0.043242134153842926,0.04076090455055237,0.05270935222506523,,,
2003-09-01,0.010550376994043618,-0.06448486370021005,0.05777379748499837,0.031312900456782734,0.03448434110414816,0.06883609767856516,-0.034648193157316425,0.016833062493111728,0.0464001184465553,-0.01528831799425384,0.03748092774060952,-0.03832396934163027,-0.0029834818950560033,-0.003443598876594128,0.02994639906853843,0.046449581594815395,0.008892780021924007,-0.021744207119469797,0.03784865999946854,0.04394125360018119,0.031078886272539536,0.043474235183390136,0.02993605148225806,,0.01743800453314934,0.0339585664950356,,,0.07647928955495302,0.0309751330659387,-0.037718679792298586,-0.016254668978896634,0.03176436678519206,0.01066714620825387,0.08544879517783234,0.002148902584415196,0.013928904656471319,0.004829791516232183,0.10617000385430807,0.06515170481818995,-0.0002133830526052669,,,,0.03424100559982012,0.05071967586351351,0.04309498023051182,0.06034393968049767,0.03150148013881437,-0.00930978929864823,0.008757545254685637,0.03542854332255533,0.018676630047976452,0.11062862702717255,0.048242058955153336,0.04225914892350236,0.08413721475131783,,,
2003-12-01,0.028854985183535332,-0.032246158666158604,0.02057637958650326,0.012812111733504251,0.032907464725098236,0.04461257964816277,0.020814925168763213,0.02909826877121364,0.02990973818606118,0.02600444677668934,0.019663138820633325,0.03022555123174665,0.026729298358973655,0.023623325515962856,0.03066780267002128,0.026669046046522527,-0.010684088866173645,0.023292864098094786,0.030433477303787256,0.04727777837418496,0.031236579133935405,0.03197671933728968,0.01367887703740854,,0.039584288637476324,0.05574522819795218,,,0.05943741301122718,0.016866948844633398,-0.013269969274977334,0.017923206203041882,-0.010314120350881216,-0.011326629680744492,-0.0188025779336406,0.008370417395885182,0.021931396559784187,0.025114734572683338,0.00856650342603551,0.045685700962639395,0.016213190531455802,,,,0.01642146818771253,0.04425998490911145,0.06790540232730677,0.049952524024908414,0.018033915435382065,-0.00034542209619729363,0.028090801864695106,0.02125497568503757,0.026510830917533014,0.10333046495664382,0.05533067426386595,0.00912892367310298,0.04549054770306094,0.027764161219678583,,
2004-03-01,0.00681981915357269,-0.028941619213085773,0.037143058137714124,-0.00423138421791985,0.03462224765117389,0.060463932605280574,0.012292820449627137,0.023977670493409087,0.02631431577152007,0.01895654227325898,0.014270485791382818,0.014286470192174732,0.03204499130864717,0.013815607577817085,0.04411249505451516,0.01737368932180131,0.021563204018301432,-0.026811770230827956,0.010535966563127776,0.025601417556738008,0.04584968901899975,0.023046689193602265,0.010222074907121601,,0.0133160883249572,0.011334478809546703,,,0.04080155304195197,0.04357086647002891,0.00660267447317942,0.003543103835795786,0.0038912109040040695,-0.02027180140622614,-0.005272688937444179,-0.012586388004289208,0.021276696746132116,0.014094829221796256,-0.007014939264652783,0.05254935571995348,-0.006101429619518919,,,,0.05968946026937193,0.03567579177021603,0.03698790812568914,0.013291228048756886,0.00022001764015316784,-0.025753361137534722,0.05701830298586905,0.019657621431841018,-0.01812816092785208,0.023042187118832023,-0.029288184529550478,0.014688429512471316,0.06965994940798216,0.03022518147931544,,
2004-06-01,0.005249748113074577,-0.01000572597706738,0.04062683317091261,-0.0026117537394303634,0.023051954386775167,0.051281354297601035,0.004512976747897085,0.03821109256966768,0.02292896761924156,-0.003329676209508549,0.007207894276595345,-0.027389455857990807,0.029352820822606242,0.014451622973606157,0.03385855037415562,0.01945282036281955,-0.014903691219946398,0.0067663783096915545,0.008704716333630489,0.018295809157617755,0.036816668163333455,0.020646500288586396,0.02413915096136501,,0.010412284629127595,0.0004910767404788068,,,0.03004689788959325,0.03437857521476017,-0.015425562838424046,0.028568874389213437,0.018850492664487933,-0.014607870943338853,0.01538617181136915,-5.543686477563277e-05,0.010843311071093622,0.02369383168195012,-0.009891493691869991,0.046533011278308084,0.01863837308937724,,,,0.0620719160159934,0.01856377909847104,0.01803293096310544,0.012382826661002945,-0.011348962598953054,0.009398964523254616,0.03434829236206906,0.01513486375826916,-0.010381415466340319,0.02624860351959829,-0.041638176499399944,0.012112478739093477,0.0708235794659028,0.03619856044082922,,
2004-09-01,0.03194582492941321,0.010589488644304201,0.02558479698168158,0.009203186014572042,0.04457865455661054,0.04719634374036026,0.0045960729600349175,0.04039994170285825,0.0304037133394206,0.018844744786188628,0.024376533269603238,0.012997490716870019,0.024954233944578394,-0.0006333374359000326,0.03356137102012661,0.028084707960259105,0.007125296424191396,0.012714040643011338,-0.0016096806055011378,0.013658195088517976,0.03813466907587879,0.03724048249373589,0.020372490556563115,,0.01581959614705606,-0.011896602953308837,,,0.02156143944618948,0.027123196979992634,-0.008942518022029148,0.021360171796917286,0.05127050976903075,-0.009024875095119086,0.004473080948092221,-0.01529038874868309,0.03415784809265732,0.04832531086912071,0.03497686912745406,0.06211047665291888,0.01220461416200282,,,,0.040703096642128206,0.027942856013680604,0.0003142354431906099,0.02549102317904137,-0.00847330142246094,0.0024136764543600444,0.064309896998948,0.04088058977612797,-0.004255152887904752,0.02119558049891105,-0.042127821809154815,0.02981847265393546,0.0722244487220772,0.035070193309127834,,
2004-12-01,0.02166298542648441,-0.008055988311893462,0.014374465803161802,-0.015215539087485302,0.02441038079519881,0.06199549222566894,0.004304305865597215,0.043457994811436966,0.03412194186206502,0.03420688215594383,0.017534390812040595,-0.0010595071132120184,0.06394307235556915,-0.002849723144144362,0.04079693263724846,0.030325995987198477,0.0014035066666710171,0.0329602238875828,-0.01373286350608589,0.040627130769518585,0.012475777488938881,0.04445502924242234,0.012886510353719826,,-0.018097853299938862,0.0010512375521793899,,,0.06374797520343954,0.03171456068218854,0.010745551400888759,0.04073954178026478,0.05489479401210083,-0.0222716906225434,0.025859527912206533,0.0031631485069690186,0.03946432801813954,0.05663391809473945,0.03163429242535574,0.06753817617737733,0.024460997310086552,,,,0.05814104293925779,0.03002691883831251,-0.0038756387452698886,0.0033634460623618153,-0.014868293976117058,-0.001652360349046241,0.03120705296309343,0.02282685158233419,-0.016794801828299736,0.0474427360238709,-0.022451872511272595,0.011368690200446459,0.06165124985601627,0.034566588949500585,,
2005-03-01,0.005296829233757204,-0.0017314394846094886,-0.006880820757024417,-0.0033724177625259187,0.026980993069564935,0.04816246725300237,0.002666809333345498,0.005569087593410603,0.037679825314945146,0.030428169711843044,-0.0048147554450376625,-0.0010469458966848055,0.0303763097573037,-0.005739465784305678,0.04057106264582762,0.04135618645523018,0.0026280900440323177,0.042067002651233025,0.009929191586877134,0.03297470953064299,0.011707923307403396,0.039218084868941176,0.01616610022820015,,0.001107754638853551,0.00013346437616874467,,,0.029266887393858694,0.05803266774998278,0.0004008315710257245,0.044547188817062364,0.06691715657950055,-0.017956621302665753,0.004389383350969153,0.035379063376632366,0.03276436354130993,0.03169903298944298,0.022565379585697737,0.06070552253031876,0.013723521909467813,,,,0.059205641694482974,0.03705916868287875,0.021088405053146353,0.014052642058750897,-0.007095626330622261,0.013759077904192235,0.05924869300515459,0.02043045594376981,-0.015350938705213922,0.050292610571206396,0.002291945061621177,0.00021878315572124488,0.056661541234577145,0.0397510722560354,,
2005-06-01,0.0047683688535245785,0.010341084517273119,0.012052953486315236,0.006647952039649705,0.03307555138505951,0.04192271471058231,0.006126159588036165,0.03587027997109656,0.0383614626135787,0.027203966600948898,0.020919288579677203,0.0018166609485270907,0.027434999421111366,-0.012218696572752768,0.03472909152385188,0.024166680388070266,0.01689416575290978,0.027566992021878494,0.0068013400777018375,0.06895069277072988,0.0177448843801091,0.037984684603578074,0.027188324036579267,,0.0060548392859348325,0.022498343784164883,,,0.02234779903457791,0.04032958022396269,0.03829863181759471,0.039296123456916486,0.08016148411894326,0.015652230945821733,0.006048981157592571,0.05080262969426311,0.03262834909039137,0.015715598189866994,0.028334562150213058,0.060604540433324056,0.022790674728477622,,,,0.0641164235890763,0.030889085173578502,0.023092194885598886,0.017859360646054916,-0.002486444763819946,-0.002405862208086016,0.06877749963955188,0.02385101623312674,-0.0067194053121309395,0.06229477186768317,0.007919624104633807,0.014444492795501206,0.06704335877774968,0.04116851317705105,,
2005-09-01,0.022006708022076053,0.009795645731493472,0.013875654848722217,0.014920086328564761,0.030614451524015082,0.0321131945236883,0.004200930829600631,0.03291365250310821,0.037607863837741055,0.04112283362408348,0.02305966062631837,-0.012789205087464254,0.010852927443840199,-0.012813073807204669,0.03599839368006555,0.035551764678412125,0.03096743412651428,0.031678403484030705,0.014019492789542226,0.045072499987227566,0.024177909879966455,0.027073260141747747,0.01445972790283219,,0.01283970269595291,0.02083565906243128,,,0.024750085507574578,0.03229808808766009,0.01759992627535956,0.049830038153612276,0.04136131510934825,-0.006496350368249887,0.013533743829754877,0.04697842583968228,0.03348679485250014,0.006494626523576802,0.029004732662147446,0.05453941555165595,0.018528431825564632,,,,0.03590039886485093,0.025566789355721018,0.02972667980508349,0.025461039900163514,-0.0017620676690155521,-0.008002305699462421,0.043444838582755774,0.029121052808876554,-0.0008632939980259196,0.06072520887294272,0.01787555707087385,0.01269248478246766,0.059396293251784395,0.03925162451733241,0.03775753969270174,
2005-12-01,0.02447362141749221,0.00775802821952517,-0.00348344279708328,0.004824753426524425,0.033182242742984376,0.036218828256464,-0.0038798438000024406,0.01564381220527097,0.03430090303727454,0.026684257842022944,0.014927710944218662,-0.006907308316706979,0.0043976515836379815,0.0033102417761659087,0.025031657021270633,0.028857407657739063,0.023508925822628073,0.026449016055943377,-0.0042342414858387864,0.02222122960539668,0.013110934945421,0.03815415770372481,0.01067617932659322,,0.015825861433782208,0.0007174739890816913,,,0.01849298241057286,0.03535785768537731,0.005785205275321846,0.03946921968946338,0.028041778613737176,0.00841949564361371,0.0010037587417735952,0.03556826571265929,0.03542065335330877,-0.021647286625129703,0.04325278194763149,0.02426986377271768,0.014734721308533493,,,,0.034336879022172834,0.018251978890719795,0.036852885342231884,0.01471532386030294,9.387926437364686e-05,0.008819588478705948,0.056587503778965896,0.0037987165468041004,0.011027188338623536,0.05222317210818094,0.006522070545027836,0.01102556157176456,0.05717695824914343,0.03818531040386881,0.03238194800923814,
2006-03-01,0.03445860370993614,0.02999313361942768,0.03445860370993614,0.03445860370993614,0.03445860370993614,0.03445860370993614,0.02999313361942768,0.03166291490197182,0.03445860370993614,0.03445860370993614,0.03445860370993614,0.03445860370993614,0.03445860370993614,0.03166291490197182,0.03445860370993614,0.03445860370993614,0.03445860370993614,0.03445860370993614,0.03166291490197182,0.03445860370993614,0.03166291490197182,0.030470330268144608,0.03445860370993614,,0.03445860370993614,0.027658803388476372,,,0.030470330268144608,0.03445860370993614,0.013411165215075016,0.03166291490197182,0.017415283247828484,0.030470330268144608,0.030454488471150398,0.03445860370993614,0.03445860370993614,0.03166291490197182,0.04256032779812813,0.03445860370993614,0.03166291490197182,,,,0.03166291490197182,0.03445860370993614,0.03445860370993614,0.03445860370993614,0.03445860370993614,0.03445860370993614,0.04065186530351639,0.03445860370993614,0.03445860370993614,0.020763596519827843,0.02999313361942768,0.0271444171667099,0.03445860370993614,0.03445860370993614,0.04065186530351639,
2006-06-01,0.031038640066981316,0.01906503364443779,0.031038640066981316,0.031038640066981316,0.03137442469596863,0.031038640066981316,0.026898488402366638,0.026596974581480026,0.031038640066981316,0.03137442469596863,0.031038640066981316,0.031038640066981316,0.031038640066981316,0.031038640066981316,0.03137442469596863,0.031038640066981316,0.03137442469596863,0.03137442469596863,0.031038640066981316,0.031038640066981316,0.031038640066981316,0.03137442469596863,0.03137442469596863,,0.031038640066981316,0.012020221911370754,,,0.026596974581480026,0.03137442469596863,0.012020221911370754,0.026596974581480026,0.031038640066981316,0.031038640066981316,0.012020221911370754,0.03137442469596863,0.026596974581480026,0.031038640066981316,0.21932445466518402,0.03137442469596863,0.03137442469596863,,,,0.03137442469596863,0.03137442469596863,0.0350605808198452,0.031038640066981316,0.031038640066981316,0.031038640066981316,0.03486258164048195,0.026596974581480026,0.031038640066981316,0.03137442469596863,0.01906503364443779,0.024760078638792038,0.03137442469596863,0.03137442469596863,0.04359738901257515,
2006-09-01,0.03162304311990738,0.006219337694346905,0.03153505548834801,0.031617894768714905,0.03490903228521347,0.031611114740371704,0.019179299473762512,0.035055190324783325,0.03362714499235153,0.034914180636405945,0.031617894768714905,0.031617894768714905,0.026538118720054626,0.03162304311990738,0.034456316381692886,0.03207198157906532,0.027543216943740845,0.03501816466450691,0.031617894768714905,0.02608918398618698,0.031989142298698425,0.03490903228521347,0.03501816466450691,,0.031617894768714905,0.006930225063115358,,,0.026669016107916832,0.03501816466450691,0.029642334207892418,0.03501816466450691,0.024351296946406364,0.016627708449959755,0.02848651446402073,0.019692854955792427,0.034914180636405945,0.0265432670712471,0.09785807877779007,0.03501816466450691,0.019631359726190567,,,,0.03490903228521347,0.03501816466450691,0.05174954980611801,0.03207198157906532,0.03153505548834801,0.034539155662059784,0.029443921521306038,0.019636018201708794,0.02622504159808159,0.03501816466450691,0.031617894768714905,0.019179299473762512,0.044798970222473145,0.03490903228521347,0.055225688964128494,
2006-12-01,0.03069473777800561,0.008664384834244584,0.027841374522552073,0.008664384834244584,0.03192039715129525,0.027116583939988177,0.015611656360929614,0.04215811594147903,0.028708726735318667,0.053726783082680266,0.03069473777800561,0.027841374522552073,0.031104527378517436,0.027841374522552073,0.03069473777800561,0.03069473777800561,0.03291617409504254,0.027841374522552073,0.027841374522552073,0.025268530526088042,0.03069473777800561,0.035875194019998,0.03239345513545027,,0.021794556153329137,0.03392063699433068,,,0.042639590030013684,0.0321426876061985,0.00015459277226565938,0.032617662239371854,0.025494476545885127,0.035624996485392614,0.029392329894624102,0.004741892110289485,0.03258650163767962,0.02474711173627031,0.09648218032297609,0.04530066504062905,0.032810708741601205,,,,0.014332437467588968,0.03258650163767962,0.09648218032297609,0.03069473777800561,0.021794556153329137,0.03095633058162732,0.034283536878304245,0.02128506878925568,0.0345322737749277,0.042427283568964635,0.029965020135227748,0.03150575605111047,0.06215845578752138,0.03266985782033863,0.07770318533732631,
2007-03-01,6.633588667972954e-05,0.010748524844759511,0.012068117509402659,-0.0031875059139987207,0.01767021886840519,0.03833280487200954,0.02561869196363434,0.03283599130614557,0.01718505554811319,0.04525838757853298,0.017771775467867765,-0.011608948339699216,0.04133480501279758,0.016483702582550518,0.03287872446714106,-0.00516203137497636,0.04409148110172991,0.041354649265444084,0.01926282588902194,0.009426676764261606,0.036910700150702726,0.046721850516539994,0.027281510944855297,,0.015223269418065826,0.01143213366159309,,,0.011051026645495015,0.09913582668590476,-0.008664334576746213,0.04604082104165083,0.0001110846909927088,0.0022068664777616536,0.03829112763590458,0.0587768490440227,0.046941093276815685,0.03111638427357009,0.0662199627346015,0.06656312668188331,0.03693530120894713,,,,0.04416856736805111,0.0435783043336917,0.03546375396714648,0.02080091104722576,0.005612104919666386,0.02230238291701479,0.06307058622035457,0.014717149342734095,0.03687230183707168,0.05832873198158927,0.025567942525713615,0.051423851241534715,0.06949591150308292,0.07592364985857841,0.0588166054049012,
2007-06-01,-0.004215407764924241,0.00967954710331839,0.00242989873767644,0.015307614234126568,0.018571631263599345,0.0390436992130767,0.029242372540023476,0.04632837057831859,0.022782951371551285,0.025898126948561515,0.013272747524038501,-0.004270684609472517,0.04469421162557814,0.010812479760329466,0.04661490977716542,0.0024889220430593167,0.026714919957376,0.045195140009754636,0.006419684902912769,0.014274166068636223,0.03592843443577694,0.043524968268795615,0.03247149585287703,,0.014818477285529943,0.02252891224188158,,,0.00025770275698399215,,0.015414710078102285,0.043744533578918735,0.009343145675564744,0.029576785637326148,0.041302582068311854,0.03392563799265452,0.04768724779757677,0.029374160991794174,0.05643755320944846,0.05287389193824742,0.028169273152250505,,,,0.04826793461036019,0.036531528983194186,0.019683774158099396,0.013855255211365953,0.004239932652758653,0.012176401293047598,0.06862257561236756,0.012505355531792297,0.02638473379885943,0.047239824791227826,0.019286986180970977,0.047468334375295324,0.08842335687226303,0.07348818740380661,0.06131521822880966,
2007-09-01,0.006768344207439474,0.019596003056336467,0.012608334716153604,0.019362242407875537,0.007926484063163396,0.04344849795825191,0.02047172786123183,0.04750143804033923,0.01743779819244673,0.03722807651233913,0.013271491696592957,0.004889947696643826,0.02707310596677206,0.0017353633931462531,0.053698048871734516,0.012054609685537232,,0.0148753249330351,0.018744046674297847,0.025236043369926155,0.028069920616227803,0.0515748251879711,0.03356734114930245,,0.028423092277609464,0.021826614514688744,,,0.02499537485153893,,0.019771466481932294,0.023941282470505712,0.004116964764400031,0.010965706766766694,0.04641903570456537,0.03692075317232841,0.004489923033315301,0.03356152719519759,0.04483898425665728,0.05037308649949925,0.03781210791274268,,,,0.047982865178549924,0.03522657368145545,0.030054940677105162,0.02105400179160201,0.010594813536687418,0.012397097658309607,0.06683577032327434,0.015417069456419264,0.019607346339996234,0.04713591264331407,0.020035803755636735,0.04586688677746575,0.06792874609303691,0.06940300266977173,0.046404378241959025,-0.0011621427102597051
2007-12-01,0.004562263135307511,-0.0038035502501739377,0.017667477225888295,0.024068789824924153,0.024517796219009708,0.03985504789741439,0.026435711085454092,0.05663635969657365,0.027794832036784647,0.03085607624065836,0.02171092729896967,0.018767519039165632,0.03468298082183174,0.017683100682858024,0.0452647306800873,0.022557431637059176,,0.009294204031781671,0.023520617133119464,0.03949686209762197,0.03296385376875871,0.05434086455486922,0.03498688893930332,,0.04060584016380664,0.0048811201460998484,,,0.03028272995287507,,0.027399383457271415,0.03701425478962626,0.030645206847822924,-0.004168207891467186,0.03158898673812961,0.04601823294978169,0.03992683897898217,0.026457197160907057,0.048787940926018625,0.057791941266208964,0.0058638487126470625,,,,0.03672385322822123,0.029805833654825285,0.03477409121227162,0.021714898974154472,0.0268391637954546,0.02674291587021427,0.05935210732378925,0.006097008824851711,0.04732546670411374,0.021613343437813362,-0.0013436291805151877,0.05351033061566593,0.07864434324421783,0.05972407947695159,0.0713734536822546,-0.004555500527945483
2008-03-01,0.007528081930522744,0.02244204243551481,0.01451605846786609,0.024506469433627075,0.03396484501374498,0.04699498944491261,0.025433027922778885,0.033547212403617556,0.02182195867456548,0.04808257243385891,0.023158244824946703,0.013408774013353246,0.039879840037860555,-0.016360655122511242,0.03509065320646324,0.0012353797772226703,,0.0408693682242391,0.02443342166975641,0.03735319508337404,0.034575533541333,0.058415817203588544,0.02060011280320926,,0.02307338944277882,0.022186962449893707,,,0.012323894340191023,,0.011096518216256956,0.017141536845496165,0.03799440601842761,0.016940070800784312,0.050394562433075364,0.053036423487602354,0.022032650005738202,0.023535114346140428,0.048937221986137557,0.053879673309744455,-0.005568886615236682,,,,0.040892911401800174,0.035643163567670604,0.013891431143951178,0.020672103148859006,0.012947456653090116,0.0038941461720149355,0.03434107546618861,-0.013439908173370783,0.015673016082749253,0.02629513465684831,0.036240503327855646,0.05485599970667843,0.03463955695638359,0.06213003436981751,0.057696625371345636,0.014038472705015695
2008-06-01,0.03308740878191235,0.03582200383961135,0.03308740878191235,0.026483358425568145,0.07265252413192674,0.004748754895107247,0.03331245020764451,0.035512924712737065,0.062214627049822786,0.02809389026306175,0.03308740878191235,0.03308740878191235,0.03338557886708535,0.03308740878191235,0.033322125329353185,0.03308740878191235,0.009413085594003766,0.04332526104496032,0.03085802430131407,0.06673177545365076,0.03598359172761135,0.04139444085806539,0.043394793745519016,,0.026483358425568145,0.043231098366429174,,,0.015114684640803991,,0.05737670620844642,0.03356785181069028,0.013471541339194692,0.03306657802865299,0.07927388881895531,0.05024600558256948,0.037888079235679634,0.04548645771080458,0.036663608961601236,0.05933390107532694,0.04220223697130118,,,,0.037888079235679634,0.032556477948615825,0.03308740878191235,0.03308740878191235,0.026483358425568145,0.03308740878191235,0.039672054490294,0.03380359976645831,0.06244934359726362,0.028225681827976697,0.0433855533542756,0.06586657215663706,0.09034277780918128,0.04407843449498459,0.08195399495578551,0.01869415647655449
2008-09-01,0.03128229984894112,0.03128229984894112,0.02999970573080841,0.025342243822334253,0.044319555503740886,0.042258017049107456,0.0324903888790887,0.05283873963083798,0.03811925754817659,0.032460641322034973,0.02999970573080841,0.03128229984894112,0.0324903888790887,0.03128229984894112,0.03282744562692837,0.03128229984894112,0.013312804579291744,0.044514354188468185,0.02999970573080841,0.05259413234141864,0.037517208006009696,0.03845631429601626,0.03406400037509667,,0.0209176461933343,0.03710735659415376,,,0.07049059995898882,,0.02842362999957961,0.03222169765707254,0.017843118281926765,0.03128229984894112,0.05226761156189566,0.02773465138910869,0.03128229984894112,0.05754637362586579,0.0057452112756056885,0.05343633944108435,0.03985181677188731,,,,0.03222169765707254,0.03516684179768796,0.07095260351652977,0.031039652974924944,0.0209176461933343,0.03128229984894112,0.04257090213812191,0.02929147469829851,0.039613665784628264,0.008329247809213468,0.040439061280672164,0.05408311661160476,0.07320315023595061,0.04054016881579136,0.0689123807921399,0.023060474128667102
2008-12-01,0.03119643543426819,0.031456600534342065,0.025766221311790054,0.020294328514377333,0.03220789257672329,0.04080517169156346,0.03421359632403065,0.0592264608436831,0.04547652543761464,0.03558971835416604,0.01972727366271667,0.00672376152148413,0.034458237614195225,0.03119643543426819,0.04356707582041474,0.030630120902503413,0.04157066582971069,0.04479418539794581,0.031456600534342065,0.061930024972152595,0.04796657706191887,0.04233128162977253,0.032143096167078763,,0.019987438762790573,0.04447962842876448,,,0.025592900264229813,,0.042453685099338265,0.030942936500799784,0.012027338022519122,0.03522334167956881,0.037168837206639965,0.04317629834534688,0.03119643543426819,0.04805497539174256,0.06477293539928987,0.058319783020282345,0.043658437865804235,,,,0.031456600534342065,0.032752588428670584,0.06700250949406644,0.03176349028592888,0.019987438762790573,0.0377033737828865,0.04010287349851897,0.03812919718922452,0.045724960952681616,0.045344625014286453,0.03899856276613377,0.05796093254618513,0.06380702596865037,0.03996761922323853,0.06477293539928987,0.03038043417141024
2009-03-01,0.033703163266181946,0.033703163266181946,0.033703163266181946,0.029512282460927963,0.03404182195663452,0.036104217171669006,0.036104217171669006,0.036104217171669006,0.036104217171669006,0.036104217171669006,0.033703163266181946,0.03322788327932358,0.037500347942113876,0.033703163266181946,0.036104217171669006,0.033703163266181946,0.036104217171669006,0.036104217171669006,0.033703163266181946,0.036104217171669006,0.036104217171669006,0.036104217171669006,0.03404182195663452,,0.029512282460927963,0.03404182195663452,,,0.036104217171669006,,0.03404182195663452,0.03404182195663452,0.029784558340907097,0.036104217171669006,0.03404182195663452,0.036104217171669006,0.036104217171669006,0.036104217171669006,0.04238741099834442,0.08845701068639755,0.03404182195663452,,,,0.03404182195663452,0.036104217171669006,0.033703163266181946,0.033703163266181946,0.029512282460927963,0.03404182195663452,0.03404182195663452,0.03404182195663452,0.036104217171669006,0.03404182195663452,0.036104217171669006,0.036104217171669006,0.036104217171669006,0.036104217171669006,0.06200212240219116,0.04695124179124832
2009-06-01,0.025798510760068893,0.025798510760068893,0.025798510760068893,0.025798510760068893,0.030705487355589867,0.029719408601522446,0.029719408601522446,0.029719408601522446,0.029719408601522446,0.029719408601522446,0.025798510760068893,0.025798510760068893,0.029750075191259384,0.024011248722672462,0.029719408601522446,0.025798510760068893,0.029719408601522446,0.029719408601522446,0.025798510760068893,0.029719408601522446,0.029719408601522446,0.029719408601522446,0.029719408601522446,,0.025798510760068893,0.030705487355589867,,,0.029719408601522446,,0.030705487355589867,0.030705487355589867,0.02270766720175743,0.025798510760068893,0.025798510760068893,0.029719408601522446,0.029719408601522446,0.029719408601522446,0.02785952389240265,0.029750075191259384,0.030705487355589867,,,,0.029719408601522446,0.029719408601522446,0.025798510760068893,0.025798510760068893,0.025798510760068893,0.030705487355589867,0.030705487355589867,0.030705487355589867,0.029719408601522446,0.04477684572339058,0.029719408601522446,0.029719408601522446,0.029719408601522446,0.029719408601522446,0.030705487355589867,0.030705487355589867
2009-09-01,0.02661486156284809,0.02661486156284809,0.02661486156284809,0.02661486156284809,0.0314960852265358,0.028825197368860245,0.028825197368860245,0.030699843540787697,0.028825197368860245,0.030699843540787697,0.02661486156284809,0.02661486156284809,0.020345281809568405,0.02661486156284809,0.028825197368860245,0.02661486156284809,0.030699843540787697,0.030699843540787697,0.02661486156284809,0.028825197368860245,0.028825197368860245,0.028825197368860245,0.030699843540787697,,0.02661486156284809,0.0314960852265358,,,0.030699843540787697,,0.0314960852265358,0.028117354959249496,-0.017070181667804718,0.028825197368860245,0.028117354959249496,0.030699843540787697,0.028825197368860245,0.028825197368860245,0.03721737861633301,0.0827632024884224,0.0314960852265358,,,,0.028825197368860245,0.028825197368860245,0.02661486156284809,0.02661486156284809,0.02661486156284809,0.028117354959249496,0.0314960852265358,0.0314960852265358,0.028825197368860245,0.028610188513994217,0.028825197368860245,0.028825197368860245,0.030699843540787697,0.030699843540787697,0.0314960852265358,0.03488299250602722
2009-12-01,0.02969314157962799,0.02969314157962799,0.02969314157962799,0.02969314157962799,0.02969314157962799,0.02969314157962799,0.023713642731308937,0.03434579446911812,0.02969314157962799,0.03384964168071747,0.02969314157962799,0.02969314157962799,0.02969314157962799,0.02969314157962799,0.02969314157962799,0.02969314157962799,0.03434579446911812,0.03434579446911812,0.02969314157962799,0.02969314157962799,0.02969314157962799,0.02969314157962799,0.03434579446911812,,0.02969314157962799,0.03434579446911812,,,0.03384964168071747,,0.03434579446911812,0.02969314157962799,0.014886895194649696,0.02969314157962799,0.02969314157962799,0.03434579446911812,0.02969314157962799,0.02969314157962799,0.036599792540073395,0.08589295297861099,0.02969314157962799,,,,0.02969314157962799,0.02969314157962799,0.02969314157962799,0.02969314157962799,0.02969314157962799,0.029438981786370277,0.03434579446911812,0.029438981786370277,0.02969314157962799,0.03434579446911812,0.02969314157962799,0.037905097007751465,0.03434579446911812,0.03434579446911812,0.05941662937402725,0.03434579446911812
2010-03-01,0.006773736087209851,0.00856651172938418,0.0031343344745001257,0.007605557470240754,0.012506245869133667,0.03883326773121558,0.032396602885010964,0.04261769367714296,0.015040277723190396,0.03092229221064925,0.004992267371627493,0.013288084766069115,0.03059943979853633,0.005346872815595341,0.043682835751803505,0.012786109874683621,0.009026721705588985,-0.004492909262373357,0.009869911922119142,0.02686090090185289,0.047486539495389064,0.03708403536783405,0.026562399348196396,,0.0250315660871394,0.015196678425129558,,,0.03163632302618013,,0.013469603014266742,0.019310120614196926,0.003419329693044223,0.013497298871113485,0.021365284277161372,0.04078293740325211,0.017771063888950524,0.040604017879182414,0.03327708933729896,0.04025410506463355,0.017876336453694474,,,,0.027118349923442763,0.03437252574528754,0.01406304664940363,0.01252648658918182,0.01199666079160825,0.013232222846883841,0.028944785057661147,0.004813057866056901,0.0265396691568958,0.03171300443493442,0.01626686851657958,0.039839553981575036,0.06866622785966311,0.04767368611785634,0.04866225950901402,0.024799312584652504
2010-06-01,0.00446328778368757,0.006419899003088361,0.001135222315561673,-0.0028957569485095896,0.004285535445770581,0.03966825763838826,0.022098502818888727,0.02452947496829827,0.012975722312608368,0.018462816530126346,-0.0009893126860355912,0.00897251151848243,0.01708736328297505,-0.0010098813959070337,0.031375727353331835,-0.006538652384264749,0.028763537192213934,0.026229059451324744,8.522432821226982e-05,0.02601760154844099,0.045561920292834734,0.034164076979790174,0.02244081993664526,,0.02185096353538647,0.013719786117722486,,,0.01194115638397114,,0.0022639782429162416,0.011780238709870813,-0.006731475111838972,0.010346854298517583,0.015130314389430584,0.04193515613357913,0.0070283058443493295,0.03983129167963848,0.02345744563046741,0.024181454913398653,0.011780319404276882,,,,0.023984501272084423,0.03179675273730346,0.0105629471308829,0.007049975674407874,0.009599852748476058,0.010320690930477064,0.027315392828950187,-0.001289284353608305,0.016551894429610487,0.024752887233754576,0.015064754523256355,0.034872076447650974,0.06276336685938347,0.0515339728473408,0.03398688213513273,0.01833889695810464
2010-09-01,0.009792790559010188,0.0169772065639153,0.011868980754847505,0.004403916700932037,0.012591557348381048,0.04116132072918664,0.025016624077607838,0.05262225978954672,0.025294104113803315,0.0402627207496848,0.0008160593675709301,0.01122199968202628,0.018206888478457323,0.009450467952096996,0.03978242581777522,0.0072309646565188665,0.037453046582576636,0.04079923060967812,0.005195059488546827,0.037005978739894,0.04001840272840482,0.0304587316683379,0.031575375352934414,,0.01842700532018698,0.011320297648611099,,,0.04433181830749064,,0.01460357961065903,0.013559093525775334,0.008218904478837285,0.021242066552030446,0.024162303768637528,0.05704941544527988,0.00725796000081206,0.04231632091873335,0.03531008770087899,0.02590916547157747,0.012643160626882572,,,,0.022377814062721116,0.03347802722256844,0.01260020630196649,0.019113947262839468,0.00946052317422943,0.023095402047192296,0.027884461429097854,0.005785070373299556,0.024764143656040388,0.03659500955763193,0.021039082786464682,0.041336682152018044,0.07229491764329338,0.05113616363513945,0.03949825691931876,0.013167091327098557
2010-12-01,0.004290065856296635,0.022038366995495894,0.009713783264732717,0.0006695312881193175,0.020729566103161668,0.05382675968997823,0.03910433365073222,0.0567298741605166,0.027805804158387168,0.031695817962064055,0.0036674777926783103,0.0106500816498489,0.026492480137443552,0.006078637636634612,0.056101307085517825,0.0036812066719424173,0.060004653429537126,0.024069391959020407,0.00038946017479925184,0.04656953104021055,0.045875148350478304,0.03915132073068797,0.042317015988717024,,0.011164920758177856,0.02070495501965854,,,0.04662772064737454,,0.00891358642590726,0.014887219908440776,0.015388739608738171,0.012307470235140467,0.03040525760950155,0.08051467416366402,0.011322410266058893,0.054938373269239095,0.052092947006102334,0.022457625354250818,0.023785938278551896,,,,0.019080379125532662,0.03684316955439302,0.004373657440224516,0.023272031595348252,0.009289899687625136,0.017078878096273547,0.024402142342652054,0.005651540671600207,0.03221840358852091,0.03746587711531714,0.025710048097277127,0.057045837093288344,0.08980800356541847,0.07618853875018669,0.04295482296088489,0.021939387269864694
2011-03-01,0.015709689007593494,0.02973667182691818,0.010315659941253084,0.011962820386381056,0.016809972350842247,0.06443079072473473,0.02201007129571095,0.049541305672553854,0.013606564151297315,0.026584204590720365,0.007874089286258962,0.028542418054855242,0.017444408527314683,0.020443655119297372,0.054508024298896555,0.011327846891820668,0.02328319987047092,0.054838861101643994,0.0015305016924320452,0.03831719535067301,0.05436761209874615,0.034580750548500454,0.025503866314688765,,0.022606233577626592,0.016711537735810987,,,0.020173298180174118,,0.0006792220574626522,0.015180234008341648,0.004063905257889437,0.0072572315100262125,0.0361113308558612,0.0764273618190182,0.009170772917151463,0.054196046168761405,0.04670029341008343,0.024422108618679682,0.01599299718994314,,,,0.026527025184292143,0.04327829530717886,0.01147037789843343,0.030204108055788114,0.02097421799134422,0.02163233811160793,0.028612282839591215,0.006139234741238609,0.02530446332997421,0.01963559132718481,0.008080728109114645,0.06459811832262477,0.083420076516647,0.07327617884121143,0.04740246116920796,0.01641998872911865
2011-06-01,-0.0007624395792079998,0.03901791084833967,0.022230462228327547,0.01805536272604068,0.03179170450262889,0.06897066511863832,0.017223841203626196,0.026661864853964806,0.01454954682903861,0.03418261203792983,0.030244980374563142,0.031942811351207266,0.037588911124835235,0.011679286971047005,0.04288498659236855,0.023796178282611432,0.031344384185051526,0.028479438536541526,0.01924861700295723,0.029384879712642517,0.0611998999739761,0.06430164558664558,0.04243479574599578,,0.02571839938494027,-0.003787800613451886,,,0.025856281589320622,0.061119793188382295,-0.013325752439134801,0.014028241411715261,0.0037585430375609587,0.01643184995277564,0.019830157831138603,0.047798481297887066,0.03659701195059402,0.06617415179168085,0.03963043275955027,0.03384891140904292,0.017102394783064696,,,,0.028202983897397792,0.034686249614776656,0.009634543353644926,0.02920714890927055,0.015924788896824353,0.018175197283574404,0.0106440122626633,-0.0014158450684838872,0.017749646177225645,0.03031419347244184,0.027565849184304395,0.07119571576401874,0.0634537869428531,0.05360257513607095,0.055819784342809126,-0.012990493204571388
2011-09-01,0.014798101673000582,0.02150258763853549,0.00013462170938317164,-0.0006103257405322949,0.010836834203032953,0.038450583324684505,0.0024174252047004467,0.026448050398994016,-0.0026290572227245625,0.0179361922684024,0.00047517237983358976,0.01782106710711311,0.005618683292610941,0.024533348998285527,0.037845921968367356,0.01803276822757278,0.023656866897007137,0.015432793682700315,0.009654349407100695,0.021756573652841327,0.0417893871255529,0.038570480986527114,0.0350613991305793,,0.014183872449083416,-0.011486123603923468,,,0.017349311813075804,0.0534678024667203,-0.026601857244605297,0.01436509011075982,-0.015561312790822344,-0.004339721703933716,0.02929846058239337,0.06590796372236704,0.012920022753850367,0.056040329893175964,0.025985706841989885,0.013610313790644275,0.014325608284876988,,,,0.021558235113086497,0.02364694832855387,0.0036556962403775832,0.012794565193207649,0.004968353207332438,0.027242138975848876,0.02528642047367105,0.0034336320346803014,0.014399481685718219,0.0041376660873517134,0.020795288500934404,0.05251818238580061,0.07385947727056745,0.05091134121203954,0.0036562706919835712,-0.01354111973028027
2011-12-01,-0.003873524590315056,0.01959850874733009,0.013240009202831957,0.017611189849441357,0.015360389451197205,0.03391096282870022,0.012748017177363872,0.034224557724305125,0.025266796393688243,0.039220202365435206,0.02241431394672857,0.02752452262342108,0.015361317105973953,0.024465627066933684,0.03694932223993509,0.014686605853485328,0.05207903364711286,0.03751660307940309,0.024277458703918023,0.03448829086265379,0.03048307452266147,0.04503060348411877,0.03213463177316667,,0.025163656707388123,-0.00712124341113375,,,0.055623855534260094,0.03514168598667121,-0.01068770189508893,0.0114410195351466,0.015730960196698986,0.01184426583707284,0.028386254937332798,0.07136378503671349,0.019773191406384543,0.03786313437801277,0.042529248098949375,0.013648549143723194,0.02443846207651653,,,,0.03893691901059265,0.03157965053104471,0.018199817864612364,0.027727922458751764,0.018513487188223834,0.03683837998015717,0.025429666574843777,0.007541640596637261,0.03181420347907473,0.046550694561022364,0.03796052105889833,0.038981937530473035,0.06816885394346366,0.06843196826648301,0.004081626386162758,0.015346239691544597
2012-03-01,0.0123829841723562,0.025333414061458028,0.019004251917216573,0.02984289321330778,0.015857526674041347,0.062242821243655155,0.033878056926784555,0.044084113337419954,0.021382542894327276,0.042647453011142374,-0.0019406347157336994,0.0248179137384024,0.012838199778942634,0.038289074289341425,0.057049476810437705,0.02519638499287933,0.02682037584016675,0.016202338333991297,0.046590487191846344,0.042495675478219606,0.05479535147076,0.060928710114235306,0.03718109430381606,,0.017420723876915498,0.0009776157273614643,,,0.03592434546183252,0.07048431268280386,-0.009783318237437189,0.0019355558055101985,0.017107643761967325,0.0038617078117255082,0.020610647298110088,0.0715060944778348,0.047392031637991695,0.033288845489038016,0.0479353683649945,0.011610767618388746,0.03210768500342473,,,,0.05490967769123041,0.03981853687558635,0.030994445435369215,0.04794309150768758,0.03502695148747135,0.028328933661970222,0.034919591146218565,0.008465131982555949,0.05654646963560548,0.01892755612810947,0.04258715308444742,0.04279828646121962,0.04449328049376801,0.06671711536538918,0.021336869935345653,0.01239603618352178
2012-06-01,-0.010747720121546674,0.03318873947348558,0.020540164436577215,0.026015379331682627,0.021995869642951405,0.06469259943346968,0.04008746218981611,0.0324829293408001,0.015949160258552912,0.010357772401605805,0.025512851208137323,0.04030966601814658,0.036429202725735334,0.04169282255297669,0.02779874927367343,0.01558542992448665,0.026678545418313496,0.008733539887820729,0.0290225644984799,0.03330113650251614,0.052996417442478364,0.06555589380593677,0.05485355460429068,,0.028479626813418465,0.012985026221815615,,,0.024146592760817365,0.06360194090587705,0.006269472513669091,0.015133621263375358,0.005177213012051373,0.003983288854350919,0.011095096647737621,0.07309303935204059,0.047520221024265126,0.040614604218436746,0.03841051968536133,0.03561153465762688,0.029239592836770464,,,,0.03427090697044297,0.023417385374495638,0.012497019918440492,0.01768557150105143,0.0197575019786363,0.026295719777788936,0.03852017811574433,0.00748021125670338,0.02893996085383338,0.010389093601518603,0.04060322060405886,0.06769469119722088,0.05207746573156104,0.040757127839144154,0.0458536691754819,0.01686684041718555
2012-09-01,0.009067702861588641,0.03768459236919223,0.03997082487192792,0.042071875953636366,0.018613346648747697,0.04495526323553153,0.01637715125704516,0.04096125612070866,0.015982613447966736,0.01788326263067795,0.013014264220400125,0.030934450538510946,0.01153359436029266,0.03982906112077187,0.011342001801864406,0.016369907914241193,0.01596319990489438,0.017764437116317523,0.014713993536088602,0.05330366013749988,0.043811743078646076,0.04683871727518418,0.015025842208587778,,0.02059017396952815,0.020440880139111075,,,0.018614477924060353,0.08109129479800578,0.04736514319797343,0.012590432955959133,-0.02920926793113134,0.014096771175025441,0.013194090685684584,0.017833994848045917,0.01864356269355325,0.06900404680293099,0.06478022761153367,0.02347528694882616,0.02451776238276951,,,,0.013316200664791902,0.015382745192941588,0.014356594582569054,0.015702327694028666,0.019871258941880906,0.03076358471175926,0.0166666343154314,0.05630394027681097,0.02660967218484784,0.013108142210091373,0.03980399040560067,0.08704929522398633,0.050897668615845985,0.03960344302468619,0.05158317663401205,-0.011335405551786849
2012-12-01,-0.013533026398189566,0.010984105838268681,0.01808860709227222,0.03407082853614274,0.008704622195908522,0.06131622160183762,0.04035971958777863,0.015303491235506523,0.019489618604010297,0.0011353050946182014,0.004110902509694851,0.028322616413527194,0.040108794446679606,-0.002745772357737238,0.020859079733360195,0.0023702204850955303,0.029260004190523693,0.005425631973697215,0.017676446756538802,0.02149391145755298,0.054492186062704374,0.014715231013204301,0.011937863284851845,,0.02318694044106344,0.01805755194061408,,,0.025075880074839192,0.06628531200929998,-0.011180294984108465,0.008062421867239372,-0.0011051992330787523,-0.0012834118284048197,-1.2547788296048899e-05,0.07907573827746454,0.03060204059219038,0.06815136289088156,0.046348916060598995,0.015014190067612307,0.004789693804183158,,,,0.013885466257036008,0.012770600309366767,0.01569394959483344,0.005719274414144938,0.014782376072957983,0.0393589055964899,0.02317971343427085,0.014385473568143249,0.008961605809126963,0.019564258257998162,0.008525685387828935,0.07037304062598396,0.03705852754434867,0.05569573456278397,0.0565463903727075,0.007220890860289261
2013-03-01,-0.03661221265792847,0.017470695078372955,0.017470695078372955,0.017470695078372955,0.017470695078372955,0.038702964782714844,0.030044972896575928,0.01232832856476307,0.017470695078372955,-0.013336562551558018,0.017470695078372955,0.017470695078372955,0.013474639505147934,0.030044972896575928,0.028126923367381096,0.017470695078372955,0.017470695078372955,0.017470695078372955,0.017470695078372955,0.01105512399226427,0.030044972896575928,0.030044972896575928,0.017470695078372955,,0.0007427758537232876,0.035214684903621674,0.030044972896575928,,0.01758693903684616,0.03822031989693642,0.007044385652989149,0.017470695078372955,-0.013336562551558018,0.0007427758537232876,0.017470695078372955,0.02155076339840889,0.030044972896575928,0.06065398454666138,0.03295936435461044,0.017470695078372955,0.017710469663143158,,,,0.02255697175860405,0.0007427758537232876,0.030044972896575928,0.017470695078372955,0.017470695078372955,0.017470695078372955,0.03731811046600342,0.009859862737357616,0.017470695078372955,0.017470695078372955,0.015094572678208351,0.06098674610257149,0.037518225610256195,0.010435844771564007,0.03216927871108055,0.006697016768157482
2013-06-01,0.01580718433079043,0.025698564108969667,0.015313857355547906,0.017150701792657982,0.011188975658884635,0.03039471650447892,0.03978323782731077,0.03745326521106693,0.0017713831598827798,0.015884714026113054,0.01203037986200467,0.05128076809287449,0.0051680570094319546,0.03889938013724188,-0.0020352153835020035,0.011583405979592868,0.011874759515985923,0.010642395475112212,0.008946186530856283,0.014374704943995389,0.034484200442356346,0.028092139160878733,0.010929779666689355,0.01098081356811477,0.006779867957518707,0.033811022778394456,0.014404432349582087,,-0.010847687670198286,0.056588552572934894,0.010669187409093632,0.01708609205627791,0.02688425425623118,-0.00025020593426950923,0.01208824742510548,0.0540950890216323,0.019250798588291953,0.07109194325971659,0.030631514078148125,0.015197705312405638,0.01250666442737294,,,,0.03810337574403627,0.0006420135393270813,0.020952042133859972,0.01314886015654848,0.015229008066688393,0.01622094347291089,0.045704826347822115,0.03358544423844889,0.010179892669031016,-0.024821313217936028,0.0531523355406255,0.05158699426423464,0.01837473269883815,0.04447101556796165,0.02938059412904333,-0.008982877351392107
2013-09-01,0.024176059215041002,0.01982860409325998,0.01960796650589097,0.026605083783383502,0.02394962309050922,0.04058620706264792,0.029617878620907045,0.03749262812104611,0.013142679903756293,0.020291274245740315,0.030008806768522935,0.03485344446038876,0.038157354129127186,0.030015464905694646,0.013938513313977106,0.019988914719824086,0.01920194726838995,0.019557373829977617,0.018917758605741547,0.020667408617623933,0.029105057092622736,0.02942415940415986,0.02003066301883575,0.01753736273122574,0.014086017628472237,0.01337305816409389,0.024208203425283008,0.019988914719824086,0.017950189905801533,0.04637080392073496,0.0229537105329738,0.024176059215041002,0.007815174097914592,0.030880625421619918,0.024176059215041002,0.0449932656509992,0.03104603162029233,0.040726994109387196,0.022609471947750287,0.01998016080880238,0.023959209245945537,,,,0.04058620706264792,0.014126057287526257,0.023286633167106614,0.018887092354680397,0.019621613301543495,0.030528959237767446,0.04236985673666246,0.03749262812104611,0.019664644152665903,0.01650629904893211,0.019939646041367668,0.040726994109387196,0.024215924169894532,0.01921889294612956,0.037972667484464,0.030784110467969396
2013-12-01,0.011618985145655032,0.022000851517300055,0.01364534493392911,0.01802290077241739,0.008785225224285879,0.046496892227592936,0.036815474658609355,0.025082911365037253,0.016729253971839924,0.013462543478387917,0.012812963535466071,0.03862385232635319,0.02312864277649541,0.018553355393819557,0.03800759975854604,0.009694884655822147,0.010092764324544357,0.019630357830690982,0.016220519872297064,0.01777129248384389,0.04849089404530224,0.026648049774470866,0.014064473824901861,0.009816799859592048,0.028688445975737692,0.029359295995378034,0.01587887680579282,0.03632442160360692,0.04662582063514716,0.05756802402490898,0.014155405792464073,0.021312624138955117,0.044762014175382434,0.020292921921707594,0.011361763073319955,0.05743223834317643,0.01901088039251288,0.05852558009806072,0.037000138064818146,0.014088429149137062,0.010026709266048544,,,,0.021046048076131533,0.027902772919652787,0.028202414241448755,0.040996794609030746,0.01811885659981768,0.01462262442173586,0.044442209124139896,0.03687206881724073,0.019833015658109094,0.020471440841974515,0.02625282414300016,0.05772844540539495,0.04027004395160435,0.0187481477295624,0.06522059145644085,0.04875187417892592
2014-03-01,0.01179318787484007,0.0133936548540538,0.01354178112000422,0.008886398901778596,0.006597148484362176,0.02961416718731709,0.01917834118382965,0.016539395147124422,0.015294657376476686,0.021320368472628522,0.009476924581936308,0.013860695263635594,0.01648327887981848,0.020816266980056744,0.02211612542533486,0.009005873075040216,0.018259511127888185,0.016022875042569953,0.01587219511323642,0.02127817336168872,0.04475453302543226,0.024884109661830998,0.009239896948160587,0.011783148033932203,0.02478953435072361,0.016239510914084022,0.012083246432256313,0.028119502732700318,0.03810002857477639,0.05476152879774673,0.018349657961127103,0.013729819452599995,0.03296023641756617,0.009243020305892222,0.01303692345288643,0.04721108208906546,0.019371681648284476,0.05122888989702816,0.04352424333130801,0.021353239058366214,0.01943809385112612,,,,0.02928564175761171,0.021328098455116518,0.027485988843308298,0.04313742014506215,0.018429749054529754,0.010753822349057505,0.0445746538506501,0.01967956539001329,0.017934475563626855,0.016484825595973935,0.02304970279382382,0.02746537333218224,0.04566708276904883,0.05631444039827195,0.05322739409347405,0.03301140354103214
2014-06-01,0.004985720653579217,0.012165681571334287,0.014292943925421638,0.010397510034969405,0.004027180871704733,0.05797352384495692,0.016170227116568906,0.014734186077938936,0.01095600893314474,0.006926684269300819,0.009327592678095997,0.005835111446749719,0.02996107950761749,0.016745008048388802,0.019127858905043565,0.002577193508943977,0.009067808460860322,0.0061585225359433015,-0.0011099092163865984,0.015365162186889903,0.02358968237934622,0.030112210143713913,0.016657355701459143,0.013862496733631515,0.023096810149629915,0.01727241049767369,0.013971465090304303,0.03709634286794283,0.05453728410481694,0.04059956091227454,0.012272358284149106,0.013593582746562747,0.03513263571782505,0.006306348424590813,0.017491904084509166,0.04334582237745774,0.019018066023629078,0.0612727277134286,0.054888313644313215,0.021090872462038442,0.024482775288027576,,,,0.020836279664225233,0.02455368058798296,0.021946357951229102,0.014635900812728954,0.0173392264983788,0.0007572158145253885,0.040547925381116505,0.02062423249050999,0.015850739943463074,0.016333943998501885,0.020404981682466895,0.07221163734123728,0.039130045663089086,0.026367658034204423,0.05826752142741131,0.039932697838648716
2014-09-01,0.007276677303069326,0.03403359716293122,0.028305221255368385,0.0205729581828746,0.007441049447467495,0.05951318292560424,0.021337543711718712,0.02543753856700329,0.02007559685651895,0.013554542562961614,0.01494466414466059,0.009990696545792245,0.02998179248509659,0.019082801327980726,0.027500840336960403,0.006240464630795196,0.011645692968264341,0.016545625752406656,0.006318833548944219,0.029562027930463107,0.040730735706636934,0.033167617929514344,0.019164048699486437,0.016517477152577915,0.03569080031023485,0.019226961862559917,0.017087505043407798,0.033721819219116524,0.023728717962396274,0.0531617976995765,0.012667484708504791,0.014601955070419574,0.03938934623313059,0.023016971002249018,0.03302839309809014,0.05843842009861123,0.019303996629250104,0.039559208400420556,0.04838802787033516,0.04697607433113649,0.016492804758373246,,,,0.024019906716900095,0.029388688003757348,0.023163146714438042,0.019628989371366076,0.02611234425905245,0.005302269040283292,0.05460017181781005,0.028011437557142877,0.026986566833576697,0.01078337775212162,0.02743601946977502,0.06752303629902,0.03615785822874478,0.020763765889200796,0.05265939635305882,0.044292921462205974
2014-12-01,0.008231924745704812,0.02655976470505226,0.019316787788315085,0.025844523807309318,0.009401847123229511,0.05484462969102132,0.02331296511351553,0.013660691035957627,0.018028047925182814,0.022001324415144383,0.018495890336495912,0.0071272415873623795,0.02821510316011985,0.02021457262122245,0.023549753135773444,0.009032446814132006,0.04684028200717208,0.023272803503508587,0.012479710722459224,0.01965311329099312,0.04438001032401767,0.025905707639790592,0.0210801489254393,0.018110489927696306,0.03424110630446536,0.02193159381394922,0.020303776752900852,0.030342481920836915,0.02742933997484445,0.03976041912554875,0.029245094499484866,0.019618695457393965,0.04278167132660801,0.01653224901412518,0.020214274756734076,0.049241685229750816,0.022297620764809838,0.035955779464249896,0.030913723840158173,0.028067214107987515,0.02048163024821713,,,,0.03223449521819798,0.027790892322182723,0.02876023173154812,0.029408204843034184,0.022930425711934235,0.022062651322921893,0.040554272481688185,0.024238259871220816,0.030872817964082568,0.01958637642537323,0.026907913487054944,0.052859132580509026,0.04623588540090827,0.0328200240462295,0.05327047940387877,0.043952686385713084
2015-03-01,0.01755493760932845,0.044122921318130885,0.02055410018196278,0.034011133899816935,0.012181737857811348,0.05002859128137418,0.029670838974209218,0.026550027215582098,0.030117426378086138,0.01853202847347904,0.019190533980462575,0.01608749817560668,0.044243005064293996,0.03340320683418895,0.03866310981348311,0.033675624441193854,0.023886262306498315,0.020327214049965573,0.012994305390865485,0.034936048382524884,0.04373038295161498,0.0409449936000192,0.016313631901109012,0.019352156158119537,0.039983432469189964,0.026314721319718057,0.0326078795185482,0.04000762129641866,0.01829730398404782,0.04740274526145354,0.023523433648973337,0.01992426344885106,0.05412026112195211,0.02972623593851187,0.038303433680819246,0.0503514904596412,0.02338336463921197,0.03725520837185521,0.050016927856255534,0.049464792807331154,0.02766318876350001,,,,0.03261919433101297,0.03880452703613729,0.03602379803157015,0.04529878820511562,0.024903798795235507,0.025109830058148222,0.029182303711579753,0.03889191026352416,0.026323511957129314,0.022330350174519023,0.040070039894023475,0.05344076972614738,0.041027318538917765,0.030794358063390113,0.047036723674235885,0.05454584278920109
2015-06-01,0.014371035882456246,0.045637468271289255,0.015402406407095616,0.03623134911933232,0.014217453329422793,0.0480066746512783,0.027831304120114756,0.0242828397684975,0.026687515550213953,0.010649734617029808,0.01608641414767441,0.010266265045636498,0.05027267495773447,0.05102976684255596,0.03233590439139213,0.007435633009991902,0.014386218520798228,0.01809873584391303,0.013668183903044664,0.036526463877957126,0.039818192791252545,0.03898368833879843,0.012877502719979792,0.015275690978516426,0.038314273652196376,0.020679948517510933,0.019398299245032766,0.03225186630113721,0.018601468197094444,0.04476802504974838,0.018588329822558057,0.02291116623374991,0.05557750898281474,0.03600943841184667,0.03725309394062994,0.05262405034407461,0.022290154002887787,0.04572601272790942,0.04842378668105633,0.04838898646582737,0.028855176280491737,,,,0.04824578092809533,0.031805013189174995,0.033197859664291264,0.01851098647085221,0.015552835650961973,0.020390537486537564,0.0278743379270944,0.03503204138381018,0.02573681602129575,0.024706656811237446,0.04775813786484792,0.06262045986273934,0.026765207215169045,0.023886303554325354,0.057874858301131954,0.0568336399236479
2015-09-01,0.01849177714064547,0.04477354011688903,0.019613651046317945,0.036231025960718054,0.03329929702816106,0.044260672030264646,0.03355474937569161,0.029057817713041945,0.02913320786317688,0.013969873996779417,0.0268989311814625,0.018267729780349108,0.046766644950210975,0.032204244170469735,0.03582046174056683,0.009274139725995015,0.013540700399589828,0.020918554091101483,0.019313701530460903,0.03768767384249882,0.0464674069141557,0.04110253791103484,0.011387736962945278,0.039312553839337405,0.043780575986850104,0.023691166175223155,0.022241656969989743,0.03494704084811913,0.016329552645283532,0.038775513524653436,0.02222263585881642,0.028448691899263013,0.054786344673320324,0.036808996378918095,0.04133290447242283,0.03321769527828076,0.013622305418324545,0.0452334362353221,0.03053921386551926,0.039529664900692124,0.020500466470151107,,,,0.029590653747603324,0.04022995736658701,0.029913181520633766,0.025082459773901607,0.02832127390496164,0.01960203675645129,0.02091259176359772,0.03667030503041945,0.028725297625513964,0.011938615532727117,0.04564165198545843,0.0627980483966518,0.03319720126648975,0.03261233900377572,0.05138698049661196,0.05548242116207756
2015-12-01,0.015714074784280337,0.03646584962494273,0.0468218423607843,0.029569531173210286,0.01511500040706023,0.0377931798809302,0.0319010370240725,0.025462119064577387,0.02822555552549723,0.018932103184454513,0.02695145782074785,0.01886350413675017,0.035749598116079806,0.02709685035202448,0.0383748158512573,0.01745689906906578,0.04791712330180102,0.02001298563734285,0.01397641804852144,0.02997308920386393,0.03534901108008261,0.029906912141457086,0.009542840714778246,0.01947396947310636,0.03898371775954441,0.02205681586154321,0.02560936926807844,0.027909284970720018,0.01829296446238592,0.03825879002222915,0.03486971449820404,0.01958946554689142,0.04017618329498398,0.03381028607867104,0.03602669186559861,0.04604622041380976,0.024475656121544932,0.035556077856767926,0.043548671446076936,0.03879509702077559,0.027116152371091048,,,,0.03594298231702585,0.03188012625786012,0.03747788181278504,0.056332867830453895,0.027477131600272903,0.02576282763757921,0.03205210024883187,0.029190998255541504,0.03486599523438866,0.019258001327949786,0.02766273490077044,0.0535925394009896,0.037506189119098726,0.032842466668754164,0.03731271062798728,0.039267313958552263
2016-03-01,0.024963393349459004,0.054440351750750814,0.02855064608984245,0.039816969193035054,0.0317485064763746,0.0501230401687237,0.03481522721876987,0.029965032903912298,0.03969886997516965,0.020048028912561792,0.02698094222043139,0.02283193924195147,0.05527774699190787,0.03982606484332295,0.052851083536105445,0.017485204191280718,0.0158153315001917,0.0436480862710337,0.028514315771433364,0.04379525326447556,0.05428700562523977,0.048775606627605744,0.012219661113187612,0.02801584365432614,0.04930376744432644,0.02886933760342163,0.03799440447576938,0.043784305878108803,0.02260005408038103,0.05908687857717749,0.04165366299186914,0.036857052086343385,0.05053926973738257,0.04461592062919582,0.04681431102559304,0.04714837189142005,0.024298036351217203,0.04571256239288516,0.04985609569887206,0.03809727742324109,0.028556486676022105,,,,0.05286978529776557,0.04728816162339365,0.03803450205539785,0.05304778159037045,0.03740276268995163,0.021747652300351604,0.025763870378956846,0.045778687439798287,0.03646618224307021,0.0174543937550628,0.033484615911885555,0.05311081095229394,0.04053381590087819,0.035874245748838914,0.04123475438437629,0.053020061811159945
2016-06-01,0.03743195906281471,0.03565910831093788,0.04126444086432457,0.041545476764440536,0.0367908775806427,0.041545476764440536,0.03899919614195824,0.03808428719639778,0.041545476764440536,0.03743195906281471,0.03743195906281471,0.03743195906281471,0.04766497015953064,0.03808428719639778,0.04047764837741852,0.03743195906281471,0.025538817048072815,0.03899919614195824,0.03743195906281471,0.03921547904610634,0.04060272499918938,0.03808428719639778,0.0367908775806427,0.03899919614195824,0.03669704124331474,0.03743195906281471,0.03899919614195824,0.009445575065910816,0.038358114659786224,0.037233565002679825,0.041545476764440536,0.009445575065910816,0.04168681055307388,0.045146532356739044,0.04021364450454712,0.05233310908079147,0.03669704124331474,0.03808428719639778,0.03899919614195824,0.04021364450454712,0.03743195906281471,,,,0.03899919614195824,0.03669704124331474,0.03743195906281471,0.03934645652770996,0.03899919614195824,0.03743195906281471,0.03743195906281471,0.03787291795015335,0.03899919614195824,0.03743195906281471,0.024396704509854317,0.03890954330563545,0.04361244663596153,0.03899919614195824,0.04294297471642494,0.04157038405537605
2016-09-01,0.03614784777164459,0.04224561154842377,0.03922484442591667,0.04224561154842377,0.03614784777164459,0.04224561154842377,0.03614784777164459,0.04224561154842377,0.03996141999959946,0.03614784777164459,0.03614784777164459,0.03614784777164459,0.037120137363672256,0.03240586444735527,0.03614784777164459,0.03614784777164459,0.03416699543595314,0.03614784777164459,0.03614784777164459,0.03685631975531578,0.04224561154842377,0.04224561154842377,0.03614784777164459,0.03614784777164459,0.04224561154842377,0.03614784777164459,0.0384211428463459,0.042422737926244736,0.03614784777164459,0.042422737926244736,0.03996141999959946,0.042422737926244736,0.03922484442591667,0.04224561154842377,0.03922484442591667,0.03922484442591667,0.03240586444735527,0.04224561154842377,0.03614784777164459,0.03922484442591667,0.03614784777164459,,,,0.03614784777164459,0.03996141999959946,0.03614784777164459,0.0384211428463459,0.03614784777164459,0.03614784777164459,0.03614784777164459,0.024866001680493355,0.0350058488547802,0.03614784777164459,0.037120137363672256,0.04224561154842377,0.03614784777164459,0.03614784777164459,0.04226623475551605,0.03922484442591667
2016-12-01,0.03454994782805443,0.036199264228343964,0.036199264228343964,0.02983776107430458,0.03176626190543175,0.036199264228343964,0.031223371624946594,0.036199264228343964,0.031223371624946594,0.031223371624946594,0.032247480005025864,0.031223371624946594,0.032247480005025864,0.029758790507912636,0.032247480005025864,0.031223371624946594,0.03724600002169609,0.03176626190543175,0.032247480005025864,0.032247480005025864,0.036199264228343964,0.036199264228343964,0.031223371624946594,0.03285974636673927,0.036199264228343964,0.02998792566359043,0.03285974636673927,0.029060348868370056,0.03176626190543175,0.034602321684360504,0.027179786935448647,0.03285974636673927,0.034602321684360504,0.036199264228343964,0.03454994782805443,0.035748641937971115,0.029758790507912636,0.03454994782805443,0.033562835305929184,0.036199264228343964,0.02998792566359043,,,,0.034602321684360504,0.032247480005025864,0.032247480005025864,0.032247480005025864,0.036199264228343964,0.031223371624946594,0.03231685236096382,0.026481345295906067,0.031223371624946594,0.031223371624946594,0.035045552998781204,0.03454994782805443,0.029758790507912636,0.035045552998781204,0.034602321684360504,0.034602321684360504
2017-03-01,0.03040488064289093,0.03438166528940201,0.03412511944770813,0.03040488064289093,0.031700946390628815,0.034951988607645035,0.03040488064289093,0.03040488064289093,0.033713337033987045,0.03129458427429199,0.03412511944770813,0.03129458427429199,0.0351126603782177,0.03129458427429199,0.03438166528940201,0.03347315266728401,0.03438166528940201,0.031025243923068047,0.033713337033987045,0.033713337033987045,0.03406228497624397,0.03438166528940201,0.03040488064289093,0.03191494569182396,0.03412511944770813,0.02944878302514553,0.033713337033987045,0.03347315266728401,0.03201783075928688,0.03483103960752487,0.034951988607645035,0.02794674225151539,0.046308305114507675,0.03406228497624397,0.03438166528940201,0.03024871088564396,0.03347315266728401,0.033820245414972305,0.04064318910241127,0.031025243923068047,0.03129458427429199,,,,0.03282363340258598,0.03406228497624397,0.034951988607645035,0.03282363340258598,0.034951988607645035,0.02901083044707775,0.03040488064289093,0.03819388151168823,0.033713337033987045,0.03129458427429199,0.03129458427429199,0.03406228497624397,0.0351126603782177,0.033820245414972305,0.033835675567388535,0.03347315266728401
2017-06-01,0.026385091245174408,0.031759314239025116,0.026722846552729607,0.028690919280052185,0.031759314239025116,0.030819334089756012,0.028690919280052185,0.028690919280052185,0.027812158688902855,0.02704472653567791,0.029573285952210426,0.031759314239025116,0.047499239444732666,0.02827780321240425,0.028483973816037178,0.027812158688902855,0.022153964266180992,0.027812158688902855,0.028483973816037178,0.029573285952210426,0.028483973816037178,0.031759314239025116,0.026722846552729607,0.030435828492045403,0.028483973816037178,0.02819427102804184,0.031229544430971146,0.023706646636128426,0.05770086869597435,0.029018066823482513,0.024844739586114883,0.02536219172179699,0.027988238260149956,0.028690919280052185,0.031759314239025116,0.028551436960697174,0.02814621850848198,0.031759314239025116,0.031759314239025116,0.05770086869597435,0.029573285952210426,,,,0.031759314239025116,0.028483973816037178,0.029573285952210426,0.028483973816037178,0.033997368067502975,0.028483973816037178,0.029573285952210426,0.02380894310772419,0.029489753767848015,0.029489753767848015,0.029698900878429413,0.031759314239025116,0.026722846552729607,0.031759314239025116,0.031759314239025116,0.031759314239025116
2017-09-01,0.03238577120687868,0.033592768531697986,0.03135064164527276,0.01824435590027815,0.029442871744753712,0.03628423068571831,0.03211695152330706,0.033742647621868974,0.031994344155533296,0.031994344155533296,0.03349512981023791,0.02934434015528174,0.031129047907758438,0.031994344155533296,0.025349313515100697,0.031994344155533296,0.02324220717222118,0.03238577120687868,0.03135064164527276,0.031994344155533296,0.033742647621868974,0.033742647621868974,0.031257750043139874,0.031129047907758438,0.033742647621868974,0.026919914889608123,0.03050629822431572,0.030048215110394363,0.03238577120687868,0.03585494226469169,0.019824853411170972,0.03000808247967062,0.03070715345871278,0.03438635013212951,0.030066971473985814,0.03190316750269852,0.03135064164527276,0.03503896564561296,0.034899851547892824,0.031129047907758438,0.026831388903800723,,,,0.031994344155533296,0.033742647621868974,0.03335908985413229,0.03135064164527276,0.031129047907758438,0.03135064164527276,0.03160400407848797,0.030628455111957716,0.026831388903800723,0.019824853411170972,0.031994344155533296,0.035188886460565824,0.03341869550850741,0.03059949054575954,0.030714738709458237,0.034899851547892824
2017-12-01,0.03081047534942627,0.03081047534942627,0.03081047534942627,0.03081047534942627,0.03081047534942627,0.026958072558045387,0.03081047534942627,0.03081047534942627,0.03081047534942627,0.03081047534942627,0.03081047534942627,0.03081047534942627,0.03522923216223717,0.03321909159421921,0.03081047534942627,0.033298566937446594,0.026958072558045387,0.03081047534942627,0.03081047534942627,0.03081047534942627,0.03081047534942627,0.03081047534942627,0.03081047534942627,0.03811388835310936,0.03081047534942627,0.03081047534942627,0.03182932361960411,0.03081047534942627,0.03081047534942627,0.03041219897568226,0.034053582698106766,0.03041219897568226,0.033298566937446594,0.03321909159421921,0.033298566937446594,0.03081047534942627,0.03081047534942627,0.02216823399066925,0.02802036702632904,0.033298566937446594,0.03081047534942627,,,,0.03081047534942627,0.03081047534942627,0.03081047534942627,0.03081047534942627,0.03522923216223717,0.03081047534942627,0.03081047534942627,0.02472439408302307,0.03081047534942627,0.03081047534942627,0.03081047534942627,0.03081047534942627,0.03081047534942627,0.03869833052158356,0.0370163768529892,0.033298566937446594
2018-03-01,0.029760411009192467,0.030931979417800903,0.029760411009192467,0.038551829755306244,0.029760411009192467,0.026147160679101944,0.030446665361523628,0.02240297570824623,0.027812352403998375,0.029760411009192467,0.030446665361523628,0.029760411009192467,0.038551829755306244,0.030931979417800903,0.038551829755306244,0.029760411009192467,0.026123378425836563,0.030446665361523628,0.029760411009192467,0.027812352403998375,0.038551829755306244,0.038551829755306244,0.030446665361523628,0.03206678479909897,0.038551829755306244,0.02775708958506584,0.02724878117442131,0.038551829755306244,0.030446665361523628,0.028085283935070038,0.0348464734852314,0.02940390259027481,0.028519080951809883,0.030931979417800903,0.030446665361523628,0.033009037375450134,0.02775708958506584,0.029440762475132942,0.04785721376538277,0.030446665361523628,0.02854406088590622,,,,0.028692087158560753,0.029760411009192467,0.029760411009192467,0.038551829755306244,0.03366187587380409,0.029760411009192467,0.029760411009192467,0.030931979417800903,0.029760411009192467,0.0273241326212883,0.038551829755306244,0.030931979417800903,0.028692087158560753,0.03654329106211662,0.03460121154785156,0.029760411009192467
2018-06-01,0.029214142953104233,0.03150643595300493,0.029214142953104233,0.025173943213909936,0.029214142953104233,0.03162650341695237,0.03192007570322014,0.029214142953104233,0.029214142953104233,0.029214142953104233,0.029214142953104233,0.029214142953104233,0.04295716285259267,0.029214142953104233,0.029214142953104233,0.029214142953104233,0.029214142953104233,0.029214142953104233,0.029214142953104233,0.029214142953104233,0.029214142953104233,0.03162650341695237,0.029214142953104233,0.03365997459882578,0.029214142953104233,0.029214142953104233,0.026910613768605644,0.029214142953104233,0.04295716285259267,0.036485588887540686,0.031629398155341826,0.03447480299997812,0.029214142953104233,0.03150643595300493,0.029214142953104233,0.029214142953104233,0.03214988198771761,0.026778963723713745,0.033477074309245416,0.03192007570322014,0.029214142953104233,,,,0.029214142953104233,0.029214142953104233,0.029214142953104233,0.029214142953104233,0.03174274032141093,0.029214142953104233,0.029214142953104233,0.029214142953104233,0.029214142953104233,0.029214142953104233,0.029214142953104233,0.03159750198806952,0.029214142953104233,0.03162650341695237,0.03356820177258645,0.03210838227434463
2018-09-01,0.031254105269908905,0.034627508372068405,0.031254105269908905,0.031254105269908905,0.031254105269908905,0.03510335832834244,0.034627508372068405,0.031254105269908905,0.031254105269908905,0.031254105269908905,0.031254105269908905,0.03224622830748558,0.08911661058664322,0.031254105269908905,0.03582606837153435,0.031254105269908905,0.031254105269908905,0.031254105269908905,0.031254105269908905,0.03394573926925659,0.03394573926925659,0.035133976489305496,0.031254105269908905,0.031254105269908905,0.03394573926925659,0.03394573926925659,0.03419816493988037,0.031254105269908905,0.031254105269908905,0.03421340137720108,0.03346553072333336,0.03922490403056145,0.031254105269908905,0.03394573926925659,0.034627508372068405,0.031254105269908905,0.031254105269908905,0.03254817798733711,0.031254105269908905,0.03394573926925659,0.031254105269908905,,,,0.031141353771090508,0.031141353771090508,0.039907701313495636,0.031254105269908905,0.03394573926925659,0.031254105269908905,0.031254105269908905,0.02613457664847374,0.031254105269908905,0.031254105269908905,0.031254105269908905,0.035054393112659454,0.03394573926925659,0.034627508372068405,0.031254105269908905,0.03224622830748558
2018-12-01,0.03017500229179859,0.03185991197824478,0.03017500229179859,0.031814612448215485,0.03333654627203941,0.028675813227891922,0.03333654627203941,0.03017500229179859,0.03017500229179859,0.03017500229179859,0.03185991197824478,0.03769352287054062,0.10635743290185928,0.03017500229179859,0.030981512740254402,0.03017500229179859,0.02390090934932232,0.03017500229179859,0.03185991197824478,0.03185991197824478,0.03185991197824478,0.03185991197824478,0.03017500229179859,0.03017500229179859,0.03205658495426178,0.0290009044110775,0.03328269347548485,0.03017500229179859,0.030784836038947105,0.02491474337875843,0.028675813227891922,0.030809566378593445,0.030380981042981148,0.03376086428761482,0.03516491502523422,0.03017500229179859,0.03017500229179859,0.03185991197824478,0.03017500229179859,0.03185991197824478,0.03017500229179859,,,,0.03017500229179859,0.03017500229179859,0.03185991197824478,0.03185991197824478,0.03185991197824478,0.03017500229179859,0.032065898180007935,0.030685823410749435,0.03185991197824478,0.032065898180007935,0.03017500229179859,0.03185991197824478,0.03185991197824478,0.03333654627203941,0.0290009044110775,0.0290009044110775
2019-03-01,0.023081310441684127,0.04703354233131044,0.02835162921223334,0.044442073590600095,-0.053961341052877684,0.050331689508293635,0.05059979238257074,0.025870835617679066,0.04015007158229361,0.025537599751211094,0.03977107230068013,0.019857212633230835,0.058670725168631616,0.026301039836886694,0.06900644910796014,0.027001104265230856,0.00438300454992673,-0.022953362746752654,0.02931402821217435,0.04616667937965261,0.03370372880626682,0.04085818377976652,0.03241379956013562,0.05339121672636204,0.03951575293348742,0.032011776389365657,0.017992357784513965,0.022532625718801644,0.026750771738727846,0.05264489526688234,0.04444424918310876,0.09585391964355422,0.027815615177921978,0.03740976589585258,0.018730043909113422,0.032976985974377496,0.024025288495635247,0.034500159455174664,0.043070498786344016,0.05318115128194771,0.026082900373054607,0.08499858467075029,,,0.048717875573654305,0.030859322200034744,0.03914985111858946,0.033343214559819936,0.05687321536432881,0.03628875336271541,0.017356362736306016,0.0018169569087547943,0.041207529024181885,0.03106755215800036,0.014987635273774174,0.03472969290043649,0.0323911437589661,0.034741509762590446,-0.008165912137240591,0.02369946090806512
2019-06-01,0.02782926548754047,0.04448281079337876,0.02790653426391245,0.013593873436728009,0.03372486913691698,0.0683972976351771,0.039764806792409665,0.025963007322610195,0.02766245436182888,0.02798335479543174,0.030341571498388394,0.03951636942112291,0.028946881141971855,0.040556279375211446,0.11369122498615139,0.03073830638904433,0.05507161131137914,0.03861832049931434,0.02995023776466552,0.030666677819487214,0.03506157290688444,0.03653510607207933,0.032152103531007975,0.07074077369562728,0.029446011278935584,0.010902321025414245,0.0603268692974052,0.033110399873591344,0.0215787324252324,0.07400823413135232,0.027674248509499184,0.029089302494077016,0.037336300688999645,0.02842490596927526,0.0348648838700611,0.03761232556449209,0.04347573988709006,0.03504849513209067,0.009459924778543375,0.021004061895106695,0.030666677819487214,0.05633431394871341,,,0.01905678000063991,0.019594849811178344,0.039717078583292875,0.031803082899112864,0.030158343683254943,0.032911093109044665,0.02863512996739881,-0.0028390557660534182,0.030579201830541105,0.024208499195952433,0.022046607804601468,0.034675362322657895,0.04154193814077681,0.048134486191260706,0.027383195368090658,0.039223185543231016
2019-09-01,0.033059964788620416,0.05092224721737462,0.03370631354353099,0.03163187954315504,0.04119540582177896,0.05240428258130923,0.024774435374215246,0.029473493203750565,0.03323407077374976,0.03324528584548957,0.04205950610606534,0.010716998258313737,0.030512527657930073,0.027143664090147103,0.059370197676692466,0.030910973712735504,0.05668924831345307,0.03316981175517139,0.030943472600998105,0.04205950610606534,0.030677324160944677,0.036933997110793926,0.03366146529923649,0.03664998864898237,0.03738057301674076,0.03284023027512688,0.0705210888831503,0.031130663106263428,0.018507248689144717,0.043741482477172806,0.027710424305465442,0.03368414620675125,0.02288988619417192,0.010116321645771939,0.0460068016838653,0.032804844597387084,0.03290535879170395,0.032029630413500085,0.03170206803697558,0.03108969955196022,0.03409831037867608,0.06498413382816608,,,0.041770174814724934,0.025593871278528153,0.03782259213494978,0.032711815429585116,0.03166881495638913,0.038226907571559464,0.02807877646659847,0.03941647864577414,0.032895917379153296,0.02810774227961722,0.016142134039740335,0.03546750601055166,0.03928448640252229,0.04334253373240027,0.02671831902888503,0.03664998864898237
2019-12-01,0.02758709102207849,0.037653178288203804,0.029546088861537517,0.028402270744395355,0.035310053207703126,0.0557684054092403,0.04627802709834145,0.031941935276897204,0.03289684490762939,0.0283905968881784,0.02843296245832167,0.02964924170543415,0.037221984570338235,0.0310150673868098,0.049737408890021276,0.02836578951672375,0.043409751071828574,0.039599362797215175,0.03034467472263481,0.03211237478071191,0.03636719942450598,0.03252159274421594,0.03127187791772043,0.036595886884245345,0.03524028965695646,0.0317670312921368,0.03634455236024684,0.02148269397842855,0.03985723334612292,0.034949313354109654,0.03402229881590221,0.040061751940948985,0.03403889023836814,0.04251580991527864,0.03911839578442408,0.030808670779077424,0.031471826588380464,0.04388140464565793,0.03159401664707032,0.03130033300817728,0.02894756841394056,0.05386058715939857,,,0.04249471907501583,0.032219837473335886,0.04150421052384973,0.03207306302447336,0.033124539906692195,0.02924568583674975,0.035201463249551396,0.028286140031233996,0.03341066020745435,0.02346726660954725,0.031735445221789275,0.04327695200621376,0.046142698410109595,0.044814602552849754,0.038086376665088004,0.04136688245356754
2020-03-01,0.03819280117750168,0.03902432322502136,0.033887796103954315,0.036253172904253006,0.036108095198869705,0.03902432322502136,0.017637379467487335,0.036253172904253006,0.03819280117750168,0.012444106861948967,0.03902432322502136,0.03318308666348457,0.03708469495177269,0.03902432322502136,0.039238426834344864,0.03902432322502136,0.009673848748207092,0.03098769672214985,0.03902432322502136,0.03902432322502136,0.03902432322502136,0.03912937268614769,0.03819280117750168,0.03892340138554573,0.03708469495177269,0.03902432322502136,0.039238426834344864,0.04076013341546059,0.04064559563994408,0.039238426834344864,0.03912937268614769,0.036253172904253006,0.03902432322502136,0.038886211812496185,0.03720546141266823,0.03904833644628525,0.03902432322502136,0.03606627136468887,0.03819280117750168,0.03283024579286575,0.03819280117750168,0.047948822379112244,,,0.03912937268614769,0.03720546141266823,0.008568116463720798,0.03912937268614769,0.03902432322502136,0.03902432322502136,0.03819280117750168,0.03819280117750168,0.03902432322502136,0.008568116463720798,0.03902432322502136,0.03902432322502136,0.03902432322502136,0.03829337656497955,0.03819280117750168,0.03892340138554573
2020-06-01,0.01128984588568558,0.020113318450636224,0.021476733232538747,0.015044740782607806,0.02527277553244037,0.051952691049717975,0.04719077864706647,0.018829186639943197,0.014159723973417464,0.017689664549744702,0.018741778001405286,0.02101226086299127,0.03377519422279082,0.026082414900674165,0.050383303969184584,0.020102589127098166,0.05480102269197415,0.03027691694393529,0.0204180971091101,0.020244465052499782,0.02217327839911662,0.04230790249946973,0.031205274543904385,0.03475730764164038,0.05008564357469756,0.03583674081144982,0.0588448471699427,0.015827664230833708,0.0437577396042254,0.05763459017779914,0.037224043566602714,0.035145073249928015,0.04423955179339061,0.03628386058996985,0.029038175671451668,0.032972861531333025,0.038693839248875865,0.026707169370188626,0.049366914982404426,0.030550035317726744,0.02430202479034587,0.06787931197983232,,,0.052790120751745134,0.052358080609587736,0.05076782290547554,0.02754564292072499,0.03423573509820704,0.020072668328316876,0.04066918065788492,0.039650847896675015,0.034556664986827634,0.04526582730816976,0.0360333557543917,0.04427205627575894,0.03838276482473758,0.04886757513249839,0.026459588194590055,0.05098966880833859
2020-09-01,0.013086979104428182,0.018793402271206103,0.02136522148819703,0.01683822899255374,0.0186715376875223,0.0538991786776883,0.04009455866533267,0.022548399002104813,0.01831581835041513,0.014345260324894183,0.01717623103272826,0.019416599773471,0.030603755325152308,0.01675710800141168,0.046349920459093606,0.018295910441972044,0.04810845146622191,0.034488620302266675,0.0242068625918653,0.026789304113805458,0.03161376106666192,0.05443832042293591,0.032631378662766816,0.03585600049122984,0.030049862568523742,0.03350642409036362,0.016525602618071462,0.027635706325294374,0.031169569754841076,0.05160354694628813,0.0251034945234798,0.03889764362147869,0.035675696978805814,0.04007000857455019,0.02638939248750766,0.034224012572136815,0.03104602205117646,0.035234599285151616,0.037383252419211935,0.017906024043565557,0.02593686793026368,0.03379001147159024,,,0.04873883664567825,0.034691904237921144,0.04766084201611232,0.025414292263701222,0.031432546673052536,0.023357732276137803,0.03838534976414414,0.030910392142905557,0.02966555219463585,0.03350282128560904,0.025624248354988707,0.042535849491933266,0.054590574507362176,0.04240405736054402,0.023089439127077373,0.02901934814814035
2020-12-01,0.015766592307713018,0.019166209150343446,0.022152746229372074,0.021181845397317017,0.012422792162768466,0.04821416925417506,0.04289556467317015,0.026090137845356583,0.02102378051280039,0.014806455808237537,0.017505870300882305,0.020701073607410848,0.03016680294568671,0.021074355448385963,0.038206196037538186,0.02185805374037336,0.05246664912881802,0.02133297057797743,0.02335651523122363,0.0244710554573655,0.017946262389156795,0.05218120957734107,0.035553713462293184,0.027020000758024763,0.035272982608341594,0.02698370130703083,0.023455356772508217,0.01667041514748408,0.028863840196945864,0.04148514170007003,0.01884921105127541,0.033500968152614344,0.031076361661415808,0.026707935902793495,0.027171103448048736,0.033449795693577665,0.02688297732847636,0.033288368592290826,0.042904226130520404,0.0505880150879089,0.022229682916875337,0.038888755482963354,,,0.03545706273402119,0.03969034049586661,0.046173997484191195,0.03863966495797935,0.026594838414561894,0.021289249080776645,0.04294562488264938,0.02987734352875176,0.026980436007708292,0.015969376646711414,0.026981022318820203,0.026280385729273756,0.05405632148777053,0.031244097371340512,0.02167064359186517,0.02496267538398061
2021-03-01,0.019253972841973863,0.02660340776854674,0.023556546009147035,0.024080088143833177,0.02101439269206287,0.05845305538206357,0.03993644940588316,0.04240774382595676,0.012635843455796924,0.025739074194694293,0.021117323060906776,0.02277256149398626,0.041762973116670654,0.026492946376406902,0.040100227924548745,0.02378036880505609,0.04303540254974165,0.025996638038004904,0.02154209259087682,0.027630254249754363,0.016816595285446923,0.052076335812209544,0.04128913677123209,0.03531706703219319,0.03756995335079395,0.032721683491830536,0.02978293834660859,0.021905037006278463,0.02337530898459669,0.049538938612555095,0.03279138040031927,0.038262236225902475,0.03374292154212233,0.029539447078160943,0.029029177790984354,0.027142879090684035,0.032035395121080154,0.03430151435763365,0.03586486076479987,0.05298024073007538,0.03511550820134663,0.03713186538252593,,,0.03341641651452702,0.030478985031780724,0.031852007607562134,0.04457056618092906,0.032269673385056985,0.025225584763880145,0.04624706660093705,0.03848374314170887,0.03220485771453738,0.025726460235544854,0.022000944891794397,0.027332301491564112,0.05922136117709744,0.025595764718697955,0.01912519814206927,0.03485822835884225
2021-06-01,0.03124261274933815,0.03124261274933815,0.03124261274933815,0.03124261274933815,0.031806644052267075,0.03124261274933815,0.034967370331287384,0.030893240123987198,0.03124261274933815,0.03124261274933815,0.03124261274933815,0.028091415762901306,0.030036458745598793,0.03124261274933815,0.031806644052267075,0.03124261274933815,0.047764506191015244,0.031806644052267075,0.03124261274933815,0.030389418825507164,0.030389418825507164,0.03124261274933815,0.03124261274933815,0.03124261274933815,0.03124261274933815,0.02704106643795967,0.03124261274933815,0.03124261274933815,0.03653047978878021,0.03124261274933815,0.036445919424295425,0.030389418825507164,0.03124261274933815,0.03124261274933815,0.031806644052267075,0.031806644052267075,0.03124261274933815,0.030389418825507164,0.03124261274933815,0.03124261274933815,0.03124261274933815,0.036445919424295425,,,0.006534285377711058,0.031806644052267075,0.03124261274933815,0.03124261274933815,0.030389418825507164,0.03124261274933815,0.03124261274933815,0.02704106643795967,0.03124261274933815,0.028091415762901306,0.03124261274933815,0.030389418825507164,0.031806644052267075,0.03124261274933815,0.02704106643795967,0.02704106643795967
2021-09-01,0.03922142833471298,0.0388777032494545,0.03922142833471298,0.0388777032494545,0.03270827233791351,0.03722548857331276,0.03606041520833969,0.03830857574939728,0.03922142833471298,0.03922142833471298,0.0388777032494545,0.039151087403297424,0.03887287899851799,0.03922142833471298,0.03887287899851799,0.0388777032494545,0.03712281584739685,0.039110660552978516,0.03922142833471298,0.03130163997411728,0.032792359590530396,0.03722548857331276,0.03130163997411728,0.03922142833471298,0.03922142833471298,0.03922142833471298,0.0388777032494545,0.0388777032494545,0.039454385638237,0.03830857574939728,0.05342470481991768,0.032792359590530396,0.03922142833471298,0.03130163997411728,0.039454385638237,0.039454385638237,0.03922142833471298,0.03130163997411728,0.03922142833471298,0.035827457904815674,0.0388777032494545,0.0308610200881958,,,0.03922142833471298,0.038541533052921295,0.03459746018052101,0.03922142833471298,0.035827457904815674,0.03922142833471298,0.03922142833471298,0.03130163997411728,0.032792359590530396,0.03130163997411728,0.0388777032494545,0.03459746018052101,0.03967496380209923,0.03922142833471298,0.03922142833471298,0.03922142833471298
2021-12-01,0.0344892639935238,0.0343466699287629,0.03823824036310412,0.0344892639935238,0.012256293652727113,0.030160983470253033,0.033166739110188574,0.039163644838435915,0.026308527117390193,0.04028809105858169,0.034797180985456935,0.03219300534241022,0.026803224878627952,0.034797180985456935,0.04061724729310229,0.029330199490241845,0.06786330732674964,0.0334962810209624,0.034797180985456935,0.02802327551328884,0.03862880158937848,0.04011389579207472,0.03158239122417324,0.03609752571429618,0.03916000274395357,0.035893124682845744,0.031236585722578276,0.036970202662643524,0.03860731756753158,0.03444617868263458,0.04006276457473566,0.032879482215800344,0.041504453283337246,0.040543596692123124,0.036450356572771826,0.03629804179656559,0.034797180985456935,0.03610462772386985,0.04125128671790437,0.027856855064624875,0.03766865822082671,0.04591372387509048,,,0.038679396205378,0.033077352804356364,0.0362566706339871,0.035025119013229376,0.0362566706339871,0.03991250760653275,0.04412266662414057,0.025565242330833654,0.03266379398083426,0.029296289515117934,0.037079492067058385,0.03610462772386985,0.03892012542834897,0.03732144167613607,0.03740289116947786,0.06582028315459756
2022-03-01,0.037997789680957794,0.037997789680957794,0.037997789680957794,0.037997789680957794,0.03374642878770828,0.03768971562385559,0.03635459765791893,0.03963985666632652,0.03963985666632652,0.03555518016219139,0.037997789680957794,0.03199721500277519,0.03701721504330635,0.037997789680957794,0.03768971562385559,0.037997789680957794,0.05065464600920677,0.037997789680957794,0.037997789680957794,0.037997789680957794,0.037997789680957794,0.03710206598043442,0.03963985666632652,0.037997789680957794,0.03963985666632652,0.037997789680957794,0.037997789680957794,0.03963985666632652,0.03963985666632652,0.03534100577235222,0.037544868886470795,0.03963985666632652,0.03963985666632652,0.03963985666632652,0.037997789680957794,0.03984001278877258,0.037997789680957794,0.037997789680957794,0.03963985666632652,0.03701721504330635,0.037997789680957794,0.03963985666632652,,,0.03963985666632652,0.0362062007188797,0.03698307275772095,0.037997789680957794,0.0362062007188797,0.03963985666632652,0.03963985666632652,0.03963985666632652,0.03963985666632652,0.03963985666632652,0.038291290402412415,0.037997789680957794,0.03933178260922432,0.03963985666632652,0.03963985666632652,0.03963985666632652
2022-06-01,0.020431461904493572,0.04136460704795501,0.03362936343775577,0.02218853400829046,0.02305515501821492,0.027162199322684915,0.03731752667444777,0.031987762311891335,0.030281428110599227,0.017157221075462664,0.016702514363778106,0.014707302050983855,0.03249621288429003,0.03223344799382939,0.03912259549013133,0.028181478069488296,0.03569819325395211,0.03197591534416416,0.02532705460783506,0.023111030723527392,0.024723794117737688,0.026018226329980618,0.038263097116206304,0.03453733424567251,0.04447694155108086,0.04494608261204105,0.028138561764189413,0.03605694812451862,0.03938373218050288,0.04703003396373461,0.025894511417697517,0.04082148740977212,0.036856162667822066,0.032018778428093836,0.03173499283561984,0.01875949083308175,0.03332683707852533,0.03667920258360338,0.03713021327022247,0.03372367869701954,0.0335628206183586,0.043815121537320395,,,0.04180474570611532,0.02447251830921346,0.049934067025117906,0.033892122381420864,0.04117751242810548,0.02876689247416071,0.04323727495720923,0.04166663488549428,0.03628888768968354,0.022569826193763794,0.028177838037144,0.033634778095928575,0.037410156897939896,0.03530480679017661,0.036256214298267295,0.052462838871968405
2022-09-01,0.03748419795572903,0.03368170823476056,0.0391192332016333,0.037004644597557264,0.02282390434773076,0.03837856158564587,0.03409768468954074,0.04071221423172138,0.03852205784817186,0.04445691970143187,0.038201115239227514,0.02819766491508988,0.03351670971585951,0.0370162528412172,0.03956667689210081,0.03699391041138252,0.05730141353712963,0.038656504446949395,0.03749024204948997,0.029643737447615642,0.0391162400453511,0.039389494197774856,0.031182019461968084,0.03717684545511562,0.03843324468022272,0.03933912664811047,0.038622649484814975,0.04437076937152923,0.03821665296245332,0.036860423591671625,0.035997381990395774,0.03677342147092117,0.035868948128898744,0.00840851124337061,0.037698227684971275,0.03543938059046548,0.036755892640539745,0.039557956028439194,0.040834139285919405,0.032082832473134704,0.03829694224847793,0.04352255492856792,,,0.04061281107172458,0.03654126552417702,0.03387301625622422,0.03755587964648928,0.03680066724561195,0.04028662939922138,0.037268272265629655,0.04009914645696735,0.03408519039957838,0.003699284628365108,0.029238919953263127,0.039557956028439194,0.036416803913996654,0.038119191612924326,0.06362835738315513,0.038102866175287305
2022-12-01,0.022380884926302094,0.0366750782017319,0.03984392076707332,0.018519470470492037,0.019915449679100493,0.03552359217419536,0.03820862369666245,0.029198893851269506,0.033841139940885556,0.03267604926269576,0.020818967221254602,0.01977960617984979,0.0373265557651065,0.02956453719964823,0.03767369020925471,0.01822212850251105,0.059987804632846545,0.038885945454747196,0.02121692033100394,0.030507558592122997,0.023547174872940717,0.045419734784426895,0.04382718674686422,0.03916452254899389,0.044277618977347284,0.04365659841692712,0.027687225591580784,0.040962735050317944,0.036259602271236056,0.04599468831692173,0.04181797223134336,0.043670315514173934,0.042152913518887336,0.03709002776553152,0.03279527413314606,0.025619601108532807,0.03687294884369113,0.0337014558526876,0.04147647162342905,0.029022911136765302,0.043038126920309575,0.05031756141321808,,,0.0577297832324727,0.048622138185087656,0.060502882932601004,0.039335115615957476,0.0428718672252374,0.039101481979821856,0.051599725119274444,0.04718987399882417,0.03952245737039836,0.04182204439061182,0.04404508065704598,0.0337760660545566,0.05477273364707332,0.042171149392040766,0.053915999571470474,0.05738776817466764
2023-03-01,0.03890774759961891,0.044136595875947156,0.04728934002311905,0.03452642396831528,0.036886259096918915,0.041866934400648155,0.04132224037663207,0.03243510761374532,0.04224061905407132,0.0463076747105968,0.038907161785591095,0.04338791093954464,0.03672029366070525,0.03888703726624051,0.04189015687326314,0.03890774759961891,0.05340121561702539,0.04122008077196272,0.038696500714884695,0.041265188519561076,0.042269690116139194,0.041081894412040194,0.041594775627853575,0.04347313320765935,0.031084246112600487,0.04062604660154743,0.03724635706090648,0.042862738061927495,0.04406161564736538,0.037256217756111855,0.04189727118619922,0.0347882347643796,0.036073053282457516,0.04825157918394975,0.03909828415097472,0.037397447181540505,0.03951906436306833,0.041498116475692244,0.0390377185700658,0.042849196002950965,0.04129907074385427,0.03870753761793582,0.048123406744920785,,0.04421966068393483,0.03135844955389334,0.06036569264300364,0.039676780188435366,0.043996689450934205,0.04237111577006895,0.047624221235001346,0.04779907360399337,0.046548665743199845,0.00876758922844986,0.034190657566760624,0.04212620258669816,0.03565677439036026,0.037880547348312296,0.05223508032363227,0.04973613611882195
2023-06-01,0.018228644184988766,0.034541255733293655,0.055050435341624154,0.016970409658278996,0.021428161497582036,0.041999597364562394,0.05085720727151535,0.023685131030818082,0.0331382695280775,0.03243605249583837,0.014369864150735937,0.017299833881796393,0.03856406797399162,0.026077041257496433,0.043642041220446445,0.02001704400664844,0.03881121505268302,0.04022040969855181,0.012620738034366656,0.02080741738701605,0.02521966418567323,0.04283312660382445,0.043820411462421216,0.03240395755345512,0.03733046371197868,0.04465181306775831,0.035139152979905136,0.03655074067743149,0.03454171808518427,0.03907549074300739,0.028215105890006673,0.02145605196674985,0.03112419753347554,0.02963384098681779,0.02156631962818081,0.024964595985858398,0.04246667501426899,0.03334924747773384,0.037772918472679995,0.04028029231573334,0.029397738186100687,0.04326699043225963,0.03114250751604474,,0.04796707936750281,0.026568568847114945,0.04127214954088238,0.02406188605324847,0.036721927277056574,0.028029740920765035,0.035077114329684,0.04367478883789372,0.03750637026950165,0.025433854110270982,0.030340703113026012,0.034440384432171185,0.05921140093021909,0.04090228864451689,0.03786619341807722,0.04557889167072082
2023-09-01,0.013540754880746332,0.02688424347470596,0.03706273421211674,0.0032153509582303974,0.027874876327269857,0.03069998929095571,0.04620426118553434,0.011116475639927785,0.018071272083914767,0.02346527883430873,0.01143341013351185,0.004587618731013419,0.034553013537945994,0.020846431870458874,0.04020743875775088,0.022036228010055288,0.03795348395499537,0.04377120699896322,0.0002015263663714225,0.007314818351502617,0.01710382423399077,0.0319653661190257,0.0190620069288106,0.025172582572407197,0.030923199830689904,0.036262472015971076,0.03111617914469031,0.024325000750605282,0.03669329718085166,0.028288619343409933,0.01925270278972262,0.01297659106357622,0.014736249284952136,0.017344460330924405,0.01897481458717536,0.01318494140004881,0.02521877345155448,0.027541172749211487,0.040408629528234485,0.03127095071739772,0.030289818215296672,0.04071514909100256,0.03730386875467332,,0.044366434782243024,0.03476957449081317,0.02464914249454558,0.014239936343740047,0.03441861355605555,0.020465744800689353,0.026886636844149527,0.01623214627296045,0.02893479810446091,0.005743599665330682,0.010026001004212116,0.028462084105141488,0.05279119176215694,0.027609461883597964,0.031664131970190475,0.020562143909514784
2023-12-01,0.02437534287596005,0.01670374712427197,0.06090329978353669,-0.017351851056896378,0.005794945412527046,0.04163283574786833,0.04985468816353144,0.04213300669391007,0.03326074347994923,0.04746492567580954,0.0272723459694156,0.021980501231482794,0.050061990726511595,0.044309314766692434,0.049641569390483774,0.0268004507141305,0.04610400220319625,0.04543866026123978,0.01999279813643789,0.01928565390636179,0.021929572336001235,0.04470573687125757,0.017737434453277006,0.02645415375790825,0.02162160332429777,0.036290968109680986,0.01843175382158654,0.042850087767299955,0.03461463998674767,0.044219257954846984,0.028789599888575598,0.01283460835404939,0.01730114533753092,0.028462897345730737,0.03254254335708147,0.01837895872025865,0.025175875844574213,0.03126697072935734,0.03664690145679726,0.05011432184524404,0.027351080894116933,0.04269030734355876,0.04180246074160136,,0.016892087775103322,0.04694885048677556,0.02373612355545487,0.04136188006183638,0.03746801172026069,0.03427060799330173,0.03406413671324532,0.009511678345148268,0.029862919581457426,0.015988688921471067,0.04372481274074287,0.031187842653878764,0.054368678096178506,0.029686321934516213,0.038817303063957115,0.02327617343219484
2024-03-01,0.016429381520604597,0.0024989148745978122,0.03436277368942007,0.004547685144115054,0.031962338480613174,0.03387287645459411,0.051849099725765374,0.01624119011471807,0.016066808595690873,0.020924701994717153,0.01461971238087988,-0.0018263409847881704,0.042339597609860107,0.02790672534430922,0.047503120029902354,0.01825704908070663,0.04166232801627732,0.05069040721582113,0.003993445572172741,0.012529093778937836,0.015861122640347964,0.04314087040232187,0.014922370359600876,0.015576502878759809,0.01966373383566646,0.03332475842766269,0.02218524611212909,0.026255377169992277,0.04273106082799123,0.03706695481367648,0.02019173367852478,0.007515538196763916,0.021998537196709543,0.009060372289340085,0.02229318592326476,0.01672504076795319,0.019700844919006474,0.030772464107834917,0.04678222090866406,0.03607478728453142,0.032618372672936116,0.041069743892608035,0.027848668950540417,,0.04122409596898767,0.03089860657625172,0.018623100063683486,0.027834044706242088,0.0316595987702047,0.030951971834094795,0.03630077238017124,0.02214383090522921,0.03146499174192317,0.006440098678194097,0.034165902422814656,0.024091364932620457,0.04258911607425486,0.02404199383234571,0.03189417958366543,0.03479971330165351
2024-06-01,0.009837638788513948,0.020249304037752304,0.015927458677758757,0.01280646864469192,0.030210248784931407,0.018390210115913106,0.04295006985842221,0.019443413684861292,0.018590730323720897,0.02554128687927117,0.011494138571072326,-0.002719885067571729,0.032774414165187754,0.02987542463355176,0.030601643439722385,0.0166128938441303,0.03244027087272452,0.03950459755170918,0.0014503100982496877,0.006554325993373784,0.01651828072214593,0.03099503055708167,0.015335936559512231,0.023819289385725625,0.011337518150367083,0.040423718357976514,0.028970283641695644,0.012477001001132915,0.03637053158045861,0.029183271228005944,0.01987875720953615,0.0068641650537081544,0.017483583502502998,0.03871540037375871,0.025369107059653145,0.02203782329972667,0.020404487510894343,0.02815233505789532,0.050837781794463875,0.02459160851591849,0.03326228164565822,0.050544629126922105,0.02935847587992422,0.042077930379959605,0.03437191559915289,0.03547649716601284,0.01130433835170204,0.01996446337339874,0.02797051879510601,0.02747994477456163,0.03481265829090839,0.02225024412853828,0.0169557218461793,0.009123340460636864,0.014844777935028879,0.022455513562760158,0.0488108093719629,0.01915340355525803,0.034118579993324585,0.035488018434678976
2024-09-01,0.014019495845466308,0.006726547519962852,0.020161924114361574,0.016651158349988798,0.03272553186043896,0.023989095017654134,0.04802633957362443,0.01902327934978008,0.012430590058519384,0.03675878826121651,0.014655726776716949,-0.005162137381556838,0.03553135524632881,0.037701759048092504,0.03679207952834708,0.01797189105182494,0.0334410883152465,0.025718862499075047,0.0013162599193960783,0.008996904312939641,0.02248260152171312,0.025553465686132586,0.01169077435954873,0.02609657734548093,0.024853624233584514,0.026635417820642503,0.02573185481077618,0.027072889876342033,0.03958956599329136,0.031359823858071574,0.026629748148384303,0.008945431840894764,0.02792035849729304,0.03672372614660085,0.03388074245683998,0.010685315977583001,0.02636874835197962,0.025297483382360677,0.038931518321062036,0.03639694414587245,0.031132142922062372,0.041730231539961915,0.028622206837568765,0.04406167905669964,0.037340207065407964,0.03320335833364059,0.018504231205377173,0.022314257541933457,0.03660733515398184,0.01586776589556072,0.03456409503861031,0.017136685017711817,0.030488894275742712,0.01308815099829848,0.028831361543130356,0.021604934339422507,0.04514954067358851,0.024669635729813632,0.02116933053783054,0.03758774844980867
2024-12-01,0.009824349133043477,0.013123575843277195,0.024606807776091554,0.006240852353528584,0.025646064406388006,0.012787383161086414,0.03877595808858135,0.010705264850122681,0.004455040063470859,0.02907894622805149,0.0013276260643691879,-0.00730424375858001,0.02122719514837851,0.025771692578702522,0.019685520750275368,0.01353306045253674,0.018349085146698845,0.021834592204213753,-0.0014105035335207872,0.0029211125476291304,0.014510375802422043,0.02087494745379047,0.018511481119966523,0.017433802858401518,0.022526415069301194,0.022292702560611062,0.016010107897188767,0.01083898590343339,0.034770081027996544,0.025631010520576744,0.01429240966216117,0.002459239552927061,0.017166704700470832,0.019997156929606005,0.023396591100882786,0.009852912628419306,0.019538054639253413,0.02720985013605264,0.03314665120947521,0.019042062562705596,0.02351749657030035,0.021484884049938244,0.024861773056566387,0.026426468257786072,0.04396583734925612,0.02703835636006507,0.006894399387167999,0.018676939244967394,0.02593080152950329,0.01589665789124238,0.04395841002405188,0.010593758801064748,0.018785810502434632,0.009096730258359817,0.02748181191492211,0.007006660207557668,0.04625563107046167,0.0290097812549078,0.032786583445650955,0.024879332604908645
2025-03-01,0.022825252271884575,0.011855651324899887,0.03559505539022046,0.003767794420679734,0.019507134750019,0.02008170608578313,0.030715072175777212,0.01543260543143153,0.013481476142174327,0.025706851640169642,0.0075697657394902486,-0.00558920881899839,0.008871867741108524,0.02423726197374357,0.029721435164252418,0.01376861700164374,0.028519989171179403,0.021018503214645698,-0.0032153676861170267,0.006348845315991058,0.00744147187499227,0.015872541925261274,0.012460922299366317,0.01836101272224895,0.02039929569209534,0.029976827526605247,0.027366852461137552,0.02293531026788436,0.034606326292810456,0.023100626464955525,0.013931341940241712,-0.004904585907239414,0.01845607244987503,0.022358751897939712,0.02624476538706866,8.816290130699256e-05,0.025591662011227166,0.03039608238456891,0.03762228718148793,0.020569028466647432,0.022685857839903928,0.04637671198350635,0.02608822965813681,0.01986658428264126,0.036155175415920275,0.01744557326091899,0.002030779158204118,0.019337741554464237,-0.0004703485794218708,0.014877604775966452,0.03126884810078053,0.012345694069806732,0.028427186579596652,0.009852801940878708,0.032419525927596005,0.001575343347661894,0.03840379410013067,0.023544781541064347,0.02541008562797371,0.019977114837234102
2025-06-01,0.010385919146496609,0.008643587411276833,0.02857171526791467,0.0011029675162482714,0.022882287050133728,0.014274584800225122,0.028025447435071876,0.02509261453669096,0.017777012734170473,0.023249519260799562,0.01315662652639748,-0.00503989726776262,0.016408424550236052,0.022312320857014324,0.0278457297371621,0.01692290238127416,0.030717770574763215,0.02732507827019172,-0.0029914144082291844,0.007680804767602672,0.008620708198675798,0.018471866795724854,0.030983292707855298,0.015678628641009055,0.019769480845881475,0.030294215805625566,0.020274745764843113,0.02324829989995664,0.040269457887451725,0.016341724468996753,0.01409241913356778,0.0011750170072808873,0.014146547806177441,0.030032643415673507,0.01949961192708107,0.012847975171767188,0.020855128105227987,0.03146198458209895,0.03931017588848285,0.02392985614183967,0.02287400511821146,0.046743682373868535,0.024404403637465526,0.02872619178637643,0.03962065583701559,0.01983022867731292,0.001776630810516287,0.017198632791213038,0.0021737688150759967,0.020904500916349645,0.033494514474377304,0.013541388607466844,0.019449322603874046,0.022977794455803648,0.0315827945408209,0.007124320704077828,0.04163912787733198,0.025866009946610907,0.024542889342174776,0.020455970235496987
2025-09-01,0.02144460938870907,0.025180185213685036,0.02327239327132702,0.022858168929815292,0.025180185213685036,0.02144460938870907,0.025125950574874878,0.026255182921886444,0.02144460938870907,0.017413347959518433,0.02144460938870907,0.017653219401836395,0.025125950574874878,0.02144460938870907,0.02327239327132702,0.02144460938870907,0.017413347959518433,0.02327239327132702,0.02144460938870907,0.017413347959518433,0.02144460938870907,0.022858168929815292,0.02144460938870907,0.02144460938870907,0.02144460938870907,0.026255182921886444,0.025125950574874878,0.02144460938870907,0.026255182921886444,0.025804942473769188,0.028827115893363953,0.02144460938870907,0.02144460938870907,0.022858168929815292,0.02144460938870907,0.02144460938870907,0.02144460938870907,0.02657444402575493,0.026255182921886444,0.02144460938870907,0.02144460938870907,0.026255182921886444,0.02327239327132702,0.02327239327132702,0.022908423095941544,0.02327239327132702,0.017413347959518433,0.02144460938870907,0.01836746372282505,0.02144460938870907,0.02144460938870907,0.01919528841972351,0.02144460938870907,0.017413347959518433,0.022858168929815292,-0.03304240480065346,0.02327239327132702,0.02144460938870907,0.017413347959518433,0.01919528841972351
