,1045,1230,1246,1300,1598,1891,2101,2285,2312,2574,2817,3041,3062,3278,3416,3497,3580,3650,3835,3851,3863,4040,4058,4094,4108,4199,4321,4423,4494,4598,4818,4864,5046,5047,5229,5256,5476,5492,5783,5860,5878,5959,6081,6216,6268,6335,6774,6994,7085,7435,7554,7921,7923,7985,7991,8253,8358,8402,8463,8606,8717,8972,9203,9225,9299,9771,9778,9882,10016,10405,10519,10540,10581,10795,10867,10920,10983,11306,11600,13003,14225,14477,15267,16475,20116,22140,22703,24617,26590,28192,28590,29901,30098,36190,36191,40279,51654,60979,62823,63527,65609,66065,66446,100873,112168,144066,146017,148349,160474,160893,162076,165123,166385,176928,177983,179657,180112,180652,183736,186278,186310,189491,316056,343180
2001-03-01,0.0009490610888566073,0.041282987785334214,0.018023351566061826,-0.031322783085133914,0.017351890150874273,0.0009111686694201128,0.02412073147101065,-0.038709459903815004,0.035317800480884655,0.0250217647818435,0.0183849831235047,-0.011869219487872413,0.023769988416596294,-0.00858648836250884,0.0022867014829627396,0.007823114623588737,0.012052697776562765,0.019778777881050643,-0.004764431147927443,-0.009903608146197678,0.01889827617973583,-0.007554675518471042,0.010199416067983207,-0.03400494914554372,-0.010976320775624892,0.002237403557785437,-0.0150591491450041,0.01643940571937513,0.019777279994855578,-0.02577844830451183,,-0.022903714842418266,0.0036895814465472358,-0.03363127602904677,0.006852341826311784,0.005831641550937207,-0.04293506735124751,0.030465248166984624,0.016428552118652878,-0.000815806723620561,0.003968890818555623,0.015128894809066231,0.0330023137002077,0.0075862115984211345,0.024098078608843995,-0.028178762961797853,-0.0035543397636861834,0.004728473803024333,-0.021872781742743253,-0.035424623273545036,0.021807798304829373,-0.03366041103319321,-0.02732841769180616,0.0014463196159161084,0.05757264964838516,0.024590256158212434,0.013544796350564516,-0.02195255930289188,0.012091370010205446,0.014665038962993515,-0.009013755796230495,0.020321123542954518,-0.03309517051390336,0.011775205977110166,0.018370045516623947,-0.009629593350660777,-0.014258152166045819,-0.006682256183450658,-0.0070187682904040176,-0.023159320425761125,0.019996766450796552,0.04482182949054692,-0.028706925543502345,0.020510594726096006,-0.0036630900085542154,-0.006858264417203302,-0.013608884813527882,,-0.02284576198419869,0.02724299500519329,0.03528537871186638,-0.035571043999631485,0.011228052783982045,,,-0.025853926653616462,,0.023811174900031585,,,0.010361344507826558,0.020205053322281685,0.059852234662183396,,,,,-0.014726396770747321,0.045360362700248374,-0.021742794135716993,-0.000434613973848301,0.00268832291809181,-0.01934011532447841,,0.040882511085418266,,,,,,,,,,,,,,,,,,,
2001-06-01,-0.0013244072820143016,0.013028701081668615,0.005213080685658028,-0.03382505917275546,0.007134881835907136,0.018368293294475667,0.02146510523064471,-0.015377731798291742,0.04271897660662753,0.0028202755931098825,-0.010308542786653704,-0.013636725537858819,0.03071692451799691,-0.008503731646341292,-0.011694219302008384,0.002117093931026083,0.00965125236900967,-0.008276173865819466,0.013526273923077741,-0.0027589843467467705,-0.0003508571669079846,-0.03601582202710222,-0.011624980641185455,-0.0025342436399001813,-0.004596719957553841,0.0029244416638220913,-0.011462126398578514,-0.02306647478498995,0.03143789117013267,-0.024251231172385677,-0.02584725363191274,-0.028440812401309024,-0.005231414388409923,-0.013838498758713555,0.009632170638877975,0.0029841379179691963,-0.0021609941640491725,0.02886450757655526,-0.020853834619416166,-0.009401338794197557,-0.002066040141476669,-0.023968269412606043,-0.0053125815835638615,-0.002396368567574752,-0.0008730935513552611,-0.026832838346258582,-0.0037556485872547274,-0.0019645485389983247,-0.004209032219984776,-0.02957992880956012,-0.0066858380619164255,-0.009836860827769252,-0.016517729975435345,0.02518647187066687,0.02584151663571041,0.005494465466579527,0.004360589799586748,-0.009624401010557232,-6.2433302306394436e-06,-0.013839444636222593,0.0016024968075695994,-0.01686426061848362,-0.014143629096256974,-0.020586234032450707,-0.02063628227777081,0.016413272381292074,0.010315142369024317,0.01673150855464569,-0.012341545552762017,-0.023190183681140487,0.010783848019226851,0.019023914008971823,-0.02618218940928955,-0.0006804577363738333,-0.002292210633984279,0.014741606157573658,-0.017841398586651302,,0.00035473053708243244,-0.01628073790446018,0.04529058333413799,-0.001862246051665185,-0.026542671725457254,,,-0.016037718969039733,,-0.005840768867870799,,,-0.026149535502146617,0.031299901783172546,0.029883882217450523,,,,,0.0073871418307791415,0.024004072906059867,0.006356591051136831,0.01687603835209475,-0.01568335183459068,0.025173317840918696,0.006943553690784506,0.01263201826263051,,,,,,,,,,,,,,,,,,,
2001-09-01,-0.01255510567232301,0.007084443864390255,-0.0009444498789996871,-0.03306902638590116,0.0026430551858276307,0.012466386232873515,0.03294461647269802,-0.023986379996311227,0.050387361363451254,0.0035716040674405314,0.011464015065477418,-0.025176401014425975,0.0481026630932641,-0.023587293329940345,-0.016643307526188526,0.0008821003100889196,-0.009513945708076836,-0.015014030577202903,-0.005690798058401161,-0.010181175619558301,0.001630163853569277,-0.043547839784987594,-0.011400517935840033,0.01067848840419563,-0.01624450765726543,-0.010674224938005374,-0.013198022700292173,-0.035612354822321286,0.041871468335818784,-0.021172441884753132,-0.008514245378183898,-0.03155020346660749,-0.01213372249432013,-0.02215426547375338,0.0005824736539870569,-0.021272202237466772,-0.0038562686204802656,0.04921101548727174,-0.00454408723202239,-0.01387909178762952,-0.01115319616639072,-0.022323298963359214,-0.015643659019644464,0.005177096682383903,0.0036878533003851387,-0.02819447593310533,-0.030859279948392073,-0.004355120742463606,-0.0017304969502562428,-0.04618401302052635,-0.01596596511566624,-0.026219804516250236,-0.006369689035707709,-0.012295956897710047,0.01418929345047458,-0.005062235057393934,-0.006537390309457793,-0.019492895383176816,-0.0055143691250772045,-0.012945916976452747,-0.0019355169366785515,-0.0026108639527729917,-0.010084358101165551,0.0021443397738033386,-0.00014064353822401142,0.01574663689443855,-0.0031711768346714647,0.025395984332117018,-0.012601695530181286,-0.020777733066759417,0.012550757041987113,0.02463075775186377,-0.018776260136305865,-0.023932710516832687,-0.0013463640100220648,0.0011339560391281456,-0.012124556803216658,,-0.004557597553123054,0.009981405652091341,0.04912842582510508,-0.026676297469742732,0.0013917750172977852,,,-0.008874902298341121,,-0.0010836837422451083,,,-0.023866743423472777,0.04199114282674639,0.04223503777919015,,,,,-0.0056143321860436975,0.021782319873210266,0.011127096141486792,0.024388400571535705,-8.125463148237914e-05,0.022215786291228307,0.006884051600609411,-0.00020927171375133486,-0.01441010201845608,,,,,,,,,,,,,,,,,,
2001-12-01,-0.0075691783123309,0.02082290211732271,-0.033414750814817366,-0.02093298870837877,0.006223783332029184,0.02565331604610597,0.03112016760112043,-0.0024297112463193466,0.043259226515719805,0.0032907201912429863,-0.00029532352432211085,-0.028634885417343128,0.04459310641011201,-0.03284331202406846,0.014601992885205174,0.006877823626587214,0.0002648114464918092,-0.015549131022725322,-0.011757073132962157,-0.003680330756367617,-0.0072524388878263376,-0.03368753658391422,-0.0025687806491700932,0.011577988122942341,-0.009919630021211918,-0.007163904877253827,-0.01916493128600254,-0.013246048436553274,0.04126541598843264,-0.0023999676866739363,0.013007886681829055,-0.04923132477655308,-0.011662715761531934,-0.03802143444798184,-0.016770961800665077,0.0232090035250006,-0.006774245865137129,0.04099557947129665,0.021766240347998525,-0.008752529720440183,-0.011322527421038857,-0.02483287798045679,0.004800139991304364,0.003739434569492215,0.004665143905723733,-0.023132655800347977,-0.012859522941468247,-0.0038162569747586176,-0.012643260900884768,-0.028613829008444634,-0.010845682053341,-0.028116734527515376,-0.0069910966848926925,-0.029891017187394727,0.007997276450469893,0.0007844664928562617,0.0013178389973396354,-0.004797498485027007,-0.0023419823043253187,-0.012549104122066257,-0.006397875886198398,-0.021943608898310926,-0.02722713984029485,-0.018481049350048125,-0.02605913989815483,-0.017986583726139815,-0.015637463311216054,0.026843268312107565,-0.004767379977772778,-0.022408037749609578,-0.019832137152634238,0.02721783429385059,-0.028616118451202335,-0.0069362038334823215,0.005758183259910229,-0.015198937104760718,0.002514302888375459,,-0.016587017539989025,-0.009616213100101382,0.04493413181478495,-0.031720750347899784,-0.010337075171464755,,,-0.028675760934956277,,-0.00862924533627198,,,-0.02481711464385321,0.034118992504337226,0.014694538094840394,,,,,-0.017524013834552012,0.006328789268599842,0.00540115765910824,0.022089457172345207,-0.019602731909411402,0.02734707245011848,0.0022743315902583505,0.0007986311479260641,-0.0204074473785925,-0.00485542771158009,,,,,,,,,,,,,,,,,
2002-03-01,0.0013022099039109749,0.01956210809648151,-0.0032123069699778193,-0.021780964352359395,0.0031455454576948556,-0.013653703987820596,0.022415252733641877,-0.01428378358544476,0.04112218164249661,0.0022222954718379997,0.00011193940800702786,-0.029319619074499984,0.043250208675373665,-0.046374577098745304,0.01145764284590685,0.017085012536757916,0.012523045336992137,-0.018707436496814146,-0.009767467316473483,-0.004791752131105554,-0.013247053726475659,-0.04572715884157564,-0.011020112126862687,0.015390323269530048,0.012531532101065607,-0.0022948086169956275,-0.01665303716253799,-0.02647129951164435,0.03333965840901768,-0.04562573750714332,0.007321802483898705,-0.0497130652747528,0.009821406799143576,-0.048425676488725526,0.004593733339292246,0.008254300669860064,0.01629647831846447,0.04167389952856287,0.03458725159953031,-0.037309861390835294,-0.008320179339764568,0.013572435110001254,-0.004647413110702984,0.008296709171333658,0.01593069618508264,-0.009513951912562569,-0.03233268793412307,-0.0023221229903546423,0.014101848602212867,-0.0514960075177711,-0.013645726422845733,-0.0208265695720487,0.009041563126995621,-0.014064674873871178,0.003422029914192053,0.015884168180081,-0.02527681872090659,-0.0238228351622287,-0.003910414392378188,-0.027009355572663683,-0.019541273592301903,-0.020377922148122302,0.0029328466074991085,-0.030789035161700215,-0.014258674002256236,-0.004190600905674308,-0.016762506704413007,0.011270529978266774,-0.03884073907795879,-0.010650888057269136,-0.0048961800582078725,0.03167470160030179,-0.01678970266402127,-0.000571603835967102,0.01822891123219704,-0.0161919203903813,0.0012105260861166496,,-0.01216209271659727,-0.006971205604731905,0.04066226720010267,-0.02412149617463437,-0.019917981207879985,,,-0.017466426337183143,,0.01240466467193,,,0.012978823173022205,0.05298410412172751,0.037426680239299695,,,,,0.016213243201123648,0.053144238579251504,-0.006852441200165564,0.02726579675567336,0.017473455703641592,0.031185531207055212,0.012369452752974325,-0.011128142737204449,0.0012087640819358914,0.009542430947490074,,,,,,,,,,,,,,,,,
2002-06-01,0.0026709125146605057,0.009761325258237957,0.007219646062886835,0.0022611124742852188,0.002594582732051286,-0.009315687063823913,0.007836820515847222,-0.01324946353568545,0.020857261999259354,0.006060957381722236,-0.013406372919172748,-0.022823095970028094,0.0024492589650051406,-0.029477026894396494,0.011245321501905542,0.004325316483440578,0.00907980998031703,-0.00947619531881527,0.013775015375566397,-0.007808052361265897,-0.01884228156660098,-0.036660110879698865,-0.02021412290637316,-0.011943625919527523,-0.00860475650889787,-0.008181959825591003,-0.007445455459566291,-0.003863402191919054,0.027533905582188933,-0.020648720975495444,0.020300523264170804,-0.017990599938145488,-0.015932077564136057,-0.03415540447968819,0.0023523639960724976,-0.003732264996257641,-0.0006877017928291813,0.03721313158177777,-0.008084574158012087,-0.03389914606195748,-0.019347144300689307,-0.010956006656573048,-0.0051912886979399685,0.006978671521016192,0.013969710520978642,0.017032549217860026,-0.04494699323148896,-0.026153518817149723,0.00875350032222447,-0.04260001097165411,-0.011102886800643537,-0.0182474218659588,-0.008734884909154634,-0.029316732720380868,-0.004401602732120281,-0.0007985527893066193,-0.02026438043117492,-0.01816500933039025,0.0025809852373587343,-0.011407358339768718,0.013820543845707777,-0.015727979320210108,0.013109224834594535,-0.007297553252217385,-0.007967154925680084,0.013789279429025776,0.00043895735194888726,0.008457501901154569,-0.021848412288278513,-0.007848331972320722,-0.005901497748022548,0.013522537907305582,-0.011095211192993752,0.0010977845415804303,0.008714196813945599,-0.02272065195728894,-0.012069553556803957,,0.00851497273950794,-0.006157054344954607,0.031065807240533434,-0.013577043432927658,0.004679700868355426,,,0.013612806561572386,,0.027565080901776215,,,0.00890602962543183,0.05261445441925284,0.030474944925679245,,,,,-0.009978555432922951,0.02787874148875137,0.00242924249880155,0.01809703118815608,-0.01336899062829557,0.01949880182106971,-0.0018046363830264752,0.011603922951738649,-0.00371443546763363,0.006278718582155682,,,,,,,,,,,,,,,,,
2002-09-01,0.045175408743302406,0.04553662108169832,0.0277769154287812,0.004690979784158298,0.020643698226676773,0.0028461470940947886,0.03894742588199664,0.0005119972540001678,0.035637608674284386,0.03652997294818947,0.0041156256561486184,0.004034903522552425,0.007185743881645066,-0.01193082590183822,-0.0040164827526220255,0.01808749007893472,0.03379084490249299,0.030603713015044862,0.008873279631324605,0.03950367969297627,-0.003974864839864551,-0.040861727283684604,-0.0207561738937658,0.011458135005150572,0.011605513707983399,0.02278979730716305,0.005870339351327472,-0.011750472040690192,0.02014981490914066,-0.007934667992389005,0.02265000456686985,0.049651124739940204,-0.03558766299920699,-0.02858051026664743,0.014259235526966878,-0.007540446946404826,0.01370646064445507,0.029954515870583908,0.053531258822865156,-0.03711628286150939,0.009089196785912895,0.012102916586975378,0.030520811470331324,0.012863062807044873,0.027454347338295076,0.0132834802593149,-0.03269468890836241,0.003077960225576726,0.02541467647424887,-0.048558098571666465,0.019987701826900493,-0.021474073752196125,0.012913429509124472,-0.013221562585445443,0.027766180553418805,0.017079406697880356,0.001642774668370242,0.010696434915868603,0.01424113370333598,-0.009382534781050122,0.019668737469050658,0.012401441882254331,0.027930404662508047,0.035593157144631384,0.014869945189561641,0.029872505996077933,0.004691365319555426,0.026812786830316227,-0.010310720981177164,0.02304004302118713,0.01562919178451036,0.03051268844837325,-0.0017278442529210277,0.04665037557808458,0.011474008651029656,-0.022775915707791312,0.011478367761518218,,0.026057870255326562,0.03434733844097179,0.03533348430795828,0.011146817910788857,0.008057799346638687,,,0.04167018642940702,,0.05026233297348679,,,0.008180929660068226,0.059214501999067304,0.038528698297159096,,,,,0.022535657821997332,0.02328821657940519,-0.010265835988499276,0.024137008411597143,0.016729787158037416,0.033880524367914944,0.027595894311737007,0.02943055742407661,-0.009761853628228614,0.007023831342627435,,,,,,,,,,,,,,,,,
2002-12-01,0.03702522093001441,0.04652386576875049,0.03776139885008225,0.021700014467653753,0.020443382959898667,-0.0009806592010660501,0.042978425959523704,-0.010538609118357488,0.03130093684354665,0.03508179254928325,0.011941105175605999,-3.4976860049919566e-05,-0.005062043649535005,-0.02535376936995746,0.007744945023504931,0.018055922285582532,0.014637403344835325,0.03686263127130192,-0.016394079759456847,0.020871428497216998,-0.00795669235962689,-0.02411816923036116,0.014539417646133479,0.012286017257705997,0.047628613903677515,0.020069462160009092,0.0025869703454848327,-0.004288764895617119,0.024660950000103984,-0.016846867885774056,0.03533109352141922,0.029645673075750598,-0.006975297381622614,-0.029630449726430225,0.01775947894140209,0.008158343845254257,0.0071620404604713925,0.02391024556442551,0.032562424618187175,-0.03399495895624178,0.025319614341481066,-0.0015968139911308726,0.01457011131033626,0.016469456413676663,0.018225658497584937,0.00625519149726021,-0.03684039515345558,0.0103680138806568,0.01105357300064803,-0.034691970903117195,0.02643750508414484,-0.027933370046005438,0.001075643028565273,-0.031760732710549154,0.014725053630697087,0.01637131266751236,0.000663614768352862,-0.020160489513165673,0.01824158321141427,0.004070229771398869,0.01743000539535014,0.0047486176911655945,0.01715700611565352,0.017410647198533188,0.0019343133272320887,0.013208900406266107,-0.0028954143308973566,0.017789246865498688,0.0007684166952212976,0.02216741968524406,0.013636304966829276,0.017155647869064528,-0.014559142037242047,0.03618691059064017,0.0114739468879713,-0.02950716887678568,0.00955018990857638,,0.006923823414952283,0.02551472908684866,0.03191778509825465,-0.00013306825762293158,0.013007997056379386,,,0.04705165278740535,,0.029185343969596954,,,0.005053930878897987,0.06409229474002101,0.04419207988227036,,,,,-0.0022130287828797525,-0.02404682305740876,0.01924364127003782,0.026844635236936296,0.028550694389680213,0.04387209157940197,0.027801580811594288,0.017314040019266407,-0.002651411222308177,0.005029944056681306,,,,,,,,,,,,,,,,,
2003-03-01,0.04896113356142668,0.046294492452974546,0.046812799845113225,0.02095697390256344,0.004967879260584681,-0.008678383551145257,0.03610903253908288,0.00538258612420177,0.04206558599064785,0.043869169008118505,0.01616829409925916,-0.0045935088910914615,0.0192532579408443,0.006153683289683468,0.01193008311989996,0.009462835835709182,0.01690401800439559,0.037517816179982,0.0009504275201426306,0.03383368280815364,-0.004120747783343459,-0.02194836567867864,0.010759973891643326,0.02862196688425596,0.030395792554178933,0.017725101854147135,-0.006447248333599979,-4.212319588557204e-05,0.029534861373916456,-0.011430208695204395,0.030453269743936418,0.04763235197327801,-0.011085553327812454,-0.02558014826351675,0.00748819801181907,-0.00400093329797501,0.024319866984991712,0.031177661834917714,0.034286150568678654,-0.03157008299212604,0.008002385701486798,0.023487301159396255,0.015131204956621463,0.022758687605239337,0.037236144460455214,0.02538822176548539,-0.03224772329507323,0.012513583381778666,0.028051359165318392,-0.042078459169777475,0.03554171822422539,-0.012009380584359838,0.009847444470309035,-0.001563044198379166,0.04776202120574391,0.030926313916206264,-0.01567988604062916,-0.0050338323872070895,0.025260215390013042,-0.026150840396250315,0.033781342719740606,-0.004765937461102855,0.023094012774247427,0.0029329509533792875,0.013328452173013474,0.027963761660797032,0.009721382501142371,0.03542033783233869,-0.03337640671109956,0.03541059876107409,0.02287856654573576,0.04874953105904546,0.021448800223501634,0.05623654588681254,0.022081200859025468,0.0035703451756541296,0.0009812993830717372,,0.018547768593535744,0.043831039804417715,0.034491863895712495,0.004801533390030036,0.001966329589810608,,,0.03067876912002299,,0.06001053913617509,,,0.028100806617906333,0.06967904666192382,0.044949915988323035,,,,,0.010976836185260533,0.0102815552843925,-0.00612451574648299,0.02341342369821961,0.025347740783582474,0.06746764430550108,0.01705712490978516,0.03175481324633417,-0.014448060538704573,0.01104160074746851,,,,,,,,,,,,,,,,,
2003-06-01,0.060609719621886236,0.05470849109855453,0.04977787229660227,0.03297770869948107,0.020529972084269384,0.01370665457725536,0.04999130835348373,0.026082272207294796,0.04973458725284426,0.02391695873825991,0.003195388196675163,0.02173518501971571,0.015917827315740894,-0.005877075441668078,0.023949857653662067,0.018542111005217368,0.030938592829946123,0.039565002935163095,0.01981657182983478,0.04182803768038818,0.0171080470235663,-0.0159011086659409,0.039068681516641134,-0.011050307759939948,0.04038778422847942,0.016935115289709902,-0.003385767066509665,0.0015268181300262678,0.028180967252021953,-0.01713885776367617,0.033669217621316375,0.04965191684843228,0.018870850691376034,-0.03737019147019168,0.0252247538313947,0.020335086858182274,0.023703636324867675,0.04107815487923634,0.04050323370294596,-0.03250737561053459,0.029615642043137668,0.02543489363898026,0.01677674174863788,0.0251829064734517,0.03962799655051677,0.026113702815514252,-0.012294129512708205,0.021721895266874604,0.036513469325244255,-0.04688175302870493,0.03804730013979838,-0.003476549427431883,0.021746595373633767,-0.0016434357266233237,0.0580144717922376,0.018057297156979856,0.01273695596566217,-0.017976104378062765,0.023691145134643304,-0.006386711321201591,0.03542571866315076,0.017563026417546698,0.024605314998702787,0.01427461458842958,0.029809325859962633,0.031224565369618807,0.012659048674462332,0.03254520247236117,0.02112700107813601,0.05917960673218084,0.03284310214136964,0.03717586759342671,0.01759418614720658,0.06464214430235432,0.015524136512435052,-0.014767226280342745,0.01454274672118442,,0.024501536707615755,0.03325424074835845,0.041189056656276785,0.015133577802704436,0.026213153614972923,,,0.04158026441081677,,0.03716502652581787,,,0.03648673056799669,0.06705653033658389,0.04415708181631748,,,,,0.02642538974521325,0.031153143239633575,-0.006850033970594559,0.035173967499843826,0.036538551465161516,0.0713870042159438,0.04638672556827971,0.04002693294601999,0.0015423907219297864,0.022047555466282186,,,,,,,,,,,,,,,,,
2003-09-01,0.030582042954888356,0.043458002554065206,0.034148576679115215,0.02348234760417635,0.023121479228335837,0.004781455120630693,0.04308738818566421,-0.01777417264690966,0.04133488889573397,0.035105491525319506,0.004877338367054489,-0.01987550087900153,0.023833102418213365,-0.01495582786108825,0.02935010461003185,0.02504906834734972,0.022317634007326198,0.02154639414729291,0.014168520701269994,0.030101478539169797,0.0054686240171249925,-0.03815210597389255,0.018386602738707153,-0.02586889179744722,0.037496908274014855,0.028820083367497445,0.007334696643558823,0.000978864367365419,0.018687793583144444,-0.024438587815837187,0.0311746317448516,0.025450640462197662,0.002660195037788958,-0.04463692698434622,0.015025302497141384,0.004185501083283127,0.01319765446196766,0.028998081805005915,0.03631541711993857,-0.0358396401801337,0.021041403238163444,0.020187090846264515,-0.026869535519559742,0.030806986000257098,0.035042782412654155,0.04062212768626132,-0.00899232483348828,0.010169937124568025,0.022968394179120867,-0.0341817062111259,0.007397598264085397,-0.0032670555352235244,0.017950205553453842,0.004526332541175009,0.020557219665521372,0.015585653215269621,0.009255333688927917,-0.031920798427762465,0.0026717109408975264,-0.020919019405902663,0.015990490428308517,0.0056490966089802344,0.01615863540846349,0.03305860071431625,0.014314962837269461,0.03910072101152209,0.0026517179930612565,0.04550153721118064,-0.009009870267421491,0.034890681135738365,0.02558717036890882,0.034992557859370776,0.009750781129642042,0.05110642270084446,0.020359100076932198,-0.016989334344281824,0.00235368836638029,,0.011570476143590667,0.035119003340253835,0.036543741425333905,0.011597103087587735,0.011218748581887029,,,0.02941387843962484,,0.0375940214812508,,,0.017793604095706437,0.06417088811864045,0.0409855166761351,,,,,0.012895861685496088,0.042777634762529854,-0.005676161605007065,0.021569683047119856,0.02394486116297303,0.06160350168839259,0.03030105656359769,0.0263759390447415,-0.0062747349506721275,0.019171749043456632,,,,,,,,,,,,,,,,,
2003-12-01,0.0025989386650505,0.041651121967619484,0.03585873660222031,0.011704252550148325,0.010461907485153538,-0.013398208278043425,0.0343080363329432,-0.044349655686430414,0.016565500463038403,-0.007035965236737794,-0.025397300460988478,-0.03891473253525304,0.01382162357356684,-0.024333092914021668,0.006891099764293824,0.022030081645504677,0.012331513256138172,0.010438947741054298,-0.019855301777635392,-0.031948676621544075,0.01363838279148157,-0.026871096554320004,-0.011551247440579554,-0.009531060507092489,0.009607332818655964,0.01259038907005104,-0.0004261140523315053,0.001333061231018671,0.023079164803449747,-0.03517103223864353,0.009791307319708413,-0.037535509112468037,-0.0002088694255271787,-0.04341640883887765,0.002729089246558826,0.006155997494428229,0.008023507354531152,0.01984376058375301,0.017461140502303206,-0.03309727800442309,0.011845888407465444,0.008119253956456669,-0.028456423836338132,0.019344672745629597,0.027398417778662008,0.023093486319385716,-0.016584986570128447,0.005936369849411349,0.02425079510041917,-0.03131739494223644,0.01354497086359722,-0.004943116412518446,0.014924903805745984,0.014433719709420059,-0.00014477817241785856,0.012934275661690491,-0.0065125099835488896,-0.03572518295394786,0.013285794335582132,-0.01576862662608127,-0.003926766123457138,-0.0006851476316121882,0.0037499566464756235,0.030495043223955066,0.005524676032290355,0.012865851400882576,-0.004336388442512294,0.01277397289182366,-0.006477261118928285,-0.03298563199547799,-0.003757623171197678,0.020933193791032194,-0.02259146994060919,0.011147649287769774,0.024226962579161838,-0.020039497785809688,-0.003505684506964748,,0.016565064965349853,0.04000198118567612,0.03293263833302011,-0.004369687960346637,0.003946448126495322,,,0.0267318881102845,,0.030876584692192514,,,0.01260102728367494,0.05442355272623108,0.013313274534861674,,,,,0.010223665637056472,0.02943702529045991,-0.011861277121362649,0.020767168203495015,0.010587610730966432,0.034664838222835094,0.008407879016287768,-0.001704914762522583,-0.014346083115554104,0.006519652409426421,,,,,,,,,,,,,,,,,
2004-03-01,-0.027058696039430494,0.009657473409960874,0.00889584208244923,0.0014357865768120956,0.01781765530054014,-0.009390107357925096,0.01364914125427287,-0.012004472122862502,0.009048520600564651,0.02794177996624202,-0.015992573905882164,-0.033756507998679075,0.019422570020405948,-0.03275929535651155,0.016999539943532423,0.008573941981501078,0.005705927307603899,0.01750140129918891,-0.027994189493386265,-0.021243033212961202,0.00994909116636437,-0.028517966965150295,-0.005550578424960877,-0.022051328391365962,0.020975291804156044,0.01573119626508776,-0.025974197177683664,-0.012361561405344305,0.01982393300188603,-0.03590992666131797,0.02209623700783099,-0.015094193042826463,0.003159712582391673,-0.04094102092879263,-0.013447213259212951,0.010630333665363928,0.013303097381598168,0.015514370842346031,0.006226719861597889,-0.031070912831392135,0.007224671859134003,-0.004711382272226417,-0.04727342231117178,0.011723280145810318,0.024158045593748585,0.009652524016864542,-0.0239735354818374,-0.00740517108865632,0.009781847177984096,-0.041343157699597816,0.004970823075472191,-0.02225702442065681,-0.002913307622577174,0.0043323700059979785,-0.030158172497900333,0.011566888449791743,-0.02107409432693949,-0.027294615461933857,0.00466575170498453,-0.01551810510354566,-0.009074672229630286,0.003994238921163291,-0.01858283400275974,0.019755543783313026,0.008263865631961614,0.024353697347245715,-0.011410210963981694,0.013203429411403022,-0.02422669368905239,-0.03490811426075917,0.007185587970827523,0.016667943995429823,0.006000253421037049,0.01396622640260221,0.013968345116023946,-0.016645591887036893,-0.019294175290575213,,0.014260655252800535,-0.0035171799431724464,0.02650149736350809,-0.015502555009178763,0.009410402680873113,,,-0.035880488733781975,,0.035359741324316116,,,-0.0084056691101458,0.04983912128067518,0.02447115096742509,,,,,0.020684296177440123,0.008487315826880499,-0.004285962225155262,0.018962339282426702,-0.04455783609200504,0.013161451243402405,-0.015804619319821068,0.007240572346536641,-0.024832197953686356,-0.0066372017844035045,,,,,,,,,,,,,,,,,
2004-06-01,-0.029437533018394548,-0.029006375725104023,0.03074764494914132,-0.012095412337455686,0.00745427320196004,-0.011244225375575765,0.0360783461281563,-0.016359922603750948,0.012900492871495807,0.013989831920372293,-0.020730293946207526,-0.04703456454441033,0.030106439762013035,-0.043341849519531524,0.010682219922142973,-0.001198351684134029,-0.017741658076636455,0.0017025878727808144,-0.005900206782846116,-0.030097109658323525,0.0051929999794737836,-0.06268055898555508,-0.008363966237256961,-0.03469818020706849,0.008070626640267505,-0.0044521310215221805,-0.014867867525747577,-0.019340653817060707,0.015111109502314422,-0.02307399040327034,0.007950440285583817,-0.015267798061123859,-0.011943259225437899,-0.04246523703855768,-0.016910706746138926,0.009323014105855659,-0.008224721955996975,0.026456757387811298,0.008652948230688278,-0.04533564653601875,0.007895255819180776,-0.018022886059752198,-0.016417586670350263,0.0178583669612611,0.018017648651532065,0.016463730016164788,-0.01691353176293959,-0.015327163099854869,-0.003894371197848667,-0.042506466359708096,,-0.010472894457211368,-0.0001650916067083996,-0.004390270143811226,-0.0077099903628642255,0.007304656444311305,-0.013304802505490147,-0.03150229508618124,-0.021582044909216093,-0.03807422945395729,0.004538488196092744,-0.013720607449447784,-0.019542062532654673,0.024102670543499096,-0.01801106980408103,0.02057594370568981,-0.01730381778691174,0.00845490391333762,-0.020092401474303488,-0.046911184618471144,-0.012801868673848778,0.01647431172380505,-0.000782931113411443,-0.0011804176900132033,-0.0039375911798636585,-0.018592207259751733,-0.027823037243080235,,0.01231016742703156,0.01523156955529873,0.0330837936725851,-0.021185804048650073,-0.002443910368833514,,,-0.010080255321397016,,0.02729071863427984,,,-0.016242664866469553,0.051932593546474316,0.007695910371578269,,,,,0.020161811640050993,0.011858496623939707,-0.013273182881311017,0.021374066946709878,-0.056734768780986,0.017349286388499408,0.011828614053281353,0.0013464712566094283,-0.03460419078418389,0.004789326145613025,,,,,,,,,,,,,,,,,
2004-09-01,0.015393427468514824,-0.005794409768946687,0.027549799912245022,-0.017432882135576623,-0.0076666536892125315,-0.013163640116387482,0.04299916596132866,-0.017417911410228668,0.011433389764439996,0.03218948805340796,-0.004335126549282864,-0.027185947308725245,0.030783659192247695,-0.028296717009915234,0.0035045938497897467,0.003989828034961295,-0.010966128196062574,0.022146634968433766,0.0069000837305138,0.018865832383941013,0.0195571417740567,-0.044592476334556465,-0.013373234063714358,-0.019955453842586558,0.016309135343262764,-0.007818305224893357,-0.013346002812297244,0.009596163022346537,0.013715032681365955,-0.024658781302238295,0.006098625630017107,0.04308851086027734,-0.010161477649538477,-0.03359434597635804,-0.01937568777734312,-0.0031698326250191988,-0.002505694243517837,0.026370355756276064,0.005489482699373508,-0.03195958556465118,0.003227986111154411,-0.0049681085410803625,-0.00019293745552094934,0.028692170163237836,0.030319832751442514,0.02322574118887923,-0.018932522804495908,-0.013152066061819194,-0.003608050675088037,-0.025578580249795882,,-0.002242556820152912,0.007161638201590227,-0.0032373560806474326,0.01779605155524271,0.02135012133838419,-0.005699002618221206,-0.01199015873160835,-0.02725107888073965,-0.025711393960730557,-0.005342023361381232,-0.018041640525173524,-0.01913814601189924,0.030475918888581775,0.010575292595670307,0.031140115196588356,-0.008768492130741792,0.023892227751004243,-0.015843358638397514,-0.013179466408229833,0.0005936494485465452,0.018800912361903725,-0.00208490215825424,0.02701416150231633,0.011169079578776015,-0.011971478228688102,-0.010426742452403923,,0.01859828883756666,0.006645547574424873,0.032799422011442314,-0.01757396730391866,0.0002104816345168069,,,0.008673532712593374,,0.02523904588458786,,,-0.024924953253989895,0.040806059207670727,0.018673297247134023,,,,,0.02775768359583652,0.02325909222384917,-0.002600885018909721,0.020999156227360975,-0.01286819651985549,0.03995238582841057,0.032659839991724005,0.0021830135140495006,-0.02588031882413901,0.01969926745422159,,0.05881509489581467,,,,,,,,,,,,,,,
2004-12-01,0.007208194340902451,0.05609264671157982,0.037387004667796264,-0.010588726451389594,-0.0021671254534369353,-0.01439561932438818,0.037475642788162095,-0.017274870151547723,0.026271614340576087,0.04118636953907097,-0.008492371952633582,-0.0332096635041879,0.02581990750017189,-0.011101926685218706,-0.01386205960845285,0.0055192348687424795,-0.029380203679688827,0.029848895149901328,0.004036677047190536,0.02522620707327063,0.01360497235101931,-0.005043629510107993,-0.01759886658426305,-0.025171605333873907,0.013772962725101163,0.0007976700947044324,-0.0064493567641203285,-0.007297571992312008,0.01979334573387019,-0.018355239069245067,0.013823063065807613,0.035801689522914404,-0.011357222965477977,-0.03700338183606808,-0.0056870450465776635,-0.0011240090780935954,-0.004605845561638056,0.018312133192358856,0.017496615910339738,-0.029067630556417035,0.000524461557117358,-0.005561864711830311,-0.03789441613942624,0.022012538916567594,0.023093028571494457,0.027194527010238962,-0.01710527693564223,-0.019604271305351056,0.0036692504702148486,-0.020446218402455574,,0.007398797480184968,0.007487152250830845,-0.006598944052620337,0.018749126107232904,0.011520833628241077,-0.0007612844981825142,-0.01831349011695793,-0.021444783508069575,-0.024170616406455004,-0.0308076881474681,-0.005669978077743624,-0.013240291898709037,0.017463344200703265,0.0020461906937177757,0.02735291612664982,0.011304381531427434,0.02846083247261672,-0.009185775600268032,0.013615288910205327,-0.003525983077165184,0.02519791908657919,0.005014909763611284,0.030709511266476683,0.01892309629478866,-0.015904456986327684,-0.01513900754225252,,0.023317027368277548,0.013354278081296128,0.02842903256792145,0.0020615824123977433,-0.0009055781614392137,,,0.030146006737243863,,0.04494662386271211,,,0.008562728426301139,0.05217161037427741,0.025639683272822483,,,,,0.029993157276803295,0.013688032301185617,-0.0013308551601509142,0.023990901429448895,-0.03718674784290424,0.05085833354764766,0.042845384263739336,0.009130888752520027,-0.03227205576632648,-0.013677286898890575,,0.07348307504881531,0.01922991579352586,,,,,,,,,,,,,,
2005-03-01,0.002887281372806301,-0.0011246093922269958,0.04516724637599185,0.0014006730997625186,0.011295352721069418,-0.01347148979569966,0.045900230304540976,-0.025857547183041327,0.021862229780095083,0.04240512377532503,-0.009535336734303379,-0.012782943382935157,0.03475732044713252,-0.016798375598400868,-0.012259837750355605,0.004677818082968619,-0.005110054175669709,0.02669818782861917,-0.0063606937096151875,0.020857302672930015,0.02759176837395514,0.004954462665270092,-0.005739606520882829,-0.006471199004597667,0.017326775729791966,0.0002363271019073647,-0.012204843134288658,-0.0002010867106386728,0.011615459894441082,-0.01059042078062697,0.012093933067844752,0.009385508443297394,-0.008671995757664717,-0.01528040082834229,-0.004727249808850615,0.003549312983472423,-0.008935783767259158,0.006724913684635552,0.00020286589454811857,-0.022731071652572904,0.004373563136484939,0.008469673052758663,-0.019797450150529135,0.03265377265626931,0.01668662350321219,0.0011271876221057068,-0.018044396826436205,0.002589545200474404,-0.004795502041707605,-0.012533037277439167,,0.021828611406553754,0.00753808330001965,0.00030256568813037573,0.02809582951386025,0.005383829841391666,-0.014339970730012903,-0.02107860302069493,-0.028794189061525522,-0.02508395326012003,-0.00794862767638141,0.00014422025990924552,-0.010818817127749574,0.023104813108226926,0.0024068432935397273,0.02930347836949686,0.009768770095727373,0.020819823107092867,-0.010087489516838006,0.031999663471170725,0.0040623715693045,0.030295156463533247,0.025393101784744968,0.03433986090482963,0.01598209029561682,-0.005708550975670185,-0.02476204328161796,,0.026706190739378872,0.01722865220259437,0.03131720186925929,0.0064784678209086795,0.005553080626521389,,,0.024669402774996674,,0.03527200165589408,,,-0.0009031321259115734,0.055486087912447885,0.03067827607343661,,,,,0.030648681483698904,0.026278807712310854,0.0007259872673725344,0.022543019116268485,-0.006814182933346323,0.041528139517034594,0.036419769563112554,0.01867634939580681,-0.017816816004512195,0.00010526572032327643,,0.06712564637907419,0.019631685649654843,,,,,,,,,,,,,,
2005-06-01,-0.0015935185086522075,0.013445722510162716,0.043821009833936414,-0.004884682207004009,0.011134360262432174,0.0003487545744709847,0.0547928417206044,-0.03069298932489727,0.03645325436827162,0.04771308898224313,-0.009538807424039904,-0.006497777766990262,0.04182348455637406,-0.0040380408485054834,0.014172817509694324,-0.002209258653215051,0.005570814409505925,0.03055794927323565,0.0035504851692166146,0.027037981001445832,0.01825997186704053,0.001928859561048915,-0.004236099142969331,-0.023095759428318558,0.02053668773380438,0.0019367984268118124,-0.004470781713317645,-0.016207180420743202,0.022068360686166508,-0.0012698438723593056,0.011219183577263966,0.04155059745989236,-0.0024057252394600053,-0.030654848388438363,-0.015426917885148168,0.010436217579435804,-0.002741479572021487,0.015141472710771438,0.009872558013230365,-0.024007876846293085,0.002624151101822534,0.004394438356472191,-0.001583410597416946,0.027327062765375606,0.021871784703246994,-0.00023585551386734322,-0.016038981333540522,-0.0161218605197163,-0.0036081824381867865,-0.01246139303742333,,0.028670555156860535,0.007027353475310385,0.003597015070969027,0.02039359282517764,0.013617472566763157,0.006267231685808549,0.002340738182803833,-0.028397366588940338,-0.022219659080910996,-0.01013882085985506,-0.0033402698198731723,-0.004716294519824441,0.01847734653553643,0.0027948051414192136,0.04230294207719104,0.006938398502527325,0.022014757537984132,-0.0031574582551058107,0.03128110692744026,-0.011088847766939485,0.022903432519298828,0.016492941413019668,0.031184175651520235,0.005650673308417863,-0.000766062515086841,-0.021796076765226068,,0.04030910268061718,0.011741814611458646,0.040047272639695104,-0.006316486356647534,0.002588310176696895,,,0.03465233296528639,,0.035774954545075885,,,-0.02201364830010796,0.0587742987630087,0.0238286076802664,,,,,0.026612272061362168,0.02855511689657535,0.003018592931935125,0.03771035807761138,0.005836985416408683,0.03654300672620736,0.030834480405404516,0.004939170496985673,-0.018737064451680652,0.026022539785343236,,0.0603457001955798,0.02854794028977985,0.013783413163041307,,,,,,,,,,,,,
2005-09-01,0.02126178868816429,0.013114793608266166,0.05338795138090666,-0.01046852905577018,0.017980416732760386,-0.005381802424593625,0.04879654085659828,-0.01866499588832592,0.0423452947663587,0.03919336449339507,-0.011766463408074272,-0.0004040304713969931,0.042315531443590106,-0.012693610047428588,0.02415744831176926,0.01029794174183361,0.030732847505600732,0.03449910758745804,0.0022685166099731457,0.02360972396417794,0.019058752935906365,7.154306596951814e-05,0.010642903046910832,-0.021447731861137766,0.02644429688945425,0.019671027125585872,0.0013468526542704511,-0.02283536964663284,0.023674983557306732,-0.0006686449088941173,0.01450680426247206,0.0414836008772,-0.002415249415992769,-0.01856465271068586,-0.017699687058161048,0.017461625845992215,-0.013048114795349054,0.024979613248606487,0.020824552205911683,-0.025663090743582494,0.009845537917680941,0.015527619788606593,0.004530664661485947,0.028691370570517283,0.03410557587260271,-0.013627169025499528,-0.00851903620907751,-0.0028956337615929956,0.020709188862923437,-0.0135437827574697,,0.030884934881724776,0.013403195819066835,0.005349039030499524,0.034280611127155185,0.017996892394082278,0.01500137863980288,-0.015981141233064898,-0.013574778424836485,-0.02310835178606641,-0.0003046114503629444,-0.0008513253176991825,-0.005800776738778876,0.021203637943290977,0.01002032241961097,0.03566383683068883,0.009058326069005201,0.038096108594681426,0.0007544242065581153,0.02894701047612164,0.00035151041977243976,0.048296847526076395,0.026496650740430793,0.032165882998500095,0.017196746199541237,0.0048026573213733135,-0.014350176079418577,,0.05051186080363542,-0.012293568960015527,0.04616509538511785,0.019858082067881554,0.018604519565683226,,,0.04683655918112584,,0.05189597061461803,,,-0.023950078457634798,0.05649860611492827,0.05461579145681233,,,,,0.0406663573580351,0.037727711509912554,0.0031923178660993603,0.03378558078284761,0.01787475816724419,0.05165061129756417,0.05484828837450508,0.005015657562128973,-0.01941358737450248,0.028081505660881433,,0.0739347673625266,0.025997990046716386,0.013757763793772209,,,,,,,,,,,,,
2005-12-01,-0.021975290414615052,0.04337133535060497,0.05344402110458854,-0.0037792539773316446,0.012022869511712962,-0.013661594994498372,0.046398807788166255,-0.01939068023835833,0.013651809522780804,0.03209035439269425,-0.016687585773157324,-0.013274617990911577,0.03765563197867838,-0.00981787652007031,0.013759970735994333,0.0003784296138238589,0.032019252300385576,0.0391639678243724,0.005569224352672132,0.014058596798918578,0.0050179610619976054,-0.0024249972700057555,-0.003962993832314254,-0.034012844619164095,0.013135360634152174,0.0061868120509668825,-0.012024951382544856,-0.019480424038052634,0.021354580205084586,-0.003913675516333901,0.00919113727193942,0.01301842387452138,-0.005071510060388474,-0.019991808213207146,-0.01692564626784379,0.014344884807837657,-0.013867769551921339,0.005339703795578738,0.01707381450095481,-0.022052279633912302,-0.002313828176375861,0.012872615571049606,0.03010229528447335,0.006390576017594981,0.035068930052825825,0.015275203144979196,-0.005729608829882565,-0.005815967671602853,0.027671513212173718,-0.018358541619970935,,0.010131749143339147,0.01009419823907155,0.00675871642148017,0.03542527891861187,0.02027031402105764,0.00953837342184078,-0.029516410304831174,-0.007327879829661393,-0.018899695672706572,-0.019637255691267362,0.0004398234613033099,-0.009687926297941853,0.016492671200567827,0.01671168907186023,0.0487107968010147,0.010276365884724432,0.03998499426193135,0.00443184042425582,0.017609584592465782,-0.0029886202338919787,0.03033895313541014,0.017430275908663494,0.012636039509740283,0.01339231794614309,-0.010190720448326989,-0.007668430039232415,,0.04533923784991409,-0.0004225290132386808,0.03605489763644247,0.017138712700817425,0.019888649453454917,,,0.028284095763349587,,0.046108257138493335,,,-0.0094027492544415,0.057651152175183594,0.037031312816854525,,,,,0.024316309114905482,0.040757628256814525,-0.0062442565695261494,0.011913379806275414,0.017604572637955798,0.04993213921429554,0.017681515317240278,0.00785093038892973,-0.025029967322963732,0.015307087602798303,,0.07065610575363118,0.02117992430295016,0.015927139226611237,,,,,,,,,,,,,
2006-03-01,-0.01005743916336021,0.007906129271226815,0.055848419344785176,0.0064778826182241974,0.010189327398433527,-0.01717274546596013,0.046806500101161636,-0.025990385752838463,0.025312099489911116,0.042584754660426265,-0.013239168176328774,0.02488601148446186,0.046554467915961704,-0.021635089423602535,0.021011143962162575,0.010020304348762143,0.02127425428845757,0.04360161607781281,-0.0010115252560473254,0.032189475134912916,0.031406603850663926,-0.012914249377563924,-0.0019293768469832403,-0.018838118875018232,0.023128124039232197,0.015686512634650235,-0.012042152980063437,-0.016525272079430425,0.017585433049597587,0.0029531157680583345,0.00355247778427123,-0.0015778130972692792,0.0042306197046853644,-0.016971847831880958,-0.006937656430463311,0.02345639218647074,0.006370817045071878,-0.012700326420433663,0.021954557308930735,-0.018700355469785837,0.00524979752056624,0.014331215612824908,-0.008624723096374647,0.015207359523678571,0.011558215414394831,8.543948506801418e-05,-0.004676848352385933,-0.007333754679296343,0.028322508056278856,-0.013696678386934169,,-0.0011967830695170214,0.013579176754504187,0.005992397612782907,0.021532530091972996,0.02272862669904274,0.012691250914914496,-0.027045597026964754,0.004339475031511,-0.02601903796189147,-0.005584475604842297,0.007934162374506297,-0.02054644711655476,0.0008402499182388708,0.014170356185583351,0.05080213671500478,0.00989480942833942,0.013725715296886364,0.020029731136677408,0.027935949107510048,0.010016479828258137,0.026605435574196576,0.017180420815966425,0.029662236304896138,0.01908700527821646,0.00030541196530924737,-0.009761787415963164,,0.0332464490868352,-0.02464654242573528,0.03238938752887219,0.022734284965380484,0.033335408305277286,,,0.043138707607460886,,0.04403402175931346,,,-0.018542298991135173,0.06450754323497473,0.038104290645255154,,,,,0.040846804720778854,0.044234056197369254,5.050026191124903e-05,0.012135972048647666,0.023732844577646878,0.05784305495290076,0.02165715148732451,0.01458286353081039,-0.024945925272510713,-0.012514754367220448,,0.07252521328659343,0.034044936825274874,-0.0009364834432276716,,,,,,,,,,,,,
2006-06-01,-0.008691835959432277,-0.0083412642810966,0.04095472031070605,-0.008915848778488611,0.007615193663033993,-0.003017957514319002,0.03594612048123552,-0.0194592197859358,0.016769563809106724,0.03430129660892289,-0.014636179500252935,0.010465327638209156,0.04016701089421691,-0.016687844536840125,0.014185943718377725,-0.0029236466535493446,0.008175899645838362,0.03815556563066066,0.003532562931131036,0.0299779017685382,0.02300448508645881,-0.0019894085616448025,-0.003254344338497643,-0.018336372747160146,0.0027246070533069066,0.006101154260245809,-0.01835883773370429,-0.01375501826750073,0.0010948839051363258,-0.00012636270443597692,-0.00361914993262356,0.006670909846082169,-0.0039857217129005505,-0.02094297714551295,-0.0009692252066790464,0.012099557450478046,-0.0006128701898692947,5.60777748689574e-05,0.027470353641895706,-0.01825701781283784,-0.0010925028304624466,-0.006281632935044422,0.040589345033288704,0.004949474213076013,0.01926370907630614,0.011683399787458054,-0.008098499806022468,-0.017216672030213556,0.007026227996573503,-0.016291532321475056,,0.018227902195771698,-0.001588909537412479,0.0024368801222011092,0.010140338928978771,0.021743960982880835,-0.0047930163132703495,-0.022073618709641245,-0.012563142645689121,-0.011840752548940271,-0.024470022236330605,0.0024720094179873833,-0.021153134159797592,0.012374593620397351,0.006317991809987516,0.023781765724296456,0.004587409369725531,0.015647242310954906,-0.01731041222711345,-0.004459344248985311,0.002951340821627683,0.009633214017144969,0.004177787527663265,0.0068260423365305795,0.014817351194606738,-0.012187034992545642,-0.01664238817511622,,0.04010889121480628,-0.015330680062010412,0.0367195362188879,-0.013477025452194653,0.006082461547880185,,,0.012594546484861583,,0.0354167954245414,,,0.010798974284586876,0.05319815681727809,0.015994004533885765,,,,,0.035080149733832375,0.031719082173589326,-0.02501424056015294,-0.0011549593487668389,-0.007462615723319795,0.030784327973462988,0.025075200253002927,-0.0076366721653269715,-0.022217588928649758,5.718051088124112e-05,0.029191450339388497,0.06423561046016282,0.029866726253814556,-0.012023644115992209,,0.02991038351003522,,,,,,,,,,,
2006-09-01,0.03544106647200217,0.011890042242476402,0.058295112665911496,-0.002244439508923222,0.00878541215665657,-0.0027908842917688114,0.04557229090363608,-0.02510632602686526,0.009761696067263778,0.03852078404858982,-0.012919963703480513,0.007095467678322103,0.035146425534332386,-0.03419225503756733,0.007246835627457931,-0.003896530610343971,0.005633398552915581,0.022362964310945678,0.007018870520271908,0.028362430093367474,0.017032793997657957,-0.004738593200456314,-0.0022396079135933913,-0.010142994184881002,0.00607675236789086,0.009190862956127178,-0.014276705776100072,-0.01629674353014476,-0.008149866888648107,0.0034646926898898693,-0.009291643232947682,0.03383834951261557,-0.003339945208330973,-0.016200727119605563,-0.0004347178815656207,0.012621172083481185,-0.00840554421588793,0.0009583958366101361,0.011519429834349419,-0.003817316562724537,0.0082279439995744,-0.0045771242974865555,0.038322204388091155,0.007182770029615808,0.02503825749391563,0.005596970998943649,-0.004753200625941953,-0.023094952121012716,0.02395043933799049,-0.014531212634930155,,0.01079566663016613,0.0037224848818134793,0.003140352214417268,0.0014381606039393013,0.022793591349060956,0.00042653304241041393,-0.0242069873444084,0.004648335309229546,-0.029510559961387687,-0.025297252232670833,0.007317322923515374,-0.021425039167865804,0.020206776613668893,0.00023123117783929937,0.03917826251509001,-0.0025951374359577373,0.02871015888107675,0.0012601958010670634,-0.006392098436236875,0.0019586400858083598,0.0138407920582392,0.006200068307607987,0.017486948259502394,0.014549000317816746,-0.011377177647138859,-0.010949430267333417,,0.03537423888919677,-0.00961851419735294,0.02877336333683275,-0.00349494016890233,0.010994130508431166,,,0.014789328919804614,,0.041951747083820747,,,-0.012493749688504942,0.05252348218122456,0.0034007863874852785,,,,,0.030568786445229222,0.03319404555080316,-0.02839843394406385,-0.009896225242504619,-0.0020343612542229783,0.03572803926426673,0.002659973001841783,-0.0008426284681877365,-0.027691269144692686,0.004220264279901632,0.015430456073621318,0.064135251181925,0.01438816823962672,-0.019018976562854357,,0.022454160982808023,,,,,,,,,,,
2006-12-01,0.03609613811933287,-0.004084183398608916,0.06348675074744124,0.006851400365088804,0.023887639466749523,-0.0044432181158992655,0.05857664794345031,-0.021717144426706105,0.028436124992699607,0.04600881790025423,-0.013233830642138044,-0.005451764948370433,0.03317924771149824,-0.015421027573851342,0.028968561535866372,-0.006932885015458129,0.012429805965761116,0.0404094055364268,-0.0009397979459679658,0.025354464865818577,0.026522336148304196,0.004467980739645684,0.004545177204019437,-0.006774328224366221,0.01665817282175329,0.01629544498033762,-0.008302425392717238,-0.010362952139587515,0.009492996917508354,0.0049712770593215725,-0.008716259703086706,0.0266580747659917,-0.002276416293377886,-0.018427033779969,0.005497983572256536,0.025648919917421357,0.00321631349387376,-0.0058098087227343945,0.011706992507348411,-0.0014369678608655884,0.011084241817264782,0.006389499824087663,0.03807198666923443,0.015728230199032963,0.03711197638027158,0.005458305019774195,-0.00947566816190179,-0.01227296651095085,0.03630157331738848,-0.018818626543936016,,0.024554484718390866,0.010970065173493282,0.007215088134942188,0.016416757628723796,0.01894902413073963,0.005818652244705996,-0.028996664927135613,0.028772224105654765,-0.017118790606081836,-0.020639631203672827,0.004341290903323908,-0.011089984694547942,0.01599935887520064,0.005188662558908743,0.03964181238249443,0.010522554080025455,0.029815367067970912,0.0017272414766486615,0.009973008520048824,0.002722360153384059,0.03224129097801285,0.020362801107863118,0.0364700574511571,0.02036831302933192,-0.009974760951289054,-0.004799819162726623,,0.031422281837765166,-0.011480522012393007,0.03410010999677961,0.005652522636125431,0.0468235867799687,,,0.01588210672471755,,0.05842286898604201,,,-0.010886312514299714,0.06449653385457137,0.025394860741377222,,,,,0.053790313171501236,0.03432760997973774,-0.021055381165857524,0.01919479699244313,0.025304026883559833,0.05696832049983555,0.0029629699786444014,0.003192115510571172,-0.023052900377395026,-0.012212097329389318,0.04816729491856735,0.0674639456485235,0.02963552852710535,-0.004492281289761092,0.018562268098553644,0.04660369869637945,,,,,,,,,,,
2007-03-01,0.030027465176236015,0.0017040003338723538,0.055580450054940334,-0.00829789916573445,0.019093114032159797,0.005719064640855798,0.05547388181407306,-0.011448107762947978,0.035040666750970485,0.04845345508979397,-0.011232300090620586,0.0027926822271476465,0.03408313307901477,-0.0017975524526012165,0.03760782787497063,0.0022299411877638982,0.014010835659628669,0.04343278797225634,-0.014409545569395969,0.025687193164933814,0.022058390491054833,-0.009203693828996643,0.00234973891961955,0.0037612494674570383,0.0184965573021172,0.015187853968304348,-0.013826346579492405,-0.01931115276445229,0.01962518661815834,0.0026561554444582826,0.0036630630782944675,0.036764202463088785,-0.0004685031075181702,-0.013712103847560674,-0.000706686609259461,0.021909954578913187,-0.018738171777374274,0.009750783898822174,0.01635390817934,-0.008649093434943704,0.009692300199932235,0.001972650794220972,-0.0014164664797486088,0.028502508733163207,0.016734905141778108,0.02814743951834423,-0.00512535380945509,-0.011939781528138516,0.024184078045437457,-0.008466009167175345,,-0.0064394326500128276,0.0104683855477477,0.004419158177294733,5.161143188567377e-05,0.008646216291228786,0.0038985067766559834,-0.02281419554051326,0.007789153952189018,-0.0176994545528111,-0.015835054360606043,0.005162808248382803,-0.012459863290506856,0.014861771022339204,0.007279666150967743,0.04128104401751982,-0.006088953229638654,0.03325404544924279,-0.0006257165873804352,0.01791582557427425,0.0017842327509303801,0.03992266286161162,0.01601776038728532,0.003288759639226062,0.025774733731271246,-0.0036677233298205787,-0.007192638499043507,,0.02170260872500995,-0.02542659678108739,0.04130789057361584,0.0003638038451950187,0.022129303873681568,,,0.018715760962787258,,0.06741983203687141,,,-0.0016567930050625903,0.06368198061588196,0.014711708267087393,,,,,0.055409150990191544,0.04741483338946858,-0.019198979783355427,0.029762606265703314,0.043050035762029995,0.04019752350510606,,-0.00040009461614982667,-0.024964483981209002,-0.010763594003074105,0.05001725638814402,0.05018267856233522,0.03116006073296616,-0.00930958715041701,0.023240232219490863,0.04194519977854629,,,,,,,,,,,
2007-06-01,0.022626685610472957,0.017521827860375094,0.06325467217753775,-0.00770791565650402,0.016423049420465206,0.026259971570270126,0.05724221509999909,-0.011479231745712965,0.031014861000064276,0.04063944315532555,-0.010539572703719286,0.018200371637511936,0.04594935313158779,0.020918737147197376,0.02649189175084584,0.0025794872953380137,0.017913080239579205,0.030727374159523282,0.0010353234561671415,0.03881411336287774,0.0036986856698090036,0.003610632071679375,0.010299300981763624,-0.005223049666434547,0.010068769471121205,0.008544409903927314,-0.0007709192112592386,-0.01685532313638064,0.017540766831526597,0.015173788478158983,0.012919927546518382,0.045009316534337075,-0.0014742238212076414,-0.014066716256954825,-0.0020619724476492445,0.03131597823615491,,0.024964013478913864,0.003304463637718066,-0.005513134317138488,0.007044173257084892,-0.013187535661184736,-0.00932218079293704,0.02934237091636341,0.012931590333190062,-0.003921427495623806,0.0026448359882126115,-0.011797598833235709,0.044285353665991616,0.004829582895153966,,0.011817340042682463,0.00932295474198343,0.007770225803458425,0.002764317942847421,-0.003723558807722821,0.012646223482920629,-0.01930937940573299,0.02243738289955571,-0.011964277378467397,-0.011240341204104307,0.0037041271673611416,0.01477913096486525,0.02053204606156679,0.006540295485521842,0.042860308669719516,-0.002503695849550428,0.03414340000400507,-0.003417338070621396,0.02683821469641912,-0.0005401123811910309,0.03231323416132183,0.030261578370102273,-0.011799002733080717,0.020655218497536137,-0.005336458489087307,-0.010411413997494956,,0.04108431500622331,-0.006464421257154475,0.0539482862425677,0.0023765753567319132,0.013727251428361986,,,0.008667714424612973,,0.050872793013017656,,,-0.0017291259602838977,0.0669174458453586,0.028789153527282712,,,,,0.051747999763318,0.022677968664250807,-0.01662262864709412,0.02356478604448732,0.025318417691491873,0.04705310827076986,0.028884281142910247,-0.006336415903940756,-0.016575807867122743,0.012579240096330371,0.025393167650768,0.05428651683264405,0.027720624381641516,0.010334515917573013,0.03447849640294775,0.03913263409353745,0.015355118859011111,,,,,,,,,,
2007-09-01,0.03566180801699293,0.05649801177166772,0.06325367662210553,-0.011883865866430931,0.01812711085582606,0.013639188087162657,0.05715297531706002,-0.010079459445072209,0.0357055074235683,0.04863086966691687,-0.003083869168337436,0.017749598640451565,0.0626352057022649,0.01775814387235475,0.03757049558184906,0.004648885961031092,0.016828696242722842,0.022264383130279716,-0.007038913485476089,0.044727194534260876,0.00947098545219052,-0.011438937752842063,0.01752877358521344,0.0016570094074803477,0.017248276008509967,0.009756311495336607,0.006326883167940994,-0.009651437002899253,0.01995554252997682,0.01736179817289183,0.01830579792308266,0.015015842179782232,0.007835795727196903,-0.01457259484337498,-0.004047730939321146,0.034834372139407765,,0.011420550099970799,0.0061217061273716135,0.008582233816098885,0.003980268039876351,-0.004403208938016031,-0.012264177445054768,0.01939046679147268,0.01220799091697316,0.0067171880534661575,0.006518742095732701,-0.005141748493062636,0.03620201608573061,0.004470285026395371,,0.0176363428702055,0.01380135874573991,0.01798208610009548,0.01549833096821209,-0.007537312765155909,0.013628912256568943,-0.022436687028479875,0.009099848317673997,-0.008819584803664023,-0.0017522064598552466,0.03156563364514829,0.017162965643377857,0.03648562144378362,0.01792896538262105,0.0506253899844957,0.0028379949714744577,0.05193335169721294,0.0021678475012755724,0.03055572283808672,-0.0010034194853336775,0.03437726388303201,0.016385376531418243,0.02973753092704758,0.009769398330676355,0.0033826110636521398,0.0015690429294066299,,0.029460862829531854,-0.006364985713530989,0.06559101757757757,0.00911065557173958,0.01113289460646848,,,0.0150843187983246,,0.047010850698515814,,,0.0013714408326698313,0.0757602716238151,0.025301673538558906,,,,,0.044435310219767855,0.015143119354467736,-0.025780818885684207,0.028954645902196388,0.02032949491490586,0.02752078159029074,0.023520845107907428,-0.0020379482828536367,-0.017089923336055336,0.02324305578114202,0.0307389097746569,0.06976399956856719,0.01935887509777175,0.0059073321154686055,0.040954451069135964,0.036683861054808316,0.04884113656883149,,,,,,,,,,
2007-12-01,0.0402079988758329,0.06464406708462712,0.0753816586346982,-0.012633992697596458,0.016183341570831598,0.005147340871919272,0.04591692433162693,-0.00841801824462398,0.05323325663406477,0.051018269861649194,-0.01060595085620122,0.011451378157445555,0.060318740688008084,0.04893088200979529,0.02295742539547327,0.0011159154720412011,-0.022429083464986198,0.0014339433388018564,-0.020858268162398906,0.05436647580494501,0.008299820360646464,-0.0009271562302836085,0.012745486545163227,-0.005457017556872046,0.012438044422401217,0.013096761392553278,-0.009002244335797117,-0.0043688927080856475,0.011311632863111359,0.014064204703330857,0.002393602202099889,0.005032049096515469,0.0021271421443631398,-0.023704408305525428,-0.0027310665923752785,-0.0015609114333323335,,-0.0021889093150890483,0.000440406505815313,0.003289333571412172,0.00085956058093943,-0.016838057690257764,-0.01585238083088107,0.011667987147351651,0.012359857871835057,0.0024625043510517336,0.0027675907820754195,-0.018137511995972886,0.04747703953878484,-0.002529356600949454,,0.006899332550854314,0.008743341987101751,0.007918382826635031,0.0032875421449414994,-0.014108409216559231,-0.001640975992936548,-0.019087045022780188,0.009619367139081198,-0.013453758656445275,-0.010170545662072168,0.014281639940559998,-0.007466145209966206,0.028625437877037693,0.019822403665416814,0.0461118366549923,0.00479503437245683,0.02697602598154778,0.003376798212840799,0.017464108643869,0.005648978435498714,0.012064782872599733,0.007292842585474841,0.032202967906297605,0.021646541577309192,-0.004376906144591911,-0.010366499401959996,,0.02400541383952207,-0.013045149336293109,0.03889807387881716,0.016286893996081683,0.01412709667508329,,,0.018652837900135427,,0.06956842657962548,,,0.007452268985047636,0.05828886149690449,0.03389551222540333,,,,,0.06001245829643242,0.007884965008478514,-0.025802436656175178,0.014311013213810812,0.03070897472678767,0.05278902384703664,,-0.010970085599016017,-0.016128198837333477,0.029167391471497814,0.021681500354498316,0.0295284991620853,0.030233471329767496,0.02160091027680916,0.028021251814181792,0.027530226348953295,0.015461885474272774,0.033378319411900656,,,,,,,,,
2008-03-01,0.026168251318681696,0.0626225644185925,0.04555981164638189,-0.0030876058112372456,0.019921577167424546,0.02038314111622303,0.06481515251744457,0.002083467000274798,0.05956925767579626,0.04888254137309266,-0.00465096294683459,0.03808818763073129,0.0701777746427511,-0.011437821940304484,0.027293192524083184,0.003146217581952614,0.021175364061706548,0.010545597146486507,-0.024343140417174173,0.028004687185302534,-0.0005416823828178602,-0.030634674171797507,0.022464687642868953,0.012980785808540347,0.016758345870848408,0.011769041043176973,-0.012387713500049831,-0.0029810506367930136,0.026764029972101838,0.018961036193662108,0.021676618083871103,0.010061967916036531,0.012305706834606394,-0.00559280507776223,0.004680210695075292,0.008397667561174464,,0.009804018970109829,0.010275479671040517,0.006674468047566171,0.012212947339931845,0.044689423571467296,-0.027695516375001145,0.0027898928327085635,6.45604461000255e-05,0.007249816811007801,0.009242632389505392,0.005635665184441629,0.027973765585610745,0.018867974263060878,,0.0015324652631435887,0.0027040310193372787,0.013027472760545257,0.03932756360161615,-0.005893274371437178,0.004032230603334197,-0.01027837607727914,0.01597402426865327,-0.016362635018143428,-0.005550167107224657,0.031440942548061304,0.013815144336553597,0.031208172863808756,0.020920146000060792,0.05125121523147819,0.013152735623669747,0.04881186230734394,0.014709706430291593,0.03363565274150835,-0.0037972256169031176,0.02598855362957684,0.017361849947311256,0.008655119588699793,0.013937445364855756,-0.019548408826945623,0.0008677900675038161,,0.035518261733935075,-0.016218161003557576,0.05054292908718619,0.013075589101788836,0.04667550311987114,,,0.03054961832732312,,0.07719929885680776,,,0.018681843130337824,0.06235340325552012,0.03553644703030969,,,,,0.0715547993201595,0.024666444679315426,-0.024487169918486772,0.03185826114314359,0.06771926065306348,0.0523954794733346,,-0.003879464523822157,-0.019545106741024963,0.015056613588012281,0.03353627008658609,0.03028755743952962,0.020607500689095448,0.038754859976536535,0.036306792638526646,0.050234911402937676,-0.0023389884760542253,0.05617479786378652,,,,,,,,,
2008-06-01,0.005846815818460962,0.03200541670736468,0.06878449423559382,-0.0030783344031312864,0.019454257426980218,-0.005085149568519343,0.05241225539211149,9.597073999256366e-05,0.05813238009121777,0.054144263900040006,-0.009019293493601753,0.031116683990634136,0.06847960513759299,-0.00019220322348502075,0.0181488460423263,0.00612923430770966,0.033256249323883706,0.026050558105688106,-0.006814453640547338,-1.0907175445671992e-05,0.012775279954420161,0.013395821003374829,0.03810578654643754,0.01578417253206944,0.0038673393828000096,0.01667686360520728,0.005959352279920641,0.013914630560970776,0.0320949066910657,0.013028110299803324,0.012580307048738144,0.01798383301993102,0.017536880677681003,-0.022961918249734047,0.014123731540618167,0.00870659968948887,,0.029690134291538658,0.0031774945352627967,0.011641965718894025,0.016468408884069145,0.05282194850706655,0.026819858195906175,0.006431849909780144,0.011962569138544576,-0.007283538571444806,0.008475069568054126,0.004545128423375149,0.02413083071130327,0.015818642536128462,,0.002953739896899223,0.0011051135596594542,0.0027846607161290606,0.025772874211432584,0.0033484559525804574,0.015251663785317018,-0.0028527931418260346,0.014442499063407914,-0.0016949404903579563,0.011463414467739817,0.023271550822191244,0.018045555117374743,0.038157877806207136,0.012525077778795985,0.04836391698592666,0.014715748329628383,0.037835000315222966,0.02237568879103982,0.03086347716163678,-0.007125921889209781,0.023284277212742246,0.030321134775928793,-0.02672117153616083,0.019110121521539503,-0.013998534988522724,0.0049268462902764334,,0.04531617782376319,-0.008936052878811454,0.05866972121763862,0.008674851605362745,0.05044055567513262,,,0.01683242906861022,,0.06187136487876083,,,0.01294371202917851,0.0770165928021381,0.04089251890018113,,,,,0.05661960780296569,0.012366709927301938,-0.01733104047141111,0.027572459108514247,0.05823774965442348,0.04724419649765511,,0.000698520864036446,-0.003987027132791643,0.016739161335847953,0.043652536242519656,0.051976598852786465,0.0304262061433873,0.03974752398566088,0.031433390880620304,0.05826013894738731,0.012336065482817581,0.06082039023116218,0.03421812369313299,,,,,,,,
2008-09-01,0.04095546347450783,0.0771522162704472,0.04705160209028342,0.009928051873190142,0.011362728886181615,-0.012430147868466664,0.07259940202715204,0.003297678040232225,0.06427900928499851,0.05185333239462481,-0.005322081158915573,0.04370476236992358,0.07975061154977126,0.03618841986994114,0.03609631204761611,0.019368780424808933,0.054638461238141464,0.0298216497230762,-0.010010849123304686,0.03351349977696755,0.007491703897637206,0.022516644172689303,0.05252505392867606,0.016881642575615287,-0.0047863855101149206,0.022610905459965122,0.01296363071903044,0.010911278681902394,0.034153871297845216,0.03592941795628221,0.0326267661838226,0.03548045194849231,0.026826025436693154,-0.008319469438193084,0.017581889633878724,0.03232982556091931,,0.036674538706405586,-0.010524735273352624,0.0222487573246938,0.011336451472927262,0.01716683945666945,0.029100458083299398,0.01941436606250844,0.029053039797864905,0.0027338390155165937,0.018435431405531662,0.034375216308831974,0.046491232302076496,0.01479027359070758,,-0.006344514604842606,0.014721528957831654,0.022455267237940238,0.03170556847586915,0.00928963317779987,0.021185527551091595,-0.014220586590586323,0.01765842816720089,-0.0005040333426313331,0.02303521284414957,0.0411296833704359,0.0386513640784503,0.03613959510175379,0.015750698956555145,0.05103066708902405,0.02710376743394973,0.04882531025474224,0.02640498824349589,0.03755033323300886,0.0007281107240959619,0.049867792658966674,0.013640276965022832,0.013482317669203854,0.008453025670384197,0.00686680705228027,0.02131851647376906,,0.03640167995289945,0.004935786088612016,0.06385769832184716,0.0011050646476411402,0.051113641255552594,,,0.022200346358042737,,0.07403182357445579,,,0.02466698310199455,0.0451553245946266,0.03784428426539266,,,,,0.05569294969530865,0.03400069668292109,-0.020513499367090734,0.014833153646910164,-0.015286139493797,0.02095615182588833,,-0.01456654471316478,-7.069933056753103e-05,0.04984753416439963,0.05918200478020131,0.03170288100887287,0.008967543717401704,0.04746455301858189,0.028780874630246055,0.06605058393563555,0.023863927417303296,0.04625020385392587,0.017202997317895843,0.021236934620784274,,,,,,,
2008-12-01,0.021085508522164616,0.01338492298653205,0.044379477241880814,0.018041377242522128,0.03437135054402972,-0.011996207423510112,0.03312051911086971,0.0033600704498809924,0.058953297422707995,0.03708562153527494,0.0036367314128457895,0.02648186070923846,0.0647002966025186,-0.000593370057546438,0.03239833347054581,0.03054598901942107,0.052230971373714595,0.03660030580975327,0.002086264878550542,0.0011276842772644788,0.00850249973260516,0.02000345530463837,0.053974771720039456,0.011310569629521655,0.018580455514131636,0.02909972199947548,0.022657905248729394,0.017658719121146717,0.049976643420342,0.0356898616972492,0.03713802176686701,0.04178111323172087,0.028421918165851236,-0.009700939928440715,0.018051143895283495,0.049391838364827564,,0.025355595148841364,-0.0025599144394083373,0.022870411962245662,0.02377660714061253,0.023468422025781963,0.0008251225111892943,0.04040441078993729,0.013313668534085886,0.001491143997237577,0.018010123462823747,-0.0010514689025121113,0.04601866985540758,0.019075726947931162,,0.029648996447835328,0.013356015069858541,0.023093593702797913,0.0377467878972306,0.01172126951234881,0.030697402415445642,-0.005312335402390693,0.02291916176890905,0.006878944117192451,0.04822306546997243,0.04596920480994971,0.043102789477039584,0.029711456846276338,0.01183473535634458,0.04473721862624117,0.0219993748408593,0.019333102111259857,0.025931443109185735,0.039636235824926494,0.02671435655887906,0.04581532269346191,0.025959503805398007,-0.020472714923135512,0.01710202456194943,0.013105632609433062,0.024553874186205825,,-0.02249866030324125,0.02061146937090563,0.0343422852474903,0.022873495966186125,0.050946651606458726,,,0.029480223791260175,,0.07586462822678047,,,0.03398689659418274,0.06484603326263773,0.05880465273324091,,,,,0.043440106796250426,0.008800522199850332,-0.017050475302908267,0.031518118844719174,0.002209211577336056,0.03416344143193403,,-0.003567595567403881,0.0050037074853566225,0.04726731645603662,0.05947591098690423,0.05688917636371798,0.03618666208036748,0.04211077282224509,0.03661745213352078,0.07015329467647605,0.020872909392781816,0.0579541721192007,0.00743271949618721,0.029510618393800134,,,,,,,
2009-03-01,-0.02523658580683383,0.0068690630396831456,,0.011115874333902816,0.03344332267157924,-0.016869754721326517,0.035175360458537655,-0.0037847114178990626,0.055097183538199285,0.0653583379661482,0.0013186422122386085,0.04160881574599232,0.0594457177496162,0.034470149930143794,0.0006594831971154354,0.0334601686536721,0.012137849927774358,0.029439084957849686,-0.0033186100990312928,-0.01864626457528232,0.004686583770475014,-0.02988069991472625,0.047452564568378576,0.0046110273328353055,0.04216867160089504,0.038067175160533144,0.02191804573105642,0.024524251491422115,0.03549451121938704,0.038532794373836395,0.037062495659804996,0.040331554489761515,0.022019054466517727,-0.0026831771003024444,0.02201176946085036,0.0390041668669595,,0.02979657654966869,0.008519869169445205,0.018550051306571128,0.023094487996915773,-0.015749299119841034,0.027519096627930846,0.04630137506004712,-0.021457209478437978,0.03492563290369182,0.00524788144215099,-0.018498288387919785,0.004687507237218851,0.008540379070922465,,0.020654512795151743,0.01699163281060559,-0.025563211383235702,0.0011824529072298959,0.00980901405375682,0.02057377936560572,-0.0006892624703499053,0.020182021923341134,0.000768200044336052,0.025754982597127895,0.02836923884869611,0.03093454890311592,0.026401799107837545,0.016803560624228015,0.04549355035135485,0.02489352532958252,0.029453186870590297,0.02089567983504227,0.0520894702468394,-0.013059572218325969,0.052577220998863895,0.028032714251452095,-0.02618339674633033,0.03128457421967475,0.00045003282691462494,0.025655475618643633,,0.01530291041579693,0.017645419884472643,0.06991185885412209,0.007722344973055401,0.02949387638175955,,,,,0.05944289993708002,,,0.04352446624754951,0.06691020415862708,0.04559493569225365,,,,,0.04342423985175588,0.03135917079574224,-0.014720685389909888,0.034555187385755554,-0.008857380893482628,0.06396337298577952,,-0.01534507541053932,0.0026798903703784374,0.038526382722801754,0.04484964382115975,0.052003683417512096,0.05076064755713357,0.020352649344313935,0.04901850060781654,0.04637111586601386,0.036319648236256934,0.05479063732817748,0.015026524732549043,0.054329623054707725,,,,,,,
2009-06-01,0.013053057198300674,0.030557868570490764,,0.014019367261685683,0.03287139294872961,-0.009246550653149584,0.0421541942526955,0.013488251348846172,0.046848647040763594,0.07174277235452164,-0.026118302403283385,,0.055786681425817976,0.023855759177755145,-0.003683298247840998,0.031591896908955766,0.03271119409246915,0.017101590085810994,-0.00217526725019955,-0.021740883783819644,-0.003196252653465737,0.031200280269530752,0.04601564901434492,0.006876219332489577,0.023230555807382584,-0.02020308625865097,0.025134385111882564,0.005497911070041894,0.03922813651209797,0.013504851809716188,0.033379240420187785,0.022989351180760752,0.015982137329019847,-0.005654068065271204,0.020487167255069775,0.02731283499229812,,0.040416967031590964,-0.0034768382749749494,0.01579013969183732,-0.007456889267514335,-0.006233226481160104,0.0155799738638089,0.05267983580058445,-0.014422578943818778,-0.007479877089896689,-0.002910345388944227,-0.016874981519352426,0.011350932281914751,-6.65914231504555e-05,,0.020097124389800495,0.018395159804205554,0.019183955565778038,-0.013841041650434547,-0.006449107263116568,0.017130948392089992,-0.008515048598504127,0.01414617215321592,0.0001262063718127165,0.033912054550932054,0.029195883752639394,0.03845151351409224,0.02520554910578542,0.005738150484449332,0.0599675801269587,0.046909707588940516,0.012604572668987119,0.02076408735487394,0.042461226873072036,0.036015036019008045,0.055889947606728364,0.021355392214681756,0.009429313961656107,0.03130058903446994,0.002008280947463717,0.013901350048826679,,-0.017177238665246265,0.013410132612841625,0.06522011805330372,0.02163279032325851,0.03920570837234675,,,,,0.05719436243216645,,,0.0193331675913173,0.07600555417086599,-0.007907818384762084,,,,,0.039416018083694715,0.030121774006257308,-0.02245210911409582,0.03182100286948282,0.029519162640317537,0.04761501253720433,,0.015486662747082625,0.010138815454944917,0.025631158651718035,0.0405424713472834,0.057583918134627717,0.046196872609436994,0.07380740563572681,0.040990618151026614,0.055990668442961834,0.023960392551149505,0.043182332781099245,0.027327696780434785,0.05472027410527467,,,,,,,
2009-09-01,-0.006006620479212516,0.06331414761250946,,0.019803163607834927,0.03539992453304534,-0.005600520923586615,0.010262719545210014,-0.0016394080169331623,0.028755694453941848,0.061560903912290736,0.00992380362341832,,0.06511145190853715,-0.006017395072196493,0.015951552237766908,0.02684689596770632,0.04739429001968502,0.020058787501666266,-0.003261970063214662,-0.01666632104091663,-0.0020733640319038496,0.021969130981851423,0.04098928935551713,0.0038864893716071326,0.032590916106785196,0.011192187009788208,0.016104522401398935,0.005576220710407765,0.011719631231459035,0.025195387345160067,0.03056696343371124,0.03227778637347231,0.01551066042440506,-0.009115659997739311,0.024498375181931986,0.03163440194587295,,0.0002560520686232056,-0.009705623150197096,0.015218173206528664,0.015173095098039322,0.03828009345104276,-0.014351651672385113,0.05387112191240331,0.0020686274363333397,0.022698429694152467,-0.0036050683822496927,-0.002264279007574827,0.045148176616991054,0.008761296496214467,,0.028924120929594857,0.013926714939187297,0.026505167232305386,-0.0040813752846566905,-0.007001458980021414,0.01218795388084338,-0.010715765076819388,0.030223074164901526,0.013995961248071107,0.027278343866516428,0.021425646943979543,0.022438496836941223,0.031432698109692105,0.018654754336149063,0.05911388015474214,0.05199896822564507,0.04132245217283512,0.02392122352765775,0.002223804818407402,-0.01248511553395843,0.058969333441658105,-0.014907491039494163,0.024276291813343075,0.027377187773130016,0.005092437971771522,0.019045741216580116,,0.030745589117087732,0.019724667844426596,0.05928877258405582,0.02571358603723534,0.041360583785730966,,,,,0.04156954953054494,,,0.018886631405666238,0.06722692766641923,0.02496458038502651,,,,,0.04808615607615475,0.038540330946182484,-0.012819991759960996,0.025185321336878806,-0.008034681486439925,0.043785828971133194,,0.017649574682844782,0.0065531553775644005,0.01995325190644385,0.038460413671275756,0.058117990237049444,0.05896100935475026,0.04308608614477101,0.04526280979776207,0.03845080705893559,0.03914447229925485,0.046417933220851595,0.029195553409163424,0.05375796999361865,,,,,,,
2009-12-01,-0.0019968576996398433,0.039661826820335505,,0.006227659642407669,0.03512404141032324,-0.007578929093997694,0.039197508503742255,-0.018719973896267707,0.0364307817199165,0.0561069690250849,-0.006127595544811887,,0.06467830445875966,0.031960680391657316,0.007656026822393946,0.02573250226936231,0.04125092701750163,0.022033368349239038,-0.03238770640828615,-0.007617393185712486,0.008879536637261466,0.00313232851604686,0.041277506650790864,-0.00680460227768375,0.01358036635662348,0.0354457841566477,0.004187658008259114,0.01256789894394006,0.020105845709462708,0.012674141354742464,0.03038837170770805,0.020781320188628185,0.0026639364274886053,-0.012861067021557355,0.012188042232728576,0.023722848569942907,,0.01952770505267411,0.006465544306266013,0.00736485571362107,0.015025599301557105,0.03058024312102666,0.0175353508209705,0.04265945646858042,0.008382436503033703,0.01889464463410257,-0.010464960486900958,-0.034657118234467335,0.051879884394470534,-0.004094916082015512,,-0.023647984709758957,0.01239571523677272,0.018232952025434058,-0.0018991091208642702,-0.0005754924096728614,0.012429711512054374,-0.006644627597493827,0.027171342904985393,0.01204622400660313,0.02130155292321084,0.018040276012631376,0.008688531637162546,0.041515329904791606,0.014563363494446837,0.054536449349913745,0.03487567096335374,0.020869816731145515,0.01107359440942817,0.025761785183355666,0.008950128238932244,0.05390822020008816,-0.0007237734505659224,-0.0248933971530647,0.02205269599701818,-0.004526488380831081,0.003784071096232358,,0.05954554629529611,0.0072434286637022985,0.050754560990699894,0.023187459618460967,0.025253200879715984,,,,,0.06063948461950553,,,0.04195919006275161,0.07061210742156994,0.0025898590161288894,,,,,0.04918073238528527,0.03540901164486087,-0.009360850509948242,0.014646718494471703,0.012876605186083715,0.05419967327766639,,0.019056227074698978,-0.010743922354979563,0.022235124890893822,0.026237444960227382,0.09152183128684786,0.04523421482801734,0.006953884551905906,0.03130459664119674,0.04272758981573787,0.020027174351533138,0.044559490471591336,0.023929930239975087,0.048458760586447054,,,,,,,
2010-03-01,-0.013993568013442733,0.021001663168550552,,-0.011666241411321434,0.029235564233897192,-0.0192608598607774,0.03290650656973295,-0.025269891135626592,0.02789313568361143,0.04246384412903979,-0.02121718557896566,,0.05933157142029827,-0.04495551261890062,-0.03221699580102813,-0.005122897095106537,0.0077559908592661694,-0.0068850914455497155,-0.02803466901651072,-0.02777835966873064,-0.014108049822962756,-0.04281601509973724,0.015682137250921824,-0.015935701325623587,-0.004576627773124629,-0.0031438612335518822,-0.002556393534404562,0.0011652096981309547,0.013977917640419607,-0.01524457979956871,0.0010363878712910907,0.007327343653906595,-0.02470016848552031,-0.018732646519806724,-0.006950971018666031,-0.008911130527134657,,-0.006046676410258446,0.0006153662248792584,-0.017334924082678272,-0.0029923393332452527,0.013378527077076742,0.004739399138994369,0.027748876739655596,0.011205855762728216,-0.0016989166685478765,-0.03135520308206694,-0.05410652201056264,-0.008740427236207856,-0.010067139078595667,,-0.006411559399226311,-0.007271243085165685,-0.011349152919172765,-0.014561440851898977,-0.00010425660214209248,0.00013174360229137826,-0.01629224037925764,0.004002331825860772,-0.004326571398810751,-0.02075871619842228,-0.008920980888656675,0.008996314531905504,0.026755210343108526,0.0020376483542976225,0.026639085360164273,0.009956249672930555,0.03592515126333534,-0.004958445887894159,0.01750066897105779,-0.03769156672101381,0.021791351336711614,-0.00839537873755653,-0.014500535511651425,-0.008346819938942842,-0.014036682958282498,-0.016417883796579193,,-0.0012090680650983462,0.0014715153012058637,0.0557532847735234,-0.004372089349494753,0.003699069272236707,,,,,0.05341910198579186,,,0.0033833188537580306,0.06927926085186567,-0.006821835685824042,,,,,0.026158359576550806,-0.01024908033857247,-0.02279028085939044,0.000295435648049863,-0.035079214091678274,0.05002105433521587,,-0.0036071362779402823,-0.016283423751384828,0.023859382483370783,0.0018457421188176483,0.016011230866327067,0.045745780204762554,-0.02456903928801645,0.01286489452219443,0.020175281557296813,0.0142708367511289,0.03622608843798032,0.018223812835977987,0.007379374340198952,-0.030920633746728557,,,,,,
2010-06-01,-0.04544514988402267,0.025570501687462464,,-0.002696603128572196,0.02530980140518158,-0.024075810247501255,0.04117519359815505,-0.02834287366437578,0.0265715988478042,0.027056228164205772,-0.02064483479014623,,0.04783753721777731,-0.06809934612991246,-0.03703806367748246,0.003567173750562735,0.01359013954888902,-0.0005486828982194395,-0.039866662474479536,-0.05072598051486999,-0.022032875358640232,-0.007646235581368719,0.017008674932806875,-0.028756334044123196,0.004292649185029185,0.00698291394545708,-0.012436108637794126,-0.0012215994064677471,0.023837140662283453,-0.018512496164718756,0.017571052893263973,0.017230603482807895,-0.014817825936969951,-0.028802566369292838,-0.005331957977649241,0.004713170657949193,,-0.01843941907133655,-0.0016079015078305564,-0.005697316055005583,0.009461435230044555,0.010859606472715038,-0.004364831196539222,0.026289280689969753,0.010829368301838393,0.0020613072453167626,-0.028422063583217146,-0.06289319984208808,-0.003715851431868653,-0.0076610688118334104,,-0.013132144225271435,-0.010405502777478313,-0.013598760403191008,-0.016412345226551182,-0.016724833739659647,-0.01017444337075067,-0.0146751554225462,0.004419421853476803,-0.011718673238865586,-0.02380511120842948,-0.010708558873606768,-0.007592373033670299,0.02965888368271604,-0.00040441719358243395,0.030115964321177375,0.01391312658565435,0.030324779231422253,-0.04780066590075469,0.014659384359317865,-0.047624634700709254,0.03284415450575989,0.032315966230349075,-0.048260241309548244,-0.002095330098692978,-0.014444928663431542,-0.009193994677135317,,0.04477144854910866,-0.012971270033323747,0.0354242766487393,0.0023262884276515155,0.016426642238439305,,,,,0.06120521840536001,,,-0.03842559300640482,0.06939457933574317,0.016233903587761306,,,,,0.04059851176099631,0.004147069818077391,-0.01709219047984094,-0.0017433524793539572,-0.05485464612959569,0.04819504481772635,,-0.005273431564572346,-0.02033639519196582,0.02514386317364842,0.009380188386587414,0.05708225198981353,0.03502675840851744,0.029790750294935556,0.007055811458910049,-0.0125207681634213,0.015007025307080141,0.03365209915949754,0.017632500437335524,0.018761592769267296,-0.01680947246929821,0.03163808178511184,,,,,
2010-09-01,-0.02951150697331978,0.03186835054056121,,-0.0012534059110676293,0.03340116032048384,-0.02511320025296512,0.03921495252157589,-0.023665170627378666,0.03438835096678314,0.0268854252673222,-0.015887705043786022,,0.059472352299930954,0.00459092345095739,0.0463049151697713,0.012813780640218746,0.029128712264739818,0.002266799614498935,-0.03949889849114735,-0.011043575178157508,-0.010085697354037792,0.026913556378256782,0.02098381943316597,-0.029892699785236065,0.010595793079404094,0.008910042721872945,-0.0020050593152834274,0.0064166723721817065,0.017859684826677286,0.019443278540917167,0.028139757157930094,0.03987812401486244,-0.00844654771410827,-0.017895527747044192,0.003114189629729542,-0.004644455875743098,,0.0013727507832840488,-0.0076643527402149554,-0.004458558221586744,0.015134582263125217,0.00556778817412975,-0.004482244545987111,0.0397686613753595,0.02107207621132382,0.00247725925779298,-0.028284535570854412,-0.000759556927849029,0.06142173626392733,-0.013819912798901041,,-0.010437886750591067,-0.0005296979509639573,-0.006843873507320454,0.009146960332944307,-0.008386252302012896,-0.005291555377556655,-0.006955329413674219,0.012343034528611766,-0.003973262869959795,-0.0071364927452465315,0.014912145091934222,-0.007699636110139241,0.038254250652699856,0.010943404467912848,-0.00577293398903328,0.022009991678260055,0.04470249768725773,0.008253623472166417,0.031282880655190776,0.024809919870939067,0.04147149185964054,0.049937526014286554,0.011183504696253425,-0.011892538211645489,0.0055402358250580324,-0.004184143219067018,,0.054145148941171756,-0.010484100170683866,0.026350023161921924,0.01672282585547818,0.03388843982279257,,,,,0.06293589291269058,,,0.04047075965807833,0.06656615312782349,0.017264431283044952,,,,,0.0404648067452899,0.010150871365766955,-0.023934272798551873,0.009817530211576154,-0.0007067123762299927,0.047149984448252545,,-0.00582253784648883,-0.024466840745855135,0.031252047111930366,0.014562165734163615,0.08464177386732745,0.040246630625225016,0.04115142731753209,0.01982304468777221,0.0236769834084843,0.03799480899702137,0.03111378736706591,0.021411164190474917,0.026324279282878227,-0.010753589982670552,0.04438049139550464,,,,,
2010-12-01,0.025154736982628587,0.021874611836265826,,0.002102386385451638,0.022210168473871573,-0.006648842808046785,0.03057816789677271,-0.015825026902840395,0.03615810721345698,0.018136864091383906,-0.011565532292300562,,0.06824265921964487,0.03241888483022182,0.00927619950202657,0.01719933836119066,0.026979520901504694,-0.008961536394779663,-0.02837280217289073,0.005759106882954809,-0.004330276191876096,0.04040332475673023,0.017451027661586124,-0.016064865693473488,-0.0021012883849762147,0.0037859177953224184,-0.005454882291549659,0.02040703857398345,0.021241243022275133,0.006361487257130874,-0.0022720169861834127,0.04438052504207417,-0.012657580374041315,-0.00039287817263414693,0.001960310623849854,-0.016926251229829336,,0.022889558857726745,0.009631747384961718,0.005136427359709847,0.01525385810659511,0.029172398513227248,0.007844051568532124,0.028640504487065982,0.012876320663804968,0.017965579787920117,-0.023832859086427106,-0.006853691356097503,0.028342646463046864,-0.0059790964200174,,-0.005152231229062775,-0.0021154891359885693,-0.008415786198212106,0.006276209507276173,-0.007975137030820617,0.0136164874626007,0.0001805436313184065,0.026852639794142624,0.0007260281473992235,-0.0071236432563814515,0.0012774365711313278,-0.006232744427198494,0.047746682750913136,0.020300928788806395,0.0339078302335587,0.014255214445580786,0.060910365748848505,0.02498627707185256,0.034757772172297426,-0.009863016301013088,0.03204827331486168,0.03988998005751268,0.010831849773649151,-0.003987732516111028,0.0007661706671582021,-0.007684400519640904,,0.05526869992503926,-0.00879777348006541,0.036086785566903305,0.02093792797690281,0.02807422752608337,,,,,0.061520744600334513,,,0.05009928049922764,0.07315670009766576,0.015207657619393206,,,,,0.037377986399309,0.037791872833178655,-0.014096860770754177,0.005338023132435678,0.029814309829418493,0.057823722078573156,,0.020174786143918388,-0.016040096309810153,0.02152419325533594,0.0028514241641738364,0.09176054639826807,0.0514349457072077,-0.013191395001482326,0.02094213242241625,0.025258548556682473,0.02931497459507869,0.03185647012116348,0.04156722494254064,0.03760746593032816,-0.010007525762230464,0.05846674870137809,,,,,
2011-03-01,-0.008276927108781262,0.03399817097517875,,0.0015178228038584098,0.027640904918844425,0.0018623400684092308,0.03384485867340289,-0.011115009042422505,0.027243441296708065,0.02341124938320347,-0.009683360332191922,,0.05553884551913197,0.0021231525616346126,0.0485144877291086,0.01496297741093044,0.0352785882668131,-0.004150267899017778,-0.014221892825314877,0.01520747195173108,0.00921231783832498,0.037868056507743074,0.01689050353034982,-0.01826183930707719,0.011975440149054228,0.018951113045269675,0.011427595223740922,0.03240275466885244,0.011949008618062083,0.010918041453175587,0.02355997663912972,0.03317214764947531,0.0019309190375219965,0.004036233788359593,-0.0003873103841688244,-0.01446240479737538,,0.03184268318206664,0.011239147770187245,0.007860413673764706,0.013073988247988229,0.028845655992802702,-0.020653452830753097,0.04367493601556585,0.03302069927427551,0.023413376131830428,-0.007455850223378714,-0.02884523558042178,0.003526854632946386,-0.0033026388885839535,,0.017236972588683994,0.005101475064731009,0.014079269816107026,0.00575207160916921,-0.0032597231055504607,0.012158314603348592,0.006673200021009511,0.03105132975122715,0.009431050481572922,-0.005521764551598597,0.022580363934812556,0.010040789217223256,0.02635462650782099,0.01720362439078606,0.04054322953814784,0.01555945399445457,0.06647250514032738,0.037432894810831174,0.030064391847756954,0.03213072190620698,0.030601681564388885,0.03688794288242639,-0.0045744943691526305,0.0076458472523948506,-0.00295145571023262,-0.0061716409736858905,,0.06210658437571693,0.017197269911677023,0.01891262289420925,0.02183759265654017,0.025996594768066563,,,,,0.04968586018677687,,,0.04328955315341555,0.07853820700194498,-0.005620733966525232,,,,,0.03790985447768272,0.049169873422101024,-0.00713883587755656,-0.0038025008061726507,-0.017373821475684514,0.052844138182575266,,0.025228934310404294,-9.959763060232915e-05,0.01830700754406651,-0.01303122866625519,0.08044674175209415,0.05562849713637175,0.005065407734425351,0.039879639339030375,0.014666935374528291,0.04391065924076385,0.04065406468303429,0.04366132360292139,0.04414650586029471,-0.0021907543024018068,0.0461794926222123,,,,,
2011-06-01,0.013936962227665717,0.04028195546830971,,0.005316718850726123,0.02913643351358046,-0.006792981584833518,0.032489108968058726,-0.000941942474489816,0.03242388021243154,0.028581995464221598,-3.0344273880303432e-05,,0.06717590556617709,0.03942135039095247,0.056736773900765536,0.012012876663754897,0.043334239054907,0.013641313001503065,-0.017113448686371192,-0.018142832803299612,0.018416985097581974,0.03717834469123486,0.02811117939515495,-0.007380061852933676,0.019371521430837146,0.03227986219250839,0.006442535569297681,0.03442935524417123,0.01565541144233403,0.01900020317741682,0.03157794269753299,0.03430740300984784,0.021797781673203235,0.0012635912858150267,0.01953547939643917,-0.0005398030677985168,,0.026761134375813712,0.019544954664744776,0.0019787171186048252,0.014032944242908399,0.006520913114543884,0.01716624009190447,0.048748847450365694,0.038300013500326996,0.024613861268507044,0.00042741917193830746,-0.01909538327536375,0.02784692784020186,0.011409970054731055,,-0.0014626322494240079,0.011155524799667976,0.036817516573446965,0.05429197746570678,0.006062907760505135,0.01645413963966807,0.008219800448791129,0.045389339706231775,0.012091022267687275,-0.004889881641335831,0.035399766630717436,0.00970286364563369,0.021226467277805975,0.025038507129026645,0.05682787387861346,0.029532071393202367,0.06460310951072695,0.03789482428036233,0.028900725665402457,0.011363407188305544,0.03282348968396281,0.05267140493454042,-0.005682110850520086,0.02820857110059107,0.016666318901580993,0.008854259978697314,,0.05846446870291275,0.010574118234403225,0.029384690690829492,0.03593031570012428,0.02250733516585302,,,,,0.05570924854570399,,,0.049931778094470074,0.07603510953507217,0.003223054750775578,,,,,0.0331363584349523,0.054761358739094775,0.0007382115821078353,0.014504275029103975,-0.007331271160253374,0.016919231190035945,-0.002103599913614983,0.029374532122192452,-0.00213012421864669,0.02258568799116737,0.007101745129453834,0.07806297455320593,0.0286140297493549,0.025672910981616927,0.037245608695265206,0.022414626546634297,0.02823515844709771,0.03366282440467316,0.05171255569041931,0.03678331190813711,0.0003444672197041557,0.03244110772076223,,0.03986729498264875,,,
2011-09-01,0.056677327359886565,0.03914045661523869,,-0.002065548089530179,0.01875013484493217,-0.010381768823366532,0.02048818014495195,-0.006707842155343807,0.027199931331310705,0.029393987755547836,-0.004986899938329738,,0.07053142562221217,0.04716154274796025,0.04794749351335069,0.0004626837382694753,0.021955771230999583,-0.0006081523948047606,-0.015924043473939,0.009004353703340604,0.023222747482926482,0.017402852358888554,0.003027915561369905,-0.0073769898088358096,0.011197362448242315,0.027091824720354457,-0.0068282054399444875,0.024375192964204886,0.004857408822615237,0.03268757669079913,0.02984042527026704,0.035774936030396,-0.0005892397025711363,-0.002805039386107977,-0.0047899086864663315,-0.011963892964164896,,0.009052550111621224,0.0060057765764247656,-0.0031314584139967385,0.004419044139391368,0.03082949570401067,-0.0010160479486831084,0.03148156977641618,0.027702738294970868,0.009554533765493497,-0.014281191806791452,-0.010342320306776067,0.047348846114826,-0.006613460247611974,,-0.001641488333610383,-0.007067055520554152,0.011656198840708128,0.0584155292661243,0.0009313102266031914,0.0005371888525524261,0.008814749972564278,0.04332311700235291,0.0032595767046287496,0.00038195713562787345,0.022107376770939706,-0.00786375581842503,0.018864923629002276,0.017441204853964998,0.05326519518186158,0.008979499020314101,0.06051799221303933,0.020543643657409655,0.013285780818873523,0.013227352890248052,0.03593538114493531,0.02135179486987436,0.0295038924911149,0.005869110370762226,0.0001148887850216727,-0.008750673508292768,,0.07332491324326945,-0.01042755071139881,0.019282465146636604,0.024499106661972848,0.023895982727028087,,,,,0.05646577236685225,,,0.0372160704647296,0.06429210353666318,-0.0128376983202594,,,,,0.018484960300795474,0.04499516021192091,-0.003035954608752516,0.0033400991063223568,0.0056186942680404505,0.04877047778098177,0.006542918536993332,0.022364515830485748,-0.012243545527918872,0.022509853783894872,0.00125641855590388,0.08083174622850282,0.04829435556642624,-0.0038712326533584442,0.023462742796163248,0.02212415028360139,0.03234723578988471,0.02676260043461443,0.029863087982074325,0.02293134678352472,0.0019881146254974503,0.03470889332284358,0.019636647944773062,0.0446445025887268,,,
2011-12-01,0.0603698961295797,0.04632036238035839,,0.02511269662380149,0.05757063078072445,0.0015804502380379001,0.048931901799045364,-0.001519392506421729,0.040952275749355,0.05145101279903696,0.005196476714372242,,0.07130247826352444,0.06041561499701389,0.08381679953860034,0.033167101072682656,0.05520187367311411,0.03663204460742112,-0.004465791796522105,0.01999810246587555,0.022395234633606754,0.05764609754880994,0.0506962963862933,-0.004279839779441836,0.05353388524030503,0.04541562073075702,0.037853418632966665,0.04397213278461618,0.016769220242130744,0.0316771701850543,0.04526908244667076,0.06585803693011126,0.028926506689473556,0.01691941689727531,0.004328989371171999,0.006515636576990915,,0.042216280188968856,0.014594889237823263,0.006295249513271932,0.04556667216535262,0.051692999930471564,0.017602861122664168,0.05526428776587124,0.05103344238946868,0.03571054233355478,0.00648690263070676,0.02392776636200845,0.07572712639786813,0.022936470125736953,,0.015051581677291634,0.014326898323439852,0.04405261321011079,0.07835367947607534,0.03502764901450236,0.04135366196219011,0.009233244923545188,0.055609828565512415,0.013431857569521118,-0.005841748840452218,0.04241987509286735,0.019866342897464858,0.059565709204210025,0.03695065956728153,0.06730816416047253,0.04703446290326863,0.030019547847816307,0.03188249019002042,0.0627105162561639,0.04804890074812684,0.04032619594479681,0.05846350140323677,0.03610326440287489,0.026454134327263432,0.011643355502044586,0.01994043351062127,,0.07087865323564578,0.013475087974011162,0.021493326241264817,0.038581256896564865,0.0631704993392377,,,,,0.0672647667491361,,,0.07094761583961012,0.07808979083781432,0.01939456203256619,,,,,0.053780555645207596,0.05139825742263809,0.0008243050066984526,0.02065869036947221,0.026060655411216497,0.04859049820525291,0.02495042490748664,0.03484700295362668,0.012058564867098593,0.05030832527545556,0.005279367567300699,0.1142841554770804,0.07314812137862904,0.07057402890253743,0.018627396734945893,0.02293540424529168,0.03968121498212393,0.029301825849277017,0.06286346371452614,0.05255031681979957,-0.0004403792564825843,0.06064539628124093,0.03436762581784423,0.015538991423961666,,,
2012-03-01,0.07595290665479708,0.043553753311161396,,-0.002903617172203876,0.03410085622569756,0.0041735608916069296,0.03773706420806665,-0.0014320432042292323,0.03626270275664754,0.04206516757133023,0.006112565527955625,,0.06586542673577812,-0.006974886221491849,0.06149751396517442,0.034941432676465094,0.016660256964867864,0.03637789760401298,-0.0006305811753114352,0.026430316823178594,0.016575187248573577,-0.006674634439722346,0.041519495326070945,-0.001258511719032956,0.039027548959015584,0.04051160075838,0.02293880458051683,0.037052623869783134,0.024729841469060484,0.03604235594120005,0.04453959362372087,0.05965532453426012,0.0215174030893957,0.016513769424721884,0.018671522340183752,0.009275630746116294,,0.043991574909198895,0.015652837277174037,0.021206699491722065,0.03880455961600574,0.056799306014449484,-0.012951933370728919,0.06851285510981883,0.04790963148885648,0.013292054203065473,0.0029395479892612418,0.019294749255461242,0.009517556070794141,0.020508369787265487,,0.029690192989719602,0.004508896823356727,0.040169306465010116,0.053066280079065595,0.030334343846080417,0.03048324144609389,0.010158820080087935,0.030845154435718208,0.005715974597524282,0.0003404299204628127,0.038294612575863834,0.025574616553999875,0.025354626322016086,0.02146262803873175,0.07085851729307395,0.04167254586179069,0.06488215077747192,0.025143504697436966,0.05476208798268187,0.018423724388780954,0.04797334060114076,0.062179480960555394,0.004847796439577768,0.0180800156576337,0.02002406243954609,0.016765964588190147,,0.0712453310105628,0.016339009809620993,0.025489473829860842,0.02506797154509645,0.056664350668837314,,,,,0.05025622605259066,,,0.04305376873683839,0.07839538761738969,0.018809265544454282,,,,,0.03779374848831933,0.05677860245692015,0.00414779265315872,0.019971632123358455,0.010363947884818377,0.05453353900918843,0.022916143187526914,0.03409959224927943,0.01919058060115568,0.03128110660944154,0.022518930212284377,0.08220435538896836,0.06547212991364132,0.06671558773103634,0.02523492551254948,0.03654180970955332,0.043986670398424875,0.043840095511821726,0.05666559766616233,0.05339409076268408,0.01979420670786762,0.0433537785980404,0.031888736412289426,0.043661048704677255,0.05694755995310834,,
2012-06-01,0.07450579728518625,0.04810895366053106,,0.026676958716352707,0.03612471640962625,0.009146709541289098,0.03439096950270742,0.010143910910344103,0.02896203603943447,0.033734519144700735,0.0145497366074216,,0.07378108548436561,-0.007811205139844854,0.0604965167007545,0.03265616750831562,0.047470333156988405,0.033840801388428876,0.0014191666925286973,0.01774221667117703,0.020040718619642788,0.03604643446526389,0.05708980731549912,0.001210598196388197,0.04282436211108867,0.05531390251940046,0.03181772317928765,0.04769800386957506,0.025574881977432882,0.05080814324607375,0.04997534913918613,0.04847268422061234,0.03490684785228762,0.020870560645849242,0.02376618702144042,0.010389503734012803,,0.0270591218110018,0.011789381014493587,0.054684108852296076,0.04237574398180951,0.05258797305228205,-0.019556411073520404,0.07102930809565791,0.04313601051876101,0.026050279613524917,0.013914924033125829,0.00956711728719059,0.04988396223669425,0.04020174856324436,,0.030927793954049685,0.03353259446443798,0.05379138607742835,0.08300686677554638,0.024581467032369183,0.039105901555043565,0.009398328217524706,0.0461230127084569,0.023906320528860932,0.016978574482403207,0.04846999839686197,0.03106019773466065,0.03432444326195988,0.019933135403655163,0.08441017136729884,0.050597917485897446,0.06361337380891262,0.03337184909916612,0.0670620453480829,0.02370200609339195,0.04483328970171401,0.057239871233785766,-0.001601135422798014,0.018790710306150836,0.03428635034169009,0.026224677822012078,,0.06933540764725939,0.024058431801481765,0.02865652667180196,0.02338160333547644,0.060785624561006044,,,,,0.042804938811968396,,,0.06327886300614,0.08959777596830129,0.0433825057646483,,,,,0.050349283522772785,0.06826732535309633,0.01677217875167258,0.03146597900427249,0.002505039927930836,0.05494926345492465,0.025710657641682393,0.034589905006733083,0.02113308117352821,0.05885245952941798,0.03581386216771644,0.11274787577820508,0.061500396386432454,0.08971620381636558,0.05027330212038837,0.042610616724088564,0.049330905762787945,0.03247568592916324,0.03163879585204161,0.03759796103820808,0.0014837502238430316,0.07284011403356044,0.035282857642684955,0.0485604141417289,0.05443478507239903,,
2012-09-01,0.046609872614875786,0.061338181226476204,,0.022523798601254245,0.030511874738147142,0.006087858857968362,0.020515472411598318,0.005132997239479836,0.040588724147176854,0.041258263999437016,0.00851732099741566,,0.07582186777264834,0.015082045140236495,0.06461770111033502,0.036979506053582314,0.06158974235405646,0.037460672638141,-0.00386352820110958,-0.03678168981139542,0.016913723030898952,0.030526718729042703,0.05938311277098219,-0.020866216022133392,0.020128331975531273,0.054233696094207015,0.028576862361249775,0.04482796939810703,0.02761413005075273,0.06071480132275774,0.05446432218947795,0.06740183520795677,0.025218459958517285,0.009606710701318084,,0.011897975378760068,,0.050692381600986346,0.013093758745658442,0.06295405056013685,0.04392469454881708,0.04067015954567518,-0.002439707840836196,0.06869553397645403,0.048243349398996306,0.02920076897014904,0.010990109349854721,0.01042990248725839,0.01768916144155111,0.0366638983725395,,0.02171031767933261,0.013710863468046265,0.04785066436875932,0.07045054748423656,0.024215032250998234,0.0318632268288981,0.00896621553741325,0.05197452930764772,0.0213655913573539,0.007233628642818415,0.03665875228554189,0.03318001407272628,0.0401044440272289,0.027295376456320266,0.07637694558227909,0.03453309884985027,0.06697328157119795,0.02380505475272131,0.06745953162097144,0.02061985637105473,,0.061256016526417226,0.025291388571084636,0.012227603354997063,0.03542834293172072,0.04041189928662679,,0.06483940359922087,0.026869695529571594,0.03972131224149954,0.021748424339531926,0.06248166414502848,,,,,0.05433758232351505,,,0.04805125662200958,0.08430582420839298,0.055590228176595584,,,,,0.04737031360296165,0.06245254616584495,0.018817741433394583,0.03438757300282206,-0.027555709643911165,0.03640379195253501,0.025058900649532614,0.036679755375072905,0.022942487420781532,0.04396842915287701,0.03184246937771558,0.09957535261551938,0.06446563637295463,0.062123252241779385,0.060438260900487865,0.03480198768629045,0.0568571449980849,0.05389023404871823,0.06894005869185746,0.0452273743514159,-0.0020490614964340775,0.03316649742342341,0.02535129521828797,0.062161193916538446,0.06304888683682332,,
2012-12-01,0.03742410185397264,0.03799713632288515,,0.003058182717867308,0.015905741459511836,0.0007569318686572571,0.03149686046205756,-0.005162849124162944,0.03445084196783919,0.04197160473508923,-0.008623405396804004,,0.05771161252974126,0.013329879013057551,0.056053474516209144,-0.004573622042267999,0.03786862749506943,0.001327801261178609,-0.009010787415911522,0.004070687260896048,0.01647976512751925,0.03129256704404216,0.010077721411779142,-0.018465577365040297,0.008879328591029068,0.015109768485916775,0.009414468699799778,0.021548313533620335,0.023300840219194745,0.019383969266118836,0.019958205285138947,0.04630693353924951,0.004093557870432665,0.0011241132690522273,,-0.004210746551119093,,0.013109057537755273,0.007545110863654792,0.058015670641731625,0.002267379012065674,0.017137656642749813,-0.013967547421743477,0.026352499541374128,0.020857131400693073,-0.0041823006504749715,-0.007112869423995963,0.004644882418886344,0.023658488453377303,0.0011857786579147198,,-0.0009757072831218815,0.004833106269093584,0.01553160707703634,0.06426293478244494,0.031107901053795017,0.013027795421663681,0.006283709832711863,0.015851975312648866,0.01613225408896034,-0.00644817708289278,0.005888886220995831,0.012364004020661727,0.0279481740594023,0.021565780585101807,0.04605775815881701,0.00264947522111923,0.06956692011147353,-0.003042706765293817,0.04869544096064838,0.030468249766238673,,0.03178015374996689,0.0122186236914821,-0.0018418955787357794,0.007033793362309688,0.0006737912050641329,,0.06177732389733689,-0.0014706135391793285,0.03244363649981068,0.03352186938594169,0.03131156897992344,,,,,0.04498782981558473,,,0.05220014892481366,0.056087674166572885,0.00745073045513407,,,,,0.017603642474434633,0.04894106111278591,-0.006325555449848318,0.007046029285175444,0.013832071736023282,0.042996186941204106,0.01581934568835867,0.04682196221787592,0.007177201651873054,0.017974850705393973,0.0032310379548055263,0.059584758159817446,0.031063678499410087,0.04705838252206389,0.04033438121982588,0.01488144587505871,0.03546969893374516,0.030207479632143822,0.05183869256427902,0.06927528855263537,-0.01037867950073241,0.02833875638537033,0.03187583300715118,0.026979408008979276,0.0515372034107002,,
2013-03-01,0.043139995230622424,0.038804321210612704,,-0.0002939825186540759,0.020179339815406584,0.001079497279989154,0.02832385339686405,-0.008500914332446418,0.03308192263714039,0.04722032023444577,-0.002638968943736577,,0.06001028034810486,-0.008308941743168171,0.04822356977200133,,0.03919449651540858,0.011479078523120412,-0.0025800512728239933,0.004625962288324234,0.024497032270898052,-0.02963037964303344,0.005802539104407894,-0.014079634792263542,0.015229194201168255,0.018698526932191283,0.018715714566999043,0.011843531495991702,0.022745552050088883,0.017348211639234005,-0.00917486326802576,0.03152356330011017,-0.029526939770762796,0.012053848086613245,,-0.004694891576287936,,0.02158434275313781,0.0026088673725999734,0.04295777755642116,0.017173370647111205,0.02132197374731935,-0.038870321915578016,0.055894791979454475,0.03349100525923236,-0.002847604422237018,-0.007758526970567853,0.007537008570137814,-0.010316143605498698,0.005110566483070408,,0.003652865519456673,0.003320938992554352,0.019505721894870667,0.026214825737987245,0.017934345957844326,0.001560640833777,0.010355425024478273,-0.012704992500350891,0.021040193154768162,-0.0007064928818328717,0.013931649556398943,0.007708913610400475,0.031060273794223922,0.030342383080612705,0.056369020688651295,0.007238911813841361,0.05121944873307711,0.005508294323202561,0.0605352125936927,0.04086306510921685,,0.041029211944515344,-0.02716729220146386,-0.0007440389120892102,-0.01373649825383897,-0.00015567595113140205,,0.058148410387691446,0.014534137865616005,0.0202308680522228,0.022873439588250784,0.008824143480897273,,,,,0.03005934902851732,,,0.049779505500984804,0.054173921788112915,-0.002948856583496502,,,,,0.024660975328339763,0.00870057958326404,-0.0035700236445000756,0.003718675248760218,0.007292776718164855,0.050680575030568054,0.013754181220354569,0.030838968364312453,0.0006247014729879915,0.016502077194247733,0.0003014803234325528,0.04615289384782874,0.046768333271453064,0.043359223330009494,0.05079271380508327,0.008390644359109996,0.04299326242171067,0.04330006732380075,0.03219376134725726,0.09429716484291126,-0.007553199496501271,0.01790213141358337,0.029952304463375812,0.028984153471664668,0.05521398729805895,,
2013-06-01,0.017984891186744765,0.020645915415227898,,0.008716748441302342,0.016775460828611425,-0.000980973180300278,0.019013930651144234,0.003742598075225986,0.023590405759104302,0.03369075073157545,-0.0016953623276117968,,0.057922072372361064,-0.015136616722039363,0.03837146020334945,,0.033428482087308385,0.020581634563245653,0.005250456449396158,0.004306840109458416,0.027829564693273686,0.019500147829245452,0.010058419976074918,-0.00885317356347724,0.0041387125454423,0.011949891137112924,0.021856714760357138,0.008874794705757996,0.02463295577504525,0.0382992443739635,0.01751881696116286,0.02665687056274786,0.01567983066386661,-0.0029932744983652815,,0.007451195447909569,,0.034890608184442756,-0.0014461430375891985,0.023736794228726474,0.019134498461794016,0.011896311788178042,-0.032011949353459745,0.029337608578884535,0.019337107315811612,0.002433200439915243,0.01087103863736306,0.00035914403160829057,0.027661103610589887,0.020165120841899538,,0.002395008332803628,0.012769112107271751,0.03566779344714567,0.055109172978890585,0.006634458699429769,0.025930602930376717,0.012551549151773828,0.02724270622349018,0.03621087865861928,0.007002951889441754,0.01693448750778775,0.016634589678941027,0.030619717773624648,0.008699122331851382,0.04431829080225256,0.01921940996160123,0.03858207053378849,0.0019153308635458072,0.055642240773484876,0.010187393672289616,,0.0253013382341665,-0.023352480530503962,0.009286732676130177,0.010880561573207284,-0.00011112279525499227,,0.03611127280663242,0.025008446912414103,0.030551615088917915,0.010571364437446797,0.0324722976720322,,,,,0.025330393163783445,,,0.01961048886878864,0.05995272727746463,0.003322456572893111,,,,,0.02195260315301536,0.06089319101235116,0.003802166072051202,0.014027259542316619,0.0019147866970904257,0.05063596821881739,0.009867756802081237,0.021784851937741868,0.003577039626361423,0.022093852074273883,0.012746194438738413,0.05478569889112614,0.04132819463622797,0.08675741601237011,0.006044557172448402,0.01415489185388191,0.032981245321169014,0.0340342692932507,0.018041471844150656,0.08163598035727943,0.0021728020724281617,0.028827062619582275,0.01587795138030197,0.026104912399555973,0.045119262690424905,,
2013-09-01,0.044004755886993395,0.0493832206162308,,-0.003152395353580693,0.02067541210500068,-0.0025073996854842098,0.020689028770473482,-0.0032315707024295317,0.028308755006490147,0.04086346647069473,-0.0021928672390335224,,0.053763403919481395,-0.01327027265623521,0.05235008197627049,,0.019300625590979247,0.011181262016024823,-0.0025777041626098766,0.008521276121054387,0.03237010620047531,0.01844665152865141,0.005353403837159939,-0.007518970763226067,0.009597765909806122,-0.0007073742298736679,0.010861995245941032,0.007280117972987427,0.023807312303625885,0.021313949047488782,0.016453601767366977,0.034733818124299556,0.008508226317380047,-0.003401894674257115,,0.0013235202083068656,,0.016034776610249837,0.0014314020969974784,0.022787461478294094,0.004412900259420096,0.011523036498148176,-0.020382316867611317,0.024498856326191497,0.029826869655093565,0.00024952201964408097,0.003365004298541865,0.004717419491381247,0.023846963516666188,0.006086197248648054,,0.004894385729528626,0.00693640420004936,0.02401376988078051,0.05839746868125172,0.0077358523136911135,0.013645463796203471,0.008939342618144937,0.0033571541031065743,0.029164988277665446,-0.005026881784821474,0.0065556401877498996,0.011005226034516622,0.027175472157401043,0.011303946567035681,0.04903382166948928,0.005888791087603126,0.059177608524574314,0.001043008172036971,0.05620946861150886,0.017408144190540455,,0.015407994663648806,0.015743484860446678,1.3204874932649936e-06,0.002784030788817261,0.000997390432487439,,0.04800294535454842,0.037134580201982355,0.029262597071766344,0.009762424642241472,0.026733458257084508,,,,,0.029143419854046403,,,0.02407047789789066,0.04667986868805806,-0.0014567260963186893,,,,,0.017196449290067705,0.061021643300274236,-0.0022519513486509075,0.010483605221356487,0.007695092614537159,0.05281428611249073,0.030187631227919693,0.02774918037309506,0.00045016858941115164,0.009486434010737956,0.006976734328788744,0.037537504280002694,0.028026188766257034,0.06656284380255832,0.004150915394099719,0.018335692266305045,0.04454971519351359,0.03055668440253729,0.021322420237561143,0.06974219103897283,-0.002668532101596135,0.020016285633863075,0.02201160977624963,0.02435125661262345,0.04272335287139825,,
2013-12-01,0.044013190375469975,0.03540857177014014,,0.0007352692849303289,0.02329840390536776,0.0018691043972655604,0.0242442528347938,0.0002829834225772549,0.025805712976942966,0.03728618270798238,0.0036079654370586444,,0.059004434762312805,0.01580993544074863,0.03536577167757057,,0.016706979843737254,0.012188480660508311,0.00045121380283147134,0.012520081212056087,0.032066781450095935,0.004505842067014719,0.003283147479352181,-0.0062355498831968515,0.0014958836847046076,0.006484796401645132,0.007701311903493041,0.012204491525897275,0.02319108197203006,0.015417725098133382,0.013422185946998164,0.046596808251566826,0.008960396843912368,0.004945421619181391,,0.0028033025906091095,,0.01661035094691314,0.0031652444306979003,0.034684564682222585,0.008101285095755546,-0.0021278132013980633,0.0021388738059904787,0.011561917779435391,0.01543976777480393,0.0028624944346400194,-0.0012284124884874932,0.00914597556929949,0.03284082833890565,0.004278454654466297,,0.00713403730174372,0.007617667063939472,0.014950782015136601,0.050180709073971534,0.011020698044342333,0.013030335424922301,0.010380182312054353,0.004709297874056349,0.028295264978565743,-0.0037096512031455312,0.008568966261013848,0.01469626554517314,0.03598502374887104,0.005197903525888631,0.047358089333320905,0.00915686613217891,0.05315565521302462,0.00014242153026392738,0.051561033505994745,0.027826284179053643,,0.004074106007300609,0.014269138030080791,0.004996956745285081,0.003384584031560828,-0.0006437433556751949,,0.0347393171217917,0.010594324515278853,0.031205208636309257,0.01772829116772203,0.01772074212193186,,,,,0.0372230582113406,,,0.04810180390443973,0.04271962958750225,0.007945447300769869,,,,,0.011134765482661547,0.046299697277204385,-0.0014587158681255061,0.0067533656948843765,0.0025329301364030755,0.05732380901983278,0.0237378018955716,0.028572741406676795,0.0014025298746231658,0.015613065204975822,0.002394768037128641,0.055369305475897086,0.009535057799184227,0.05787041162057588,0.022194103647166504,0.02364321511540641,0.03598753659377389,0.045777092106860956,0.03320500178591147,0.07078397340805546,0.0039012556034893745,0.02192572252797165,0.036695218722442906,0.013205239645197032,0.05379678326785395,,
2014-03-01,0.007844679296795092,0.02905893079003316,,0.00178394205699397,0.0229372205824912,-0.0016017879428622667,0.023902849887329332,0.008756491113720484,0.02146646350830902,0.041355652576740676,0.005519170100851647,,0.053807589595394806,0.00842570307140033,0.04109108136462471,,0.008433455727740197,0.014140388636646281,0.004164755929977893,0.03817511028885504,0.019284506824395798,0.014758518330935635,0.011988742604134094,-0.011106635988175684,0.00466145635999283,0.009565441594882818,0.007708228625304691,0.008151460703193836,0.017036794637040397,0.021479829483579425,0.01716824422602893,0.01830701492886174,0.013814655679443035,0.009321713353854278,,-0.004878754592002566,,0.020558870911688638,0.006446668851879076,0.03007518246702707,0.006644433307609157,0.005653266766381981,-0.00396703962601529,0.01442973275801044,0.018656716218068626,0.00777714699188967,0.0072072100421542865,0.008661418788508823,0.03365552928961643,0.007215610824506475,,0.010855289354734685,0.011567352391166148,0.020333192649845087,0.044884855641891507,0.016978957973748383,0.012931082498896861,0.009490569334056322,0.0026486836759758953,0.026361489683598437,3.991435764033705e-05,0.0174655275370187,0.014716254888763094,0.03173849404276325,0.009863296226447476,0.03628929107379975,0.007230906119265929,0.048121449721346715,0.010897024033760914,0.05558807457615452,0.028452136849489724,,0.014627027347231605,0.014680964305575462,0.005835048245443746,0.017500333829057434,0.0014345220019393314,,0.03540783223805033,0.025071380518242738,0.02523349100861158,0.014079151274304315,0.02056131605441986,,,,,0.0252450280350294,,,0.04247300168769748,0.044217377544036145,,,,,,0.009132195912153404,0.03757623369772303,-0.0014326563519156882,0.013533809051852004,0.007043951049973971,0.03701338905417798,0.01853979251107397,0.04367914705939199,0.0013790893907242975,0.018885338256839457,0.011276875298700511,0.06588223236576646,0.01429587173330956,0.027067690911417818,0.028701995397586444,0.015493550766350783,0.0313942222650188,0.04319594555750372,0.02677070443318,0.07720434534898732,0.0020228311206019326,0.016632445842958046,0.04020281386184805,0.018065793909311654,0.03451600811229835,0.015602605590667453,
2014-06-01,0.021308378798245875,0.033139418448948944,,0.009217802438893068,0.02325675674351874,0.01056895906192438,0.025375600950802317,0.02256374097067238,0.027688330458752446,0.04622136593494187,0.009895923757978696,,0.061722432528527174,0.021116822559420628,0.04611946715399058,,0.011023495105167279,0.02174413205886423,0.011805612467208283,0.03253690931562713,0.031698185386886,0.022602196871175505,0.014052880928935403,0.0024323235498822037,0.01116119857751292,0.018014939548572983,0.012501624325535131,0.016781439171568983,0.023841303495818488,0.035461019437855644,0.02443327156638568,0.02075490409326647,0.020890280990574592,0.009904232079921471,,0.00789469410091568,,0.02434887659140721,0.01759833839280463,0.021064247323525177,0.012803309031247611,0.020695236262306373,0.002164272472130661,0.022701205252885052,0.02083554066898043,0.019494183472208857,0.02458109784831316,0.0159311188460637,0.03794858762770757,0.016075463881912107,,0.014245912836354702,0.0222557985409225,0.03427520138230904,0.03662140772957995,0.013251226495195311,0.021594560359294787,0.029841899078241554,0.012325092335559739,0.02924220936976736,0.005458005543782383,0.016933333621682246,0.019048848933257898,0.03650033176261084,0.023359819536175077,0.04812582965631256,0.01016732401809526,0.04506274098329467,0.024178795853181764,0.05971050071499935,0.018398410519408583,,0.014369347525947212,0.010725638087378381,0.018166656520425043,0.018839475851049746,0.011017756396082717,,0.041608126798107346,0.024123660036652228,0.03926604384935298,0.02659816289726605,0.026138480782202343,,,,,0.03766967534103862,,,0.04647185604549772,0.057133188400614404,,,,,,0.019144091183174675,0.044559698152268394,0.00932916126865635,0.02752850075028829,0.014402625747312478,0.027810540525610754,0.017311675925834158,0.04085511546945461,0.007919906357508976,0.02491513078155512,0.015473818956128128,0.05797296532329824,0.020293390467240113,0.042272323062477024,0.03473169238970538,0.021746331235476757,0.025333453147206943,0.046056628404997454,0.023475905585897808,0.05060305673184882,0.012691790091155647,0.02106759372051996,0.02498460926159006,0.03670087516494221,0.03287371052884849,0.02627719949887128,
2014-09-01,0.032014667616662634,0.0368823726624652,,0.006041158700312026,0.021500431917714367,0.004399093155508336,0.02881966210057436,0.022166268579475283,0.030427394016839835,0.04061648979404256,0.00713681567593232,,0.05674045559012961,0.007999481256477705,0.045145760758232935,,0.007245749341429523,0.01814528703988105,0.011812799490835775,0.029959962922851573,0.016697796817039937,0.027910756599024825,0.008805960173871115,-0.004385015691423209,0.007444438976705606,0.011071888700480743,0.01172998715995005,0.010576819752794587,0.024101167900405493,0.022733459861402787,0.016818986009922376,0.04467572571017446,0.012755494598373537,0.007053036962627993,,0.0036529479271446763,,0.02365406377015895,0.011094517177086474,0.022096784973447775,0.0107283633318718,0.014447040418899292,0.00019847951609514196,0.023173747280157708,0.018267963099362697,0.01496980213348801,0.02059373226860539,0.008810550924895242,0.035894127589135044,0.01605337781949033,,0.013677626479559364,0.023999023419762913,0.02697791946640807,0.0466034604005098,0.01677683678205093,0.019356742783501902,0.017500202242974508,0.0020020468879718596,0.026804492928754135,0.00030552220982384837,0.010280224647760716,0.014290932961972688,0.030606604738487614,0.01421078204747117,0.045480255004048606,0.00955715014495074,0.04939610542029018,0.014352634705150273,0.03354910242979387,0.016362600385665976,,0.008600240898571095,0.028830975738717388,0.018008095036604253,0.013900541997679079,0.01051560593755233,,0.0380856690922419,0.016219533447900183,0.0315586168677802,0.01925178331954858,0.02069418780491992,,0.0161422603372646,,,0.034911801543832804,,,0.053417893869043685,0.04991629492835042,,,,,,0.008997342175545476,0.04491735060867108,-0.0013917135421358685,0.017056775249653898,0.0010552560135963526,0.02331280104852547,0.013576981932378022,0.03159613371746836,0.006405543191842871,0.012174152168880507,0.0035021283573125777,0.049763476170730084,0.013426213055029864,0.05487844163249239,0.028492298046327767,0.010844342386018412,0.05102119489100256,0.03899719192458047,0.027252932320866178,0.042743564941524204,0.010647149001025567,0.03324507706264496,0.023263904529257962,0.022228589629505933,0.029979395354028725,0.015224619595558445,
2014-12-01,0.04602479330440506,0.05126247958422245,,0.01588277573407679,0.036534709700551365,0.014656847925289674,0.03527103294079072,0.01953087800263612,0.04025603590607894,0.05509787611919239,0.010599663274533553,,0.05524161103827084,0.03644753386568122,0.045000866029506995,,0.02017228692780331,0.035307184867606894,0.010009651479834108,0.036995110141970364,0.03285357342884543,0.03158003292361158,0.02499007270556981,-0.006849696710492348,0.011653065138046195,0.023785094165973006,0.01380460673953524,0.014722998484989185,0.02948212648150411,0.027117347871222955,0.04162318759228082,0.02399200292559342,0.020915055129162224,0.0028703345228853153,,0.009948110100369062,,0.03835454927547959,0.014883683428726098,0.048631941290991326,0.021673443883207914,0.02056193355794218,-0.004110611252760704,0.032188965486935416,0.029601210746792422,0.017746297187491253,0.02111322948198844,0.0216211000255049,0.05792412556769185,0.01763516957745138,,0.01100278463695028,0.026816372555540303,0.033956415405084504,0.048927428716021196,0.021258556455704708,0.037829365361451026,0.02384722771977339,0.010662958078783369,0.04748888553940819,0.007754668797113373,0.018619826198671304,0.026434580344249583,0.03805370399699358,0.01990252198583313,0.0502794686144166,0.013065173474137612,0.036864653872354984,0.019758999274656457,0.06528290855135307,0.019103803757294827,,0.04751711749886924,0.03277104425518095,0.022865758267514896,0.029143869846282467,0.016610378915451033,,0.03962692827241251,0.03885753728419385,0.031969079914677255,0.02987966826958801,0.03099585681208003,,0.02559714472325664,,,0.03366866454772368,,,0.0734561706320478,0.04685207430414661,,,,,,0.01489324436223595,0.05221541886731744,0.004360601805530638,0.02476476644792024,0.008876286239562315,0.02498836010370321,0.018995595266248885,0.03164857385483832,0.009658875888399305,0.02277997845841806,0.004936558490416298,0.0617101483188799,0.04348300878939523,0.03585224876928436,0.03440420333405584,0.01336026511739769,0.03715145456395103,0.04567532711810647,0.028697740404291402,0.05364864135403789,0.021890002493406308,0.03390904395192465,0.02768557161459295,0.032785726687816985,0.0451943548183349,0.035475078012257924,
2015-03-01,0.03746531126440498,0.048868753298309156,,0.020220880733939524,0.04656772624961507,0.011351951704199233,0.04008200337844156,0.026238103581094848,0.03804942147552955,0.057182077540036895,0.018407702357984855,,0.05676867493872908,0.02396997295543354,0.0503010515443814,,0.039190599636665886,0.03926718261856517,0.007569904839492337,0.019053802340004228,0.022888810739268402,0.022061317523157944,0.022936250321244942,-0.0030629683577644323,0.04389585538846066,0.029367352525441585,0.013956555790164112,0.019630749481340568,0.03107255658851048,0.04037960538779091,0.05897687538905534,,0.024728574055457028,0.010139439899726236,,0.014498436702407217,,0.049975520824006046,0.024090295769856187,0.03837275488692318,0.030332660811328297,0.022800640788722633,-0.0045848854459196895,0.05985403384710991,0.027145663243476666,0.032188970295399105,0.016446343836471027,0.018567398197129423,0.045998759325457106,0.029828036375899866,,0.012305574634465154,0.031819123421223276,0.035722288954901135,0.08206499753732086,0.020817942494344682,0.03892745838942395,0.022007586859288587,0.012434354863611703,0.038808005379507765,0.016369683522630216,0.039813300265888495,0.028670140943614166,0.04601065965029681,0.021962825389819595,0.05108244386507682,0.02301688475165696,0.02719115255363183,0.019013469735082243,0.04029432932555659,0.02611715738133083,,0.05391815893047892,0.017666485932617118,0.028147513240481953,0.027094978839399275,0.018050064981430324,,0.04222698039838706,0.03674234633112586,0.027586651715126816,0.04656689810291905,0.041147793996841514,,0.024409386354136663,,,0.028832469615478473,,,0.0386826675454275,0.058950807092492896,,,,,,0.030056009056800014,0.049072187238723954,0.011550828831226656,0.029125074184033792,0.021399141332317538,0.03941523473343597,0.015958574040531893,0.027287680892893625,0.011846114015587267,0.03452031208968232,0.019263986412114954,0.05621863387147075,0.05122863805229949,0.03926748953726528,0.029618813655893632,0.01725112344166379,0.040266227352556444,0.045797543884231906,0.022025528354225842,0.06824312801876889,0.00992291663632885,0.035769886400528236,0.03335089490819466,0.032465090392225705,0.04280302403817146,0.03384264608724374,
2015-06-01,0.049231695772332655,0.031777457864867215,,0.011653252427309128,0.03378632237169249,0.014715081395034144,0.04546954966125669,0.01952961375719251,0.026178640827845854,0.047897587100005065,0.030857604589354007,,0.054478329849379996,0.02723826164969766,0.03556490638980896,,0.021127724331760123,0.03150629163758764,0.019872888412555904,0.03263275085574751,0.017423404315814267,0.01076654989586474,0.019732949084972685,-0.00023030899049196037,0.01931626652579042,0.023263021659572104,0.03284003437476899,0.021117351725829372,0.01849563131528743,0.03941582697863242,0.0463738595487457,,0.024825537996004315,0.0010914699561570748,,0.011099270759990256,,0.03167780510414535,0.019016297888075493,0.032443370897447844,0.021216574358791197,0.01416580017771653,-0.004340504222819855,0.033554884913947855,0.02437115151695163,0.022246043412858397,0.021369678440147824,0.012178461864028624,0.037016661583290145,0.02848077127372669,,0.01604334819333403,0.024916599068706836,0.024677950841617013,0.04895061812604535,0.02221134716105987,0.04258884850050451,0.02427376771382229,0.0174534942111813,0.03794847017414751,0.015246400156517459,0.018937903517428356,0.027302790670467716,0.0360684057573267,0.020632714148299477,0.034049781558641905,0.01866183311027512,0.035580252032118974,0.0173922094470511,0.04565734795221189,0.015330461684733019,,0.0404291945470485,0.03448200176474423,0.026623679160772806,0.023194979932743796,0.014052428575589198,,0.05524650014939813,0.039563372561502115,0.02427999380065565,0.018176504440119538,0.03246438883271561,,0.021184317565494028,,,0.031712147540821585,,,0.03651500629467825,0.047156109540124766,,,,,,0.01937041664864452,0.055157584199369974,0.00763196538815547,0.018897614018689352,0.014008849446963227,0.03621916062719329,0.016325604986799917,0.02922220188891816,0.012341606949734317,0.02708317542968494,0.012467766504828648,0.04679127262671381,0.029543518142310016,0.02880240431538429,0.029011684966605524,0.019505162444550982,0.02131028643956444,0.03970377926641901,0.029515992914261106,0.04593677446729433,0.010720279660889951,0.03382305861136748,0.023830888428923735,0.02561277902234854,0.035802062313865325,0.02866827229393438,
2015-09-01,0.0522609693124703,0.04262377136109576,,0.014949239073088136,0.03495222696917347,0.020059626143997797,0.05821438141221157,0.027028453949591746,0.03734136397510213,0.06302774857485492,0.01704810978545399,,0.043372664765846045,0.0465986361616483,0.06622509728573284,,0.03374946468225106,0.03907731295456925,0.01622971300396567,0.037799556869198406,0.027412379596409565,0.02465834349324734,0.02750497000061439,-0.0023061446519842548,0.022613213111143556,0.018567119913787736,0.02826072369155497,0.01889361287923933,0.022410731818611942,0.03929102264245788,0.06129304145940611,,0.030442306030472016,0.005307002781256496,,0.03249207764833926,,0.015571612391555635,0.016708684950997216,0.05397560132051485,0.025634515513555386,0.01279320491287557,0.0026696571528614025,0.04074347162212626,0.03003158604720874,0.024875896149929848,0.021890478690282485,0.01897867223185986,0.04055497948219568,0.032696125454053024,,0.023584018324546215,0.03138552460632345,0.03543702682885502,0.06741978603440417,0.025267638104409466,0.0312355417945244,0.025963713381133725,0.014487942433058681,0.04450512885645069,0.022130339209711292,0.02673232125729271,0.024800117917700256,0.03930697989852845,0.026475407497027526,0.03247419235724445,0.016692413163542256,0.054093557861185346,0.025704185444456122,0.04692367322643775,0.016717830613424887,,0.0370218119044991,0.03191408140642383,0.03514782963916596,0.034262102202830345,0.019201402813887186,,0.06245624320911911,0.06429706720163755,0.027210056489980344,0.02061985138374882,0.028853852333348393,,0.0240752519705667,,,0.032899269690679085,,,0.03757084259173569,0.056883124796609154,,,,,,0.01054440642109018,0.03949282067707656,0.009623726484043929,0.024760523533812143,0.015688391385324817,0.02502317612266542,0.02025431030711533,0.03435807138362509,0.018775938200018306,0.018844550277201527,0.016513532426580605,0.04379948532639419,0.024409651287785366,0.05562104936142191,0.03532857799317085,0.012652837297850827,0.04232329402872729,0.04068923970433409,0.03373253781202866,0.06023146105204925,0.005095252705287791,0.031581233226420834,0.028667355592136998,0.03889008312919502,0.03216768972969039,0.03231663970465121,
2015-12-01,0.051107670980411656,0.03559115135604552,,0.016457579450722654,0.02982948516328719,0.01751169775581523,0.05082346189987556,0.036519069906393614,0.03309068126687862,0.06544690320356424,0.013318212259100787,,0.04248507758083929,0.0498177796458886,,,0.05529737183273656,0.04523290975180662,0.015268688317057619,0.038048784422145945,0.03958671609423052,0.016974580093017097,0.03616298312939362,-0.0039796892367407605,0.025959775415529365,0.03774600296718054,0.03980439331241743,0.016708060237890666,0.026539342700192457,0.03141739871423327,0.06588243591153681,,0.02955506198310363,0.0048687949068947165,,0.022707285971014745,,0.010501813452964533,0.024735767041954015,0.06233575909550962,0.024517042320032472,0.025879763728959823,0.017195705087897438,0.033923703996586826,0.025356232270627766,0.026772158126149085,0.019621004164270133,0.01555447436356381,0.04088236894830951,0.016525255121239,,0.01325050144969042,0.024597324747282694,0.023857421951054815,0.06635184706245222,0.032356827407078154,0.024949003653308845,0.0250335369313751,0.011462556752327002,0.04362255967031509,0.00653660955174131,0.018907492022502536,0.018999940422187958,0.03644260736361235,0.028805888282468377,0.028557102621490603,0.01245162482888956,0.04765392865519089,0.022698499006171057,0.06780382078002994,0.02944097607134347,,0.07411721494491927,0.04370748981285951,0.029808512023267716,0.02817365158082092,0.02265496564634933,,0.03810148014751366,0.06004867435697278,0.02988302354197967,0.021692923911200573,0.02837878721587586,,0.025335425749878935,,,0.0276828616177513,,,0.0337309575585799,0.04710722422448949,,,,,,0.012358764366486013,0.03734106530169383,0.010494602872657952,0.02314146211347406,0.02184126156235871,0.04500257738928546,0.01454171290091221,0.02897896544582764,0.019272968044921276,0.013968938336817774,0.009243061223809784,,0.03636905893461524,0.07656373179062723,0.039983523532613155,0.013784031880733847,0.02119555694707967,0.029904338414296346,0.031008465123886223,0.06391218416884144,0.007924671981353486,0.03462927881149768,0.03885134129530091,0.03645357851324657,0.041212666366202966,0.021149599806428755,
2016-03-01,0.05968743597662614,0.045665008276600014,,0.01831534907038898,0.03598664607160121,0.023546597803739213,0.042343190460369044,0.032274690931935746,0.034216759857203655,0.07537946494563812,0.013293132674163231,,0.05376488206637366,0.04487329817395478,,,0.06263731535504548,0.027259326376525502,0.008175288405199313,0.040416664717877505,0.037339605169758976,0.030349260774588317,0.017573069232419188,-0.007909640827107978,0.024871003019876724,0.02775137952677254,0.020483054233636448,0.02749329051804975,0.02222706436195916,0.02952660270697576,0.05209125837765924,,0.028155196005237415,0.007512992981432497,,0.01866524300764365,,0.014784109798523536,0.02772311436255621,0.0351628501682018,0.02656080920298267,0.014480943492516194,0.003864433847519395,0.018896666293978702,0.025719737990291525,0.026595839266874814,0.020740256874709134,0.01706366460490587,0.04000679923319833,0.02897442357223393,,0.012940175097632976,0.03908576454471699,0.03109068388200855,0.06308533038743659,0.03584598667898113,0.031854225745973325,0.025996919798988914,0.0074296759528404135,0.04611742997649702,0.006919655524417551,0.03681706049740039,0.02471802832243062,0.039223510018190216,0.03091078439988954,0.03334831133148959,0.009544285531953106,0.05163615967172767,0.02829957134353387,0.049002256073500255,0.031114521891245295,,0.04301244411639537,0.03991408392331396,0.0356402566296277,0.038796408087519704,0.018484760167504142,,0.04164333378645548,0.03774349095799382,0.026970506161626977,0.018492825524421632,0.03255291162950405,,0.02715222316483387,,,0.02665405302023909,,,0.04156621544500999,0.04855820883771238,,,,,,0.0292131675621658,0.0404207915921108,0.008828001593918538,0.02933688228762308,0.022028871386974968,0.03431382519282241,0.021344039878797738,0.025654298419187663,0.013568319585807991,0.015869126693560238,0.014128008439941228,,0.02550175095663275,0.06537761956384397,0.044105390639393297,0.01613341693356112,0.027322119688091992,0.03278154026859092,0.021819488161961234,0.06970696810113089,0.011561307901250675,0.03682044927923739,0.03361603908782991,0.024964510045261706,0.046869682491597765,0.028248228724804578,
2016-06-01,0.05992025872200662,0.043688851328415025,,0.008679083382799137,0.03159382944848314,0.015085599065645055,0.037244292411406074,0.025685033218506508,0.03118499455720011,0.05676079804295424,0.009962235158569015,,0.04626887056858144,0.04807714997157463,,,0.03973968052537109,0.033729771030298464,0.018223022353443835,0.041590964935980905,0.038053127403948894,0.018533411194006987,0.009474426677950709,0.0034905303813412164,0.018300712084103766,0.012423553474865822,0.017849080794169678,0.012253699573321177,0.025753065707947463,0.02876616410234832,0.04310144238753194,,0.025621890192917385,0.005558291102317522,,0.02019861106895596,,0.012792110881186423,0.019128376583931826,0.023185425134882264,0.02133514598711732,0.013914546383567993,0.0247382731280895,0.020106111443000944,0.015838310140926862,0.029317117359454685,0.017634439871598233,0.04108557420759811,0.034753382362101834,0.02232798311997026,,0.01465260697184705,0.029486961438367203,0.023340423362775305,0.041154752108597925,0.016666919682578905,0.02828960915926995,0.02414599387620413,0.012172432333242262,0.03132710515678369,-0.004784827246099712,0.01284015608895634,0.0266485291402793,0.04048809141578344,0.025756630348176133,0.02686846072170779,0.008654421970966239,0.05019689851914465,0.021089446723286005,0.05010652317459163,0.027953427716323344,,0.06328341171131463,0.02911090269020744,0.03296600743369355,0.02788736234791075,0.01038356559650133,,0.04733783308878775,0.03777168496086793,0.025890497298201035,0.019487541723749703,0.032273806527945724,,0.035844078907945824,,,0.02636216354809102,,,0.030968776158621515,0.0500202592620756,,,,,,0.019710353864581205,0.051554070007303734,0.0021812249904348846,0.021600443409347334,0.022975044091229573,0.035433459684033546,0.01347620416192444,0.024054505423619008,0.013417642121177034,0.020011202650337827,0.018678929097424305,,0.026350574053692837,0.05136828661183177,0.029610476125238514,0.0276916767088145,0.015095432112162618,0.03090241844990566,0.023590753768579706,0.05499438727173038,0.010323212785707954,0.017722789143045033,0.03559050364999437,0.04610779397034857,0.020204904718884312,0.020059458482798487,
2016-09-01,0.0615682258661219,0.033712941895591875,,0.011514873541851944,0.03038774756104414,0.019320161853937194,0.02549285411952286,0.012408928500627348,0.04800063673304538,0.06602959395071564,0.007360570360490088,,0.03858719038952499,0.03034276602428062,,,0.027125422424262028,0.03130412968893967,0.0175752534812363,0.04735931846720441,0.032825148813843054,0.0030534982117167687,0.004057408934607662,0.0036922685552380806,0.015779983361952653,0.01959721804238615,0.01789005212144546,0.01028564217709227,0.01838860770459784,0.027270353906087938,0.03454301173222909,,0.027097481146850934,0.004562192882507809,,0.021624104258894515,,0.016704803052296168,0.018929166761328556,0.03170382346021749,0.019197907833222397,0.012293820552993965,-0.004810043923428411,0.028459892015104717,0.010596452527727052,0.027292394721211664,0.01483902199580746,0.03441693964640914,0.03445968067777931,0.021242696258605292,,0.01958042479582365,0.027230393183742933,0.022017304890724888,0.059436196627959126,0.02354373818245232,0.02744796983744454,0.006802373210558828,0.005242235351443481,0.03410398573271247,,0.0224050077132211,0.02099179167682205,0.03808349623256246,0.03062619619351692,0.02193647552060088,0.010542371516529805,0.052441367265566106,0.02466530227357846,0.05038222381385556,0.04424492784046935,,0.07160149668471867,0.04976043132102653,0.024038879787202407,0.028735126357063476,0.01969279605705377,,0.05142104576099541,0.03511917295142187,0.027409674051991476,0.014738288954329205,0.024989025850362376,,0.01799196879043922,,,0.033486507676650325,0.02381998829781693,,0.033769399747560255,0.05113245413463529,,,,,,0.019010086136296858,0.045809630419519666,0.005139173410069619,0.016735607851905056,0.02508955194356967,0.042262465968360786,0.01171676061848029,0.015946593106632313,0.02097071767292943,0.012184437707066911,0.013409938189060666,,0.021892406703138096,0.056148334243635266,0.023207430825208243,0.023356627665494793,0.027723072329148925,0.03227279423466481,0.029379309700172378,0.0626650143546268,0.020766194146253962,0.01878590683811011,0.04520943871388813,0.03275445395160969,0.022381430241257553,0.018018131334364654,
2016-12-01,0.05789514577036325,0.03798506404283386,,0.005196930571793962,0.033990183983603005,0.017120862414153715,0.03181628960943548,0.028203958429290313,0.05137434231873281,0.05485865570858879,-0.0011850822830855301,,0.03558659614786017,0.05507186568944718,,,0.021830360036212262,0.013592120033715651,0.004376307822747898,0.047248083773141866,0.03863126369490448,0.005208276981103044,-0.0002382617713473544,-0.013366319457737221,0.012026464967244238,0.010198829397829411,0.015204779357351208,0.0104112847633687,0.013402929003741609,0.020731957424909436,0.03495773645663239,,0.01918579051082425,-0.001276254261589338,,0.015745294148279382,,0.0010993215619648493,0.019642772616640714,0.05899307576691284,0.012450311940148513,0.020224205196779074,0.001912760941632141,0.007950231967227066,0.008512973211216544,0.02312617065984635,0.00926983536994652,0.03947669437823771,0.026697348941525974,0.013054133899554912,,0.004651581344059083,0.024542032307593317,0.012035966609519706,0.04385025988312338,0.016344271561813208,0.017447783820496263,0.004480269338208979,-0.0013467133084399388,0.043667117821768645,,0.008036359139299344,0.015436770935546372,0.03228999573339357,0.025790183272586018,0.021740624820153345,-0.0001276341528246091,0.04761947156587033,0.013428770094484635,0.052181422593559096,0.033303482558603006,,0.037104837584665866,0.04095155212593376,0.02425895946469325,0.024949434674646418,0.01342366061555219,,0.020365291571488777,0.04219847833081831,0.028008689088678203,0.007670602122206872,0.02572149169393091,,0.02318609787053229,,,0.028001856691286013,0.019671468992708784,,0.0217509344478661,0.06532116545778614,,,,,,0.017714735462393973,0.024583626291474613,-0.0037085762274827665,0.01959915428481479,0.01861615798071746,0.03180410410198207,0.004979993446546065,0.017186000783995785,0.016713745488943253,0.01584870300420034,0.007605251907487506,,0.010301709531882941,0.06146238247333142,0.026506812388404705,0.023829270510677732,0.0018123283583524072,0.02973133679531505,0.030586679509570995,0.05054232936223426,0.01839481187832212,0.007494936507408156,0.035130534836673485,0.020597127550526992,0.013858428786868424,0.012448675956169395,
2017-03-01,0.043652290693580925,0.021180372858072196,,0.01288167927847717,0.027835039045914726,0.01746392050322613,0.02460537323585192,0.027728489936380687,0.029275303260484175,0.048272541863717565,-0.0017076918826996336,,0.02097532748670295,0.03739677903781805,,,0.024518073402636658,0.013584735215676455,0.005697356996982461,0.02915587906882338,0.0235380685778793,0.026252182854030724,0.008218684004237082,0.0008035698640926447,0.009960629093299943,0.015483139059426101,0.010487737188249142,0.011430363333781939,0.017228966436914663,0.02282182455947347,0.03558160996904408,,0.01972424181812405,0.0033588266058933694,,0.013048408388376492,,0.010426268235976685,0.01998830866889322,0.02063143118905898,0.015678544362061005,0.015607866961439436,-0.0014502073910291962,0.005138198161838986,0.005014545859728291,0.01749924274955564,0.011587609767265831,0.01615109841112589,0.029811870729854136,0.01973727247066468,,0.003001557973391385,0.02337744548867485,0.019693293950898673,0.03043654624457204,0.012792345832013682,0.021124275104809822,0.012885713511068757,0.004509660763243341,0.014615972885272171,,0.025513420507065655,0.01051125375477883,0.03104620193948835,0.02476952599227573,0.017928689303946282,0.001094641370395269,0.037692988621703886,0.01891039239591569,0.037982595690645195,0.020913298725338404,,0.041742214002948544,0.033754755635714,0.02370745550586697,0.02377140273654679,0.009250329790245955,,0.03054845121944947,0.031099724952644153,0.029499733725406672,0.01623733807893471,0.0196260763121243,,0.026054125034581162,,,0.014190681411991752,0.02145021341580205,0.050341795055487894,0.017878358956829342,0.035947574655643494,,,,,,0.011176304958687584,0.020726961556582657,-0.0052319594392381446,0.019136778078773013,0.018100280025783778,0.017293637390123226,0.021064404563361783,0.009879304163011084,0.002814724680897747,0.01396105362864412,0.014157480031317074,,0.01390485337821024,0.03925308431435333,0.011340979322185056,0.02016765690346973,0.00451707839403186,0.030639221669721745,0.00514258965266894,0.0631924361967048,0.010268865606227385,0.008802343188551852,0.02925673807337349,0.03462396348839677,0.005298711366808633,0.028374838420561488,
2017-06-01,0.03597823893395553,0.012629712676338336,,0.0027247782902176726,0.022079601705536134,0.01805463423109629,0.012858611452360119,0.015937599612592317,0.02156679026503434,0.026652360999974693,-0.0034690767978072202,,0.020882254314777065,0.027775182782592455,,,0.011440222075514383,0.008594491294115368,0.013645857063677541,0.030377357628244835,0.021881822155673008,-0.00471637812767783,-0.0004229222270183865,-0.010775618434123196,0.0038415260682207087,0.005263707113192756,0.014272955810355982,0.011661458372297767,0.006637775156080886,0.030190781444631623,0.027976212749499265,,0.0057754598889308605,-0.004709583818226821,,0.012354769606388306,,0.003276476383662602,0.007163427226041084,0.015404265735816717,0.009970068627548047,-0.0021046974663470786,0.00031267456432539016,0.011659088390526944,0.005983393764006026,0.026168468525997267,0.005659781515921285,0.021662192375664212,0.011577783292168768,0.012134155978334981,,-0.0019905486928591945,0.012360378546318914,0.010445735023745807,0.037718749930158293,0.006403442878340379,0.0057549220461375885,0.006636202345863069,-0.004703784715689643,0.014340461220050548,,0.0016098527985454695,0.017133575181767533,0.02406254281634063,0.013107078044027451,0.014241205621126915,0.005190410868638373,0.018403529979646626,0.02028122699091796,0.03783601732655079,0.010751848854691094,,0.014831374296145483,0.013740518294010571,0.014724362096238786,0.009507159513093997,0.004295366360348925,,0.05140912849188148,,0.019992537688761376,0.006755168232980681,0.021777648368464003,,0.013180203210605482,,,0.021086821056632066,0.009023814714780663,0.06714752822123361,0.008762728891527665,0.026383504499627102,,,,,,-0.007806608788995556,0.02400222229725669,-0.005970255228171648,0.010069901902597716,0.004472267415671504,0.01502312688935277,0.005025540011878819,0.007435186668521425,0.004355841722663928,0.020669481266859725,-0.003360271501217589,,0.01634706720637991,0.04637898873241494,0.0017376877478705417,0.019160903167867407,-0.0009407490546757099,0.014656941176008657,0.007451266040378421,0.029316074494659082,0.003349439502892607,0.007605945234947111,0.031469977624083996,0.01104254959315947,0.0013988609865035954,0.00928144213970767,
2017-09-01,0.03957903132647206,0.03154797514711644,,0.012290402540959432,0.012827923196381034,0.02477708115808811,0.0376701927278611,-0.01229294548669356,0.027643655724716408,0.03870877699329119,0.0054304888036534405,,0.02053100332737908,0.0336090523020395,,,0.011505780150758156,0.009661689274974586,0.012640335025068361,0.026648029083041966,0.025386937884518793,-0.004359409656406941,0.0007953551808584082,-0.006549439415636818,0.009372892608271337,0.006198789093562819,0.008558929889179188,0.01649466867642188,0.008227447894261254,0.015762912796798333,0.03217784798226259,,0.010234674240489652,0.0010975886896239823,,0.019798043492436343,,0.020200042898741888,0.01566591049897315,0.01921838994940721,0.01884997839986714,0.00048643234069916405,-0.005501861354141355,0.013638320764968303,0.01051707770884474,0.016947249375585154,0.014535970140778174,0.01772893890472015,0.023599194983743136,0.019030162024290972,,0.013418778901961897,0.020815394467482973,0.014088733501152684,0.058999910788850016,0.009282602817593515,0.011233868919916646,0.00775487032224778,0.0007763917036775723,0.027203790654798884,,0.011128577034434949,0.017825616193137533,0.024698940082078905,0.014055603190523645,0.013623301951716429,0.013547869059736714,0.0283603986700578,0.011681969701517277,0.04209386035460122,0.014969850581734416,,0.040812813698008654,0.025184932382529633,0.02298502825540763,0.028680512415019916,0.011870390589297168,,0.02262262629188956,,0.025752747932593394,0.016466393233788238,0.017895625224289936,,0.01821483136002081,,,0.02166236149500932,0.011489003163811429,0.07212212875185343,0.004781829187577339,0.027636492685477507,0.016455181600135114,,,,,-0.004081102655341962,0.03303678370473898,-0.006809965178324076,0.015083711391695669,0.011765026525276905,0.022307344609048457,0.01564318580691371,0.007753125430205159,0.007844800842230182,0.013437756880742575,-0.00683505865901327,,0.011830306775886432,0.058561206474751784,0.0051464010236444,0.03086712073179727,0.02713596860038582,0.022415720944657012,0.01748682473488397,0.019302819772891885,0.006857961177739187,0.013055189636915076,0.035853039973983473,0.028270295575679612,0.007116323165150208,0.01996388036724617,
2017-12-01,0.045538322704643225,0.03914178209941189,,0.01042173178287729,0.0222485003661923,0.014629497771158944,0.02422272137768088,0.02049335291460397,0.025777493689283282,0.0384963382187025,0.00844947215646365,,0.015683670286535147,0.04909360833724366,,,0.02185809930164832,0.008945746272620249,0.006245449233448536,0.036988073092006794,0.022972177789321428,-0.006122560257432588,0.0027944253472580523,-0.006685216921727012,0.010871361364242316,0.02153707863894329,0.011560440994619073,0.015107646258137465,0.008276447533571124,0.022623337292634545,0.04680150404803174,,0.006767284238405451,0.0012153725408297193,,0.023863331253376318,,0.013599307249617295,0.019436145080859005,0.037592866994063494,0.0197517528452905,0.01320396888259056,0.00042346836052244597,0.009712677641417068,0.02388801244887401,0.020546050884271503,0.0117271014621187,0.017503048889955644,0.025545769498288712,0.014906140164617755,,0.0051467490313794806,0.020939521327140515,0.024407173294115077,0.02460730386654226,0.010117585870885102,0.006934076726250362,0.006958224535310993,0.0005143706330005842,0.04339896209797029,,0.009523332029012557,0.016598627399479128,0.026874316465742936,0.016547741971275037,0.012784393352887426,0.0035173812490623996,0.035801522946732,0.012225706555099032,0.03789069277558066,0.014835645597080742,,0.016069953422889773,0.0363520591064265,0.02293688870319287,0.02100483792340705,0.010261321215526158,,0.028154397283562276,,0.026403620906699503,0.021768387709132784,0.023931230986398034,,0.01914212730594824,,,0.02027975180523652,0.013982486383346062,0.04371416720248435,0.0021803764497465936,0.02088063493514457,0.013395237013467115,,,,,-0.0018787666987259144,0.058229816219012624,0.0031122395902374598,0.015270251826004715,0.006893730421878966,0.01890456649083422,0.012642101755876543,0.0164961155601995,0.0029397775039638335,0.00961726011817655,0.003779926422407027,,0.021837055527382115,0.04583074401541517,0.005688209576618131,0.03013978399516248,0.014021598290243397,0.01892222496912882,0.015700797603633045,0.03878392656986079,0.011366452749340176,0.005751969067287925,0.01897263869452049,0.01992255226483698,0.002078237040854441,0.02320849227608056,
2018-03-01,0.029455772369131387,0.035841415118113,,0.014021007042304695,0.021791037385215612,0.023347205651101793,0.014276825734866574,0.03060727563373034,0.02164724050421493,0.0509864461623491,0.007309677391767354,,0.033693800216923066,0.03841120947084473,,,0.024437154104172017,0.011655112339369477,0.0013797085959504013,0.02035759779706249,0.025566391001032963,-0.015515956231122707,0.01925160656941723,-0.014263406626484707,0.017455870702047162,0.024439525413854978,0.007385231449295504,0.016509365936497093,0.019666119056235318,0.027221039166862485,0.033802821121155194,,0.009108490815830985,-0.0012907405550097117,,0.023174746837696318,,0.018777384963942795,0.023438304806416878,0.016001343104965874,0.026229902563634677,0.023373776060159418,-0.024069828202489308,0.0058660044326511685,0.01961844281404244,0.0228557739216777,-0.024213824419817183,0.044374459569498086,0.027616331771456504,0.0218465962645217,,0.002265124491491709,0.029784880551278148,0.028403875832176798,0.028933024376944675,0.01682723452574365,0.011796960693162366,0.016161099802804012,-0.0007669678312257859,0.04264328729529007,,0.012894430742641915,0.01955327413432066,0.028391087931557774,0.030849605154592785,0.016525559369707347,0.006634364541978312,0.036755482658497686,0.019191710074407998,0.031772265365522176,0.003786521350706623,,0.015625954604858563,0.031387246852167136,0.031265582273453815,0.015853404732561367,0.007522804073923187,,0.041166433208693134,,0.025453782183392972,0.026220634591397368,0.021591139515994687,,0.023871213269427108,,,0.027831099840953243,0.018946291024265947,0.03656747501830487,0.01414351084399746,0.014922626991716714,0.03249131396869521,,,,,-0.0035278208713704264,0.04354929811952925,0.004578366162705634,0.019040199219139253,0.018787092274765493,0.040418418732074156,0.017712277911188,0.01901218126330398,0.0017619324028714724,0.012379955367825338,-0.0075125861899897365,,0.02026723892290493,0.03404052966784635,0.0013104606614927114,0.025348333664950644,0.018676437864684092,0.0227410556488101,0.0033487853731685242,0.038150067719243855,0.013774053777636887,0.02898705941748795,0.020772683964527503,0.01857069044615602,0.007116124240895,0.022924614140056077,
2018-06-01,-0.0030989908691943023,0.023492967653513466,,0.013258066979078822,0.010799837558095991,0.02048734431705422,0.007334934151199389,0.01923890805452904,0.015773598977629734,0.045205930232869465,0.019491147040611424,,0.020136974027144296,0.01291928354113136,,,0.012804923549597084,0.005876867630346714,0.014557765625759151,0.024552166395175826,0.020590705588139212,-0.017268136979097636,0.0024953505383846246,-0.0229383370756729,0.009037568845046686,0.0061504513862788626,0.011793627658562518,0.011865321544910053,0.010277697471847725,0.02511210172696341,0.0181576951583613,,0.01063081431513879,0.0024558478765037777,,0.022654317936694538,,0.019278979009691194,0.013655118309102186,0.0384826146715126,0.020295380556924005,0.006209696997381631,-0.01734628274627764,0.014936868765767369,0.022040157689194876,0.01669425754143746,-0.02930608858830365,0.028064778117261727,0.00923293498177027,0.017337578058791384,,0.008204957360000417,0.02828638844701996,0.02161420528168115,0.04911955364091829,0.021110900718337548,0.01805758410920318,0.016391007995477373,0.009791992227767898,0.03239097916018943,,0.010657605773515069,0.015518897972564373,0.029163920727483597,0.028269455841464945,0.008124340253934804,0.020105326094993804,0.02527152132116158,0.015637210424710387,0.048396140591417385,0.010214247809673086,,0.03133308431964423,0.01620620742435759,0.023557942813070526,0.02076444375877498,0.009073221580655034,,0.01524364907218362,,0.02267277070277058,0.019889558627080722,0.013904610768899697,,0.01739861094104549,,,0.013145352142194096,0.009056630304731505,0.03856790314093242,0.008916095461740537,0.017561813141353265,0.011202444509433593,,,,,-0.006615164035473547,0.04088390545263366,0.004230891041517951,0.019717627393236407,0.006310167473032066,0.014264452825483352,0.013893298851166493,0.015018860640787226,0.006381001997265585,0.004678805241480021,-0.0116482814244554,,0.03736552741184749,0.038868109229695864,-0.0005315565460603794,0.02143055494159165,0.01471736251186722,0.013488383306571814,0.004764180973592512,0.027636047537639687,0.0023646576536687927,0.011939354231817516,0.026420712423109293,0.01707322793891826,-0.0012729163962562438,0.010199848713581372,
2018-09-01,-0.019560236555670196,0.041771260811412955,,0.017613979087973596,0.012278085504657619,0.018808795801472954,0.007023824593324615,-0.02791616120067166,0.010812615279013053,0.05449976905489981,0.020719752989381935,,0.009702228835967554,0.023806174310484186,,,0.010742315219528542,0.019939514748277265,0.011801842125798268,0.03145114588422755,0.025763998298661817,-0.030249445639317064,0.011811924600210324,-0.028031383358428655,0.013807998660952964,0.009992040137747089,0.02327625347375707,0.020363828233301087,0.013388362100098652,0.01974204667393563,0.02117271037366252,,0.00734579825841704,-0.004619911861628516,,0.018243484831206865,,0.012328400991197745,0.016746528270238675,0.01451276827254847,0.02285463852416643,0.015572910942436582,-0.036757620327154954,0.006845309251557761,0.02484477891979703,0.020061616730481884,0.008999913785985962,0.043869031927567345,0.02498878825215535,0.026304318504278845,,0.015255519184643929,0.026002640690663065,0.008899689561707103,0.039810683130849865,0.01571557966977143,0.015558815312810717,0.009077643055795894,0.014068540740063829,0.039047041040242716,,0.01848962256038064,0.02634768667132993,0.02711665021896838,0.026381987134376294,0.0106302426281133,0.009693325872965836,0.043447403679799664,0.015703279501867336,0.05746396743005744,0.007667483169463974,,0.028196636452815338,0.0300963150162296,0.031154177447887014,0.029458662973876348,0.029964635321648045,,0.026460393825705527,,0.024006304330309747,0.017469261081925536,0.020271370187934817,,0.015359824575726027,,-0.0032726317072482775,0.0024557621159840047,0.017710355503152822,0.051756735197727,0.012618451328187811,0.02147146788560691,0.019510515598936237,,,,,-0.011298369404422293,0.016749121235746577,-0.0015892703398999034,0.019969770497858304,0.012300745254861417,0.0268687473205355,0.013628420218197995,0.015758339569646,0.0033570682737580045,0.0010427260435675368,-0.022763048756325666,,0.014613660577462727,0.053126029213254794,0.006764412355962015,0.03590605487638557,0.022897270805539018,0.01748485239312236,0.005268636902637152,0.026323981752179107,0.0038539117934230276,0.014401875182829314,0.021595545400820152,0.022311133037897255,0.0021674236015147273,0.014675984929997977,
2018-12-01,-0.015416764439424717,0.03503125824852653,,0.028021258833356422,0.013327132588699653,0.015134600283179226,0.00975204794457961,-0.034996900482924025,0.018009020569722086,0.04665069253531079,0.02050976522124856,,0.015869149846056134,0.044448914176022036,,,0.01395833123677417,0.022872333231834616,0.011445819352187865,0.017102595880743223,0.01392984488742806,-0.01975261843229014,0.010677306996421223,-0.03281878618527721,0.007312321804065254,0.002209382768616175,0.010793174632282911,0.015305489073600345,0.009771810146225152,0.02195279527215096,0.010627530924717188,,0.0086258082187602,-0.009497647156144182,,0.022951041603987764,,0.006112186344567843,0.014066218096646503,0.020222865924163697,0.023011791365866226,0.0190908248774696,-0.021230550960520914,0.0008200352821962013,0.02817718339909455,0.021088793467101713,0.012792302866505498,0.056371074673478676,0.02350309664277732,0.0250504569674088,,0.009279379620250222,0.021039217535327275,0.016795683545198586,0.04370828724398115,0.010190699589395131,0.01611914998992318,0.014336182011984217,0.018101092981070866,0.049231512307968225,,0.009878534390036104,0.02627262659460504,0.024708664384446844,0.03311125324541333,0.011697277553968464,0.0019312623456665986,0.02506604797758301,0.014242652705026206,0.0361083440004842,0.01412571646836601,,0.023691588230095005,0.024863752525900423,0.025410185141738924,0.01717501641579669,0.01589942669294914,,0.029434682221658504,,0.021526259041356785,0.016884606638246376,0.01802984546218453,,0.014049136368433267,,-0.0005084372355093142,0.016602480616415182,0.0036703891573841557,0.059330769488145835,0.010236406694313409,0.023602636543921997,0.025568098701460817,,,,,0.0063880502641003225,0.0166960756592487,0.0017836956261440564,0.019308748507471617,0.006541705425554145,0.0335765065461071,0.033140402858689216,0.01285653880507019,0.00602283214025305,-0.006681750021647868,-0.0220186488689775,,0.010678698804187734,0.053693570650605565,0.004066033639236719,0.03337296316751444,0.01653640378092827,0.019039587249776207,-0.0007414299972181988,0.0355599449066177,0.011657393870800227,0.023125645210618946,0.015667373483427182,0.022058345785025447,0.0033146963773851945,0.01764392907177084,
2019-03-01,-0.009335993962153644,0.0313081548658802,,0.029996474567208463,0.014108460882914649,0.015038432056323698,0.03174355312035164,0.027226332160852112,0.02151470286614316,0.06218393483222648,0.01685243438486528,,0.024753361545682275,0.03915365183093343,,,0.033725923424169496,0.024504875019743463,0.005022629433117484,0.038914337263185134,0.049632510587850155,-0.025345203019996754,0.018774132150253017,-0.03148747680747206,0.01761551037108332,0.02704877321724805,0.01033104257975445,0.008605800164187575,0.018487129463803615,0.03169284388204135,0.05192131000911709,,0.018954869327221298,0.010850805204170604,,0.02746907566756522,,0.009903704654048561,0.013769249836736656,0.02669894747786846,0.02577471385395233,0.016416575603090656,-0.016228711656933566,0.012429707347649543,0.034446212938377935,0.021205723839140767,0.020038922089620374,0.04736737094025176,0.04123465454117019,0.030935846794687485,,0.007245894337539898,0.02797458082285715,0.01503076246293296,0.04585198875844428,0.033768923577498014,0.02685072611455568,0.01224175560447437,0.020176309446762648,0.04223187422014134,,0.026022283566626905,0.012651003126239147,0.02783098123433722,0.04841328771579802,0.03354683072633958,0.012133415692090165,0.04910623558108245,0.015490919976725017,0.06938911241323116,0.030401241257258068,,0.059095477975895074,0.03635221687643741,0.027523208479873836,0.025505742572861992,0.01086875178225915,,0.03393244036007582,,0.03014602362648758,0.020366107535698612,0.02295345074822981,,0.017766237344477735,,0.007575372389601218,0.029507697232905698,0.017183912331101822,0.07976392228437247,0.016295489524858296,0.016361879283077124,0.05828931818437618,,,,,0.012391071972284708,0.009834009234167981,0.023459769240557732,0.03438266470668618,0.01944741968568007,0.038408042359352024,0.02748438601602909,0.013626866205247723,,-0.0015600382054317638,-0.020226316370716094,,0.01941999266246972,0.06270807760920076,0.02702087006216326,0.030669325967677366,0.020586638376368663,0.029727149345654947,0.008940707758366782,0.06935243477627945,0.011955590971800618,0.040515536013975596,0.04869463786666218,0.025269423179697575,0.01797489825119912,0.03698011041624574,
2019-06-01,-0.017385935913901827,0.017948551332361493,,0.01306967101847894,0.010211617298012272,0.01685534000517423,0.009622210891074002,0.008262284737835805,0.021323290717088165,0.05232206341410207,0.014701872001348822,,0.016198420091082202,0.028283526813218902,,,0.012013480471573062,0.02288823215469755,0.01409862316628075,0.02063600502365319,0.031437057552147894,-0.022344031533648914,0.005205846314768677,-0.041725137285466646,0.010407441072222284,0.00654347312718483,0.006443609077848164,0.006064171656836314,0.009383440518881642,0.020433730868113623,0.05452536947747145,,0.004202089713407632,0.0028617891749476987,,0.031863819382125166,,0.009231126678079819,0.010917357236145751,0.01590068181900786,0.01340068290967853,0.006234670983638454,-0.029611128763330153,-0.0027127594455757975,0.015066035796955767,0.010158313172904497,0.020240985894246097,0.05649499123159817,0.0062035438202649625,0.017557459599148496,,0.008562712435061778,0.016457675603636562,0.016885701728924816,0.04300031002302683,0.011896480157761496,0.03020818486692688,0.00758665759184975,0.0007543168801006613,0.035431415261072546,,0.011726900182013514,0.02411984948431343,0.02630129444592438,0.0356775463379827,0.011944603911008054,0.001914782748696838,0.02289677024276991,0.007528355238670941,0.04742762161251243,0.00629720138914098,,0.038139597889750354,0.014354766434841782,0.013547450157456327,0.013788194312899942,-0.0005962064726621781,,0.05149445445655317,,0.020438573619236892,0.007019599625900791,0.01729791496477039,,0.011583006368117228,,-0.03684797737768557,0.01066928828010234,0.011386989637369418,0.04518786919418541,-5.585504957661974e-05,0.013238549348477423,0.019128343321048465,,,,,-0.0002181999160490173,0.013209305284373953,0.0016835315007999918,0.02411800874379002,0.007127114611932878,0.034178148011044865,0.016421749657641375,0.006567007969419712,,0.014177583301454275,-0.01672225981325746,,0.02138426707333483,0.04681555891356996,0.017854555303747684,0.030433845269873628,0.022525033743132958,0.0065561927594661555,0.011687908399210918,0.04770334917835174,0.002158274253722229,0.01649451830507864,0.026568228402313553,0.008354440075427873,-0.001290032710308766,0.012663323070559418,
2019-09-01,-0.009560351538841737,0.03998787903655331,,0.013053212513386562,0.017044891188108237,0.012383833166719347,0.026580947801517974,-0.045305618547812815,0.027521698245508035,0.053585240949039346,0.016321109437923795,,0.005586882272694534,0.03609901684182494,,,0.032605866593698296,0.014087490395348502,0.01244849777924896,0.023530725056687248,0.045479832699397725,-0.028568190041438037,0.006903994134864552,,0.01127307543715836,0.009746342156334749,0.01211646239727593,-0.002396171195321825,0.0196525726587285,0.01850112882792737,0.046693574856753094,,0.006105384627680497,-0.005479303952428373,,0.02741078394312105,,0.0011307762289295275,0.01237236812483006,0.00909511966993996,0.024702697165036206,0.0005613031394517715,-0.030346686027339313,0.003105597124545588,0.020417963834142436,0.002568439551712517,0.017499829918688373,0.062212398962559284,0.023913927089968853,0.016666127663492816,,0.010393896837058398,0.016241225030633275,0.012953922466284715,0.04393191623207746,0.009421329375280727,0.03483510669708635,-0.0023339083164903613,0.026297911873319837,0.04548778889309589,,0.013941854217299179,0.01902132820155789,0.0326784736657195,0.034184444861801486,0.020226624080071604,0.007414591597478784,0.04066086663709881,0.016285313360858936,0.06727817700120346,0.010688793369708592,,0.022345142277202256,0.02898666499440981,0.016063380530007384,0.02548291800044833,-0.002405177352677342,,0.02852708868255148,,0.0078056714150560435,0.019860747209916648,0.016631221888141038,,0.017879171487909417,,0.007212621944341235,0.014198123296554208,-0.003231687085181624,0.02939529808817971,0.0004990573999020408,0.020063951881197292,0.017705715752911667,,,,,0.005145319249254689,0.01980369960927851,-0.005552227010995103,0.026355141485422902,0.008955322882388553,0.01996352208442499,0.0247178849567654,0.0024944656185094823,,0.026972139356770567,-0.020521987409482453,,0.026117540570866543,0.04361927319883852,0.0043610041940585105,0.027362031368717853,0.014931730952751495,0.011917825407247557,0.014945937967746735,0.028527087876824897,-0.003498409971371095,0.014006635593907238,0.025212013418318677,0.005894047617726866,-0.0034921613070247287,0.010115926163162935,
2019-12-01,0.060444611223431984,0.05060120204850472,,0.013711582300451957,0.019899084800706037,0.003985361664198107,0.03127882668905893,-0.024892596974044594,0.032291401606567766,0.05622122272023617,0.020142979776887667,,0.01606584348655903,0.04719695439343054,,,0.028792707692089633,0.026042983634033953,0.0061740348985251945,0.040441757241455406,0.01778097086138147,-0.021057700289933798,0.009389699417915492,,0.017070306789126275,0.0216597330902473,0.020251240877100837,-0.004036728510160603,0.022090338146524092,0.021838521272514035,0.05015125651435996,,0.016103660699346878,-0.005422036523793439,,0.024094879849590963,,,0.019386608654573544,0.036456206504276,0.025441770053932503,0.004840180440686102,0.010847717525377235,0.010133471162526981,0.029666404054231866,0.01189426107953189,0.020214872224323725,0.06657028614438182,0.019078007672061095,0.03845105579498684,,0.00604750860537477,0.022285594597248222,0.013014280547190608,0.07188837682288066,0.02352459151132109,0.027682893150361442,0.0013633529760736995,0.03284057452750166,0.020818386074221398,,0.015525353554871396,0.018136706843639612,0.03539854583904759,0.023964411527583357,0.020980027631914495,0.01051640695276333,0.05063490528359194,0.013451389425334522,0.07640659095406872,0.03203017077161632,,0.04237037686851872,0.042305363837858274,0.022228891166639914,0.02657494809647576,0.0004937339695774361,,0.053784089032607556,,0.013930426273755358,0.024009797124857245,0.016914987143533344,,0.022985679945811733,,0.004362392051462642,0.018530904486010753,-0.004308875767306816,0.024782820554826786,0.004280435074143146,0.02009925010625054,0.019125504557187308,,,,,0.004381915191419589,0.021576454570573958,-0.0006921265149633652,0.029927635059947118,0.02244680713785061,0.04592444362489986,0.00647295509587937,0.009054435716401445,,0.01794459604565398,-0.003805860833807798,,0.043428139459137254,0.03615073862433449,0.01470685209781563,0.038097425621441486,0.002388598825591746,0.015441529336972766,0.04543594851843741,0.03044541129687174,0.006661884254090231,0.030406876373024576,0.02888090105949985,0.023495121166733295,0.0032225847644088536,0.026081065054609276,
2020-03-01,0.05747839416086278,0.05336248945244268,,-0.006919510553051635,0.0022909322973747757,0.0063977193003071356,0.01587612408430794,0.005950985492165903,0.0321432872541208,0.04821114861675204,-0.0066984722129187265,,0.0075044481995261755,0.05733518051394107,,,0.006293334434441138,0.00412233201538465,-0.015449139151298384,0.033995183330337596,0.02027577421239495,0.024545004339827033,-0.001415457134424841,,-0.004598641535063899,0.003066398108371484,-0.0010605788018495414,-0.01407176567708697,0.013241641711337465,0.015379031448317442,0.06163596502481031,,0.005678746647247567,-0.01178061162488192,,0.004339307829288166,,,0.0099345253560717,2.826681382487271e-05,0.009919293693474156,-0.014385623079118769,0.027532370097141115,0.010636131007827943,0.0052683059907950355,0.0023767346743085714,0.008177583861106336,0.07758562173630908,0.0307845589586787,0.010582338116475408,,-0.014596718802454053,0.00471482842745199,0.002595725831726442,0.05020810708099076,0.011140374297449048,-0.0036770710813572023,-0.00162711612366634,0.012466144455429292,0.04016871996133298,,-0.006468206415202952,0.005765456003513058,0.03465886078999071,0.024815671737065,0.00404760999414056,0.002199182754232745,0.04482030921548956,0.004000321381990399,0.08387263785259134,0.03798343155810791,,0.033488931337932515,0.046272428364754564,0.00044058662546459827,0.019865998593276306,-0.018987322039677536,,0.05704001175505616,,0.0319376201368105,0.020408510227932664,0.009595217444038195,,0.013267018318502685,,0.012258309337494605,0.015701542390204205,-0.009948725461998608,0.022695450525082716,0.006657590099741371,0.012951793456992081,0.011807060713765605,,,,,-0.00042908125902016035,-0.015063403718564444,0.0013139717228119975,0.02547650496333341,0.0167259266043992,0.034298077023134116,0.025241838273291593,0.0032116419569489375,,0.02303911342050598,0.012247999773977118,,0.005103781103497233,0.05291466713888687,0.006005581597515904,0.02252375537022771,0.0009701640480975464,0.004781781522543678,0.019597811253152932,0.04987358010524123,-0.0006136346550080879,0.016288145941155085,0.004895098341823402,0.007602357542282001,-6.394177847542996e-05,0.01845349641204742,
2020-06-01,0.08282767684612877,0.08443994645327471,,0.004919706280508027,0.0272241153988675,0.01008141295760159,0.047485093296850266,0.027659259148019134,0.05637179661536781,0.06455970790077854,0.0031051558615551233,,0.011145463269605438,0.07150079640916183,,,0.03425708635984159,0.040129693818734505,0.00046553090787894305,0.08201747937533162,0.0795423562595419,0.06558725491178272,0.003853964231509565,,0.03298786988877273,0.009381703113717693,0.03318879051910189,-0.0021168194299596675,0.004390295826413802,0.05339874138767902,0.09642059862533983,,0.010726919229688747,0.014967371213272693,,0.009281206987555786,,-0.017071666231035326,0.011928016610587629,0.03294874093900498,0.010453011452579765,0.0037400959322395227,0.07403274125372308,0.027416924690114107,0.03308442527015653,0.00915711878430323,0.021576894467277962,0.09108605132054569,0.050077409477188625,0.024348015346965002,,-0.013003760677273869,0.005279637364628624,0.01059787701621025,0.09348228833650563,0.03211434538364195,0.030226977860317743,0.00810063969011596,0.024699213028206754,0.04228858585976531,,,0.0017221749149779696,0.03934741472144283,0.07791774952007588,0.02048761201381729,0.01115640755130031,0.07556427599097143,0.013146657453655399,0.08990238524986265,0.04502092488080353,,0.07012790826654784,0.08654752959574757,0.01164091078803443,0.021732509951415496,-0.013067158121016277,,0.05846887089554216,,0.028131428229966674,0.00994212554063253,9.424230359708716e-05,,0.01154661681768056,,0.06549262861222016,0.01049060691129313,-0.0005480032769553474,0.05798957891862261,0.006725403108503932,0.03679449542368347,0.03512332131146192,0.007209721800951313,0.029641078737277633,,,0.005296526611294586,-0.015369302964571474,0.029088811604318966,0.011789371657461517,0.0413181085871223,0.030694909796618926,0.03516841457268096,-0.0012854487561812717,,0.05140760527658968,0.03409185180582031,,0.04524125312389296,0.08392521530394438,-0.001127832929299323,0.04090704570542234,0.010890103818277706,0.02024156321606962,0.06151406362373893,0.04014800721247025,-0.005239428257756884,0.009337688233830958,0.04584064775813923,0.023581608393013837,-0.0026910999859228275,0.028177098560929245,
2020-09-01,0.054281191151823914,0.05680123202193039,,-0.013360600786366639,0.01320209643887323,0.0003253564662034815,0.012773472060621965,0.016610056584965668,0.01588673815715358,0.04539150253445807,-0.02288501742837027,,0.010234909269098553,0.059466487010740914,,,0.012506140573149638,-0.00403181496379732,-0.011676668657075869,0.061372438649566284,0.05469636643895997,0.04107563493620952,0.0009190915906580639,,0.012481833184429237,0.00769343552143388,0.007994896051627735,-0.001460044640417818,0.02110068716713178,0.03831234398273286,0.06581951348950539,,-0.0048168759663404295,0.0036208757138088917,,-5.681863107918794e-05,,-0.01947734738077575,0.011411442434365987,0.01356491726033989,0.0021427668627348627,-0.002292250697160473,0.03810920907998566,0.04012683231493846,0.03262158461488055,0.009747463113165891,0.01794316255821887,0.06405104476121917,0.02353683645041021,0.016058911916303945,,-0.009831843485265173,0.004302093042056467,0.016865625901788788,0.06840946709383568,-0.00878820964271901,-0.0044136962466992235,-0.008135371745945917,0.021882693109078297,0.018426124327360367,,,0.0010539140001316852,0.03251457033263085,0.05772978678485914,0.006432997650438025,-0.01249170426399536,0.0616159740301969,0.0034755718281391456,0.06308072825858001,0.04740629132999195,,0.05622328861490105,0.059566632821247543,0.004462782660066599,0.035565089416297775,-0.004043138652943592,,0.07007152597065033,,0.019351544828068702,0.006007900058699093,0.004299597465925237,,0.014563785226843463,,0.027109955631082507,0.01118679724812255,0.003547733592016138,0.05916740146819331,0.009215137389350172,0.029050982896889805,0.021458228148822502,0.0028421932510319585,0.025832098006809117,,,0.011182274832351685,-0.015613624740103117,0.024311447625565627,0.01846124831291266,0.02612716045115852,0.02061326769130734,0.018854569756321146,0.013975127017547774,,0.04255426686554986,0.032949770328890744,,0.00868018722918522,0.0612737388859374,0.007421933135197563,0.036754610581488996,0.023642688962724503,0.018529050693056423,0.030048990856740863,0.05561490535559268,-0.00041622031930736486,0.013427063157910783,0.026021106327949798,-0.005096765069095562,-0.00043493989145591903,0.015272894609285844,
2020-12-01,0.022984577663601954,0.02475807071520682,,-0.01354887618226349,0.019721366394544956,-0.003925148423681501,0.03131260222984068,-0.007201780107673311,0.02441806276518197,0.034032514582126284,-0.03408904886752566,,0.017403665764997363,0.03188764736642991,,,0.03938235135651311,0.011676243546546707,-0.03290874365334707,0.016639095284662384,0.04262132236573343,0.011001447137153649,-0.0016433956317816736,0.02256821616528442,0.014907153943894257,0.0049373802647372554,0.031437266380080466,-0.001017717975523187,0.005581224920817069,0.025669498411724292,0.04014228867288643,,-0.002506583168651456,-0.008871679674055248,,0.0020498186441142434,,-0.021929558027599987,0.008140252802352066,0.013339623726105018,-0.003644707514571602,-0.00021911955867653793,0.008165070057008197,0.006129258795494485,0.02323038874215664,0.005112895339397005,0.012436077331712259,0.027831497349895186,0.028740048994093322,0.016568992066018907,,-0.01545026887623718,0.0011068915356530265,0.01616677192498616,0.04108488217447597,-0.012239502079330934,-0.01171053057432112,-0.003411128586176954,0.03568579790937488,-0.007744106264967514,,,-0.0059950938663059904,0.028946153829648928,0.032071498141693446,0.007762231487338072,-0.0025068242385257113,0.023295923028600216,0.012321703681136293,0.032275060692572216,0.00810521177173048,,0.03653470259690074,0.028079614041470004,0.0017300711667010945,0.01003250691227469,-0.02151063184147265,,0.04113911048723375,,0.028718096878144906,0.010885575350716962,0.0030681960457733643,,0.0014020317958447059,,-0.015091568138139506,0.019824194468890985,-0.004526409346600826,0.027520025227011854,0.00735086207948195,0.024370131421465276,-0.012216593260154706,0.009065350643000661,0.03855110027798085,,,0.012272864918068595,-0.010130563170120673,0.00015616614167615357,0.016808896156135403,0.014696330396839832,0.011403820945870155,0.026829510413940126,0.005084561099563172,,0.013131246851354902,0.012297120265226547,,0.009283000541645334,0.031031180536583332,0.011740807757587539,0.020537304657372194,0.002964008882285679,0.017456955196088718,0.02498552728195921,-0.0005108471439767969,-0.0028228876716895474,0.0002874095503315789,0.017870707154968028,0.01850556962143984,-0.0035924375994845245,0.03396409478748831,
2021-03-01,0.017357978934769987,0.009007184230115503,,-0.014202267880073864,0.013778652450957581,-0.005483991777668396,0.014438088531982024,-0.011609238292782533,0.028828515871901703,0.036019556939651,-0.03445732459613615,,0.01182519715315106,0.012893918985564022,,,0.012483612640439169,0.0023755437956076426,-0.02723253811310601,0.011458781081368951,0.02819631425552853,0.040565787959525895,0.001368746847847783,0.017928719152393066,-0.0038633036474558166,0.0016869744021504355,0.003768067997896368,-0.00494040950535244,-0.007065425883675089,0.004861134968988248,0.016630850628575358,,-0.011991216212391602,-0.0040471357241983,,-0.009117651927019214,,-0.014356538317367723,0.0017563251847875134,0.007766587580899767,-0.00585484667230765,-0.011543252498432318,0.0011763284687573252,0.026431950189237226,-0.0013503233317411739,-0.031797443580100844,0.015511236622853255,0.0034307859673457413,0.028507459955163784,0.0013236129309068504,,-0.010598838382528482,-0.0047412285341508,-0.006294670465716339,0.005245238000458017,-0.006572280626314901,-0.013521123447685728,-0.012375902571806145,0.02191678499972587,-0.008367634315142407,,,0.01475745929197781,0.02440525000333912,5.580192934880666e-05,0.01627193745128851,-0.009410490219366444,0.013193156051539182,0.0057635917357219445,0.015451656250539323,0.040720580801939014,,0.010204534177391894,0.017136178724088572,-0.006302640937603534,0.0006747931586043674,-0.024472061796659884,,0.04604264982298487,,0.018581337788242915,0.007565776665963917,-0.001609865287198925,,0.003284207057257961,,-0.02676664824145768,0.02264426516924255,0.03949659839918806,0.028387636704075833,0.0023237346708688184,0.025615408906578947,-0.016511210937569323,0.006691869354448734,0.05096347096141182,,,0.007714430108136884,-0.0014269973208257782,-0.0062042308786982095,0.02017326290258633,0.011062593706881568,0.008513639251896861,-0.01765645127280016,0.01168664631220679,,0.030603064131179955,-0.0010919932187048083,,0.014463149225641044,0.03467540075077745,0.014453853988572934,0.007480012870556731,-0.004286040503196985,0.01702154349749057,0.050786986200584076,0.03261325958961517,-0.0028325823331543085,0.004815857678098845,0.010657477850335535,0.01798443172552272,0.009484586256767548,0.019686334623781006,
2021-06-01,-0.006816118095971876,-0.017449130468373014,,-0.034407534481763216,-0.01345194700889109,-0.029010665529348816,0.02477819179244519,-0.03813418011400881,0.0143587658341841,0.016228076649397873,-0.04998958857421419,,-0.007203778540102865,-0.024026640872402444,,,0.013595486660518328,-0.00981693345591577,-0.03716370322798384,-0.014502234715250015,0.013189145595606532,-0.022727850230707766,-0.028324586253848847,-0.015138905144687133,-0.03219911965057711,-0.032303671889494165,-0.005594800279692562,-0.03420222195202942,0.02032741193253282,0.0034752907708960903,-0.000401338836608624,,-0.04213734027164239,-0.03395216107161161,,-0.02854712471291236,,-0.034070803046451416,-0.023950733584926012,-0.004679156625410573,-0.024850212666328985,-0.030713828405341443,0.015410952519340887,0.0013175361363631968,-0.0135657566948359,-0.048451685884189716,-0.008442795741157522,-0.008306210659332154,-0.003663876422654416,-0.012275588967544515,,-0.03360274392525866,-0.029151948729149568,-0.0068417891063009394,0.0093485611535328,-0.01857371741741597,-0.0411393534120137,-0.021814329053571245,-0.005073386006947647,-0.018373395829955806,,,-0.030284540692201833,0.0012930282540455805,0.003705107612622514,0.004360795289524007,-0.03045815254275952,-0.004492153087909081,-0.018372027704517915,-0.006030073453815568,-0.0070575688782723,,0.013782602093389697,-0.007850625702164844,-0.026697139782422538,0.004157519473100139,-0.02935667437107186,,0.03173421245993105,,0.009671733731725515,-0.01253953818903636,-0.022487955648379323,,-0.01624471133531986,,-0.04145646195132817,-0.033833433617400425,-0.005888875346259016,-0.0007816576101732257,-0.007111077887559222,0.019852863468552157,-0.016496897318371583,-0.01073243776973533,0.00027101035859478453,,,-0.011179047485176834,-0.033186151840819834,-0.010628040546948679,0.004429831813901237,-0.0317616491356213,-0.02918824415389699,0.0308116149242392,-0.007860694206272403,,-0.015730626603382914,-0.01770255853237852,,-0.006841972057518554,-0.0056454329128689425,0.008319414162852298,0.004818751560689322,-0.022458521428128337,0.0008268788821699271,0.03416238074851729,-0.015331410826850498,-0.02769328241903915,-0.01836914958700201,-0.020941796506019593,-0.008721354994610459,-0.008349593186278557,0.00161629700210249,
2021-09-01,0.018593058398933802,0.026002688133190805,,-0.026957841614699832,-0.01610428447784708,-0.017655357776577563,0.03898252305663671,-0.030862342669780284,0.033689748587647735,0.0493229580752261,-0.04755776077596955,,-0.0017938712385628549,0.02018120995280567,,,0.024911295405929366,0.0023037001104474274,-0.03861779986330161,0.015881500040360656,0.026987205620521725,0.006874085411206246,-0.019854134413685894,0.008194177464370728,-0.013811134497783976,-0.030137136981150937,0.0030205203131392876,-0.02341209207685104,-0.0066230026251413,0.010121335192906913,0.02772901123346004,,-0.03799666746241328,-0.022995953134736114,,-0.02202898523401937,,-0.02581000055226432,-0.016932475535403488,-0.006531576157561894,-0.019789394923713413,-0.0286648250947079,,-0.015196493009766244,-0.011131526109195511,-0.04013259899006167,-0.001122082008479759,0.04714731270035206,0.0021243634420627135,-0.020371537145770256,,-0.023807123306194257,-0.02165340651920919,4.531480421685094e-05,0.047101979597796,-0.012228249138302323,-0.03017231814869083,-0.018874986361815182,0.015065932860395405,0.0053372612390725094,,,-0.026100769061854462,0.021294352076177886,0.02738352536235404,0.00897094366543786,-0.022225346375978113,0.014212833822097528,-0.027613793488481395,0.021704159810003176,-0.0035035330035940327,,0.0244017803796331,0.005850134042199865,-0.01429700676207338,0.004164183442447524,-0.02580906051234215,,0.02743715782585444,,0.02178195288532813,-0.006800244091537541,-0.01595202085548106,,-0.010056498353574687,,-0.030059043320774043,-0.018095807215298007,0.0077415293832673445,0.01738803307395476,0.008144339436358772,0.02216376060597606,0.007628138515479363,-0.004861669607319184,0.011676753056875993,,,-0.005433375808344979,-0.026817920273145807,-0.002313313396770133,0.03237773375943996,-0.028306233251141115,-0.019310173173972107,0.029625730707394406,-0.003864766889265031,,-0.004456669840458196,-0.005194344266316907,,0.0038351168790537096,0.036038496728176043,0.005602277881765406,0.01388745774700146,-0.0153206530588844,0.014871085157619939,0.027968220586963303,0.06343116778929411,-0.01395682566156704,-0.017213297448555896,-0.0031046407292832233,-0.004001359479451268,0.0009141223099167391,0.003249055441546359,
2021-12-01,0.01958967394466723,0.03479373314122254,,-0.02336913369403477,-0.0019417424021249323,-0.010875852069222511,0.0268823666710663,-0.020212928391004296,0.02882393013208535,0.04548463554971859,-0.03868496321468181,,0.001825483830039006,0.021024185128417486,,,0.028438693227453835,0.005420595403782046,-0.04546493140021178,0.038458412611620835,0.028990056966981797,0.01291573915015219,-0.014163582341356727,0.005802139862201298,0.0018938978999133468,-0.014648061543286002,0.0011686843585970502,-0.015620525452847964,-0.004939668734389565,0.013213564436244536,0.032106772788622985,,-0.023361507164532388,-0.028259823040390288,,0.00175570038156892,,-0.025678455507142203,-0.013544738224303734,0.0012895475561042777,-0.007720212013593678,-0.017492773509097382,,-0.019147894433731823,-0.015009002390115222,-0.020762300623987845,-0.02193975067220593,0.04071465839325508,0.01835530175346173,-0.0070505983103433985,,-0.017892926407198775,-0.007549768768382362,-0.00022111030754976498,0.048498059829121545,-0.017951180359487628,-0.023912139046370476,-0.026654876385630598,0.02043383419156852,-0.0020538612808309936,,,-0.023570833230676345,0.019591482923211143,0.02784825539955664,0.012317171628772284,-0.019365893939323055,0.03390277408120053,-0.013474022041826166,0.023602858524118312,0.007651808724337696,,0.02458547868181464,0.0356455163902688,-0.00859563087883348,0.013683539958385511,-0.024803979901480394,,0.02808163448073616,,0.025709875908055093,0.0003279332805103436,-0.013347204227412061,,-0.00191501570542241,,-0.0040293004190053985,-0.029889083015552657,0.00477483981139624,0.016225957044330434,0.00964943429068049,0.018850410490150963,0.005237128824471534,1.0031986857198574e-05,0.014036268420317945,,,0.0018295882766443715,-0.0174643420731381,-0.003991205019746016,0.027500197117639697,-0.011783929123788473,-0.018498357413130544,0.05448354414296706,0.010915993822100614,,-0.010687785773751901,-0.009283599541905753,,0.005790063598178754,0.03362366042413758,0.013660712552643523,0.037953178417852396,-0.013991451268734623,0.007442713087962195,0.039442537450782585,0.058564854485314406,-0.013620345599971977,-0.01733943271172322,-0.004974043191932395,-0.0013135065870250766,0.005476571304815513,0.012818710436069263,-0.012749736812437013
2022-03-01,0.042082768706968754,0.021113542546156473,,-0.013096920580217148,-0.005976585976432716,-0.00779075636595605,0.02143768912918226,-0.014369552219900716,0.026625490670037395,0.039361189506690215,-0.016177443690875044,,0.0028286461269591326,0.01038547734151008,,,0.015420846424711102,-0.007495468928680586,-0.039199227189459306,0.04189107805603315,0.0364812410318196,0.005207055263624248,-0.008954274389548086,0.014196671756535278,0.0017334291452785096,-0.018381306185958655,0.025622688569024263,-0.03376870141175376,0.00410027716111034,0.013970804257781874,0.046621580611516535,,-0.01754328675029633,-0.005228353446350646,,-0.01007350973303014,,-0.027116974685986013,-0.012642119120029171,0.006500401111087373,-0.013243750194633546,-0.012784713411425107,,-0.01582956510123244,-0.017621013358679535,0.023154188126042953,0.0015255411693702791,0.032893528431161605,0.008959105873062765,-0.0034658035578283494,,-0.011441055075296297,-0.007389339423843543,-0.004568894842385085,0.03663743053935752,0.0013716807828890217,-0.006645811918221723,-0.018841039106679367,0.013211341619647932,0.00022354351591686195,,,-0.018850041571776464,0.02255261985471157,0.02644940811776503,0.015456818454364371,-0.0035461299141263274,0.0279544572064785,-0.011005695108220222,0.030043641443039573,0.007630953017069322,,0.005788420572514468,0.03881903037241987,-0.004720387685344183,0.019244893463282092,-0.01824614940594792,,0.021519041325767672,,-0.002361358089291432,-0.008920517770024427,0.0021637713660595573,,0.0022370271470501693,,-0.01739351801537362,0.0012542238656132708,-0.000494416746752302,0.023035291984280424,0.027443146787829706,0.02457567891757624,0.01052657956646812,-0.0048853445517625625,0.004952220389971842,,,-0.00029643535362127295,-0.011975198845031404,0.006812373297353074,0.017829283638290134,-0.004602891316584698,-0.01608181407582335,0.0651364780618402,-0.001105725547533767,,-0.00048746940113402284,0.008768023788427361,,0.01616907096716259,0.044504362544232935,0.016557559438682472,0.01673283483258625,-0.01019131911713658,-0.00202749092973675,0.0037560253536240433,0.06445583596722969,-0.004418486960633097,-0.010461454163877271,-0.0006958869890979795,-0.001551611351236668,0.013101641951928731,0.015133637229074362,0.006171346274205601
2022-06-01,0.04337915965865827,0.024354212565548348,,-0.012194833957930529,-0.0023890179448983534,-0.006387170508505148,0.026151486502861702,-0.009837104976199268,0.029282894099146663,0.03310822341020098,-0.03205874736944552,,0.011457774298403887,0.007484209289316138,,,-8.238318431591785e-05,-0.003405453343819444,-0.02219677308265097,0.024823435135561327,0.023611990541604958,0.008583634099953908,-0.013021426867102967,0.01500157126869913,0.01107017882389305,-0.01289017215438467,0.011749082324494784,-0.029804298113831357,0.013081814730052273,0.007261793049711596,0.034868294143832364,,-0.03398602734982625,-0.005004191740859789,,0.0019962830119057582,,-0.024865521638462878,-0.0038806992702714563,0.00666734420627094,-0.009715394138799767,-0.006389997016282653,,-0.01526560872840481,-0.009945503777637926,,-0.005270304477388767,0.01953387155666971,0.028247737985829698,0.015014692107239345,,-0.018066375295151912,0.007690215905421924,-0.01620246853581549,0.033536791456538775,-0.0031589116704215424,0.0050948323473522135,-0.02258176858745967,0.00870089266985932,0.02377247694006615,,,-0.018682860228732286,0.030213162291402338,0.025353594496850672,0.015869109516194115,0.0024321897957323224,0.03507396540238333,-0.003517765594741433,0.009472523031816638,0.003505025956133226,,0.038293399768775334,0.029078304261164808,0.004150677091117117,0.023694567122478756,-0.022738540727579554,,0.027849811393298462,,-0.009462301889073781,0.00510580288281097,0.013415921454809151,,0.009828657214618937,,0.012003785359659572,0.0262955127485053,0.0008578063038381058,0.02519226483887385,0.03947457043035763,0.03221583312317737,0.014071208627261213,0.00026839371711240035,0.043773901728111235,,,0.0048502011611736146,-0.015615780838921178,0.00015568669305494225,0.023199620237386386,-0.004456128259070227,-0.02878308373671627,0.026168112448549427,0.001014704983372589,,0.010908749201240854,0.018725884704924013,,0.012146912586654679,0.033346379079385535,-0.0015616976779569767,0.024190337217290518,-0.010067884731616506,0.012117742567537226,0.013490271217320498,0.005656562591781994,-0.003542174568745553,-0.00015880367181134595,-0.017197401727479213,0.0005733476739268947,0.001947017803486233,0.029512900364653816,0.008503295719533819
2022-09-01,0.06339824668405937,0.04891047923746259,,-0.016070778863778685,0.005085414945849751,-0.007922792476462463,0.024443421237861813,-0.011581953971586128,0.04592267487602974,0.040342725376730997,-0.010990889926411358,,0.01399820275124379,0.02377430388320976,,,0.02709437671826812,0.009793510375528607,-0.014828108880434,0.04796898853206139,0.04760158056566149,,0.014150407534273185,0.03745217435108817,-0.004992617623892606,-0.007549241420143004,0.006399318678740269,-0.02861619372143171,0.03342248732569719,0.025129188989992987,0.05882401237806987,,-0.027820724533474016,-0.005646047798343658,,0.00682893267511698,,-0.014208205620277201,0.014103524583277415,0.0037350563526078935,-0.015305514267315082,0.007711435101613762,,-0.0008429840704607606,0.0014866858106907439,,-0.015643314634363283,0.03989406687119516,0.023313835844230968,-0.0009482722549822963,,-0.01509751380840107,0.012065024162228188,-0.02123599759068096,0.04828191862456956,0.0009730433911819948,0.004392072728541567,-0.013421202772330935,0.025673903187800242,0.013047292784449736,,,-0.01926136678023107,0.03376258820818818,0.027120151447194325,0.02463540616753268,0.004763360410111968,0.06203819145845813,0.01157006726944152,0.018609855949189298,0.018211703723249165,,0.025884477932359626,0.06282757535141752,0.006567601727523909,0.029521519471878175,-0.009329478863431821,,0.01562944402429167,,-0.0009401586703188156,0.0016138734445726216,0.009395963855098999,,0.006859495859266347,,0.01145926156963762,0.025574674444272347,0.009819649140621556,0.028376146765477495,0.017473181740635755,0.04039842594310678,0.026587398821184268,-0.00494323386935721,0.050764161474373085,,,0.006253549110777344,-0.01908954087252209,0.005600357344759912,0.01915673998779167,0.005582744365938479,-0.019292073062508613,0.036402076555468434,-0.00236187042288617,,0.009336226064927884,0.018534400710067386,,0.01586882581746828,0.0539026466702216,-0.0007702116238232322,0.0393241494715782,0.012023254027993816,0.00012101214717022249,0.008341854704526796,0.015046327151781847,-0.010973221893581858,-0.006975523663244319,0.002092200452020083,0.006225468411321895,0.008992537532399158,0.03667863216542963,0.006604907258942269
2022-12-01,0.07378315259848922,0.045549117092697246,,-0.012760894713085714,0.008678234826343535,0.001001878832114348,0.028038625310535935,0.008176968087539448,0.05038234757624911,0.06705791006565687,-0.005568607784300661,,0.0026299582652769514,0.026580654938826817,,,0.01153456522497029,-0.0036389305648237475,-0.018061913925191648,0.06320389625905158,0.05655160840746354,,0.012159341340628184,0.033040398645716805,0.015729925189794474,-0.01769275890330097,-0.010717826829074531,-0.004538650885485915,0.047654986306813966,0.029828808025702647,0.05279796671163954,,-0.013587035882583713,-0.004749763801992771,,0.017083094443355196,,-0.010229597353281914,0.02494378022376864,0.022934253000068155,-0.0065947927276089864,0.000964087578019761,,0.02586185377935434,0.016799028479943936,,0.005532873456931108,0.039155408399886286,0.03818496486924473,0.02654668330737805,,-0.015203291337205887,0.01077614866898146,-0.024226947773343773,0.06622434460339209,0.0012284689333740867,-0.01838422863503205,-0.014140437176250164,0.03958234316637144,0.021900178540392178,,,-0.013972425406372392,0.03368828481523611,0.027813086323504405,0.032007784966888185,0.004692738015920778,0.07917872756207635,0.010968166914810456,0.04592351023471663,0.022623560767205383,,0.028165661766044865,0.07592281576524437,0.0184100919073411,0.03218887446551931,-0.0113323548517251,,0.02749892170523514,,0.027160078866137853,-0.00013668757679321543,0.012667838650580578,,0.011120839459393064,,0.01614884164918526,0.02632419120999853,0.01848748752597385,0.0385118207554382,0.02671475322722786,0.03913177721433815,0.031107296867106088,0.0020213538219411875,0.05075326436558192,,,0.013012895022002379,-0.014181686855937167,0.018742936450340163,0.03783462402168502,0.013452926868792174,-0.01725001208877521,0.038928464979959505,-0.002987309273717841,,0.0042370301192149636,0.008632824574125503,,0.01765417633582877,0.0694082573473949,0.015638246744734133,0.048852601625912005,-0.002105781666258409,0.004597131586658888,0.02755606040495922,0.03285836961801294,-0.0003434417449642351,0.002347369846753245,0.016091620388114982,0.005409337263499328,0.010808656797019638,0.029525555797521544,0.024331249254404594
2023-03-01,0.04835049856771446,0.03737205318687311,,0.0023912183945907287,0.008940133927895336,0.005977153735365095,0.02772207006395195,0.004950512860837535,0.04504543795211642,0.05086455360036052,-0.017147918058552838,,0.012997077065519563,0.02461001414659977,,,-0.00909897869479397,0.008337383465494525,-0.01470232831773641,0.045344512578545916,0.04575851533358571,,0.010210084638148795,0.029267486836591264,0.018948113646568777,-0.005345849219928233,0.011784617575208656,0.0007192621426691278,0.03644507818771496,0.018824700930618696,0.04705157823861612,,-0.013348124803734311,-0.0003589987716466496,,0.003964283634377101,,-0.013119620435101913,0.0063966224174652675,0.021247589670313517,0.006076683898439028,-0.007057938655119813,,0.01165788995833845,0.002940887762099074,,0.005968062580924498,0.039051234047880086,0.022900750746748518,0.008818292285691314,,-0.004101840160169651,0.01000710881830549,0.001398422746022869,0.03692188003343172,-0.0019694608686040577,-0.005529964958345996,-0.004448257539187507,0.023017855355746585,0.015588065850901556,,,-0.0033935360013185012,0.029699800765262033,0.022940123892866184,0.029075198022650985,0.003002153887511717,0.051825981020328336,0.021793043911674973,0.04873364867092029,0.01986461138616403,,0.025014626990226625,0.05805295969540955,0.012786810957999918,0.01369798877186578,-0.00848462498897646,,0.011538848197717333,,0.030825191423962405,0.0053279768981002295,0.014233988758603919,,0.014625735742231454,,0.009250691282596207,-0.007200300703860233,0.01952041306969244,0.03391911297301333,0.03754879875830427,0.03750136258731195,0.030120383411890935,0.010065192909718119,0.02964108672695493,,,0.012773546457277242,-0.0016941299933868129,0.014944676215699684,0.01947621057657261,0.009111754930809103,-0.010088670108521216,,0.007541106486320663,,0.02365846169106208,0.027807151954517682,,0.02652957468822844,0.05643899315633034,0.013958533338934414,0.03281055970546573,0.005249218185196078,0.023379513405843325,0.004671849144978568,0.05925433726583026,0.010596219067256328,0.017526073258629236,0.007256017535264748,-3.183822518831563e-05,0.01916411350998649,0.026633484974260747,0.03586747867717874
2023-06-01,0.04766402132163114,0.03910957146596358,,-0.01692796216500748,-0.0019312562629939173,-0.007761874970924903,0.021573265159813657,-0.002258057105813778,0.04143654383536031,0.05197306929108079,-0.00763082769540982,,0.004204197011089166,0.019922037344127674,,,-0.009766235187721562,0.005325083475921759,-0.015921699462634428,0.03391510991524776,0.030241069676351394,,-0.00914723565556977,0.028385048387801638,-0.007402724356398239,-0.014824612511899765,0.0021731080489500974,-0.015320741371867263,0.03705387627749265,0.02863168623694039,0.051824651761054844,,-0.025686003775704992,0.006360650115998639,,0.0003085993568474532,,-0.023439068525239627,0.0011931077655711864,0.007980762806982894,-0.011167464184746378,-0.0172966210763316,,0.02083744080298471,-0.0028235674673984224,,-0.004303328139511048,0.043827989595346416,0.024529693419485347,0.003278492874771663,,-0.0212629146822737,-0.0005991844624657739,-0.021971809589753217,0.020231661943736864,-0.0041864872255237585,-0.006156625835954498,-0.013404941056750828,0.0075886798211432715,0.020768796200817476,,,-0.026899231446423512,0.025349559632329082,0.023541241507825376,0.01905630046757597,0.005484790244878263,0.05213252003871499,0.013906411018665639,0.025500415954309293,0.011083995063402765,,0.017336634757676165,0.05257894092630108,0.008738366777246688,0.00901135665250286,-0.010523317375786781,,0.022636959695274735,,0.018328341159569963,0.0011982947339241152,0.005965198955508906,,0.0024239670476956087,,-0.0010360919861552237,0.001933196550999406,0.005995330491145464,0.019653913067105247,0.00851747992689254,0.024912256697663858,0.009209038651735599,0.00031297870242875914,0.01865120034105389,,,0.005589316412273928,-0.016676572904050724,0.011397748072333092,0.01762348726967157,0.001992329213019028,-0.021861669194915355,,-0.0008872257010809011,,0.03362734469921189,0.009191270358151262,,0.02893328268002341,0.0587120269484397,0.008545961067751393,0.034074059525408505,-0.00356953817092673,0.019110106781402812,-0.006117911350227056,0.02179940038956004,-0.005960057341203147,0.00836219198117111,0.002025266484296271,0.004937204861990653,0.0013658865729835644,0.021917918521985637,0.030276253206919373
2023-09-01,0.06528063292323674,0.024801059934472736,,-0.024357245918090357,-0.015855325108105004,-0.01780041204253943,0.03806621501359032,-0.003216626807528773,0.038448489355732564,0.037244473593663806,-0.02240883176125538,,-0.0019545917750493076,0.010093779189033798,,,0.008822672324800164,-0.002411679004800633,-0.029933767383837663,0.03218274876997908,0.03979450450086745,,-0.018471169341112426,0.025889121224399205,-0.012417045920520555,-0.028361108540610615,0.012966912837009606,-0.026447538992446114,0.021278010029739735,0.02065142061581919,0.03639514838615594,,-0.03227391389109828,-0.019108890716346486,,-0.020256028724411894,,-0.02777703612794932,-0.012188749262025603,0.0031197427215383894,-0.023206892936745355,-0.02475185300541868,,0.002634170417185062,0.010870302740434748,,-0.007248180898373395,0.037511047605360524,0.028838625671959505,0.013883113298284048,,-0.02967016338440618,-0.022284544066863123,-0.019482423954983674,0.01417739225371579,-0.012752658834505359,-0.01765952760941534,-0.022009691160332055,0.021199888570074075,-0.0030078141105711765,,,-0.045862094106962036,0.019912404402161094,0.009430597387423096,0.02491876072179917,-0.014363656940700627,0.05945371482605442,0.012141066894375836,0.029530198203806646,0.017698592148798643,,0.025058244146252583,0.053299981360916175,-0.012431955035723091,0.014967743764038165,-0.017212969958878346,,-0.026076631107953645,,0.010298345785993188,-0.014349763235517001,-0.00412423435097496,,-0.013143977968885733,,0.014205941622929163,-0.016940963382738504,0.002778460702998334,0.011563591273560228,0.013196415223351602,0.018467502648507134,0.008083509718931745,-0.01203876813716809,0.007026264502521342,,,0.002880645784575312,-0.02725335645247885,0.006961681530553078,0.0155264109118431,-0.007718881682031095,-0.03374448601058323,,-0.015419033819193562,,0.02825033943283365,-0.0008032793503928,,0.025910952775332025,0.06073492194489021,0.027350027313600426,0.02335376307986891,0.0012524922493168463,0.0350580624501393,0.007671268901112433,0.0138112012240406,-0.013150257820612146,-0.014600204802082547,-0.0020866120272528075,-0.004126114764737194,-0.027744990520838383,0.02959547611450379,0.01023687376085939
2023-12-01,0.04172711683609848,0.040677770111494586,,-0.025697408375593013,-0.001636848516979762,-0.018277279546886068,0.032688088290301676,-0.011469855589371825,0.03100780188313647,0.03021510072544929,-0.02325132571274865,,-0.01707300379969922,0.008338956481521727,,,0.007662176401657039,0.009080139982757864,-0.03170373910951223,0.03311970218100463,0.019564085888491803,,-0.013082169525412319,0.020849282489503435,-0.01888743866202145,-0.02883859321241417,0.022076670902312478,-0.027795905544737744,0.02342927794624518,0.008091153450944712,0.05374090669374049,,-0.028088407303711527,-0.026979055748862283,,-0.0007884220480667762,,-0.03396100044533272,-0.013483173012108662,0.0021547077630034235,-0.020883629868362685,-0.021935403710110612,,-0.006822312484983346,0.014355724530762538,,-0.0006083507171563125,0.04197974418340487,0.027207565155595744,0.005867732778124438,,-0.031763582936777814,-0.005259781787001757,-0.014027355392830105,0.01756328517392118,-0.016664789396821634,-0.02335479498465695,-0.032490860098475266,0.016385340751019387,0.005705030894978442,,,-0.032975532102960406,0.01410844680358857,0.015579924678688904,0.014442780512753885,-0.01762376254252262,0.042487224676591856,0.006224686082580777,0.04571292488598075,0.018752481883116276,,0.027497527109992495,0.05447267233521903,-0.013237001401898102,-0.004962735239283023,-0.016529342604717435,,-0.02469418199426416,,0.008566114401126992,-0.009102244672892435,0.00550615000024059,,-0.02022086132865164,,0.008609605446063106,-0.011966475918104725,0.0034057604602278006,0.01443617380609691,0.030334360516396135,0.015000699303929945,0.008001910183843004,-0.0002435934768098829,0.008425914870271835,,,0.002577468972820875,-0.024445976093008883,0.006039949419155058,0.011254636545986628,-0.0063355065433586474,-0.03440787787042376,,-0.011765601877347043,,0.027007927559350407,-0.0015026798830091476,,0.033726849039802886,0.05850459398752159,0.005503360553223238,0.019536380529653095,-0.016418899058433446,0.03916169271078009,0.00485878893516457,0.004610551536241073,-0.006790401100871131,0.0009085785213432734,-0.0075176476736508804,-0.00013180096556739262,-0.025294282693976076,0.03321766987178981,0.005514231580974058
2024-03-01,0.04053338835506019,0.02626857848163429,,-0.02122764047704937,-0.022841084783514588,-0.020572742996937815,0.020421678210566875,-0.008182437797877456,0.023269030970264056,0.02582363036574434,-0.01712795165098786,,-0.012521930383168874,0.008424979809205086,,,0.003465518510354401,-0.004386587350886439,-0.029181941872900987,0.02665130670769427,0.03754434602862462,,-0.012230496719974879,0.025002494261040575,-0.009616824280069783,-0.019749942218153398,-0.011209417046174388,-0.03077441201965308,0.015797034623154092,0.0136770733528273,0.03862475136771089,,-0.01629862981012075,-0.0220520697837637,,-0.010973870649339999,,-0.020026108111987337,-0.01474211151503122,-0.004063477672487528,-0.02383185214281731,-0.030318340231307042,,-0.004485786101829243,-0.00039629203066817386,,0.003170347777806975,0.02705637698817829,0.01635664056205724,-0.0009377082113222833,,-0.0279374048817869,-0.0058732130209588375,-0.004236538485377764,0.019683424221725424,-0.014152415959769937,-0.02290924204586185,-0.025360306916644232,0.022165360709632768,-0.0006592890657205945,,,-0.03413717714301145,0.014545615771837835,0.023931911418618758,0.010041744913236868,-0.004818536550595221,0.048110089015783064,0.006641083288765869,0.042916931490202266,0.008613156138842747,,0.011070163416370307,0.05394220126625013,-0.01817269646281333,0.0025745120985534377,-0.005701035249948665,,0.018921408657157746,,0.010455814559559377,-0.019019530580306584,0.0002722206780601361,,-0.022875385502531927,,0.008366074122577869,-0.0027940588758892542,0.020459937215765223,0.013222362230895042,0.02139041010456644,0.010284644346156429,0.011696823860971452,-0.0025682179271879213,0.01964328667302291,,,-0.0021426629377417385,-0.024556635759483116,0.00016130992787590493,0.00813033178614651,-0.005444759509593189,-0.030007585491612768,,-0.02329587155877645,,0.008687068594324554,0.0020377086974197106,,0.03534365855477986,0.0450887486021755,0.023998006824064954,0.01777204571346307,-0.016215205647338516,0.014958421782430344,-0.005688482944684364,0.05637902154135609,-0.015101054945184246,0.0076167013527483176,-0.0035727123334901418,0.0045141204704027766,-0.008000878279260408,0.007789214210764183,0.009936620851449257
2024-06-01,0.021272311263226464,0.00803754889362581,,-0.006404917868298261,-0.021765288378195444,-0.012807858623229624,0.006654297348092145,-0.005852408946523426,0.019718395736364937,0.016060475423897148,-0.02272142698761127,,-0.016679660908272345,0.005731387203929172,,,-0.014804802151455354,0.006724447965485577,-0.027791338532809486,0.0024624443574896766,0.020091546087971347,,-0.0007003677701329569,0.018853991582539364,-0.01586928134097032,-0.02306782760608981,-0.008203803377286498,-0.021392020092151656,0.01866798553280637,0.010556754402959955,0.028066779671369026,,-0.029075416817088626,-0.035362764118679405,,-0.016559591956951152,,-0.019732937021938044,-0.01136689433397739,-0.0068791382049364445,-0.013669313921413932,-0.02510159462734901,,-0.015028593240077015,-0.01645757728977386,,-0.0024506969706144122,0.02580111480316933,0.007152061295166897,0.014931189414041712,,-0.019284704169614676,-0.02169776290855992,-0.009892825964913494,0.017178559344997922,-0.015407383562504186,-0.018415336200663206,-0.022570653098696755,0.002031643467433421,0.0013526196206369119,,,-0.024593838724459985,-0.0014828359907284054,0.024337656334232963,0.0041439960705874695,-0.01578436133652946,0.026528201991816176,-0.001001652239182619,0.010765435497547833,0.007165924868638699,,0.020458326871887388,0.01648496841641962,-0.015543553024153898,-0.00271820143729057,-0.010000699009219636,,0.02497554458548405,,-0.0012932859677094047,-0.014331698878957496,-0.007903932621201667,,-0.006702622804778704,,0.018876104211017788,-0.005110039430067262,-0.004044252907642837,0.006863979825213257,0.01757144264729668,0.009666910080947007,0.013303392772972739,-0.002950039755477652,-0.004025850838536939,-0.02092147663159338,,-0.01005244857947443,-0.03135244294535215,-0.002946221324895005,0.011133630758980969,-0.014368246350275884,-0.017313547817720886,,-0.02020930114794123,,0.011307945872587783,0.005096434469767503,,0.024299785520030235,0.04437940280838304,0.02321488797257518,0.01636651084616005,-0.012359009690849743,0.006668120188566417,-0.006969101921196251,0.001312805410819452,-0.016547197061071234,-0.0006848031794987237,-0.014604084614636843,-0.004353439383609689,-0.013600464002074028,0.0033715954925391946,-0.0071514512876600855
2024-09-01,0.04047126869872425,0.03982836166370646,,-0.02133832499236945,-0.015864581293564314,-0.01273534084594348,0.020479695107465355,-0.0013066520561124898,0.027526572048905552,0.030054851612302085,-0.02357227012000599,,-0.018605259146432514,0.0112797818589911,,,-0.023952938464059218,0.015358190885141364,-0.021018307945081412,0.015241997569727071,0.03514282136280534,,-0.027028256480605313,0.024385818127436037,-0.017778516196866833,-0.025382273959205538,-0.011994119383594267,-0.026088920316105352,0.008150782313891184,-0.001592443760043861,0.047105573630192674,,-0.026220362205531304,-0.03278106189003714,,-0.01763237319918338,,-0.01387029847527643,-0.003898899798966754,-0.009773350992085802,-0.01735134753353407,-0.02920397805743447,,-0.02350409507411761,-0.005999058368862834,,0.006924774082923842,0.03026243681528389,0.02040205411935554,0.030963783733299017,,-0.02106410231842224,-0.00233565624698546,0.00933752115911459,0.019507554509706412,-0.01730744718064169,-0.01864836324410035,-0.03196853891231897,0.01952225428199448,-0.009211922105848515,,,-0.029894457030906315,0.007945617379632175,0.024760124595540042,0.0068218884486509765,-0.007677120853642812,0.05402270190084374,0.013289617166210346,0.009277314208286733,0.01710318809463081,,0.03134969988688802,0.03901360169555218,-0.011118873010910498,0.00962713010301287,-0.015647870699865323,,0.02632175035088193,,0.011781555110166242,-0.010373855378002662,0.004710532164696887,,-0.014634377769468956,,0.02718418902542651,-0.01269483131504995,-0.004160351999665432,0.01309121536633177,0.017524448269417778,0.01855203769511734,0.002451518125912332,-0.010411656762069591,0.0021343360366691522,-0.0033954373889548643,,-0.018785151720030945,-0.02978392285693134,-0.004977160582934844,0.01421313488645855,-0.00339423160762168,-0.02901780045460043,,-0.018909069525125034,,0.020932599494128658,0.006912602929511215,,0.027080576169578253,0.050233417936531126,0.018211640714142656,0.022222757739447253,-0.00019569208731074094,0.030875685061996408,0.011164380172594069,-0.0036790198293238036,-0.017130487626796843,-0.004816361343328412,-0.01626415660266551,0.012179677715375597,-0.020378899498106937,0.030751664692056035,0.0019086644400858948
2024-12-01,0.01430185955765559,0.020982248754825385,,-0.005594033405881166,-0.010925060336634018,-0.009528080941028033,0.0028544148586797224,-0.0013163326040693591,0.016602972890675242,0.022659418518224984,-0.02327887157171997,,-0.008272464973916916,0.015414780511811029,,,-0.012652433730663947,0.006373439934284674,-0.03696470486296034,0.01556216693740792,0.01966877697371604,,-0.004671035079059352,0.01599326388715935,-0.01288327458602847,-0.011642805039696573,0.007760483784187555,-0.008790200342694753,-0.012687971343428335,-0.0052682680317526105,0.02013524812638506,,-0.020958458747190434,-0.034656515163091796,,0.0012851873911113958,,-0.009814357528583985,-0.00011815718135183318,-0.004985978949229012,-0.0002606214082339809,-0.012862491795845775,,0.009659081175464214,-0.011803494549842697,,-0.014365846313599103,0.021426625679119158,0.002549622319841349,0.01872273491826881,,-0.0070093705799685385,0.00673757026231694,-0.008811591169178123,0.01552644077288634,-0.019662428697399183,-0.0087631019008797,-0.03310719584524426,0.0023276297762140396,-0.01452719418763112,,,-0.015105904912086634,0.0018563631186996755,0.013413894403154592,-0.0012641818602212385,-0.010262443349741182,0.020764037784603936,0.003314351026425684,0.007312166277770389,0.012142046732906892,,0.018728474697261445,0.030191102804763705,-0.007566507953612618,0.0033848846327778005,-0.013492727525395551,,0.02614241536150713,,0.0012769975273185948,-0.004998280875736791,0.006572378144379224,,-0.007189651459023637,,0.015155995525432757,-0.012351296100828147,-0.006637852550964192,0.005251203068482239,0.012358859941466595,0.015695079127358184,0.008939240791467247,-0.0009701018831636925,0.003068572886448705,-0.014126484142731188,,-0.007151805110736439,-0.02352464358423317,0.005073084146670979,0.004173390272580586,-0.004626258150582813,-0.022928516127506033,,-0.006417781620790628,,0.00362940113993908,0.00017319161951178018,,0.024881917636642006,0.029985906453781783,0.008951700058440778,0.007373258507805998,-0.006762725422923204,0.012876256267307944,0.009286995191406983,-0.010226700708289906,-0.010791267639067017,0.0005354658679790817,-0.014883436432119724,-0.007584646669613398,-0.010207780365804399,0.016050102684901393,-0.008656469555120816
2025-03-01,0.014654725374208826,0.008639882438409187,,-0.007585209641430929,-0.011319835607397213,-0.0149287976491665,-0.0038033450286613065,-0.004682175853330731,0.014229437317816672,0.008519054643246076,-0.02166918470159824,,-0.016126294895994837,0.009215184733618249,,,-0.0017854092651743497,-0.00852678550544623,-0.03948729669819306,0.011463100078958836,0.015518918219477646,,0.009491208198623096,0.009016751302507486,-0.01570786584296456,-0.017222038596041794,-0.0048128088554985305,-0.018082183776132327,0.020391588947272082,0.0010936614941742468,0.02723923632460235,,-0.0007697278121110395,-0.03147194868363835,,-0.008003131092483302,,-0.004107108513737252,-9.045483783890338e-05,-0.008585790133466425,-0.01138639575727896,-0.017549400839479933,,-0.0002776359417665186,-0.006678557979641317,,-0.01583035469552403,0.021591868938455185,0.006105304362493922,0.01473287788450961,,-0.011342424151629059,-0.0020468708153261383,0.0006509829684691942,0.010888989690550537,-0.01989773229723249,-0.010569727143046737,-0.03243124971901267,0.003575926813288643,-0.02433798246704573,,,-0.019550063347111533,-0.003825686328132201,0.011923362704143396,-0.0023530538135851935,-0.022582744670180482,0.02309786765608056,0.017448808172560153,0.025553218280766395,0.006612256915093956,,0.022357121416228302,0.021909461227637737,-0.010802284386901057,0.016892223499831206,-0.02127723119595229,,0.030183379251674067,,-0.009513677233093399,-0.006825719862819903,0.0013195465528892422,,-0.014070424632501428,,0.01144666730394436,-0.01887896566703432,-0.01059005084393436,-0.002117236443831475,0.013101836510206912,0.001840032000450405,0.009304508260464597,-0.01769789313624297,0.006953564910332583,-0.021280330661032843,,-0.009835999177945835,-0.018857471595808813,,0.005891723621762443,-0.003988358187072374,-0.02947599546807715,,-0.008256969053667318,,-0.007618751180377094,-0.001226744627649483,,0.02703877943818668,,0.007626185105330479,0.00678169892707986,-0.015998209775046277,0.0018815360739443336,0.007738015479429302,0.023664812799907682,-0.018198903806583868,0.009897216648582377,-0.017326321655419606,0.01231796929531804,-0.0010662617996854001,0.012834027445320986,-0.023402389127742017
2025-06-01,-0.0002105168937661311,0.005069201799839239,,-0.0030589874279234835,-0.003554381860720166,-0.004610304899899088,0.0038108103004636192,-0.009618160927567095,0.014750524134702096,0.010645126180892871,-0.014851498452425328,,-0.005326402917936287,0.0029949766212402787,,,0.0023869125950950524,0.0040370355808832924,-0.025626249667538136,0.007953093056278381,0.01524676600096414,,0.008112872549126238,0.004389168169124752,-0.0019194115746030108,-0.0027318533924409853,0.005624860752142818,-0.00597001353378113,0.016198478743351716,0.006057735978286973,0.01429617914770345,,0.0011094125999241188,-0.024485650635253573,,-7.202121190115539e-05,,-0.00029129749862505383,0.004447275313848802,0.007863018335531423,-0.0016437245195707485,-0.0028281268702061955,,0.007935637997360129,0.006922114229206888,,0.001518532787721285,0.007124955700873333,0.004488788239786342,0.01149317695922775,,0.002346843286038318,0.0028989283113295314,-0.0026643935501759765,0.01213316762554161,-0.020124982335015733,-0.0012429829610159677,-0.026497947845486872,0.009051116647665274,-0.019153655852768382,,,-0.0039235246644068215,0.002963499470695763,0.009493970603511618,0.013243618871708768,-0.014994342936052597,0.00989497732719264,0.006556959787914669,0.01198734593710848,0.010692525757278417,,0.016315842880507733,0.020113523949701843,-0.004451174433328175,0.009084512812677872,-0.017653096323822972,,0.016203700981472856,,-0.0007764661182664717,-0.004171611910188558,0.009262529007082057,,-0.005938401395311857,,0.0042629796376552455,-0.009342958620586777,-0.006999478737088367,0.0050985324446298766,0.01667974902380819,0.004884025044499602,0.014731755610381559,-0.00044211404296580416,0.007197733991633856,-0.02178262165852312,,0.0031693050431248464,-0.012457995280892661,,0.008510135298103405,0.0005186613412908631,-0.015227218290028623,,-0.006266424542171855,,0.003058731216563961,-0.0018613919050457532,,0.01735726583953206,,0.012055647683453909,0.012901037593363248,-0.0021987674760467744,0.016639821345805376,0.007950797656979794,-0.016233743521486994,-0.003055762464197826,0.00930815871444108,-0.015597508462626305,0.005657034600052928,0.004356677850584697,0.010037634213443542,-0.021515796751927087
2025-09-01,0.004148251428333316,0.010176850610089532,,-0.0031102795068078935,-0.009614518767903283,-0.007897828808789791,-0.0037816098741238467,-0.010724075311960285,0.015327259410245977,0.009350083036340866,-0.022672304934103035,,-0.005605937606956379,-0.007333158993275781,,,-0.008971174521754242,0.0018998067872657968,-0.03143612574773363,0.008916171661318261,0.013553956070597586,,0.0022645891188242096,0.005608646628056575,-0.007561933777522417,-0.007573966577168086,0.0013410862322615858,-0.007885527418406823,0.011922543394087954,0.002856017422221616,0.02168657648141537,,-0.0021028123494028525,-0.0307497454055411,,-0.003416942858829293,,-0.0047488597263087426,0.002452782512521916,0.002054089941639683,-0.004592987924863352,-0.005782662325061343,,-0.005650783897590242,-0.009186733339887699,,-0.008102730033083129,0.010070578515587802,0.004992307699771148,0.005922290199614941,,-0.0017950162639859216,-0.00307799453691957,-0.00010357027772420523,0.012947886689028831,-0.017710104916816675,-0.004622686282289275,-0.026395266766924778,0.003157493974310896,-0.01747885520312997,,,-0.006645741984647496,-0.00202334662866567,0.008344701990156808,0.0072080320601724136,-0.021873681197636427,0.007176765250874031,0.007035648940234113,0.007319044885677779,0.010462960746312979,,0.01596524724625393,0.01740826749119327,-0.004715259107092587,0.01090920356959812,-0.023875613261647402,,0.015166237310995988,,-0.010386224530903513,-0.005437836419666219,0.0003905470909535326,,-0.008700641985594292,,0.004204794692902061,-0.014107587961080494,-0.0054714934880398,-0.0028255008400833235,0.011486353208568483,0.0010332801547540869,0.007650919997725025,-0.012934239718024295,0.006227025987297645,-0.023148960217657496,-0.004040894063490058,-0.0006778680985122128,-0.010453439463239735,,0.006359800957710052,-0.004544523984224424,-0.019663128231985513,,-0.007702863441885433,,-0.0024614227525399258,-0.0026206980334099765,,0.015036274412139046,,0.00823629883832281,0.0007934117023621245,-0.004111289303735524,-0.0014802784399769074,0.00837521840584446,-0.01939577953481846,-0.00377410785951208,0.004858483715722822,-0.0171064600324293,0.0019958251799269563,-0.0029799922424392027,0.00877951592631499,-0.01661433271442283
2025-12-01,-0.009857966170149916,0.009131972940617324,,0.00970984846127292,-0.003203268788868756,-0.006825806487281026,0.004982498074390322,-0.018585020884690863,0.024931837828341998,0.008497199658310719,-0.029586641731209742,,,-0.010304280426412732,,,0.004756319432855415,0.003917669011516272,-0.03144189678393737,0.007082100175993802,0.020615173252755664,,0.011384752940940612,,0.0034278494444969724,-0.004360251201836567,0.008676395701107575,-0.008386596129820487,0.024964128945456698,,0.025542165290964834,,0.0022973164957489933,-0.03338375714667957,,-0.0018365046677897658,,-0.0052169401754467905,0.00958404954193099,0.0024879917313102204,-0.001447196837104776,-0.0027614086411708216,,-0.002001944936932914,-0.014957883956496781,,0.001496001530820435,0.022059270341172336,0.004285469238275484,0.01179834102697351,,,0.0014528464480902858,-0.0006377444869401658,0.022964055068707932,-0.026819612778966873,0.0008765595448958763,,0.011461316071073573,-0.0276002960749102,,,-0.009115795491363998,-0.001659503152757575,0.011013306862570498,0.000141649145219299,-0.028384042446729933,-0.0008248699484005163,0.00449623495622555,0.014639962057105018,0.0124499066370401,,0.024832693545411556,0.018636849371018255,-0.003989770641719323,0.021086926260369933,-0.02814028025593573,,,,-0.009998587970323637,-0.008363073861176386,0.01607156260720616,,-0.01014273438524068,,0.00043790809274851973,-0.00954877858314786,0.005746340246939201,-0.0029257958522289373,0.011945013394199979,0.015263406722286632,0.014595311722948295,-0.015361130863719447,0.008473623883634181,-0.02998368838665943,,0.0037425715854268364,-0.0018225313775246067,,0.007103196147379267,-0.001266410782013298,-0.015625284952917547,,-0.00923250418912727,,,0.0008374690372231917,,0.026902229057659263,,0.010626595204088565,0.009604189145126223,-0.010243124126233637,0.005645321050107771,0.017505920765865775,-0.021916596532227172,-0.00169570121629492,0.0045729193422174704,-0.02141523236221269,0.0027034527292818964,-0.004788707034604966,0.002765382651524448,-0.02551542768862499
