,1045,1230,1246,1300,1598,1891,2101,2285,2312,2574,2817,3041,3062,3278,3416,3497,3580,3650,3835,3851,3863,4040,4058,4094,4108,4199,4321,4423,4494,4598,4818,4864,5046,5047,5229,5256,5476,5492,5783,5860,5878,5959,6081,6216,6268,6335,6774,6994,7085,7435,7554,7921,7923,7985,7991,8253,8358,8402,8463,8606,8717,8972,9203,9225,9299,9771,9778,9882,10016,10405,10519,10540,10581,10795,10867,10920,10983,11306,11600,13003,14225,14477,15267,16475,20116,22140,22703,24617,26590,28192,28590,29901,30098,36190,36191,40279,51654,60979,62823,63527,65609,66065,66446,100873,112168,144066,146017,148349,160474,160893,162076,165123,166385,176928,177983,179657,180112,180652,183736,186278,186310,189491,316056,343180
2001-03-01,0.015078953467309475,0.009882400743663311,0.024778490886092186,0.006243882700800896,0.012304556556046009,-0.0030390112660825253,0.016774319112300873,0.0009423947194591165,0.01018604263663292,0.007208886556327343,0.01005533616989851,0.00572791276499629,0.01018604263663292,0.03210277855396271,0.008862157352268696,0.00967419520020485,0.009904409758746624,0.020218733698129654,0.015739519149065018,0.01568496599793434,0.01377906370908022,0.0031411955133080482,0.008862157352268696,0.010027685202658176,0.004135215654969215,0.009850251488387585,0.01451796479523182,0.01018604263663292,0.01018604263663292,0.00530251394957304,,0.00572791276499629,0.008862157352268696,0.0012830795021727681,0.009468168951570988,0.00572791276499629,0.007957573980093002,0.016526857390999794,0.00991440936923027,0.008862157352268696,0.008807999081909657,0.01005533616989851,0.017756108194589615,0.01643967255949974,0.013620074838399887,0.010406420566141605,0.005587534047663212,0.009904409758746624,0.007957573980093002,0.008436758071184158,0.02123657800257206,0.014138291589915752,0.010406420566141605,0.008862157352268696,0.014846018515527248,0.00991440936923027,0.00572791276499629,0.006084617227315903,0.0023400667123496532,0.009468168951570988,0.009850251488387585,0.008882011286914349,0.008158267475664616,0.0013119470095261931,0.015524187125265598,0.0075636799447238445,0.009479010477662086,0.01018604263663292,0.01431346870958805,0.010406420566141605,0.011724073439836502,0.011175311170518398,0.010406420566141605,0.007916216738522053,0.009850251488387585,0.014242224395275116,0.008807999081909657,,0.014138291589915752,0.0007992077735252678,0.00463623134419322,0.006963391788303852,0.009904409758746624,,,0.014709947630763054,,0.015789682045578957,,,0.017408980056643486,0.014709947630763054,0.01377906370908022,,,,,0.007184943184256554,0.01722613535821438,0.008037369698286057,0.01018604263663292,0.008574285544455051,0.00530251394957304,,0.01377906370908022,,,,,,,,,,,,,,,,,,,
2001-06-01,0.003199287224560976,0.003199287224560976,0.019573982805013657,0.009539427235722542,0.004104420077055693,0.006127870641648769,0.0031266314908862114,0.0023522323463112116,0.007973802275955677,0.0076528554782271385,0.005401958711445332,0.005207368638366461,0.0076528554782271385,0.019573982805013657,0.0010115776676684618,0.0043030050583183765,0.00613386370241642,0.005115034058690071,0.006269583012908697,0.0046023959293961525,0.0043030050583183765,0.00036489954800345004,0.00613386370241642,0.00674870191141963,-0.020071713253855705,0.007973802275955677,0.003325216704979539,-0.0024265549145638943,0.0076528554782271385,0.003210025141015649,-0.0023601280990988016,0.00613386370241642,0.0031266314908862114,-0.03043472394347191,0.006127870641648769,0.005401958711445332,0.016719995066523552,0.0076528554782271385,0.009539427235722542,0.004104420077055693,-0.0016558491624891758,0.0007894986774772406,0.0076528554782271385,0.0031266314908862114,0.003325216704979539,0.00036489954800345004,-0.004332067910581827,0.011918877251446247,0.00613386370241642,-0.0022316628601402044,0.001753836520947516,0.005401958711445332,0.0010115776676684618,0.006127870641648769,0.014375928789377213,0.0029562623240053654,0.0031266314908862114,-0.004332067910581827,0.011918877251446247,0.005401958711445332,0.0031266314908862114,0.00036489954800345004,-0.0016558491624891758,0.00036489954800345004,0.00036489954800345004,0.019573982805013657,0.011918877251446247,0.0076528554782271385,0.011918877251446247,0.00036489954800345004,0.006895543076097965,0.001753836520947516,0.009539427235722542,0.003199287224560976,0.002757677109912038,0.006127870641648769,-0.0016558491624891758,,0.00674870191141963,-0.020071713253855705,0.012857956811785698,0.0076528554782271385,0.005815169308334589,,,0.009374297223985195,,0.00613386370241642,,,-0.0023601280990988016,0.0076528554782271385,0.007973802275955677,,,,,0.00674870191141963,0.019573982805013657,-0.0027698278427124023,0.0076528554782271385,0.009539427235722542,0.011918877251446247,0.02269238792359829,0.007973802275955677,,,,,,,,,,,,,,,,,,,
2001-09-01,-0.008178343065083027,0.015297723934054375,0.007207565009593964,0.003587662009522319,0.003236308926716447,0.004337630700320005,-0.024987399578094482,-0.01288476213812828,0.003394628642126918,0.005956037901341915,0.003236308926716447,-0.012959832325577736,0.025250811129808426,0.007071784231811762,0.005889954045414925,0.003236308926716447,0.007207565009593964,0.006696052383631468,0.0006617297185584903,-0.011739348992705345,0.003236308926716447,0.011614600196480751,-0.010427108034491539,0.023542262613773346,-0.015109979547560215,-0.0007884750375524163,-0.0007884750375524163,-0.011999284848570824,0.006897796411067247,0.0036741921212524176,0.0039663538336753845,-0.012552008964121342,0.003236308926716447,-0.04405810311436653,0.0034243029076606035,-0.012650202959775925,0.007207565009593964,0.013710306026041508,0.0036741921212524176,0.003236308926716447,-0.0007884750375524163,-0.011999284848570824,0.012447790242731571,-0.012144944630563259,0.003236308926716447,0.003587662009522319,-0.0007884750375524163,0.003236308926716447,-0.012144944630563259,-0.02585815265774727,0.0015607589157298207,-0.011999284848570824,0.007207565009593964,0.003236308926716447,0.002977600786834955,-0.0007884750375524163,-0.0007884750375524163,0.0013480897760018706,0.003236308926716447,0.003236308926716447,0.007207565009593964,0.004677558783441782,0.0032515109051018953,0.007207565009593964,0.007207565009593964,0.0278435368090868,0.01787622459232807,0.0039663538336753845,0.0034243029076606035,0.003587662009522319,0.006538344081491232,0.02915175072848797,0.0023623809684067965,0.011808057315647602,0.003236308926716447,0.004366061184555292,0.003236308926716447,,0.0036741921212524176,0.03495979309082031,0.007215793710201979,-0.0007884750375524163,-0.012144944630563259,,,0.004678345751017332,,0.007207565009593964,,,0.003587662009522319,0.02559521794319153,0.013710306026041508,,,,,-0.0007884750375524163,0.013577108271420002,-0.035788699984550476,0.009071612730622292,0.007207565009593964,0.01787622459232807,0.019638124853372574,0.007207565009593964,-0.03611917793750763,,,,,,,,,,,,,,,,,,
2001-12-01,-0.004877887666225433,0.008574375882744789,-0.019722463563084602,-0.00809528212994337,0.00023172532382886857,0.0035449382849037647,0.008574375882744789,0.002319317078217864,0.0035449382849037647,0.0003379542613402009,0.00023172532382886857,-0.002805379219353199,0.0035449382849037647,-0.011956091038882732,0.008574375882744789,0.00023172532382886857,0.00023172532382886857,-0.004103702027350664,0.010170788504183292,0.008574375882744789,0.00023172532382886857,-0.005656132008880377,0.0035449382849037647,0.0035449382849037647,-0.0024148044176399708,0.00023172532382886857,-0.00809528212994337,0.00023172532382886857,0.0035449382849037647,0.00023172532382886857,0.008574375882744789,-0.014183640480041504,0.00023172532382886857,0.008471711538732052,0.002319317078217864,0.0035449382849037647,0.0035449382849037647,0.0035449382849037647,0.008574375882744789,0.00023172532382886857,0.00023172532382886857,-0.002589080249890685,0.008574375882744789,0.00023172532382886857,0.002319317078217864,0.0004060009669046849,-0.007635040208697319,0.00023172532382886857,-0.019722463563084602,0.00023172532382886857,-0.019122445955872536,-0.002589080249890685,0.00023172532382886857,-0.005656132008880377,-0.004877887666225433,0.0020158386323601007,0.00023172532382886857,0.0035449382849037647,0.00023172532382886857,0.00023172532382886857,0.00023172532382886857,-0.00812650565057993,-0.002589080249890685,-0.002589080249890685,-0.00809528212994337,-0.002589080249890685,-0.002589080249890685,0.0035449382849037647,0.0003379542613402009,-0.0024148044176399708,0.0024935929104685783,0.0035449382849037647,-0.00809528212994337,0.008574375882744789,0.00023172532382886857,0.003960324916988611,0.002319317078217864,,-0.0024148044176399708,0.002425546059384942,0.006766089703887701,-0.002589080249890685,0.00023172532382886857,,,0.0024935929104685783,,0.002319317078217864,,,0.0004060009669046849,0.0035449382849037647,0.0035449382849037647,,,,,-0.002589080249890685,-0.002589080249890685,0.0035449382849037647,0.0035449382849037647,0.002319317078217864,0.002319317078217864,0.008629925549030304,0.00023172532382886857,0.0024935929104685783,0.0004060009669046849,,,,,,,,,,,,,,,,,
2002-03-01,-0.01139571238309145,0.013249707408249378,0.007023894693702459,0.007994541898369789,0.003010152606293559,0.004530198406428099,0.003757225116714835,0.003010152606293559,0.007994541898369789,0.003010152606293559,0.003010152606293559,-0.000716120470315218,0.007994541898369789,-0.0025538085028529167,0.013249707408249378,0.007023894693702459,0.003010152606293559,-0.047849398106336594,-0.0010950881987810135,0.013249707408249378,0.007023894693702459,-0.003267265623435378,0.007994541898369789,0.007994541898369789,0.006891360506415367,0.003010152606293559,0.003010152606293559,0.003010152606293559,0.007994541898369789,-0.003267265623435378,0.013249707408249378,0.01458680909126997,0.006891360506415367,0.008704468607902527,-0.0025912874843925238,-0.000322001549648121,0.007023894693702459,0.007994541898369789,0.007023894693702459,-0.003267265623435378,0.003010152606293559,0.006891360506415367,0.013249707408249378,0.006891360506415367,0.007023894693702459,0.006891360506415367,-0.0010950881987810135,0.003010152606293559,0.007994541898369789,0.00017004073015414178,0.006640878971666098,0.003757225116714835,0.007023894693702459,-0.000716120470315218,0.013249707408249378,0.003010152606293559,0.003010152606293559,0.007994541898369789,-0.0010950881987810135,0.003010152606293559,-0.0010950881987810135,0.007994541898369789,0.007994541898369789,0.003010152606293559,0.006640878971666098,-0.0010950881987810135,-0.0010950881987810135,0.007994541898369789,0.003010152606293559,-0.0025912874843925238,0.006850382778793573,0.007994541898369789,0.003757225116714835,0.013249707408249378,0.007023894693702459,-0.003267265623435378,0.003010152606293559,,-0.0025912874843925238,-0.0025912874843925238,-0.011633647605776787,0.0064574857242405415,0.003010152606293559,,,-0.0010950881987810135,,0.006850382778793573,,,0.007023894693702459,-0.011633647605776787,0.007994541898369789,,,,,0.007994541898369789,0.007994541898369789,0.007994541898369789,0.007994541898369789,0.007023894693702459,0.003010152606293559,0.007994541898369789,-0.0010950881987810135,0.006891360506415367,0.007023894693702459,,,,,,,,,,,,,,,,,
2002-06-01,-0.03852531686425209,-0.004462005104869604,0.009662835858762264,0.009963895194232464,0.009498466737568378,-0.0045485664159059525,0.013504505157470703,0.0007825617212802172,0.008861401118338108,0.01020282506942749,0.004061506129801273,-0.0027243925724178553,0.008552201092243195,-0.01755642332136631,0.012935727834701538,0.002402680926024914,0.004324383568018675,-0.010185948573052883,0.004952422343194485,0.011168446391820908,0.0074211470782756805,-0.015309969894587994,0.016919532790780067,0.011912058107554913,0.007115784101188183,0.002402680926024914,0.014033613726496696,0.007115784101188183,0.008861401118338108,-0.010605497285723686,0.011891390196979046,0.049690257757902145,0.0001609915925655514,-0.009226741269230843,0.0023918980732560158,-0.01890481263399124,0.005670840851962566,0.01005530171096325,0.007012262940406799,-0.0051253121346235275,0.011954173445701599,-0.046701427549123764,0.014357336796820164,0.004015183076262474,0.004015183076262474,0.010364503599703312,-0.011553538963198662,-0.0011852188035845757,0.005670840851962566,-0.01960059627890587,0.007115784101188183,0.002402680926024914,0.005670840851962566,-0.00507842842489481,0.00335954362526536,0.0020934785716235638,-0.002719242125749588,0.008151592686772346,0.002402680926024914,-0.01123927254229784,0.012291786260902882,0.007021559868007898,0.01042534876614809,0.01197761669754982,0.005670840851962566,0.009498466737568378,0.00047019391786307096,0.008861401118338108,-0.005215062759816647,-0.008611931465566158,-0.045256488025188446,0.0031150842551141977,0.005670840851962566,-0.005268559791147709,0.004015183076262474,-0.004608280025422573,-0.003293360583484173,,0.008217894472181797,-0.0069424607791006565,0.0021515863481909037,0.005670840851962566,0.005670840851962566,,,0.005769326351583004,,0.012168661691248417,,,0.005769326351583004,0.02626543492078781,0.010364503599703312,,,,,-0.001170376199297607,0.008861401118338108,0.007368032820522785,0.008861401118338108,-0.07334104925394058,-0.062092967331409454,0.07942831516265869,0.008217894472181797,0.0020934785716235638,0.00790869165211916,,,,,,,,,,,,,,,,,
2002-09-01,0.014570817351341248,0.010993356816470623,0.010515074245631695,0.01262290682643652,0.01422171015292406,0.01115392241626978,0.015475855208933353,0.00982130877673626,0.006618831306695938,0.015475855208933353,0.010515074245631695,0.004791817162185907,0.006618831306695938,0.006050435360521078,0.01115392241626978,0.010515074245631695,0.010515074245631695,0.01422171015292406,0.010515074245631695,0.014570817351341248,0.014644717797636986,0.003322834149003029,0.008352324366569519,0.01115392241626978,0.010515074245631695,0.014570817351341248,0.010515074245631695,0.010515074245631695,0.013060441240668297,0.008352324366569519,0.014570817351341248,0.014570817351341248,0.006301117595285177,0.006050435360521078,0.010515074245631695,0.003322834149003029,0.010515074245631695,0.014570817351341248,0.015475855208933353,0.006301117595285177,0.01262290682643652,0.007543854881078005,0.014570817351341248,0.010515074245631695,0.010515074245631695,0.010515074245631695,0.003322834149003029,0.00982130877673626,0.014570817351341248,0.006916596554219723,0.010515074245631695,0.010515074245631695,0.010515074245631695,0.0054072970524430275,0.014570817351341248,0.010515074245631695,0.00982130877673626,0.013060441240668297,0.010515074245631695,0.00982130877673626,0.010515074245631695,0.01262290682643652,0.014570817351341248,0.015475855208933353,0.010515074245631695,0.01422171015292406,0.010515074245631695,0.013060441240668297,0.01262290682643652,0.014570817351341248,0.007543854881078005,0.013060441240668297,0.010515074245631695,0.014570817351341248,0.010515074245631695,0.003322834149003029,0.01262290682643652,,0.010515074245631695,0.01422171015292406,0.015386874787509441,0.014570817351341248,0.010515074245631695,,,0.010515074245631695,,0.01422171015292406,,,0.010515074245631695,0.015386874787509441,0.014570817351341248,,,,,0.013965479098260403,0.006618831306695938,0.010515074245631695,0.013060441240668297,0.007543854881078005,0.0031861027237027884,0.014570817351341248,0.014570817351341248,0.010515074245631695,0.010515074245631695,,,,,,,,,,,,,,,,,
2002-12-01,0.04663830250501633,0.016767097637057304,0.0156911201775074,0.010316828265786171,0.007417303044348955,-0.005244265776127577,0.015059933066368103,-0.004586801398545504,0.0062760054133832455,0.01316550187766552,0.0036365303676575422,-0.00829367246478796,0.0025577337946742773,-0.01236460730433464,-0.004586801398545504,0.003858216805383563,0.005045246332883835,0.016056686639785767,0.0015529269585385919,0.013705842196941376,-0.009065299294888973,-0.007127796299755573,0.009764283895492554,-0.0038284866604954004,0.015780296176671982,0.010095140896737576,0.0036365303676575422,0.0036365303676575422,0.015588559210300446,-0.007127796299755573,0.013208010233938694,0.021117808297276497,-0.004586801398545504,0.0041888137347996235,0.010316828265786171,-0.004586801398545504,0.0036365303676575422,0.0025577337946742773,0.013875920325517654,-0.007127796299755573,0.011503859423100948,-0.03640562668442726,0.01095606293529272,0.0036365303676575422,0.003858216805383563,0.01409237552434206,-0.007127796299755573,0.003858216805383563,0.01084639597684145,-0.007127796299755573,0.010095140896737576,0.0015529269585385919,-0.002685780171304941,-0.01074934471398592,0.0026536111254245043,0.007417303044348955,0.003619107184931636,0.0032848312985152006,0.005045246332883835,0.0036365303676575422,0.012711435556411743,-0.011571806855499744,0.010095140896737576,0.013875920325517654,-0.002685780171304941,0.007399882655590773,0.0036365303676575422,0.0025577337946742773,-0.004586801398545504,0.012793808244168758,-0.003385856980457902,-0.007565209176391363,0.0015529269585385919,0.04663830250501633,0.003858216805383563,-0.006450220942497253,0.010316828265786171,,0.002210391918197274,0.012793808244168758,-0.000272780453087762,0.010095140896737576,0.005045246332883835,,,0.038107894361019135,,0.014980701729655266,,,0.0036365303676575422,0.058092150837183,0.0200267992913723,,,,,-0.007633359171450138,0.0008258293964900076,0.010346558876335621,0.01084639597684145,-0.05464007705450058,-0.05514117330312729,0.029811492189764977,0.0036365303676575422,0.0036365303676575422,0.0036365303676575422,,,,,,,,,,,,,,,,,
2003-03-01,0.03280629590153694,0.0003723011177498847,0.027424689382314682,0.013267592526972294,0.01458011381328106,0.002358668949455023,0.01777123101055622,0.002358668949455023,0.014372345060110092,0.021535566076636314,0.010406197980046272,-0.041286081075668335,0.01777123101055622,0.004477432928979397,0.002358668949455023,0.013683989644050598,0.011808913201093674,0.024972304701805115,0.010406197980046272,0.02413899451494217,0.002358668949455023,0.002358668949455023,0.012256840243935585,-0.0005708694225177169,0.020121853798627853,0.014888007193803787,0.011565154418349266,0.011039228178560734,0.014989771880209446,0.002358668949455023,0.02228233590722084,-0.2128404676914215,0.002358668949455023,0.023629818111658096,0.011798649094998837,0.002358668949455023,0.013212361373007298,0.013785754330456257,0.017669465392827988,0.002358668949455023,0.002358668949455023,0.010269735008478165,0.0076453834772109985,0.011272722855210304,0.011272722855210304,0.022807743400335312,0.002358668949455023,0.010178234428167343,0.014888007193803787,0.002358668949455023,0.01577579230070114,0.010406197980046272,0.011798649094998837,0.002358668949455023,0.014391833916306496,0.011819910258054733,0.00281535810790956,0.013683989644050598,0.011798649094998837,-0.012369235046207905,0.009788771159946918,0.002358668949455023,0.014888007193803787,0.011916164308786392,0.013212361373007298,0.01458011381328106,0.010406197980046272,0.013259828090667725,-0.0013933199224993587,0.016049055382609367,0.0090320510789752,0.012833166867494583,0.011707148514688015,-0.2128404676914215,0.013212361373007298,0.002358668949455023,0.002358668949455023,,0.010406197980046272,0.017577966675162315,0.00518116494640708,0.011272722855210304,0.011900413781404495,,,0.02139403112232685,,0.01777123101055622,,,0.011272722855210304,0.055807918310165405,0.014463845640420914,,,,,0.008501909673213959,0.009354479610919952,0.009354479610919952,0.013785754330456257,-0.005484732799232006,-0.0034219075459986925,0.014362080954015255,0.014362080954015255,0.010172703303396702,0.010406197980046272,,,,,,,,,,,,,,,,,
2003-06-01,0.060772303491830826,0.028328008949756622,0.029568001627922058,0.020140446722507477,0.02107991650700569,0.010785828344523907,0.024576285853981972,0.013053510338068008,0.02021181955933571,0.016275350004434586,0.01294750440865755,0.007982177659869194,0.018601147457957268,0.007965468801558018,0.007951752282679081,0.014540205709636211,0.014540205709636211,0.024281812831759453,0.012977929785847664,0.021824264898896217,0.01592324674129486,-0.0034191657323390245,0.02101394161581993,0.0077643864788115025,0.025766652077436447,0.014540205709636211,0.014540205709636211,0.014570631086826324,0.018874192610383034,0.00022452350822277367,0.020140446722507477,-0.20853577554225922,0.0174590814858675,0.007778102997690439,0.013023084960877895,0.011717830784618855,0.014570631086826324,0.02162259817123413,0.02453220821917057,-0.00032123172422870994,0.021002652123570442,0.014570631086826324,0.01571943238377571,0.014540205709636211,0.01821502484381199,0.01875048503279686,0.0077643864788115025,0.01763329841196537,0.02101394161581993,-0.00032123172422870994,0.021636882796883583,0.012977929785847664,0.020740004256367683,0.003757109632715583,0.024875998497009277,0.012977929785847664,0.01294750440865755,0.004509510938078165,0.014540205709636211,0.0077643864788115025,0.01821502484381199,0.013814693316817284,0.017992490902543068,0.012156526558101177,0.014540205709636211,0.02107991650700569,0.01294750440865755,0.01817077212035656,0.015108109451830387,0.028395721688866615,0.020709577947854996,0.01812954619526863,0.014540205709636211,-0.20853577554225922,0.014570631086826324,2.5191351596731693e-05,0.017236554995179176,,0.012977929785847664,0.012156526558101177,0.015770159661769867,0.014540205709636211,0.014540205709636211,,,0.05821094661951065,,0.02107991650700569,,,0.013180038891732693,0.05096586048603058,0.017992490902543068,,,,,0.02107991650700569,0.011530465446412563,0.014540205709636211,0.01812954619526863,0.024911552667617798,0.023026878014206886,0.025517059490084648,0.02101394161581993,0.012977929785847664,0.01294750440865755,,,,,,,,,,,,,,,,,
2003-09-01,0.007974538952112198,0.03184378519654274,0.022119751200079918,0.01561455987393856,0.024984704330563545,-9.779145329957828e-05,0.01561455987393856,-0.004547689110040665,0.009557317942380905,0.029814232140779495,0.0073746731504797935,-0.037799350917339325,0.021080782637000084,-0.007209815084934235,0.01860492117702961,0.01561455987393856,0.013515934348106384,0.022596783936023712,0.011737196706235409,0.03118370659649372,0.006394196767359972,-0.01458800956606865,-9.779145329957828e-05,-9.779145329957828e-05,0.025071142241358757,0.01561455987393856,0.01561455987393856,0.013515934348106384,0.014057313092052937,-0.018193183466792107,0.01561455987393856,-0.4089634120464325,0.0001569802698213607,-0.01428996678441763,0.01300580520182848,0.0009537181467749178,0.015509224496781826,0.01300580520182848,0.01561455987393856,-0.011854566633701324,0.0009537181467749178,0.013770706951618195,-0.0036561721935868263,0.013515934348106384,0.012569536454975605,0.011172699742019176,-9.779145329957828e-05,0.013344724662601948,0.01561455987393856,-0.0072394320741295815,0.013515934348106384,0.011482424102723598,0.01383276842534542,0.0057668862864375114,0.025395041331648827,0.011737196706235409,0.014853605069220066,-0.0025764647871255875,0.013515934348106384,-0.0011774987215176225,0.016335081309080124,-0.0009227267000824213,0.017073819413781166,0.02600361593067646,0.016506293788552284,0.028229709714651108,0.010721469298005104,0.01561455987393856,0.01275497954338789,0.02899397537112236,0.012952097691595554,0.01561455987393856,0.013344724662601948,-0.4089634120464325,0.01530549582093954,-0.013686145655810833,-9.779145329957828e-05,,0.011737196706235409,0.007455355953425169,0.008965052664279938,0.01561455987393856,0.013089952059090137,,,0.018642276525497437,,0.023463616147637367,,,0.02585943415760994,0.050915736705064774,0.01561455987393856,,,,,0.0064364466816186905,0.027743404731154442,0.013515934348106384,0.01561455987393856,0.024688109755516052,0.024501699954271317,0.01219238992780447,0.01505072321742773,0.013770706951618195,0.015254451893270016,,,,,,,,,,,,,,,,,
2003-12-01,-0.03177597001194954,0.06644683331251144,0.05130152031779289,0.005471202544867992,0.015893470495939255,-0.007467706687748432,0.021206198260188103,-0.012341874651610851,0.003356598550453782,0.032492440193891525,-0.009246730245649815,-0.03962263837456703,0.010858312249183655,-0.03439595177769661,-0.010660856030881405,0.0072503662668168545,0.0039133732207119465,0.005132943857461214,0.0041498830541968346,-0.03242575004696846,0.0010863172356039286,-0.03218020871281624,-0.010660856030881405,-0.006122059654444456,0.014952363446354866,0.0064143105410039425,0.006211884785443544,0.0051751937717199326,0.007800588384270668,-0.02939414046704769,0.006122053135186434,-0.4538373053073883,-0.0012637677136808634,-0.023412523791193962,0.0028434935957193375,-0.003547862870618701,0.006970227230340242,0.009211628697812557,0.0095235425978899,-0.026158878579735756,-0.003547862870618701,0.008034891448915005,-0.011959032155573368,0.011405030265450478,0.010672387667000294,0.027152882888913155,-0.008652607910335064,0.0033527377527207136,0.00799075048416853,-0.029055209830403328,0.0018966339994221926,0.005400278605520725,0.03497644513845444,-0.00290844589471817,0.002820839174091816,0.009268741123378277,-0.007815101183950901,-0.01845357194542885,0.011743960902094841,-0.008855033665895462,0.012163372710347176,-0.00768791139125824,0.0064143105410039425,0.016624029725790024,-0.004536543507128954,0.014149165712296963,-0.00514004984870553,0.005042492877691984,-0.00709332711994648,0.024081001058220863,0.005400278605520725,0.003340616123750806,0.00463718781247735,0.08340105414390564,0.009268741123378277,-0.024792583659291267,-0.002833714708685875,,0.0022355641704052687,0.021608835086226463,0.020580437034368515,0.0032696931157261133,0.012203543446958065,,,0.027491766959428787,,0.020484423264861107,,,0.008072571828961372,0.030802009627223015,0.008036637678742409,,,,,0.014263012446463108,0.019470863044261932,0.006790793500840664,0.007173076272010803,0.03744174540042877,0.016690297052264214,0.009892778471112251,0.004839644767343998,0.00402721855789423,0.0021217181347310543,,,,,,,,,,,,,,,,,
2004-03-01,0.07976999878883362,0.017513591796159744,0.03276566043496132,-0.011730278842151165,0.02282952517271042,-0.014427087269723415,0.008443910628557205,-0.009004324674606323,0.007476791273802519,0.02148135006427765,0.007511417381465435,-0.48766279220581055,0.01273292489349842,-0.03708542138338089,-0.011730278842151165,0.0019430888351053,-0.0050940243527293205,0.0037310391198843718,-0.021906334906816483,-0.3989950120449066,-0.003458605380728841,-0.030327023938298225,-0.009589778259396553,-0.009161342866718769,0.02095423825085163,0.0007844356005080044,-0.00934133492410183,0.004646923393011093,0.009604675695300102,-0.030359942466020584,0.014072851277887821,-0.04713048040866852,0.0049409992061555386,-0.03148183599114418,-0.0160248801112175,-0.0019953916780650616,0.0025047187227755785,0.011572744697332382,0.013090044260025024,-0.018901916220784187,0.007354198023676872,0.004882791079580784,-0.01770496368408203,0.012241409160196781,0.012401622720062733,0.008195909671485424,-0.010768993757665157,-0.005166047252714634,0.001952884253114462,-0.018892118707299232,-0.004885914269834757,0.00032544980058446527,0.011390884406864643,0.004942827392369509,-0.010666954331099987,0.011679316870868206,-0.01261083222925663,0.015093591064214706,0.01131325401365757,-0.005015065893530846,0.005174649879336357,-0.018029505386948586,-0.009888673201203346,0.009107452817261219,-0.006542311981320381,0.022744616493582726,-0.011968789622187614,0.005037927068769932,-0.015977561473846436,0.01582656428217888,0.001547481631860137,0.004826517775654793,0.002079577883705497,-0.39889615774154663,0.013350545428693295,-0.0222189798951149,0.004907949361950159,,0.0024686595425009727,-0.0012983910273760557,0.01710028015077114,-0.011816928163170815,0.020224623382091522,,,-0.022996310144662857,,0.03127887845039368,,,0.007234146818518639,0.03638865426182747,-0.019977863878011703,,,,,0.008952300995588303,0.060172732919454575,0.011476848274469376,0.00914266798645258,-0.1876274198293686,-0.024436799809336662,-0.0032306192442774773,0.005482506472617388,-0.01945040188729763,-0.005560111720114946,,,,,,,,,,,,,,,,,
2004-06-01,0.02652858756482601,0.00601210817694664,0.018639929592609406,-0.013626501895487309,0.0014741055201739073,-0.00976602453738451,0.029612774029374123,-0.009439017623662949,0.003275573020800948,0.02021363191306591,-0.005966550670564175,0.016475534066557884,0.018806057050824165,-0.023306813091039658,-0.006371278781443834,-0.0002766640391200781,-0.009745859540998936,0.0026840881910175085,-0.006663923151791096,0.007399905472993851,0.0031609332654625177,-0.014286822639405727,-0.01055635791271925,-0.02585110440850258,0.0017840837826952338,-0.0002766640391200781,-0.00784007553011179,-0.0007381353643722832,0.015463164076209068,-0.011481589637696743,0.006977702025324106,0.10320109128952026,-0.009754331782460213,-0.03272034227848053,5.620712909149006e-05,-0.0040374756790697575,-0.009583041071891785,0.01104216743260622,0.008959990926086903,-0.02050282619893551,-0.004938468337059021,-0.009628308936953545,-0.010273143649101257,0.012150025926530361,0.0005522795836441219,0.003941206727176905,-0.009439017623662949,-0.009183300659060478,-0.007754703052341938,-0.02102385088801384,,0.004838400986045599,9.599127224646509e-05,-0.008520464412868023,0.005913569126278162,0.003986051771789789,-0.009786507114768028,-0.006348283961415291,-0.008676181547343731,-0.009877747856080532,0.00043406637269072235,-0.003998225554823875,-0.01055635791271925,0.011393260210752487,-0.009459500201046467,0.0067322528921067715,-0.009412987157702446,0.013843866996467113,-0.009754331782460213,-0.027982963249087334,0.0007484339294023812,-0.002543701557442546,0.00042886254959739745,-0.01621316745877266,0.0023512167390435934,-0.020964059978723526,-0.009754331782460213,,0.010650594718754292,0.005854500457644463,0.013596015982329845,-0.008661563508212566,0.014518320560455322,,,0.003603464225307107,,0.01335671916604042,,,-0.0027050317730754614,0.02520606480538845,0.01121716108173132,,,,,0.0061645833775401115,0.014518320560455322,0.012372313998639584,0.015463164076209068,-0.015679484233260155,0.010650090873241425,0.007919922471046448,0.008759197778999805,-0.010646854527294636,0.000434728863183409,,,,,,,,,,,,,,,,,
2004-09-01,0.1496550440788269,-0.018475091084837914,0.03145291656255722,-0.007031532935798168,0.014826910570263863,-0.007031532935798168,0.028977710753679276,-0.0348794162273407,-0.015231883153319359,0.027699237689375877,0.04020960256457329,0.0006697548669762909,0.04988977685570717,-0.02132672443985939,-0.002413020236417651,-0.004500267095863819,-0.010010823607444763,0.01862890087068081,-0.0035846615210175514,-0.1362181454896927,0.031133553013205528,-0.025297071784734726,-0.006763223558664322,-0.06989137828350067,0.01291355025023222,-0.011965230107307434,-0.0072294436395168304,0.010506821796298027,0.01297872606664896,-0.027828339487314224,0.018526844680309296,-0.07968270778656006,-0.013524821028113365,-0.014481848105788231,-0.008270698599517345,-0.027828339487314224,-0.007402827497571707,0.02102605439722538,0.01500821951776743,-0.027828339487314224,-0.018982723355293274,0.0003242048842366785,-0.0018845368176698685,-0.027012642472982407,0.014811909757554531,0.049570560455322266,-0.028993407264351845,-0.010631308890879154,-0.008270698599517345,-0.027828339487314224,,0.01180823240429163,0.010683290660381317,-0.025297071784734726,0.026055335998535156,0.015403768979012966,3.582481440389529e-05,-0.0006123857456259429,-0.010010823607444763,-0.012542088516056538,0.002290550386533141,0.00603888463228941,-0.007517825346440077,0.019348738715052605,-0.007346718106418848,0.02107272297143936,-0.0019078068435192108,0.023723572492599487,0.004018737003207207,0.010573940351605415,-0.008944028057157993,0.003985175862908363,0.01277053914964199,0.3180387020111084,0.02310330606997013,-0.027828339487314224,0.0003242048842366785,,0.012569496408104897,0.022344328463077545,0.019404921680688858,-0.012542088516056538,0.01180823240429163,,,0.009125813841819763,,0.021959524601697922,,,-0.010631308890879154,0.0367889441549778,0.01726122759282589,,,,,0.018931414932012558,0.03140174224972725,0.017869379371404648,0.019108541309833527,-0.03935708478093147,0.00011843186803162098,0.0009340952965430915,0.012573904357850552,-0.012542088516056538,0.013347397558391094,,0.21848313510417938,,,,,,,,,,,,,,,
2004-12-01,0.09150094538927078,0.03501944616436958,0.021547425538301468,-0.005969400051981211,0.010623635724186897,-0.007593527901917696,0.030723698437213898,-0.007593527901917696,0.028821658343076706,0.02398717775940895,0.02087673544883728,-0.008270016871392727,0.03035353496670723,-0.011762506328523159,0.004113883711397648,0.005850932560861111,0.0036280842032283545,0.019732192158699036,-0.0021683184895664454,0.07196987420320511,0.0155734708532691,-0.006987579166889191,-0.005969400051981211,-0.009972142986953259,0.012396768666803837,0.002855503000319004,0.0023588058538734913,0.009825422428548336,0.017376665025949478,-0.011221031658351421,0.01752188429236412,0.04626145586371422,0.0023588058538734913,-0.01115697156637907,-0.007593527901917696,-0.006987579166889191,-0.007593527901917696,0.014104977250099182,0.02112516574561596,-0.001268697320483625,0.0023588058538734913,0.002855503000319004,-0.005847943015396595,0.017669284716248512,0.014494200237095356,0.021573849022388458,-0.011221031658351421,-0.005969400051981211,-0.007096830755472183,-0.001268697320483625,,0.024779703468084335,0.002129746600985527,-0.006987579166889191,0.01752188429236412,0.009825422428548336,-0.0028633757028728724,-0.0013158897636458278,0.008108999580144882,-0.007593527901917696,-0.008501778356730938,0.00291756191290915,-0.007593527901917696,0.020826900377869606,-0.0028633757028728724,0.005485987290740013,0.006054423283785582,0.026989992707967758,0.002855503000319004,0.021176595240831375,-0.0033600751776248217,0.003794895950704813,0.009091771207749844,0.02395721524953842,0.02126406878232956,-0.011221031658351421,0.0023588058538734913,,0.014494200237095356,0.012381807900965214,0.017959430813789368,0.0036009433679282665,0.018551386892795563,,,0.012566182762384415,,0.021707935258746147,,,0.0010337396524846554,0.029404431581497192,0.02126406878232956,,,,,0.019053760915994644,0.020391514524817467,0.020391514524817467,0.028821658343076706,-0.08911875635385513,0.01050786953419447,0.055331502109766006,0.01752188429236412,-0.007593527901917696,-0.03197208791971207,,0.04104902595281601,0.010623635724186897,,,,,,,,,,,,,,
2005-03-01,0.09778761118650436,-0.004624103661626577,0.037659917026758194,-0.0013498477637767792,0.02124341018497944,-0.0035632660146802664,0.030501358211040497,-0.0035632660146802664,0.02065139263868332,0.03002285584807396,0.021623149514198303,-0.0038116532377898693,0.029963964596390724,-0.008309569209814072,-0.004975956864655018,0.010539185255765915,-0.014623047783970833,0.029683994129300117,-0.0063727907836437225,0.07173649966716766,0.014379890635609627,-0.0027932648081332445,-0.0013498477637767792,0.012936852872371674,0.01663885824382305,0.006847761571407318,-0.002960977843031287,0.009250747971236706,0.016499247401952744,0.008493484929203987,0.02065139263868332,-0.4584559500217438,0.006847761571407318,-0.01052299328148365,-0.0035632660146802664,0.008493484929203987,-0.00047450143028981984,-0.0035632660146802664,0.01672341302037239,0.004802054259926081,0.006847761571407318,0.006847761571407318,0.000880104664247483,0.029963964596390724,0.01663885824382305,0.016137585043907166,0.010539185255765915,-0.000747560290619731,-0.0035632660146802664,0.004802054259926081,,0.029963964596390724,-0.0013498477637767792,0.010539185255765915,0.029683994129300117,0.016724031418561935,-0.0013498477637767792,-0.0035632660146802664,-0.0035632660146802664,-0.002960977843031287,-0.002762537682428956,-0.0013498477637767792,-0.0035632660146802664,0.029995329678058624,0.010539185255765915,0.014157285913825035,-0.0013498477637767792,0.02239404246211052,0.006847761571407318,0.029656467959284782,0.010539185255765915,-0.0013498477637767792,0.01787136122584343,0.07173649966716766,0.022086545825004578,0.008493484929203987,0.006847761571407318,,0.01675155758857727,0.029656467959284782,0.02250995859503746,0.009250747971236706,0.012339511886239052,,,0.01663885824382305,,0.017257699742913246,,,-0.0035632660146802664,0.030302826315164566,0.029683994129300117,,,,,0.027471695095300674,0.02831658534705639,0.01518505159765482,0.02065139263868332,-0.05270108953118324,0.02242540754377842,0.020678918808698654,0.029656467959284782,-0.0035632660146802664,0.013684999197721481,,0.051089975982904434,0.01663885824382305,,,,,,,,,,,,,,
2005-06-01,0.04875856265425682,-0.0040857503190636635,0.04678403586149216,-0.0018158183665946126,0.02001120150089264,-0.008100404404103756,0.048434726893901825,-0.018529202789068222,0.028550008311867714,0.03415827453136444,-0.003422598820179701,0.030596591532230377,0.04566958546638489,0.01269583497196436,-0.006471713539212942,-0.008305941708385944,0.014356479048728943,0.02684180624783039,0.005382929928600788,-0.14869911968708038,0.022918587550520897,-0.011844820342957973,-0.003643165109679103,-0.012597763910889626,0.022459639236330986,0.0008290535770356655,-0.0075170788913965225,-0.008119680918753147,0.011080686002969742,-0.009260669350624084,0.02176664024591446,0.16316963732242584,-0.015380190685391426,-0.014791097491979599,-0.007081195712089539,-0.014149543829262257,-0.0038337241858243942,-0.004165346268564463,0.017289957031607628,-0.018529202789068222,-0.004954429343342781,-0.0024563544429838657,0.025232486426830292,0.028995651751756668,0.01894788257777691,0.016700761392712593,-0.018529202789068222,1.8873308363254182e-05,-0.0075170788913965225,-0.018366502597928047,,0.03169846907258034,-0.0029222287703305483,-0.006639458704739809,0.021506141871213913,0.01665981113910675,0.008804688230156898,0.029912343248724937,-0.004245770163834095,-0.008908543735742569,-0.007981652393937111,0.011958327144384384,-0.018167512491345406,0.023787789046764374,-0.000735938549041748,0.010155629366636276,0.00012580369366332889,0.013707449659705162,-0.00401998171582818,0.03147098422050476,0.001424059853889048,-0.0011377183254808187,0.020030956715345383,0.06425604969263077,0.012381987646222115,-0.018792401999235153,-0.016005082055926323,,0.02849799580872059,0.02717449702322483,0.035794876515865326,0.011307272128760815,0.01540281344205141,,,0.07857745885848999,,0.025660179555416107,,,-0.008062837645411491,0.044311970472335815,0.03101472742855549,,,,,0.03338651731610298,0.021817104890942574,0.022288832813501358,0.04313965514302254,0.018262900412082672,0.06085323542356491,0.017495404928922653,0.015498504042625427,-0.015170300379395485,0.02147456631064415,,0.04988397657871246,0.02301643230021,0.02042190171778202,,,,,,,,,,,,,
2005-09-01,0.09723921865224838,-0.009258659556508064,0.07251294702291489,-0.0006343449931591749,0.028617408126592636,-0.0036390838213264942,0.04502851516008377,-0.011397367343306541,0.04502107948064804,0.030063439160585403,0.001063890871591866,0.062136705964803696,0.04941369593143463,-0.012276550754904747,-0.0008202779572457075,-0.0006343449931591749,0.023867255076766014,0.0347461961209774,-0.0015207608230412006,-0.0905013307929039,0.013313055038452148,-0.003970300313085318,-4.731264561996795e-05,-0.018609683960676193,0.025166084989905357,0.016337204724550247,-0.0035710828378796577,-0.005409221164882183,0.019288772717118263,-0.00667675631120801,0.02229977399110794,0.14381064474582672,-0.009242003783583641,-0.00744637893512845,-0.004921538755297661,-0.003601892851293087,-0.004921538755297661,-0.0013581945095211267,0.03183398395776749,-0.0053755417466163635,-0.002413674257695675,0.003940926399081945,0.01181797031313181,0.023383017629384995,0.023867255076766014,-0.002240093657746911,-0.009627232328057289,-4.731264561996795e-05,-0.0006343449931591749,-0.009125810116529465,,0.034411631524562836,-0.000534994644112885,-0.003970300313085318,0.03234338387846947,0.016365177929401398,0.003940926399081945,-0.004436862654983997,-0.003052780870348215,-0.0038808633107692003,-0.0011220271699130535,-4.731264561996795e-05,-0.0050141471438109875,0.025844767689704895,5.2331419283291325e-05,0.023657189682126045,-4.731264561996795e-05,0.03291032090783119,-0.0032899833749979734,0.022464631125330925,0.007443595677614212,0.02080782875418663,0.023867255076766014,0.08995871245861053,0.020900538191199303,-0.009125810116529465,-0.013613682240247726,,0.04192156344652176,0.012766175903379917,0.04925186559557915,0.016337204724550247,0.02795720100402832,,,0.06085586920380592,,0.030772635713219643,,,-0.04904581606388092,0.05040081962943077,0.07289578020572662,,,,,0.03421597182750702,0.04180031269788742,0.024153510108590126,0.02295253425836563,0.01882132515311241,0.056375857442617416,0.031194085255265236,0.018725616857409477,-0.004683549515902996,0.022690515965223312,,0.17302566766738892,0.025518028065562248,0.02132822573184967,,,,,,,,,,,,,
2005-12-01,-0.0016743273008614779,0.03822328895330429,0.07195470482110977,0.0009775542421266437,0.02022041566669941,-0.01185119990259409,0.03495699539780617,-0.004245609976351261,-0.003048509592190385,0.025645609945058823,-0.003696838393807411,0.04966796562075615,0.037867188453674316,-0.010475357063114643,0.0036571836099028587,0.00226529105566442,0.025605514645576477,0.032356146723032,0.0023720634635537863,0.18283899128437042,0.011251618154346943,-0.002638403791934252,-0.0025613224133849144,-0.02290613204240799,0.024300701916217804,0.010587953962385654,0.0004823015769943595,-0.0050184656865894794,0.012381792068481445,0.0002954679075628519,0.007557669188827276,0.05571776628494263,-0.0023162136785686016,-0.011573451571166515,-0.00611295597627759,-0.004986701533198357,-0.00611295597627759,-0.006051590200513601,0.020745595917105675,-0.006163529120385647,0.00487917335703969,0.0027198162861168385,-0.07202370464801788,-0.004789214115589857,0.02240319736301899,0.019612804055213928,-0.003696838393807411,-0.004456281196326017,0.011728901416063309,-0.006163529120385647,,0.0208040252327919,0.0014553316868841648,0.004397526383399963,0.03268716111779213,0.019334301352500916,0.0024905649479478598,-0.015413644723594189,0.0005726462695747614,-0.004644152242690325,-0.008850635960698128,0.001837130170315504,0.0015098832082003355,0.030970700085163116,0.0024905649479478598,0.026351306587457657,-0.00043726275907829404,0.032374151051044464,-0.0006434042588807642,-0.0037337359972298145,0.0006002275040373206,-0.0012011509388685226,0.01663363166153431,0.18053321540355682,0.022166293114423752,-0.006594930775463581,-0.0070679672062397,,0.033089201897382736,0.005836895667016506,0.04382088780403137,0.016068382188677788,0.0269330982118845,,,0.049241289496421814,,0.023906033486127853,,,-0.00643581198528409,0.04149383679032326,0.030183514580130577,,,,,0.0311790332198143,0.07214998453855515,0.016994459554553032,-0.0016784181352704763,0.020684486255049706,0.027709802612662315,0.023708458989858627,0.020974785089492798,-0.006470593623816967,0.0015011331997811794,,0.066048763692379,0.02083379402756691,0.023666929453611374,,,,,,,,,,,,,
2006-03-01,-0.001876187976449728,0.02974632941186428,0.030137116089463234,0.012335934676229954,0.01844298094511032,0.005754145793616772,0.026681145653128624,0.014976013451814651,0.009106612764298916,0.018791183829307556,0.01179121620953083,0.04414350911974907,0.026681145653128624,0.004654784221202135,0.01179121620953083,0.010370410047471523,0.01215618010610342,0.02974632941186428,0.010675862431526184,0.06965786218643188,0.0254263486713171,0.011096238158643246,0.011906352825462818,0.014261082746088505,0.01844298094511032,0.013055655173957348,0.010120582766830921,0.008856785483658314,0.008391677401959896,0.01179121620953083,0.016240451484918594,-0.009365152567625046,0.01179121620953083,0.005051484797149897,0.008856785483658314,0.01179121620953083,0.016240451484918594,0.005754145793616772,0.018791183829307556,0.01179121620953083,0.013055655173957348,0.016240451484918594,0.03367665782570839,0.008856785483658314,0.01844298094511032,0.01844298094511032,0.01179121620953083,0.007897086441516876,0.02283373847603798,0.01179121620953083,,0.01844298094511032,0.016240451484918594,0.01179121620953083,0.023525085300207138,0.018791183829307556,0.011906352825462818,0.00413259444758296,0.011906352825462818,0.009568015113472939,0.008856785483658314,0.011906352825462818,0.008046673610806465,0.018705664202570915,0.016240451484918594,0.018791183829307556,0.011906352825462818,0.021770847961306572,0.016240451484918594,0.016240451484918594,0.010120582766830921,0.01215618010610342,0.016240451484918594,0.06965786218643188,0.02974632941186428,0.014976013451814651,0.014976013451814651,,0.01844298094511032,0.00733173917979002,0.019729195162653923,0.016678208485245705,0.02283373847603798,,,0.04452630132436752,,0.018791183829307556,,,0.002736095106229186,0.01928611844778061,0.02974632941186428,,,,,0.026681145653128624,0.022912515327334404,0.016678208485245705,0.008391677401959896,0.018791183829307556,0.03076986037194729,0.012585761956870556,0.01844298094511032,0.008141850121319294,0.004847528878599405,,0.04118200019001961,0.01844298094511032,0.018705664202570915,,,,,,,,,,,,,
2006-06-01,0.02105018123984337,0.016495488584041595,0.023949842900037766,0.007031366694718599,0.017107101157307625,0.007474785204976797,0.023517711088061333,0.007031366694718599,0.007474785204976797,0.023949842900037766,0.008082190528512001,0.023618437349796295,0.023949842900037766,0.0020300494506955147,0.009621589444577694,0.007031366694718599,0.007031366694718599,0.023949842900037766,0.011594602838158607,0.0683336853981018,0.02156342938542366,0.009178169071674347,0.009178169071674347,0.007031366694718599,0.017107101157307625,0.009178169071674347,0.007031366694718599,0.007031366694718599,0.004005937837064266,0.011372092179954052,0.007031366694718599,0.02337254025042057,0.007031366694718599,0.007253877352923155,0.007031366694718599,0.007474785204976797,0.007031366694718599,0.007474785204976797,0.017107101157307625,0.007031366694718599,0.007031366694718599,0.009178169071674347,0.008126864209771156,0.006628898903727531,0.012504864484071732,0.017107101157307625,0.007031366694718599,0.007031366694718599,0.009178169071674347,0.007031366694718599,,0.019409388303756714,0.009621589444577694,0.009178169071674347,0.007031366694718599,0.017107101157307625,0.011372092179954052,0.006185479927808046,0.009178169071674347,0.008082190528512001,0.007031366694718599,0.009178169071674347,0.007031366694718599,0.019633974879980087,0.009178169071674347,0.017107101157307625,0.009178169071674347,0.019633974879980087,0.007031366694718599,0.007474785204976797,0.008082190528512001,0.009621589444577694,0.009178169071674347,0.011815512552857399,0.017107101157307625,0.007474785204976797,0.007031366694718599,,0.017107101157307625,0.007031366694718599,0.020181752741336823,0.007031366694718599,0.007474785204976797,,,0.017107101157307625,,0.017107101157307625,,,0.010969627648591995,0.0244976207613945,0.009178169071674347,,,,,0.023949842900037766,0.023517711088061333,0.0035625193268060684,0.004005937837064266,0.005726896226406097,0.020181752741336823,0.01062454842031002,0.016674969345331192,0.007031366694718599,0.007031366694718599,0.0244976207613945,0.03394418954849243,0.017107101157307625,0.007031366694718599,,0.011896282434463501,,,,,,,,,,,
2006-09-01,0.05557491257786751,0.022708307951688766,0.03810396417975426,0.0025262979324907064,0.023491600528359413,-0.0063513703644275665,0.03929851949214935,-0.010686003603041172,-0.0007557456847280264,0.03527233004570007,0.004035508260130882,0.11635512858629227,0.038999043405056,-0.03030145727097988,-0.009413734078407288,0.0015820034313946962,0.002596336416900158,0.011082861572504044,0.0014325197553262115,0.1640940010547638,0.03815415874123573,-0.00023850251454859972,-0.00018088928482029587,0.01361946202814579,0.023491600528359413,0.005969011224806309,0.005283306818455458,0.0015820034313946962,-0.01938479021191597,-0.0047527942806482315,-0.008389059454202652,0.056183502078056335,-0.0047527942806482315,-0.009564588777720928,0.0012118342565372586,-0.008885289542376995,0.0005261314800009131,0.0021108416840434074,0.019036969169974327,-0.004822832532227039,0.002537161810323596,0.0011973815271630883,0.0317080020904541,-0.0018321247771382332,0.013134995475411415,0.016018439084291458,-0.001737190061248839,-0.006494371220469475,0.014453200623393059,-0.00543849915266037,,0.02095106616616249,0.0007796446443535388,-0.00023850251454859972,0.003739661304280162,0.019412057474255562,0.004330025985836983,0.003925169352442026,0.002172366715967655,-0.018444571644067764,-0.010469607077538967,0.0032282378524541855,-0.009413734078407288,0.02566399797797203,-0.00023850251454859972,0.025036867707967758,-0.006812863051891327,0.036879412829875946,0.0021976649295538664,-0.009413734078407288,0.0016460601473227143,-0.006887086201459169,0.002172366715967655,-0.020327704027295113,0.021692365407943726,-0.00543849915266037,-0.00543849915266037,,0.025537414476275444,0.005283306818455458,0.032215047627687454,0.0016913895960897207,0.00510907918214798,,,0.024408839643001556,,0.04330069571733475,,,-0.005907251499593258,0.04198545590043068,0.002596336416900158,,,,,0.036581408232450485,0.025276867672801018,-0.005864960607141256,-0.01851756125688553,-0.0058069052174687386,0.02460108883678913,0.0030551371164619923,0.012382997199892998,-0.006494371220469475,0.0015820034313946962,0.037773314863443375,0.07075084745883942,0.02476421371102333,-0.013139176182448864,,0.06106540560722351,,,,,,,,,,,
2006-12-01,0.03328244015574455,0.020768538117408752,0.03774148225784302,0.0068940590135753155,0.020372165367007256,-0.0028483907226473093,0.0429878756403923,0.003184509463608265,0.004380874801427126,0.03632993996143341,0.007272344082593918,0.04415811970829964,0.03536221385002136,-0.23538808524608612,0.009763099253177643,0.009763099253177643,0.0068940590135753155,0.03428811952471733,0.0047891587018966675,0.11433112621307373,0.030245358124375343,0.00569769274443388,0.0068940590135753155,0.00569769274443388,0.020372165367007256,0.009763099253177643,0.007249920163303614,0.004380874801427126,-0.0028483907226473093,0.008566734381020069,-0.0005155393155291677,0.03774148225784302,0.008566734381020069,0.002803867682814598,0.009763099253177643,0.008566734381020069,0.007803257554769516,0.002048024907708168,0.020372165367007256,0.00569769274443388,0.0068940590135753155,0.0068940590135753155,0.03665949031710625,0.009763099253177643,0.021058740094304085,0.016873152926564217,0.006053551100194454,0.003184509463608265,0.017283208668231964,0.006053551100194454,,0.021620338782668114,0.009763099253177643,0.008566734381020069,0.009763099253177643,0.021058740094304085,0.0068940590135753155,0.002048024907708168,0.020372165367007256,0.002048024907708168,0.003184509463608265,0.0068940590135753155,0.006053551100194454,0.03577467426657677,0.017604462802410126,0.020372165367007256,0.007185355760157108,0.020065661519765854,0.0068940590135753155,0.006053551100194454,0.007249920163303614,0.0068940590135753155,0.017782356590032578,0.04159383848309517,0.03384333848953247,0.006053551100194454,0.008566734381020069,,0.020372165367007256,0.007249920163303614,0.01969735696911812,0.0068940590135753155,0.032931696623563766,,,0.020372165367007256,,0.037186216562986374,,,0.007249920163303614,0.04213159903883934,0.0068940590135753155,,,,,0.036903370171785355,0.039367955178022385,0.005290077067911625,0.002048024907708168,0.021058740094304085,0.042024265974760056,0.007185355760157108,0.016873152926564217,0.007249920163303614,0.002048024907708168,0.03919459506869316,0.04020029306411743,0.020372165367007256,0.002048024907708168,0.013830370269715786,0.007185355760157108,,,,,,,,,,,
2007-03-01,0.033759091049432755,0.014611811377108097,0.043239396065473557,-0.0009050985099747777,0.022274840623140335,-0.0002936559321824461,0.03986411914229393,1.0824009223142639e-05,0.004810140002518892,0.042345304042100906,-0.003119859378784895,0.05714667588472366,0.04037276282906532,-0.17202381789684296,0.00843240786343813,0.004148457664996386,0.008109868504106998,0.03802095353603363,-0.007254002615809441,-0.06311789900064468,0.052308764308691025,-0.03383396565914154,0.005714627914130688,0.013400552794337273,0.023552369326353073,0.007754625286906958,4.8445144784636796e-05,-1.1574244126677513e-05,-0.004454294219613075,0.005788897629827261,0.0040909526869654655,0.03689250349998474,0.006077820435166359,-0.0050283921882510185,0.0028775723185390234,0.006077820435166359,-0.0008588643395341933,0.003188066417351365,0.019224071875214577,0.0024716511834412813,0.007391432765871286,0.003436401952058077,-0.0070065343752503395,0.005378184374421835,0.014707828871905804,0.019582457840442657,0.00283484417013824,0.002545920666307211,0.03718142583966255,0.0024716511834412813,,0.021595550701022148,0.0066366493701934814,0.006999841891229153,0.002545920666307211,0.007508201524615288,0.0021227903198450804,-0.008278063498437405,0.01342499814927578,-0.004271447192877531,-0.00233113463036716,0.006999841891229153,0.0019319592975080013,0.025099752470850945,0.015164852142333984,0.024366870522499084,0.0023378815967589617,0.018664369359612465,0.006077820435166359,0.0024716511834412813,0.00135763268917799,0.007073071785271168,0.011243602260947227,0.0003672800085041672,0.0400993637740612,0.002545920666307211,0.00283484417013824,,0.024990368634462357,-0.0016580227529630065,0.06342902779579163,0.006311151664704084,0.008069214411079884,,,0.02788652665913105,,0.055844202637672424,,,0.00283484417013824,0.050970129668712616,0.00811364222317934,,,,,0.041591137647628784,0.037724897265434265,-0.0046791271306574345,0.0035512594040483236,0.030120594426989555,0.049020521342754364,,0.014981192536652088,-0.0031176733318716288,0.0019319592975080013,0.038793258368968964,0.037746503949165344,0.019047310575842857,-0.004851703532040119,-0.00191121781244874,0.04411850497126579,,,,,,,,,,,
2007-06-01,0.034939151257276535,0.030160756781697273,0.04307932034134865,0.0033871575724333525,0.025718672201037407,0.010404130443930626,0.04388384521007538,0.0009635323658585548,0.0075734686106443405,0.04191014543175697,0.0022904875222593546,0.07170625776052475,0.04315926879644394,0.02937358431518078,0.003329929430037737,-0.003561482299119234,0.011930183507502079,0.016100745648145676,-0.0021727767307311296,0.1570427119731903,-0.002435471396893263,0.008913426660001278,0.008913426660001278,0.008830397389829159,0.024198677390813828,0.012147419154644012,0.004578565713018179,-0.010919804684817791,-0.003992026671767235,0.012637007981538773,-0.002431314205750823,0.04094916954636574,0.002473917556926608,-0.013646411709487438,-0.005985109601169825,0.011219671927392483,,0.013542606495320797,0.008844319730997086,-0.0067510646767914295,0.00252350396476686,0.004834539722651243,-9.315585339209065e-05,-0.0008110002381727099,-0.001625107484869659,0.010963167995214462,0.009548120200634003,-0.007495492231100798,0.04025702551007271,0.009548120200634003,,0.02638203091919422,0.009769439697265625,0.002693060552701354,-0.0067510646767914295,-0.003135491395369172,0.005379378329962492,0.009973753243684769,0.01681983843445778,-0.0020887788850814104,0.0017111959168687463,0.008913426660001278,0.01272706501185894,0.040725499391555786,0.00022441017790697515,0.025859085842967033,0.002693060552701354,0.03436953201889992,0.002473917556926608,0.010404130443930626,0.006781407166272402,0.009769439697265625,0.015222742222249508,0.002355595352128148,0.03569818288087845,0.001707960502244532,0.0009635323658585548,,0.025201108306646347,0.008510855957865715,0.08336901664733887,0.00526996748521924,0.011979769915342331,,,0.026015443727374077,,0.04252942278981209,,,0.001707960502244532,0.055547796189785004,0.01244133710861206,,,,,0.04594120755791664,0.013922924175858498,-0.006365764886140823,-0.005978082772344351,0.02312706969678402,0.051162999123334885,0.043534062802791595,0.0001450765412300825,0.0022904875222593546,0.012050142511725426,-0.0008110002381727099,0.06510067731142044,0.026811771094799042,0.022864488884806633,-0.0005414034822024405,0.014828523620963097,0.02553578093647957,,,,,,,,,,
2007-09-01,0.03305762633681297,0.033173102885484695,0.03688565641641617,0.014117243699729443,0.025436697527766228,0.014457129873335361,0.02863275818526745,0.014117243699729443,0.009151298552751541,0.03317512571811676,0.01086985133588314,0.056899599730968475,0.03885066509246826,0.021319400519132614,0.014457129873335361,0.014457129873335361,0.014117243699729443,0.014117243699729443,0.004413230810314417,0.03409875929355621,0.014117243699729443,0.013293255120515823,0.014117243699729443,0.012648647651076317,0.025436697527766228,0.014117243699729443,0.014117243699729443,0.007342818193137646,0.009151298552751541,0.014117243699729443,0.014457129873335361,0.014457129873335361,0.014117243699729443,-0.0037485184147953987,0.01086985133588314,0.014457129873335361,,0.014117243699729443,0.011886712163686752,0.014117243699729443,0.014117243699729443,0.01086985133588314,-0.01443974208086729,0.014457129873335361,0.004413230810314417,0.013293255120515823,0.014117243699729443,0.014117243699729443,0.0323433019220829,0.014117243699729443,,0.025436697527766228,0.014117243699729443,0.01086985133588314,0.014117243699729443,0.004413230810314417,0.01086985133588314,0.004095415584743023,0.01004586648195982,0.01086985133588314,0.014117243699729443,0.014457129873335361,0.014457129873335361,0.03548219054937363,0.01086985133588314,0.025552740320563316,0.01086985133588314,0.03305762633681297,0.014117243699729443,0.014457129873335361,0.01086985133588314,0.014457129873335361,0.01086985133588314,0.011259849183261395,0.02089434117078781,0.014117243699729443,0.014117243699729443,,0.02438100054860115,0.014117243699729443,0.09579697251319885,0.008811411447823048,0.008811411447823048,,,0.025436697527766228,,0.025552740320563316,,,0.014117243699729443,0.04264220595359802,0.014117243699729443,,,,,0.03688565641641617,0.013293255120515823,-0.00521711353212595,0.009151298552751541,0.013293255120515823,0.02496093139052391,0.03669770061969757,0.01764693669974804,0.01086985133588314,0.014457129873335361,0.014457129873335361,0.03688565641641617,0.02438100054860115,0.02089434117078781,0.011259849183261395,0.012164547108113766,0.043565236032009125,,,,,,,,,,
2007-12-01,0.030804749578237534,0.049712859094142914,0.03379356116056442,0.00923492107540369,0.021665005013346672,0.00923492107540369,0.025672823190689087,0.008885194547474384,0.02801983803510666,0.030242091044783592,0.0068042585626244545,0.045483481138944626,0.03144654259085655,0.03379356116056442,0.01061390433460474,0.00923492107540369,-0.0034609914291650057,0.00923492107540369,0.0007316999253816903,0.030804749578237534,0.008885194547474384,0.01061390433460474,0.01061390433460474,0.01061390433460474,0.02328450046479702,0.01061390433460474,0.00923492107540369,0.00923492107540369,0.008885194547474384,0.01061390433460474,0.00923492107540369,0.008885194547474384,0.01061390433460474,0.0007316999253816903,0.00923492107540369,0.0068042585626244545,,0.01061390433460474,0.02328450046479702,0.00923492107540369,0.00923492107540369,0.008183239959180355,-0.0034609914291650057,0.00923492107540369,0.008183239959180355,0.01061390433460474,0.00923492107540369,0.0068042585626244545,0.03379356116056442,0.00923492107540369,,0.015207909978926182,0.01061390433460474,0.008183239959180355,0.00923492107540369,0.0007316999253816903,0.008183239959180355,0.006454531569033861,0.008183239959180355,0.006454531569033861,0.00923492107540369,0.01061390433460474,0.00923492107540369,0.03464015573263168,0.008183239959180355,0.02328450046479702,0.01061390433460474,0.03144654259085655,0.01061390433460474,0.00923492107540369,0.00923492107540369,0.01061390433460474,0.008183239959180355,0.01061390433460474,0.02446836605668068,0.00923492107540369,0.00923492107540369,,0.02286946214735508,0.008885194547474384,0.06150451675057411,0.01061390433460474,0.01061390433460474,,,0.02286946214735508,,0.02653578482568264,,,0.01061390433460474,0.032290734350681305,0.01061390433460474,,,,,0.03379356116056442,0.01061390433460474,0.0068042585626244545,0.008885194547474384,0.01061390433460474,0.031263384968042374,,0.0068042585626244545,0.00923492107540369,0.01061390433460474,0.00923492107540369,0.018971484154462814,0.02328450046479702,0.02328450046479702,0.01061390433460474,0.01061390433460474,0.02328450046479702,0.024211592972278595,,,,,,,,,
2008-03-01,0.03435962274670601,0.022378122434020042,0.029250741004943848,0.016831792891025543,0.029250741004943848,0.016589682549238205,0.023681296035647392,0.016831792891025543,0.025068536400794983,0.027863500639796257,0.01502537727355957,-0.09440328925848007,0.027863500639796257,-0.06269678473472595,0.016831792891025543,0.016831792891025543,0.0041673313826322556,0.016831792891025543,0.010829507373273373,0.032934073358774185,0.01502537727355957,0.016589682549238205,0.016831792891025543,0.016831792891025543,0.016831792891025543,0.016831792891025543,0.016589682549238205,0.016831792891025543,0.014932423830032349,0.016831792891025543,0.016831792891025543,0.014932423830032349,0.016831792891025543,0.011071620509028435,0.016831792891025543,0.016831792891025543,,0.016831792891025543,0.018386177718639374,0.016831792891025543,0.016831792891025543,0.016831792891025543,0.0041673313826322556,0.014690311625599861,0.014783264137804508,0.01502537727355957,0.016831792891025543,0.016831792891025543,0.027863500639796257,0.016831792891025543,,0.022283246740698814,0.01502537727355957,0.016831792891025543,0.016831792891025543,0.011071620509028435,0.01502537727355957,0.01810104213654995,0.01502537727355957,0.01502537727355957,0.016831792891025543,0.016831792891025543,0.016589682549238205,0.022378122434020042,0.016831792891025543,0.02256838232278824,0.016831792891025543,0.027863500639796257,0.016831792891025543,0.016831792891025543,0.01502537727355957,0.016831792891025543,0.01502537727355957,0.016831792891025543,0.023681296035647392,0.016589682549238205,0.016831792891025543,,0.022283246740698814,0.016589682549238205,0.020276609808206558,0.016831792891025543,0.016831792891025543,,,0.028173018246889114,,0.027863500639796257,,,0.016831792891025543,0.02166385017335415,0.016831792891025543,,,,,0.029250741004943848,0.016831792891025543,0.01312600914388895,0.016831792891025543,0.041368190199136734,0.023765362799167633,,0.018386177718639374,0.014783264137804508,0.016831792891025543,0.016589682549238205,0.01869272254407406,0.022283246740698814,0.02256838232278824,0.016589682549238205,0.016831792891025543,0.022283246740698814,0.02166385017335415,,,,,,,,,
2008-06-01,0.017737602815032005,0.02032025344669819,0.03589152172207832,0.018180254846811295,0.02403198927640915,0.01519816555082798,0.026958446949720383,0.018180254846811295,0.04415367543697357,0.03074781596660614,0.01519816555082798,0.037502437829971313,0.026421839371323586,0.03586066514253616,0.018180254846811295,0.018180254846811295,0.018180254846811295,0.018180254846811295,0.014049253426492214,-0.10882367938756943,0.02403198927640915,0.018180254846811295,0.018180254846811295,0.02223866619169712,0.018180254846811295,0.018180254846811295,0.018180254846811295,0.018180254846811295,0.018180254846811295,0.017221501097083092,0.018180254846811295,0.018180254846811295,0.018180254846811295,0.014049253426492214,0.018180254846811295,0.01519816555082798,,0.018180254846811295,0.01519816555082798,0.018180254846811295,0.018180254846811295,0.018180254846811295,0.02062149904668331,0.018180254846811295,0.01519816555082798,0.01519816555082798,0.018180254846811295,0.018180254846811295,0.02519472874701023,0.018180254846811295,,0.017511356621980667,0.018180254846811295,0.01519816555082798,0.018180254846811295,0.016362443566322327,0.01538005843758583,-0.007483812980353832,0.01519816555082798,0.018180254846811295,0.018362147733569145,0.018180254846811295,0.018180254846811295,0.027777383103966713,0.01519816555082798,0.02403198927640915,0.018180254846811295,0.02519472874701023,0.018180254846811295,0.018180254846811295,0.01519816555082798,0.018180254846811295,0.017511356621980667,0.017737602815032005,0.02051207795739174,0.018180254846811295,0.018180254846811295,,0.02403198927640915,0.018180254846811295,0.04673634469509125,0.02051207795739174,0.026958446949720383,,,0.02403198927640915,,0.027777383103966713,,,0.018180254846811295,0.04673634469509125,0.018180254846811295,,,,,0.026421839371323586,0.018180254846811295,-0.007483812980353832,0.018180254846811295,0.03589152172207832,0.02519472874701023,,0.017511356621980667,0.01519816555082798,0.018180254846811295,0.018180254846811295,0.022288665175437927,0.02403198927640915,0.02403198927640915,0.018180254846811295,0.018180254846811295,0.02403198927640915,0.022818230092525482,0.028165161609649658,,,,,,,,
2008-09-01,0.019521525129675865,0.07980509102344513,0.03497707098722458,0.017148330807685852,0.022531362250447273,0.008428805507719517,0.04975281283259392,0.020991168916225433,0.05368179827928543,0.02584526501595974,0.017446519806981087,0.03418034315109253,0.05957760289311409,0.05596780776977539,0.01860242895781994,0.01860242895781994,0.01860242895781994,0.01860242895781994,0.017446519806981087,-0.0029691068921238184,0.021499475464224815,0.01860242895781994,0.01860242895781994,0.021068504080176353,0.017446519806981087,0.02244526706635952,0.017148330807685852,0.01860242895781994,0.017148330807685852,0.01860242895781994,0.020991168916225433,0.017148330807685852,0.02244526706635952,0.005760937929153442,0.02244526706635952,0.02244526706635952,,0.02244526706635952,0.00835354533046484,0.01860242895781994,0.01860242895781994,0.009882904589176178,0.020840253680944443,0.017148330807685852,0.013481644913554192,0.009807644411921501,0.020991168916225433,0.01860242895781994,0.030974164605140686,0.020991168916225433,,0.008428805507719517,0.01860242895781994,0.009882904589176178,0.02244526706635952,0.013481644913554192,0.02244526706635952,0.00835354533046484,0.010895630344748497,0.01039816252887249,0.01860242895781994,0.01860242895781994,0.020991168916225433,0.023431021720170975,0.009882904589176178,0.024239664897322655,0.01860242895781994,0.025591060519218445,0.01860242895781994,0.02244526706635952,0.009882904589176178,0.02244526706635952,0.009882904589176178,-0.3194076716899872,0.01860242895781994,0.017148330807685852,0.01860242895781994,,0.022953573614358902,0.017148330807685852,0.07030057162046432,0.009807644411921501,0.01860242895781994,,,0.022953573614358902,,0.04162558913230896,,,0.01860242895781994,0.028737854212522507,0.01860242895781994,,,,,0.0295200664550066,0.01860242895781994,0.00835354533046484,0.017148330807685852,0.004257647320628166,0.01860242895781994,,0.01195228286087513,0.017446519806981087,0.02244526706635952,0.02335115149617195,0.017629479989409447,0.009807644411921501,0.030974164605140686,0.014531340450048447,0.03539196774363518,0.022531362250447273,0.034827820956707,0.022531362250447273,0.026192329823970795,,,,,,,
2008-12-01,0.02909083291888237,0.04158499464392662,0.022000273689627647,0.017933901399374008,0.02096511423587799,0.0175040140748024,0.018926385790109634,0.0175040140748024,0.043911516666412354,0.024037756025791168,0.015505122020840645,0.032229334115982056,0.04637887701392174,0.010050720535218716,0.018926385790109634,0.018926385790109634,0.018926385790109634,0.018926385790109634,0.015935003757476807,0.010050720535218716,0.02057790197432041,0.017933901399374008,0.018926385790109634,0.017891226336359978,0.015505122020840645,0.015935003757476807,0.018496498465538025,0.017933901399374008,0.018496498465538025,0.018926385790109634,0.018496498465538025,0.018496498465538025,0.018926385790109634,0.009910899214446545,0.015509888529777527,0.018926385790109634,,0.018926385790109634,0.014199452474713326,0.018926385790109634,0.017933901399374008,0.015745937824249268,0.016631972044706345,0.018926385790109634,0.014661931432783604,0.014629336073994637,0.018496498465538025,0.016906749457120895,0.022000273689627647,0.017461339011788368,,0.021297680214047432,0.017891226336359978,0.017933901399374008,0.017832277342677116,0.021297680214047432,0.018926385790109634,0.014199452474713326,0.017933901399374008,0.0175040140748024,0.018926385790109634,0.018107054755091667,0.018926385790109634,0.02057759091258049,0.015935003757476807,0.02100778929889202,0.017933901399374008,0.02202453464269638,0.017933901399374008,0.018926385790109634,0.014629336073994637,0.018926385790109634,0.015935003757476807,0.010050720535218716,0.01771300844848156,0.0175040140748024,0.017933901399374008,,0.008881939575076103,0.0175040140748024,0.04594898968935013,0.017933901399374008,0.017891226336359978,,,0.021297680214047432,,0.025981176644563675,,,0.018926385790109634,0.022714976221323013,0.018926385790109634,,,,,0.021570386365056038,0.017891226336359978,0.014199452474713326,0.018496498465538025,0.008881939575076103,0.018926385790109634,,0.014199452474713326,0.015505122020840645,0.018926385790109634,0.017891226336359978,0.05167985334992409,0.021297680214047432,0.022290164604783058,0.018926385790109634,0.04330624267458916,0.02100778929889202,0.02096511423587799,0.02057790197432041,0.03683898597955704,,,,,,,
2009-03-01,0.018475305289030075,0.01355157420039177,,0.01784527860581875,0.019939657300710678,0.009416759945452213,0.019760197028517723,0.012089435011148453,0.0367281474173069,0.021728968247771263,0.013011920265853405,0.02490033023059368,0.019825737923383713,-0.02832510508596897,0.020005198195576668,0.019460972398519516,0.021636568009853363,0.019460972398519516,0.009783104062080383,-0.001956155989319086,0.019573312252759933,0.00728688295930624,0.018211623653769493,0.012392595410346985,0.021636568009853363,0.019939657300710678,0.01784527860581875,0.019939657300710678,0.01784527860581875,0.01737554930150509,0.008825116790831089,0.019638853147625923,0.018211623653769493,0.009783104062080383,0.018211623653769493,0.018211623653769493,,0.018211623653769493,0.019573312252759933,0.018211623653769493,0.018211623653769493,-0.0019841762259602547,0.014978466555476189,0.018211623653769493,0.011502839624881744,0.026969173923134804,0.01784527860581875,0.008947030641138554,0.01296253688633442,0.01784527860581875,,0.019760197028517723,0.018211623653769493,-0.00681685283780098,0.027986299246549606,0.019939657300710678,0.009783104062080383,0.01939385198056698,0.019939657300710678,0.019573312252759933,0.018211623653769493,0.018211623653769493,0.018211623653769493,0.01951168291270733,0.01737554930150509,0.022238001227378845,0.018211623653769493,0.019825737923383713,0.018211623653769493,0.020005198195576668,0.02149568684399128,0.020005198195576668,0.019939657300710678,-0.10723674297332764,0.020005198195576668,0.01784527860581875,0.018211623653769493,,0.0076356325298547745,0.01939385198056698,0.04479188844561577,0.018211623653769493,0.020005198195576668,,,,,0.026031112298369408,,,0.020018482580780983,0.025717996060848236,0.028241099789738655,,,,,0.021636568009853363,0.018211623653769493,0.009416759945452213,0.01784527860581875,-0.005742873530834913,0.03835950419306755,,0.019760197028517723,0.009416759945452213,0.019825737923383713,0.018211623653769493,0.04122333601117134,0.0286005437374115,0.026430269703269005,0.01737554930150509,0.01818406768143177,0.021457107737660408,0.021457107737660408,0.01939385198056698,0.026969173923134804,,,,,,,
2009-06-01,0.028000397607684135,0.026724666357040405,,0.015461981296539307,0.016692470759153366,0.007959669455885887,0.016692470759153366,0.012604348361492157,0.015753285959362984,0.01990150474011898,0.002164659323170781,,0.02649453654885292,0.028000397607684135,0.02142530493438244,0.016692470759153366,0.016692470759153366,0.016692470759153366,0.00881044752895832,0.02142530493438244,0.015841687098145485,0.023515626788139343,0.013111041858792305,0.008437159471213818,0.016692470759153366,0.014602135866880417,0.015461981296539307,0.016692470759153366,0.015877606347203255,-0.006535921711474657,0.005248367786407471,0.015841687098145485,0.00881044752895832,0.00881044752895832,0.012604348361492157,0.012604348361492157,,0.015461981296539307,0.015841687098145485,0.012604348361492157,-0.006535921711474657,0.015145217068493366,0.005248367786407471,0.012604348361492157,0.00733750918880105,0.015145217068493366,0.011753570288419724,0.02142530493438244,0.014602135866880417,0.011753570288419724,,0.016692470759153366,0.012604348361492157,0.00881044752895832,0.02142530493438244,0.016692470759153366,0.00881044752895832,0.014611203223466873,0.016692470759153366,0.015841687098145485,0.012604348361492157,0.012604348361492157,0.016692470759153366,0.01628793403506279,0.01203637570142746,0.02781885489821434,0.016692470759153366,0.015145217068493366,0.01203637570142746,0.05292767286300659,0.023515626788139343,0.05292767286300659,0.016692470759153366,-0.012135161086916924,0.016692470759153366,0.011753570288419724,0.012604348361492157,,0.00733750918880105,0.015841687098145485,0.039394453167915344,0.016692470759153366,0.016692470759153366,,,,,0.01990150474011898,,,0.015841687098145485,0.03393777832388878,0.0005803345702588558,,,,,0.016692470759153366,0.012604348361492157,0.007959669455885887,0.011753570288419724,0.08407807350158691,0.02649453654885292,,0.016692470759153366,0.00881044752895832,0.01203637570142746,0.012604348361492157,0.03896426782011986,0.016692470759153366,0.01990150474011898,0.012604348361492157,0.03900930657982826,0.015841687098145485,0.016692470759153366,0.016692470759153366,0.02798083983361721,,,,,,,
2009-09-01,0.15577706694602966,0.030935952439904213,,0.016981689259409904,0.019086357206106186,0.007272856310009956,0.012446039356291294,0.015043294988572598,0.012857522815465927,0.02165527641773224,0.016981689259409904,,0.04532734677195549,0.02923867478966713,-0.0015891160583123565,0.016981689259409904,0.019086357206106186,0.016981689259409904,0.009211249649524689,0.014528349041938782,0.01614726334810257,0.01136036403477192,0.016981689259409904,0.016099072992801666,0.019086357206106186,0.019086357206106186,0.016981689259409904,0.019086357206106186,0.015043294988572598,0.016099072992801666,0.016981689259409904,0.01614726334810257,0.016981689259409904,0.009211249649524689,0.016981689259409904,0.015201480127871037,,0.010341369546949863,0.007272856310009956,0.016099072992801666,0.016981689259409904,0.019782934337854385,0.010192248970270157,0.016981689259409904,-0.0015891160583123565,0.028459778055548668,0.01416067872196436,-0.012754712253808975,0.019086357206106186,0.01416067872196436,,0.019086357206106186,0.016981689259409904,0.016981689259409904,-0.00886659324169159,0.019086357206106186,0.01537774782627821,0.007272856310009956,0.019086357206106186,0.01614726334810257,0.016099072992801666,0.016981689259409904,0.016981689259409904,0.0174196045845747,0.009211249649524689,0.02165527641773224,0.016981689259409904,0.02080514095723629,0.016981689259409904,0.009443776682019234,0.01314261369407177,0.016084099188447,0.01314261369407177,0.15577706694602966,0.019086357206106186,0.015043294988572598,0.016981689259409904,,0.019086357206106186,0.015043294988572598,0.02298641949892044,0.016981689259409904,0.019086357206106186,,,,,0.02010856382548809,,,0.015043294988572598,0.0398610420525074,-0.0015891160583123565,,,,,0.019086357206106186,0.016981689259409904,0.007272856310009956,0.015043294988572598,0.0375552624464035,0.014795917086303234,,0.019086357206106186,0.015043294988572598,0.009211249649524689,0.016084099188447,0.02010856382548809,0.019086357206106186,0.02010856382548809,0.010477755218744278,0.014795917086303234,0.019086357206106186,0.019086357206106186,0.019086357206106186,0.07579531520605087,,,,,,,
2009-12-01,0.010559040121734142,0.022812724113464355,,0.013650881126523018,0.022812724113464355,0.013650881126523018,0.02159286104142666,-0.008748648688197136,0.021873829886317253,0.03144240006804466,0.013650881126523018,,0.02470635436475277,0.022812724113464355,0.0128575274720788,0.013650881126523018,0.02159286104142666,0.013650881126523018,-0.010871240869164467,0.010559040121734142,0.022812724113464355,0.012101545929908752,0.013650881126523018,0.012101545929908752,0.013650881126523018,0.02159286104142666,0.013650881126523018,0.02159286104142666,0.013650881126523018,0.012101545929908752,0.013650881126523018,0.013650881126523018,0.012101545929908752,0.012101545929908752,0.013650881126523018,0.012101545929908752,,0.013650881126523018,0.013650881126523018,0.012101545929908752,0.013650881126523018,0.02159286104142666,0.03151186555624008,0.013650881126523018,0.00933917798101902,0.02159286104142666,0.012101545929908752,-0.01615656167268753,0.022812724113464355,0.012101545929908752,,0.008545824326574802,0.013650881126523018,0.013650881126523018,0.008545824326574802,0.02159286104142666,0.013650881126523018,0.013650881126523018,0.02159286104142666,0.02159286104142666,0.012101545929908752,0.013650881126523018,0.013650881126523018,0.03144240006804466,0.013650881126523018,0.022812724113464355,0.013650881126523018,0.022812724113464355,0.013650881126523018,0.014717258512973785,0.022812724113464355,0.021873829886317253,0.008545824326574802,-0.07965413480997086,0.02159286104142666,0.012101545929908752,0.012101545929908752,,0.022812724113464355,0.013650881126523018,0.03333602845668793,0.02159286104142666,0.02159286104142666,,,,,0.03144240006804466,,,0.02159286104142666,0.03333602845668793,0.0128575274720788,,,,,0.022812724113464355,0.013650881126523018,0.013650881126523018,0.012101545929908752,0.010559040121734142,0.021873829886317253,,0.02159286104142666,0.013650881126523018,0.013650881126523018,0.013650881126523018,0.05404682829976082,0.02159286104142666,0.010559040121734142,0.012101545929908752,0.021873829886317253,0.02159286104142666,0.022812724113464355,0.02159286104142666,-0.04881413280963898,,,,,,,
2010-03-01,0.039956413209438324,0.013419176451861858,,-0.004368494264781475,0.010748753324151039,0.004150919150561094,0.012515870854258537,-0.004368494264781475,0.005834005307406187,0.009371981024742126,0.0005214569391682744,,0.006291061174124479,0.012032084167003632,-4.938628990203142e-06,0.0048332782462239265,-0.004368494264781475,-0.004368494264781475,0.003812088631093502,0.0011139973066747189,0.012032084167003632,0.0014898194931447506,0.0048332782462239265,0.0005214569391682744,-0.004368494264781475,0.0048332782462239265,0.0048332782462239265,0.0048332782462239265,0.0048332782462239265,0.0005214569391682744,0.0023801070638000965,0.0048332782462239265,-0.008769325911998749,0.00018262627418152988,0.0005214569391682744,0.0005214569391682744,,-0.004368494264781475,0.004150919150561094,-0.008769325911998749,-0.004368494264781475,0.0048332782462239265,-0.006247136741876602,0.0048332782462239265,0.004150919150561094,0.0048332782462239265,-0.008769325911998749,-0.028365295380353928,0.012533062137663364,0.0005214569391682744,,0.0048332782462239265,0.0048332782462239265,-0.008769325911998749,0.0022979555651545525,0.012490467168390751,0.004150919150561094,0.004150919150561094,0.004150919150561094,0.012014892883598804,0.0005214569391682744,-0.004368494264781475,0.0048332782462239265,0.014513044618070126,0.0023801070638000965,0.012533062137663364,0.0048332782462239265,0.013419176451861858,0.0048332782462239265,0.0048332782462239265,0.18091826140880585,0.0048332782462239265,0.002065003849565983,0.046691734343767166,0.0048332782462239265,0.0005214569391682744,0.0005214569391682744,,0.012533062137663364,0.0048332782462239265,0.009912161156535149,0.0048332782462239265,0.0048332782462239265,,,,,0.009371981024742126,,,0.012515870854258537,0.027700593695044518,-0.02826480008661747,,,,,0.012515870854258537,0.0048332782462239265,0.0005214569391682744,0.0005214569391682744,0.13433945178985596,0.01848137378692627,,0.003812088631093502,0.0005214569391682744,0.0048332782462239265,-0.01969314180314541,0.024378478527069092,0.012515870854258537,0.012533062137663364,0.0005214569391682744,0.0048332782462239265,0.012490467168390751,0.01676412858068943,0.010748753324151039,0.011634868569672108,-0.004862804897129536,,,,,,
2010-06-01,0.017591308802366257,0.007104014977812767,,0.0030286211986094713,0.0038543948903679848,0.0030286211986094713,0.007104014977812767,0.0030286211986094713,0.0030286211986094713,0.0055014523677527905,0.0030286211986094713,,0.007104014977812767,0.00634041940793395,0.0035111631732434034,0.0030286211986094713,0.0030286211986094713,0.0030286211986094713,-0.005078758113086224,0.00634041940793395,0.007104014977812767,0.0030286211986094713,0.0030286211986094713,0.0030286211986094713,0.0030286211986094713,0.0030286211986094713,0.0030286211986094713,0.0030286211986094713,0.0030286211986094713,0.0030286211986094713,0.0030286211986094713,0.0035111631732434034,0.0030286211986094713,0.0030286211986094713,0.0030286211986094713,0.0030286211986094713,,-0.005078758113086224,0.0030286211986094713,0.0030286211986094713,0.0030286211986094713,-0.00850136298686266,-0.00814863946288824,0.0030286211986094713,0.0030286211986094713,0.0030286211986094713,0.0030286211986094713,0.0035111631732434034,0.00634041940793395,0.0030286211986094713,,0.0030286211986094713,0.0030286211986094713,0.0035111631732434034,0.002319407183676958,0.0030286211986094713,0.0030286211986094713,0.0030286211986094713,0.0030286211986094713,0.007104014977812767,0.0030286211986094713,0.0035111631732434034,0.0030286211986094713,0.007264657877385616,0.0030286211986094713,0.007104014977812767,0.0030286211986094713,0.007104014977812767,-0.0018082591705024242,0.0030286211986094713,0.00634041940793395,0.0030286211986094713,0.0030286211986094713,0.00634041940793395,0.0030286211986094713,0.0030286211986094713,0.0030286211986094713,,0.007104014977812767,0.0030286211986094713,0.0038543948903679848,0.0030286211986094713,0.0030286211986094713,,,,,0.007264657877385616,,,0.0035111631732434034,0.01741461269557476,0.0030286211986094713,,,,,0.007104014977812767,0.0030286211986094713,0.0030286211986094713,0.0030286211986094713,0.00634041940793395,0.007104014977812767,,0.0030286211986094713,0.0030286211986094713,0.0030286211986094713,0.0030286211986094713,0.007104014977812767,0.007104014977812767,0.007104014977812767,0.0030286211986094713,0.0035111631732434034,0.007104014977812767,0.0038543948903679848,0.0038543948903679848,-0.005183396395295858,0.0030286211986094713,0.0038543948903679848,,,,,
2010-09-01,0.0037286989390850067,0.003305982332676649,,0.0022284379228949547,0.019007263705134392,0.0012424341402947903,0.019589165225625038,-0.004790490493178368,0.019589165225625038,0.01487723272293806,-0.004790490493178368,,0.021775852888822556,0.01545913890004158,-0.00193531415425241,0.0022284379228949547,0.0035596704110503197,-0.005185700953006744,-0.01126918476074934,0.01545913890004158,0.0011192968813702464,0.0030454036314040422,0.0030454036314040422,-0.005409836303442717,0.0021233572624623775,-0.00407484220340848,0.0022284379228949547,0.002788532990962267,0.0022284379228949547,-0.004790490493178368,-0.0032471788581460714,0.0176458228379488,-0.011093772947788239,-0.00781791191548109,-0.005409836303442717,-0.005409836303442717,,-0.011464030481874943,-0.0005881544202566147,-0.011093772947788239,0.0022284379228949547,0.0030454036314040422,-0.00407484220340848,0.0022284379228949547,0.0029757411684840918,0.0022284379228949547,-0.011093772947788239,0.0012424341402947903,0.01545913890004158,-0.005409836303442717,,-0.00407484220340848,0.0022284379228949547,-0.012369518168270588,0.004808112047612667,0.014822401106357574,-0.004980330355465412,0.01487723272293806,0.0012424341402947903,0.01545913890004158,-0.004790490493178368,0.0022284379228949547,0.001609092578291893,0.04127899557352066,0.0012424341402947903,0.0026214253157377243,0.0022284379228949547,0.003305982332676649,0.0022284379228949547,0.0022284379228949547,0.01545913890004158,0.0022284379228949547,0.0176458228379488,0.013004191219806671,-0.00407484220340848,-0.004790490493178368,-0.005409836303442717,,0.01545913890004158,-0.005409836303442717,0.019007263705134392,0.0022284379228949547,0.002742702839896083,,,,,0.04127899557352066,,,0.01545913890004158,0.04127899557352066,0.0022284379228949547,,,,,0.019589165225625038,0.0022284379228949547,-0.005776496604084969,-0.004790490493178368,0.022004323080182076,0.021775852888822556,,-7.388885569525883e-05,0.001609092578291893,0.0022284379228949547,0.0022284379228949547,0.04127899557352066,0.019589165225625038,0.019589165225625038,-0.003973524551838636,0.04608120769262314,0.01545913890004158,0.019007263705134392,0.01545913890004158,-0.03394603356719017,0.002742702839896083,0.01487723272293806,,,,,
2010-12-01,0.015754366293549538,0.012827593833208084,,0.011389173567295074,0.020694473758339882,0.011389173567295074,0.011389173567295074,0.007226837333291769,0.019431693479418755,0.020694473758339882,0.007226837333291769,,0.019431693479418755,0.020694473758339882,-8.439984958386049e-05,0.011389173567295074,0.011389173567295074,0.007226837333291769,0.0002364001120440662,0.012827593833208084,0.012827593833208084,0.011389173567295074,0.011389173567295074,0.007226837333291769,0.004398725926876068,0.004398725926876068,0.011389173567295074,0.011389173567295074,0.011389173567295074,0.007226837333291769,-8.439984958386049e-05,0.020694473758339882,0.0002364001120440662,0.007226837333291769,0.007226837333291769,0.0002364001120440662,,0.011389173567295074,0.011389173567295074,0.006320196203887463,0.011389173567295074,0.011389173567295074,0.011389173567295074,0.011389173567295074,0.011389173567295074,0.011389173567295074,0.0002364001120440662,0.011389173567295074,0.020694473758339882,0.0002364001120440662,,0.004398725926876068,0.007226837333291769,0.0002364001120440662,0.020694473758339882,0.011389173567295074,0.007226837333291769,0.011389173567295074,0.011389173567295074,0.019431693479418755,0.007226837333291769,0.011389173567295074,0.007226837333291769,0.03268396481871605,0.011389173567295074,0.020694473758339882,0.011389173567295074,0.012827593833208084,0.007226837333291769,0.006320196203887463,0.020694473758339882,0.011389173567295074,0.011389173567295074,0.020489351823925972,0.004398725926876068,0.007226837333291769,0.007226837333291769,,0.020694473758339882,0.0002364001120440662,0.019431693479418755,0.011389173567295074,0.011389173567295074,,,,,0.029707593843340874,,,0.020694473758339882,0.03176654502749443,0.011389173567295074,,,,,0.020694473758339882,0.011389173567295074,0.007226837333291769,0.007226837333291769,0.02279563806951046,0.019431693479418755,,0.011389173567295074,0.007226837333291769,0.011389173567295074,0.007226837333291769,0.03268396481871605,0.020694473758339882,0.020694473758339882,0.007226837333291769,0.011389173567295074,0.020694473758339882,0.019431693479418755,0.020694473758339882,0.00954858586192131,0.011389173567295074,0.020694473758339882,,,,,
2011-03-01,0.014283237047493458,0.014629384502768517,,0.01624182239174843,0.01995154283940792,0.01624182239174843,0.01624182239174843,0.01150481030344963,0.01624182239174843,0.01995154283940792,0.01150481030344963,,0.019605398178100586,0.01995154283940792,0.027798732742667198,0.013736066408455372,0.01624182239174843,0.01150481030344963,0.013736066408455372,0.014629384502768517,0.014629384502768517,0.01624182239174843,0.01150481030344963,0.01150481030344963,0.014010564424097538,0.014010564424097538,0.013736066408455372,0.01624182239174843,0.01624182239174843,0.013736066408455372,0.013736066408455372,0.01624182239174843,0.01150481030344963,0.013736066408455372,0.01150481030344963,0.01150481030344963,,0.01624182239174843,0.01624182239174843,0.01150481030344963,0.01624182239174843,0.01624182239174843,0.008291522040963173,0.01624182239174843,0.01624182239174843,0.01624182239174843,0.01150481030344963,0.008291522040963173,0.01995154283940792,0.01150481030344963,,0.01624182239174843,0.01150481030344963,0.01150481030344963,0.008291522040963173,0.01624182239174843,0.013736066408455372,0.01624182239174843,0.01624182239174843,0.019605398178100586,0.01150481030344963,0.014010564424097538,0.013736066408455372,0.01995154283940792,0.01624182239174843,0.01995154283940792,0.013736066408455372,0.014629384502768517,0.013736066408455372,0.01624182239174843,0.01995154283940792,0.01624182239174843,0.01624182239174843,0.01995154283940792,0.014010564424097538,0.013736066408455372,0.01150481030344963,,0.01995154283940792,0.013736066408455372,0.019605398178100586,0.01624182239174843,0.01624182239174843,,,,,0.01995154283940792,,,0.01624182239174843,0.025644348934292793,0.013736066408455372,,,,,0.01995154283940792,0.01624182239174843,0.013736066408455372,0.013736066408455372,0.019605398178100586,0.019605398178100586,,0.01624182239174843,0.013736066408455372,0.013736066408455372,0.008291522040963173,0.01995154283940792,0.01624182239174843,0.01995154283940792,0.013736066408455372,0.01624182239174843,0.01995154283940792,0.019605398178100586,0.01995154283940792,0.014629384502768517,0.01624182239174843,0.01995154283940792,,,,,
2011-06-01,0.029170526191592216,0.03227870166301727,,0.018535304814577103,0.02250378206372261,0.02250378206372261,0.02250378206372261,0.018535304814577103,0.02250378206372261,0.03254920244216919,0.018535304814577103,,0.03254920244216919,0.03254920244216919,0.036118458956480026,0.018535304814577103,0.02250378206372261,0.018535304814577103,0.018535304814577103,0.03227870166301727,0.03227870166301727,0.018535304814577103,0.018535304814577103,0.01313402783125639,0.02250378206372261,0.02250378206372261,0.018535304814577103,0.02250378206372261,0.02250378206372261,0.012283268384635448,0.018535304814577103,0.02250378206372261,0.018535304814577103,0.005061599425971508,0.018535304814577103,-0.028327349573373795,,0.02250378206372261,0.02250378206372261,0.015087469480931759,0.02250378206372261,0.015087469480931759,0.01313402783125639,0.02250378206372261,0.02250378206372261,0.02250378206372261,0.018535304814577103,0.015087469480931759,0.03254920244216919,0.018535304814577103,,0.018535304814577103,0.018535304814577103,0.018535304814577103,0.04642908647656441,0.02250378206372261,0.012283268384635448,0.02250378206372261,0.02250378206372261,0.024085458368062973,-0.024197960272431374,0.02250378206372261,0.018535304814577103,0.03254920244216919,0.02250378206372261,0.03254920244216919,0.018535304814577103,0.03227870166301727,0.018535304814577103,0.018535304814577103,0.02250378206372261,0.018535304814577103,0.02250378206372261,0.03254920244216919,0.02250378206372261,0.018535304814577103,0.018535304814577103,,0.03254920244216919,0.018535304814577103,0.024085458368062973,0.02250378206372261,0.02250378206372261,,,,,0.03254920244216919,,,0.02250378206372261,0.03747360780835152,0.018535304814577103,,,,,0.02250378206372261,0.02250378206372261,0.018535304814577103,0.018535304814577103,-0.0013073215959593654,0.024085458368062973,0.015087469480931759,0.02250378206372261,0.018535304814577103,0.018535304814577103,0.018535304814577103,0.03254920244216919,0.02250378206372261,0.03254920244216919,0.018535304814577103,0.01710250973701477,0.03254920244216919,0.024085458368062973,0.03254920244216919,0.03254920244216919,0.01710250973701477,0.03254920244216919,,0.02250378206372261,,,
2011-09-01,0.13050813972949982,0.02262815646827221,,0.007851453498005867,0.01766955479979515,0.01766955479979515,0.01766955479979515,0.007851453498005867,0.01766955479979515,0.028967417776584625,0.007851453498005867,,0.02701902948319912,0.02701902948319912,0.01766955479979515,0.007851453498005867,0.01766955479979515,0.007851453498005867,0.007851453498005867,0.02701902948319912,0.024576542899012566,0.007851453498005867,0.007851453498005867,0.007851453498005867,0.01766955479979515,0.01766955479979515,0.007851453498005867,0.01766955479979515,0.01766955479979515,0.007851453498005867,0.007851453498005867,0.01766955479979515,0.007851453498005867,0.007851453498005867,0.007851453498005867,0.007851453498005867,,0.01766955479979515,0.01766955479979515,0.007851453498005867,0.007851453498005867,0.01766955479979515,-0.0194669421762228,0.01766955479979515,0.01766955479979515,0.007851453498005867,0.007851453498005867,0.007851453498005867,0.028967417776584625,0.007851453498005867,,0.01766955479979515,0.007851453498005867,0.007851453498005867,0.02737925946712494,0.01766955479979515,0.007851453498005867,0.01766955479979515,0.01766955479979515,0.023562461137771606,0.007851453498005867,0.01766955479979515,0.007851453498005867,0.028967417776584625,0.007851453498005867,0.028967417776584625,0.007851453498005867,0.02262815646827221,0.007851453498005867,0.007851453498005867,0.028967417776584625,0.01766955479979515,0.01766955479979515,0.02701902948319912,0.01766955479979515,0.007851453498005867,0.007851453498005867,,0.028967417776584625,0.007851453498005867,0.023562461137771606,0.01766955479979515,0.01766955479979515,,,,,0.02701902948319912,,,0.01766955479979515,0.03799023479223251,0.007851453498005867,,,,,0.01766955479979515,0.01766955479979515,0.007851453498005867,0.007851453498005867,0.02701902948319912,0.02161407470703125,0.01766955479979515,0.01766955479979515,0.007851453498005867,0.01766955479979515,0.007851453498005867,0.02701902948319912,0.01766955479979515,0.02701902948319912,0.007851453498005867,0.01766955479979515,0.028967417776584625,0.02161407470703125,0.028967417776584625,0.028967417776584625,0.01766955479979515,0.02701902948319912,0.02701902948319912,0.01766955479979515,,,
2011-12-01,0.05231738090515137,0.0281713604927063,,0.025410303846001625,0.02839193306863308,0.02431972697377205,0.024017632007598877,0.0199660025537014,0.02369770035147667,0.02839193306863308,0.018066473305225372,,0.02839193306863308,0.02839193306863308,0.02839193306863308,0.026109958067536354,0.026109958067536354,0.018066473305225372,0.018066473305225372,0.026381129398941994,0.026381129398941994,0.026109958067536354,0.026109958067536354,0.018207479268312454,0.02839193306863308,0.026109958067536354,0.025410303846001625,0.026109958067536354,0.024017632007598877,0.0199660025537014,0.026109958067536354,0.02839193306863308,0.018066473305225372,0.0199660025537014,0.018066473305225372,0.018066473305225372,,0.026109958067536354,0.02431972697377205,0.00030230218544602394,0.026109958067536354,0.026109958067536354,0.02242019958794117,0.026109958067536354,0.026109958067536354,0.026109958067536354,0.018066473305225372,0.026109958067536354,0.02839193306863308,0.018066473305225372,,0.02431972697377205,0.0199660025537014,0.024210428819060326,0.02839193306863308,0.02839193306863308,0.0199660025537014,0.02431972697377205,0.026109958067536354,0.02369770035147667,0.0199660025537014,0.026109958067536354,0.018066473305225372,0.02626107633113861,0.026109958067536354,0.02839193306863308,0.026109958067536354,0.0281713604927063,0.026109958067536354,0.026109958067536354,0.02839193306863308,0.028969328850507736,0.026109958067536354,0.0281713604927063,0.024210428819060326,0.0199660025537014,0.0199660025537014,,0.02839193306863308,0.018066473305225372,0.02369770035147667,0.026109958067536354,0.026109958067536354,,,,,0.02839193306863308,,,0.02839193306863308,0.028506802394986153,0.0199660025537014,,,,,0.02839193306863308,0.026109958067536354,0.0199660025537014,0.0199660025537014,0.026601701974868774,0.02369770035147667,0.02839193306863308,0.026109958067536354,0.02431972697377205,0.026109958067536354,0.0199660025537014,0.04422555863857269,0.02839193306863308,0.04422555863857269,0.02174987643957138,0.022076331079006195,0.026601701974868774,0.02369770035147667,0.02839193306863308,0.02839193306863308,0.022076331079006195,0.02839193306863308,0.02839193306863308,0.02839193306863308,,,
2012-03-01,0.11269739270210266,0.02929162234067917,,0.023847877979278564,0.02568647265434265,0.023847877979278564,0.022045934572815895,0.023847877979278564,0.02411818690598011,0.02929162234067917,0.023847877979278564,,0.02929162234067917,0.02929162234067917,0.02929162234067917,0.024431152269244194,0.023847877979278564,0.024431152269244194,0.023847877979278564,0.024018049240112305,0.02568647265434265,0.017670903354883194,0.024431152269244194,0.018021197989583015,0.02929162234067917,0.024431152269244194,0.023847877979278564,0.02929162234067917,0.022911323234438896,0.024431152269244194,0.024431152269244194,0.02929162234067917,0.024431152269244194,0.02211679145693779,0.023847877979278564,0.023847877979278564,,0.02929162234067917,0.023847877979278564,0.02929162234067917,0.024431152269244194,0.02929162234067917,0.00971992127597332,0.02929162234067917,0.02929162234067917,0.024431152269244194,0.023847877979278564,0.02929162234067917,0.02568647265434265,0.023847877979278564,,0.023847877979278564,0.024431152269244194,0.024431152269244194,0.02929162234067917,0.02929162234067917,0.024431152269244194,0.02568647265434265,0.02929162234067917,0.025081848725676537,0.021462660282850266,0.024431152269244194,0.023847877979278564,0.02568647265434265,0.024431152269244194,0.02929162234067917,0.024431152269244194,0.02929162234067917,0.024431152269244194,0.024431152269244194,0.02929162234067917,0.024431152269244194,0.02929162234067917,0.027822738513350487,0.024431152269244194,0.023847877979278564,0.024431152269244194,,0.02929162234067917,0.023847877979278564,0.024226568639278412,0.02929162234067917,0.02929162234067917,,,,,0.02929162234067917,,,0.02929162234067917,0.02720549702644348,0.023847877979278564,,,,,0.02568647265434265,0.02785623073577881,0.023847877979278564,0.023847877979278564,0.02568647265434265,0.025423426181077957,0.02929162234067917,0.02929162234067917,0.023847877979278564,0.023847877979278564,0.023847877979278564,0.047976527363061905,0.02929162234067917,0.03614317253232002,0.024431152269244194,0.018021197989583015,0.02568647265434265,0.037378065288066864,0.02568647265434265,0.02929162234067917,0.021243862807750702,0.02929162234067917,0.02929162234067917,0.02929162234067917,0.02929162234067917,,
2012-06-01,0.006681903265416622,0.031951505690813065,,0.028082039207220078,0.03269461914896965,0.027395671233534813,0.029361382126808167,0.026429304853081703,0.025870829820632935,0.04062354192137718,0.026429304853081703,,0.039295271039009094,0.04047244042158127,0.03933820500969887,0.037998780608177185,0.030192825943231583,0.03172825276851654,0.03542361035943031,0.021997684612870216,0.03677486628293991,0.03933820500969887,0.037998780608177185,0.011469143442809582,0.040695615112781525,0.03646335378289223,0.030192825943231583,0.03269461914896965,0.021139610558748245,0.03366270661354065,0.03313404321670532,0.0326225683093071,0.03269985318183899,0.015433436259627342,0.029226459562778473,0.014576176181435585,,0.028849493712186813,0.027395671233534813,0.0326225683093071,0.037998780608177185,0.03654107823967934,-0.03602643683552742,0.0424095056951046,0.03654107823967934,0.02719452977180481,0.026429304853081703,0.03638997673988342,0.0326225683093071,0.03172825276851654,,0.030192825943231583,0.03549698740243912,0.041040968149900436,0.05855276435613632,0.027395671233534813,0.03366270661354065,0.027395671233534813,0.03646335378289223,0.041616860777139664,0.010240107774734497,0.0336662195622921,0.029226459562778473,0.03397994488477707,0.0336662195622921,0.04426976293325424,0.03549698740243912,0.05314130708575249,0.03269985318183899,0.04488220810890198,0.03654107823967934,0.030447890982031822,0.038965146988630295,0.03677486628293991,0.0336662195622921,0.029226459562778473,0.026429304853081703,,0.04062354192137718,0.026429304853081703,0.026879142969846725,0.03654107823967934,0.04184001684188843,,,,,0.03512436896562576,,,0.04176795110106468,0.03985203802585602,0.037998780608177185,,,,,0.03269461914896965,0.0424095056951046,0.029226459562778473,0.02915184572339058,0.027395671233534813,0.030126426368951797,0.03249967098236084,0.03654107823967934,0.026429304853081703,0.038965146988630295,0.029226459562778473,0.08590959012508392,0.0424095056951046,0.060276519507169724,0.03646335378289223,0.026080841198563576,0.0326225683093071,0.030126426368951797,0.0314781479537487,0.03759090602397919,0.014016993343830109,0.039295271039009094,0.0488317534327507,0.03436373174190521,0.03933820500969887,,
2012-09-01,-0.011590019799768925,0.025337649509310722,,0.024448467418551445,0.02356504090130329,0.02356504090130329,0.029574420303106308,0.024448467418551445,0.024659648537635803,0.02991587109863758,0.02356504090130329,,0.0261609498411417,0.02908792346715927,0.03073917143046856,0.03073917143046856,0.03073917143046856,0.03073917143046856,0.02356504090130329,0.01997203938663006,0.028204496949911118,0.029855744913220406,0.03073917143046856,0.013677110895514488,0.02352859079837799,0.03354538232088089,0.025271767750382423,0.025235317647457123,0.024107016623020172,0.03073917143046856,0.03073917143046856,0.0261609498411417,0.029468312859535217,0.0067545706406235695,,0.010024861432611942,,0.02991587109863758,0.023897849023342133,0.03073917143046856,0.03073917143046856,0.029032444581389427,0.023232802748680115,0.028967145830392838,0.029468312859535217,0.02991587109863758,0.024448467418551445,0.02352859079837799,0.02991122379899025,0.025271767750382423,,0.02438834123313427,0.029032444581389427,0.03354538232088089,0.04192453622817993,0.029032444581389427,0.03073917143046856,0.02356504090130329,0.029855744913220406,0.02356504090130329,0.010027730837464333,0.02991587109863758,0.025271767750382423,0.024448467418551445,0.029468312859535217,0.03073917143046856,0.03073917143046856,0.04665684327483177,0.029468312859535217,0.03354538232088089,0.029032444581389427,,0.03073917143046856,0.02908792346715927,0.024412017315626144,0.025271767750382423,0.03073917143046856,,0.029855744913220406,0.029032444581389427,0.024659648537635803,0.029032444581389427,0.03073917143046856,,,,,0.025277523323893547,,,0.029855744913220406,0.025196688249707222,0.03073917143046856,,,,,0.025271767750382423,0.04192453622817993,0.02438834123313427,0.025271767750382423,0.02445422299206257,0.024665404111146927,0.02445422299206257,0.029468312859535217,0.02356504090130329,0.025271767750382423,0.025271767750382423,0.056941404938697815,0.028967145830392838,0.03297834098339081,0.03354538232088089,0.029574420303106308,0.025235317647457123,0.0261609498411417,0.029855744913220406,0.029468312859535217,0.02356504090130329,0.02356504090130329,0.039063710719347,0.0261609498411417,0.03073917143046856,,
2012-12-01,0.5889369249343872,0.018859410658478737,,0.0100491838529706,0.0223856121301651,0.017465410754084587,0.018171191215515137,0.011963040567934513,0.021457770839333534,0.025885017588734627,0.008511516265571117,,0.023930808529257774,0.023930808529257774,0.0223856121301651,0.0100491838529706,0.0223856121301651,0.0100491838529706,0.011963040567934513,0.01962689496576786,0.019122548401355743,0.0223856121301651,0.0100491838529706,0.0100491838529706,0.0223856121301651,0.0223856121301651,0.0223856121301651,0.0223856121301651,0.017946993932127953,0.0005435746279545128,-0.0006813209620304406,0.024358900263905525,0.0100491838529706,0.017465410754084587,,0.0100491838529706,,0.017436467111110687,0.0223856121301651,0.026313109323382378,0.0100491838529706,0.0223856121301651,0.029511885717511177,0.022161414846777916,0.0223856121301651,0.0100491838529706,0.0005435746279545128,0.022161414846777916,0.026313109323382378,0.0100491838529706,,0.0100491838529706,0.0100491838529706,0.006597661413252354,0.0488412007689476,0.0223856121301651,0.011864305473864079,0.0223856121301651,0.018171191215515137,0.026313109323382378,0.0100491838529706,0.0100491838529706,0.0100491838529706,0.025885017588734627,0.0223856121301651,0.026313109323382378,0.0100491838529706,0.04334171861410141,0.0100491838529706,0.0223856121301651,0.026313109323382378,,0.0223856121301651,0.018859410658478737,0.0100491838529706,0.011963040567934513,0.0100491838529706,,0.025885017588734627,0.006597661413252354,0.0266525037586689,0.0223856121301651,0.0223856121301651,,,,,0.023930808529257774,,,0.026313109323382378,0.018467290326952934,0.0100491838529706,,,,,0.0223856121301651,0.046643707901239395,0.0100491838529706,0.0100491838529706,0.022161414846777916,0.025126386433839798,0.022161414846777916,0.0223856121301651,0.0223856121301651,0.015551557764410973,0.011963040567934513,0.06419538706541061,0.10652301460504532,0.033950988203287125,0.0223856121301651,0.01468393113464117,0.025885017588734627,0.026313109323382378,0.026313109323382378,0.050795428454875946,0.022161414846777916,0.023930808529257774,0.0488412007689476,0.022161414846777916,0.026313109323382378,,
2013-03-01,0.006076752673834562,0.02275318093597889,,0.01683671399950981,0.02275318093597889,0.01683671399950981,0.019699648022651672,0.01683671399950981,0.019699648022651672,0.02275318093597889,0.01683671399950981,,0.02275318093597889,0.02275318093597889,0.02275318093597889,,0.02275318093597889,0.01683671399950981,0.01683671399950981,0.019699648022651672,0.02275318093597889,0.02275318093597889,0.01683671399950981,0.01683671399950981,0.02275318093597889,0.02275318093597889,0.02275318093597889,0.02275318093597889,0.019699648022651672,0.01683671399950981,0.004298229701817036,0.02275318093597889,0.007446879521012306,0.01683671399950981,,0.01683671399950981,,0.02275318093597889,0.01683671399950981,0.02275318093597889,0.004298229701817036,0.02275318093597889,0.019699648022651672,0.02275318093597889,0.02275318093597889,0.01683671399950981,0.01683671399950981,0.01683671399950981,0.02275318093597889,0.01683671399950981,,0.01683671399950981,0.01683671399950981,0.01683671399950981,0.02275318093597889,0.02275318093597889,0.01683671399950981,0.02275318093597889,0.02275318093597889,0.02275318093597889,0.01683671399950981,0.01683671399950981,0.01683671399950981,0.02275318093597889,0.02275318093597889,0.02275318093597889,0.01683671399950981,0.03621763736009598,0.01683671399950981,0.02275318093597889,0.02275318093597889,,0.02275318093597889,0.02275318093597889,0.01683671399950981,0.004298229701817036,0.01683671399950981,,0.02275318093597889,0.01683671399950981,0.019699648022651672,0.02275318093597889,0.02275318093597889,,,,,0.019699648022651672,,,0.02275318093597889,0.023079773411154747,0.01683671399950981,,,,,0.02275318093597889,0.02275318093597889,0.01683671399950981,0.01683671399950981,0.02275318093597889,0.019699648022651672,0.02275318093597889,0.02275318093597889,0.01683671399950981,0.01683671399950981,0.01683671399950981,0.04546688497066498,0.02275318093597889,0.04546688497066498,0.02275318093597889,0.01683671399950981,0.02275318093597889,0.02275318093597889,0.02275318093597889,0.03488893806934357,0.02275318093597889,0.02275318093597889,0.03621763736009598,0.02275318093597889,0.02275318093597889,,
2013-06-01,-0.013912036083638668,0.021909916773438454,,0.01708776317536831,0.021909916773438454,0.01708776317536831,0.020120752975344658,0.01708776317536831,0.020120752975344658,0.021909916773438454,0.01708776317536831,,0.023988718166947365,0.021909916773438454,0.023988718166947365,,0.021395865827798843,0.01708776317536831,0.01708776317536831,0.019777173176407814,0.021909916773438454,0.021909916773438454,0.01708776317536831,0.016834046691656113,0.021395865827798843,0.01708776317536831,0.021395865827798843,0.01708776317536831,0.020120752975344658,0.01708776317536831,0.01708776317536831,0.021909916773438454,0.01708776317536831,0.01708776317536831,,0.01708776317536831,,0.021909916773438454,0.01708776317536831,0.021909916773438454,0.01708776317536831,0.023474667221307755,0.005988480523228645,0.01708776317536831,0.023988718166947365,0.01708776317536831,0.01708776317536831,0.01708776317536831,0.021909916773438454,0.01708776317536831,,0.01708776317536831,0.01708776317536831,0.01708776317536831,0.023988718166947365,0.021909916773438454,0.01708776317536831,0.021909916773438454,0.023474667221307755,0.021909916773438454,0.01708776317536831,0.01708776317536831,0.01708776317536831,0.021909916773438454,0.01708776317536831,0.021909916773438454,0.01708776317536831,0.023988718166947365,0.01708776317536831,0.023988718166947365,0.021909916773438454,,0.01708776317536831,0.021909916773438454,0.01708776317536831,0.01708776317536831,0.01708776317536831,,0.021909916773438454,0.01708776317536831,0.020120752975344658,0.021909916773438454,0.021395865827798843,,,,,0.020120752975344658,,,0.023988718166947365,0.02324651926755905,0.01708776317536831,,,,,0.021395865827798843,0.023988718166947365,0.01708776317536831,0.01708776317536831,0.021395865827798843,0.020120752975344658,0.023988718166947365,0.023988718166947365,0.01708776317536831,0.01708776317536831,0.01708776317536831,0.04546806961297989,0.020120752975344658,0.04546806961297989,0.01708776317536831,0.01708776317536831,0.021909916773438454,0.021909916773438454,0.021909916773438454,0.034522611647844315,0.01708776317536831,0.021909916773438454,0.023988718166947365,0.021395865827798843,0.023988718166947365,,
2013-09-01,-0.013368381187319756,0.023727355524897575,,0.017358705401420593,0.022711804136633873,0.017358705401420593,0.020518742501735687,0.017358705401420593,0.020518742501735687,0.023727355524897575,0.017358705401420593,,0.022711804136633873,0.022711804136633873,0.023727355524897575,,0.017358705401420593,0.017358705401420593,0.017358705401420593,0.020518742501735687,0.022711804136633873,0.022711804136633873,0.017358705401420593,0.017358705401420593,0.022711804136633873,0.017358705401420593,0.022711804136633873,0.017358705401420593,0.020518742501735687,0.017358705401420593,0.017358705401420593,0.022711804136633873,0.017358705401420593,0.017358705401420593,,0.017358705401420593,,0.022711804136633873,0.017358705401420593,0.022711804136633873,0.017358705401420593,0.023727355524897575,-0.08743155747652054,0.025592967867851257,0.023727355524897575,0.017358705401420593,0.017358705401420593,0.017358705401420593,0.022711804136633873,0.017358705401420593,,0.017358705401420593,0.017358705401420593,0.017358705401420593,0.023727355524897575,0.022711804136633873,0.017358705401420593,0.022711804136633873,0.017358705401420593,0.022711804136633873,0.017358705401420593,0.017358705401420593,0.017358705401420593,0.022711804136633873,0.017358705401420593,0.022711804136633873,0.017358705401420593,0.023727355524897575,0.017358705401420593,0.023727355524897575,0.023727355524897575,,0.017358705401420593,0.022711804136633873,0.017358705401420593,0.017358705401420593,0.017358705401420593,,0.023727355524897575,0.023727355524897575,0.020518742501735687,0.022711804136633873,0.022711804136633873,,,,,0.020518742501735687,,,0.023727355524897575,0.023682883009314537,0.004005160182714462,,,,,0.022711804136633873,0.023727355524897575,0.017358705401420593,0.017358705401420593,0.022711804136633873,0.020518742501735687,0.023727355524897575,0.023727355524897575,0.017358705401420593,0.017358705401420593,0.017358705401420593,-0.05861197039484978,0.020518742501735687,0.023682883009314537,0.017358705401420593,0.020518742501735687,0.022711804136633873,0.022711804136633873,0.022711804136633873,0.03343731909990311,0.017358705401420593,0.022711804136633873,0.023727355524897575,0.017358705401420593,0.023727355524897575,,
2013-12-01,0.014040849171578884,0.010930445045232773,,0.02407717891037464,0.02695973590016365,0.02407717891037464,0.026918014511466026,0.02407717891037464,0.026918014511466026,0.02817913331091404,0.02407717891037464,,0.03200482204556465,0.03573637455701828,0.02695973590016365,,0.02407717891037464,0.02407717891037464,0.02407717891037464,0.027971502393484116,0.028285078704357147,0.02695973590016365,0.02407717891037464,0.024042300879955292,0.02407717891037464,0.02407717891037464,0.02407717891037464,0.02407717891037464,0.026918014511466026,0.02407717891037464,0.02407717891037464,0.028840288519859314,0.02407717891037464,0.02407717891037464,,0.02407717891037464,,0.02407717891037464,0.02407717891037464,0.010930445045232773,0.02407717891037464,0.02407717891037464,0.03006601519882679,0.02407717891037464,0.02695973590016365,0.02407717891037464,0.02407717891037464,0.02407717891037464,0.028840288519859314,0.02407717891037464,,0.02407717891037464,0.02407717891037464,0.02407717891037464,0.028285078704357147,0.02695973590016365,0.02407717891037464,0.02695973590016365,0.02407717891037464,0.028840288519859314,0.02407717891037464,0.02407717891037464,0.02407717891037464,0.02817913331091404,0.02407717891037464,0.03135375306010246,0.02407717891037464,0.027971502393484116,0.02407717891037464,0.024611040949821472,0.03135375306010246,,0.02407717891037464,0.03573637455701828,0.02407717891037464,0.02407717891037464,0.02407717891037464,,0.02695973590016365,0.019457073882222176,0.02817913331091404,0.02695973590016365,0.02407717891037464,,,,,0.03069259412586689,,,0.028285078704357147,0.0369032584130764,0.01963226869702339,,,,,0.02407717891037464,0.024611040949821472,0.02407717891037464,0.02407717891037464,0.02407717891037464,0.032665979117155075,0.02695973590016365,0.02695973590016365,0.02407717891037464,0.02407717891037464,0.02245410531759262,0.0369032584130764,0.02407717891037464,0.0369032584130764,0.024611040949821472,0.026918014511466026,0.02695973590016365,0.028840288519859314,0.028840288519859314,0.028840288519859314,0.02407717891037464,0.02695973590016365,0.032665979117155075,0.02407717891037464,0.03135375306010246,,
2014-03-01,0.02822978049516678,0.030997227877378464,,0.021719472482800484,0.030997227877378464,0.021719472482800484,0.025727981701493263,0.021719472482800484,0.025727981701493263,0.03344389423727989,0.024553030729293823,,0.03711133450269699,0.024701738730072975,0.030997227877378464,,0.021719472482800484,0.021719472482800484,0.024553030729293823,0.03254080191254616,0.030997227877378464,0.024553030729293823,0.021719472482800484,0.01604372076690197,0.021719472482800484,0.021719472482800484,0.021719472482800484,0.021719472482800484,0.025727981701493263,0.021719472482800484,0.021719472482800484,0.024701738730072975,0.024553030729293823,0.024553030729293823,,0.021719472482800484,,0.024553030729293823,0.021719472482800484,0.030997227877378464,0.021719472482800484,0.021719472482800484,0.01901046372950077,0.021719472482800484,0.030997227877378464,0.021719472482800484,0.021719472482800484,0.021719472482800484,0.03461598977446556,0.021719472482800484,,0.021719472482800484,0.024553030729293823,0.024553030729293823,0.03383078798651695,0.030997227877378464,0.021719472482800484,0.030997227877378464,0.021719472482800484,0.03461598977446556,0.021719472482800484,0.021719472482800484,0.021719472482800484,0.02817465551197529,0.021719472482800484,0.03344389423727989,0.021719472482800484,0.03254080191254616,0.021719472482800484,0.024701738730072975,0.030997227877378464,,0.030997227877378464,0.030997227877378464,0.021719472482800484,0.021719472482800484,0.021719472482800484,,0.030997227877378464,0.030997227877378464,0.02817465551197529,0.024701738730072975,0.021719472482800484,,,,,0.02817465551197529,,,0.030997227877378464,0.04434655234217644,,,,,,0.021719472482800484,0.024701738730072975,0.021719472482800484,0.021719472482800484,0.024553030729293823,0.028561539947986603,0.030997227877378464,0.03383078798651695,0.021719472482800484,0.021719472482800484,0.021540867164731026,0.05067599192261696,0.021719472482800484,0.03461598977446556,0.030997227877378464,0.028561539947986603,0.030997227877378464,0.03344389423727989,0.030997227877378464,0.03344389423727989,0.021719472482800484,0.021719472482800484,0.03383078798651695,0.024553030729293823,0.030997227877378464,0.025549376383423805,
2014-06-01,0.051160603761672974,0.03407023474574089,,0.02168239839375019,0.03524275869131088,0.025212328881025314,0.028571713715791702,0.03024441935122013,0.03318651765584946,0.034974101930856705,0.025212328881025314,,0.05285992473363876,-0.008560804650187492,0.03435869887471199,,0.020673835650086403,0.026714496314525604,0.032687410712242126,0.03417356312274933,0.040427882224321365,0.02918553166091442,0.02074521966278553,0.020205527544021606,0.021682685241103172,0.02168239839375019,0.020936351269483566,0.02721077762544155,0.028174251317977905,0.025705931708216667,0.018486367538571358,0.02661394700407982,0.026714496314525604,0.025779996067285538,,0.026714496314525604,,0.029551520943641663,0.026714781299233437,0.029346436262130737,0.02074521966278553,0.025705931708216667,-0.033513329923152924,0.020693670958280563,0.029141467064619064,0.026201928034424782,0.03401863947510719,0.08311989903450012,0.04054613783955574,0.026714496314525604,,0.021682685241103172,0.026714496314525604,0.03048870898783207,0.03435869887471199,0.029141467064619064,0.027330853044986725,0.031441085040569305,0.021682685241103172,0.04043003171682358,0.021682685241103172,0.028950152918696404,0.02168239839375019,0.03250398114323616,0.02882521227002144,0.04117216914892197,0.02168239839375019,0.03750188648700714,0.026714496314525604,0.059653379023075104,0.029161302372813225,,0.020673835650086403,0.030036386102437973,0.060100313276052475,0.03024441935122013,0.02168239839375019,,0.03435869887471199,0.020673835650086403,0.03694772347807884,0.03417356312274933,0.025705931708216667,,,,,0.035533562302589417,,,0.06059124320745468,0.045198652893304825,,,,,,0.020673835650086403,0.03023049235343933,0.021702520549297333,0.03162622079253197,0.03219170123338699,0.028174251317977905,-0.003215594682842493,0.03417356312274933,0.022178681567311287,0.025705931708216667,0.010042638517916203,0.09995739161968231,-0.011868367902934551,0.04054613783955574,0.025481820106506348,0.024187203496694565,0.032510288059711456,0.036271482706069946,0.02907421439886093,0.03105930984020233,0.031182853505015373,0.03196920081973076,0.02882397547364235,0.027941569685935974,0.03021065704524517,0.029839590191841125,
2014-09-01,0.05024801567196846,0.04096653312444687,,0.0240749791264534,0.03018937259912491,0.030854949727654457,0.03018937259912491,0.034924715757369995,0.03018937259912491,0.03793321177363396,0.02598433941602707,,0.03180333599448204,0.02117362804710865,0.041488803923130035,,0.019424840807914734,0.0240749791264534,0.033696383237838745,0.04096653312444687,0.020653165876865387,0.033560819923877716,0.019424840807914734,0.01600058563053608,0.019424840807914734,0.023380711674690247,0.023380711674690247,0.020653165876865387,0.027327265590429306,0.020653165876865387,0.020653165876865387,0.040260471403598785,0.025303304195404053,0.026204789057374,,0.025303304195404053,,0.02134743519127369,0.020653165876865387,0.028961047530174255,0.020119110122323036,0.022266311571002007,0.009086629375815392,0.028800474479794502,0.028438780456781387,0.020653165876865387,0.030054135248064995,0.02117362804710865,0.04080226272344589,0.025303304195404053,,0.020119110122323036,0.028144774958491325,0.028144774958491325,0.040260471403598785,0.030757136642932892,0.0240749791264534,0.027466056868433952,0.019424840807914734,0.03589016944169998,0.020119110122323036,0.028945602476596832,0.0240749791264534,0.02644198387861252,0.022562526166439056,0.031743913888931274,0.0240749791264534,0.043923377990722656,0.0246090367436409,0.027943190187215805,0.028278207406401634,,0.020653165876865387,0.019628800451755524,0.025303304195404053,0.02651839703321457,0.026916449889540672,,0.03521877899765968,0.019424840807914734,0.029593825340270996,0.02966710552573204,0.020653165876865387,,0.03228747844696045,,,0.032172441482543945,,,0.03565900772809982,0.05007295310497284,,,,,,0.019424840807914734,0.028800474479794502,0.01926426775753498,0.020653165876865387,0.02117362804710865,0.027166692540049553,0.021884959191083908,0.02966710552573204,0.020119110122323036,0.02134743519127369,-0.031977612525224686,-0.32524919509887695,0.019424840807914734,0.03685137256979942,0.021739710122346878,0.04872467368841171,0.050930868834257126,0.026964250952005386,0.03619149699807167,0.04717181250452995,0.01926426775753498,0.03603091463446617,0.035669226199388504,0.02296058088541031,0.028961047530174255,0.014288017526268959,
2014-12-01,0.04399041086435318,0.042505472898483276,,0.027788981795310974,0.031390197575092316,0.02762698568403721,0.03225051239132881,0.02816854976117611,0.031390197575092316,0.04103368520736694,0.02816854976117611,,0.0415569469332695,0.04274174943566322,0.03747614100575447,,0.026605909690260887,0.03294281288981438,0.032700374722480774,0.03239645063877106,0.037239864468574524,0.04204558581113815,0.026605909690260887,0.01711229421198368,0.026605909690260887,0.032563239336013794,0.027788981795310974,0.02706090174615383,0.03003658540546894,0.02684834413230419,0.031137743964791298,0.032632727175951004,0.02816854976117611,0.0021236261818557978,,0.02358626201748848,,0.03232080116868019,0.026605909690260887,0.04274174943566322,0.026605909690260887,0.03135029599070549,0.027682112529873848,0.031390197575092316,0.030911477282643318,0.02706090174615383,0.02816854976117611,0.03135029599070549,0.042491521686315536,0.028410984203219414,,0.026605909690260887,0.02816854976117611,0.032700374722480774,0.038961078971624374,0.04399041086435318,0.02803141623735428,0.031147759407758713,0.02644391357898712,0.042491521686315536,0.02684834413230419,0.02816854976117611,0.02816854976117611,0.032592352479696274,0.03135029599070549,0.0415569469332695,0.028410984203219414,0.033952899277210236,0.03232080116868019,0.04316168278455734,0.03872480243444443,,0.02659492753446102,0.042505472898483276,0.02795378491282463,0.027788981795310974,0.032700374722480774,,0.032632727175951004,0.042984187602996826,0.03053472377359867,0.030911477282643318,0.02684834413230419,,0.029208743944764137,,,0.034199029207229614,,,0.047792207449674606,0.040241166949272156,,,,,,0.02684834413230419,0.04149312898516655,0.026605909690260887,0.026605909690260887,0.03135029599070549,0.03003658540546894,0.030451582744717598,0.03239645063877106,0.026818467304110527,0.02684834413230419,0.015549654141068459,0.02475150115787983,0.03138018399477005,0.03146705403923988,0.03200807422399521,0.023371497169137,0.030694017186760902,0.03188081458210945,0.032632727175951004,0.04946214705705643,0.026605909690260887,0.032632727175951004,0.04418056830763817,0.031137743964791298,0.038961078971624374,0.031147759407758713,
2015-03-01,0.030818918719887733,0.03180728852748871,,0.030200300738215446,0.030818918719887733,0.030200300738215446,0.03281625732779503,0.030200300738215446,0.030200300738215446,0.032136306166648865,0.030200300738215446,,0.032136306166648865,0.030200300738215446,0.030818918719887733,,0.030200300738215446,0.030200300738215446,0.030200300738215446,0.03442326560616493,0.03180728852748871,0.030818918719887733,0.030200300738215446,0.026983747258782387,0.03180728852748871,0.03180728852748871,0.030200300738215446,0.030200300738215446,0.02805408276617527,0.030200300738215446,0.03180728852748871,,0.030200300738215446,0.030200300738215446,,0.02805408276617527,,0.03180728852748871,0.030200300738215446,0.030818918719887733,0.030200300738215446,0.030200300738215446,0.01955770142376423,0.03442326560616493,0.030818918719887733,0.030200300738215446,0.030200300738215446,0.030200300738215446,0.032136306166648865,0.030200300738215446,,0.030200300738215446,0.030200300738215446,0.030200300738215446,0.03442326560616493,0.03281625732779503,0.030200300738215446,0.030818918719887733,0.030200300738215446,0.032136306166648865,0.030200300738215446,0.030200300738215446,0.030200300738215446,0.032136306166648865,0.030200300738215446,0.032136306166648865,0.030200300738215446,0.030818918719887733,0.030200300738215446,0.030818918719887733,0.03442326560616493,,0.030818918719887733,0.030200300738215446,0.030200300738215446,0.030200300738215446,0.030200300738215446,,0.03442326560616493,0.030818918719887733,0.03128087893128395,0.03442326560616493,0.030200300738215446,,0.032136306166648865,,,0.02967068925499916,,,0.03442326560616493,0.033414337784051895,,,,,,0.030200300738215446,0.030818918719887733,0.030200300738215446,0.030200300738215446,0.03180728852748871,0.029664278030395508,0.030818918719887733,0.030818918719887733,0.030200300738215446,0.030200300738215446,0.02994413487613201,0.11068389564752579,0.03180728852748871,0.03442326560616493,0.030818918719887733,0.02805408276617527,0.030818918719887733,0.032136306166648865,0.030818918719887733,0.03189840540289879,0.030200300738215446,0.030818918719887733,0.03442326560616493,0.030200300738215446,0.030818918719887733,0.030818918719887733,
2015-06-01,0.03492891043424606,0.029425719752907753,,0.027922721579670906,0.029349062591791153,0.029349062591791153,0.03378782421350479,0.029502173885703087,0.029349062591791153,0.03026365116238594,0.03492891043424606,,0.03026365116238594,0.03144355118274689,0.028383878991007805,,0.028852522373199463,0.028852522373199463,0.03492891043424606,0.03944416344165802,0.029502173885703087,0.02707831561565399,0.029349062591791153,0.025882652029395103,0.027190355584025383,0.028852522373199463,0.03492891043424606,0.029502173885703087,0.027922721579670906,0.03492891043424606,0.029425719752907753,,0.029425719752907753,0.03492891043424606,,0.029502173885703087,,0.02927260845899582,0.029502173885703087,0.027922721579670906,0.028928976505994797,0.028196610510349274,0.01992683857679367,0.038369301706552505,0.029349062591791153,0.029502173885703087,0.029349062591791153,0.03492891043424606,0.027951829135417938,0.029349062591791153,,0.027922721579670906,0.029502173885703087,0.029425719752907753,0.035958804190158844,0.032361481338739395,0.03492891043424606,0.029502173885703087,0.027922721579670906,0.0331229493021965,0.027190355584025383,0.027846267446875572,0.028928976505994797,0.029531288892030716,0.029502173885703087,0.027922721579670906,0.027922721579670906,0.03394092991948128,0.029349062591791153,0.03937556594610214,0.028928976505994797,,0.03944416344165802,0.03492891043424606,0.029502173885703087,0.029502173885703087,0.027922721579670906,,0.0345492884516716,0.027922721579670906,0.030110541731119156,0.03492891043424606,0.029502173885703087,,0.028769807890057564,,,0.03026365116238594,,,0.035958804190158844,0.02868419513106346,,,,,,0.027922721579670906,0.032361481338739395,0.027190355584025383,0.029502173885703087,0.029349062591791153,0.027922721579670906,0.027190355584025383,0.029502173885703087,0.027922721579670906,0.029349062591791153,0.017048561945557594,0.02701106294989586,0.027922721579670906,0.025585632771253586,0.026804426684975624,0.029502173885703087,0.027922721579670906,0.02868419513106346,0.032361481338739395,0.044567499309778214,0.029349062591791153,0.028769807890057564,0.038369301706552505,0.027922721579670906,0.027922721579670906,0.029502173885703087,
2015-09-01,0.04442368447780609,0.036419209092855453,,0.028036536648869514,0.02660066820681095,0.025557421147823334,0.04442368447780609,0.028025809675455093,0.02660066820681095,0.03846270591020584,0.028036536648869514,,0.029076071456074715,0.044370006769895554,0.04442368447780609,,0.028036536648869514,0.036419209092855453,0.028036536648869514,0.04442368447780609,0.036419209092855453,0.02660066820681095,0.025557421147823334,0.027972647920250893,0.02660066820681095,0.028036536648869514,0.034834686666727066,0.028025809675455093,0.02632787451148033,0.030504925176501274,0.044370006769895554,,0.030504925176501274,-0.06340823322534561,,0.028025809675455093,,0.036419209092855453,0.028025809675455093,0.04442368447780609,0.028036536648869514,0.024280276149511337,0.007098738569766283,0.006885519251227379,0.034834686666727066,0.028025809675455093,0.025557421147823334,0.0277433842420578,0.026607684791088104,0.025557421147823334,,0.028036536648869514,0.030504925176501274,0.036419209092855453,0.047235339879989624,0.04442368447780609,0.025557421147823334,0.02906905487179756,0.025557421147823334,0.04442368447780609,0.028036536648869514,0.028036536648869514,0.025557421147823334,0.029076071456074715,0.036419209092855453,0.026607684791088104,0.025557421147823334,0.04442368447780609,0.028036536648869514,0.05714957416057587,0.02660066820681095,,0.026607684791088104,0.044370006769895554,0.030504925176501274,0.030504925176501274,0.028036536648869514,,0.04442368447780609,0.09000551700592041,0.026334891095757484,0.02660066820681095,0.025557421147823334,,0.027798926457762718,,,0.03703730180859566,,,0.04442368447780609,0.03712967038154602,,,,,,0.025557421147823334,0.026607684791088104,0.025557421147823334,0.030504925176501274,0.025557421147823334,0.033444274216890335,0.02660066820681095,0.029076071456074715,0.028036536648869514,0.025557421147823334,0.005336889065802097,0.0812096893787384,0.028036536648869514,0.04442368447780609,0.026607684791088104,0.02803032658994198,0.044370006769895554,0.026607684791088104,0.035994309931993484,0.09971311688423157,0.025557421147823334,0.027798926457762718,0.04952576383948326,0.036419209092855453,0.026607684791088104,0.028025809675455093,
2015-12-01,0.03955686092376709,0.033379118889570236,,0.026609253138303757,0.026903577148914337,0.026903577148914337,0.03603897616267204,0.033379118889570236,0.02831459976732731,0.03955686092376709,0.026609253138303757,,0.029368743300437927,0.03955686092376709,,,0.03868025541305542,0.032502513378858566,0.02612181194126606,0.03955686092376709,0.033379118889570236,0.02173192985355854,0.032502513378858566,0.01817506179213524,0.03868025541305542,0.032502513378858566,0.03868025541305542,0.026903577148914337,0.02612181194126606,0.0307797659188509,0.03955686092376709,,0.0307797659188509,0.025044122710824013,,0.029373787343502045,,0.026609253138303757,0.030292324721813202,0.03868025541305542,0.026609253138303757,0.032502513378858566,0.021131176501512527,0.0423162467777729,0.03955686092376709,0.030292324721813202,0.026950564235448837,0.033379118889570236,0.027827158570289612,0.02831459976732731,,0.02612181194126606,0.033379118889570236,0.02831459976732731,0.05214639753103256,0.03868025541305542,0.02831459976732731,0.029368743300437927,0.02612181194126606,0.03868025541305542,0.02612181194126606,0.02612181194126606,0.026609253138303757,0.029368743300437927,0.033379118889570236,0.02612181194126606,0.02612181194126606,0.03955686092376709,0.02831459976732731,0.06986149400472641,0.03361574187874794,,0.03868025541305542,0.033379118889570236,0.0307797659188509,0.0307797659188509,0.032502513378858566,,0.02845020592212677,0.03559952601790428,0.026903577148914337,0.02831459976732731,0.02831459976732731,,0.029368743300437927,,,0.036957524716854095,,,0.02148299291729927,0.02612181194126606,,,,,,0.02612181194126606,0.02612181194126606,0.02612181194126606,0.0307797659188509,0.032502513378858566,0.0423162467777729,0.02612181194126606,0.036957524716854095,0.026609253138303757,0.026903577148914337,0.014698880724608898,,0.026609253138303757,0.046573981642723083,0.03278699889779091,0.029368743300437927,0.026903577148914337,0.02612181194126606,0.02612181194126606,0.025759613141417503,0.02612181194126606,0.03361574187874794,0.04607513174414635,0.032502513378858566,0.03278699889779091,0.033379118889570236,
2016-03-01,0.03645654022693634,0.03633717820048332,,0.025613117963075638,0.029912566766142845,0.029912566766142845,0.03280560299754143,0.029912566766142845,0.0327533595263958,0.03645654022693634,0.018014580011367798,,0.029979685321450233,0.03645654022693634,,,0.03640429675579071,0.025613445788621902,0.025613445788621902,0.03633717820048332,0.03633717820048332,0.031521014869213104,0.025613117963075638,0.013582170940935612,0.02568056434392929,0.031401652842760086,0.02568056434392929,0.029912566766142845,0.022917404770851135,0.032686568796634674,0.03640429675579071,,0.03633717820048332,0.025613445788621902,,0.029912566766142845,,0.025613117963075638,0.032686568796634674,0.02568056434392929,0.025613445788621902,0.025613117963075638,0.0073358104564249516,0.05019877851009369,0.02568056434392929,0.03268624097108841,0.025613445788621902,0.03633717820048332,0.029979685321450233,0.029912566766142845,,0.025613445788621902,0.03268624097108841,0.032686568796634674,0.050471942871809006,0.031521014869213104,0.032686568796634674,0.029912566766142845,0.02568056434392929,0.031521014869213104,0.025613445788621902,0.03268624097108841,0.025613445788621902,0.029979685321450233,0.03633717820048332,0.02568056434392929,0.025613445788621902,0.03645654022693634,0.03268624097108841,0.054629575461149216,0.031521014869213104,,0.031521014869213104,0.03633717820048332,0.03268624097108841,0.03268624097108841,0.018014580011367798,,0.03280560299754143,0.06050175055861473,0.02808859758079052,0.025613445788621902,0.029912566766142845,,0.029979685321450233,,,0.0284116193652153,,,0.018133943900465965,0.025854600593447685,,,,,,0.025613117963075638,0.05019877851009369,0.025613445788621902,0.03268624097108841,0.031401652842760086,0.050471942871809006,0.025732481852173805,0.029979685321450233,0.025613445788621902,0.025613445788621902,0.013582170940935612,,0.025613117963075638,0.0551539808511734,0.031401652842760086,0.025585709139704704,0.029912566766142845,0.02568056434392929,0.02568056434392929,0.2909455895423889,0.025613445788621902,0.029979685321450233,0.04432661086320877,0.025613445788621902,0.031521014869213104,0.029912566766142845,
2016-06-01,0.03312220051884651,0.03312220051884651,,0.027649957686662674,0.02974308468401432,0.027649957686662674,0.03312220051884651,0.03134414181113243,0.03134414181113243,0.03134414181113243,0.027649957686662674,,0.02974308468401432,0.03312220051884651,,,0.03145558759570122,0.03134414181113243,0.03145558759570122,0.03312220051884651,0.03312220051884651,0.027649957686662674,0.027649957686662674,0.027103014290332794,0.027649957686662674,0.027649957686662674,0.027649957686662674,0.027649957686662674,0.02974308468401432,0.03312220051884651,0.03134414181113243,,0.03134414181113243,0.027649957686662674,,0.02974308468401432,,0.027649957686662674,0.02974308468401432,0.027649957686662674,0.027649957686662674,0.027649957686662674,0.027103014290332794,0.03762124478816986,0.027649957686662674,0.02974308468401432,0.027649957686662674,0.03762124478816986,0.02974308468401432,0.02974308468401432,,0.027649957686662674,0.03134414181113243,0.03134414181113243,0.03145558759570122,0.03145558759570122,0.027649957686662674,0.02974308468401432,0.027649957686662674,0.027649957686662674,0.020661430433392525,0.027649957686662674,0.027649957686662674,0.02974308468401432,0.03134414181113243,0.027649957686662674,0.027649957686662674,0.03312220051884651,0.02974308468401432,0.03762124478816986,0.027649957686662674,,0.03145558759570122,0.03134414181113243,0.03134414181113243,0.02974308468401432,0.027649957686662674,,0.03145558759570122,0.03145558759570122,0.02974308468401432,0.02974308468401432,0.02974308468401432,,0.02974308468401432,,,0.02974308468401432,,,0.023541301488876343,0.027649957686662674,,,,,,0.027649957686662674,0.03762124478816986,0.027649957686662674,0.02974308468401432,0.03134414181113243,0.03762124478816986,0.027649957686662674,0.02974308468401432,0.027649957686662674,0.027649957686662674,0.027103014290332794,,0.027649957686662674,0.03762124478816986,0.027649957686662674,0.02974308468401432,0.027649957686662674,0.027649957686662674,0.027649957686662674,0.027930648997426033,0.027649957686662674,0.027649957686662674,0.03762124478816986,0.03312220051884651,0.027649957686662674,0.02974308468401432,
2016-09-01,0.04246150329709053,0.031381238251924515,,0.02425135113298893,0.02859206311404705,0.02859206311404705,0.029607051983475685,-0.05862300470471382,0.04246150329709053,0.04246150329709053,0.024014625698328018,,0.0286923386156559,0.0286923386156559,,,0.031073354184627533,0.031073354184627533,0.030486252158880234,0.04187440499663353,0.03079412505030632,0.028351442888379097,0.024014625698328018,0.02529255300760269,0.024014625698328018,0.030486252158880234,0.024014625698328018,0.02859206311404705,0.02406381070613861,0.028828788548707962,0.029607051983475685,,0.028828788548707962,0.023259099572896957,,0.02859206311404705,,0.024014625698328018,0.02859206311404705,0.02411375753581524,0.02425135113298893,0.030486252158880234,-0.009367982856929302,0.02499167062342167,0.024014625698328018,0.02859206311404705,0.024014625698328018,0.029725706204771996,0.02939831092953682,0.02859206311404705,,0.02425135113298893,0.028828788548707962,0.02859206311404705,0.04221481829881668,0.04187440499663353,0.02425135113298893,0.024014625698328018,0.024014625698328018,0.025128746405243874,,0.031073354184627533,0.024014625698328018,0.02874152362346649,0.03079412505030632,0.024014625698328018,0.02425135113298893,0.04246150329709053,0.028828788548707962,0.06117359176278114,0.04187440499663353,,0.04246150329709053,0.04246150329709053,0.02859206311404705,0.02859206311404705,0.02425135113298893,,0.03215949609875679,0.04187440499663353,0.02874152362346649,0.02859206311404705,0.02859206311404705,,0.02859206311404705,,,0.029756512492895126,0.02859206311404705,,0.021329093724489212,0.025128746405243874,,,,,,0.02425135113298893,0.026105791330337524,0.024014625698328018,0.02859206311404705,0.03079412505030632,0.03243035450577736,0.024014625698328018,0.02859206311404705,0.030486252158880234,0.024014625698328018,0.015421639196574688,,0.031073354184627533,0.03834482654929161,0.024014625698328018,0.02859206311404705,0.031073354184627533,0.02411375753581524,0.025128746405243874,0.012504265643656254,0.02859206311404705,0.02411375753581524,0.04221481829881668,0.028828788548707962,0.024014625698328018,0.02425135113298893,
2016-12-01,0.04261232540011406,0.026217419654130936,,0.020548511296510696,0.0260268896818161,0.023623239248991013,0.026699019595980644,0.026217419654130936,0.04232364147901535,0.031286414712667465,0.019238796085119247,,0.027227086946368217,0.04261232540011406,,,0.023901578038930893,0.02130739763379097,0.020548511296510696,0.0412554070353508,0.026217419654130936,0.021595248952507973,0.020548511296510696,0.019310958683490753,-0.03767137974500656,0.023901578038930893,0.022953616455197334,0.023623239248991013,0.021634714677929878,0.023623239248991013,0.023833591490983963,,0.02450530230998993,0.020548511296510696,,0.023623239248991013,,0.020548511296510696,0.023623239248991013,0.04029649496078491,0.020548511296510696,0.023901578038930893,-0.016823163256049156,0.021244216710329056,-0.03767137974500656,0.023623239248991013,0.021430574357509613,0.04165159538388252,0.02858399972319603,0.02130739763379097,,0.020548511296510696,0.02450530230998993,0.022189460694789886,0.02856764942407608,0.026854773983359337,0.023623239248991013,0.020548511296510696,0.020548511296510696,0.04029649496078491,,0.020548511296510696,0.020548511296510696,0.025844378396868706,0.026217419654130936,0.022952161729335785,0.021430574357509613,0.031286414712667465,0.023623239248991013,0.02692580781877041,0.0412554070353508,,0.025509271770715714,0.029483327642083168,0.023623239248991013,0.023623239248991013,0.023901578038930893,,0.02130739763379097,0.034228820353746414,0.027265097945928574,0.02130739763379097,0.023623239248991013,,0.02466997690498829,,,0.028817614540457726,0.023712502792477608,,0.025509271770715714,0.03763900324702263,,,,,,0.020548511296510696,0.022952161729335785,0.020548511296510696,0.023623239248991013,0.023901578038930893,0.02765926904976368,0.021596703678369522,0.024671431630849838,0.023901578038930893,0.023623239248991013,0.00032647798070684075,,0.021430574357509613,0.07096608728170395,0.027533873915672302,0.023623239248991013,0.00989344622939825,0.025509271770715714,0.03893957659602165,0.05054937303066254,0.023623239248991013,0.0241523589938879,0.03739049658179283,0.02450530230998993,0.021532896906137466,0.012968175113201141,
2017-03-01,0.02538120187819004,0.02243969216942787,,0.022009065374732018,0.02538120187819004,0.02339474856853485,0.02339474856853485,0.02339474856853485,0.02538120187819004,0.02477840892970562,0.017268994823098183,,0.02713095210492611,0.02502952329814434,,,0.02339474856853485,0.022009065374732018,0.020403137430548668,0.02538120187819004,0.02339474856853485,0.02531389705836773,0.022009065374732018,0.018175490200519562,0.021358193829655647,0.022009065374732018,0.021358193829655647,0.02243969216942787,0.021358193829655647,0.02243969216942787,0.02243969216942787,,0.02243969216942787,0.021358193829655647,,0.02243969216942787,,0.022009065374732018,0.02339474856853485,0.021747281774878502,0.022964121773838997,0.022009065374732018,-0.0015765295829623938,0.020403137430548668,0.021747281774878502,0.02243969216942787,0.022964121773838997,0.02502952329814434,0.021146049723029137,0.02339474856853485,,0.021358193829655647,0.02243969216942787,0.02243969216942787,0.02777303382754326,0.021358193829655647,0.02243969216942787,0.02339474856853485,0.022009065374732018,0.02531389705836773,,0.02243969216942787,0.021358193829655647,0.02477840892970562,0.02243969216942787,0.021358193829655647,0.022009065374732018,0.02538120187819004,0.02243969216942787,0.02477840892970562,0.02442614547908306,,0.030354410409927368,0.02243969216942787,0.02243969216942787,0.008874258026480675,0.022009065374732018,,0.021358193829655647,0.02777303382754326,0.02477840892970562,0.02339474856853485,0.02243969216942787,,0.02538120187819004,,,0.02713095210492611,0.02339474856853485,0.02777303382754326,0.021747281774878502,0.021747281774878502,,,,,,0.022009065374732018,0.020403137430548668,0.020403137430548668,0.02339474856853485,0.022964121773838997,0.02290753461420536,0.021747281774878502,0.02243969216942787,0.021358193829655647,0.02243969216942787,0.036806050688028336,,0.022009065374732018,0.021747281774878502,0.020403137430548668,0.02339474856853485,0.02339474856853485,0.02290753461420536,0.021747281774878502,0.016524538397789,0.02339474856853485,0.02290753461420536,0.030354410409927368,0.022009065374732018,0.021358193829655647,0.02339474856853485,
2017-06-01,0.026456773281097412,0.02093897946178913,,0.016194887459278107,0.02234649658203125,0.022480076178908348,0.02234649658203125,0.02227191813290119,0.026456773281097412,0.02350999228656292,0.016194887459278107,,0.028353722766041756,0.025808384642004967,,,0.02093897946178913,0.016194887459278107,0.01822141371667385,0.026456773281097412,0.02234649658203125,-0.003446459537371993,0.016194887459278107,0.011849332600831985,0.017602404579520226,0.016194887459278107,0.017602404579520226,0.02093897946178913,0.017602404579520226,0.022594334557652473,0.02093897946178913,,0.016194887459278107,0.017602404579520226,,0.022480076178908348,,0.01822141371667385,0.02234649658203125,0.019429486244916916,0.017602404579520226,-0.008364124223589897,-0.003446459537371993,0.016194887459278107,0.018465207889676094,0.02093897946178913,0.01822141371667385,0.025808384642004967,0.013634124770760536,0.02234649658203125,,0.017602404579520226,0.02093897946178913,0.018335672095417976,0.03632776439189911,0.016194887459278107,0.018335672095417976,0.017602404579520226,0.016194887459278107,0.0030793880578130484,,0.016194887459278107,0.020195797085762024,0.023525908589363098,0.02093897946178913,0.017602404579520226,0.016194887459278107,0.02234649658203125,0.021007481962442398,0.02212195284664631,0.021335767582058907,,0.017602404579520226,0.017225490882992744,0.02093897946178913,0.02234649658203125,0.016194887459278107,,0.018966756761074066,,0.02350999228656292,0.018633008003234863,0.02093897946178913,,0.018633008003234863,,,0.023462876677513123,0.02234649658203125,0.03632776439189911,0.017602404579520226,0.020058272406458855,,,,,,0.016194887459278107,0.01928640529513359,0.016194887459278107,0.02234649658203125,0.017225490882992744,0.02053544670343399,0.019429486244916916,0.02093897946178913,0.017602404579520226,0.022594334557652473,0.007657142356038094,,0.020195797085762024,0.048800308257341385,0.016194887459278107,0.017225490882992744,0.017602404579520226,0.020058272406458855,0.025074081495404243,-0.0014152388321235776,0.018633008003234863,0.023462876677513123,0.034858498722314835,0.016800591722130775,0.017602404579520226,0.02234649658203125,
2017-09-01,0.008836910128593445,0.023119494318962097,,0.02136644534766674,0.018190134316682816,0.019156113266944885,0.026086069643497467,0.013978450559079647,0.02029264159500599,0.02422594092786312,0.018190134316682816,,0.023439127951860428,0.03468919172883034,,,0.018190134316682816,0.02136644534766674,0.020772648975253105,0.017252707853913307,0.019943183287978172,0.001658022403717041,0.018190134316682816,0.016607731580734253,0.017803022637963295,0.018190134316682816,0.018190134316682816,0.023119494318962097,0.018190134316682816,0.02067975327372551,0.01809380203485489,,0.01885492354631424,0.016001705080270767,,0.021344542503356934,,0.021344542503356934,0.02067975327372551,0.018735481426119804,0.02136644534766674,0.018190134316682816,0.01992936059832573,0.018190134316682816,0.017626874148845673,0.020607972517609596,0.01885492354631424,0.028121838346123695,0.018911629915237427,0.02136644534766674,,0.01885492354631424,0.023119494318962097,0.01885492354631424,0.0348377525806427,0.020300446078181267,0.02136644534766674,0.02010785974562168,0.015555087476968765,0.027608489617705345,,0.02136644534766674,0.02136644534766674,0.024083858355879784,0.019943183287978172,0.018190134316682816,0.01885492354631424,0.006726597901433706,0.01885492354631424,0.023139232769608498,0.016550356522202492,,0.020300446078181267,0.020332468673586845,0.023856064304709435,0.023856064304709435,0.02136644534766674,,0.02279006503522396,,0.02157147228717804,0.019943183287978172,0.02067975327372551,,-0.006825738120824099,,,0.024007253348827362,0.02067975327372551,0.0348377525806427,0.016001705080270767,0.021429389715194702,0.030264701694250107,,,,,0.018190134316682816,0.0348377525806427,0.018190134316682816,0.02067975327372551,0.01885492354631424,0.02208666317164898,0.018954169005155563,0.019943183287978172,0.01885492354631424,0.02136644534766674,0.013978450559079647,,0.018190134316682816,0.045914262533187866,0.018190134316682816,0.023856064304709435,0.023856064304709435,0.019331997260451317,0.026974156498908997,0.02774849534034729,0.01715615577995777,0.021528933197259903,0.03190695121884346,0.02136644534766674,0.018190134316682816,0.02067975327372551,
2017-12-01,0.024390678852796555,0.02424916811287403,,0.023102423176169395,0.024167930707335472,0.024167930707335472,0.024167930707335472,0.02424916811287403,0.024309441447257996,0.023473091423511505,0.023102423176169395,,0.026429494842886925,0.028133200481534004,,,0.025208983570337296,0.023102423176169395,0.023102423176169395,0.024390678852796555,0.02424916811287403,0.013447277247905731,0.023102423176169395,0.017396504059433937,0.021376078948378563,0.023102423176169395,0.021376078948378563,0.02424916811287403,0.021376078948378563,0.02424916811287403,0.024309441447257996,,0.023102423176169395,0.017995556816458702,,0.02424916811287403,,0.024167930707335472,0.02424916811287403,0.021376078948378563,0.025208983570337296,0.023102423176169395,0.013447277247905731,0.021376078948378563,0.02948974445462227,0.02424916811287403,0.023102423176169395,0.023473091423511505,0.02286122553050518,0.023102423176169395,,0.023102423176169395,0.02424916811287403,0.023102423176169395,0.021376078948378563,0.023102423176169395,0.021376078948378563,0.021376078948378563,0.021376078948378563,0.028000714257359505,,0.023102423176169395,0.025208983570337296,0.023473091423511505,0.02424916811287403,0.021376078948378563,0.023102423176169395,0.02424916811287403,0.023102423176169395,0.02948974445462227,0.024167930707335472,,0.021376078948378563,0.02424916811287403,0.02424916811287403,0.02424916811287403,0.023102423176169395,,0.02802668884396553,,0.02286122553050518,0.024167930707335472,0.02635572850704193,,0.024167930707335472,,,0.026429494842886925,0.021376078948378563,0.023473091423511505,0.021376078948378563,0.02286122553050518,0.02286122553050518,,,,,0.021376078948378563,0.02948974445462227,0.024385375902056694,0.024167930707335472,0.023102423176169395,0.02802668884396553,0.02286122553050518,0.024167930707335472,0.023102423176169395,0.021376078948378563,0.017396504059433937,,0.021376078948378563,0.02897408790886402,0.021376078948378563,0.02635572850704193,0.024167930707335472,0.02286122553050518,0.02802668884396553,0.03237590566277504,0.024167930707335472,0.021376078948378563,0.023102423176169395,0.023102423176169395,0.021376078948378563,0.02635572850704193,
2018-03-01,0.02205699495971203,0.02211528643965721,,0.02205699495971203,0.02211528643965721,0.02205699495971203,0.02205699495971203,0.02211528643965721,0.02205699495971203,0.02770479954779148,0.02205699495971203,,0.02211528643965721,0.02211528643965721,,,0.011708258651196957,0.02211528643965721,0.015431242994964123,0.02211528643965721,0.02211528643965721,0.01244344376027584,0.02211528643965721,0.014688805676996708,0.015431242994964123,0.02211528643965721,0.02205699495971203,0.02211528643965721,0.02211528643965721,0.02211528643965721,0.02205699495971203,,0.02211528643965721,0.015431242994964123,,0.02211528643965721,,0.02205699495971203,0.02211528643965721,0.02205699495971203,0.009360536932945251,0.02211528643965721,0.01244344376027584,0.011708258651196957,0.02770479954779148,0.02211528643965721,0.01244344376027584,0.02770479954779148,0.02205699495971203,0.02211528643965721,,0.02205699495971203,0.02211528643965721,0.02211528643965721,0.02205699495971203,0.02211528643965721,0.02205699495971203,0.02205699495971203,0.02211528643965721,0.02770479954779148,,0.02211528643965721,0.015431242994964123,0.021447258070111275,0.02211528643965721,0.02205699495971203,0.02211528643965721,0.02211528643965721,0.02211528643965721,0.021447258070111275,0.02205699495971203,,0.02205699495971203,0.02211528643965721,0.02211528643965721,0.02211528643965721,0.02211528643965721,,0.02211528643965721,,0.021447258070111275,0.02211528643965721,0.02211528643965721,,0.02205699495971203,,,0.02211528643965721,0.02211528643965721,0.02770479954779148,0.015431242994964123,0.021447258070111275,0.02770479954779148,,,,,0.02211528643965721,0.02211528643965721,0.015431242994964123,0.02211528643965721,0.02211528643965721,0.02770479954779148,0.021447258070111275,0.02211528643965721,0.02205699495971203,0.02211528643965721,0.014688805676996708,,0.02205699495971203,0.02770479954779148,0.02205699495971203,0.02211528643965721,0.02205699495971203,0.021447258070111275,0.015431242994964123,0.02770479954779148,0.02211528643965721,0.02205699495971203,0.02211528643965721,0.02211528643965721,0.02205699495971203,0.02211528643965721,
2018-06-01,0.026440735906362534,0.015044508501887321,,0.021724434569478035,0.021724434569478035,0.021724434569478035,0.021724434569478035,0.021724434569478035,0.021724434569478035,0.021383170038461685,0.021724434569478035,,0.021724434569478035,0.015044508501887321,,,0.021724434569478035,0.021724434569478035,0.021724434569478035,0.021724434569478035,0.021724434569478035,0.020703433081507683,0.021724434569478035,0.026440735906362534,0.015044508501887321,0.021724434569478035,0.021724434569478035,0.021724434569478035,0.021724434569478035,0.021724434569478035,0.015044508501887321,,0.021724434569478035,0.015044508501887321,,0.021724434569478035,,0.021724434569478035,0.021724434569478035,0.021724434569478035,0.021724434569478035,0.021724434569478035,0.026440735906362534,0.015927914530038834,0.021383170038461685,0.021724434569478035,0.01673715002834797,0.02976628765463829,0.021383170038461685,0.021724434569478035,,0.021724434569478035,0.021724434569478035,0.021724434569478035,0.025042377412319183,0.021724434569478035,0.021724434569478035,0.021724434569478035,0.021724434569478035,0.025042377412319183,,0.021724434569478035,0.015044508501887321,0.021383170038461685,0.021724434569478035,0.021724434569478035,0.021724434569478035,0.021724434569478035,0.021724434569478035,0.02976628765463829,0.021724434569478035,,0.021724434569478035,0.021724434569478035,0.021724434569478035,0.021724434569478035,0.021724434569478035,,0.021724434569478035,,0.021383170038461685,0.021724434569478035,0.021724434569478035,,0.021724434569478035,,,0.021724434569478035,0.021724434569478035,0.021383170038461685,0.021724434569478035,0.021383170038461685,0.021383170038461685,,,,,0.021724434569478035,0.021724434569478035,0.015044508501887321,0.021724434569478035,0.021724434569478035,0.021383170038461685,0.021383170038461685,0.021724434569478035,0.021724434569478035,0.021724434569478035,0.01673715002834797,,0.021724434569478035,0.0320667140185833,0.021724434569478035,0.021724434569478035,0.021724434569478035,0.021383170038461685,0.015044508501887321,0.026336533948779106,0.021724434569478035,0.021724434569478035,0.021724434569478035,0.021724434569478035,0.021724434569478035,0.021724434569478035,
2018-09-01,0.02778492495417595,0.023393139243125916,,0.01701570488512516,0.015157710760831833,0.02202938124537468,0.018562601879239082,0.025807272642850876,0.020123422145843506,0.04013468697667122,0.023476451635360718,,0.019381338730454445,0.030236611142754555,,,0.02008773945271969,0.0227823369204998,0.0227823369204998,0.024135222658514977,0.027540111914277077,0.1685170978307724,0.015157710760831833,0.02778492495417595,0.01574811153113842,0.020876377820968628,0.02082982286810875,0.019381338730454445,0.015157710760831833,0.02128729782998562,0.009880517609417439,,0.016321588307619095,-0.014340125024318695,,0.02128729782998562,,0.016321588307619095,0.020123422145843506,0.015157710760831833,0.01775778830051422,0.020876377820968628,0.00877424981445074,0.014415625482797623,0.03035205416381359,0.02128729782998562,0.017063671723008156,0.04423649236559868,0.005568554159253836,0.02342989854514599,,0.01701570488512516,0.025246787816286087,0.016321588307619095,0.02161846123635769,0.04523835703730583,0.022687815129756927,0.015157710760831833,0.01574811153113842,0.035001739859580994,,0.01701570488512516,0.015157710760831833,0.02084732986986637,0.03503343462944031,0.015157710760831833,0.0227823369204998,0.024135222658514977,0.016321588307619095,0.043525177985429764,0.019381338730454445,,0.02161846123635769,0.028234228491783142,0.021981412544846535,0.026682985946536064,0.023476451635360718,,0.024135222658514977,,0.02815920114517212,0.020123422145843506,0.021981412544846535,,0.020123422145843506,,-0.0009009867208078504,0.02422242797911167,0.015157710760831833,0.023670095950365067,0.0023499419912695885,0.021230008453130722,0.0179218128323555,,,,,0.014415625482797623,0.020876377820968628,0.014415625482797623,0.020123422145843506,0.0227823369204998,0.041184671223163605,0.0179218128323555,0.019381338730454445,0.016321588307619095,0.0227823369204998,0.02778492495417595,,0.014415625482797623,0.04009724035859108,0.02008773945271969,0.020123422145843506,0.022723495960235596,0.019896067678928375,0.015157710760831833,0.009815993718802929,0.015157710760831833,0.02082982286810875,0.033536966890096664,0.023476451635360718,0.015157710760831833,0.020123422145843506,
2018-12-01,0.03813382238149643,0.023270847275853157,,0.024913277477025986,0.016837580129504204,0.017413729801774025,0.021120166406035423,0.02305392548441887,0.020385533571243286,0.04096151515841484,0.024913277477025986,,0.022233175113797188,0.038455404341220856,,,0.02443394809961319,0.02481645718216896,0.024913277477025986,0.025398368015885353,0.022899648174643517,0.2959645092487335,0.01850317046046257,0.035745926201343536,0.01467455830425024,0.01747199147939682,0.018406350165605545,0.01864248886704445,0.016837580129504204,0.022058025002479553,0.013579227961599827,,0.01969633251428604,-0.02392452396452427,,0.022058025002479553,,0.0164793711155653,0.021504351869225502,0.02220960706472397,0.020630691200494766,0.02481645718216896,0.014683357439935207,0.001183461514301598,0.04656939208507538,0.021578695625066757,0.020630691200494766,0.0345914252102375,0.024965081363916397,0.020630691200494766,,0.01912018284201622,0.021049322560429573,0.024913277477025986,0.03182326257228851,0.02443394809961319,0.01747199147939682,0.017413729801774025,0.020613525062799454,0.06777822226285934,,0.019599512219429016,0.020630691200494766,0.02687038481235504,0.029799994081258774,0.016837580129504204,0.0226939357817173,0.024205205962061882,0.019599512219429016,0.02572375349700451,0.025398368015885353,,0.022306427359580994,0.025398368015885353,0.021049322560429573,0.020630691200494766,0.01969633251428604,,0.028732122853398323,,0.024965081363916397,0.01850317046046257,0.021578695625066757,,0.018568145111203194,,0.024149233475327492,0.021578695625066757,0.016837580129504204,0.03442135080695152,-0.014905325137078762,0.01983133889734745,0.024965081363916397,,,,,0.016808727756142616,0.02220960706472397,0.01590322144329548,0.020864862948656082,0.02443394809961319,0.051100265234708786,0.0244147852063179,0.01763378642499447,0.019217003136873245,0.01590322144329548,0.036601949483156204,,0.01590322144329548,0.04182782024145126,0.01671190746128559,0.022992383688688278,0.019576847553253174,0.024156665429472923,0.016837580129504204,0.02445080690085888,0.019376831129193306,0.022151345387101173,0.03153963387012482,0.024913277477025986,0.01693440042436123,0.020385533571243286,
2019-03-01,0.16238141059875488,0.025065673515200615,,0.02709326334297657,0.022036941722035408,0.018462620675563812,0.024559911340475082,0.028545988723635674,0.028545988723635674,0.046389151364564896,0.022804956883192062,,0.025065673515200615,0.0678192600607872,,,0.02709326334297657,0.029989641159772873,0.017271019518375397,0.029989641159772873,0.054095558822155,0.1702621877193451,0.023892350494861603,0.031511563807725906,0.02545323222875595,0.02962430939078331,0.0183036457747221,0.019635943695902824,0.023892350494861603,0.029989641159772873,0.08486388623714447,,0.02709326334297657,-0.0063860416412353516,,0.025065673515200615,,0.022804956883192062,0.026153067126870155,0.022804956883192062,0.023892350494861603,0.022804956883192062,0.01664664037525654,0.017357531934976578,0.020336860790848732,0.029989641159772873,0.02818065695464611,0.056649524718523026,0.03514476493000984,0.026153067126870155,,0.017271019518375397,0.027458595111966133,0.022804956883192062,0.030922429636120796,0.0537119098007679,0.027458595111966133,0.018462620675563812,0.027027880772948265,0.07107994705438614,,0.02709326334297657,0.0183036457747221,0.03389256075024605,0.03041619434952736,0.02802625112235546,0.02709326334297657,0.028545988723635674,0.007608715444803238,0.03899438679218292,0.029989641159772873,,0.054095558822155,0.029989641159772873,0.025065673515200615,0.026153067126870155,0.022804956883192062,,0.02314051426947117,,0.03330574929714203,0.026153067126870155,0.025065673515200615,,0.020723337307572365,,0.02336905710399151,0.052796944975852966,0.023892350494861603,0.04148048907518387,-0.006472554057836533,0.028614511713385582,0.041417285799980164,,,,,0.020584216341376305,0.022804956883192062,0.047754839062690735,0.028545988723635674,0.02962430939078331,0.030194846913218498,0.03309204801917076,0.022844932973384857,,0.022804956883192062,0.03216882795095444,,0.020584216341376305,0.040765080600976944,0.02962430939078331,0.025065673515200615,0.02019903063774109,0.03434402495622635,0.02025034837424755,0.03512084111571312,0.024257682263851166,0.028545988723635674,0.047078780829906464,0.027458595111966133,0.025959916412830353,0.028545988723635674,
2019-06-01,0.1632092148065567,-0.001743870205245912,,0.019103042781352997,0.02060147188603878,0.02528621070086956,0.023095283657312393,0.02528621070086956,0.021860113367438316,0.03200318664312363,0.02621636353433132,,0.023658374324440956,0.047937795519828796,,,0.022311704233288765,0.027259279042482376,0.026996443048119545,0.02453024685382843,0.024565525352954865,0.09954702854156494,0.02060147188603878,-0.2156573385000229,0.019198361784219742,0.019103042781352997,0.020899711176753044,0.0018570460379123688,0.020899711176753044,0.022744879126548767,0.09272725880146027,,0.019103042781352997,0.011085694655776024,,0.024290906265378,,0.023330504074692726,0.019430913031101227,0.019103042781352997,0.020899711176753044,0.019103042781352997,0.005828389432281256,0.019103042781352997,0.03173058107495308,0.019430913031101227,0.028037594631314278,0.05556662380695343,0.019544174894690514,0.021227581426501274,,0.019103042781352997,0.02006344497203827,0.026539165526628494,0.03515827655792236,0.022311704233288765,0.026539165526628494,0.0248043704777956,0.0184144526720047,0.034689243882894516,,0.023007702082395554,0.028037594631314278,0.022099636495113373,0.027904655784368515,0.020899711176753044,0.02621636353433132,0.021860113367438316,0.019430913031101227,0.02312656119465828,0.01982315629720688,,0.023845411837100983,0.015788806602358818,0.019430913031101227,0.021227581426501274,0.019103042781352997,,0.0470527708530426,,0.027321308851242065,0.021227581426501274,0.019430913031101227,,0.021227581426501274,,-0.01248349342495203,0.019430913031101227,0.018900122493505478,0.023607440292835236,-0.016397342085838318,0.030561883002519608,0.021290887147188187,,,,,-0.016268005594611168,0.022311704233288765,-0.009339027106761932,0.021860113367438316,0.022311704233288765,0.04633263871073723,0.021290887147188187,0.019430913031101227,,0.026539165526628494,0.018530629575252533,,0.023330504074692726,0.05146093666553497,0.022311704233288765,0.02006344497203827,0.020899711176753044,0.02095176838338375,0.025470620021224022,0.007855279371142387,0.020899711176753044,0.021860113367438316,0.04411632567644119,0.023007702082395554,0.019198361784219742,0.021227581426501274,
2019-09-01,0.06537473201751709,0.017243796959519386,,0.022281942889094353,0.016303647309541702,0.018007466569542885,0.026359757408499718,-0.023276595398783684,0.02180013805627823,0.0330573171377182,0.026056697592139244,,0.017151640728116035,0.046315401792526245,,,0.024428699165582657,0.026056697592139244,0.02617316134274006,0.021788420155644417,0.03647911548614502,0.3314598500728607,0.016303647309541702,,0.01522791851311922,0.024122608825564384,0.01873321831226349,-0.006433764938265085,0.01873321831226349,0.021809663623571396,0.04566257447004318,,0.02118670381605625,-0.06333835422992706,,0.026787780225276947,,0.022281942889094353,0.017776407301425934,0.016303647309541702,0.02350529097020626,0.020007796585559845,0.021599819883704185,0.018891451880335808,0.04140421375632286,0.017776407301425934,0.02350529097020626,0.04831049218773842,0.02564450539648533,0.02350529097020626,,0.022281942889094353,0.0217621847987175,0.0259418822824955,0.04436599463224411,0.02504894882440567,0.026934383437037468,0.01873321831226349,0.042521700263023376,0.024224840104579926,,0.0259418822824955,0.02350529097020626,0.029539816081523895,0.020785486325621605,0.01873321831226349,0.0259418822824955,0.02180013805627823,0.0254769716411829,0.04332605376839638,0.019862832501530647,,0.019862832501530647,0.0254769716411829,0.0217621847987175,0.027171116322278976,0.02068132348358631,,0.03383934497833252,,0.018760576844215393,0.015969589352607727,0.022126704454421997,,0.0033433635253459215,,0.0120212621986866,0.02415851689875126,0.012798351235687733,0.037409909069538116,0.01522791851311922,0.030885880813002586,0.02246106043457985,,,,,0.017460061237215996,0.026056697592139244,-0.018673650920391083,0.02020597830414772,0.024745889008045197,0.02903263457119465,0.03708713501691818,0.017776407301425934,,0.026934383437037468,0.021599819883704185,,0.019862832501530647,0.031205574050545692,0.016303647309541702,0.02020597830414772,0.02424696832895279,0.02557656727731228,0.01944640651345253,0.0060074180364608765,0.01522791851311922,0.019474895671010017,0.028751304373145103,0.0074008554220199585,0.01873321831226349,0.02020597830414772,
2019-12-01,0.04890080913901329,0.03470794856548309,,0.020215684548020363,0.01849924586713314,0.017928631976246834,0.0236086193472147,0.04015669971704483,0.0328078530728817,0.04749871790409088,0.028165094554424286,,0.026812726631760597,0.051922865211963654,,,0.02903141640126705,0.027618225663900375,0.016063200309872627,0.03432230278849602,0.10018362104892731,0.172425776720047,0.023942388594150543,,0.016557807102799416,0.0333266519010067,0.032942648977041245,0.0013206934090703726,0.025806816294789314,0.023020343855023384,-0.10028023272752762,,0.027095716446638107,-0.04213188216090202,,0.026735709980130196,,,0.021719761192798615,0.032853443175554276,0.02181272581219673,0.017428962513804436,0.01767381839454174,0.017428962513804436,0.032228853553533554,0.020221348851919174,0.02468300238251686,0.07521536201238632,0.027843397110700607,0.0301681961864233,,0.017428962513804436,0.020431803539395332,0.023931050673127174,0.05474556237459183,0.031706344336271286,0.024573342874646187,0.01765396259725094,0.04327792301774025,0.0647432804107666,,0.027618225663900375,0.0196225643157959,0.029170511290431023,0.03190649673342705,0.025806816294789314,0.027618225663900375,0.032750509679317474,0.016380727291107178,0.051005758345127106,0.03268244490027428,,0.03346150740981102,0.029025888070464134,0.020431803539395332,0.028058122843503952,0.017349444329738617,,0.040128737688064575,,0.02670333720743656,0.0214335098862648,0.02064947783946991,,0.021336572244763374,,0.024924980476498604,0.028340237215161324,0.01875164918601513,0.026383986696600914,0.017104675993323326,0.03168439865112305,0.026410898193717003,,,,,0.015069604851305485,0.02679678238928318,-0.00695776054635644,0.0214335098862648,0.027642585337162018,0.05457564815878868,0.030338581651449203,0.019689839333295822,,0.0179879330098629,0.01767381839454174,,0.032857634127140045,0.052231982350349426,0.020689407363533974,0.022296210750937462,0.01977832242846489,0.02164394222199917,0.03100840002298355,0.0209796279668808,0.0181160569190979,0.029041249305009842,0.035691458731889725,0.027095716446638107,0.018299566581845284,0.024545608088374138,
2020-03-01,0.03223693370819092,0.030312856659293175,,0.014554559253156185,0.02285117097198963,0.02566816657781601,0.02451029047369957,0.022204741835594177,0.029776908457279205,0.02821393683552742,0.02795024961233139,,0.023168694227933884,0.035734452307224274,,,0.0257461816072464,0.022793589159846306,0.027389632537961006,0.029121417552232742,0.0911247581243515,0.08751658350229263,0.022382725030183792,,0.01568470150232315,0.022556453943252563,0.02572813630104065,0.01727454736828804,0.024977920576930046,0.004299006424844265,0.05717131868004799,,0.006676137447357178,-0.010619503445923328,,0.011854312382638454,,,0.02386678196489811,0.02333940379321575,0.02566816657781601,0.01459972932934761,0.018482038751244545,0.009001215919852257,0.03150564804673195,0.015984531491994858,0.028387077152729034,0.04430635645985603,0.02689601667225361,0.018696241080760956,,0.011137965135276318,0.02343609556555748,0.019938061013817787,0.024864695966243744,0.019633229821920395,0.0011063707061111927,0.024662960320711136,0.023941785097122192,0.031382158398628235,,0.003694744547829032,0.02577943168580532,0.03211505711078644,0.006999440025538206,0.024977920576930046,0.013735225424170494,0.03093217872083187,0.011854312382638454,0.04538390785455704,0.022606810554862022,,0.02669655531644821,0.029121417552232742,0.01228278037160635,0.02781890146434307,0.013619259931147099,,0.024864695966243744,,0.026833483949303627,0.025446366518735886,0.011854312382638454,,0.014566019177436829,,0.007312105968594551,0.024125374853610992,0.015662837773561478,0.02431604266166687,0.02444116771221161,0.026833483949303627,0.024779321625828743,,,,,0.008662816137075424,0.017123354598879814,0.00801440142095089,0.02588040381669998,0.0007653787615709007,0.03303799778223038,0.03144162520766258,0.021777978166937828,,0.02546696923673153,0.013849674724042416,,0.022266210988163948,0.0371445007622242,0.024091431871056557,0.026426412165164948,0.025965271517634392,0.016509803012013435,0.04088209196925163,0.03630826249718666,0.013849674724042416,0.026461977511644363,0.009188841097056866,0.015286270529031754,0.024977920576930046,0.023811152204871178,
2020-06-01,0.05504339560866356,0.05175694823265076,,0.02787882834672928,0.030973292887210846,0.023387787863612175,0.006643805652856827,-0.036797862499952316,0.04161820933222771,0.04358569160103798,0.0311026182025671,,0.041818633675575256,0.04543575644493103,,,0.027523815631866455,0.033154502511024475,0.0311026182025671,0.04814985394477844,0.04450223222374916,0.29766955971717834,0.02909611538052559,,0.032421279698610306,0.025806168094277382,0.0227957833558321,0.026493461802601814,0.02687700279057026,0.033154502511024475,0.10041935741901398,,0.0311026182025671,0.0311026182025671,,0.02940593846142292,,0.02403183840215206,0.025806168094277382,0.027603592723608017,0.02657797746360302,0.015211568213999271,0.040926799178123474,0.021856006234884262,0.038394276052713394,0.017949223518371582,0.02910216711461544,0.09735288470983505,0.04032319784164429,0.028887588530778885,,0.025289436802268028,0.017949223518371582,0.028121929615736008,0.04814985394477844,0.04144677147269249,0.03259040787816048,0.03007996454834938,0.040592312812805176,0.023637358099222183,,,0.025655275210738182,0.036844778805971146,0.06399543583393097,0.027516862377524376,-0.14894670248031616,0.04450223222374916,0.020998358726501465,0.0967588722705841,0.05221359059214592,,0.04448935389518738,0.07334752380847931,0.019265523180365562,0.026797225698828697,0.03204343095421791,,0.033777669072151184,,0.031173141673207283,0.0312606580555439,0.019042957574129105,,0.02475552447140217,,0.045842718333005905,0.02480379492044449,0.01152524072676897,0.04150885343551636,0.019113199785351753,0.03345087543129921,0.04346345737576485,0.03016693703830242,0.031173141673207283,,,0.02572639100253582,0.0311026182025671,0.012064415961503983,0.021984586492180824,0.033154502511024475,0.03680865839123726,0.031173141673207283,0.023710060864686966,,0.033154502511024475,0.030121352523565292,,0.03466416895389557,0.04136943444609642,0.01581365242600441,0.031987231224775314,0.027152245864272118,0.040592312812805176,0.04150885343551636,0.017767230048775673,0.024406110867857933,0.030246714130043983,0.041904836893081665,0.03566337376832962,0.015211568213999271,0.010245880112051964,
2020-09-01,0.04611619561910629,0.0322587825357914,,0.014512976631522179,0.023954620584845543,0.02353636920452118,0.022300610318779945,0.006659249775111675,0.024551210924983025,0.029951632022857666,0.02925529144704342,,0.02513975091278553,0.03660248965024948,,,0.012052261270582676,0.023726705461740494,0.02925529144704342,0.038033775985240936,0.04611619561910629,0.06653762608766556,0.021992018446326256,,0.02925529144704342,0.02303597889840603,0.027498140931129456,0.015589787624776363,0.027498140931129456,0.029812457039952278,0.04205635190010071,,0.02925529144704342,0.02925529144704342,,0.013423321768641472,,0.03258585184812546,0.02388952672481537,0.02255338802933693,0.02608509548008442,0.020393040031194687,0.032835256308317184,0.025353340432047844,0.01832851581275463,0.023726705461740494,0.015458733774721622,0.019868450239300728,0.028913943096995354,0.02608509548008442,,0.020850110799074173,0.023726705461740494,0.03003017231822014,0.04173976182937622,0.02925529144704342,0.013423321768641472,0.026711558923125267,0.02617717534303665,-0.09495054185390472,,,0.02608509548008442,0.02936423011124134,0.019868450239300728,0.026953790336847305,-0.03664982318878174,0.0322587825357914,0.021177979186177254,0.041823744773864746,0.019868450239300728,,0.026000048965215683,0.0322587825357914,0.015589787624776363,0.028797078877687454,0.012635319493710995,,0.04859330877661705,,0.02803478017449379,0.026711558923125267,0.023726705461740494,,0.023434236645698547,,0.014647195115685463,0.023791799321770668,0.016322819516062737,0.03794979304075241,0.017156129702925682,0.029951632022857666,0.011467710137367249,0.026711558923125267,0.02936423011124134,,,0.020230218768119812,0.02925529144704342,-0.011548400856554508,0.027443109080195427,0.0274814460426569,0.016365541145205498,0.023952370509505272,0.02303597889840603,,0.029812457039952278,0.025009723380208015,,0.01931622624397278,0.04611619561910629,0.018453503027558327,0.024233965203166008,0.03003017231822014,0.02733919583261013,0.02334292232990265,0.04205635190010071,0.02353636920452118,0.02608509548008442,0.02925529144704342,0.015735352411866188,0.01998831331729889,0.026711558923125267,
2020-12-01,0.025870205834507942,0.02393341436982155,,-0.015577069483697414,0.0051886895671486855,0.021078530699014664,0.02166525088250637,0.015131434425711632,0.021078530699014664,0.022397248074412346,0.022817866876721382,,0.019012052565813065,0.025870205834507942,,,0.021982016041874886,0.022643063217401505,0.012331176549196243,0.025870205834507942,0.025870205834507942,0.019729487597942352,0.02052473835647106,0.021234968677163124,0.022817866876721382,0.01885080337524414,0.022001147270202637,0.020498111844062805,0.021078530699014664,0.022643063217401505,0.03453566133975983,,0.022817866876721382,0.022817866876721382,,0.019012052565813065,,0.022817866876721382,0.0206534992903471,0.02347070537507534,0.021047979593276978,0.021012481302022934,0.0222909078001976,0.018883291631937027,0.02561858296394348,0.019012052565813065,0.010890783742070198,0.016658291220664978,0.0231768861413002,0.022643063217401505,,0.019804855808615685,0.019012052565813065,0.022643063217401505,0.025870205834507942,0.022817866876721382,0.01905570551753044,0.021078530699014664,0.02247249335050583,-0.02975335903465748,,,0.021047979593276978,0.02112562581896782,0.02613249607384205,0.021078530699014664,0.009268608875572681,0.02393341436982155,0.022643063217401505,0.02393341436982155,0.02243005484342575,,0.021821893751621246,0.02393341436982155,0.020679309964179993,0.021047979593276978,0.01589934714138508,,0.024795886129140854,,0.022230317816138268,0.021078530699014664,0.019012052565813065,,0.02482488378882408,,0.0014459213707596064,0.02122030220925808,0.02052473835647106,0.022230317816138268,0.02393341436982155,0.02112562581896782,0.020152153447270393,0.021078530699014664,0.027112973853945732,,,0.018722042441368103,0.022817866876721382,0.015122462064027786,0.021078530699014664,0.022643063217401505,0.022817866876721382,0.025870205834507942,0.021059053018689156,,0.01885080337524414,0.021047979593276978,,0.018722042441368103,0.025870205834507942,0.016663258895277977,0.021078530699014664,0.021078530699014664,0.021837668493390083,0.016658291220664978,0.01589934714138508,0.021078530699014664,0.021013567224144936,0.022817866876721382,0.022643063217401505,0.021078530699014664,0.022001147270202637,
2021-03-01,0.02415221743285656,0.018998490646481514,,-0.05002732574939728,0.017095008864998817,0.022291170433163643,0.018998490646481514,0.007664501667022705,0.022291170433163643,0.024327389895915985,0.02026420459151268,,0.018628139048814774,0.007664501667022705,,,0.014450393617153168,0.023997826501727104,-0.007412044797092676,0.018998490646481514,0.03481400012969971,0.16504605114459991,0.018470032140612602,0.03481400012969971,0.02154739759862423,0.0165012888610363,0.022291170433163643,-0.009811367839574814,0.009664535522460938,0.01657724566757679,0.029489053413271904,,0.02154739759862423,0.013477450236678123,,-0.009702147915959358,,0.0165012888610363,0.018470032140612602,0.018998490646481514,0.022291170433163643,0.0165012888610363,0.010372977703809738,0.023997826501727104,0.018470032140612602,-0.21140055358409882,0.017787357792258263,-0.0006841561989858747,0.022291170433163643,-0.00761359091848135,,0.0165012888610363,0.018628139048814774,0.015983525663614273,0.014993323013186455,0.02154739759862423,0.017095008864998817,0.016413457691669464,0.022291170433163643,-0.005686433985829353,,,0.023997826501727104,0.022475963458418846,-0.001210985705256462,0.022291170433163643,-0.02365679293870926,0.018998490646481514,0.023997826501727104,0.03481400012969971,0.023997826501727104,,0.0165012888610363,0.018998490646481514,-0.05002732574939728,0.007664501667022705,0.015325252898037434,,0.023997826501727104,,0.023068340495228767,0.022291170433163643,0.017095008864998817,,-0.31463146209716797,,-0.03572351858019829,0.017095008864998817,0.023997826501727104,0.022475963458418846,0.0006684778491035104,0.022291170433163643,-0.011823044158518314,0.022291170433163643,0.03481400012969971,,,0.0165012888610363,0.02154739759862423,-0.016593148931860924,0.022291170433163643,0.023997826501727104,0.02154739759862423,-0.005686433985829353,0.017095008864998817,,0.023997826501727104,0.0519532635807991,,0.0165012888610363,0.03481400012969971,0.014450393617153168,0.018470032140612602,0.022291170433163643,0.022291170433163643,0.03219684585928917,0.03481400012969971,0.022291170433163643,0.018470032140612602,0.02026420459151268,0.023997826501727104,0.022291170433163643,0.022291170433163643,
2021-06-01,0.017203986644744873,-3.269092849222943e-05,,0.0064228312112390995,0.0064228312112390995,0.009654534980654716,0.010680820792913437,-0.005788000300526619,0.009654534980654716,0.009654534980654716,0.00822114385664463,,0.0064228312112390995,-0.005788000300526619,,,0.010680820792913437,0.010680820792913437,-0.00591210275888443,-3.269092849222943e-05,0.009654534980654716,0.0026164117734879255,0.0064228312112390995,0.00991346500813961,0.005743649788200855,0.0064228312112390995,0.009654534980654716,0.0064228312112390995,0.010680820792913437,0.010680820792913437,0.01391672994941473,,0.008367770351469517,-0.017462804913520813,,-0.00591210275888443,,0.0064228312112390995,0.0064228312112390995,0.0064228312112390995,0.009654534980654716,0.0064228312112390995,0.015694832429289818,0.010680820792913437,0.0064228312112390995,-0.16381976008415222,0.0015740803210064769,0.012170262634754181,0.009654534980654716,0.0064228312112390995,,0.0064228312112390995,0.0064228312112390995,0.010680820792913437,0.009654534980654716,0.008771881461143494,0.0064228312112390995,0.00822114385664463,0.009654534980654716,0.01619700714945793,,,0.009654534980654716,0.009654534980654716,0.0064228312112390995,0.009654534980654716,0.002715808805078268,0.009654534980654716,0.0064228312112390995,0.01391672994941473,0.0064228312112390995,,0.010680820792913437,0.003254564478993416,0.0064228312112390995,0.010680820792913437,0.008771881461143494,,0.010680820792913437,,0.009654534980654716,0.009654534980654716,0.0064228312112390995,,-0.13198253512382507,,-0.16381976008415222,-0.16381976008415222,0.0064228312112390995,0.009654534980654716,0.009654534980654716,0.009654534980654716,0.0064228312112390995,0.009654534980654716,0.009654534980654716,,,0.0064228312112390995,0.008771881461143494,0.0064228312112390995,0.009654534980654716,0.0064228312112390995,0.008367770351469517,0.009654534980654716,0.0064228312112390995,,0.0064228312112390995,-0.01893012598156929,,0.0064228312112390995,0.009654534980654716,0.0064228312112390995,0.0064228312112390995,0.009654534980654716,0.009654534980654716,0.010680820792913437,0.005407229065895081,0.009654534980654716,0.0064228312112390995,-0.03524620085954666,0.010680820792913437,0.009654534980654716,0.009654534980654716,
2021-09-01,0.01695687510073185,0.019727066159248352,,-0.0008111248025670648,0.012088744901120663,0.017440922558307648,0.019727066159248352,0.013897680677473545,0.02134230174124241,0.027112383395433426,0.010067852213978767,,0.01244327798485756,0.009446037001907825,,,0.019727066159248352,0.019727066159248352,-0.008584398776292801,0.016951875761151314,0.01695687510073185,-0.007624665275216103,0.012088744901120663,0.019208652898669243,0.012622179463505745,0.012088744901120663,0.01814369671046734,0.012088744901120663,0.010957833379507065,0.019727066159248352,0.027661655098199844,,0.012622179463505745,-0.013100308366119862,,-0.02201893925666809,,0.012088744901120663,0.012088744901120663,0.01244327798485756,0.017440922558307648,0.012088744901120663,,0.012088744901120663,0.012791518121957779,-0.39121630787849426,-0.017634354531764984,0.027112383395433426,0.0018594145076349378,-0.0008111248025670648,,0.01279869768768549,0.012088744901120663,-0.021518850699067116,0.02406049147248268,0.016795817762613297,0.012088744901120663,0.013917532749474049,0.01814369671046734,0.017717791721224785,,,0.00839674286544323,0.01695687510073185,0.011153362691402435,0.01814369671046734,0.007106669247150421,0.01814369671046734,0.012088744901120663,0.027661655098199844,0.012791518121957779,,0.019727066159248352,-0.03112179785966873,-0.0008111248025670648,0.020254988223314285,0.016795817762613297,,0.019727066159248352,,0.01695687510073185,0.017440922558307648,0.01279869768768549,,-0.318189412355423,,-0.39121630787849426,-0.39121630787849426,0.01244327798485756,0.01695687510073185,0.01779545284807682,0.018440084531903267,0.01321993488818407,0.01814369671046734,0.018788328394293785,,,0.01244327798485756,0.016357410699129105,0.01244327798485756,0.02134230174124241,-0.0008111248025670648,0.013060588389635086,0.018788328394293785,0.012088744901120663,,0.017312059178948402,0.025417963042855263,,0.012791518121957779,0.027112383395433426,0.007203100249171257,0.01279869768768549,0.018196910619735718,0.018788328394293785,0.018788328394293785,0.027112383395433426,0.017440922558307648,0.01944826915860176,0.03387652337551117,0.019727066159248352,0.017440922558307648,0.017440922558307648,
2021-12-01,0.017029352486133575,0.01888132281601429,,0.005606429185718298,0.012296865694224834,0.015306809917092323,0.01888132281601429,0.016092102974653244,0.019945994019508362,0.024784207344055176,0.012652643024921417,,0.012806021608412266,0.014846719801425934,,,0.01888132281601429,0.01780599169433117,-0.018960468471050262,0.025975022464990616,0.019979430362582207,0.011198407039046288,0.012296865694224834,0.017029352486133575,0.00845023151487112,0.012296865694224834,0.016075363382697105,0.006375433877110481,0.013965030200779438,0.01780599169433117,0.010892131365835667,,0.01537527609616518,-0.0028089708648622036,,0.017657050862908363,,0.012296865694224834,0.012296865694224834,0.014140752144157887,0.016382137313485146,0.013372188434004784,,0.012296865694224834,0.013065429404377937,0.013267378322780132,0.004531108308583498,0.011402115225791931,0.01887066289782524,0.01761452667415142,,0.013372188434004784,0.013372188434004784,-0.006094571202993393,0.024116791784763336,0.0142826521769166,0.012296865694224834,0.013179531320929527,0.016075363382697105,0.017029352486133575,,,0.004531108308583498,0.017029352486133575,0.01780599169433117,0.017150694504380226,-0.03544681891798973,0.019639715552330017,0.012296865694224834,0.020354492589831352,0.013065429404377937,,0.01780599169433117,0.013559645973145962,0.004531108308583498,0.019639715552330017,0.0142826521769166,,0.023802341893315315,,0.019953200593590736,0.015306809917092323,0.013372188434004784,,-0.31888267397880554,,0.07405661046504974,-0.39189523458480835,0.013065429404377937,0.015365229919552803,0.016075363382697105,0.019953200593590736,0.014140752144157887,0.016075363382697105,0.016075363382697105,,,0.013065429404377937,0.01537527609616518,0.010604675859212875,0.02242925576865673,-0.006094571202993393,0.01406288892030716,0.028589144349098206,0.012296865694224834,,0.013372188434004784,0.02527746371924877,,0.014140752144157887,0.020354492589831352,0.017308205366134644,0.016382137313485146,0.015306809917092323,0.021098723635077477,0.02276659943163395,0.02486066147685051,0.015306809917092323,-0.04252243787050247,0.013068050146102905,0.01780599169433117,0.016382137313485146,0.016382137313485146,0.021456079557538033
2022-03-01,0.01782475970685482,0.01002942118793726,,0.01128405425697565,0.015618794597685337,0.016708271577954292,0.018359871581196785,0.015859374776482582,0.017897676676511765,0.021526185795664787,0.016010832041502,,0.015618794597685337,0.009050768800079823,,,0.016808198764920235,0.015618794597685337,-0.12447948753833771,0.01782475970685482,0.017564527690410614,0.011779134161770344,0.015618794597685337,0.01749161072075367,0.016010832041502,0.015618794597685337,0.017897676676511765,0.014240778982639313,0.016010832041502,0.018359871581196785,0.01782475970685482,,0.016010832041502,0.011274400167167187,,0.011614876799285412,,0.015618794597685337,0.015618794597685337,0.016808198764920235,0.016708271577954292,0.015618794597685337,,0.015618794597685337,0.015618794597685337,-0.011716483160853386,0.018359871581196785,0.01749161072075367,0.016708271577954292,0.016808198764920235,,0.015618794597685337,0.015618794597685337,0.010526069439947605,0.018359871581196785,0.016010832041502,0.016808198764920235,-0.025874434038996696,0.016708271577954292,0.017564527690410614,,,0.010094652883708477,0.021193036809563637,0.01504608429968357,0.017897676676511765,-0.05656451731920242,0.020271558314561844,0.015618794597685337,0.01782475970685482,0.015618794597685337,,0.015618794597685337,0.0035991750191897154,0.010094652883708477,0.019549276679754257,0.016010832041502,,0.018359871581196785,,-0.024903833866119385,0.016708271577954292,0.015553570352494717,,-0.12447948753833771,,0.05532284826040268,0.015553570352494717,0.015618794597685337,0.020271558314561844,0.018359871581196785,0.017897676676511765,0.015553570352494717,0.01925155147910118,0.016708271577954292,,,0.015618794597685337,0.016010832041502,0.002409770619124174,0.018359871581196785,0.018359871581196785,0.016010832041502,0.022500164806842804,0.015618794597685337,,0.016808198764920235,0.028926467522978783,,0.016808198764920235,0.022500164806842804,0.015618794597685337,0.017897676676511765,0.016708271577954292,0.01664304919540882,0.016708271577954292,0.022500164806842804,0.016708271577954292,0.015618794597685337,0.016010832041502,0.018359871581196785,0.01664304919540882,0.017897676676511765,0.016031336039304733
2022-06-01,0.027108829468488693,0.027108829468488693,,0.017109675332903862,0.017109675332903862,0.01772192306816578,0.018334854394197464,0.017423536628484726,0.019663222134113312,0.019663222134113312,0.013730660080909729,,0.017109675332903862,0.01653374172747135,,,0.017109675332903862,0.017109675332903862,0.007333137560635805,0.005169928539544344,0.021999569609761238,0.020335696637630463,0.017109675332903862,0.020883334800601006,0.01632332243025303,0.017109675332903862,0.019663222134113312,0.024496953934431076,0.013730660080909729,0.017109675332903862,0.019663222134113312,,0.013730660080909729,0.01632332243025303,,0.0073661780916154385,,0.017109675332903862,0.017109675332903862,0.019663222134113312,0.017109675332903862,0.017109675332903862,,0.017109675332903862,0.017109675332903862,,0.0073661780916154385,0.026461316272616386,0.02013852261006832,0.018334854394197464,,0.017109675332903862,0.019663222134113312,0.0073661780916154385,0.020335696637630463,0.019993506371974945,0.019663222134113312,0.0004854472354054451,0.017109675332903862,0.015891429036855698,,,0.017109675332903862,0.019663222134113312,0.005955536384135485,0.019663222134113312,-0.004472106695175171,0.027108829468488693,0.017109675332903862,0.01956198737025261,0.017109675332903862,,0.020905235782265663,0.027108829468488693,0.01772192306816578,0.019663222134113312,0.019993506371974945,,0.018334854394197464,,0.024496953934431076,0.017109675332903862,0.019663222134113312,,0.007333137560635805,,0.03086942806839943,0.019663222134113312,0.017109675332903862,0.01956198737025261,0.020905235782265663,0.019663222134113312,0.019663222134113312,0.017109675332903862,0.020905235782265663,,,0.017109675332903862,0.013730660080909729,0.01542192604392767,0.018334854394197464,0.0073661780916154385,0.013730660080909729,0.019663222134113312,0.017109675332903862,,0.018334854394197464,0.03468041867017746,,0.019663222134113312,0.019663222134113312,0.017109675332903862,0.019663222134113312,0.017109675332903862,0.019663222134113312,0.017109675332903862,0.028200766071677208,0.017109675332903862,0.017109675332903862,0.01632332243025303,0.018334854394197464,0.019663222134113312,0.019663222134113312,0.028200766071677208
2022-09-01,0.02194308117032051,0.027804315090179443,,0.01795073412358761,0.01795073412358761,0.01931198500096798,0.019287612289190292,0.017938725650310516,0.020929565653204918,0.025914674624800682,0.016539670526981354,,0.01795073412358761,0.019287612289190292,,,0.021940376609563828,0.019287612289190292,0.016539670526981354,0.02194308117032051,0.025914674624800682,,0.019287612289190292,0.025914674624800682,0.02176823280751705,0.01795073412358761,0.01795073412358761,0.025743888691067696,0.020797163248062134,0.019287612289190292,0.02194308117032051,,0.016539670526981354,0.02176823280751705,,0.016420595347881317,,0.01795073412358761,0.019287612289190292,0.019287612289190292,0.01795073412358761,0.019287612289190292,,0.01795073412358761,0.01795073412358761,,-0.00621378468349576,0.02194308117032051,0.019287612289190292,0.01795073412358761,,0.01795073412358761,0.019287612289190292,0.012090371921658516,0.025914674624800682,0.02176823280751705,0.020951030775904655,-0.003414876526221633,0.019287612289190292,0.023035848513245583,,,0.01795073412358761,0.02021758444607258,0.019287612289190292,0.019287612289190292,-0.003131594741716981,0.025914674624800682,0.01795073412358761,0.023400576785206795,0.019287612289190292,,0.019287612289190292,0.02194308117032051,0.019287612289190292,0.020797163248062134,0.02176823280751705,,0.019052745774388313,,0.025743888691067696,0.01795073412358761,0.020929565653204918,,0.01921774446964264,,0.023400576785206795,0.020797163248062134,0.01795073412358761,0.02021758444607258,0.02094726450741291,0.02021758444607258,0.021100014448165894,0.01795073412358761,0.025914674624800682,,,0.01795073412358761,0.016539670526981354,0.017938725650310516,0.019287612289190292,0.019287612289190292,0.016539670526981354,0.02021758444607258,0.01795073412358761,,0.019287612289190292,0.028698083013296127,,0.020724259316921234,0.025914674624800682,0.01795073412358761,0.021940376609563828,0.019287612289190292,0.01806330680847168,0.01806330680847168,0.02176823280751705,0.01795073412358761,0.01795073412358761,0.02176823280751705,0.019287612289190292,0.020797163248062134,0.02179272659122944,0.02950817532837391
2022-12-01,0.03018956445157528,0.025605762377381325,,0.023575276136398315,0.02319987677037716,0.02319987677037716,0.025893855839967728,0.025893855839967728,0.029858000576496124,0.031211331486701965,0.022615790367126465,,0.02319987677037716,0.025893855839967728,,,0.015062791295349598,0.023575276136398315,0.021977180615067482,0.031102553009986877,0.031102553009986877,,0.025893855839967728,0.02833101712167263,0.027214379981160164,0.02319987677037716,0.016806451603770256,0.02319987677037716,0.029858000576496124,0.025893855839967728,0.029492845758795738,,0.021977180615067482,0.02182037942111492,,0.025893855839967728,,0.016822895035147667,0.025893855839967728,0.025893855839967728,0.02319987677037716,0.025893855839967728,,0.025893855839967728,0.025893855839967728,,0.025893855839967728,0.029492845758795738,0.035189151763916016,0.025893855839967728,,0.02319987677037716,0.025893855839967728,0.02319987677037716,0.031102553009986877,0.027226855978369713,0.02319987677037716,0.030146462842822075,0.02792038396000862,0.03241635486483574,,,0.023575276136398315,0.025605762377381325,0.025893855839967728,0.023575276136398315,0.002061033621430397,0.033569253981113434,0.02319987677037716,0.031102553009986877,0.025893855839967728,,0.025893855839967728,0.030712585896253586,0.025893855839967728,0.025893855839967728,0.027214379981160164,,0.025893855839967728,,0.025605762377381325,0.02319987677037716,0.027480976656079292,,0.02319987677037716,,0.01603136770427227,0.023575276136398315,0.02319987677037716,0.025605762377381325,0.028231605887413025,0.025605762377381325,0.02754400484263897,0.02319987677037716,0.031102553009986877,,,0.02319987677037716,0.022603314369916916,0.024242324754595757,0.025893855839967728,0.025893855839967728,0.022603314369916916,0.025605762377381325,0.02319987677037716,,0.02319987677037716,0.026749493554234505,,0.023575276136398315,0.03364156559109688,0.023575276136398315,0.028488242998719215,0.02319987677037716,0.02389407716691494,0.025605762377381325,0.027592595666646957,0.02319987677037716,0.02319987677037716,0.024825463071465492,0.025893855839967728,0.02319987677037716,0.023575276136398315,0.034572500735521317
2023-03-01,0.038336046040058136,0.02260536141693592,,0.01642828807234764,0.021531574428081512,0.023940270766615868,0.021531574428081512,0.02237776294350624,0.025726810097694397,0.026028139516711235,0.018940070644021034,,0.021531574428081512,0.022613046690821648,,,0.026358749717473984,0.021531574428081512,0.018940070644021034,0.022755488753318787,0.024811113253235817,,0.021531574428081512,0.024811113253235817,0.02498079277575016,0.021531574428081512,0.022613046690821648,0.021531574428081512,0.025258781388401985,0.021531574428081512,0.026028139516711235,,0.018940070644021034,0.013967404142022133,,0.021531574428081512,,0.02498079277575016,0.021531574428081512,0.021531574428081512,0.022613046690821648,0.021531574428081512,,0.021531574428081512,0.021531574428081512,,0.02285880036652088,0.024811113253235817,0.015994738787412643,0.021531574428081512,,0.021531574428081512,0.021531574428081512,0.021531574428081512,0.023167645558714867,0.02498079277575016,0.021531574428081512,-0.0011115418747067451,0.022613046690821648,0.018940070644021034,,,0.021531574428081512,0.026578232645988464,0.021531574428081512,0.019910719245672226,0.01739673875272274,0.030742786824703217,0.02237776294350624,0.026028139516711235,0.021531574428081512,,0.021531574428081512,0.030742786824703217,0.02285880036652088,0.021531574428081512,0.02498079277575016,,0.021531574428081512,,0.024811113253235817,0.022613046690821648,0.024183135479688644,,0.021531574428081512,,0.01994854025542736,0.026358749717473984,0.021531574428081512,0.02404608204960823,0.02423611283302307,0.025142129510641098,0.0250812079757452,0.022613046690821648,0.02404608204960823,,,0.021531574428081512,0.018940070644021034,0.021531574428081512,0.022613046690821648,0.021531574428081512,0.018940070644021034,,0.021531574428081512,,0.023154640570282936,0.024183135479688644,,0.021531574428081512,0.03291717916727066,0.021531574428081512,0.025726810097694397,0.022613046690821648,0.02392634004354477,0.02498079277575016,0.03129255026578903,0.022613046690821648,0.021531574428081512,0.01994854025542736,0.021531574428081512,0.02316046692430973,0.022613046690821648,0.03238850086927414
2023-06-01,0.0045030927285552025,0.007333581801503897,,0.01807946152985096,0.01807946152985096,0.01807946152985096,0.02055724896490574,0.01697918027639389,0.020594263449311256,0.02412453293800354,0.016741834580898285,,0.017068948596715927,0.030953681096434593,,,0.013633235357701778,0.02055724896490574,0.016741834580898285,0.017590200528502464,0.01854916475713253,,0.01807946152985096,0.014680703170597553,0.019517455250024796,0.01807946152985096,0.01807946152985096,0.017068948596715927,0.020594263449311256,0.0021933855023235083,0.02412453293800354,,0.016741834580898285,0.0002158462884835899,,0.01807946152985096,,0.021024931222200394,0.01807946152985096,0.01807946152985096,0.01807946152985096,0.017068948596715927,,0.01807946152985096,0.017068948596715927,,0.01807946152985096,0.020823009312152863,0.0031899826135486364,0.01807946152985096,,0.01807946152985096,0.01807946152985096,0.01807946152985096,0.02055724896490574,0.021024931222200394,0.01807946152985096,0.015101414173841476,0.01807946152985096,0.028762249276041985,,,0.01807946152985096,0.019365303218364716,0.02055724896490574,0.019455572590231895,0.012110907584428787,0.0286078080534935,0.01697918027639389,0.020823009312152863,0.01807946152985096,,0.02055724896490574,0.01755177043378353,0.01807946152985096,0.019305091351270676,0.021024931222200394,,0.021024931222200394,,0.01854916475713253,0.01807946152985096,0.019180722534656525,,0.02197437360882759,,-0.008027445524930954,0.017068948596715927,0.017068948596715927,0.01854916475713253,0.018294578418135643,0.019774794578552246,0.018294578418135643,0.01807946152985096,0.019305091351270676,,,0.01807946152985096,0.016741834580898285,0.017068948596715927,0.01807946152985096,0.02055724896490574,0.016741834580898285,,0.01807946152985096,,0.020070558413863182,0.021800091490149498,,0.02055724896490574,0.025698311626911163,0.01807946152985096,0.020594263449311256,0.01807946152985096,0.02365482971072197,0.021024931222200394,0.016367007046937943,0.017068948596715927,0.017068948596715927,0.021809473633766174,0.02055724896490574,0.018294578418135643,0.01807946152985096,0.027973446995019913
2023-09-01,0.02764749526977539,0.004531349521130323,,0.01507274154573679,0.01507274154573679,0.016124216839671135,0.01634107157588005,-0.0028402351308614016,0.01726837083697319,0.01971852034330368,0.011211530305445194,,0.011805892921984196,0.01739254593849182,,,0.01507274154573679,0.01634107157588005,0.015108411200344563,0.015429303050041199,0.015147276222705841,,0.01507274154573679,0.01492392923682928,0.016949458047747612,0.01507274154573679,0.01726837083697319,0.011805892921984196,0.01726837083697319,0.01634107157588005,0.01971852034330368,,0.015108411200344563,0.005680115427821875,,0.01507274154573679,,0.016949458047747612,0.01507274154573679,0.01507274154573679,0.01565113291144371,0.01507274154573679,,0.01507274154573679,0.01634107157588005,,0.016481449827551842,0.015147276222705841,0.01739254593849182,0.01739254593849182,,0.01507274154573679,0.012032832019031048,0.01507274154573679,0.01634107157588005,0.016949458047747612,0.01507274154573679,0.016002284362912178,0.015429976396262646,-0.000259977561654523,,,-0.05340888723731041,0.015147276222705841,0.0208327304571867,0.015429976396262646,-0.0076112160459160805,0.02764749526977539,0.01507274154573679,0.01634107157588005,0.01634107157588005,,0.01634107157588005,0.012077775783836842,0.01565113291144371,0.01507274154573679,0.016949458047747612,,0.010979614220559597,,0.015147276222705841,0.01507274154573679,0.01726837083697319,,0.027955368161201477,,0.01492392923682928,0.012032832019031048,0.011805892921984196,0.01507274154573679,0.016124216839671135,0.01726837083697319,0.011805892921984196,0.012623516842722893,0.011805892921984196,,,0.01507274154573679,0.015108411200344563,0.009102306328713894,0.01507274154573679,0.01634107157588005,0.015108411200344563,,0.01507274154573679,,0.01634107157588005,0.011805892921984196,,0.015429976396262646,0.020187173038721085,0.01634107157588005,0.014041018672287464,0.01634107157588005,0.01971852034330368,0.01507274154573679,0.0023835119791328907,0.011805892921984196,0.011805892921984196,0.016949458047747612,0.015429976396262646,0.010979614220559597,0.01507274154573679,0.024059513583779335
2023-12-01,0.02253652550280094,0.02253652550280094,,0.01188675221055746,0.01188675221055746,0.015241917222738266,0.01678280159831047,-0.005333364009857178,0.016336802393198013,0.018807103857398033,0.012870406731963158,,0.00924735888838768,0.012882320210337639,,,0.012156851589679718,0.01249267440289259,0.012870406731963158,0.02253652550280094,0.012601065449416637,,0.01188675221055746,0.013067878782749176,0.009210099466145039,0.01188675221055746,0.01678280159831047,0.00924735888838768,0.015691934153437614,0.01249267440289259,0.018807103857398033,,0.012870406731963158,0.00046191326691769063,,0.01249267440289259,,0.009210099466145039,0.01188675221055746,0.01249267440289259,0.01188675221055746,0.01249267440289259,,0.01188675221055746,0.01249267440289259,,0.015847833827137947,0.013067878782749176,0.015847833827137947,0.015847833827137947,,0.01188675221055746,0.01188675221055746,0.01249267440289259,0.01249267440289259,0.013948761858046055,0.01188675221055746,0.013826867565512657,0.012531615793704987,0.013948761858046055,,,0.01188675221055746,0.013067878782749176,0.011598372831940651,0.01249267440289259,0.01045369915664196,0.02253652550280094,0.009892222471535206,0.018807103857398033,0.011598372831940651,,0.01249267440289259,0.02253652550280094,0.01188675221055746,0.01188675221055746,0.002755595836788416,,-0.018676038831472397,,0.013067878782749176,0.01188675221055746,0.01672883704304695,,0.02566104382276535,,0.012601065449416637,0.00924735888838768,0.012156851589679718,0.012531615793704987,0.015512016601860523,0.01612902246415615,0.012156851589679718,0.012156851589679718,0.009517458267509937,,,0.01188675221055746,0.012870406731963158,0.009517458267509937,0.012531615793704987,0.011598372831940651,0.012870406731963158,,0.01188675221055746,,0.01678280159831047,0.016243889927864075,,0.01249267440289259,0.018807103857398033,0.01249267440289259,0.00957883708178997,0.00924735888838768,0.018807103857398033,0.013067878782749176,-0.024361100047826767,0.00924735888838768,0.012438707053661346,0.013948761858046055,0.01249267440289259,-0.024361100047826767,0.01249267440289259,-0.006474432069808245
2024-03-01,0.02199660800397396,0.02024068683385849,,0.013127340003848076,0.013127340003848076,0.013127340003848076,0.017159590497612953,-0.08384110033512115,0.0168785210698843,0.01417024340480566,0.011905095539987087,,0.00983680970966816,0.013324557803571224,,,0.00983680970966816,0.013324557803571224,0.011905095539987087,0.021202940493822098,0.01417024340480566,,0.013127340003848076,0.01417024340480566,0.011145022697746754,0.013127340003848076,0.00983680970966816,0.00983680970966816,0.0168785210698843,0.013324557803571224,0.022229451686143875,,0.011145022697746754,-0.001419483101926744,,0.013127340003848076,,0.00983680970966816,0.00983680970966816,0.013127340003848076,0.013127340003848076,0.013127340003848076,,0.00983680970966816,0.013127340003848076,,0.013324557803571224,0.007791546639055014,0.013127340003848076,0.013127340003848076,,0.00983680970966816,0.013127340003848076,0.007294523995369673,0.013324557803571224,0.016498755663633347,0.013127340003848076,0.015927845612168312,0.013324557803571224,-0.017789633944630623,,,0.00983680970966816,0.019666878506541252,0.013324557803571224,0.013127340003848076,0.00816356111317873,0.02199660800397396,0.02072816714644432,0.0168785210698843,0.013127340003848076,,0.013127340003848076,0.021202940493822098,0.013127340003848076,0.013127340003848076,0.011905095539987087,,0.01016517449170351,,0.01417024340480566,0.00983680970966816,0.01016517449170351,,0.00983680970966816,,0.02199660800397396,0.009079995565116405,0.017159590497612953,0.013127340003848076,0.008224375545978546,0.009079995565116405,0.01016517449170351,0.013127340003848076,0.0168785210698843,,,0.013127340003848076,-0.008579786866903305,0.00983680970966816,0.00983680970966816,0.013324557803571224,0.011905095539987087,,0.013127340003848076,,0.017159590497612953,0.010145517066121101,,0.013324557803571224,0.022329416126012802,0.013324557803571224,0.009500466287136078,0.00983680970966816,0.015738682821393013,0.00983680970966816,0.02120278961956501,0.00983680970966816,0.013127340003848076,0.016498755663633347,0.013324557803571224,0.013127340003848076,0.013127340003848076,0.006062924861907959
2024-06-01,0.006850144825875759,0.01680031232535839,,0.010265829972922802,0.006632205098867416,0.010265829972922802,0.015482582151889801,-0.09279041737318039,0.009737234562635422,0.0124364597722888,0.007502828724682331,,0.006632205098867416,0.01028998102992773,,,0.00869340542703867,0.01028998102992773,0.013978758826851845,0.006632205098867416,0.011020821519196033,,0.01028998102992773,0.006850144825875759,0.008848816156387329,0.006632205098867416,0.010265829972922802,0.006632205098867416,0.010265829972922802,0.01028998102992773,0.0124364597722888,,0.008848816156387329,-0.008282987400889397,,0.010265829972922802,,0.006632205098867416,0.006632205098867416,0.010265829972922802,0.010265829972922802,0.006632205098867416,,0.006632205098867416,0.003930157516151667,,0.01028998102992773,0.011020821519196033,0.010265829972922802,0.013108067214488983,,0.009156739339232445,0.006632205098867416,0.010265829972922802,0.01028998102992773,0.008848816156387329,0.010265829972922802,0.022309426218271255,0.010265829972922802,0.013978758826851845,,,0.00869340542703867,0.006632205098867416,0.01028998102992773,0.010265829972922802,0.011599015444517136,0.01680031232535839,0.006632205098867416,0.010265829972922802,0.010265829972922802,,0.01028998102992773,-0.01121307909488678,0.010265829972922802,0.010265829972922802,0.008848816156387329,,0.004865813534706831,,0.011020821519196033,0.010265829972922802,0.006632205098867416,,0.009335563518106937,,0.02385282702744007,0.006632205098867416,0.006632205098867416,0.010265829972922802,0.010265829972922802,0.006632205098867416,0.006632205098867416,0.010265829972922802,0.006632205098867416,0.003930157516151667,,0.010265829972922802,-0.008867496624588966,0.006632205098867416,0.010265829972922802,0.010265829972922802,0.006632205098867416,,0.00869340542703867,,0.015482582151889801,0.006632205098867416,,0.01028998102992773,0.016282567754387856,0.01028998102992773,0.010927493683993816,0.010265829972922802,0.008848816156387329,0.006632205098867416,0.013978758826851845,0.006632205098867416,0.006632205098867416,0.008848816156387329,0.010265829972922802,0.006632205098867416,0.010265829972922802,0.0038092758040875196
2024-09-01,0.020264362916350365,0.020264362916350365,,0.011775168590247631,0.011775168590247631,0.011775168590247631,0.015774240717291832,-0.08480077981948853,0.015389555133879185,0.012596948072314262,0.01049752812832594,,0.008885976858437061,-0.05062239617109299,,,0.008885976858437061,0.012159854173660278,0.01049752812832594,0.012447099201381207,0.012596948072314262,,0.011775168590247631,0.0108959274366498,0.01049752812832594,0.008885976858437061,0.008885976858437061,0.008885976858437061,0.011775168590247631,0.011775168590247631,0.015753472223877907,,0.01049752812832594,0.009071196429431438,,0.011775168590247631,,0.011775168590247631,0.011775168590247631,0.011775168590247631,0.011775168590247631,0.011775168590247631,,0.01049752812832594,0.01049752812832594,,0.012159854173660278,0.012596948072314262,0.012159854173660278,0.012159854173660278,,0.011352598667144775,0.011128293350338936,0.012159854173660278,0.012159854173660278,0.015532934106886387,0.011775168590247631,0.01138902734965086,0.012159854173660278,0.011701754294335842,,,0.008885976858437061,0.008885976858437061,0.011128293350338936,0.011775168590247631,0.010260199196636677,0.020264362916350365,0.015763957053422928,0.011775168590247631,0.011128293350338936,,0.012159854173660278,0.012447099201381207,0.011775168590247631,0.011775168590247631,0.01049752812832594,,0.015389555133879185,,0.012596948072314262,0.008885976858437061,0.015389555133879185,,0.013578562065958977,,0.03386387974023819,0.011775168590247631,0.008885976858437061,0.011775168590247631,0.011775168590247631,0.008885976858437061,0.008885976858437061,0.010260199196636677,0.008885976858437061,0.015532934106886387,,0.011775168590247631,-0.005855534225702286,0.008885976858437061,0.011775168590247631,0.011128293350338936,0.01049752812832594,,0.011775168590247631,,0.015774240717291832,0.008885976858437061,,0.012159854173660278,0.024053802713751793,0.012159854173660278,0.0075737545266747475,0.012159854173660278,0.015532934106886387,0.01106907520443201,0.015532934106886387,0.011352598667144775,0.008885976858437061,0.01049752812832594,0.011128293350338936,0.008885976858437061,0.012159854173660278,0.0005380691727623343
2024-12-01,0.01553445216268301,0.0036235060542821884,,0.007821213454008102,0.007821213454008102,0.007821213454008102,0.009890640154480934,0.0100174555554986,0.009890640154480934,0.010162695311009884,0.005230058450251818,,0.005686165764927864,0.008677968755364418,,,0.004456672817468643,0.008677968755364418,0.007737412117421627,0.0036235060542821884,0.00900068785995245,,0.007821213454008102,0.00900068785995245,0.004853830207139254,0.004456672817468643,0.007821213454008102,0.004392890725284815,0.007737412117421627,0.007821213454008102,0.005686165764927864,,0.004853830207139254,-0.010679264552891254,,0.007821213454008102,,0.007821213454008102,0.007821213454008102,0.007821213454008102,0.008677968755364418,0.007821213454008102,,0.008677968755364418,0.004853830207139254,,0.007821213454008102,0.006874021142721176,0.007821213454008102,0.008677968755364418,,0.007821213454008102,0.008677968755364418,0.007821213454008102,0.008677968755364418,0.007737412117421627,0.007821213454008102,0.0018399074906483293,0.007821213454008102,0.006970460992306471,,,0.004456672817468643,0.005686165764927864,0.008677968755364418,0.007821213454008102,0.006595593877136707,0.01553445216268301,0.004392890725284815,0.007821213454008102,0.007821213454008102,,0.008677968755364418,0.0036235060542821884,0.007821213454008102,0.007821213454008102,0.007737412117421627,,0.010162695311009884,,0.00900068785995245,0.007821213454008102,0.004392890725284815,,0.004343609791249037,,0.03198588266968727,0.005686165764927864,0.004392890725284815,0.005749947857111692,0.005686165764927864,0.005686165764927864,0.004392890725284815,0.007821213454008102,0.005749947857111692,0.00943392887711525,,0.007821213454008102,0.001913251238875091,0.003004032652825117,0.005686165764927864,0.007821213454008102,0.007737412117421627,,0.007821213454008102,,0.009890640154480934,0.005686165764927864,,0.008677968755364418,0.011406084522604942,0.008677968755364418,0.00478524062782526,0.005686165764927864,0.004853830207139254,0.00900068785995245,0.001146300113759935,0.005686165764927864,0.007821213454008102,0.007737412117421627,0.007821213454008102,0.004392890725284815,0.010747392661869526,-0.03195933997631073
2025-03-01,0.010791572742164135,0.005342619959264994,,0.005710267461836338,0.006037136539816856,0.004351326264441013,0.005710267461836338,0.003180766012519598,0.005342619959264994,0.0052523077465593815,0.005710267461836338,,-0.0012352615594863892,0.003180766012519598,,,0.006037136539816856,0.005710267461836338,-0.03514445945620537,0.005342619959264994,0.0052523077465593815,,0.005342619959264994,0.0052523077465593815,0.003170010633766651,0.004351326264441013,0.0057311514392495155,-0.0012352615594863892,0.0062425266951322556,0.005710267461836338,0.00453556003049016,,0.005710267461836338,-0.006715166382491589,,0.005710267461836338,,0.005710267461836338,0.005342619959264994,0.005342619959264994,0.005710267461836338,0.004351326264441013,,-0.00017320140614174306,0.005036634858697653,,-0.0012352615594863892,0.0052523077465593815,0.005342619959264994,0.005342619959264994,,0.004351326264441013,0.005710267461836338,0.005710267461836338,0.0011815925827249885,0.008215690031647682,0.005710267461836338,0.006937043275684118,0.006037136539816856,0.004220090806484222,,,-0.0012352615594863892,0.006037136539816856,0.010505471378564835,0.005342619959264994,0.005710267461836338,0.014781756326556206,0.010505471378564835,0.005342619959264994,0.005342619959264994,,0.005342619959264994,0.00453556003049016,0.005710267461836338,0.006850721314549446,0.003170010633766651,,0.0092879394069314,,0.0052523077465593815,0.007243028376251459,0.004351326264441013,,0.005710267461836338,,0.0052523077465593815,0.006037136539816856,0.0057311514392495155,0.006037136539816856,0.005342619959264994,0.007877526804804802,0.0057311514392495155,0.003170010633766651,0.0011815925827249885,0.017548395320773125,,0.005342619959264994,0.0009373459033668041,,0.005342619959264994,0.005710267461836338,-0.0012352615594863892,,0.006037136539816856,,0.005710267461836338,-0.0012352615594863892,,0.00453556003049016,,0.005342619959264994,0.007243028376251459,-0.0012352615594863892,0.0092879394069314,0.0052523077465593815,0.010791572742164135,-0.0012352615594863892,0.005342619959264994,0.008215690031647682,0.010505471378564835,0.005342619959264994,0.005342619959264994,0.016607115045189857
2025-06-01,0.001270949374884367,-0.0011615029070526361,,0.006336393766105175,0.006682022474706173,0.006849931087344885,0.007389907259494066,0.006303335539996624,0.004966810345649719,0.008387683890759945,0.003432683413848281,,0.00522627541795373,0.009396480396389961,,,0.006234049331396818,0.006457347888499498,0.00829959288239479,0.011895179748535156,0.0064961849711835384,,0.006959609687328339,0.0019525871612131596,0.0033303385134786367,0.006336393766105175,0.006660391576588154,0.00522627541795373,0.006959609687328339,0.006849931087344885,0.01908581517636776,,0.006336393766105175,0.0037566814571619034,,0.007389907259494066,,0.006336393766105175,0.006682022474706173,0.006660391576588154,0.006336393766105175,0.006336393766105175,,0.00519383093342185,0.006660391576588154,,0.006457347888499498,0.011549712158739567,0.00834563747048378,0.006959609687328339,,0.006234049331396818,0.006336393766105175,0.00522627541795373,0.0064961849711835384,0.008439694531261921,0.006849931087344885,0.0038176276721060276,0.006660391576588154,0.0041623045690357685,,,0.006336393766105175,0.0046892231330275536,0.006682022474706173,0.006682022474706173,0.0039726607501506805,0.014836050570011139,0.006682022474706173,0.006234049331396818,0.006682022474706173,,0.0067740255035459995,0.0064273434691131115,0.006336393766105175,0.006682022474706173,0.0037566814571619034,,0.005663907155394554,,0.0064961849711835384,0.00522627541795373,0.006389467511326075,,0.005804127547889948,,0.00292493705637753,0.008534914813935757,0.0046675922349095345,0.0055719041265547276,0.006959609687328339,0.031809497624635696,0.004966810345649719,0.0055502732284367085,0.005799341481178999,0.01901944726705551,,0.006682022474706173,0.0033303385134786367,,0.006682022474706173,0.006849931087344885,0.003493629163131118,,0.00522627541795373,,0.006849931087344885,0.006279788911342621,,0.007221998646855354,,0.006682022474706173,0.006959609687328339,0.006336393766105175,0.006234049331396818,0.004078663885593414,0.008439694531261921,0.00522627541795373,0.0055719041265547276,0.008439694531261921,0.006336393766105175,0.0055502732284367085,0.006959609687328339,0.014971808530390263
2025-09-01,0.007897659204900265,0.005415895488113165,,0.004651359748095274,0.004651359748095274,0.002638105768710375,0.004651359748095274,0.007337430492043495,0.004651359748095274,0.006495119538158178,0.00032698168070055544,,0.002638105768710375,0.002638105768710375,,,0.002638105768710375,0.005415895488113165,-0.0861714631319046,0.003995019942522049,0.007897659204900265,,0.004651359748095274,4.851270205108449e-05,0.00032698168070055544,0.002638105768710375,0.002638105768710375,0.002638105768710375,0.004651359748095274,0.005415895488113165,0.005415895488113165,,0.004651359748095274,0.00032698168070055544,,0.004651359748095274,,0.004651359748095274,0.004651359748095274,0.004651359748095274,0.004651359748095274,0.004651359748095274,,0.00032698168070055544,0.00032698168070055544,,0.002638105768710375,0.011549761518836021,0.005415895488113165,0.004651359748095274,,0.004651359748095274,0.004651359748095274,0.005415895488113165,0.005415895488113165,0.007573641370981932,0.004651359748095274,0.00032698168070055544,0.004651359748095274,0.007897659204900265,,,0.002638105768710375,0.002638105768710375,0.005415895488113165,0.005415895488113165,-0.016673455014824867,0.005730584263801575,0.004651359748095274,0.004651359748095274,0.003995019942522049,,0.005415895488113165,0.003404909046366811,0.005415895488113165,0.005415895488113165,0.00032698168070055544,,0.004651359748095274,,-0.02027059718966484,0.004651359748095274,0.004651359748095274,,0.002638105768710375,,0.01371682994067669,0.0014449793379753828,0.00032698168070055544,0.002638105768710375,0.004651359748095274,0.01354051474481821,0.0005677602021023631,0.00032698168070055544,0.004651359748095274,-0.0750662088394165,-0.00130200304556638,0.004651359748095274,0.00032698168070055544,,0.004651359748095274,0.004651359748095274,0.00032698168070055544,,0.002638105768710375,,0.004651359748095274,0.002638105768710375,,0.005415895488113165,,0.005415895488113165,0.004651359748095274,0.004651359748095274,0.0032622353173792362,0.005531013011932373,0.007573641370981932,0.002638105768710375,0.004651359748095274,0.007573641370981932,0.005415895488113165,0.002638105768710375,0.004651359748095274,0.008004780858755112
2025-12-01,0.0028501080814749002,0.006714316550642252,,0.008853412233293056,0.006714316550642252,0.006714316550642252,0.006714316550642252,0.055503226816654205,0.006714316550642252,0.006714316550642252,0.0011435792548581958,,,0.004415314644575119,,,0.008171545341610909,0.006714316550642252,0.010191189125180244,0.004415314644575119,0.008853412233293056,,0.006714316550642252,,0.008853412233293056,0.006714316550642252,0.006714316550642252,0.006714316550642252,0.006714316550642252,,0.008853412233293056,,0.006714316550642252,0.0011435792548581958,,0.006714316550642252,,0.0011435792548581958,0.006714316550642252,0.006714316550642252,0.006714316550642252,0.006714316550642252,,0.006714316550642252,0.0011435792548581958,,0.008853412233293056,0.01657467894256115,0.006714316550642252,0.006714316550642252,,,0.006714316550642252,0.006714316550642252,0.008853412233293056,-0.0019493461586534977,0.006714316550642252,,0.006714316550642252,0.01657467894256115,,,0.006714316550642252,0.006714316550642252,0.008853412233293056,0.006714316550642252,0.008853412233293056,0.006714316550642252,0.006714316550642252,0.006714316550642252,0.004415314644575119,,0.006714316550642252,0.008853412233293056,0.006714316550642252,0.008853412233293056,0.0011435792548581958,,,,-0.017822053283452988,0.006714316550642252,0.006714316550642252,,0.006714316550642252,,0.030628275126218796,0.008171545341610909,0.006714316550642252,0.006714316550642252,0.006714316550642252,0.008171545341610909,0.006714316550642252,0.0011435792548581958,0.006714316550642252,-0.0028750081546604633,,0.006714316550642252,0.008853412233293056,,0.006714316550642252,0.006714316550642252,0.0011435792548581958,,0.006714316550642252,,,0.006714316550642252,,0.008853412233293056,,0.008853412233293056,0.006714316550642252,0.006714316550642252,0.008853412233293056,0.008853412233293056,0.03374120965600014,0.006714316550642252,0.006714316550642252,0.010191189125180244,0.006714316550642252,0.006714316550642252,0.006714316550642252,0.010191189125180244
