,1045,1230,1246,1300,1598,1891,2101,2285,2312,2574,2817,3041,3062,3278,3416,3497,3580,3650,3835,3851,3863,4040,4058,4094,4108,4199,4321,4423,4494,4598,4818,4864,5046,5047,5229,5256,5476,5492,5783,5860,5878,5959,6081,6216,6268,6335,6774,6994,7085,7435,7554,7921,7923,7985,7991,8253,8358,8402,8463,8606,8717,8972,9203,9225,9299,9771,9778,9882,10016,10405,10519,10540,10581,10795,10867,10920,10983,11306,11600,13003,14225,14477,15267,16475,20116,22140,22703,24617,26590,28192,28590,29901,30098,36190,36191,40279,51654,60979,62823,63527,65609,66065,66446,100873,112168,144066,146017,148349,160474,160893,162076,165123,166385,176928,177983,179657,180112,180652,183736,186278,186310,189491,316056,343180
2001-03-01,0.0009490610888566073,0.041282987785334214,0.018023351566061826,-0.031322783085133914,0.017351890150874273,0.0009111686694201128,0.02412073147101065,-0.038709459903815004,0.035317800480884655,0.0250217647818435,0.0183849831235047,-0.011869219487872413,0.023769988416596294,-0.00858648836250884,0.0022867014829627396,0.007823114623588737,0.012052697776562765,0.019778777881050643,-0.004764431147927443,-0.009903608146197678,0.01889827617973583,-0.007554675518471042,0.010199416067983207,-0.03400494914554372,-0.010976320775624892,0.002237403557785437,-0.0150591491450041,0.01643940571937513,0.019777279994855578,-0.02577844830451183,,-0.022903714842418266,0.0036895814465472358,-0.03363127602904677,0.006852341826311784,0.005831641550937207,-0.04293506735124751,0.030465248166984624,0.016428552118652878,-0.000815806723620561,0.003968890818555623,0.015128894809066231,0.0330023137002077,0.0075862115984211345,0.024098078608843995,-0.028178762961797853,-0.0035543397636861834,0.004728473803024333,-0.021872781742743253,-0.035424623273545036,0.021807798304829373,-0.03366041103319321,-0.02732841769180616,0.0014463196159161084,0.05757264964838516,0.024590256158212434,0.013544796350564516,-0.02195255930289188,0.012091370010205446,0.014665038962993515,-0.009013755796230495,0.020321123542954518,-0.03309517051390336,0.011775205977110166,0.018370045516623947,-0.009629593350660777,-0.014258152166045819,-0.006682256183450658,-0.0070187682904040176,-0.023159320425761125,0.019996766450796552,0.04482182949054692,-0.028706925543502345,0.020510594726096006,-0.0036630900085542154,-0.006858264417203302,-0.013608884813527882,,-0.02284576198419869,0.02724299500519329,0.03528537871186638,-0.035571043999631485,0.011228052783982045,,,-0.025853926653616462,,0.023811174900031585,,,0.010361344507826558,0.020205053322281685,0.059852234662183396,,,,,-0.014726396770747321,0.045360362700248374,-0.021742794135716993,-0.000434613973848301,0.00268832291809181,-0.01934011532447841,,0.040882511085418266,,,,,,,,,,,,,,,,,,,
2001-06-01,0.0017876273194325496,0.011417363159122697,0.0354896096595889,0.00828596538032657,0.027925986234963673,0.0008030462836900782,0.00460562066887763,-0.0076764094392456385,0.01895505817616594,0.018335610574984857,0.004611908040103682,0.006772577264981835,0.0033297258659199416,0.008372357197222452,0.003978008841489308,0.02671426491114765,0.012005435182051181,-0.008163390779951292,0.010067768323071628,0.009341278882292662,0.017648042459626426,-0.014665004029017027,0.0056639111868631905,0.007283885550420656,-0.036858364570826446,0.015226816031275814,0.009537837844885527,0.006273156675071622,0.0171681258459877,0.0053675991639244745,0.009270727189115213,-0.001107998501875362,-0.0024095020686065206,-0.01532228097548029,0.0076574759517850565,0.0027010195123526506,0.019883840146002904,0.02878386989967009,0.010741531751475781,0.0003307355931900873,0.009002999050385882,-0.011754248022667365,0.02805037848483156,-0.015029057680904444,0.004434313665832974,-0.006430566970165254,0.0031700366094256677,0.017971234186100797,0.010885680160416395,-0.01987020008080872,-0.027742116422980977,0.009122643040981942,0.005853152775900023,0.006779821838242038,0.007141070047046338,0.001357032736817981,0.012226877296760776,0.003774971723546977,0.02094043902687071,0.010396108989832228,0.01123188254752938,0.005164263068792068,-0.006253597613422756,0.009600549576352488,0.009270727189115213,0.030491969105235932,0.02514879561695542,0.023592054708176765,0.008261247724338776,-0.01278683719945863,0.007231572279054269,-0.004107711580568227,-0.013116659586695906,0.014268191923795543,-0.0015763809675717851,0.003325443275718871,-0.005133764638486474,,0.005969504776529185,-0.03279300579916547,0.03892275660956672,0.02059915718407847,-0.011754248022667365,,,-0.01867873716508156,,0.012463844767958117,,,0.009270727189115213,0.0023425828194408964,0.008381719601599167,,,,,0.010517390337796426,0.04005647443770067,0.01050237627565271,0.011675719789329832,-0.013383331771177301,0.017164900795636904,0.04057846479161433,0.008886821849750403,,,,,,,,,,,,,,,,,,,
2001-09-01,-0.008178343065083027,0.015297723934054375,0.007207565009593964,0.003587662009522319,0.003236308926716447,0.004337630700320005,-0.024987399578094482,-0.01288476213812828,0.003394628642126918,0.005956037901341915,0.003236308926716447,-0.012959832325577736,0.025250811129808426,0.007071784231811762,0.005889954045414925,0.003236308926716447,0.007207565009593964,0.006696052383631468,0.0006617297185584903,-0.011739348992705345,0.003236308926716447,0.011614600196480751,-0.010427108034491539,0.023542262613773346,-0.015109979547560215,-0.0007884750375524163,-0.0007884750375524163,-0.011999284848570824,0.006897796411067247,0.0036741921212524176,0.0039663538336753845,-0.012552008964121342,0.003236308926716447,-0.04405810311436653,0.0034243029076606035,-0.012650202959775925,0.007207565009593964,0.013710306026041508,0.0036741921212524176,0.003236308926716447,-0.0007884750375524163,-0.011999284848570824,0.012447790242731571,-0.012144944630563259,0.003236308926716447,0.003587662009522319,-0.0007884750375524163,0.003236308926716447,-0.012144944630563259,-0.02585815265774727,0.0015607589157298207,-0.011999284848570824,0.007207565009593964,0.003236308926716447,0.002977600786834955,-0.0007884750375524163,-0.0007884750375524163,0.0013480897760018706,0.003236308926716447,0.003236308926716447,0.007207565009593964,0.004677558783441782,0.0032515109051018953,0.007207565009593964,0.007207565009593964,0.0278435368090868,0.01787622459232807,0.0039663538336753845,0.0034243029076606035,0.003587662009522319,0.006538344081491232,0.02915175072848797,0.0023623809684067965,0.011808057315647602,0.003236308926716447,0.004366061184555292,0.003236308926716447,,0.0036741921212524176,0.03495979309082031,0.007215793710201979,-0.0007884750375524163,-0.012144944630563259,,,0.004678345751017332,,0.007207565009593964,,,0.003587662009522319,0.02559521794319153,0.013710306026041508,,,,,-0.0007884750375524163,0.013577108271420002,-0.035788699984550476,0.009071612730622292,0.007207565009593964,0.01787622459232807,0.019638124853372574,0.007207565009593964,-0.03611917793750763,,,,,,,,,,,,,,,,,,
2001-12-01,-0.0075691783123309,0.02082290211732271,-0.033414750814817366,-0.02093298870837877,0.006223783332029184,0.02565331604610597,0.03112016760112043,-0.0024297112463193466,0.043259226515719805,0.0032907201912429863,-0.00029532352432211085,-0.028634885417343128,0.04459310641011201,-0.03284331202406846,0.014601992885205174,0.006877823626587214,0.0002648114464918092,-0.015549131022725322,-0.011757073132962157,-0.003680330756367617,-0.0072524388878263376,-0.03368753658391422,-0.0025687806491700932,0.011577988122942341,-0.009919630021211918,-0.007163904877253827,-0.01916493128600254,-0.013246048436553274,0.04126541598843264,-0.0023999676866739363,0.013007886681829055,-0.04923132477655308,-0.011662715761531934,-0.03802143444798184,-0.016770961800665077,0.0232090035250006,-0.006774245865137129,0.04099557947129665,0.021766240347998525,-0.008752529720440183,-0.011322527421038857,-0.02483287798045679,0.004800139991304364,0.003739434569492215,0.004665143905723733,-0.023132655800347977,-0.012859522941468247,-0.0038162569747586176,-0.012643260900884768,-0.028613829008444634,-0.010845682053341,-0.028116734527515376,-0.0069910966848926925,-0.029891017187394727,0.007997276450469893,0.0007844664928562617,0.0013178389973396354,-0.004797498485027007,-0.0023419823043253187,-0.012549104122066257,-0.006397875886198398,-0.021943608898310926,-0.02722713984029485,-0.018481049350048125,-0.02605913989815483,-0.017986583726139815,-0.015637463311216054,0.026843268312107565,-0.004767379977772778,-0.022408037749609578,-0.019832137152634238,0.02721783429385059,-0.028616118451202335,-0.0069362038334823215,0.005758183259910229,-0.015198937104760718,0.002514302888375459,,-0.016587017539989025,-0.009616213100101382,0.04493413181478495,-0.031720750347899784,-0.010337075171464755,,,-0.028675760934956277,,-0.00862924533627198,,,-0.02481711464385321,0.034118992504337226,0.014694538094840394,,,,,-0.017524013834552012,0.006328789268599842,0.00540115765910824,0.022089457172345207,-0.019602731909411402,0.02734707245011848,0.0022743315902583505,0.0007986311479260641,-0.0204074473785925,-0.00485542771158009,,,,,,,,,,,,,,,,,
2002-03-01,-0.01139571238309145,0.013249707408249378,0.007023894693702459,0.007994541898369789,0.003010152606293559,0.004530198406428099,0.003757225116714835,0.003010152606293559,0.007994541898369789,0.003010152606293559,0.003010152606293559,-0.000716120470315218,0.007994541898369789,-0.0025538085028529167,0.013249707408249378,0.007023894693702459,0.003010152606293559,-0.047849398106336594,-0.0010950881987810135,0.013249707408249378,0.007023894693702459,-0.003267265623435378,0.007994541898369789,0.007994541898369789,0.006891360506415367,0.003010152606293559,0.003010152606293559,0.003010152606293559,0.007994541898369789,-0.003267265623435378,0.013249707408249378,0.01458680909126997,0.006891360506415367,0.008704468607902527,-0.0025912874843925238,-0.000322001549648121,0.007023894693702459,0.007994541898369789,0.007023894693702459,-0.003267265623435378,0.003010152606293559,0.006891360506415367,0.013249707408249378,0.006891360506415367,0.007023894693702459,0.006891360506415367,-0.0010950881987810135,0.003010152606293559,0.007994541898369789,0.00017004073015414178,0.006640878971666098,0.003757225116714835,0.007023894693702459,-0.000716120470315218,0.013249707408249378,0.003010152606293559,0.003010152606293559,0.007994541898369789,-0.0010950881987810135,0.003010152606293559,-0.0010950881987810135,0.007994541898369789,0.007994541898369789,0.003010152606293559,0.006640878971666098,-0.0010950881987810135,-0.0010950881987810135,0.007994541898369789,0.003010152606293559,-0.0025912874843925238,0.006850382778793573,0.007994541898369789,0.003757225116714835,0.013249707408249378,0.007023894693702459,-0.003267265623435378,0.003010152606293559,,-0.0025912874843925238,-0.0025912874843925238,-0.011633647605776787,0.0064574857242405415,0.003010152606293559,,,-0.0010950881987810135,,0.006850382778793573,,,0.007023894693702459,-0.011633647605776787,0.007994541898369789,,,,,0.007994541898369789,0.007994541898369789,0.007994541898369789,0.007994541898369789,0.007023894693702459,0.003010152606293559,0.007994541898369789,-0.0010950881987810135,0.006891360506415367,0.007023894693702459,,,,,,,,,,,,,,,,,
2002-06-01,0.0026709125146605057,0.009761325258237957,0.007219646062886835,0.0022611124742852188,0.002594582732051286,-0.009315687063823913,0.007836820515847222,-0.01324946353568545,0.020857261999259354,0.006060957381722236,-0.013406372919172748,-0.022823095970028094,0.0024492589650051406,-0.029477026894396494,0.011245321501905542,0.004325316483440578,0.00907980998031703,-0.00947619531881527,0.013775015375566397,-0.007808052361265897,-0.01884228156660098,-0.036660110879698865,-0.02021412290637316,-0.011943625919527523,-0.00860475650889787,-0.008181959825591003,-0.007445455459566291,-0.003863402191919054,0.027533905582188933,-0.020648720975495444,0.020300523264170804,-0.017990599938145488,-0.015932077564136057,-0.03415540447968819,0.0023523639960724976,-0.003732264996257641,-0.0006877017928291813,0.03721313158177777,-0.008084574158012087,-0.03389914606195748,-0.019347144300689307,-0.010956006656573048,-0.0051912886979399685,0.006978671521016192,0.013969710520978642,0.017032549217860026,-0.04494699323148896,-0.026153518817149723,0.00875350032222447,-0.04260001097165411,-0.011102886800643537,-0.0182474218659588,-0.008734884909154634,-0.029316732720380868,-0.004401602732120281,-0.0007985527893066193,-0.02026438043117492,-0.01816500933039025,0.0025809852373587343,-0.011407358339768718,0.013820543845707777,-0.015727979320210108,0.013109224834594535,-0.007297553252217385,-0.007967154925680084,0.013789279429025776,0.00043895735194888726,0.008457501901154569,-0.021848412288278513,-0.007848331972320722,-0.005901497748022548,0.013522537907305582,-0.011095211192993752,0.0010977845415804303,0.008714196813945599,-0.02272065195728894,-0.012069553556803957,,0.00851497273950794,-0.006157054344954607,0.031065807240533434,-0.013577043432927658,0.004679700868355426,,,0.013612806561572386,,0.027565080901776215,,,0.00890602962543183,0.05261445441925284,0.030474944925679245,,,,,-0.009978555432922951,0.02787874148875137,0.00242924249880155,0.01809703118815608,-0.01336899062829557,0.01949880182106971,-0.0018046363830264752,0.011603922951738649,-0.00371443546763363,0.006278718582155682,,,,,,,,,,,,,,,,,
2002-09-01,-0.03202619936595877,-0.05995353357814849,0.032250211530985506,0.009596919314798268,0.0010608647971750206,0.010404800891998078,0.027347878906401425,0.01853028895299252,0.010983376555987648,0.014571872465659264,0.011707786684901697,-0.029514998303644225,0.020422861021365386,0.015278510329593098,0.01024312767927283,0.01515293212642451,0.028035700393926055,0.020654874603875658,0.009073332475174677,-0.021049027955484377,-0.026963223105964586,-0.025203414459909333,-0.01674045175503162,0.004948893678784466,-0.009581623392339833,0.01755316347210639,0.0223585504068781,-0.01945142407036125,0.023023890170551946,0.01104153059621768,0.020958170853326314,-0.02554229111749461,-0.020955069022273107,0.017002793330715138,0.013767251767845223,-0.029105587302521014,0.013553882996602916,0.009949231877322126,0.02008893206051716,-0.004722735357250597,-0.0012293471169699003,-0.019654824982164972,-0.01799298020264918,0.003612883396464092,0.007742515465471047,-0.001818406324970906,-0.026015398220718036,0.009284270057773662,0.019280807752775787,-0.021936218458595284,0.03887635234487477,-0.00843657099966664,0.004979366608271453,-0.012600017326860483,-0.021939063137415296,0.009163453249425598,-0.0011855844044184436,0.028803662654577667,0.010110285767766855,0.00929408968713745,0.024059268908163196,0.022270966169169886,0.037672733313857454,0.021957627852419226,0.01508327256868072,0.029509729708288853,0.007373051252580518,0.02643807579396781,0.006490319240031964,0.01518658751038255,-0.018655813831396813,-0.013808295992399041,0.028456826139902948,-0.03167708688657298,0.009573204949950537,-0.011030058562575757,0.01086892212479362,,0.03041831989009639,-0.03162151574873098,0.04055179666705604,0.022760202139158105,0.012015309586906527,,,0.04721303496368398,,0.010196859972702574,,,0.002895308445114101,0.0715764291411879,0.007331411809191384,,,,,-0.07079906223723934,0.004905000422125347,-0.0063473177925625094,0.020133795091156665,-0.026414675615498453,-0.051282310764314026,0.0196106024555046,0.014551906477707684,0.005245209819098891,0.0016922879403531354,,,,,,,,,,,,,,,,,
2002-12-01,-0.05081938469006959,-0.05049989919425944,0.0221090604707707,0.022300314206404378,0.03256674992672768,0.005503704533047153,0.022372308089361817,-0.006735419921054466,-0.021809843062737255,0.03218787531688347,0.005482772414357198,-0.019703482749343686,0.022511168949546415,-0.002733425479546975,-0.003320787932150775,0.012650057185806777,0.016585269023095102,0.05471331612352941,-0.002368065478951922,-0.03949736301847731,-0.06544429223762398,-0.019293452569304436,0.028364232442903193,0.014032926853634527,0.013617851056315114,0.009674109854851284,0.00977604584916752,-0.006184292021761383,0.04392056914803677,-0.013772713987692559,0.032383669428362676,-0.055798832088514605,-0.005631236128835632,0.011661331706316913,0.02225281455088902,-0.01987757012744635,0.0016625840807045257,0.005191101953305711,0.01893452788053634,-0.013224357384452603,0.024544317129241523,-0.03931152404836856,-0.047688250658094525,0.0040818122633511774,0.007444051142944856,0.020775613594654744,-0.01999538944846528,0.024676456141820145,0.006436047838678775,-0.01623001971210477,0.0228125839127139,-0.004061893316572902,-0.01698865715910556,-0.023069013628985245,-0.057199759161828824,0.018845680448827444,0.013643272081989915,0.008126954598028065,0.006270446557516996,5.0919307908729267e-05,-0.02038783585410391,-0.014535538759870303,0.018241104446310653,0.016164268800762795,-0.02619527466023828,0.0036814325869926274,0.0012505114415919689,0.007950661415125994,-0.01369252231890663,0.002243537201066567,-0.04413993990529569,-0.053167060370607415,-0.014558860514517505,-0.05081938469006959,0.0076943131833797675,-0.013344391020554718,0.009028538196221396,,0.009208997932853328,0.008108994986513995,0.03080305131290649,-0.0025245098712682944,0.01433551719214415,,,0.0813112163159264,,0.011498034549727656,,,-0.007327376106578273,0.0813644188727466,0.010640874117939897,,,,,-0.06085307500240573,0.018575739908115455,0.03616874842437846,0.020506128208763928,-0.046555230564340966,-0.040771026575014545,0.05052756574344801,-0.008822665692331358,-0.0020837992253870032,0.011977116759904257,,,,,,,,,,,,,,,,,
2003-03-01,0.010418719008481798,-0.011794822854066002,0.040656073256606765,0.01769580001594712,0.008532720841657676,-0.002126446811812747,0.011801173822576465,0.010075546346527827,0.025377272405976536,0.027127669822937545,0.009121531694958832,0.0003044268383765527,0.024205782070746446,0.009242332504346328,0.006569361929265919,0.014258930733317757,0.02098890259051117,0.0249318061115084,0.01304223158483803,0.010418719008481798,0.00918474430663241,0.001967816149211708,0.01684550994482973,0.012419822684766244,0.026173226211536636,0.013044048982370417,0.006841476912035055,0.018589963849287527,0.016614955491276888,0.0022826815838183656,0.0187557671198207,-0.021762347275685958,0.0058096226773540005,0.016097415002023722,0.011291155648928509,-0.0010996954659626332,0.0206221077011791,-0.004453892287211589,0.012821480612251468,-0.004910221281768199,-0.021515341880848533,-0.004064128036588304,-0.011794822854066002,0.009831125252229808,0.013315143414629669,-0.013432642155979628,-0.0006359481175306448,-0.0022464453888120313,0.010609961438732902,-0.0011211291793040293,0.020952416272131506,0.00929184801761891,0.017746565662969727,0.006455807016388989,0.018619251953868078,0.010970106120594745,0.005076817361341071,0.02206750073371622,0.007041934831771082,-0.04199977606864079,-0.00039226758714678244,0.006455807016388989,0.01576700533365247,0.012684905991816025,0.0030086399954440987,0.0015199343878844254,0.010260645773699022,0.01897491301948752,0.001329756326156677,-0.005539547963376083,-0.004064128036588304,-0.004064128036588304,0.019883452442304012,-0.021762347275685958,0.013073799557226543,-0.001549925423774446,0.005725454769303968,,0.011626976307646477,0.010710672163131069,0.025694865985392067,0.013315143414629669,0.013271367995191045,,,0.027171549391618206,,0.034712337561573325,,,0.009831125252229808,0.05612301486378106,0.03211412172995983,,,,,-0.0028492462856409646,0.021686975401571502,-0.0025385913570776207,0.0033344492773649914,-0.011794822854066002,0.018619251953868078,0.012821480612251468,0.0020497169494191336,-0.013728324718843473,-0.0017150831473330093,,,,,,,,,,,,,,,,,
2003-06-01,0.060772303491830826,0.028328008949756622,0.029568001627922058,0.020140446722507477,0.02107991650700569,0.010785828344523907,0.024576285853981972,0.013053510338068008,0.02021181955933571,0.016275350004434586,0.01294750440865755,0.007982177659869194,0.018601147457957268,0.007965468801558018,0.007951752282679081,0.014540205709636211,0.014540205709636211,0.024281812831759453,0.012977929785847664,0.021824264898896217,0.01592324674129486,-0.0034191657323390245,0.02101394161581993,0.0077643864788115025,0.025766652077436447,0.014540205709636211,0.014540205709636211,0.014570631086826324,0.018874192610383034,0.00022452350822277367,0.020140446722507477,-0.20853577554225922,0.0174590814858675,0.007778102997690439,0.013023084960877895,0.011717830784618855,0.014570631086826324,0.02162259817123413,0.02453220821917057,-0.00032123172422870994,0.021002652123570442,0.014570631086826324,0.01571943238377571,0.014540205709636211,0.01821502484381199,0.01875048503279686,0.0077643864788115025,0.01763329841196537,0.02101394161581993,-0.00032123172422870994,0.021636882796883583,0.012977929785847664,0.020740004256367683,0.003757109632715583,0.024875998497009277,0.012977929785847664,0.01294750440865755,0.004509510938078165,0.014540205709636211,0.0077643864788115025,0.01821502484381199,0.013814693316817284,0.017992490902543068,0.012156526558101177,0.014540205709636211,0.02107991650700569,0.01294750440865755,0.01817077212035656,0.015108109451830387,0.028395721688866615,0.020709577947854996,0.01812954619526863,0.014540205709636211,-0.20853577554225922,0.014570631086826324,2.5191351596731693e-05,0.017236554995179176,,0.012977929785847664,0.012156526558101177,0.015770159661769867,0.014540205709636211,0.014540205709636211,,,0.05821094661951065,,0.02107991650700569,,,0.013180038891732693,0.05096586048603058,0.017992490902543068,,,,,0.02107991650700569,0.011530465446412563,0.014540205709636211,0.01812954619526863,0.024911552667617798,0.023026878014206886,0.025517059490084648,0.02101394161581993,0.012977929785847664,0.01294750440865755,,,,,,,,,,,,,,,,,
2003-09-01,0.030582042954888356,0.043458002554065206,0.034148576679115215,0.02348234760417635,0.023121479228335837,0.004781455120630693,0.04308738818566421,-0.01777417264690966,0.04133488889573397,0.035105491525319506,0.004877338367054489,-0.01987550087900153,0.023833102418213365,-0.01495582786108825,0.02935010461003185,0.02504906834734972,0.022317634007326198,0.02154639414729291,0.014168520701269994,0.030101478539169797,0.0054686240171249925,-0.03815210597389255,0.018386602738707153,-0.02586889179744722,0.037496908274014855,0.028820083367497445,0.007334696643558823,0.000978864367365419,0.018687793583144444,-0.024438587815837187,0.0311746317448516,0.025450640462197662,0.002660195037788958,-0.04463692698434622,0.015025302497141384,0.004185501083283127,0.01319765446196766,0.028998081805005915,0.03631541711993857,-0.0358396401801337,0.021041403238163444,0.020187090846264515,-0.026869535519559742,0.030806986000257098,0.035042782412654155,0.04062212768626132,-0.00899232483348828,0.010169937124568025,0.022968394179120867,-0.0341817062111259,0.007397598264085397,-0.0032670555352235244,0.017950205553453842,0.004526332541175009,0.020557219665521372,0.015585653215269621,0.009255333688927917,-0.031920798427762465,0.0026717109408975264,-0.020919019405902663,0.015990490428308517,0.0056490966089802344,0.01615863540846349,0.03305860071431625,0.014314962837269461,0.03910072101152209,0.0026517179930612565,0.04550153721118064,-0.009009870267421491,0.034890681135738365,0.02558717036890882,0.034992557859370776,0.009750781129642042,0.05110642270084446,0.020359100076932198,-0.016989334344281824,0.00235368836638029,,0.011570476143590667,0.035119003340253835,0.036543741425333905,0.011597103087587735,0.011218748581887029,,,0.02941387843962484,,0.0375940214812508,,,0.017793604095706437,0.06417088811864045,0.0409855166761351,,,,,0.012895861685496088,0.042777634762529854,-0.005676161605007065,0.021569683047119856,0.02394486116297303,0.06160350168839259,0.03030105656359769,0.0263759390447415,-0.0062747349506721275,0.019171749043456632,,,,,,,,,,,,,,,,,
2003-12-01,0.0025989386650505,0.041651121967619484,0.03585873660222031,0.011704252550148325,0.010461907485153538,-0.013398208278043425,0.0343080363329432,-0.044349655686430414,0.016565500463038403,-0.007035965236737794,-0.025397300460988478,-0.03891473253525304,0.01382162357356684,-0.024333092914021668,0.006891099764293824,0.022030081645504677,0.012331513256138172,0.010438947741054298,-0.019855301777635392,-0.031948676621544075,0.01363838279148157,-0.026871096554320004,-0.011551247440579554,-0.009531060507092489,0.009607332818655964,0.01259038907005104,-0.0004261140523315053,0.001333061231018671,0.023079164803449747,-0.03517103223864353,0.009791307319708413,-0.037535509112468037,-0.0002088694255271787,-0.04341640883887765,0.002729089246558826,0.006155997494428229,0.008023507354531152,0.01984376058375301,0.017461140502303206,-0.03309727800442309,0.011845888407465444,0.008119253956456669,-0.028456423836338132,0.019344672745629597,0.027398417778662008,0.023093486319385716,-0.016584986570128447,0.005936369849411349,0.02425079510041917,-0.03131739494223644,0.01354497086359722,-0.004943116412518446,0.014924903805745984,0.014433719709420059,-0.00014477817241785856,0.012934275661690491,-0.0065125099835488896,-0.03572518295394786,0.013285794335582132,-0.01576862662608127,-0.003926766123457138,-0.0006851476316121882,0.0037499566464756235,0.030495043223955066,0.005524676032290355,0.012865851400882576,-0.004336388442512294,0.01277397289182366,-0.006477261118928285,-0.03298563199547799,-0.003757623171197678,0.020933193791032194,-0.02259146994060919,0.011147649287769774,0.024226962579161838,-0.020039497785809688,-0.003505684506964748,,0.016565064965349853,0.04000198118567612,0.03293263833302011,-0.004369687960346637,0.003946448126495322,,,0.0267318881102845,,0.030876584692192514,,,0.01260102728367494,0.05442355272623108,0.013313274534861674,,,,,0.010223665637056472,0.02943702529045991,-0.011861277121362649,0.020767168203495015,0.010587610730966432,0.034664838222835094,0.008407879016287768,-0.001704914762522583,-0.014346083115554104,0.006519652409426421,,,,,,,,,,,,,,,,,
2004-03-01,-0.027058696039430494,0.009657473409960874,0.00889584208244923,0.0014357865768120956,0.01781765530054014,-0.009390107357925096,0.01364914125427287,-0.012004472122862502,0.009048520600564651,0.02794177996624202,-0.015992573905882164,-0.033756507998679075,0.019422570020405948,-0.03275929535651155,0.016999539943532423,0.008573941981501078,0.005705927307603899,0.01750140129918891,-0.027994189493386265,-0.021243033212961202,0.00994909116636437,-0.028517966965150295,-0.005550578424960877,-0.022051328391365962,0.020975291804156044,0.01573119626508776,-0.025974197177683664,-0.012361561405344305,0.01982393300188603,-0.03590992666131797,0.02209623700783099,-0.015094193042826463,0.003159712582391673,-0.04094102092879263,-0.013447213259212951,0.010630333665363928,0.013303097381598168,0.015514370842346031,0.006226719861597889,-0.031070912831392135,0.007224671859134003,-0.004711382272226417,-0.04727342231117178,0.011723280145810318,0.024158045593748585,0.009652524016864542,-0.0239735354818374,-0.00740517108865632,0.009781847177984096,-0.041343157699597816,0.004970823075472191,-0.02225702442065681,-0.002913307622577174,0.0043323700059979785,-0.030158172497900333,0.011566888449791743,-0.02107409432693949,-0.027294615461933857,0.00466575170498453,-0.01551810510354566,-0.009074672229630286,0.003994238921163291,-0.01858283400275974,0.019755543783313026,0.008263865631961614,0.024353697347245715,-0.011410210963981694,0.013203429411403022,-0.02422669368905239,-0.03490811426075917,0.007185587970827523,0.016667943995429823,0.006000253421037049,0.01396622640260221,0.013968345116023946,-0.016645591887036893,-0.019294175290575213,,0.014260655252800535,-0.0035171799431724464,0.02650149736350809,-0.015502555009178763,0.009410402680873113,,,-0.035880488733781975,,0.035359741324316116,,,-0.0084056691101458,0.04983912128067518,0.02447115096742509,,,,,0.020684296177440123,0.008487315826880499,-0.004285962225155262,0.018962339282426702,-0.04455783609200504,0.013161451243402405,-0.015804619319821068,0.007240572346536641,-0.024832197953686356,-0.0066372017844035045,,,,,,,,,,,,,,,,,
2004-06-01,0.02652858756482601,0.00601210817694664,0.018639929592609406,-0.013626501895487309,0.0014741055201739073,-0.00976602453738451,0.029612774029374123,-0.009439017623662949,0.003275573020800948,0.02021363191306591,-0.005966550670564175,0.016475534066557884,0.018806057050824165,-0.023306813091039658,-0.006371278781443834,-0.0002766640391200781,-0.009745859540998936,0.0026840881910175085,-0.006663923151791096,0.007399905472993851,0.0031609332654625177,-0.014286822639405727,-0.01055635791271925,-0.02585110440850258,0.0017840837826952338,-0.0002766640391200781,-0.00784007553011179,-0.0007381353643722832,0.015463164076209068,-0.011481589637696743,0.006977702025324106,0.10320109128952026,-0.009754331782460213,-0.03272034227848053,5.620712909149006e-05,-0.0040374756790697575,-0.009583041071891785,0.01104216743260622,0.008959990926086903,-0.02050282619893551,-0.004938468337059021,-0.009628308936953545,-0.010273143649101257,0.012150025926530361,0.0005522795836441219,0.003941206727176905,-0.009439017623662949,-0.009183300659060478,-0.007754703052341938,-0.02102385088801384,,0.004838400986045599,9.599127224646509e-05,-0.008520464412868023,0.005913569126278162,0.003986051771789789,-0.009786507114768028,-0.006348283961415291,-0.008676181547343731,-0.009877747856080532,0.00043406637269072235,-0.003998225554823875,-0.01055635791271925,0.011393260210752487,-0.009459500201046467,0.0067322528921067715,-0.009412987157702446,0.013843866996467113,-0.009754331782460213,-0.027982963249087334,0.0007484339294023812,-0.002543701557442546,0.00042886254959739745,-0.01621316745877266,0.0023512167390435934,-0.020964059978723526,-0.009754331782460213,,0.010650594718754292,0.005854500457644463,0.013596015982329845,-0.008661563508212566,0.014518320560455322,,,0.003603464225307107,,0.01335671916604042,,,-0.0027050317730754614,0.02520606480538845,0.01121716108173132,,,,,0.0061645833775401115,0.014518320560455322,0.012372313998639584,0.015463164076209068,-0.015679484233260155,0.010650090873241425,0.007919922471046448,0.008759197778999805,-0.010646854527294636,0.000434728863183409,,,,,,,,,,,,,,,,,
2004-09-01,0.015393427468514824,-0.005794409768946687,0.027549799912245022,-0.017432882135576623,-0.0076666536892125315,-0.013163640116387482,0.04299916596132866,-0.017417911410228668,0.011433389764439996,0.03218948805340796,-0.004335126549282864,-0.027185947308725245,0.030783659192247695,-0.028296717009915234,0.0035045938497897467,0.003989828034961295,-0.010966128196062574,0.022146634968433766,0.0069000837305138,0.018865832383941013,0.0195571417740567,-0.044592476334556465,-0.013373234063714358,-0.019955453842586558,0.016309135343262764,-0.007818305224893357,-0.013346002812297244,0.009596163022346537,0.013715032681365955,-0.024658781302238295,0.006098625630017107,0.04308851086027734,-0.010161477649538477,-0.03359434597635804,-0.01937568777734312,-0.0031698326250191988,-0.002505694243517837,0.026370355756276064,0.005489482699373508,-0.03195958556465118,0.003227986111154411,-0.0049681085410803625,-0.00019293745552094934,0.028692170163237836,0.030319832751442514,0.02322574118887923,-0.018932522804495908,-0.013152066061819194,-0.003608050675088037,-0.025578580249795882,,-0.002242556820152912,0.007161638201590227,-0.0032373560806474326,0.01779605155524271,0.02135012133838419,-0.005699002618221206,-0.01199015873160835,-0.02725107888073965,-0.025711393960730557,-0.005342023361381232,-0.018041640525173524,-0.01913814601189924,0.030475918888581775,0.010575292595670307,0.031140115196588356,-0.008768492130741792,0.023892227751004243,-0.015843358638397514,-0.013179466408229833,0.0005936494485465452,0.018800912361903725,-0.00208490215825424,0.02701416150231633,0.011169079578776015,-0.011971478228688102,-0.010426742452403923,,0.01859828883756666,0.006645547574424873,0.032799422011442314,-0.01757396730391866,0.0002104816345168069,,,0.008673532712593374,,0.02523904588458786,,,-0.024924953253989895,0.040806059207670727,0.018673297247134023,,,,,0.02775768359583652,0.02325909222384917,-0.002600885018909721,0.020999156227360975,-0.01286819651985549,0.03995238582841057,0.032659839991724005,0.0021830135140495006,-0.02588031882413901,0.01969926745422159,,0.05881509489581467,,,,,,,,,,,,,,,
2004-12-01,0.007208194340902451,0.05609264671157982,0.037387004667796264,-0.010588726451389594,-0.0021671254534369353,-0.01439561932438818,0.037475642788162095,-0.017274870151547723,0.026271614340576087,0.04118636953907097,-0.008492371952633582,-0.0332096635041879,0.02581990750017189,-0.011101926685218706,-0.01386205960845285,0.0055192348687424795,-0.029380203679688827,0.029848895149901328,0.004036677047190536,0.02522620707327063,0.01360497235101931,-0.005043629510107993,-0.01759886658426305,-0.025171605333873907,0.013772962725101163,0.0007976700947044324,-0.0064493567641203285,-0.007297571992312008,0.01979334573387019,-0.018355239069245067,0.013823063065807613,0.035801689522914404,-0.011357222965477977,-0.03700338183606808,-0.0056870450465776635,-0.0011240090780935954,-0.004605845561638056,0.018312133192358856,0.017496615910339738,-0.029067630556417035,0.000524461557117358,-0.005561864711830311,-0.03789441613942624,0.022012538916567594,0.023093028571494457,0.027194527010238962,-0.01710527693564223,-0.019604271305351056,0.0036692504702148486,-0.020446218402455574,,0.007398797480184968,0.007487152250830845,-0.006598944052620337,0.018749126107232904,0.011520833628241077,-0.0007612844981825142,-0.01831349011695793,-0.021444783508069575,-0.024170616406455004,-0.0308076881474681,-0.005669978077743624,-0.013240291898709037,0.017463344200703265,0.0020461906937177757,0.02735291612664982,0.011304381531427434,0.02846083247261672,-0.009185775600268032,0.013615288910205327,-0.003525983077165184,0.02519791908657919,0.005014909763611284,0.030709511266476683,0.01892309629478866,-0.015904456986327684,-0.01513900754225252,,0.023317027368277548,0.013354278081296128,0.02842903256792145,0.0020615824123977433,-0.0009055781614392137,,,0.030146006737243863,,0.04494662386271211,,,0.008562728426301139,0.05217161037427741,0.025639683272822483,,,,,0.029993157276803295,0.013688032301185617,-0.0013308551601509142,0.023990901429448895,-0.03718674784290424,0.05085833354764766,0.042845384263739336,0.009130888752520027,-0.03227205576632648,-0.013677286898890575,,0.07348307504881531,0.01922991579352586,,,,,,,,,,,,,,
2005-03-01,0.002887281372806301,-0.0011246093922269958,0.04516724637599185,0.0014006730997625186,0.011295352721069418,-0.01347148979569966,0.045900230304540976,-0.025857547183041327,0.021862229780095083,0.04240512377532503,-0.009535336734303379,-0.012782943382935157,0.03475732044713252,-0.016798375598400868,-0.012259837750355605,0.004677818082968619,-0.005110054175669709,0.02669818782861917,-0.0063606937096151875,0.020857302672930015,0.02759176837395514,0.004954462665270092,-0.005739606520882829,-0.006471199004597667,0.017326775729791966,0.0002363271019073647,-0.012204843134288658,-0.0002010867106386728,0.011615459894441082,-0.01059042078062697,0.012093933067844752,0.009385508443297394,-0.008671995757664717,-0.01528040082834229,-0.004727249808850615,0.003549312983472423,-0.008935783767259158,0.006724913684635552,0.00020286589454811857,-0.022731071652572904,0.004373563136484939,0.008469673052758663,-0.019797450150529135,0.03265377265626931,0.01668662350321219,0.0011271876221057068,-0.018044396826436205,0.002589545200474404,-0.004795502041707605,-0.012533037277439167,,0.021828611406553754,0.00753808330001965,0.00030256568813037573,0.02809582951386025,0.005383829841391666,-0.014339970730012903,-0.02107860302069493,-0.028794189061525522,-0.02508395326012003,-0.00794862767638141,0.00014422025990924552,-0.010818817127749574,0.023104813108226926,0.0024068432935397273,0.02930347836949686,0.009768770095727373,0.020819823107092867,-0.010087489516838006,0.031999663471170725,0.0040623715693045,0.030295156463533247,0.025393101784744968,0.03433986090482963,0.01598209029561682,-0.005708550975670185,-0.02476204328161796,,0.026706190739378872,0.01722865220259437,0.03131720186925929,0.0064784678209086795,0.005553080626521389,,,0.024669402774996674,,0.03527200165589408,,,-0.0009031321259115734,0.055486087912447885,0.03067827607343661,,,,,0.030648681483698904,0.026278807712310854,0.0007259872673725344,0.022543019116268485,-0.006814182933346323,0.041528139517034594,0.036419769563112554,0.01867634939580681,-0.017816816004512195,0.00010526572032327643,,0.06712564637907419,0.019631685649654843,,,,,,,,,,,,,,
2005-06-01,-0.0015935185086522075,0.013445722510162716,0.043821009833936414,-0.004884682207004009,0.011134360262432174,0.0003487545744709847,0.0547928417206044,-0.03069298932489727,0.03645325436827162,0.04771308898224313,-0.009538807424039904,-0.006497777766990262,0.04182348455637406,-0.0040380408485054834,0.014172817509694324,-0.002209258653215051,0.005570814409505925,0.03055794927323565,0.0035504851692166146,0.027037981001445832,0.01825997186704053,0.001928859561048915,-0.004236099142969331,-0.023095759428318558,0.02053668773380438,0.0019367984268118124,-0.004470781713317645,-0.016207180420743202,0.022068360686166508,-0.0012698438723593056,0.011219183577263966,0.04155059745989236,-0.0024057252394600053,-0.030654848388438363,-0.015426917885148168,0.010436217579435804,-0.002741479572021487,0.015141472710771438,0.009872558013230365,-0.024007876846293085,0.002624151101822534,0.004394438356472191,-0.001583410597416946,0.027327062765375606,0.021871784703246994,-0.00023585551386734322,-0.016038981333540522,-0.0161218605197163,-0.0036081824381867865,-0.01246139303742333,,0.028670555156860535,0.007027353475310385,0.003597015070969027,0.02039359282517764,0.013617472566763157,0.006267231685808549,0.002340738182803833,-0.028397366588940338,-0.022219659080910996,-0.01013882085985506,-0.0033402698198731723,-0.004716294519824441,0.01847734653553643,0.0027948051414192136,0.04230294207719104,0.006938398502527325,0.022014757537984132,-0.0031574582551058107,0.03128110692744026,-0.011088847766939485,0.022903432519298828,0.016492941413019668,0.031184175651520235,0.005650673308417863,-0.000766062515086841,-0.021796076765226068,,0.04030910268061718,0.011741814611458646,0.040047272639695104,-0.006316486356647534,0.002588310176696895,,,0.03465233296528639,,0.035774954545075885,,,-0.02201364830010796,0.0587742987630087,0.0238286076802664,,,,,0.026612272061362168,0.02855511689657535,0.003018592931935125,0.03771035807761138,0.005836985416408683,0.03654300672620736,0.030834480405404516,0.004939170496985673,-0.018737064451680652,0.026022539785343236,,0.0603457001955798,0.02854794028977985,0.013783413163041307,,,,,,,,,,,,,
2005-09-01,0.02126178868816429,0.013114793608266166,0.05338795138090666,-0.01046852905577018,0.017980416732760386,-0.005381802424593625,0.04879654085659828,-0.01866499588832592,0.0423452947663587,0.03919336449339507,-0.011766463408074272,-0.0004040304713969931,0.042315531443590106,-0.012693610047428588,0.02415744831176926,0.01029794174183361,0.030732847505600732,0.03449910758745804,0.0022685166099731457,0.02360972396417794,0.019058752935906365,7.154306596951814e-05,0.010642903046910832,-0.021447731861137766,0.02644429688945425,0.019671027125585872,0.0013468526542704511,-0.02283536964663284,0.023674983557306732,-0.0006686449088941173,0.01450680426247206,0.0414836008772,-0.002415249415992769,-0.01856465271068586,-0.017699687058161048,0.017461625845992215,-0.013048114795349054,0.024979613248606487,0.020824552205911683,-0.025663090743582494,0.009845537917680941,0.015527619788606593,0.004530664661485947,0.028691370570517283,0.03410557587260271,-0.013627169025499528,-0.00851903620907751,-0.0028956337615929956,0.020709188862923437,-0.0135437827574697,,0.030884934881724776,0.013403195819066835,0.005349039030499524,0.034280611127155185,0.017996892394082278,0.01500137863980288,-0.015981141233064898,-0.013574778424836485,-0.02310835178606641,-0.0003046114503629444,-0.0008513253176991825,-0.005800776738778876,0.021203637943290977,0.01002032241961097,0.03566383683068883,0.009058326069005201,0.038096108594681426,0.0007544242065581153,0.02894701047612164,0.00035151041977243976,0.048296847526076395,0.026496650740430793,0.032165882998500095,0.017196746199541237,0.0048026573213733135,-0.014350176079418577,,0.05051186080363542,-0.012293568960015527,0.04616509538511785,0.019858082067881554,0.018604519565683226,,,0.04683655918112584,,0.05189597061461803,,,-0.023950078457634798,0.05649860611492827,0.05461579145681233,,,,,0.0406663573580351,0.037727711509912554,0.0031923178660993603,0.03378558078284761,0.01787475816724419,0.05165061129756417,0.05484828837450508,0.005015657562128973,-0.01941358737450248,0.028081505660881433,,0.0739347673625266,0.025997990046716386,0.013757763793772209,,,,,,,,,,,,,
2005-12-01,0.0016768528327943948,0.027332889580872842,0.044991948968669815,0.0030554440763476357,0.014655149996418839,-0.005650338660397736,0.0662683973438546,0.02718130171677393,0.00010232618498656743,0.021616532221819546,0.013177832387815686,0.05716683398225732,0.03638710515023153,-0.015573257091386492,0.0070510539588262405,0.007674637788353524,0.021113868572051536,0.024946705508344474,0.009284307478431791,-0.11405746647538932,0.019862554898760466,0.003198244988052523,0.0033018670815863262,-0.01346227772554258,0.021131712874594064,0.004681630597600656,0.007695229649967742,0.00010232618498656743,0.005919532189506476,0.007674637788353524,0.00010232618498656743,0.024509889077556968,0.0027363787467208018,0.0019412568139554167,0.00010232618498656743,0.007674637788353524,0.0005941896122600269,-0.0005847954055383298,0.014913585955497093,0.0027363787467208018,0.0027363787467208018,0.0033018670815863262,0.007151357818046171,0.0007259100145138523,0.019410531090727223,0.02030893546780298,0.0070510539588262405,0.00010232618498656743,0.0030554440763476357,0.0070510539588262405,,0.019206929837311496,0.003925450911113612,0.011799062111514077,0.032237842206069386,0.01749592174542879,0.003925450911113612,-0.004811055995067247,0.0033018670815863262,0.005039392620386694,0.00010232618498656743,0.0040458217221673145,0.0070510539588262405,0.031486462816361305,0.007957244821126861,0.022928743217066245,0.0033018670815863262,0.021700799923940788,0.0030554440763476357,0.00010232618498656743,0.009663213412365828,0.0033018670815863262,0.014463360391957879,-0.11405746647538932,0.017100125906401715,0.0042425604830062585,0.00010232618498656743,,0.029098848620836257,0.020326653617108396,0.047691381101704844,0.011659560920727207,0.018298582226538213,,,0.06251040163517627,,0.023176788001794537,,,0.0006090271709614819,0.03986858145259529,0.028000886059202455,,,,,0.028005949023040398,0.04791290657383959,-0.006294735666409699,0.00010232618498656743,0.010781381682402731,0.023809209108659385,0.009287083467651797,0.01068313458903134,0.00010232618498656743,0.0033668165749075273,,0.06786307387407951,0.020718071179275387,0.018653045007792322,,,,,,,,,,,,,
2006-03-01,0.016294538541777,-0.00946953264678686,0.043670701027597285,0.004576835400816122,0.016383837723720405,0.0032532879019760994,0.11034561682845874,0.0364895690290103,0.004449850229224068,0.025803013131657344,0.0034239805764705077,0.06975892087527952,0.05381261036158862,0.00022578926204132527,0.004712307200807597,0.00672245014000613,0.0056141903713388215,0.031538620325779726,0.009207674067309565,-0.07044047404431052,0.041165159906561714,0.007434570583779312,0.005679344493294386,0.03493661180828481,0.021542943115918724,0.007890721213695476,0.004901464095278782,0.0024905982786518656,0.004449850229224068,0.0045739166009163895,0.014437290281217634,-0.0154317527544987,0.005218926829389303,0.008940841572717878,0.0034124952587013743,0.0045739166009163895,0.03999924457046066,0.001678717958522808,0.024145183314112757,0.0045739166009163895,0.006278199432267811,0.016049812062645292,-0.01932556687303757,0.002942917510211155,0.006567447637374615,0.02054314032173224,0.0034239805764705077,0.0007636224251603302,0.02783195448112874,0.0034847727071562057,,0.016362835508701806,0.017138955956405477,0.005332377985162184,0.02600681268740994,0.019687386395494638,0.006768488387054572,-0.0006222411001357439,0.005432411722882362,0.0018061882191508824,0.0016068408460389468,0.007405313049255463,0.0017813717263699183,0.017007829256454943,0.018151456807223815,0.020773555492984912,0.005432411722882362,0.020781821828205822,0.01474280310077317,0.0158423896647683,0.009738959013530413,0.006431627145968465,0.015075018753598951,-0.07044047404431052,0.02984706001020758,0.012362149456185516,0.011886116198912645,,0.02620600132091884,0.001312061887931456,0.014743556138810725,0.024307935190983922,0.033112469306715964,,,0.07879083009154665,,0.015909181257628607,,,-0.07431894019014174,0.04708135506610621,0.03136989401710221,,,,,0.030208249316740324,0.026702648029121846,0.024236490570680877,0.004449850229224068,0.014242620714496982,0.06531460098843715,0.008207584523199841,0.02222635960909637,0.00277567059650048,-0.0012844751495673316,,0.11542724038484184,0.008568747881938206,0.02169383207355681,,,,,,,,,,,,,
2006-06-01,-0.008691835959432277,-0.0083412642810966,0.04095472031070605,-0.008915848778488611,0.007615193663033993,-0.003017957514319002,0.03594612048123552,-0.0194592197859358,0.016769563809106724,0.03430129660892289,-0.014636179500252935,0.010465327638209156,0.04016701089421691,-0.016687844536840125,0.014185943718377725,-0.0029236466535493446,0.008175899645838362,0.03815556563066066,0.003532562931131036,0.0299779017685382,0.02300448508645881,-0.0019894085616448025,-0.003254344338497643,-0.018336372747160146,0.0027246070533069066,0.006101154260245809,-0.01835883773370429,-0.01375501826750073,0.0010948839051363258,-0.00012636270443597692,-0.00361914993262356,0.006670909846082169,-0.0039857217129005505,-0.02094297714551295,-0.0009692252066790464,0.012099557450478046,-0.0006128701898692947,5.60777748689574e-05,0.027470353641895706,-0.01825701781283784,-0.0010925028304624466,-0.006281632935044422,0.040589345033288704,0.004949474213076013,0.01926370907630614,0.011683399787458054,-0.008098499806022468,-0.017216672030213556,0.007026227996573503,-0.016291532321475056,,0.018227902195771698,-0.001588909537412479,0.0024368801222011092,0.010140338928978771,0.021743960982880835,-0.0047930163132703495,-0.022073618709641245,-0.012563142645689121,-0.011840752548940271,-0.024470022236330605,0.0024720094179873833,-0.021153134159797592,0.012374593620397351,0.006317991809987516,0.023781765724296456,0.004587409369725531,0.015647242310954906,-0.01731041222711345,-0.004459344248985311,0.002951340821627683,0.009633214017144969,0.004177787527663265,0.0068260423365305795,0.014817351194606738,-0.012187034992545642,-0.01664238817511622,,0.04010889121480628,-0.015330680062010412,0.0367195362188879,-0.013477025452194653,0.006082461547880185,,,0.012594546484861583,,0.0354167954245414,,,0.010798974284586876,0.05319815681727809,0.015994004533885765,,,,,0.035080149733832375,0.031719082173589326,-0.02501424056015294,-0.0011549593487668389,-0.007462615723319795,0.030784327973462988,0.025075200253002927,-0.0076366721653269715,-0.022217588928649758,5.718051088124112e-05,0.029191450339388497,0.06423561046016282,0.029866726253814556,-0.012023644115992209,,0.02991038351003522,,,,,,,,,,,
2006-09-01,0.03544106647200217,0.011890042242476402,0.058295112665911496,-0.002244439508923222,0.00878541215665657,-0.0027908842917688114,0.04557229090363608,-0.02510632602686526,0.009761696067263778,0.03852078404858982,-0.012919963703480513,0.007095467678322103,0.035146425534332386,-0.03419225503756733,0.007246835627457931,-0.003896530610343971,0.005633398552915581,0.022362964310945678,0.007018870520271908,0.028362430093367474,0.017032793997657957,-0.004738593200456314,-0.0022396079135933913,-0.010142994184881002,0.00607675236789086,0.009190862956127178,-0.014276705776100072,-0.01629674353014476,-0.008149866888648107,0.0034646926898898693,-0.009291643232947682,0.03383834951261557,-0.003339945208330973,-0.016200727119605563,-0.0004347178815656207,0.012621172083481185,-0.00840554421588793,0.0009583958366101361,0.011519429834349419,-0.003817316562724537,0.0082279439995744,-0.0045771242974865555,0.038322204388091155,0.007182770029615808,0.02503825749391563,0.005596970998943649,-0.004753200625941953,-0.023094952121012716,0.02395043933799049,-0.014531212634930155,,0.01079566663016613,0.0037224848818134793,0.003140352214417268,0.0014381606039393013,0.022793591349060956,0.00042653304241041393,-0.0242069873444084,0.004648335309229546,-0.029510559961387687,-0.025297252232670833,0.007317322923515374,-0.021425039167865804,0.020206776613668893,0.00023123117783929937,0.03917826251509001,-0.0025951374359577373,0.02871015888107675,0.0012601958010670634,-0.006392098436236875,0.0019586400858083598,0.0138407920582392,0.006200068307607987,0.017486948259502394,0.014549000317816746,-0.011377177647138859,-0.010949430267333417,,0.03537423888919677,-0.00961851419735294,0.02877336333683275,-0.00349494016890233,0.010994130508431166,,,0.014789328919804614,,0.041951747083820747,,,-0.012493749688504942,0.05252348218122456,0.0034007863874852785,,,,,0.030568786445229222,0.03319404555080316,-0.02839843394406385,-0.009896225242504619,-0.0020343612542229783,0.03572803926426673,0.002659973001841783,-0.0008426284681877365,-0.027691269144692686,0.004220264279901632,0.015430456073621318,0.064135251181925,0.01438816823962672,-0.019018976562854357,,0.022454160982808023,,,,,,,,,,,
2006-12-01,0.03328244015574455,0.020768538117408752,0.03774148225784302,0.0068940590135753155,0.020372165367007256,-0.0028483907226473093,0.0429878756403923,0.003184509463608265,0.004380874801427126,0.03632993996143341,0.007272344082593918,0.04415811970829964,0.03536221385002136,-0.23538808524608612,0.009763099253177643,0.009763099253177643,0.0068940590135753155,0.03428811952471733,0.0047891587018966675,0.11433112621307373,0.030245358124375343,0.00569769274443388,0.0068940590135753155,0.00569769274443388,0.020372165367007256,0.009763099253177643,0.007249920163303614,0.004380874801427126,-0.0028483907226473093,0.008566734381020069,-0.0005155393155291677,0.03774148225784302,0.008566734381020069,0.002803867682814598,0.009763099253177643,0.008566734381020069,0.007803257554769516,0.002048024907708168,0.020372165367007256,0.00569769274443388,0.0068940590135753155,0.0068940590135753155,0.03665949031710625,0.009763099253177643,0.021058740094304085,0.016873152926564217,0.006053551100194454,0.003184509463608265,0.017283208668231964,0.006053551100194454,,0.021620338782668114,0.009763099253177643,0.008566734381020069,0.009763099253177643,0.021058740094304085,0.0068940590135753155,0.002048024907708168,0.020372165367007256,0.002048024907708168,0.003184509463608265,0.0068940590135753155,0.006053551100194454,0.03577467426657677,0.017604462802410126,0.020372165367007256,0.007185355760157108,0.020065661519765854,0.0068940590135753155,0.006053551100194454,0.007249920163303614,0.0068940590135753155,0.017782356590032578,0.04159383848309517,0.03384333848953247,0.006053551100194454,0.008566734381020069,,0.020372165367007256,0.007249920163303614,0.01969735696911812,0.0068940590135753155,0.032931696623563766,,,0.020372165367007256,,0.037186216562986374,,,0.007249920163303614,0.04213159903883934,0.0068940590135753155,,,,,0.036903370171785355,0.039367955178022385,0.005290077067911625,0.002048024907708168,0.021058740094304085,0.042024265974760056,0.007185355760157108,0.016873152926564217,0.007249920163303614,0.002048024907708168,0.03919459506869316,0.04020029306411743,0.020372165367007256,0.002048024907708168,0.013830370269715786,0.007185355760157108,,,,,,,,,,,
2007-03-01,0.033759091049432755,0.014611811377108097,0.043239396065473557,-0.0009050985099747777,0.022274840623140335,-0.0002936559321824461,0.03986411914229393,1.0824009223142639e-05,0.004810140002518892,0.042345304042100906,-0.003119859378784895,0.05714667588472366,0.04037276282906532,-0.17202381789684296,0.00843240786343813,0.004148457664996386,0.008109868504106998,0.03802095353603363,-0.007254002615809441,-0.06311789900064468,0.052308764308691025,-0.03383396565914154,0.005714627914130688,0.013400552794337273,0.023552369326353073,0.007754625286906958,4.8445144784636796e-05,-1.1574244126677513e-05,-0.004454294219613075,0.005788897629827261,0.0040909526869654655,0.03689250349998474,0.006077820435166359,-0.0050283921882510185,0.0028775723185390234,0.006077820435166359,-0.0008588643395341933,0.003188066417351365,0.019224071875214577,0.0024716511834412813,0.007391432765871286,0.003436401952058077,-0.0070065343752503395,0.005378184374421835,0.014707828871905804,0.019582457840442657,0.00283484417013824,0.002545920666307211,0.03718142583966255,0.0024716511834412813,,0.021595550701022148,0.0066366493701934814,0.006999841891229153,0.002545920666307211,0.007508201524615288,0.0021227903198450804,-0.008278063498437405,0.01342499814927578,-0.004271447192877531,-0.00233113463036716,0.006999841891229153,0.0019319592975080013,0.025099752470850945,0.015164852142333984,0.024366870522499084,0.0023378815967589617,0.018664369359612465,0.006077820435166359,0.0024716511834412813,0.00135763268917799,0.007073071785271168,0.011243602260947227,0.0003672800085041672,0.0400993637740612,0.002545920666307211,0.00283484417013824,,0.024990368634462357,-0.0016580227529630065,0.06342902779579163,0.006311151664704084,0.008069214411079884,,,0.02788652665913105,,0.055844202637672424,,,0.00283484417013824,0.050970129668712616,0.00811364222317934,,,,,0.041591137647628784,0.037724897265434265,-0.0046791271306574345,0.0035512594040483236,0.030120594426989555,0.049020521342754364,,0.014981192536652088,-0.0031176733318716288,0.0019319592975080013,0.038793258368968964,0.037746503949165344,0.019047310575842857,-0.004851703532040119,-0.00191121781244874,0.04411850497126579,,,,,,,,,,,
2007-06-01,0.034939151257276535,0.030160756781697273,0.04307932034134865,0.0033871575724333525,0.025718672201037407,0.010404130443930626,0.04388384521007538,0.0009635323658585548,0.0075734686106443405,0.04191014543175697,0.0022904875222593546,0.07170625776052475,0.04315926879644394,0.02937358431518078,0.003329929430037737,-0.003561482299119234,0.011930183507502079,0.016100745648145676,-0.0021727767307311296,0.1570427119731903,-0.002435471396893263,0.008913426660001278,0.008913426660001278,0.008830397389829159,0.024198677390813828,0.012147419154644012,0.004578565713018179,-0.010919804684817791,-0.003992026671767235,0.012637007981538773,-0.002431314205750823,0.04094916954636574,0.002473917556926608,-0.013646411709487438,-0.005985109601169825,0.011219671927392483,,0.013542606495320797,0.008844319730997086,-0.0067510646767914295,0.00252350396476686,0.004834539722651243,-9.315585339209065e-05,-0.0008110002381727099,-0.001625107484869659,0.010963167995214462,0.009548120200634003,-0.007495492231100798,0.04025702551007271,0.009548120200634003,,0.02638203091919422,0.009769439697265625,0.002693060552701354,-0.0067510646767914295,-0.003135491395369172,0.005379378329962492,0.009973753243684769,0.01681983843445778,-0.0020887788850814104,0.0017111959168687463,0.008913426660001278,0.01272706501185894,0.040725499391555786,0.00022441017790697515,0.025859085842967033,0.002693060552701354,0.03436953201889992,0.002473917556926608,0.010404130443930626,0.006781407166272402,0.009769439697265625,0.015222742222249508,0.002355595352128148,0.03569818288087845,0.001707960502244532,0.0009635323658585548,,0.025201108306646347,0.008510855957865715,0.08336901664733887,0.00526996748521924,0.011979769915342331,,,0.026015443727374077,,0.04252942278981209,,,0.001707960502244532,0.055547796189785004,0.01244133710861206,,,,,0.04594120755791664,0.013922924175858498,-0.006365764886140823,-0.005978082772344351,0.02312706969678402,0.051162999123334885,0.043534062802791595,0.0001450765412300825,0.0022904875222593546,0.012050142511725426,-0.0008110002381727099,0.06510067731142044,0.026811771094799042,0.022864488884806633,-0.0005414034822024405,0.014828523620963097,0.02553578093647957,,,,,,,,,,
2007-09-01,0.03305762633681297,0.033173102885484695,0.03688565641641617,0.014117243699729443,0.025436697527766228,0.014457129873335361,0.02863275818526745,0.014117243699729443,0.009151298552751541,0.03317512571811676,0.01086985133588314,0.056899599730968475,0.03885066509246826,0.021319400519132614,0.014457129873335361,0.014457129873335361,0.014117243699729443,0.014117243699729443,0.004413230810314417,0.03409875929355621,0.014117243699729443,0.013293255120515823,0.014117243699729443,0.012648647651076317,0.025436697527766228,0.014117243699729443,0.014117243699729443,0.007342818193137646,0.009151298552751541,0.014117243699729443,0.014457129873335361,0.014457129873335361,0.014117243699729443,-0.0037485184147953987,0.01086985133588314,0.014457129873335361,,0.014117243699729443,0.011886712163686752,0.014117243699729443,0.014117243699729443,0.01086985133588314,-0.01443974208086729,0.014457129873335361,0.004413230810314417,0.013293255120515823,0.014117243699729443,0.014117243699729443,0.0323433019220829,0.014117243699729443,,0.025436697527766228,0.014117243699729443,0.01086985133588314,0.014117243699729443,0.004413230810314417,0.01086985133588314,0.004095415584743023,0.01004586648195982,0.01086985133588314,0.014117243699729443,0.014457129873335361,0.014457129873335361,0.03548219054937363,0.01086985133588314,0.025552740320563316,0.01086985133588314,0.03305762633681297,0.014117243699729443,0.014457129873335361,0.01086985133588314,0.014457129873335361,0.01086985133588314,0.011259849183261395,0.02089434117078781,0.014117243699729443,0.014117243699729443,,0.02438100054860115,0.014117243699729443,0.09579697251319885,0.008811411447823048,0.008811411447823048,,,0.025436697527766228,,0.025552740320563316,,,0.014117243699729443,0.04264220595359802,0.014117243699729443,,,,,0.03688565641641617,0.013293255120515823,-0.00521711353212595,0.009151298552751541,0.013293255120515823,0.02496093139052391,0.03669770061969757,0.01764693669974804,0.01086985133588314,0.014457129873335361,0.014457129873335361,0.03688565641641617,0.02438100054860115,0.02089434117078781,0.011259849183261395,0.012164547108113766,0.043565236032009125,,,,,,,,,,
2007-12-01,0.042269199914935024,0.06985428312080937,0.05305666655130354,0.006392949449130947,0.018884840108525452,0.010157542145313267,0.06398364876007821,0.0008183638110242068,0.060387416548325384,0.0380877499514974,0.008987438405897705,0.00045538323218950917,0.04571690509090074,0.0574939843763766,0.020268088078055083,0.011951793107087208,0.011115450018018452,0.004108063982989223,-0.0076592928639109105,0.0839088884562255,-0.0017328703055963686,0.011743969601965174,0.013000882158687025,0.0419882896295898,0.021045739859072134,0.010543309933291889,0.013175687862787827,0.007603400081800644,0.010309601754725867,0.013873112176684509,0.010016486130362826,0.003602890041014562,0.021134142514108657,-0.004458022895568554,0.00896066990211707,-0.0008924661932070602,,0.010162171323718997,0.00213220963784717,0.012850172935967564,0.0033807703617843845,0.0033587958532905913,-0.07665314082951018,0.0025596355027588742,0.007320173368734063,0.012070218994663397,0.012017793350469333,-0.08813382623043513,0.04398042685826159,0.007522449742213134,,0.013378890166300153,0.014688812202014128,0.004858122265620646,0.0032510521505279043,-0.011075247310630367,0.0026954636258432066,-0.012326302848504765,0.0009189530932446621,0.0011927405449711412,-0.01772616191403045,0.00848399540112879,0.007522449742213134,0.053290048301706215,0.015423709282602692,0.027223401904716105,0.008486576699972534,0.03361917586177716,0.013518240933859227,0.004181236884662358,0.015747063837081958,0.006562236545928718,-0.003011613345037763,0.017675651379785967,0.025538278759324917,0.01267111305418454,0.012622240542078856,,0.018409227714752317,0.001421493521227977,0.055511711638430244,0.019075772847444664,0.004262669576326752,,,0.02227120127657231,,0.08539051112717912,,,0.008835976376724123,0.05399885757560219,0.025037071441265393,,,,,0.0434807210006684,0.006043036901026222,-0.054365580104729465,0.0023916490449166373,0.004904511003067309,0.02636085044323517,,0.01344592639171483,0.02133068044935318,0.019200935265578513,0.011792981354716008,0.010052409001386828,0.025829376641218132,0.024644521115276097,-0.019894061392701706,-0.018411817905892965,0.021921842036555637,0.0049690982115449065,,,,,,,,,
2008-03-01,0.030340986879722597,0.03247939562269889,0.03578910674849151,0.01699318656306293,0.03012036455505969,0.015296398901132323,0.0616007513663388,0.017395913468964064,0.06117590491228674,0.04361996383850228,0.011661075733445634,-0.014865114463635563,0.04093478552067342,-0.10855440309975091,0.018767816779139895,0.017068412972297543,0.014044296865461468,0.01719611132267134,-0.018423759589136068,0.036927439763576736,0.011672771031079037,0.007880944402945895,0.017257943794273922,0.027614689481611842,0.015538563780619644,0.017257943794273922,0.01301961301102413,0.015896790696042776,0.012803880722912261,0.01738564214464772,0.01594183756884696,0.014131828592636717,0.016982915238746586,0.010580234062082841,0.016793384416770207,0.016793384416770207,,0.016192849830938032,0.01373172935705871,0.015446856188245161,0.016290502272753037,0.017136618518702965,0.006008577982948848,0.013254028961117409,0.013237956768462034,0.011037625091815455,0.01719611132267134,-0.039227277545619305,0.03753555940388641,0.016222296726347615,,0.020751999309149383,0.011875770811818398,0.01738564214464772,0.016118443707551475,0.005287533454795854,0.010196136401946936,0.007787688129467762,0.009160775023098342,0.002280128102005667,0.016222296726347615,0.016982915238746586,0.01502137034560499,0.023015585392299906,0.018767816779139895,0.02299084081697966,0.017660670700175057,0.03177174507775175,0.017660670700175057,0.016222296726347615,0.011399396990210425,0.017257943794273922,0.012744017311737934,0.005457997874701188,0.026771382266438316,0.014839921787432648,0.016793384416770207,,0.02234507128882832,0.01301961301102413,0.1034309587705771,0.01797357388673082,0.016321637150094822,,,0.0410872638924363,,0.11813546202347211,,,0.01738564214464772,0.015015450476430567,0.018855510102893172,,,,,0.03261617819013564,0.014275233911990398,-0.003644782241323021,0.014656790780436623,0.04944482731122722,0.03474656827337944,,0.03008829761166755,0.00940621378506009,0.016870605292366503,0.015296398901132323,0.010278024743220846,0.02083941786500541,0.029365641008087067,0.01563573464037918,0.01668613272966401,0.015602608964280793,0.02236880230641688,,,,,,,,,
2008-06-01,0.07740054350690635,0.1322870801591153,0.07050934053222815,0.017129268267971055,0.025278116446676956,0.011867384795615627,0.06575123760717652,0.017129268267971055,0.06821472098428892,0.03167202699456282,0.013049500032617732,-0.08670584961130177,0.07962645749836232,0.055153197755878305,0.01694327821932076,0.018286353331380033,0.0186237392703479,0.020306267554165782,0.0037042889767549686,-0.016231655507691796,0.02817933160348222,0.0176886223442842,0.0186237392703479,0.028979784367226185,0.017129268267971055,0.018286353331380033,0.01416391425216986,0.01571549415583264,0.01119678342818231,0.011147946534873915,0.01791030991570348,0.01754090570452659,0.0186237392703479,0.009172257191322941,0.0186237392703479,0.004920473090259531,,0.0186237392703479,0.011295876812314976,0.0186237392703479,0.0186237392703479,0.01890994430787249,0.03359457699293845,0.01712797081418434,0.015119779493228376,0.012661614861702546,0.017129268267971055,-0.02720538602060216,0.03215554898214513,0.01442112506205004,,0.01743764899978676,0.015320999315578818,0.012503611067994776,0.018925485913689095,0.014632032193683607,0.017020217349018294,0.009583201669905981,0.003972253032414602,0.017129268267971055,0.01761058618551489,0.0186237392703479,0.017386479077851232,0.02648699957670016,0.011585638612252437,0.027854596384041787,0.01794393590124659,0.025701240030028133,0.0186237392703479,0.018522844377926072,0.013049500032617732,0.018444357125087803,0.006859608106737348,0.012804819887238179,0.02932409114962551,0.016452202941866317,0.018185458438958205,,0.0344284540489551,0.013333325843016256,0.05559191379087063,0.019728877287930963,0.03567718655117095,,,0.02459865950829412,,0.032094817473850214,,,0.017946673944243156,0.10356635452168593,0.019352863749517883,,,,,0.030363143276244967,0.01306561824022135,0.004375108108326597,0.016034549423054954,0.03738932838696567,0.031030969711559817,,0.016473934938159757,0.011867384795615627,0.017129268267971055,0.016001699193357238,0.03195391399435084,0.023131525966194225,0.030569925056279666,0.017225483047429723,0.012867202286388395,0.02022469389519469,0.025221234769550765,0.03326251911236751,,,,,,,,
2008-09-01,0.23101164054097498,0.16201877709937657,0.0588374242691191,0.019563626243509217,0.020860079175685824,0.0007523497884385464,0.07851687934909396,0.013128593926140937,0.08396946879443529,0.050168180997868704,0.022306702819065383,0.4454893934035481,0.11865293676402192,0.10895220515385137,0.029602485655808426,0.02311411959442967,0.03345394036537623,0.025155791388090362,0.002719528344199003,-0.10975280138272298,0.02884893190484962,0.022500296102979985,0.03453956228991479,0.048323477793275185,0.021942679253936108,0.02621734834960961,0.020488686687648108,0.023816700624956978,0.01988967659627816,0.028212734523915563,0.028013187877843855,0.02675786407923783,0.031792024858460326,0.005795812295575875,0.019593468718875354,0.022857587949070626,,0.03072841704131716,-0.008958280576519404,0.026750462442916557,0.022978993666654367,0.013929111148885362,0.06197295936652846,0.01958401202028233,0.019728187667268617,0.019591372704763587,0.026199323349157543,0.032041030516224416,0.03607846443281136,0.02222865788642188,,0.007454121357351514,0.02031158222814645,0.0122704793348596,0.029125638875122647,0.017140685774454614,0.02476638618867503,-0.0066654978964685975,0.013312246953091808,0.01255447452111381,0.024785036026261302,0.035072231511623225,0.04385196305525685,0.018522333600913838,0.010244935985337846,0.02922999133083388,0.025191185503063238,0.028454440087639456,0.02852294170532266,0.0291488280956916,0.01509303171098404,0.04438058356572017,0.0022262299761232557,-0.20365988909294003,0.012785108531968363,0.019391835217175,0.023752610654409916,,0.03580409958530737,0.016218528016426616,0.10026756850666847,0.012740255220316474,0.023413058914498994,,,0.02799644456483108,,0.1345352036603691,,,0.023199852925242317,0.05499571008905521,0.02294600001306874,,,,,0.05006034221244505,0.019778441745634204,-0.0035306430714459372,0.016137392241885345,-0.021980659260995832,0.010001372336250891,,-0.013567409115169638,0.01546003500314214,0.038027603112857446,0.030539484651519587,-0.006199099157578641,0.010075116438144432,0.04345253181979974,0.02111581367054517,0.0707109683840875,0.02966000422948438,0.043482344250172444,0.03028781592364714,0.2673822034843676,,,,,,,
2008-12-01,0.06102925895888394,0.10687805277808914,0.02969420793467128,0.04452982789768114,0.029818939457478467,0.01135849489256687,0.026641233082378046,0.0302037264330191,0.08871429064970539,0.025126959436161857,0.020309297899861214,0.4273165647604457,0.12457566658795662,-0.13685508812856578,0.0157976368322378,0.041855973895948674,0.036607361830965406,0.05026403242079275,0.027171745711719483,-0.11485713392417038,0.02100591618905609,0.022243003245090383,0.03693795617421428,0.03412258571074579,0.014844479653496077,0.018099856330508608,0.03795914347086066,0.01253830720138934,0.036595993674075816,0.04858378542498961,0.012961403654370245,0.051391436472451,0.029386257643428983,0.0036649425331667478,0.015198308143303165,0.032735288986176586,,0.03211881694325163,-0.016777215991432698,0.037454683056074564,0.018920648748917985,0.023307382119305605,-0.0013109357232259466,0.04085378021105767,-0.04065644843989124,0.003052406684546636,0.028612053083804014,0.008380024017359327,0.025893592041781044,0.013522785608671983,,0.02930433303810985,0.01978316653751961,0.03426296653102004,0.030976313327053973,0.019282543286817767,0.03571061401502861,-0.0057728643052047885,0.005826727606866474,0.017055442595978236,0.03648411693215039,0.028865743720513867,0.043271984906766814,0.03204623882432951,0.02013247550442563,0.025039642833011688,0.02551176060699164,0.015417474327003076,0.027012020484109358,0.0440952913088076,-0.0005885057294702385,0.03544503632493828,0.006985082045948287,-0.20858475136340607,0.017789124154779852,0.02555068203051019,0.03654806691812246,,-0.00055360042833115,0.030719322419255093,0.08052887342667242,0.01750142868649991,0.01940269892258079,,,0.02756834412571697,,0.16761090736635229,,,0.03286754743818478,0.04806309237696891,0.05149185452634858,,,,,0.03646280374717357,-0.007232080154458442,-0.030574634154091097,0.035742993791506854,-0.03414856412754259,0.08416452174267071,,0.006039295137329493,0.013735542261719276,0.02453038610783465,0.03494611352093155,0.13196567582494056,0.014660937299329636,0.0430750176408683,0.0154999178649558,0.05523732498851637,0.0190815301334922,0.05069057634611128,0.020133664955207447,0.2859390142202916,,,,,,,
2009-03-01,-0.02523658580683383,0.0068690630396831456,,0.011115874333902816,0.03344332267157924,-0.016869754721326517,0.035175360458537655,-0.0037847114178990626,0.055097183538199285,0.0653583379661482,0.0013186422122386085,0.04160881574599232,0.0594457177496162,0.034470149930143794,0.0006594831971154354,0.0334601686536721,0.012137849927774358,0.029439084957849686,-0.0033186100990312928,-0.01864626457528232,0.004686583770475014,-0.02988069991472625,0.047452564568378576,0.0046110273328353055,0.04216867160089504,0.038067175160533144,0.02191804573105642,0.024524251491422115,0.03549451121938704,0.038532794373836395,0.037062495659804996,0.040331554489761515,0.022019054466517727,-0.0026831771003024444,0.02201176946085036,0.0390041668669595,,0.02979657654966869,0.008519869169445205,0.018550051306571128,0.023094487996915773,-0.015749299119841034,0.027519096627930846,0.04630137506004712,-0.021457209478437978,0.03492563290369182,0.00524788144215099,-0.018498288387919785,0.004687507237218851,0.008540379070922465,,0.020654512795151743,0.01699163281060559,-0.025563211383235702,0.0011824529072298959,0.00980901405375682,0.02057377936560572,-0.0006892624703499053,0.020182021923341134,0.000768200044336052,0.025754982597127895,0.02836923884869611,0.03093454890311592,0.026401799107837545,0.016803560624228015,0.04549355035135485,0.02489352532958252,0.029453186870590297,0.02089567983504227,0.0520894702468394,-0.013059572218325969,0.052577220998863895,0.028032714251452095,-0.02618339674633033,0.03128457421967475,0.00045003282691462494,0.025655475618643633,,0.01530291041579693,0.017645419884472643,0.06991185885412209,0.007722344973055401,0.02949387638175955,,,,,0.05944289993708002,,,0.04352446624754951,0.06691020415862708,0.04559493569225365,,,,,0.04342423985175588,0.03135917079574224,-0.014720685389909888,0.034555187385755554,-0.008857380893482628,0.06396337298577952,,-0.01534507541053932,0.0026798903703784374,0.038526382722801754,0.04484964382115975,0.052003683417512096,0.05076064755713357,0.020352649344313935,0.04901850060781654,0.04637111586601386,0.036319648236256934,0.05479063732817748,0.015026524732549043,0.054329623054707725,,,,,,,
2009-06-01,0.013053057198300674,0.030557868570490764,,0.014019367261685683,0.03287139294872961,-0.009246550653149584,0.0421541942526955,0.013488251348846172,0.046848647040763594,0.07174277235452164,-0.026118302403283385,,0.055786681425817976,0.023855759177755145,-0.003683298247840998,0.031591896908955766,0.03271119409246915,0.017101590085810994,-0.00217526725019955,-0.021740883783819644,-0.003196252653465737,0.031200280269530752,0.04601564901434492,0.006876219332489577,0.023230555807382584,-0.02020308625865097,0.025134385111882564,0.005497911070041894,0.03922813651209797,0.013504851809716188,0.033379240420187785,0.022989351180760752,0.015982137329019847,-0.005654068065271204,0.020487167255069775,0.02731283499229812,,0.040416967031590964,-0.0034768382749749494,0.01579013969183732,-0.007456889267514335,-0.006233226481160104,0.0155799738638089,0.05267983580058445,-0.014422578943818778,-0.007479877089896689,-0.002910345388944227,-0.016874981519352426,0.011350932281914751,-6.65914231504555e-05,,0.020097124389800495,0.018395159804205554,0.019183955565778038,-0.013841041650434547,-0.006449107263116568,0.017130948392089992,-0.008515048598504127,0.01414617215321592,0.0001262063718127165,0.033912054550932054,0.029195883752639394,0.03845151351409224,0.02520554910578542,0.005738150484449332,0.0599675801269587,0.046909707588940516,0.012604572668987119,0.02076408735487394,0.042461226873072036,0.036015036019008045,0.055889947606728364,0.021355392214681756,0.009429313961656107,0.03130058903446994,0.002008280947463717,0.013901350048826679,,-0.017177238665246265,0.013410132612841625,0.06522011805330372,0.02163279032325851,0.03920570837234675,,,,,0.05719436243216645,,,0.0193331675913173,0.07600555417086599,-0.007907818384762084,,,,,0.039416018083694715,0.030121774006257308,-0.02245210911409582,0.03182100286948282,0.029519162640317537,0.04761501253720433,,0.015486662747082625,0.010138815454944917,0.025631158651718035,0.0405424713472834,0.057583918134627717,0.046196872609436994,0.07380740563572681,0.040990618151026614,0.055990668442961834,0.023960392551149505,0.043182332781099245,0.027327696780434785,0.05472027410527467,,,,,,,
2009-09-01,-0.006006620479212516,0.06331414761250946,,0.019803163607834927,0.03539992453304534,-0.005600520923586615,0.010262719545210014,-0.0016394080169331623,0.028755694453941848,0.061560903912290736,0.00992380362341832,,0.06511145190853715,-0.006017395072196493,0.015951552237766908,0.02684689596770632,0.04739429001968502,0.020058787501666266,-0.003261970063214662,-0.01666632104091663,-0.0020733640319038496,0.021969130981851423,0.04098928935551713,0.0038864893716071326,0.032590916106785196,0.011192187009788208,0.016104522401398935,0.005576220710407765,0.011719631231459035,0.025195387345160067,0.03056696343371124,0.03227778637347231,0.01551066042440506,-0.009115659997739311,0.024498375181931986,0.03163440194587295,,0.0002560520686232056,-0.009705623150197096,0.015218173206528664,0.015173095098039322,0.03828009345104276,-0.014351651672385113,0.05387112191240331,0.0020686274363333397,0.022698429694152467,-0.0036050683822496927,-0.002264279007574827,0.045148176616991054,0.008761296496214467,,0.028924120929594857,0.013926714939187297,0.026505167232305386,-0.0040813752846566905,-0.007001458980021414,0.01218795388084338,-0.010715765076819388,0.030223074164901526,0.013995961248071107,0.027278343866516428,0.021425646943979543,0.022438496836941223,0.031432698109692105,0.018654754336149063,0.05911388015474214,0.05199896822564507,0.04132245217283512,0.02392122352765775,0.002223804818407402,-0.01248511553395843,0.058969333441658105,-0.014907491039494163,0.024276291813343075,0.027377187773130016,0.005092437971771522,0.019045741216580116,,0.030745589117087732,0.019724667844426596,0.05928877258405582,0.02571358603723534,0.041360583785730966,,,,,0.04156954953054494,,,0.018886631405666238,0.06722692766641923,0.02496458038502651,,,,,0.04808615607615475,0.038540330946182484,-0.012819991759960996,0.025185321336878806,-0.008034681486439925,0.043785828971133194,,0.017649574682844782,0.0065531553775644005,0.01995325190644385,0.038460413671275756,0.058117990237049444,0.05896100935475026,0.04308608614477101,0.04526280979776207,0.03845080705893559,0.03914447229925485,0.046417933220851595,0.029195553409163424,0.05375796999361865,,,,,,,
2009-12-01,0.010559040121734142,0.022812724113464355,,0.013650881126523018,0.022812724113464355,0.013650881126523018,0.02159286104142666,-0.008748648688197136,0.021873829886317253,0.03144240006804466,0.013650881126523018,,0.02470635436475277,0.022812724113464355,0.0128575274720788,0.013650881126523018,0.02159286104142666,0.013650881126523018,-0.010871240869164467,0.010559040121734142,0.022812724113464355,0.012101545929908752,0.013650881126523018,0.012101545929908752,0.013650881126523018,0.02159286104142666,0.013650881126523018,0.02159286104142666,0.013650881126523018,0.012101545929908752,0.013650881126523018,0.013650881126523018,0.012101545929908752,0.012101545929908752,0.013650881126523018,0.012101545929908752,,0.013650881126523018,0.013650881126523018,0.012101545929908752,0.013650881126523018,0.02159286104142666,0.03151186555624008,0.013650881126523018,0.00933917798101902,0.02159286104142666,0.012101545929908752,-0.01615656167268753,0.022812724113464355,0.012101545929908752,,0.008545824326574802,0.013650881126523018,0.013650881126523018,0.008545824326574802,0.02159286104142666,0.013650881126523018,0.013650881126523018,0.02159286104142666,0.02159286104142666,0.012101545929908752,0.013650881126523018,0.013650881126523018,0.03144240006804466,0.013650881126523018,0.022812724113464355,0.013650881126523018,0.022812724113464355,0.013650881126523018,0.014717258512973785,0.022812724113464355,0.021873829886317253,0.008545824326574802,-0.07965413480997086,0.02159286104142666,0.012101545929908752,0.012101545929908752,,0.022812724113464355,0.013650881126523018,0.03333602845668793,0.02159286104142666,0.02159286104142666,,,,,0.03144240006804466,,,0.02159286104142666,0.03333602845668793,0.0128575274720788,,,,,0.022812724113464355,0.013650881126523018,0.013650881126523018,0.012101545929908752,0.010559040121734142,0.021873829886317253,,0.02159286104142666,0.013650881126523018,0.013650881126523018,0.013650881126523018,0.05404682829976082,0.02159286104142666,0.010559040121734142,0.012101545929908752,0.021873829886317253,0.02159286104142666,0.022812724113464355,0.02159286104142666,-0.04881413280963898,,,,,,,
2010-03-01,-0.02960584904621522,-0.0007229924348632252,,0.007625276757591761,-0.00313115864787836,-0.004300222151481221,0.027478506359756655,-0.034198425831364454,0.039031948307561334,0.04332757176770972,-0.008590661467299275,,0.1278597738919198,-0.04245493149555917,-0.03622610523604795,0.006160053119586386,-0.024690169454785933,-0.013493525517345633,-0.010811088663174383,-0.04940657655735583,-0.058063802546108115,-0.03522519808064626,0.030522146092186453,0.0255532079239604,-0.008688576442067093,0.007209406172494033,0.0022588354310791427,0.0029449258814481403,0.009835169954215075,-0.028608510814333316,0.0022205437943598073,0.008061173995881719,-0.06326257879363714,-0.017159057902030712,-0.01636954735766065,-0.0227096249881842,,-0.008363291400970228,-0.006666837837923949,-0.06035977871977215,-0.006927431614755731,0.008607026139986597,-0.07723385398058612,0.010605111019619964,0.00024294858302644173,0.00203451201065026,-0.03570477359178029,-0.1784570323904263,0.02227927586477234,-0.014498257148314105,,0.002280967426829344,0.0029567799613414666,-0.06802287342360905,-0.0653708577627122,0.019712405789073666,-0.004128584066681647,-0.00752979371979991,-0.020537700668461317,-0.043224008545532135,-0.030912106969746795,-0.015175887947241397,-0.010726828502864903,0.029407447065331698,0.005187187656212799,0.02312881528087025,0.03342254278533746,0.0547391298277491,0.007454643880241092,0.027825388846649424,-0.009100972032209605,0.007680669821624065,-0.04433744286472441,-0.0025820007732236805,0.002495120086644602,-0.013535054961998815,-0.00892520062402166,,0.04871311961425219,-0.010829567329212182,0.02388252251633352,0.005462108589324063,0.005503993197064747,,,,,0.017660307786946893,,,0.017235967316825893,0.05207290496807749,-0.05084103343580859,,,,,0.020993291841867472,0.006837762799347682,-0.009531438663132137,-0.026429818718821694,-0.007299739888041687,0.14337525819322774,,0.02228851807481619,0.0018183221681756124,0.030789854813330346,-0.08780432399221083,0.07910526522287058,0.027386898280675576,0.01310082467279651,-0.011638977870203708,0.014869831652057186,0.02094421964429398,0.003984715984976444,0.006152558619062855,-0.04071186063668146,-0.04099002748367653,,,,,,
2010-06-01,0.017591308802366257,0.007104014977812767,,0.0030286211986094713,0.0038543948903679848,0.0030286211986094713,0.007104014977812767,0.0030286211986094713,0.0030286211986094713,0.0055014523677527905,0.0030286211986094713,,0.007104014977812767,0.00634041940793395,0.0035111631732434034,0.0030286211986094713,0.0030286211986094713,0.0030286211986094713,-0.005078758113086224,0.00634041940793395,0.007104014977812767,0.0030286211986094713,0.0030286211986094713,0.0030286211986094713,0.0030286211986094713,0.0030286211986094713,0.0030286211986094713,0.0030286211986094713,0.0030286211986094713,0.0030286211986094713,0.0030286211986094713,0.0035111631732434034,0.0030286211986094713,0.0030286211986094713,0.0030286211986094713,0.0030286211986094713,,-0.005078758113086224,0.0030286211986094713,0.0030286211986094713,0.0030286211986094713,-0.00850136298686266,-0.00814863946288824,0.0030286211986094713,0.0030286211986094713,0.0030286211986094713,0.0030286211986094713,0.0035111631732434034,0.00634041940793395,0.0030286211986094713,,0.0030286211986094713,0.0030286211986094713,0.0035111631732434034,0.002319407183676958,0.0030286211986094713,0.0030286211986094713,0.0030286211986094713,0.0030286211986094713,0.007104014977812767,0.0030286211986094713,0.0035111631732434034,0.0030286211986094713,0.007264657877385616,0.0030286211986094713,0.007104014977812767,0.0030286211986094713,0.007104014977812767,-0.0018082591705024242,0.0030286211986094713,0.00634041940793395,0.0030286211986094713,0.0030286211986094713,0.00634041940793395,0.0030286211986094713,0.0030286211986094713,0.0030286211986094713,,0.007104014977812767,0.0030286211986094713,0.0038543948903679848,0.0030286211986094713,0.0030286211986094713,,,,,0.007264657877385616,,,0.0035111631732434034,0.01741461269557476,0.0030286211986094713,,,,,0.007104014977812767,0.0030286211986094713,0.0030286211986094713,0.0030286211986094713,0.00634041940793395,0.007104014977812767,,0.0030286211986094713,0.0030286211986094713,0.0030286211986094713,0.0030286211986094713,0.007104014977812767,0.007104014977812767,0.007104014977812767,0.0030286211986094713,0.0035111631732434034,0.007104014977812767,0.0038543948903679848,0.0038543948903679848,-0.005183396395295858,0.0030286211986094713,0.0038543948903679848,,,,,
2010-09-01,0.0037286989390850067,0.003305982332676649,,0.0022284379228949547,0.019007263705134392,0.0012424341402947903,0.019589165225625038,-0.004790490493178368,0.019589165225625038,0.01487723272293806,-0.004790490493178368,,0.021775852888822556,0.01545913890004158,-0.00193531415425241,0.0022284379228949547,0.0035596704110503197,-0.005185700953006744,-0.01126918476074934,0.01545913890004158,0.0011192968813702464,0.0030454036314040422,0.0030454036314040422,-0.005409836303442717,0.0021233572624623775,-0.00407484220340848,0.0022284379228949547,0.002788532990962267,0.0022284379228949547,-0.004790490493178368,-0.0032471788581460714,0.0176458228379488,-0.011093772947788239,-0.00781791191548109,-0.005409836303442717,-0.005409836303442717,,-0.011464030481874943,-0.0005881544202566147,-0.011093772947788239,0.0022284379228949547,0.0030454036314040422,-0.00407484220340848,0.0022284379228949547,0.0029757411684840918,0.0022284379228949547,-0.011093772947788239,0.0012424341402947903,0.01545913890004158,-0.005409836303442717,,-0.00407484220340848,0.0022284379228949547,-0.012369518168270588,0.004808112047612667,0.014822401106357574,-0.004980330355465412,0.01487723272293806,0.0012424341402947903,0.01545913890004158,-0.004790490493178368,0.0022284379228949547,0.001609092578291893,0.04127899557352066,0.0012424341402947903,0.0026214253157377243,0.0022284379228949547,0.003305982332676649,0.0022284379228949547,0.0022284379228949547,0.01545913890004158,0.0022284379228949547,0.0176458228379488,0.013004191219806671,-0.00407484220340848,-0.004790490493178368,-0.005409836303442717,,0.01545913890004158,-0.005409836303442717,0.019007263705134392,0.0022284379228949547,0.002742702839896083,,,,,0.04127899557352066,,,0.01545913890004158,0.04127899557352066,0.0022284379228949547,,,,,0.019589165225625038,0.0022284379228949547,-0.005776496604084969,-0.004790490493178368,0.022004323080182076,0.021775852888822556,,-7.388885569525883e-05,0.001609092578291893,0.0022284379228949547,0.0022284379228949547,0.04127899557352066,0.019589165225625038,0.019589165225625038,-0.003973524551838636,0.04608120769262314,0.01545913890004158,0.019007263705134392,0.01545913890004158,-0.03394603356719017,0.002742702839896083,0.01487723272293806,,,,,
2010-12-01,0.025154736982628587,0.021874611836265826,,0.002102386385451638,0.022210168473871573,-0.006648842808046785,0.03057816789677271,-0.015825026902840395,0.03615810721345698,0.018136864091383906,-0.011565532292300562,,0.06824265921964487,0.03241888483022182,0.00927619950202657,0.01719933836119066,0.026979520901504694,-0.008961536394779663,-0.02837280217289073,0.005759106882954809,-0.004330276191876096,0.04040332475673023,0.017451027661586124,-0.016064865693473488,-0.0021012883849762147,0.0037859177953224184,-0.005454882291549659,0.02040703857398345,0.021241243022275133,0.006361487257130874,-0.0022720169861834127,0.04438052504207417,-0.012657580374041315,-0.00039287817263414693,0.001960310623849854,-0.016926251229829336,,0.022889558857726745,0.009631747384961718,0.005136427359709847,0.01525385810659511,0.029172398513227248,0.007844051568532124,0.028640504487065982,0.012876320663804968,0.017965579787920117,-0.023832859086427106,-0.006853691356097503,0.028342646463046864,-0.0059790964200174,,-0.005152231229062775,-0.0021154891359885693,-0.008415786198212106,0.006276209507276173,-0.007975137030820617,0.0136164874626007,0.0001805436313184065,0.026852639794142624,0.0007260281473992235,-0.0071236432563814515,0.0012774365711313278,-0.006232744427198494,0.047746682750913136,0.020300928788806395,0.0339078302335587,0.014255214445580786,0.060910365748848505,0.02498627707185256,0.034757772172297426,-0.009863016301013088,0.03204827331486168,0.03988998005751268,0.010831849773649151,-0.003987732516111028,0.0007661706671582021,-0.007684400519640904,,0.05526869992503926,-0.00879777348006541,0.036086785566903305,0.02093792797690281,0.02807422752608337,,,,,0.061520744600334513,,,0.05009928049922764,0.07315670009766576,0.015207657619393206,,,,,0.037377986399309,0.037791872833178655,-0.014096860770754177,0.005338023132435678,0.029814309829418493,0.057823722078573156,,0.020174786143918388,-0.016040096309810153,0.02152419325533594,0.0028514241641738364,0.09176054639826807,0.0514349457072077,-0.013191395001482326,0.02094213242241625,0.025258548556682473,0.02931497459507869,0.03185647012116348,0.04156722494254064,0.03760746593032816,-0.010007525762230464,0.05846674870137809,,,,,
2011-03-01,-0.008276927108781262,0.03399817097517875,,0.0015178228038584098,0.027640904918844425,0.0018623400684092308,0.03384485867340289,-0.011115009042422505,0.027243441296708065,0.02341124938320347,-0.009683360332191922,,0.05553884551913197,0.0021231525616346126,0.0485144877291086,0.01496297741093044,0.0352785882668131,-0.004150267899017778,-0.014221892825314877,0.01520747195173108,0.00921231783832498,0.037868056507743074,0.01689050353034982,-0.01826183930707719,0.011975440149054228,0.018951113045269675,0.011427595223740922,0.03240275466885244,0.011949008618062083,0.010918041453175587,0.02355997663912972,0.03317214764947531,0.0019309190375219965,0.004036233788359593,-0.0003873103841688244,-0.01446240479737538,,0.03184268318206664,0.011239147770187245,0.007860413673764706,0.013073988247988229,0.028845655992802702,-0.020653452830753097,0.04367493601556585,0.03302069927427551,0.023413376131830428,-0.007455850223378714,-0.02884523558042178,0.003526854632946386,-0.0033026388885839535,,0.017236972588683994,0.005101475064731009,0.014079269816107026,0.00575207160916921,-0.0032597231055504607,0.012158314603348592,0.006673200021009511,0.03105132975122715,0.009431050481572922,-0.005521764551598597,0.022580363934812556,0.010040789217223256,0.02635462650782099,0.01720362439078606,0.04054322953814784,0.01555945399445457,0.06647250514032738,0.037432894810831174,0.030064391847756954,0.03213072190620698,0.030601681564388885,0.03688794288242639,-0.0045744943691526305,0.0076458472523948506,-0.00295145571023262,-0.0061716409736858905,,0.06210658437571693,0.017197269911677023,0.01891262289420925,0.02183759265654017,0.025996594768066563,,,,,0.04968586018677687,,,0.04328955315341555,0.07853820700194498,-0.005620733966525232,,,,,0.03790985447768272,0.049169873422101024,-0.00713883587755656,-0.0038025008061726507,-0.017373821475684514,0.052844138182575266,,0.025228934310404294,-9.959763060232915e-05,0.01830700754406651,-0.01303122866625519,0.08044674175209415,0.05562849713637175,0.005065407734425351,0.039879639339030375,0.014666935374528291,0.04391065924076385,0.04065406468303429,0.04366132360292139,0.04414650586029471,-0.0021907543024018068,0.0461794926222123,,,,,
2011-06-01,0.013936962227665717,0.04028195546830971,,0.005316718850726123,0.02913643351358046,-0.006792981584833518,0.032489108968058726,-0.000941942474489816,0.03242388021243154,0.028581995464221598,-3.0344273880303432e-05,,0.06717590556617709,0.03942135039095247,0.056736773900765536,0.012012876663754897,0.043334239054907,0.013641313001503065,-0.017113448686371192,-0.018142832803299612,0.018416985097581974,0.03717834469123486,0.02811117939515495,-0.007380061852933676,0.019371521430837146,0.03227986219250839,0.006442535569297681,0.03442935524417123,0.01565541144233403,0.01900020317741682,0.03157794269753299,0.03430740300984784,0.021797781673203235,0.0012635912858150267,0.01953547939643917,-0.0005398030677985168,,0.026761134375813712,0.019544954664744776,0.0019787171186048252,0.014032944242908399,0.006520913114543884,0.01716624009190447,0.048748847450365694,0.038300013500326996,0.024613861268507044,0.00042741917193830746,-0.01909538327536375,0.02784692784020186,0.011409970054731055,,-0.0014626322494240079,0.011155524799667976,0.036817516573446965,0.05429197746570678,0.006062907760505135,0.01645413963966807,0.008219800448791129,0.045389339706231775,0.012091022267687275,-0.004889881641335831,0.035399766630717436,0.00970286364563369,0.021226467277805975,0.025038507129026645,0.05682787387861346,0.029532071393202367,0.06460310951072695,0.03789482428036233,0.028900725665402457,0.011363407188305544,0.03282348968396281,0.05267140493454042,-0.005682110850520086,0.02820857110059107,0.016666318901580993,0.008854259978697314,,0.05846446870291275,0.010574118234403225,0.029384690690829492,0.03593031570012428,0.02250733516585302,,,,,0.05570924854570399,,,0.049931778094470074,0.07603510953507217,0.003223054750775578,,,,,0.0331363584349523,0.054761358739094775,0.0007382115821078353,0.014504275029103975,-0.007331271160253374,0.016919231190035945,-0.002103599913614983,0.029374532122192452,-0.00213012421864669,0.02258568799116737,0.007101745129453834,0.07806297455320593,0.0286140297493549,0.025672910981616927,0.037245608695265206,0.022414626546634297,0.02823515844709771,0.03366282440467316,0.05171255569041931,0.03678331190813711,0.0003444672197041557,0.03244110772076223,,0.03986729498264875,,,
2011-09-01,0.056677327359886565,0.03914045661523869,,-0.002065548089530179,0.01875013484493217,-0.010381768823366532,0.02048818014495195,-0.006707842155343807,0.027199931331310705,0.029393987755547836,-0.004986899938329738,,0.07053142562221217,0.04716154274796025,0.04794749351335069,0.0004626837382694753,0.021955771230999583,-0.0006081523948047606,-0.015924043473939,0.009004353703340604,0.023222747482926482,0.017402852358888554,0.003027915561369905,-0.0073769898088358096,0.011197362448242315,0.027091824720354457,-0.0068282054399444875,0.024375192964204886,0.004857408822615237,0.03268757669079913,0.02984042527026704,0.035774936030396,-0.0005892397025711363,-0.002805039386107977,-0.0047899086864663315,-0.011963892964164896,,0.009052550111621224,0.0060057765764247656,-0.0031314584139967385,0.004419044139391368,0.03082949570401067,-0.0010160479486831084,0.03148156977641618,0.027702738294970868,0.009554533765493497,-0.014281191806791452,-0.010342320306776067,0.047348846114826,-0.006613460247611974,,-0.001641488333610383,-0.007067055520554152,0.011656198840708128,0.0584155292661243,0.0009313102266031914,0.0005371888525524261,0.008814749972564278,0.04332311700235291,0.0032595767046287496,0.00038195713562787345,0.022107376770939706,-0.00786375581842503,0.018864923629002276,0.017441204853964998,0.05326519518186158,0.008979499020314101,0.06051799221303933,0.020543643657409655,0.013285780818873523,0.013227352890248052,0.03593538114493531,0.02135179486987436,0.0295038924911149,0.005869110370762226,0.0001148887850216727,-0.008750673508292768,,0.07332491324326945,-0.01042755071139881,0.019282465146636604,0.024499106661972848,0.023895982727028087,,,,,0.05646577236685225,,,0.0372160704647296,0.06429210353666318,-0.0128376983202594,,,,,0.018484960300795474,0.04499516021192091,-0.003035954608752516,0.0033400991063223568,0.0056186942680404505,0.04877047778098177,0.006542918536993332,0.022364515830485748,-0.012243545527918872,0.022509853783894872,0.00125641855590388,0.08083174622850282,0.04829435556642624,-0.0038712326533584442,0.023462742796163248,0.02212415028360139,0.03234723578988471,0.02676260043461443,0.029863087982074325,0.02293134678352472,0.0019881146254974503,0.03470889332284358,0.019636647944773062,0.0446445025887268,,,
2011-12-01,0.05231738090515137,0.0281713604927063,,0.025410303846001625,0.02839193306863308,0.02431972697377205,0.024017632007598877,0.0199660025537014,0.02369770035147667,0.02839193306863308,0.018066473305225372,,0.02839193306863308,0.02839193306863308,0.02839193306863308,0.026109958067536354,0.026109958067536354,0.018066473305225372,0.018066473305225372,0.026381129398941994,0.026381129398941994,0.026109958067536354,0.026109958067536354,0.018207479268312454,0.02839193306863308,0.026109958067536354,0.025410303846001625,0.026109958067536354,0.024017632007598877,0.0199660025537014,0.026109958067536354,0.02839193306863308,0.018066473305225372,0.0199660025537014,0.018066473305225372,0.018066473305225372,,0.026109958067536354,0.02431972697377205,0.00030230218544602394,0.026109958067536354,0.026109958067536354,0.02242019958794117,0.026109958067536354,0.026109958067536354,0.026109958067536354,0.018066473305225372,0.026109958067536354,0.02839193306863308,0.018066473305225372,,0.02431972697377205,0.0199660025537014,0.024210428819060326,0.02839193306863308,0.02839193306863308,0.0199660025537014,0.02431972697377205,0.026109958067536354,0.02369770035147667,0.0199660025537014,0.026109958067536354,0.018066473305225372,0.02626107633113861,0.026109958067536354,0.02839193306863308,0.026109958067536354,0.0281713604927063,0.026109958067536354,0.026109958067536354,0.02839193306863308,0.028969328850507736,0.026109958067536354,0.0281713604927063,0.024210428819060326,0.0199660025537014,0.0199660025537014,,0.02839193306863308,0.018066473305225372,0.02369770035147667,0.026109958067536354,0.026109958067536354,,,,,0.02839193306863308,,,0.02839193306863308,0.028506802394986153,0.0199660025537014,,,,,0.02839193306863308,0.026109958067536354,0.0199660025537014,0.0199660025537014,0.026601701974868774,0.02369770035147667,0.02839193306863308,0.026109958067536354,0.02431972697377205,0.026109958067536354,0.0199660025537014,0.04422555863857269,0.02839193306863308,0.04422555863857269,0.02174987643957138,0.022076331079006195,0.026601701974868774,0.02369770035147667,0.02839193306863308,0.02839193306863308,0.022076331079006195,0.02839193306863308,0.02839193306863308,0.02839193306863308,,,
2012-03-01,0.11269739270210266,0.02929162234067917,,0.023847877979278564,0.02568647265434265,0.023847877979278564,0.022045934572815895,0.023847877979278564,0.02411818690598011,0.02929162234067917,0.023847877979278564,,0.02929162234067917,0.02929162234067917,0.02929162234067917,0.024431152269244194,0.023847877979278564,0.024431152269244194,0.023847877979278564,0.024018049240112305,0.02568647265434265,0.017670903354883194,0.024431152269244194,0.018021197989583015,0.02929162234067917,0.024431152269244194,0.023847877979278564,0.02929162234067917,0.022911323234438896,0.024431152269244194,0.024431152269244194,0.02929162234067917,0.024431152269244194,0.02211679145693779,0.023847877979278564,0.023847877979278564,,0.02929162234067917,0.023847877979278564,0.02929162234067917,0.024431152269244194,0.02929162234067917,0.00971992127597332,0.02929162234067917,0.02929162234067917,0.024431152269244194,0.023847877979278564,0.02929162234067917,0.02568647265434265,0.023847877979278564,,0.023847877979278564,0.024431152269244194,0.024431152269244194,0.02929162234067917,0.02929162234067917,0.024431152269244194,0.02568647265434265,0.02929162234067917,0.025081848725676537,0.021462660282850266,0.024431152269244194,0.023847877979278564,0.02568647265434265,0.024431152269244194,0.02929162234067917,0.024431152269244194,0.02929162234067917,0.024431152269244194,0.024431152269244194,0.02929162234067917,0.024431152269244194,0.02929162234067917,0.027822738513350487,0.024431152269244194,0.023847877979278564,0.024431152269244194,,0.02929162234067917,0.023847877979278564,0.024226568639278412,0.02929162234067917,0.02929162234067917,,,,,0.02929162234067917,,,0.02929162234067917,0.02720549702644348,0.023847877979278564,,,,,0.02568647265434265,0.02785623073577881,0.023847877979278564,0.023847877979278564,0.02568647265434265,0.025423426181077957,0.02929162234067917,0.02929162234067917,0.023847877979278564,0.023847877979278564,0.023847877979278564,0.047976527363061905,0.02929162234067917,0.03614317253232002,0.024431152269244194,0.018021197989583015,0.02568647265434265,0.037378065288066864,0.02568647265434265,0.02929162234067917,0.021243862807750702,0.02929162234067917,0.02929162234067917,0.02929162234067917,0.02929162234067917,,
2012-06-01,0.07450579728518625,0.04810895366053106,,0.026676958716352707,0.03612471640962625,0.009146709541289098,0.03439096950270742,0.010143910910344103,0.02896203603943447,0.033734519144700735,0.0145497366074216,,0.07378108548436561,-0.007811205139844854,0.0604965167007545,0.03265616750831562,0.047470333156988405,0.033840801388428876,0.0014191666925286973,0.01774221667117703,0.020040718619642788,0.03604643446526389,0.05708980731549912,0.001210598196388197,0.04282436211108867,0.05531390251940046,0.03181772317928765,0.04769800386957506,0.025574881977432882,0.05080814324607375,0.04997534913918613,0.04847268422061234,0.03490684785228762,0.020870560645849242,0.02376618702144042,0.010389503734012803,,0.0270591218110018,0.011789381014493587,0.054684108852296076,0.04237574398180951,0.05258797305228205,-0.019556411073520404,0.07102930809565791,0.04313601051876101,0.026050279613524917,0.013914924033125829,0.00956711728719059,0.04988396223669425,0.04020174856324436,,0.030927793954049685,0.03353259446443798,0.05379138607742835,0.08300686677554638,0.024581467032369183,0.039105901555043565,0.009398328217524706,0.0461230127084569,0.023906320528860932,0.016978574482403207,0.04846999839686197,0.03106019773466065,0.03432444326195988,0.019933135403655163,0.08441017136729884,0.050597917485897446,0.06361337380891262,0.03337184909916612,0.0670620453480829,0.02370200609339195,0.04483328970171401,0.057239871233785766,-0.001601135422798014,0.018790710306150836,0.03428635034169009,0.026224677822012078,,0.06933540764725939,0.024058431801481765,0.02865652667180196,0.02338160333547644,0.060785624561006044,,,,,0.042804938811968396,,,0.06327886300614,0.08959777596830129,0.0433825057646483,,,,,0.050349283522772785,0.06826732535309633,0.01677217875167258,0.03146597900427249,0.002505039927930836,0.05494926345492465,0.025710657641682393,0.034589905006733083,0.02113308117352821,0.05885245952941798,0.03581386216771644,0.11274787577820508,0.061500396386432454,0.08971620381636558,0.05027330212038837,0.042610616724088564,0.049330905762787945,0.03247568592916324,0.03163879585204161,0.03759796103820808,0.0014837502238430316,0.07284011403356044,0.035282857642684955,0.0485604141417289,0.05443478507239903,,
2012-09-01,0.046609872614875786,0.061338181226476204,,0.022523798601254245,0.030511874738147142,0.006087858857968362,0.020515472411598318,0.005132997239479836,0.040588724147176854,0.041258263999437016,0.00851732099741566,,0.07582186777264834,0.015082045140236495,0.06461770111033502,0.036979506053582314,0.06158974235405646,0.037460672638141,-0.00386352820110958,-0.03678168981139542,0.016913723030898952,0.030526718729042703,0.05938311277098219,-0.020866216022133392,0.020128331975531273,0.054233696094207015,0.028576862361249775,0.04482796939810703,0.02761413005075273,0.06071480132275774,0.05446432218947795,0.06740183520795677,0.025218459958517285,0.009606710701318084,,0.011897975378760068,,0.050692381600986346,0.013093758745658442,0.06295405056013685,0.04392469454881708,0.04067015954567518,-0.002439707840836196,0.06869553397645403,0.048243349398996306,0.02920076897014904,0.010990109349854721,0.01042990248725839,0.01768916144155111,0.0366638983725395,,0.02171031767933261,0.013710863468046265,0.04785066436875932,0.07045054748423656,0.024215032250998234,0.0318632268288981,0.00896621553741325,0.05197452930764772,0.0213655913573539,0.007233628642818415,0.03665875228554189,0.03318001407272628,0.0401044440272289,0.027295376456320266,0.07637694558227909,0.03453309884985027,0.06697328157119795,0.02380505475272131,0.06745953162097144,0.02061985637105473,,0.061256016526417226,0.025291388571084636,0.012227603354997063,0.03542834293172072,0.04041189928662679,,0.06483940359922087,0.026869695529571594,0.03972131224149954,0.021748424339531926,0.06248166414502848,,,,,0.05433758232351505,,,0.04805125662200958,0.08430582420839298,0.055590228176595584,,,,,0.04737031360296165,0.06245254616584495,0.018817741433394583,0.03438757300282206,-0.027555709643911165,0.03640379195253501,0.025058900649532614,0.036679755375072905,0.022942487420781532,0.04396842915287701,0.03184246937771558,0.09957535261551938,0.06446563637295463,0.062123252241779385,0.060438260900487865,0.03480198768629045,0.0568571449980849,0.05389023404871823,0.06894005869185746,0.0452273743514159,-0.0020490614964340775,0.03316649742342341,0.02535129521828797,0.062161193916538446,0.06304888683682332,,
2012-12-01,0.03742410185397264,0.03799713632288515,,0.003058182717867308,0.015905741459511836,0.0007569318686572571,0.03149686046205756,-0.005162849124162944,0.03445084196783919,0.04197160473508923,-0.008623405396804004,,0.05771161252974126,0.013329879013057551,0.056053474516209144,-0.004573622042267999,0.03786862749506943,0.001327801261178609,-0.009010787415911522,0.004070687260896048,0.01647976512751925,0.03129256704404216,0.010077721411779142,-0.018465577365040297,0.008879328591029068,0.015109768485916775,0.009414468699799778,0.021548313533620335,0.023300840219194745,0.019383969266118836,0.019958205285138947,0.04630693353924951,0.004093557870432665,0.0011241132690522273,,-0.004210746551119093,,0.013109057537755273,0.007545110863654792,0.058015670641731625,0.002267379012065674,0.017137656642749813,-0.013967547421743477,0.026352499541374128,0.020857131400693073,-0.0041823006504749715,-0.007112869423995963,0.004644882418886344,0.023658488453377303,0.0011857786579147198,,-0.0009757072831218815,0.004833106269093584,0.01553160707703634,0.06426293478244494,0.031107901053795017,0.013027795421663681,0.006283709832711863,0.015851975312648866,0.01613225408896034,-0.00644817708289278,0.005888886220995831,0.012364004020661727,0.0279481740594023,0.021565780585101807,0.04605775815881701,0.00264947522111923,0.06956692011147353,-0.003042706765293817,0.04869544096064838,0.030468249766238673,,0.03178015374996689,0.0122186236914821,-0.0018418955787357794,0.007033793362309688,0.0006737912050641329,,0.06177732389733689,-0.0014706135391793285,0.03244363649981068,0.03352186938594169,0.03131156897992344,,,,,0.04498782981558473,,,0.05220014892481366,0.056087674166572885,0.00745073045513407,,,,,0.017603642474434633,0.04894106111278591,-0.006325555449848318,0.007046029285175444,0.013832071736023282,0.042996186941204106,0.01581934568835867,0.04682196221787592,0.007177201651873054,0.017974850705393973,0.0032310379548055263,0.059584758159817446,0.031063678499410087,0.04705838252206389,0.04033438121982588,0.01488144587505871,0.03546969893374516,0.030207479632143822,0.05183869256427902,0.06927528855263537,-0.01037867950073241,0.02833875638537033,0.03187583300715118,0.026979408008979276,0.0515372034107002,,
2013-03-01,0.17062701653259307,0.033682262034346926,,0.006668926497118724,0.01697821045403812,0.010719178506077185,0.023233607297260712,0.009876510972737703,0.05331359468949265,0.03139759295636896,0.008077720700896757,,0.03857292520327798,0.025987366128258662,0.02788657657609863,,0.0355201447526775,0.010958804068790927,0.009006250058472203,0.026401430521176876,0.0207523813441941,0.018574733650466017,0.010958804068790927,0.0068016018323445926,0.015346672386654605,0.029572391875772968,0.014932375813380621,0.0174430082494339,0.015365951893805217,0.010328601989475125,-0.05074747396228704,0.017874948002803596,-0.05275960906580733,0.009686094368548724,,0.009973803612796185,,0.016388641182749762,0.009876510972737703,0.019665394516862108,-0.025959079604889315,0.025637687402102552,-0.01910435469088787,0.05080153154389294,0.018915553111179303,0.010040742942474336,0.008699182777660732,-0.00669190776338665,0.03435056379030015,0.009973803612796185,,0.008077720700896757,0.010958804068790927,-0.025657294210812476,0.04296608312799342,0.017820434335951173,0.010328601989475125,0.01622560805910134,0.013025388960205216,0.028429169240060725,0.007789861653895968,0.010958804068790927,0.008077720700896757,0.037521768184854455,0.02052574981792088,0.08480904317285147,0.010329618093851944,0.025634474298958043,0.010328601989475125,0.03687839418678803,0.03295913259104061,,0.0718093919592457,-0.02174540098810768,0.010604005692111987,-0.038360743601558916,0.008077720700896757,,0.022695179702469082,0.010577045358212961,0.02417764430779936,0.027752639169533716,0.03327957188319659,,,,,0.03338987220123626,,,0.033008279419924846,0.03575342698978794,0.010329618093851944,,,,,0.04092000230398173,0.020744042484488145,0.008066529042602397,0.008699182777660732,0.010657438289148646,0.033765248802377634,0.009956892096906596,0.02271445978621479,0.008077720700896757,0.009973803612796185,0.008179857721958877,0.10467881529976572,0.04203405284551406,0.20021242239958323,0.051866187163357884,0.010040742942474336,0.019478629335117417,0.01810456702999608,0.024692940060269463,0.11603468597412503,0.016261385792061513,0.016482715965459756,0.03685938341896807,0.025880234787811675,0.02192710097091143,,
2013-06-01,-0.013912036083638668,0.021909916773438454,,0.01708776317536831,0.021909916773438454,0.01708776317536831,0.020120752975344658,0.01708776317536831,0.020120752975344658,0.021909916773438454,0.01708776317536831,,0.023988718166947365,0.021909916773438454,0.023988718166947365,,0.021395865827798843,0.01708776317536831,0.01708776317536831,0.019777173176407814,0.021909916773438454,0.021909916773438454,0.01708776317536831,0.016834046691656113,0.021395865827798843,0.01708776317536831,0.021395865827798843,0.01708776317536831,0.020120752975344658,0.01708776317536831,0.01708776317536831,0.021909916773438454,0.01708776317536831,0.01708776317536831,,0.01708776317536831,,0.021909916773438454,0.01708776317536831,0.021909916773438454,0.01708776317536831,0.023474667221307755,0.005988480523228645,0.01708776317536831,0.023988718166947365,0.01708776317536831,0.01708776317536831,0.01708776317536831,0.021909916773438454,0.01708776317536831,,0.01708776317536831,0.01708776317536831,0.01708776317536831,0.023988718166947365,0.021909916773438454,0.01708776317536831,0.021909916773438454,0.023474667221307755,0.021909916773438454,0.01708776317536831,0.01708776317536831,0.01708776317536831,0.021909916773438454,0.01708776317536831,0.021909916773438454,0.01708776317536831,0.023988718166947365,0.01708776317536831,0.023988718166947365,0.021909916773438454,,0.01708776317536831,0.021909916773438454,0.01708776317536831,0.01708776317536831,0.01708776317536831,,0.021909916773438454,0.01708776317536831,0.020120752975344658,0.021909916773438454,0.021395865827798843,,,,,0.020120752975344658,,,0.023988718166947365,0.02324651926755905,0.01708776317536831,,,,,0.021395865827798843,0.023988718166947365,0.01708776317536831,0.01708776317536831,0.021395865827798843,0.020120752975344658,0.023988718166947365,0.023988718166947365,0.01708776317536831,0.01708776317536831,0.01708776317536831,0.04546806961297989,0.020120752975344658,0.04546806961297989,0.01708776317536831,0.01708776317536831,0.021909916773438454,0.021909916773438454,0.021909916773438454,0.034522611647844315,0.01708776317536831,0.021909916773438454,0.023988718166947365,0.021395865827798843,0.023988718166947365,,
2013-09-01,-0.005084612562593572,0.026664191832745765,,0.014524148347267,0.017572489219413144,0.01238624663918349,0.016998586921207186,0.014627500616595025,0.019715972377120628,0.021833734494922694,0.014627500616595025,,0.019675511609824923,0.01734645983744717,0.03228285575230608,,0.014524148347267,0.014524148347267,0.016579390263018346,0.019183658797799336,0.02143427341256929,0.020676838302447972,0.014524148347267,0.01334225655022941,0.020706982718652157,0.014524148347267,0.017551665478959123,0.014524148347267,0.019400529516242736,0.014524148347267,0.01170560159704189,0.022816896409617572,0.014524148347267,0.014627500616595025,,0.014524148347267,,0.017570989491329066,0.014524148347267,0.0171612951446437,0.014524148347267,0.022783057817910266,-0.07480240551060954,0.017168575167894357,0.02138600125942404,0.004786870837813433,0.014627500616595025,-0.012917079658607111,0.021220374027781094,0.014524148347267,,0.014524148347267,0.014524148347267,0.014524148347267,0.019126286816285854,0.02085006097702706,0.014524148347267,0.01731622895470735,0.014524148347267,0.025062834208567298,0.014524148347267,0.014524148347267,0.014524148347267,0.01771156420710842,-0.012917079658607111,0.031688122474685276,0.014524148347267,0.022243471917109337,0.014524148347267,0.065943879696419,0.023738668862972632,,0.014524148347267,0.014922853487565736,0.014524148347267,0.014627500616595025,0.014524148347267,,0.020188450696637827,0.04291567331075135,0.0239862645777703,0.017075274423803077,0.022293475663081316,,,,,0.021707253209840377,,,0.017014401456910605,0.031206722085914237,-0.03674749463610385,,,,,0.05184470245795224,0.0387963107814027,0.014524148347267,0.014524148347267,0.02082923723657304,0.023733654856974838,0.016803442256003352,0.01755335625469802,0.014627500616595025,0.014524148347267,0.01238624663918349,0.10859325157567117,0.019357398979630052,0.10537648698389294,0.004786870837813433,0.019639576781181316,0.045071289017025624,0.022164617135226324,0.020732874534635976,0.029010148508107472,0.014627500616595025,0.017623373790349395,0.023258956385429918,0.01170560159704189,0.016991824030746158,,
2013-12-01,0.017018024091482488,0.009358789083373276,,0.019957085304236448,0.035850159912226086,0.019957085304236448,0.025304564381233005,0.019957085304236448,0.02858026501640162,0.029814865258258046,0.019957085304236448,,0.03216769452713235,0.07977061099564074,0.03423322312655957,,0.019957085304236448,0.019957085304236448,0.019957085304236448,0.025076220963596442,0.0369581702453201,0.023711114610380755,0.019957085304236448,0.019551861830776587,0.019957085304236448,0.019957085304236448,0.019957085304236448,0.019957085304236448,0.02858026501640162,0.019957085304236448,0.00949881474977945,0.030749395283390567,0.019957085304236448,0.019957085304236448,,0.019957085304236448,,0.019957085304236448,0.019957085304236448,-0.011767459057558046,0.019957085304236448,0.019957085304236448,-0.047010428094818216,0.019957085304236448,0.01935876746476801,0.019957085304236448,0.019957085304236448,0.019957085304236448,0.028504029071939274,0.019957085304236448,,0.019957085304236448,0.019957085304236448,0.019957085304236448,0.02674695550327926,0.02387046175583946,0.019957085304236448,0.023711114610380755,0.019957085304236448,0.028906239894455534,0.019957085304236448,0.019957085304236448,0.019957085304236448,0.03144882282076394,-0.0024255134061652414,0.03738543683529755,0.019957085304236448,0.02513617825738637,0.019957085304236448,0.03133733933335596,0.030591624580618607,,0.016168771139805697,0.07977061099564074,0.019957085304236448,0.019957085304236448,0.019957085304236448,,0.034333620756310565,0.016168771139805697,0.031709084415227136,0.02387046175583946,0.019957085304236448,,,,,0.030671235831379578,,,0.019799665865647104,0.033785453042932685,-0.011523496087112804,,,,,0.019957085304236448,0.03215598968932615,0.019957085304236448,0.019957085304236448,0.019957085304236448,0.03659938188731415,0.03423322312655957,0.02468949121333035,0.019957085304236448,0.019957085304236448,-0.023444479135835028,0.04501286458230396,0.019957085304236448,0.07938012326710774,0.03131313759419706,0.028440769743748845,0.024769917694193667,0.028286570449198623,0.02818366908048248,0.030460958395597437,0.019957085304236448,0.03433612449527572,0.034077152059610115,0.00949881474977945,0.029348603559111834,,
2014-03-01,-0.08982031478601495,0.03494715146524781,,0.019585882155982552,0.03961843279736741,0.02493643102418769,0.025708870390210952,0.026075882362916622,0.025708870390210952,0.028740370292588253,0.026034392084746397,,0.05318486808671749,0.00796380894704572,0.0257037246963546,,0.02331610507429287,0.019309540454368435,0.027138594789602274,0.032493755281690004,0.029648829536485097,0.03236909404095457,0.016639270578811406,-0.01075587890556928,0.016639270578811406,0.017379010478732655,0.017519856628784976,0.017582087702600196,0.02476605326642216,0.017468517891799377,0.014387555315096032,0.016210118188774787,0.022442719073499214,0.03090183633314714,,0.019399047867435158,,0.024706279049006734,0.017468517891799377,-0.004806969165741617,0.016639270578811406,0.01628885668730345,-0.04435961859852749,0.01681649842371892,0.022907747899674553,0.017468517891799377,0.025439735659748195,0.02414535238728084,0.030584308491037097,0.019399047867435158,,0.016639270578811406,0.029243053854025102,0.022442719073499214,0.03372222939708923,0.025345154335766694,0.018349103941772946,0.022997255312741275,0.01628885668730345,0.03141732116486369,0.017379010478732655,0.019399047867435158,0.017519856628784976,0.02942595821194069,-0.0058846801496575596,0.028686429699960117,0.019585882155982552,0.0287114612196807,0.018349103941772946,0.05319545388252944,0.031420732612993864,,0.019395492762824595,0.02357785592960762,0.019399047867435158,0.025439735659748195,0.018569800554447187,,0.024763260794018162,0.02480118411627968,0.02942595821194069,0.02646230415416639,0.017468517891799377,,,,,0.031510873958670055,,,0.03973859099597978,0.04355421639012538,,,,,,0.016639270578811406,0.04527981981338192,0.017166912315226875,0.023509205684112414,0.020024125958361574,0.03705161008978132,0.024805728310487947,0.046905739928617435,0.02331610507429287,0.017468517891799377,0.01517479439377054,0.11435858774691503,0.01628885668730345,0.028615633301617587,0.024455314418979992,0.005093378722460035,0.024785677206950088,0.02792809864512722,0.02208629864199196,0.034637373405688614,0.024579014082798865,0.024579014082798865,0.03216145682170905,0.01700296891886303,0.025032748809411323,0.013884537919760472,
2014-06-01,0.021308378798245875,0.033139418448948944,,0.009217802438893068,0.02325675674351874,0.01056895906192438,0.025375600950802317,0.02256374097067238,0.027688330458752446,0.04622136593494187,0.009895923757978696,,0.061722432528527174,0.021116822559420628,0.04611946715399058,,0.011023495105167279,0.02174413205886423,0.011805612467208283,0.03253690931562713,0.031698185386886,0.022602196871175505,0.014052880928935403,0.0024323235498822037,0.01116119857751292,0.018014939548572983,0.012501624325535131,0.016781439171568983,0.023841303495818488,0.035461019437855644,0.02443327156638568,0.02075490409326647,0.020890280990574592,0.009904232079921471,,0.00789469410091568,,0.02434887659140721,0.01759833839280463,0.021064247323525177,0.012803309031247611,0.020695236262306373,0.002164272472130661,0.022701205252885052,0.02083554066898043,0.019494183472208857,0.02458109784831316,0.0159311188460637,0.03794858762770757,0.016075463881912107,,0.014245912836354702,0.0222557985409225,0.03427520138230904,0.03662140772957995,0.013251226495195311,0.021594560359294787,0.029841899078241554,0.012325092335559739,0.02924220936976736,0.005458005543782383,0.016933333621682246,0.019048848933257898,0.03650033176261084,0.023359819536175077,0.04812582965631256,0.01016732401809526,0.04506274098329467,0.024178795853181764,0.05971050071499935,0.018398410519408583,,0.014369347525947212,0.010725638087378381,0.018166656520425043,0.018839475851049746,0.011017756396082717,,0.041608126798107346,0.024123660036652228,0.03926604384935298,0.02659816289726605,0.026138480782202343,,,,,0.03766967534103862,,,0.04647185604549772,0.057133188400614404,,,,,,0.019144091183174675,0.044559698152268394,0.00932916126865635,0.02752850075028829,0.014402625747312478,0.027810540525610754,0.017311675925834158,0.04085511546945461,0.007919906357508976,0.02491513078155512,0.015473818956128128,0.05797296532329824,0.020293390467240113,0.042272323062477024,0.03473169238970538,0.021746331235476757,0.025333453147206943,0.046056628404997454,0.023475905585897808,0.05060305673184882,0.012691790091155647,0.02106759372051996,0.02498460926159006,0.03670087516494221,0.03287371052884849,0.02627719949887128,
2014-09-01,0.032014667616662634,0.0368823726624652,,0.006041158700312026,0.021500431917714367,0.004399093155508336,0.02881966210057436,0.022166268579475283,0.030427394016839835,0.04061648979404256,0.00713681567593232,,0.05674045559012961,0.007999481256477705,0.045145760758232935,,0.007245749341429523,0.01814528703988105,0.011812799490835775,0.029959962922851573,0.016697796817039937,0.027910756599024825,0.008805960173871115,-0.004385015691423209,0.007444438976705606,0.011071888700480743,0.01172998715995005,0.010576819752794587,0.024101167900405493,0.022733459861402787,0.016818986009922376,0.04467572571017446,0.012755494598373537,0.007053036962627993,,0.0036529479271446763,,0.02365406377015895,0.011094517177086474,0.022096784973447775,0.0107283633318718,0.014447040418899292,0.00019847951609514196,0.023173747280157708,0.018267963099362697,0.01496980213348801,0.02059373226860539,0.008810550924895242,0.035894127589135044,0.01605337781949033,,0.013677626479559364,0.023999023419762913,0.02697791946640807,0.0466034604005098,0.01677683678205093,0.019356742783501902,0.017500202242974508,0.0020020468879718596,0.026804492928754135,0.00030552220982384837,0.010280224647760716,0.014290932961972688,0.030606604738487614,0.01421078204747117,0.045480255004048606,0.00955715014495074,0.04939610542029018,0.014352634705150273,0.03354910242979387,0.016362600385665976,,0.008600240898571095,0.028830975738717388,0.018008095036604253,0.013900541997679079,0.01051560593755233,,0.0380856690922419,0.016219533447900183,0.0315586168677802,0.01925178331954858,0.02069418780491992,,0.0161422603372646,,,0.034911801543832804,,,0.053417893869043685,0.04991629492835042,,,,,,0.008997342175545476,0.04491735060867108,-0.0013917135421358685,0.017056775249653898,0.0010552560135963526,0.02331280104852547,0.013576981932378022,0.03159613371746836,0.006405543191842871,0.012174152168880507,0.0035021283573125777,0.049763476170730084,0.013426213055029864,0.05487844163249239,0.028492298046327767,0.010844342386018412,0.05102119489100256,0.03899719192458047,0.027252932320866178,0.042743564941524204,0.010647149001025567,0.03324507706264496,0.023263904529257962,0.022228589629505933,0.029979395354028725,0.015224619595558445,
2014-12-01,0.04602479330440506,0.05126247958422245,,0.01588277573407679,0.036534709700551365,0.014656847925289674,0.03527103294079072,0.01953087800263612,0.04025603590607894,0.05509787611919239,0.010599663274533553,,0.05524161103827084,0.03644753386568122,0.045000866029506995,,0.02017228692780331,0.035307184867606894,0.010009651479834108,0.036995110141970364,0.03285357342884543,0.03158003292361158,0.02499007270556981,-0.006849696710492348,0.011653065138046195,0.023785094165973006,0.01380460673953524,0.014722998484989185,0.02948212648150411,0.027117347871222955,0.04162318759228082,0.02399200292559342,0.020915055129162224,0.0028703345228853153,,0.009948110100369062,,0.03835454927547959,0.014883683428726098,0.048631941290991326,0.021673443883207914,0.02056193355794218,-0.004110611252760704,0.032188965486935416,0.029601210746792422,0.017746297187491253,0.02111322948198844,0.0216211000255049,0.05792412556769185,0.01763516957745138,,0.01100278463695028,0.026816372555540303,0.033956415405084504,0.048927428716021196,0.021258556455704708,0.037829365361451026,0.02384722771977339,0.010662958078783369,0.04748888553940819,0.007754668797113373,0.018619826198671304,0.026434580344249583,0.03805370399699358,0.01990252198583313,0.0502794686144166,0.013065173474137612,0.036864653872354984,0.019758999274656457,0.06528290855135307,0.019103803757294827,,0.04751711749886924,0.03277104425518095,0.022865758267514896,0.029143869846282467,0.016610378915451033,,0.03962692827241251,0.03885753728419385,0.031969079914677255,0.02987966826958801,0.03099585681208003,,0.02559714472325664,,,0.03366866454772368,,,0.0734561706320478,0.04685207430414661,,,,,,0.01489324436223595,0.05221541886731744,0.004360601805530638,0.02476476644792024,0.008876286239562315,0.02498836010370321,0.018995595266248885,0.03164857385483832,0.009658875888399305,0.02277997845841806,0.004936558490416298,0.0617101483188799,0.04348300878939523,0.03585224876928436,0.03440420333405584,0.01336026511739769,0.03715145456395103,0.04567532711810647,0.028697740404291402,0.05364864135403789,0.021890002493406308,0.03390904395192465,0.02768557161459295,0.032785726687816985,0.0451943548183349,0.035475078012257924,
2015-03-01,0.030818918719887733,0.03180728852748871,,0.030200300738215446,0.030818918719887733,0.030200300738215446,0.03281625732779503,0.030200300738215446,0.030200300738215446,0.032136306166648865,0.030200300738215446,,0.032136306166648865,0.030200300738215446,0.030818918719887733,,0.030200300738215446,0.030200300738215446,0.030200300738215446,0.03442326560616493,0.03180728852748871,0.030818918719887733,0.030200300738215446,0.026983747258782387,0.03180728852748871,0.03180728852748871,0.030200300738215446,0.030200300738215446,0.02805408276617527,0.030200300738215446,0.03180728852748871,,0.030200300738215446,0.030200300738215446,,0.02805408276617527,,0.03180728852748871,0.030200300738215446,0.030818918719887733,0.030200300738215446,0.030200300738215446,0.01955770142376423,0.03442326560616493,0.030818918719887733,0.030200300738215446,0.030200300738215446,0.030200300738215446,0.032136306166648865,0.030200300738215446,,0.030200300738215446,0.030200300738215446,0.030200300738215446,0.03442326560616493,0.03281625732779503,0.030200300738215446,0.030818918719887733,0.030200300738215446,0.032136306166648865,0.030200300738215446,0.030200300738215446,0.030200300738215446,0.032136306166648865,0.030200300738215446,0.032136306166648865,0.030200300738215446,0.030818918719887733,0.030200300738215446,0.030818918719887733,0.03442326560616493,,0.030818918719887733,0.030200300738215446,0.030200300738215446,0.030200300738215446,0.030200300738215446,,0.03442326560616493,0.030818918719887733,0.03128087893128395,0.03442326560616493,0.030200300738215446,,0.032136306166648865,,,0.02967068925499916,,,0.03442326560616493,0.033414337784051895,,,,,,0.030200300738215446,0.030818918719887733,0.030200300738215446,0.030200300738215446,0.03180728852748871,0.029664278030395508,0.030818918719887733,0.030818918719887733,0.030200300738215446,0.030200300738215446,0.02994413487613201,0.11068389564752579,0.03180728852748871,0.03442326560616493,0.030818918719887733,0.02805408276617527,0.030818918719887733,0.032136306166648865,0.030818918719887733,0.03189840540289879,0.030200300738215446,0.030818918719887733,0.03442326560616493,0.030200300738215446,0.030818918719887733,0.030818918719887733,
2015-06-01,0.049231695772332655,0.031777457864867215,,0.011653252427309128,0.03378632237169249,0.014715081395034144,0.04546954966125669,0.01952961375719251,0.026178640827845854,0.047897587100005065,0.030857604589354007,,0.054478329849379996,0.02723826164969766,0.03556490638980896,,0.021127724331760123,0.03150629163758764,0.019872888412555904,0.03263275085574751,0.017423404315814267,0.01076654989586474,0.019732949084972685,-0.00023030899049196037,0.01931626652579042,0.023263021659572104,0.03284003437476899,0.021117351725829372,0.01849563131528743,0.03941582697863242,0.0463738595487457,,0.024825537996004315,0.0010914699561570748,,0.011099270759990256,,0.03167780510414535,0.019016297888075493,0.032443370897447844,0.021216574358791197,0.01416580017771653,-0.004340504222819855,0.033554884913947855,0.02437115151695163,0.022246043412858397,0.021369678440147824,0.012178461864028624,0.037016661583290145,0.02848077127372669,,0.01604334819333403,0.024916599068706836,0.024677950841617013,0.04895061812604535,0.02221134716105987,0.04258884850050451,0.02427376771382229,0.0174534942111813,0.03794847017414751,0.015246400156517459,0.018937903517428356,0.027302790670467716,0.0360684057573267,0.020632714148299477,0.034049781558641905,0.01866183311027512,0.035580252032118974,0.0173922094470511,0.04565734795221189,0.015330461684733019,,0.0404291945470485,0.03448200176474423,0.026623679160772806,0.023194979932743796,0.014052428575589198,,0.05524650014939813,0.039563372561502115,0.02427999380065565,0.018176504440119538,0.03246438883271561,,0.021184317565494028,,,0.031712147540821585,,,0.03651500629467825,0.047156109540124766,,,,,,0.01937041664864452,0.055157584199369974,0.00763196538815547,0.018897614018689352,0.014008849446963227,0.03621916062719329,0.016325604986799917,0.02922220188891816,0.012341606949734317,0.02708317542968494,0.012467766504828648,0.04679127262671381,0.029543518142310016,0.02880240431538429,0.029011684966605524,0.019505162444550982,0.02131028643956444,0.03970377926641901,0.029515992914261106,0.04593677446729433,0.010720279660889951,0.03382305861136748,0.023830888428923735,0.02561277902234854,0.035802062313865325,0.02866827229393438,
2015-09-01,0.04442368447780609,0.036419209092855453,,0.028036536648869514,0.02660066820681095,0.025557421147823334,0.04442368447780609,0.028025809675455093,0.02660066820681095,0.03846270591020584,0.028036536648869514,,0.029076071456074715,0.044370006769895554,0.04442368447780609,,0.028036536648869514,0.036419209092855453,0.028036536648869514,0.04442368447780609,0.036419209092855453,0.02660066820681095,0.025557421147823334,0.027972647920250893,0.02660066820681095,0.028036536648869514,0.034834686666727066,0.028025809675455093,0.02632787451148033,0.030504925176501274,0.044370006769895554,,0.030504925176501274,-0.06340823322534561,,0.028025809675455093,,0.036419209092855453,0.028025809675455093,0.04442368447780609,0.028036536648869514,0.024280276149511337,0.007098738569766283,0.006885519251227379,0.034834686666727066,0.028025809675455093,0.025557421147823334,0.0277433842420578,0.026607684791088104,0.025557421147823334,,0.028036536648869514,0.030504925176501274,0.036419209092855453,0.047235339879989624,0.04442368447780609,0.025557421147823334,0.02906905487179756,0.025557421147823334,0.04442368447780609,0.028036536648869514,0.028036536648869514,0.025557421147823334,0.029076071456074715,0.036419209092855453,0.026607684791088104,0.025557421147823334,0.04442368447780609,0.028036536648869514,0.05714957416057587,0.02660066820681095,,0.026607684791088104,0.044370006769895554,0.030504925176501274,0.030504925176501274,0.028036536648869514,,0.04442368447780609,0.09000551700592041,0.026334891095757484,0.02660066820681095,0.025557421147823334,,0.027798926457762718,,,0.03703730180859566,,,0.04442368447780609,0.03712967038154602,,,,,,0.025557421147823334,0.026607684791088104,0.025557421147823334,0.030504925176501274,0.025557421147823334,0.033444274216890335,0.02660066820681095,0.029076071456074715,0.028036536648869514,0.025557421147823334,0.005336889065802097,0.0812096893787384,0.028036536648869514,0.04442368447780609,0.026607684791088104,0.02803032658994198,0.044370006769895554,0.026607684791088104,0.035994309931993484,0.09971311688423157,0.025557421147823334,0.027798926457762718,0.04952576383948326,0.036419209092855453,0.026607684791088104,0.028025809675455093,
2015-12-01,0.051107670980411656,0.03559115135604552,,0.016457579450722654,0.02982948516328719,0.01751169775581523,0.05082346189987556,0.036519069906393614,0.03309068126687862,0.06544690320356424,0.013318212259100787,,0.04248507758083929,0.0498177796458886,,,0.05529737183273656,0.04523290975180662,0.015268688317057619,0.038048784422145945,0.03958671609423052,0.016974580093017097,0.03616298312939362,-0.0039796892367407605,0.025959775415529365,0.03774600296718054,0.03980439331241743,0.016708060237890666,0.026539342700192457,0.03141739871423327,0.06588243591153681,,0.02955506198310363,0.0048687949068947165,,0.022707285971014745,,0.010501813452964533,0.024735767041954015,0.06233575909550962,0.024517042320032472,0.025879763728959823,0.017195705087897438,0.033923703996586826,0.025356232270627766,0.026772158126149085,0.019621004164270133,0.01555447436356381,0.04088236894830951,0.016525255121239,,0.01325050144969042,0.024597324747282694,0.023857421951054815,0.06635184706245222,0.032356827407078154,0.024949003653308845,0.0250335369313751,0.011462556752327002,0.04362255967031509,0.00653660955174131,0.018907492022502536,0.018999940422187958,0.03644260736361235,0.028805888282468377,0.028557102621490603,0.01245162482888956,0.04765392865519089,0.022698499006171057,0.06780382078002994,0.02944097607134347,,0.07411721494491927,0.04370748981285951,0.029808512023267716,0.02817365158082092,0.02265496564634933,,0.03810148014751366,0.06004867435697278,0.02988302354197967,0.021692923911200573,0.02837878721587586,,0.025335425749878935,,,0.0276828616177513,,,0.0337309575585799,0.04710722422448949,,,,,,0.012358764366486013,0.03734106530169383,0.010494602872657952,0.02314146211347406,0.02184126156235871,0.04500257738928546,0.01454171290091221,0.02897896544582764,0.019272968044921276,0.013968938336817774,0.009243061223809784,,0.03636905893461524,0.07656373179062723,0.039983523532613155,0.013784031880733847,0.02119555694707967,0.029904338414296346,0.031008465123886223,0.06391218416884144,0.007924671981353486,0.03462927881149768,0.03885134129530091,0.03645357851324657,0.041212666366202966,0.021149599806428755,
2016-03-01,0.053744920768967724,0.03481447531584584,,0.024077928490983804,0.031840451844653415,0.031799603443317614,0.04025784625854339,0.031840451844653415,0.03398163275156893,0.03946479441814647,-0.008041349655849843,,0.03225693101884084,0.018893113407733437,,,0.03948083976865778,0.02804448466596475,0.023337471599813333,0.03056221994564372,0.028206330337358854,0.028046974315333466,0.028459755349393625,0.02404170837202618,0.023350108348633585,0.029617295637382357,0.023337471599813333,0.031799603443317614,0.02313630177317528,0.03031484966955264,0.045248124383918197,,0.029052294597287368,0.02201496316723429,,0.030246571470911504,,0.022755420058404755,0.03190873004329456,0.023662630795864514,0.023337471599813333,0.024077928490983804,-0.020113124482405716,0.03201676203391919,0.0246119720380043,0.030632640421382147,0.023337471599813333,0.01754162261140859,0.03224926115506737,0.031840451844653415,,0.023337471599813333,0.029874657053889395,0.03094151760536536,0.06118536055416648,0.027613971211477663,0.030943349354103734,0.031799603443317614,0.02201496316723429,0.0306002001258058,0.023185832098342803,0.031358620037532606,0.02804448466596475,0.02712968254774618,0.03020639276958939,0.02336523241449755,0.023337471599813333,0.04013035962545207,0.031358620037532606,0.07360533005735247,0.02861734246303253,,0.05369130688456851,0.025184759004384702,0.031358620037532606,0.034788976658137086,-0.00740824659942595,,0.033090663441990485,0.06364221492109903,0.0319304559665401,0.023337471599813333,0.031840451844653415,,0.02712968254774618,,,0.03306535317109408,,,0.0008721759267691976,0.030456213584690892,,,,,,0.024077928490983804,0.032382687792788634,0.023337471599813333,0.03084003774308022,0.027228697263878117,0.045888341490234914,0.02489620554243915,0.030244938336389436,0.023337471599813333,0.02804448466596475,0.015053478507355632,,0.024077928490983804,0.12200999999581914,0.030075262049133196,0.029912485739589784,0.02312804721665731,0.023477253188740586,0.023372380576145952,0.025498729381797387,0.023337471599813333,0.03177067619881453,0.02637196083568112,0.02804448466596475,0.04833543925157654,0.031840451844653415,
2016-06-01,0.03312220051884651,0.03312220051884651,,0.027649957686662674,0.02974308468401432,0.027649957686662674,0.03312220051884651,0.03134414181113243,0.03134414181113243,0.03134414181113243,0.027649957686662674,,0.02974308468401432,0.03312220051884651,,,0.03145558759570122,0.03134414181113243,0.03145558759570122,0.03312220051884651,0.03312220051884651,0.027649957686662674,0.027649957686662674,0.027103014290332794,0.027649957686662674,0.027649957686662674,0.027649957686662674,0.027649957686662674,0.02974308468401432,0.03312220051884651,0.03134414181113243,,0.03134414181113243,0.027649957686662674,,0.02974308468401432,,0.027649957686662674,0.02974308468401432,0.027649957686662674,0.027649957686662674,0.027649957686662674,0.027103014290332794,0.03762124478816986,0.027649957686662674,0.02974308468401432,0.027649957686662674,0.03762124478816986,0.02974308468401432,0.02974308468401432,,0.027649957686662674,0.03134414181113243,0.03134414181113243,0.03145558759570122,0.03145558759570122,0.027649957686662674,0.02974308468401432,0.027649957686662674,0.027649957686662674,0.020661430433392525,0.027649957686662674,0.027649957686662674,0.02974308468401432,0.03134414181113243,0.027649957686662674,0.027649957686662674,0.03312220051884651,0.02974308468401432,0.03762124478816986,0.027649957686662674,,0.03145558759570122,0.03134414181113243,0.03134414181113243,0.02974308468401432,0.027649957686662674,,0.03145558759570122,0.03145558759570122,0.02974308468401432,0.02974308468401432,0.02974308468401432,,0.02974308468401432,,,0.02974308468401432,,,0.023541301488876343,0.027649957686662674,,,,,,0.027649957686662674,0.03762124478816986,0.027649957686662674,0.02974308468401432,0.03134414181113243,0.03762124478816986,0.027649957686662674,0.02974308468401432,0.027649957686662674,0.027649957686662674,0.027103014290332794,,0.027649957686662674,0.03762124478816986,0.027649957686662674,0.02974308468401432,0.027649957686662674,0.027649957686662674,0.027649957686662674,0.027930648997426033,0.027649957686662674,0.027649957686662674,0.03762124478816986,0.03312220051884651,0.027649957686662674,0.02974308468401432,
2016-09-01,0.04246150329709053,0.031381238251924515,,0.02425135113298893,0.02859206311404705,0.02859206311404705,0.029607051983475685,-0.05862300470471382,0.04246150329709053,0.04246150329709053,0.024014625698328018,,0.0286923386156559,0.0286923386156559,,,0.031073354184627533,0.031073354184627533,0.030486252158880234,0.04187440499663353,0.03079412505030632,0.028351442888379097,0.024014625698328018,0.02529255300760269,0.024014625698328018,0.030486252158880234,0.024014625698328018,0.02859206311404705,0.02406381070613861,0.028828788548707962,0.029607051983475685,,0.028828788548707962,0.023259099572896957,,0.02859206311404705,,0.024014625698328018,0.02859206311404705,0.02411375753581524,0.02425135113298893,0.030486252158880234,-0.009367982856929302,0.02499167062342167,0.024014625698328018,0.02859206311404705,0.024014625698328018,0.029725706204771996,0.02939831092953682,0.02859206311404705,,0.02425135113298893,0.028828788548707962,0.02859206311404705,0.04221481829881668,0.04187440499663353,0.02425135113298893,0.024014625698328018,0.024014625698328018,0.025128746405243874,,0.031073354184627533,0.024014625698328018,0.02874152362346649,0.03079412505030632,0.024014625698328018,0.02425135113298893,0.04246150329709053,0.028828788548707962,0.06117359176278114,0.04187440499663353,,0.04246150329709053,0.04246150329709053,0.02859206311404705,0.02859206311404705,0.02425135113298893,,0.03215949609875679,0.04187440499663353,0.02874152362346649,0.02859206311404705,0.02859206311404705,,0.02859206311404705,,,0.029756512492895126,0.02859206311404705,,0.021329093724489212,0.025128746405243874,,,,,,0.02425135113298893,0.026105791330337524,0.024014625698328018,0.02859206311404705,0.03079412505030632,0.03243035450577736,0.024014625698328018,0.02859206311404705,0.030486252158880234,0.024014625698328018,0.015421639196574688,,0.031073354184627533,0.03834482654929161,0.024014625698328018,0.02859206311404705,0.031073354184627533,0.02411375753581524,0.025128746405243874,0.012504265643656254,0.02859206311404705,0.02411375753581524,0.04221481829881668,0.028828788548707962,0.024014625698328018,0.02425135113298893,
2016-12-01,0.04402122186037546,0.026045440206531392,,0.020769456994930362,0.026046825260294424,0.02405918294323884,0.026491298746227385,0.02546021525801117,0.03525539332201855,0.030615366500797273,0.019981592537980528,,0.02548525914620202,0.03395084435246213,,,0.022431931029918258,0.023087675095330364,0.020769456994930362,0.04036277507860019,0.025954798621627966,0.019772760970816813,0.020099012265977084,0.0348861790770096,-0.013247350858898154,0.021763513990962803,0.020142433766746733,0.024847047400188674,0.019981592537980528,0.024847047400188674,0.018895250563725766,,0.024847047400188674,0.019981592537980528,,0.024847047400188674,,0.019981592537980528,0.024930239490623906,0.05663847075548845,0.020812878495700012,0.022431931029918258,-0.031223753227248886,0.019981592537980528,-0.01968721847304051,0.0267011842719435,0.020812878495700012,0.012861807912197504,0.023343124360783715,0.02131673031401077,,0.020812878495700012,0.024847047400188674,0.024847047400188674,0.03796151486663525,0.02263088008400041,0.02405918294323884,0.019981592537980528,0.020099012265977084,0.028385147118323423,,0.020769456994930362,0.020812878495700012,0.024811072862142222,0.02553142706593989,0.020604046928536297,0.020769456994930362,0.024314305247850988,0.024847047400188674,0.027804984248349707,0.035912100791211016,,0.022840248842098062,0.026940555190159258,0.024847047400188674,0.024930239490623906,0.022431931029918258,,0.025913319814993663,0.023558332399828966,0.02446592261643397,0.02405918294323884,0.0267011842719435,,0.0241926883885396,,,0.025026123197412136,0.02457379077432159,,0.022840248842098062,0.026419726154039064,,,,,,0.020812878495700012,0.019772760970816813,0.019981592537980528,0.024930239490623906,0.021672872406059376,0.026795310051952903,0.019981592537980528,0.024401519955703315,0.021806935491732453,0.025308879405008585,0.014140301906772335,,0.019981592537980528,0.055877483999114366,0.019719763428945637,0.025509491223440373,0.014817660158467449,0.023276930354906643,0.0348392712587214,0.012721253377348595,0.024930239490623906,0.022840248842098062,0.019880147797287966,0.024847047400188674,0.019981592537980528,0.018895250563725766,
2017-03-01,0.043652290693580925,0.021180372858072196,,0.01288167927847717,0.027835039045914726,0.01746392050322613,0.02460537323585192,0.027728489936380687,0.029275303260484175,0.048272541863717565,-0.0017076918826996336,,0.02097532748670295,0.03739677903781805,,,0.024518073402636658,0.013584735215676455,0.005697356996982461,0.02915587906882338,0.0235380685778793,0.026252182854030724,0.008218684004237082,0.0008035698640926447,0.009960629093299943,0.015483139059426101,0.010487737188249142,0.011430363333781939,0.017228966436914663,0.02282182455947347,0.03558160996904408,,0.01972424181812405,0.0033588266058933694,,0.013048408388376492,,0.010426268235976685,0.01998830866889322,0.02063143118905898,0.015678544362061005,0.015607866961439436,-0.0014502073910291962,0.005138198161838986,0.005014545859728291,0.01749924274955564,0.011587609767265831,0.01615109841112589,0.029811870729854136,0.01973727247066468,,0.003001557973391385,0.02337744548867485,0.019693293950898673,0.03043654624457204,0.012792345832013682,0.021124275104809822,0.012885713511068757,0.004509660763243341,0.014615972885272171,,0.025513420507065655,0.01051125375477883,0.03104620193948835,0.02476952599227573,0.017928689303946282,0.001094641370395269,0.037692988621703886,0.01891039239591569,0.037982595690645195,0.020913298725338404,,0.041742214002948544,0.033754755635714,0.02370745550586697,0.02377140273654679,0.009250329790245955,,0.03054845121944947,0.031099724952644153,0.029499733725406672,0.01623733807893471,0.0196260763121243,,0.026054125034581162,,,0.014190681411991752,0.02145021341580205,0.050341795055487894,0.017878358956829342,0.035947574655643494,,,,,,0.011176304958687584,0.020726961556582657,-0.0052319594392381446,0.019136778078773013,0.018100280025783778,0.017293637390123226,0.021064404563361783,0.009879304163011084,0.002814724680897747,0.01396105362864412,0.014157480031317074,,0.01390485337821024,0.03925308431435333,0.011340979322185056,0.02016765690346973,0.00451707839403186,0.030639221669721745,0.00514258965266894,0.0631924361967048,0.010268865606227385,0.008802343188551852,0.02925673807337349,0.03462396348839677,0.005298711366808633,0.028374838420561488,
2017-06-01,0.03597823893395553,0.012629712676338336,,0.0027247782902176726,0.022079601705536134,0.01805463423109629,0.012858611452360119,0.015937599612592317,0.02156679026503434,0.026652360999974693,-0.0034690767978072202,,0.020882254314777065,0.027775182782592455,,,0.011440222075514383,0.008594491294115368,0.013645857063677541,0.030377357628244835,0.021881822155673008,-0.00471637812767783,-0.0004229222270183865,-0.010775618434123196,0.0038415260682207087,0.005263707113192756,0.014272955810355982,0.011661458372297767,0.006637775156080886,0.030190781444631623,0.027976212749499265,,0.0057754598889308605,-0.004709583818226821,,0.012354769606388306,,0.003276476383662602,0.007163427226041084,0.015404265735816717,0.009970068627548047,-0.0021046974663470786,0.00031267456432539016,0.011659088390526944,0.005983393764006026,0.026168468525997267,0.005659781515921285,0.021662192375664212,0.011577783292168768,0.012134155978334981,,-0.0019905486928591945,0.012360378546318914,0.010445735023745807,0.037718749930158293,0.006403442878340379,0.0057549220461375885,0.006636202345863069,-0.004703784715689643,0.014340461220050548,,0.0016098527985454695,0.017133575181767533,0.02406254281634063,0.013107078044027451,0.014241205621126915,0.005190410868638373,0.018403529979646626,0.02028122699091796,0.03783601732655079,0.010751848854691094,,0.014831374296145483,0.013740518294010571,0.014724362096238786,0.009507159513093997,0.004295366360348925,,0.05140912849188148,,0.019992537688761376,0.006755168232980681,0.021777648368464003,,0.013180203210605482,,,0.021086821056632066,0.009023814714780663,0.06714752822123361,0.008762728891527665,0.026383504499627102,,,,,,-0.007806608788995556,0.02400222229725669,-0.005970255228171648,0.010069901902597716,0.004472267415671504,0.01502312688935277,0.005025540011878819,0.007435186668521425,0.004355841722663928,0.020669481266859725,-0.003360271501217589,,0.01634706720637991,0.04637898873241494,0.0017376877478705417,0.019160903167867407,-0.0009407490546757099,0.014656941176008657,0.007451266040378421,0.029316074494659082,0.003349439502892607,0.007605945234947111,0.031469977624083996,0.01104254959315947,0.0013988609865035954,0.00928144213970767,
2017-09-01,0.03957903132647206,0.03154797514711644,,0.012290402540959432,0.012827923196381034,0.02477708115808811,0.0376701927278611,-0.01229294548669356,0.027643655724716408,0.03870877699329119,0.0054304888036534405,,0.02053100332737908,0.0336090523020395,,,0.011505780150758156,0.009661689274974586,0.012640335025068361,0.026648029083041966,0.025386937884518793,-0.004359409656406941,0.0007953551808584082,-0.006549439415636818,0.009372892608271337,0.006198789093562819,0.008558929889179188,0.01649466867642188,0.008227447894261254,0.015762912796798333,0.03217784798226259,,0.010234674240489652,0.0010975886896239823,,0.019798043492436343,,0.020200042898741888,0.01566591049897315,0.01921838994940721,0.01884997839986714,0.00048643234069916405,-0.005501861354141355,0.013638320764968303,0.01051707770884474,0.016947249375585154,0.014535970140778174,0.01772893890472015,0.023599194983743136,0.019030162024290972,,0.013418778901961897,0.020815394467482973,0.014088733501152684,0.058999910788850016,0.009282602817593515,0.011233868919916646,0.00775487032224778,0.0007763917036775723,0.027203790654798884,,0.011128577034434949,0.017825616193137533,0.024698940082078905,0.014055603190523645,0.013623301951716429,0.013547869059736714,0.0283603986700578,0.011681969701517277,0.04209386035460122,0.014969850581734416,,0.040812813698008654,0.025184932382529633,0.02298502825540763,0.028680512415019916,0.011870390589297168,,0.02262262629188956,,0.025752747932593394,0.016466393233788238,0.017895625224289936,,0.01821483136002081,,,0.02166236149500932,0.011489003163811429,0.07212212875185343,0.004781829187577339,0.027636492685477507,0.016455181600135114,,,,,-0.004081102655341962,0.03303678370473898,-0.006809965178324076,0.015083711391695669,0.011765026525276905,0.022307344609048457,0.01564318580691371,0.007753125430205159,0.007844800842230182,0.013437756880742575,-0.00683505865901327,,0.011830306775886432,0.058561206474751784,0.0051464010236444,0.03086712073179727,0.02713596860038582,0.022415720944657012,0.01748682473488397,0.019302819772891885,0.006857961177739187,0.013055189636915076,0.035853039973983473,0.028270295575679612,0.007116323165150208,0.01996388036724617,
2017-12-01,0.045538322704643225,0.03914178209941189,,0.01042173178287729,0.0222485003661923,0.014629497771158944,0.02422272137768088,0.02049335291460397,0.025777493689283282,0.0384963382187025,0.00844947215646365,,0.015683670286535147,0.04909360833724366,,,0.02185809930164832,0.008945746272620249,0.006245449233448536,0.036988073092006794,0.022972177789321428,-0.006122560257432588,0.0027944253472580523,-0.006685216921727012,0.010871361364242316,0.02153707863894329,0.011560440994619073,0.015107646258137465,0.008276447533571124,0.022623337292634545,0.04680150404803174,,0.006767284238405451,0.0012153725408297193,,0.023863331253376318,,0.013599307249617295,0.019436145080859005,0.037592866994063494,0.0197517528452905,0.01320396888259056,0.00042346836052244597,0.009712677641417068,0.02388801244887401,0.020546050884271503,0.0117271014621187,0.017503048889955644,0.025545769498288712,0.014906140164617755,,0.0051467490313794806,0.020939521327140515,0.024407173294115077,0.02460730386654226,0.010117585870885102,0.006934076726250362,0.006958224535310993,0.0005143706330005842,0.04339896209797029,,0.009523332029012557,0.016598627399479128,0.026874316465742936,0.016547741971275037,0.012784393352887426,0.0035173812490623996,0.035801522946732,0.012225706555099032,0.03789069277558066,0.014835645597080742,,0.016069953422889773,0.0363520591064265,0.02293688870319287,0.02100483792340705,0.010261321215526158,,0.028154397283562276,,0.026403620906699503,0.021768387709132784,0.023931230986398034,,0.01914212730594824,,,0.02027975180523652,0.013982486383346062,0.04371416720248435,0.0021803764497465936,0.02088063493514457,0.013395237013467115,,,,,-0.0018787666987259144,0.058229816219012624,0.0031122395902374598,0.015270251826004715,0.006893730421878966,0.01890456649083422,0.012642101755876543,0.0164961155601995,0.0029397775039638335,0.00961726011817655,0.003779926422407027,,0.021837055527382115,0.04583074401541517,0.005688209576618131,0.03013978399516248,0.014021598290243397,0.01892222496912882,0.015700797603633045,0.03878392656986079,0.011366452749340176,0.005751969067287925,0.01897263869452049,0.01992255226483698,0.002078237040854441,0.02320849227608056,
2018-03-01,0.029455772369131387,0.035841415118113,,0.014021007042304695,0.021791037385215612,0.023347205651101793,0.014276825734866574,0.03060727563373034,0.02164724050421493,0.0509864461623491,0.007309677391767354,,0.033693800216923066,0.03841120947084473,,,0.024437154104172017,0.011655112339369477,0.0013797085959504013,0.02035759779706249,0.025566391001032963,-0.015515956231122707,0.01925160656941723,-0.014263406626484707,0.017455870702047162,0.024439525413854978,0.007385231449295504,0.016509365936497093,0.019666119056235318,0.027221039166862485,0.033802821121155194,,0.009108490815830985,-0.0012907405550097117,,0.023174746837696318,,0.018777384963942795,0.023438304806416878,0.016001343104965874,0.026229902563634677,0.023373776060159418,-0.024069828202489308,0.0058660044326511685,0.01961844281404244,0.0228557739216777,-0.024213824419817183,0.044374459569498086,0.027616331771456504,0.0218465962645217,,0.002265124491491709,0.029784880551278148,0.028403875832176798,0.028933024376944675,0.01682723452574365,0.011796960693162366,0.016161099802804012,-0.0007669678312257859,0.04264328729529007,,0.012894430742641915,0.01955327413432066,0.028391087931557774,0.030849605154592785,0.016525559369707347,0.006634364541978312,0.036755482658497686,0.019191710074407998,0.031772265365522176,0.003786521350706623,,0.015625954604858563,0.031387246852167136,0.031265582273453815,0.015853404732561367,0.007522804073923187,,0.041166433208693134,,0.025453782183392972,0.026220634591397368,0.021591139515994687,,0.023871213269427108,,,0.027831099840953243,0.018946291024265947,0.03656747501830487,0.01414351084399746,0.014922626991716714,0.03249131396869521,,,,,-0.0035278208713704264,0.04354929811952925,0.004578366162705634,0.019040199219139253,0.018787092274765493,0.040418418732074156,0.017712277911188,0.01901218126330398,0.0017619324028714724,0.012379955367825338,-0.0075125861899897365,,0.02026723892290493,0.03404052966784635,0.0013104606614927114,0.025348333664950644,0.018676437864684092,0.0227410556488101,0.0033487853731685242,0.038150067719243855,0.013774053777636887,0.02898705941748795,0.020772683964527503,0.01857069044615602,0.007116124240895,0.022924614140056077,
2018-06-01,0.026440735906362534,0.015044508501887321,,0.021724434569478035,0.021724434569478035,0.021724434569478035,0.021724434569478035,0.021724434569478035,0.021724434569478035,0.021383170038461685,0.021724434569478035,,0.021724434569478035,0.015044508501887321,,,0.021724434569478035,0.021724434569478035,0.021724434569478035,0.021724434569478035,0.021724434569478035,0.020703433081507683,0.021724434569478035,0.026440735906362534,0.015044508501887321,0.021724434569478035,0.021724434569478035,0.021724434569478035,0.021724434569478035,0.021724434569478035,0.015044508501887321,,0.021724434569478035,0.015044508501887321,,0.021724434569478035,,0.021724434569478035,0.021724434569478035,0.021724434569478035,0.021724434569478035,0.021724434569478035,0.026440735906362534,0.015927914530038834,0.021383170038461685,0.021724434569478035,0.01673715002834797,0.02976628765463829,0.021383170038461685,0.021724434569478035,,0.021724434569478035,0.021724434569478035,0.021724434569478035,0.025042377412319183,0.021724434569478035,0.021724434569478035,0.021724434569478035,0.021724434569478035,0.025042377412319183,,0.021724434569478035,0.015044508501887321,0.021383170038461685,0.021724434569478035,0.021724434569478035,0.021724434569478035,0.021724434569478035,0.021724434569478035,0.02976628765463829,0.021724434569478035,,0.021724434569478035,0.021724434569478035,0.021724434569478035,0.021724434569478035,0.021724434569478035,,0.021724434569478035,,0.021383170038461685,0.021724434569478035,0.021724434569478035,,0.021724434569478035,,,0.021724434569478035,0.021724434569478035,0.021383170038461685,0.021724434569478035,0.021383170038461685,0.021383170038461685,,,,,0.021724434569478035,0.021724434569478035,0.015044508501887321,0.021724434569478035,0.021724434569478035,0.021383170038461685,0.021383170038461685,0.021724434569478035,0.021724434569478035,0.021724434569478035,0.01673715002834797,,0.021724434569478035,0.0320667140185833,0.021724434569478035,0.021724434569478035,0.021724434569478035,0.021383170038461685,0.015044508501887321,0.026336533948779106,0.021724434569478035,0.021724434569478035,0.021724434569478035,0.021724434569478035,0.021724434569478035,0.021724434569478035,
2018-09-01,-0.019560236555670196,0.041771260811412955,,0.017613979087973596,0.012278085504657619,0.018808795801472954,0.007023824593324615,-0.02791616120067166,0.010812615279013053,0.05449976905489981,0.020719752989381935,,0.009702228835967554,0.023806174310484186,,,0.010742315219528542,0.019939514748277265,0.011801842125798268,0.03145114588422755,0.025763998298661817,-0.030249445639317064,0.011811924600210324,-0.028031383358428655,0.013807998660952964,0.009992040137747089,0.02327625347375707,0.020363828233301087,0.013388362100098652,0.01974204667393563,0.02117271037366252,,0.00734579825841704,-0.004619911861628516,,0.018243484831206865,,0.012328400991197745,0.016746528270238675,0.01451276827254847,0.02285463852416643,0.015572910942436582,-0.036757620327154954,0.006845309251557761,0.02484477891979703,0.020061616730481884,0.008999913785985962,0.043869031927567345,0.02498878825215535,0.026304318504278845,,0.015255519184643929,0.026002640690663065,0.008899689561707103,0.039810683130849865,0.01571557966977143,0.015558815312810717,0.009077643055795894,0.014068540740063829,0.039047041040242716,,0.01848962256038064,0.02634768667132993,0.02711665021896838,0.026381987134376294,0.0106302426281133,0.009693325872965836,0.043447403679799664,0.015703279501867336,0.05746396743005744,0.007667483169463974,,0.028196636452815338,0.0300963150162296,0.031154177447887014,0.029458662973876348,0.029964635321648045,,0.026460393825705527,,0.024006304330309747,0.017469261081925536,0.020271370187934817,,0.015359824575726027,,-0.0032726317072482775,0.0024557621159840047,0.017710355503152822,0.051756735197727,0.012618451328187811,0.02147146788560691,0.019510515598936237,,,,,-0.011298369404422293,0.016749121235746577,-0.0015892703398999034,0.019969770497858304,0.012300745254861417,0.0268687473205355,0.013628420218197995,0.015758339569646,0.0033570682737580045,0.0010427260435675368,-0.022763048756325666,,0.014613660577462727,0.053126029213254794,0.006764412355962015,0.03590605487638557,0.022897270805539018,0.01748485239312236,0.005268636902637152,0.026323981752179107,0.0038539117934230276,0.014401875182829314,0.021595545400820152,0.022311133037897255,0.0021674236015147273,0.014675984929997977,
2018-12-01,-0.015416764439424717,0.03503125824852653,,0.028021258833356422,0.013327132588699653,0.015134600283179226,0.00975204794457961,-0.034996900482924025,0.018009020569722086,0.04665069253531079,0.02050976522124856,,0.015869149846056134,0.044448914176022036,,,0.01395833123677417,0.022872333231834616,0.011445819352187865,0.017102595880743223,0.01392984488742806,-0.01975261843229014,0.010677306996421223,-0.03281878618527721,0.007312321804065254,0.002209382768616175,0.010793174632282911,0.015305489073600345,0.009771810146225152,0.02195279527215096,0.010627530924717188,,0.0086258082187602,-0.009497647156144182,,0.022951041603987764,,0.006112186344567843,0.014066218096646503,0.020222865924163697,0.023011791365866226,0.0190908248774696,-0.021230550960520914,0.0008200352821962013,0.02817718339909455,0.021088793467101713,0.012792302866505498,0.056371074673478676,0.02350309664277732,0.0250504569674088,,0.009279379620250222,0.021039217535327275,0.016795683545198586,0.04370828724398115,0.010190699589395131,0.01611914998992318,0.014336182011984217,0.018101092981070866,0.049231512307968225,,0.009878534390036104,0.02627262659460504,0.024708664384446844,0.03311125324541333,0.011697277553968464,0.0019312623456665986,0.02506604797758301,0.014242652705026206,0.0361083440004842,0.01412571646836601,,0.023691588230095005,0.024863752525900423,0.025410185141738924,0.01717501641579669,0.01589942669294914,,0.029434682221658504,,0.021526259041356785,0.016884606638246376,0.01802984546218453,,0.014049136368433267,,-0.0005084372355093142,0.016602480616415182,0.0036703891573841557,0.059330769488145835,0.010236406694313409,0.023602636543921997,0.025568098701460817,,,,,0.0063880502641003225,0.0166960756592487,0.0017836956261440564,0.019308748507471617,0.006541705425554145,0.0335765065461071,0.033140402858689216,0.01285653880507019,0.00602283214025305,-0.006681750021647868,-0.0220186488689775,,0.010678698804187734,0.053693570650605565,0.004066033639236719,0.03337296316751444,0.01653640378092827,0.019039587249776207,-0.0007414299972181988,0.0355599449066177,0.011657393870800227,0.023125645210618946,0.015667373483427182,0.022058345785025447,0.0033146963773851945,0.01764392907177084,
2019-03-01,-0.009335993962153644,0.0313081548658802,,0.029996474567208463,0.014108460882914649,0.015038432056323698,0.03174355312035164,0.027226332160852112,0.02151470286614316,0.06218393483222648,0.01685243438486528,,0.024753361545682275,0.03915365183093343,,,0.033725923424169496,0.024504875019743463,0.005022629433117484,0.038914337263185134,0.049632510587850155,-0.025345203019996754,0.018774132150253017,-0.03148747680747206,0.01761551037108332,0.02704877321724805,0.01033104257975445,0.008605800164187575,0.018487129463803615,0.03169284388204135,0.05192131000911709,,0.018954869327221298,0.010850805204170604,,0.02746907566756522,,0.009903704654048561,0.013769249836736656,0.02669894747786846,0.02577471385395233,0.016416575603090656,-0.016228711656933566,0.012429707347649543,0.034446212938377935,0.021205723839140767,0.020038922089620374,0.04736737094025176,0.04123465454117019,0.030935846794687485,,0.007245894337539898,0.02797458082285715,0.01503076246293296,0.04585198875844428,0.033768923577498014,0.02685072611455568,0.01224175560447437,0.020176309446762648,0.04223187422014134,,0.026022283566626905,0.012651003126239147,0.02783098123433722,0.04841328771579802,0.03354683072633958,0.012133415692090165,0.04910623558108245,0.015490919976725017,0.06938911241323116,0.030401241257258068,,0.059095477975895074,0.03635221687643741,0.027523208479873836,0.025505742572861992,0.01086875178225915,,0.03393244036007582,,0.03014602362648758,0.020366107535698612,0.02295345074822981,,0.017766237344477735,,0.007575372389601218,0.029507697232905698,0.017183912331101822,0.07976392228437247,0.016295489524858296,0.016361879283077124,0.05828931818437618,,,,,0.012391071972284708,0.009834009234167981,0.023459769240557732,0.03438266470668618,0.01944741968568007,0.038408042359352024,0.02748438601602909,0.013626866205247723,,-0.0015600382054317638,-0.020226316370716094,,0.01941999266246972,0.06270807760920076,0.02702087006216326,0.030669325967677366,0.020586638376368663,0.029727149345654947,0.008940707758366782,0.06935243477627945,0.011955590971800618,0.040515536013975596,0.04869463786666218,0.025269423179697575,0.01797489825119912,0.03698011041624574,
2019-06-01,-0.017385935913901827,0.017948551332361493,,0.01306967101847894,0.010211617298012272,0.01685534000517423,0.009622210891074002,0.008262284737835805,0.021323290717088165,0.05232206341410207,0.014701872001348822,,0.016198420091082202,0.028283526813218902,,,0.012013480471573062,0.02288823215469755,0.01409862316628075,0.02063600502365319,0.031437057552147894,-0.022344031533648914,0.005205846314768677,-0.041725137285466646,0.010407441072222284,0.00654347312718483,0.006443609077848164,0.006064171656836314,0.009383440518881642,0.020433730868113623,0.05452536947747145,,0.004202089713407632,0.0028617891749476987,,0.031863819382125166,,0.009231126678079819,0.010917357236145751,0.01590068181900786,0.01340068290967853,0.006234670983638454,-0.029611128763330153,-0.0027127594455757975,0.015066035796955767,0.010158313172904497,0.020240985894246097,0.05649499123159817,0.0062035438202649625,0.017557459599148496,,0.008562712435061778,0.016457675603636562,0.016885701728924816,0.04300031002302683,0.011896480157761496,0.03020818486692688,0.00758665759184975,0.0007543168801006613,0.035431415261072546,,0.011726900182013514,0.02411984948431343,0.02630129444592438,0.0356775463379827,0.011944603911008054,0.001914782748696838,0.02289677024276991,0.007528355238670941,0.04742762161251243,0.00629720138914098,,0.038139597889750354,0.014354766434841782,0.013547450157456327,0.013788194312899942,-0.0005962064726621781,,0.05149445445655317,,0.020438573619236892,0.007019599625900791,0.01729791496477039,,0.011583006368117228,,-0.03684797737768557,0.01066928828010234,0.011386989637369418,0.04518786919418541,-5.585504957661974e-05,0.013238549348477423,0.019128343321048465,,,,,-0.0002181999160490173,0.013209305284373953,0.0016835315007999918,0.02411800874379002,0.007127114611932878,0.034178148011044865,0.016421749657641375,0.006567007969419712,,0.014177583301454275,-0.01672225981325746,,0.02138426707333483,0.04681555891356996,0.017854555303747684,0.030433845269873628,0.022525033743132958,0.0065561927594661555,0.011687908399210918,0.04770334917835174,0.002158274253722229,0.01649451830507864,0.026568228402313553,0.008354440075427873,-0.001290032710308766,0.012663323070559418,
2019-09-01,-0.009560351538841737,0.03998787903655331,,0.013053212513386562,0.017044891188108237,0.012383833166719347,0.026580947801517974,-0.045305618547812815,0.027521698245508035,0.053585240949039346,0.016321109437923795,,0.005586882272694534,0.03609901684182494,,,0.032605866593698296,0.014087490395348502,0.01244849777924896,0.023530725056687248,0.045479832699397725,-0.028568190041438037,0.006903994134864552,,0.01127307543715836,0.009746342156334749,0.01211646239727593,-0.002396171195321825,0.0196525726587285,0.01850112882792737,0.046693574856753094,,0.006105384627680497,-0.005479303952428373,,0.02741078394312105,,0.0011307762289295275,0.01237236812483006,0.00909511966993996,0.024702697165036206,0.0005613031394517715,-0.030346686027339313,0.003105597124545588,0.020417963834142436,0.002568439551712517,0.017499829918688373,0.062212398962559284,0.023913927089968853,0.016666127663492816,,0.010393896837058398,0.016241225030633275,0.012953922466284715,0.04393191623207746,0.009421329375280727,0.03483510669708635,-0.0023339083164903613,0.026297911873319837,0.04548778889309589,,0.013941854217299179,0.01902132820155789,0.0326784736657195,0.034184444861801486,0.020226624080071604,0.007414591597478784,0.04066086663709881,0.016285313360858936,0.06727817700120346,0.010688793369708592,,0.022345142277202256,0.02898666499440981,0.016063380530007384,0.02548291800044833,-0.002405177352677342,,0.02852708868255148,,0.0078056714150560435,0.019860747209916648,0.016631221888141038,,0.017879171487909417,,0.007212621944341235,0.014198123296554208,-0.003231687085181624,0.02939529808817971,0.0004990573999020408,0.020063951881197292,0.017705715752911667,,,,,0.005145319249254689,0.01980369960927851,-0.005552227010995103,0.026355141485422902,0.008955322882388553,0.01996352208442499,0.0247178849567654,0.0024944656185094823,,0.026972139356770567,-0.020521987409482453,,0.026117540570866543,0.04361927319883852,0.0043610041940585105,0.027362031368717853,0.014931730952751495,0.011917825407247557,0.014945937967746735,0.028527087876824897,-0.003498409971371095,0.014006635593907238,0.025212013418318677,0.005894047617726866,-0.0034921613070247287,0.010115926163162935,
2019-12-01,0.060444611223431984,0.05060120204850472,,0.013711582300451957,0.019899084800706037,0.003985361664198107,0.03127882668905893,-0.024892596974044594,0.032291401606567766,0.05622122272023617,0.020142979776887667,,0.01606584348655903,0.04719695439343054,,,0.028792707692089633,0.026042983634033953,0.0061740348985251945,0.040441757241455406,0.01778097086138147,-0.021057700289933798,0.009389699417915492,,0.017070306789126275,0.0216597330902473,0.020251240877100837,-0.004036728510160603,0.022090338146524092,0.021838521272514035,0.05015125651435996,,0.016103660699346878,-0.005422036523793439,,0.024094879849590963,,,0.019386608654573544,0.036456206504276,0.025441770053932503,0.004840180440686102,0.010847717525377235,0.010133471162526981,0.029666404054231866,0.01189426107953189,0.020214872224323725,0.06657028614438182,0.019078007672061095,0.03845105579498684,,0.00604750860537477,0.022285594597248222,0.013014280547190608,0.07188837682288066,0.02352459151132109,0.027682893150361442,0.0013633529760736995,0.03284057452750166,0.020818386074221398,,0.015525353554871396,0.018136706843639612,0.03539854583904759,0.023964411527583357,0.020980027631914495,0.01051640695276333,0.05063490528359194,0.013451389425334522,0.07640659095406872,0.03203017077161632,,0.04237037686851872,0.042305363837858274,0.022228891166639914,0.02657494809647576,0.0004937339695774361,,0.053784089032607556,,0.013930426273755358,0.024009797124857245,0.016914987143533344,,0.022985679945811733,,0.004362392051462642,0.018530904486010753,-0.004308875767306816,0.024782820554826786,0.004280435074143146,0.02009925010625054,0.019125504557187308,,,,,0.004381915191419589,0.021576454570573958,-0.0006921265149633652,0.029927635059947118,0.02244680713785061,0.04592444362489986,0.00647295509587937,0.009054435716401445,,0.01794459604565398,-0.003805860833807798,,0.043428139459137254,0.03615073862433449,0.01470685209781563,0.038097425621441486,0.002388598825591746,0.015441529336972766,0.04543594851843741,0.03044541129687174,0.006661884254090231,0.030406876373024576,0.02888090105949985,0.023495121166733295,0.0032225847644088536,0.026081065054609276,
2020-03-01,0.03327868348076928,0.03275388863191367,,0.0030369820850805643,0.022954562806606956,0.020985278416846786,0.024319270040832817,-0.0261839992676816,0.030434813302017673,0.033375744548911956,0.023362210471524786,,0.016462544392332364,0.035019012056072885,,,0.013171035545342661,0.02289992496788095,0.014210348117510844,0.03192114050805335,0.01679898955908234,0.14420135567815653,0.018510520575466094,,0.004805654733394152,0.020396736686894023,0.021308554390801815,-0.01284279701950431,0.021610747635743267,0.0026517655963581676,0.07241037557156652,,0.020893327419587597,-0.05427368005217939,,0.014223886545032139,,,0.02568763492039088,0.019795824137477283,0.021755606077925614,0.015588659512275402,0.04782640820231773,0.01749281319485017,0.01828990491001403,0.015005598127405557,0.02438681581636338,0.06826839723765617,0.026975693344097523,0.024315822463658255,,0.005306747614672611,0.019391589455401387,0.005888107432830839,0.02317440945415051,0.02780577027347193,0.002320876639291376,0.020935273348508247,0.021739770169931047,0.05830790370554813,,-0.0007301899753837635,0.02214147329932337,0.030280014386076914,0.0018591842403843106,0.022560793437438494,0.019171226047054846,0.03192114050805335,0.013616675202864146,0.055790310401833035,0.029526359750050846,,0.028513613184148325,0.030139916635778835,-0.00954683700707569,0.01388085230577036,-0.05920115940322778,,0.026288475447113407,,0.030024628076948938,0.020440979702041836,0.015480415132167472,,0.014967338504310061,,-0.024253017030014833,0.02304012980921482,0.01704225125944188,0.023246806242232323,-0.0007658166923417304,0.02942162346492935,0.02160553275386169,,,,,0.015386279660736978,0.013320832929686837,0.004590309410652786,0.027502558418656863,0.029684805051632682,0.032104960716323176,0.03308573357543895,0.008981022104050352,,0.02629287046706918,0.021983519835949483,,0.01936210201610561,0.08552172701087817,0.025433306294432752,0.02355979835328526,0.0225627287604434,-0.01941507945853442,0.023294191183651478,0.035148247508634,0.016654694907452913,0.025602234428733293,-0.032086249152131804,0.019346185143584955,0.022334610454465595,0.0196293847417287,
2020-06-01,0.07690962298370144,0.10694744667986975,,0.018950134250672712,0.03187117305622872,0.021800517415222147,0.009251677099547766,-0.06414524425350791,0.0822633457326466,0.050037027243391076,0.016521778351012102,,0.0342827887736278,0.10061113798782814,,,0.035705229048325106,0.04298470812754767,0.031046108953104713,0.06981663614084159,0.09051930235135194,0.19212969477700836,0.013833508795181738,,0.019873783644726903,0.015846628602444568,0.030096566485061777,0.007592743706455386,0.015543474656822006,0.02418841489246544,0.2368179374240806,,-0.028096564441717962,0.017716254429099337,,0.012354850417473813,,-0.04110055115433966,0.01787636102033021,0.033588436979859936,0.020810404077008193,0.02028040970677865,0.045058034094886665,-0.029236212080371887,0.09272267720545868,0.016208303351601363,0.030512353886108016,0.14285400981768792,0.05106493287817591,0.022029212302357548,,-0.014835055885701533,-0.010965758227296315,0.024219733857271483,0.16731002917285093,0.035183702772927,0.03626018858352418,0.025629990519407616,0.033203622498606915,0.08187998946364178,,,0.017834409150613868,0.04027965200640781,0.19686497816561677,0.022909872119674275,0.008380241769636282,0.02683609513867577,0.01554674533304228,0.16504248533494592,0.084642139749602,,0.07302804131307322,0.14275316874662225,-0.04654033857678155,0.019413700800344443,0.0057817633317374445,,0.0508958186343815,,0.018433749501975537,0.02612717037688866,0.008494442162465794,,-0.027577013428917524,,0.06132072430227268,0.0040994822671148925,0.015195095667526606,0.06399237997190019,-0.01325805852703514,0.038496499662073705,0.04756656195855257,0.016452462403828444,-0.033768967414101826,,,0.025274904686211325,-0.04400018060751816,-0.028935393577712215,-0.0007629732258547998,0.043851230600452366,0.03328423010878923,0.020919092277953993,-0.003822697381894543,,0.035246145684975146,0.03158941903302746,,0.038188148583921284,0.1372855193164343,-0.010883682540484432,0.04761096249797002,0.015813289107532377,0.01369118237946313,0.06811613544813776,-0.05608392364512966,-0.031823772178269615,0.02648159533811458,0.09402980881944392,0.025182055149010125,0.01702105969758198,0.028454396938070926,
2020-09-01,0.08396408004963019,0.025294394404116665,,0.0018901952058877896,0.020314111303385226,0.02309848905839699,0.01745927451515406,-0.03379710399952305,0.022567447813486432,0.032419374240518405,0.027671521176752853,,0.02092783251273836,0.045458731336164224,,,0.016445873698761927,0.017675576657587747,0.027748832244785714,0.052591343175301626,0.04061102566267234,0.0580165499768114,0.020034406083910942,,0.02018115159205837,0.012927152721115732,0.027836836400549878,0.005039324823547087,0.029016444180077327,0.03467238445090841,0.023961725018594233,,0.02499427408644934,0.015300377556823756,,0.014468925032949968,,-0.04281237004384946,0.02017288346161579,0.022191271713966728,0.024574015715987586,-0.010264750661529001,0.03581505143474669,0.03317980813904466,0.028700877340180782,0.01850996360824155,0.027128419632091696,0.0834886209660914,0.02932366069976842,0.025410071346771635,,0.017634176885753233,0.017816804499357183,0.028823601708033657,0.05360284050025852,0.02798628474378977,0.014468925032949968,0.025973995370267313,0.024970121643863197,-0.009033299847199847,,,0.024574015715987586,0.027932414663018032,0.06162188242118493,0.02779892955220384,-0.042450412876067274,0.03324606723033861,0.01762296455814574,0.06327334810146056,0.030281073115402225,,0.029517054694401815,0.048153942263514334,0.007388565855994865,0.03468300499331272,0.003455599089570111,,0.10127016050988599,,0.026605034313617895,0.025973995370267313,0.017816804499357183,,0.03637046987121664,,0.0009602261058310094,-0.007929780344432528,0.018088955171082166,0.029377393062268116,0.015871317602909916,0.03238317817409141,0.017917136975367582,0.025973995370267313,0.025617375070806,,,0.013569838721552673,0.01808439442452758,-0.012701502422402706,0.028644142162430743,0.0004932661492738898,0.023275084336510564,0.019958996902524777,0.012233993612231363,,0.03467238445090841,0.0011722734422779729,,0.013157002354472022,0.06422004564514126,-0.004479154368284287,0.017263422565348227,0.027128419632091696,0.026605034313617895,0.0315977983390987,0.01012335415019414,0.022546918826320816,0.024651516690865332,0.04492605004467992,0.02426849432158451,0.020356227844306095,0.025973995370267313,
2020-12-01,0.022984577663601954,0.02475807071520682,,-0.01354887618226349,0.019721366394544956,-0.003925148423681501,0.03131260222984068,-0.007201780107673311,0.02441806276518197,0.034032514582126284,-0.03408904886752566,,0.017403665764997363,0.03188764736642991,,,0.03938235135651311,0.011676243546546707,-0.03290874365334707,0.016639095284662384,0.04262132236573343,0.011001447137153649,-0.0016433956317816736,0.02256821616528442,0.014907153943894257,0.0049373802647372554,0.031437266380080466,-0.001017717975523187,0.005581224920817069,0.025669498411724292,0.04014228867288643,,-0.002506583168651456,-0.008871679674055248,,0.0020498186441142434,,-0.021929558027599987,0.008140252802352066,0.013339623726105018,-0.003644707514571602,-0.00021911955867653793,0.008165070057008197,0.006129258795494485,0.02323038874215664,0.005112895339397005,0.012436077331712259,0.027831497349895186,0.028740048994093322,0.016568992066018907,,-0.01545026887623718,0.0011068915356530265,0.01616677192498616,0.04108488217447597,-0.012239502079330934,-0.01171053057432112,-0.003411128586176954,0.03568579790937488,-0.007744106264967514,,,-0.0059950938663059904,0.028946153829648928,0.032071498141693446,0.007762231487338072,-0.0025068242385257113,0.023295923028600216,0.012321703681136293,0.032275060692572216,0.00810521177173048,,0.03653470259690074,0.028079614041470004,0.0017300711667010945,0.01003250691227469,-0.02151063184147265,,0.04113911048723375,,0.028718096878144906,0.010885575350716962,0.0030681960457733643,,0.0014020317958447059,,-0.015091568138139506,0.019824194468890985,-0.004526409346600826,0.027520025227011854,0.00735086207948195,0.024370131421465276,-0.012216593260154706,0.009065350643000661,0.03855110027798085,,,0.012272864918068595,-0.010130563170120673,0.00015616614167615357,0.016808896156135403,0.014696330396839832,0.011403820945870155,0.026829510413940126,0.005084561099563172,,0.013131246851354902,0.012297120265226547,,0.009283000541645334,0.031031180536583332,0.011740807757587539,0.020537304657372194,0.002964008882285679,0.017456955196088718,0.02498552728195921,-0.0005108471439767969,-0.0028228876716895474,0.0002874095503315789,0.017870707154968028,0.01850556962143984,-0.0035924375994845245,0.03396409478748831,
2021-03-01,0.02415221743285656,0.018998490646481514,,-0.05002732574939728,0.017095008864998817,0.022291170433163643,0.018998490646481514,0.007664501667022705,0.022291170433163643,0.024327389895915985,0.02026420459151268,,0.018628139048814774,0.007664501667022705,,,0.014450393617153168,0.023997826501727104,-0.007412044797092676,0.018998490646481514,0.03481400012969971,0.16504605114459991,0.018470032140612602,0.03481400012969971,0.02154739759862423,0.0165012888610363,0.022291170433163643,-0.009811367839574814,0.009664535522460938,0.01657724566757679,0.029489053413271904,,0.02154739759862423,0.013477450236678123,,-0.009702147915959358,,0.0165012888610363,0.018470032140612602,0.018998490646481514,0.022291170433163643,0.0165012888610363,0.010372977703809738,0.023997826501727104,0.018470032140612602,-0.21140055358409882,0.017787357792258263,-0.0006841561989858747,0.022291170433163643,-0.00761359091848135,,0.0165012888610363,0.018628139048814774,0.015983525663614273,0.014993323013186455,0.02154739759862423,0.017095008864998817,0.016413457691669464,0.022291170433163643,-0.005686433985829353,,,0.023997826501727104,0.022475963458418846,-0.001210985705256462,0.022291170433163643,-0.02365679293870926,0.018998490646481514,0.023997826501727104,0.03481400012969971,0.023997826501727104,,0.0165012888610363,0.018998490646481514,-0.05002732574939728,0.007664501667022705,0.015325252898037434,,0.023997826501727104,,0.023068340495228767,0.022291170433163643,0.017095008864998817,,-0.31463146209716797,,-0.03572351858019829,0.017095008864998817,0.023997826501727104,0.022475963458418846,0.0006684778491035104,0.022291170433163643,-0.011823044158518314,0.022291170433163643,0.03481400012969971,,,0.0165012888610363,0.02154739759862423,-0.016593148931860924,0.022291170433163643,0.023997826501727104,0.02154739759862423,-0.005686433985829353,0.017095008864998817,,0.023997826501727104,0.0519532635807991,,0.0165012888610363,0.03481400012969971,0.014450393617153168,0.018470032140612602,0.022291170433163643,0.022291170433163643,0.03219684585928917,0.03481400012969971,0.022291170433163643,0.018470032140612602,0.02026420459151268,0.023997826501727104,0.022291170433163643,0.022291170433163643,
2021-06-01,0.017203986644744873,-3.269092849222943e-05,,0.0064228312112390995,0.0064228312112390995,0.009654534980654716,0.010680820792913437,-0.005788000300526619,0.009654534980654716,0.009654534980654716,0.00822114385664463,,0.0064228312112390995,-0.005788000300526619,,,0.010680820792913437,0.010680820792913437,-0.00591210275888443,-3.269092849222943e-05,0.009654534980654716,0.0026164117734879255,0.0064228312112390995,0.00991346500813961,0.005743649788200855,0.0064228312112390995,0.009654534980654716,0.0064228312112390995,0.010680820792913437,0.010680820792913437,0.01391672994941473,,0.008367770351469517,-0.017462804913520813,,-0.00591210275888443,,0.0064228312112390995,0.0064228312112390995,0.0064228312112390995,0.009654534980654716,0.0064228312112390995,0.015694832429289818,0.010680820792913437,0.0064228312112390995,-0.16381976008415222,0.0015740803210064769,0.012170262634754181,0.009654534980654716,0.0064228312112390995,,0.0064228312112390995,0.0064228312112390995,0.010680820792913437,0.009654534980654716,0.008771881461143494,0.0064228312112390995,0.00822114385664463,0.009654534980654716,0.01619700714945793,,,0.009654534980654716,0.009654534980654716,0.0064228312112390995,0.009654534980654716,0.002715808805078268,0.009654534980654716,0.0064228312112390995,0.01391672994941473,0.0064228312112390995,,0.010680820792913437,0.003254564478993416,0.0064228312112390995,0.010680820792913437,0.008771881461143494,,0.010680820792913437,,0.009654534980654716,0.009654534980654716,0.0064228312112390995,,-0.13198253512382507,,-0.16381976008415222,-0.16381976008415222,0.0064228312112390995,0.009654534980654716,0.009654534980654716,0.009654534980654716,0.0064228312112390995,0.009654534980654716,0.009654534980654716,,,0.0064228312112390995,0.008771881461143494,0.0064228312112390995,0.009654534980654716,0.0064228312112390995,0.008367770351469517,0.009654534980654716,0.0064228312112390995,,0.0064228312112390995,-0.01893012598156929,,0.0064228312112390995,0.009654534980654716,0.0064228312112390995,0.0064228312112390995,0.009654534980654716,0.009654534980654716,0.010680820792913437,0.005407229065895081,0.009654534980654716,0.0064228312112390995,-0.03524620085954666,0.010680820792913437,0.009654534980654716,0.009654534980654716,
2021-09-01,-0.007858899416229564,0.021355448981123053,,-0.02947308977967522,0.008120614684448212,0.016853620915646468,0.02077959501185408,-0.004097102629898412,0.018524678822085566,0.02576844192414078,-0.02872740020012877,,0.012618383272076022,0.0094718807209319,,,0.02077959501185408,0.02077959501185408,-0.05632040713827661,0.02084339904088482,0.017577079677654702,-0.04993265706789896,0.011085791686081644,0.02135641995754642,0.01563598711086507,0.01091323661712994,0.017525942135480928,0.008961005833222754,0.012716543260278915,0.02361036517089157,0.04822280107715499,,0.015734758515941683,-0.011594820887546244,,-0.05632040713827661,,0.011085791686081644,0.012733014505447712,0.0079662483417063,0.01709568265381604,0.011085791686081644,,0.011085791686081644,0.0079662483417063,-0.12695148963320124,-0.05632040713827661,0.025501866239610267,-0.006065867775590268,-0.03315334480110498,,0.011216243881471175,0.011926182834856185,-0.05632040713827661,0.022451256390705835,0.017499005211730558,0.011085791686081644,-0.13449803750060557,0.017657430895646344,0.009382437029962281,,,-0.02695300661529809,0.017848157304627573,0.02394907457812812,0.017525942135480928,-0.026235517149477496,0.01768308094865087,0.012560459436496009,0.04254455765110335,0.011646503363136062,,0.02077959501185408,-0.012652062263236109,-0.011884621248491576,0.021238872628250322,0.015734758515941683,,0.018524678822085566,,0.018927477046312726,0.01702617598459817,0.012056635030245715,,-0.05632040713827661,,-0.1018088647986907,-0.13449803750060557,0.012486894511910603,0.017848157304627573,0.01768308094865087,0.017525942135480928,0.01209242231629566,0.01768308094865087,0.017525942135480928,,,0.011646503363136062,0.015734758515941683,0.013344863724675908,0.02361036517089157,-0.009365363200017749,0.017499005211730558,0.01891525115783911,0.012560459436496009,,0.01918405815609215,-0.05632040713827661,,0.011646503363136062,0.03784199166953784,0.011108682937237806,0.012897007565202916,0.01702617598459817,0.017525942135480928,0.017657430895646344,0.03339703735176342,0.016853620915646468,-0.05632040713827661,-0.017063173520014633,0.02361036517089157,0.01702617598459817,0.01702617598459817,
2021-12-01,0.01958967394466723,0.03479373314122254,,-0.02336913369403477,-0.0019417424021249323,-0.010875852069222511,0.0268823666710663,-0.020212928391004296,0.02882393013208535,0.04548463554971859,-0.03868496321468181,,0.001825483830039006,0.021024185128417486,,,0.028438693227453835,0.005420595403782046,-0.04546493140021178,0.038458412611620835,0.028990056966981797,0.01291573915015219,-0.014163582341356727,0.005802139862201298,0.0018938978999133468,-0.014648061543286002,0.0011686843585970502,-0.015620525452847964,-0.004939668734389565,0.013213564436244536,0.032106772788622985,,-0.023361507164532388,-0.028259823040390288,,0.00175570038156892,,-0.025678455507142203,-0.013544738224303734,0.0012895475561042777,-0.007720212013593678,-0.017492773509097382,,-0.019147894433731823,-0.015009002390115222,-0.020762300623987845,-0.02193975067220593,0.04071465839325508,0.01835530175346173,-0.0070505983103433985,,-0.017892926407198775,-0.007549768768382362,-0.00022111030754976498,0.048498059829121545,-0.017951180359487628,-0.023912139046370476,-0.026654876385630598,0.02043383419156852,-0.0020538612808309936,,,-0.023570833230676345,0.019591482923211143,0.02784825539955664,0.012317171628772284,-0.019365893939323055,0.03390277408120053,-0.013474022041826166,0.023602858524118312,0.007651808724337696,,0.02458547868181464,0.0356455163902688,-0.00859563087883348,0.013683539958385511,-0.024803979901480394,,0.02808163448073616,,0.025709875908055093,0.0003279332805103436,-0.013347204227412061,,-0.00191501570542241,,-0.0040293004190053985,-0.029889083015552657,0.00477483981139624,0.016225957044330434,0.00964943429068049,0.018850410490150963,0.005237128824471534,1.0031986857198574e-05,0.014036268420317945,,,0.0018295882766443715,-0.0174643420731381,-0.003991205019746016,0.027500197117639697,-0.011783929123788473,-0.018498357413130544,0.05448354414296706,0.010915993822100614,,-0.010687785773751901,-0.009283599541905753,,0.005790063598178754,0.03362366042413758,0.013660712552643523,0.037953178417852396,-0.013991451268734623,0.007442713087962195,0.039442537450782585,0.058564854485314406,-0.013620345599971977,-0.01733943271172322,-0.004974043191932395,-0.0013135065870250766,0.005476571304815513,0.012818710436069263,-0.012749736812437013
2022-03-01,0.01782475970685482,0.01002942118793726,,0.01128405425697565,0.015618794597685337,0.016708271577954292,0.018359871581196785,0.015859374776482582,0.017897676676511765,0.021526185795664787,0.016010832041502,,0.015618794597685337,0.009050768800079823,,,0.016808198764920235,0.015618794597685337,-0.12447948753833771,0.01782475970685482,0.017564527690410614,0.011779134161770344,0.015618794597685337,0.01749161072075367,0.016010832041502,0.015618794597685337,0.017897676676511765,0.014240778982639313,0.016010832041502,0.018359871581196785,0.01782475970685482,,0.016010832041502,0.011274400167167187,,0.011614876799285412,,0.015618794597685337,0.015618794597685337,0.016808198764920235,0.016708271577954292,0.015618794597685337,,0.015618794597685337,0.015618794597685337,-0.011716483160853386,0.018359871581196785,0.01749161072075367,0.016708271577954292,0.016808198764920235,,0.015618794597685337,0.015618794597685337,0.010526069439947605,0.018359871581196785,0.016010832041502,0.016808198764920235,-0.025874434038996696,0.016708271577954292,0.017564527690410614,,,0.010094652883708477,0.021193036809563637,0.01504608429968357,0.017897676676511765,-0.05656451731920242,0.020271558314561844,0.015618794597685337,0.01782475970685482,0.015618794597685337,,0.015618794597685337,0.0035991750191897154,0.010094652883708477,0.019549276679754257,0.016010832041502,,0.018359871581196785,,-0.024903833866119385,0.016708271577954292,0.015553570352494717,,-0.12447948753833771,,0.05532284826040268,0.015553570352494717,0.015618794597685337,0.020271558314561844,0.018359871581196785,0.017897676676511765,0.015553570352494717,0.01925155147910118,0.016708271577954292,,,0.015618794597685337,0.016010832041502,0.002409770619124174,0.018359871581196785,0.018359871581196785,0.016010832041502,0.022500164806842804,0.015618794597685337,,0.016808198764920235,0.028926467522978783,,0.016808198764920235,0.022500164806842804,0.015618794597685337,0.017897676676511765,0.016708271577954292,0.01664304919540882,0.016708271577954292,0.022500164806842804,0.016708271577954292,0.015618794597685337,0.016010832041502,0.018359871581196785,0.01664304919540882,0.017897676676511765,0.016031336039304733
2022-06-01,0.04337915965865827,0.024354212565548348,,-0.012194833957930529,-0.0023890179448983534,-0.006387170508505148,0.026151486502861702,-0.009837104976199268,0.029282894099146663,0.03310822341020098,-0.03205874736944552,,0.011457774298403887,0.007484209289316138,,,-8.238318431591785e-05,-0.003405453343819444,-0.02219677308265097,0.024823435135561327,0.023611990541604958,0.008583634099953908,-0.013021426867102967,0.01500157126869913,0.01107017882389305,-0.01289017215438467,0.011749082324494784,-0.029804298113831357,0.013081814730052273,0.007261793049711596,0.034868294143832364,,-0.03398602734982625,-0.005004191740859789,,0.0019962830119057582,,-0.024865521638462878,-0.0038806992702714563,0.00666734420627094,-0.009715394138799767,-0.006389997016282653,,-0.01526560872840481,-0.009945503777637926,,-0.005270304477388767,0.01953387155666971,0.028247737985829698,0.015014692107239345,,-0.018066375295151912,0.007690215905421924,-0.01620246853581549,0.033536791456538775,-0.0031589116704215424,0.0050948323473522135,-0.02258176858745967,0.00870089266985932,0.02377247694006615,,,-0.018682860228732286,0.030213162291402338,0.025353594496850672,0.015869109516194115,0.0024321897957323224,0.03507396540238333,-0.003517765594741433,0.009472523031816638,0.003505025956133226,,0.038293399768775334,0.029078304261164808,0.004150677091117117,0.023694567122478756,-0.022738540727579554,,0.027849811393298462,,-0.009462301889073781,0.00510580288281097,0.013415921454809151,,0.009828657214618937,,0.012003785359659572,0.0262955127485053,0.0008578063038381058,0.02519226483887385,0.03947457043035763,0.03221583312317737,0.014071208627261213,0.00026839371711240035,0.043773901728111235,,,0.0048502011611736146,-0.015615780838921178,0.00015568669305494225,0.023199620237386386,-0.004456128259070227,-0.02878308373671627,0.026168112448549427,0.001014704983372589,,0.010908749201240854,0.018725884704924013,,0.012146912586654679,0.033346379079385535,-0.0015616976779569767,0.024190337217290518,-0.010067884731616506,0.012117742567537226,0.013490271217320498,0.005656562591781994,-0.003542174568745553,-0.00015880367181134595,-0.017197401727479213,0.0005733476739268947,0.001947017803486233,0.029512900364653816,0.008503295719533819
2022-09-01,0.05541671160667983,0.03452855801748997,,0.016565569522265608,0.016565569522265608,0.019563032733352102,0.018430644519137784,0.012322667802660133,0.025560819088964824,0.03984912437811048,0.01783006990492294,,0.016565569522265608,0.01866191494377624,,,0.025560819088964824,0.018430644519137784,0.00016715844392400188,0.017119005429636264,0.035311043961704223,,0.018430644519137784,0.045118471102264385,0.022663410978730925,0.016459540722140148,0.016963231128033395,-0.11647866481120028,0.02156893699730143,0.018430644519137784,0.032852715904598796,,0.01783006990492294,0.002220510116400158,,-0.02562411045609047,,0.016565569522265608,0.018430644519137784,0.018430644519137784,0.016963231128033395,0.018430644519137784,,0.016565569522265608,0.016459540722140148,,-0.04382248623934813,0.025496681433212258,0.01882830612490557,0.016565569522265608,,0.016565569522265608,0.018430644519137784,-0.02562411045609047,0.028467760902347403,0.02459450018430034,0.025560819088964824,-0.11647866481120028,0.020518353125363705,-0.007113620428196826,,,0.016565569522265608,0.021888127039086,0.02410775909389748,0.01882830612490557,-0.018681626756086023,0.056787198777351756,0.015728422348674227,0.02453464017342702,0.018324615719012324,,0.018430644519137784,0.0344603825263242,0.016051838610573823,0.021966598603069216,0.023563128017819394,,0.014152263496348254,,-0.11647866481120028,0.016963231128033395,0.025560819088964824,,0.016963231128033395,,0.025083972693982312,0.02156893699730143,0.016459540722140148,0.021888127039086,0.02413904924795862,0.02189822506756773,0.02328671859327278,0.016963231128033395,0.03177162418958129,,,0.016459540722140148,0.01783006990492294,0.015844317783715874,0.01882830612490557,0.018430644519137784,0.00790383426308257,0.021404610572461062,0.016565569522265608,,0.018430644519137784,-0.02562411045609047,,0.02156893699730143,0.03954862768781384,0.016565569522265608,0.025560819088964824,0.01882830612490557,0.018377674349758746,0.01828335111823696,0.010882311867851492,0.016963231128033395,0.016565569522265608,0.026698438989851688,0.018430644519137784,0.021966598603069216,0.025560819088964824,-0.018681626756086023
2022-12-01,0.06833683316851544,0.02915864147432468,,0.024534921200424036,0.02203132680213944,0.02328768875834443,0.025297324959483163,0.013536718271867795,0.031160775828411945,0.04051435572561959,0.02443350696671795,,0.02203132680213944,0.008933674375736333,,,0.021660511972713497,0.024534921200424036,-0.00959033099487609,0.036701732810213016,0.04321383456874398,,0.026568564569100134,0.029894833787480025,0.025136510921498614,0.019737520133698935,-0.05410120090387283,0.02203132680213944,0.031160775828411945,0.02743754575228841,0.030746317691014137,,0.01599732554732508,0.006829933380742705,,-0.008619844791049575,,0.01871075516204445,0.026568564569100134,0.025952946694603615,0.02349795081201127,0.02743754575228841,,0.025952946694603615,0.027883276424922835,,-0.008387410575931847,0.029569664035021113,0.021041026963017153,0.027514022278818124,,0.02203132680213944,0.02743754575228841,-0.011263209669409555,0.03576149734071735,0.027757158319769406,0.010748320243543,-0.08517026901644068,0.03134059452745211,-0.0025719259290592307,,,0.024534921200424036,0.028662242314150356,0.027379541595826985,0.02361517333649419,-0.005013698855162111,0.042133706123952834,0.019778049546275593,0.037423189128289874,0.005323310352852577,,0.024681707084986643,0.04796435221963626,0.03354760369088976,0.032121285395308105,0.02707563370932618,,0.024681707084986643,,0.029115776547459376,0.022728217048183893,0.031160775828411945,,0.022728217048183893,,-0.00608675636367708,0.025711249822874194,0.02203132680213944,0.027867261510958273,0.027763387019823674,0.029093390142559426,0.031460151800781926,0.02150385403036169,0.03902921720639002,,,0.020774624722683332,0.011324249610777163,0.024490502211738638,0.02775477697191895,0.01996080694638515,0.010863662063117167,0.028745395663849246,0.0077116067069914005,,0.019379103736855596,-0.0071172262304158886,,0.02366594001723576,0.04988330456791976,0.024534921200424036,0.031160775828411945,0.022728217048183893,0.024515705758329075,0.029317954468049703,-0.005013698855162111,0.022728217048183893,0.019379103736855596,0.02707450923104552,0.022524874215715522,0.02351682477436622,0.024484154519682465,-0.00664813406120047
2023-03-01,0.09296249781445758,0.021285301832164955,,0.02317736732934822,0.020189635190535217,0.022543770387599985,0.01995999149884495,0.00011855146894145431,0.028813399107956272,0.031559497369792106,0.02206220302552711,,0.02014495532781746,0.016827117938713127,,,0.0022190188761147074,0.021883583739962943,-0.0645363079437597,0.04634544801367497,0.03891141614558228,,0.02044592591011659,0.032425478020782,0.023414335117282574,0.020189635190535217,0.021385279030183932,0.020050024999345932,0.028813399107956272,0.020383932884554812,0.0370633403643173,,0.022801345954674156,0.0014733718994222875,,0.014818368668604857,,0.02422454089708014,0.020189635190535217,0.021883583739962943,0.021385279030183932,0.0201192273247981,,0.02014495532781746,0.02037318673168008,,0.014162148240338285,0.03913220226709075,0.01614662097550365,0.020074547462080344,,0.02014495532781746,0.019924691268060485,-0.020676015725487794,0.023023993420649574,0.02422454089708014,0.01743836423105683,-0.06304925728458566,0.02317350028639788,0.023465927430099596,,,0.012611410554588327,0.02263191036267206,0.021712702835312223,0.021513003493845453,-0.002512749768159272,0.044693722747812026,0.005336641357843265,0.03004493621444846,0.014453106555582247,,0.020867231439164604,0.044693722747812026,0.0175946374907063,0.021883583739962943,0.02422454089708014,,0.020189635190535217,,0.029020939772322396,0.021385279030183932,0.028163513056162482,,0.01956034287982632,,-0.007858212801720273,-0.047787770423002335,0.020050024999345932,0.02435626263745052,0.030440366130820053,0.026469652930262832,0.02857473650197037,0.021418485119003905,0.02435626263745052,,,0.020050024999345932,0.017704078288892255,0.02014495532781746,0.021664857661697238,-0.0162803278991375,0.017704078288892255,,0.017455677393900852,,0.023849401408932144,0.013976059894024827,,0.02044592591011659,0.06184093699026881,0.0201192273247981,0.02673976463158439,0.021385279030183932,0.025159710373935718,0.023302602076531523,0.02794557075389157,0.021385279030183932,0.02014495532781746,0.01919900311388777,0.02044592591011659,0.02917505791304555,0.021385279030183932,-0.008645043020440356
2023-06-01,0.05701511204112857,0.03903009594999085,,0.014741018552614223,0.013715686018660854,0.017451909739220704,0.02094287722587583,0.018496807696611942,0.024283335110092022,0.028972029368106684,0.020738631716546226,,0.014311801502720137,0.010230624045598075,,,0.004400259033899054,0.02094287722587583,0.022038594278913755,0.029050700828798147,0.012990966346911352,,0.015328084851618741,0.010026575291197638,0.01933316056123643,0.013715686018660854,0.017267523613999292,0.011472225988056743,0.024509719754219523,0.0217712940534584,0.028972029368106684,,0.022038594278913755,-0.013241724852769783,,0.015341919476131964,,0.022038594278913755,0.015554469495746246,0.017939588268734905,0.017134539197730704,0.010930699957398697,,0.016265645811294326,0.015985743960160743,,0.016041363598432393,0.009179917295610863,-0.008004435636070322,0.015279084089714071,,0.011950718809005476,0.007425116972211343,0.014669854821396327,0.022998899579100732,0.0200142888469086,-0.00030231237609191017,-0.03849314201518031,0.017891789097777513,0.04637870687387559,,,0.003131851595333535,0.022694532928484737,0.016840255167510892,0.02178565998167346,0.004400259033899054,0.036705417804458386,0.013261732109902226,0.021333720945551003,0.026583652828068783,,0.02094287722587583,0.009281456196732735,0.011888451882049532,0.01879836520281262,0.022038594278913755,,0.022038594278913755,,0.020202279604915923,0.016439934022367868,0.022280975402475048,,0.018090559043496404,,-0.005476849703121815,0.012433906364822314,0.015985743960160743,0.019597699160579917,0.018649278400016518,0.022304556048044398,0.017877255136439715,0.020326083097312774,0.020225335097932274,,,0.015343226970432108,0.022038594278913755,0.015985743960160743,0.018179852861413787,0.019579000742206913,0.022038594278913755,,0.012980390286022787,,0.022059843796758353,0.016448633227793462,,0.02094287722587583,0.06933067093284638,0.017267523613999292,0.024509719754219523,0.01623974807519893,0.023579546519141424,0.019883849674873916,-0.014629601867747493,0.015301061133978945,0.01254683429306476,0.02254590914738221,0.02094287722587583,0.017877255136439715,0.016731629024266392,-0.014629601867747493
2023-09-01,0.02764749526977539,0.004531349521130323,,0.01507274154573679,0.01507274154573679,0.016124216839671135,0.01634107157588005,-0.0028402351308614016,0.01726837083697319,0.01971852034330368,0.011211530305445194,,0.011805892921984196,0.01739254593849182,,,0.01507274154573679,0.01634107157588005,0.015108411200344563,0.015429303050041199,0.015147276222705841,,0.01507274154573679,0.01492392923682928,0.016949458047747612,0.01507274154573679,0.01726837083697319,0.011805892921984196,0.01726837083697319,0.01634107157588005,0.01971852034330368,,0.015108411200344563,0.005680115427821875,,0.01507274154573679,,0.016949458047747612,0.01507274154573679,0.01507274154573679,0.01565113291144371,0.01507274154573679,,0.01507274154573679,0.01634107157588005,,0.016481449827551842,0.015147276222705841,0.01739254593849182,0.01739254593849182,,0.01507274154573679,0.012032832019031048,0.01507274154573679,0.01634107157588005,0.016949458047747612,0.01507274154573679,0.016002284362912178,0.015429976396262646,-0.000259977561654523,,,-0.05340888723731041,0.015147276222705841,0.0208327304571867,0.015429976396262646,-0.0076112160459160805,0.02764749526977539,0.01507274154573679,0.01634107157588005,0.01634107157588005,,0.01634107157588005,0.012077775783836842,0.01565113291144371,0.01507274154573679,0.016949458047747612,,0.010979614220559597,,0.015147276222705841,0.01507274154573679,0.01726837083697319,,0.027955368161201477,,0.01492392923682928,0.012032832019031048,0.011805892921984196,0.01507274154573679,0.016124216839671135,0.01726837083697319,0.011805892921984196,0.012623516842722893,0.011805892921984196,,,0.01507274154573679,0.015108411200344563,0.009102306328713894,0.01507274154573679,0.01634107157588005,0.015108411200344563,,0.01507274154573679,,0.01634107157588005,0.011805892921984196,,0.015429976396262646,0.020187173038721085,0.01634107157588005,0.014041018672287464,0.01634107157588005,0.01971852034330368,0.01507274154573679,0.0023835119791328907,0.011805892921984196,0.011805892921984196,0.016949458047747612,0.015429976396262646,0.010979614220559597,0.01507274154573679,0.024059513583779335
2023-12-01,0.02253652550280094,0.02253652550280094,,0.01188675221055746,0.01188675221055746,0.015241917222738266,0.01678280159831047,-0.005333364009857178,0.016336802393198013,0.018807103857398033,0.012870406731963158,,0.00924735888838768,0.012882320210337639,,,0.012156851589679718,0.01249267440289259,0.012870406731963158,0.02253652550280094,0.012601065449416637,,0.01188675221055746,0.013067878782749176,0.009210099466145039,0.01188675221055746,0.01678280159831047,0.00924735888838768,0.015691934153437614,0.01249267440289259,0.018807103857398033,,0.012870406731963158,0.00046191326691769063,,0.01249267440289259,,0.009210099466145039,0.01188675221055746,0.01249267440289259,0.01188675221055746,0.01249267440289259,,0.01188675221055746,0.01249267440289259,,0.015847833827137947,0.013067878782749176,0.015847833827137947,0.015847833827137947,,0.01188675221055746,0.01188675221055746,0.01249267440289259,0.01249267440289259,0.013948761858046055,0.01188675221055746,0.013826867565512657,0.012531615793704987,0.013948761858046055,,,0.01188675221055746,0.013067878782749176,0.011598372831940651,0.01249267440289259,0.01045369915664196,0.02253652550280094,0.009892222471535206,0.018807103857398033,0.011598372831940651,,0.01249267440289259,0.02253652550280094,0.01188675221055746,0.01188675221055746,0.002755595836788416,,-0.018676038831472397,,0.013067878782749176,0.01188675221055746,0.01672883704304695,,0.02566104382276535,,0.012601065449416637,0.00924735888838768,0.012156851589679718,0.012531615793704987,0.015512016601860523,0.01612902246415615,0.012156851589679718,0.012156851589679718,0.009517458267509937,,,0.01188675221055746,0.012870406731963158,0.009517458267509937,0.012531615793704987,0.011598372831940651,0.012870406731963158,,0.01188675221055746,,0.01678280159831047,0.016243889927864075,,0.01249267440289259,0.018807103857398033,0.01249267440289259,0.00957883708178997,0.00924735888838768,0.018807103857398033,0.013067878782749176,-0.024361100047826767,0.00924735888838768,0.012438707053661346,0.013948761858046055,0.01249267440289259,-0.024361100047826767,0.01249267440289259,-0.006474432069808245
2024-03-01,0.02544293737610235,0.02499434334849446,,0.01186181934509187,0.01186181934509187,0.01186181934509187,0.016596098571905585,-0.012421287609771459,0.016596098571905585,0.014185441095885697,-0.004297457187275739,,0.0031787959759748603,0.015581373060173221,,,0.010336331602261576,0.014802673653331651,-0.004297457187275739,0.022062925316383982,0.014185441095885697,,0.01186181934509187,0.010414947741243304,0.012835122299765854,0.01186181934509187,0.010336331602261576,0.010336331602261576,0.016596098571905585,0.014802673653331651,0.01916053921985061,,-0.004297457187275739,0.010702191251627349,,0.01186181934509187,,0.0031787959759748603,0.010336331602261576,0.01186181934509187,0.01186181934509187,0.01186181934509187,,0.010398051752015492,0.01186181934509187,,0.014802673653331651,0.007789798787613417,0.01186181934509187,0.01186181934509187,,0.010398051752015492,0.01186181934509187,-0.004710974801692743,0.014802673653331651,0.0195713587656872,0.012021226612916778,-0.040633296519408765,0.014802673653331651,0.0016722789464255494,,,0.0031787959759748603,0.013370906332986316,0.014802673653331651,0.01186181934509187,-0.040633296519408765,0.02499434334849446,-0.0071171035524316365,0.016596098571905585,0.012021226612916778,,0.01186181934509187,0.022062925316383982,0.012021226612916778,0.01186181934509187,0.012835122299765854,,0.010336331602261576,,0.014185441095885697,0.010336331602261576,0.010336331602261576,,0.010336331602261576,,0.016302324365096783,0.010336331602261576,0.016596098571905585,0.01186181934509187,0.011518052862953359,0.010336331602261576,0.010336331602261576,0.01186181934509187,0.016596098571905585,,,0.01186181934509187,-0.0029806926621422057,0.010336331602261576,0.010336331602261576,0.014802673653331651,-0.004297457187275739,,0.012021226612916778,,0.016596098571905585,-0.0008967484152573846,,0.014802673653331651,0.03551305296658158,0.014802673653331651,0.016596098571905585,0.010336331602261576,0.0195713587656872,0.010336331602261576,0.01618906379354891,0.010431395726788879,0.01186181934509187,0.0195713587656872,0.014802673653331651,0.01186181934509187,0.01186181934509187,0.0016722789464255494
2024-06-01,0.006850144825875759,0.01680031232535839,,0.010265829972922802,0.006632205098867416,0.010265829972922802,0.015482582151889801,-0.09279041737318039,0.009737234562635422,0.0124364597722888,0.007502828724682331,,0.006632205098867416,0.01028998102992773,,,0.00869340542703867,0.01028998102992773,0.013978758826851845,0.006632205098867416,0.011020821519196033,,0.01028998102992773,0.006850144825875759,0.008848816156387329,0.006632205098867416,0.010265829972922802,0.006632205098867416,0.010265829972922802,0.01028998102992773,0.0124364597722888,,0.008848816156387329,-0.008282987400889397,,0.010265829972922802,,0.006632205098867416,0.006632205098867416,0.010265829972922802,0.010265829972922802,0.006632205098867416,,0.006632205098867416,0.003930157516151667,,0.01028998102992773,0.011020821519196033,0.010265829972922802,0.013108067214488983,,0.009156739339232445,0.006632205098867416,0.010265829972922802,0.01028998102992773,0.008848816156387329,0.010265829972922802,0.022309426218271255,0.010265829972922802,0.013978758826851845,,,0.00869340542703867,0.006632205098867416,0.01028998102992773,0.010265829972922802,0.011599015444517136,0.01680031232535839,0.006632205098867416,0.010265829972922802,0.010265829972922802,,0.01028998102992773,-0.01121307909488678,0.010265829972922802,0.010265829972922802,0.008848816156387329,,0.004865813534706831,,0.011020821519196033,0.010265829972922802,0.006632205098867416,,0.009335563518106937,,0.02385282702744007,0.006632205098867416,0.006632205098867416,0.010265829972922802,0.010265829972922802,0.006632205098867416,0.006632205098867416,0.010265829972922802,0.006632205098867416,0.003930157516151667,,0.010265829972922802,-0.008867496624588966,0.006632205098867416,0.010265829972922802,0.010265829972922802,0.006632205098867416,,0.00869340542703867,,0.015482582151889801,0.006632205098867416,,0.01028998102992773,0.016282567754387856,0.01028998102992773,0.010927493683993816,0.010265829972922802,0.008848816156387329,0.006632205098867416,0.013978758826851845,0.006632205098867416,0.006632205098867416,0.008848816156387329,0.010265829972922802,0.006632205098867416,0.010265829972922802,0.0038092758040875196
2024-09-01,0.04047126869872425,0.03982836166370646,,-0.02133832499236945,-0.015864581293564314,-0.01273534084594348,0.020479695107465355,-0.0013066520561124898,0.027526572048905552,0.030054851612302085,-0.02357227012000599,,-0.018605259146432514,0.0112797818589911,,,-0.023952938464059218,0.015358190885141364,-0.021018307945081412,0.015241997569727071,0.03514282136280534,,-0.027028256480605313,0.024385818127436037,-0.017778516196866833,-0.025382273959205538,-0.011994119383594267,-0.026088920316105352,0.008150782313891184,-0.001592443760043861,0.047105573630192674,,-0.026220362205531304,-0.03278106189003714,,-0.01763237319918338,,-0.01387029847527643,-0.003898899798966754,-0.009773350992085802,-0.01735134753353407,-0.02920397805743447,,-0.02350409507411761,-0.005999058368862834,,0.006924774082923842,0.03026243681528389,0.02040205411935554,0.030963783733299017,,-0.02106410231842224,-0.00233565624698546,0.00933752115911459,0.019507554509706412,-0.01730744718064169,-0.01864836324410035,-0.03196853891231897,0.01952225428199448,-0.009211922105848515,,,-0.029894457030906315,0.007945617379632175,0.024760124595540042,0.0068218884486509765,-0.007677120853642812,0.05402270190084374,0.013289617166210346,0.009277314208286733,0.01710318809463081,,0.03134969988688802,0.03901360169555218,-0.011118873010910498,0.00962713010301287,-0.015647870699865323,,0.02632175035088193,,0.011781555110166242,-0.010373855378002662,0.004710532164696887,,-0.014634377769468956,,0.02718418902542651,-0.01269483131504995,-0.004160351999665432,0.01309121536633177,0.017524448269417778,0.01855203769511734,0.002451518125912332,-0.010411656762069591,0.0021343360366691522,-0.0033954373889548643,,-0.018785151720030945,-0.02978392285693134,-0.004977160582934844,0.01421313488645855,-0.00339423160762168,-0.02901780045460043,,-0.018909069525125034,,0.020932599494128658,0.006912602929511215,,0.027080576169578253,0.050233417936531126,0.018211640714142656,0.022222757739447253,-0.00019569208731074094,0.030875685061996408,0.011164380172594069,-0.0036790198293238036,-0.017130487626796843,-0.004816361343328412,-0.01626415660266551,0.012179677715375597,-0.020378899498106937,0.030751664692056035,0.0019086644400858948
2024-12-01,0.01553445216268301,0.0036235060542821884,,0.007821213454008102,0.007821213454008102,0.007821213454008102,0.009890640154480934,0.0100174555554986,0.009890640154480934,0.010162695311009884,0.005230058450251818,,0.005686165764927864,0.008677968755364418,,,0.004456672817468643,0.008677968755364418,0.007737412117421627,0.0036235060542821884,0.00900068785995245,,0.007821213454008102,0.00900068785995245,0.004853830207139254,0.004456672817468643,0.007821213454008102,0.004392890725284815,0.007737412117421627,0.007821213454008102,0.005686165764927864,,0.004853830207139254,-0.010679264552891254,,0.007821213454008102,,0.007821213454008102,0.007821213454008102,0.007821213454008102,0.008677968755364418,0.007821213454008102,,0.008677968755364418,0.004853830207139254,,0.007821213454008102,0.006874021142721176,0.007821213454008102,0.008677968755364418,,0.007821213454008102,0.008677968755364418,0.007821213454008102,0.008677968755364418,0.007737412117421627,0.007821213454008102,0.0018399074906483293,0.007821213454008102,0.006970460992306471,,,0.004456672817468643,0.005686165764927864,0.008677968755364418,0.007821213454008102,0.006595593877136707,0.01553445216268301,0.004392890725284815,0.007821213454008102,0.007821213454008102,,0.008677968755364418,0.0036235060542821884,0.007821213454008102,0.007821213454008102,0.007737412117421627,,0.010162695311009884,,0.00900068785995245,0.007821213454008102,0.004392890725284815,,0.004343609791249037,,0.03198588266968727,0.005686165764927864,0.004392890725284815,0.005749947857111692,0.005686165764927864,0.005686165764927864,0.004392890725284815,0.007821213454008102,0.005749947857111692,0.00943392887711525,,0.007821213454008102,0.001913251238875091,0.003004032652825117,0.005686165764927864,0.007821213454008102,0.007737412117421627,,0.007821213454008102,,0.009890640154480934,0.005686165764927864,,0.008677968755364418,0.011406084522604942,0.008677968755364418,0.00478524062782526,0.005686165764927864,0.004853830207139254,0.00900068785995245,0.001146300113759935,0.005686165764927864,0.007821213454008102,0.007737412117421627,0.007821213454008102,0.004392890725284815,0.010747392661869526,-0.03195933997631073
2025-03-01,0.01311892049649035,0.005041667264301156,,0.0059708987864756004,0.004789801251208432,-0.004944377065125729,0.0059708987864756004,0.006029796404484004,0.005467510830080023,0.0064987436560791905,0.0017673513910718523,,-0.004999676520621943,0.0068958924013975045,,,0.0063344083873282985,0.0059708987864756004,-0.037935239467897175,0.00512818598768147,0.0064987436560791905,,0.006536986560393139,0.006642233945952304,-0.008603548007506604,0.001699525626303914,0.006267098070359523,-0.0046261122088440895,0.005683281032848193,0.0059708987864756004,0.006536986560393139,,0.0059708987864756004,-0.02567454596127133,,0.0059708987864756004,,0.0059708987864756004,0.005299985022124396,0.005299985022124396,0.0059708987864756004,0.001699525626303914,,0.0015214385795789805,0.00433872443296924,,0.0017034684298878966,0.013983442212308732,0.005903813994959307,0.006212923431392746,,-0.0013591762984502564,0.0059708987864756004,0.0059708987864756004,-0.003532809326133681,0.007875987026850901,0.0059708987864756004,0.00239014666566849,0.006090480196249245,0.00240448264808768,,,-0.00325484504841843,0.0077669026533093875,0.006481453950922088,0.005903813994959307,-0.010063544411574595,0.008342869357858084,0.006481453950922088,0.00614774218603836,0.0060473042848324205,,0.005903813994959307,0.002587326304789821,0.0018045005572112623,0.006481453950922088,0.00595947890000498,,0.009319531814762342,,0.0033303899541832606,0.005578447052025222,0.004901423056162485,,-0.007236608206412707,,0.01920337707679074,0.0007629881020605073,0.006875951085114999,0.007558231118081888,0.00614774218603836,-0.01288909293987441,0.004236327530046369,0.003172160975662644,0.006223839515522791,0.00582608840127394,,0.003533659319605378,-0.000989686198589763,,0.005903813994959307,0.0059708987864756004,0.0033093733806906825,,0.005920355823414257,,0.0059708987864756004,-0.005021587618919553,,0.005307935047233769,,0.005742632594728974,0.0066820393300376524,-0.0013552334948662688,0.008600882778511464,0.0064987436560791905,0.010096098057507212,-0.010840905619626478,0.005742632594728974,0.007875987026850901,0.006481453950922088,0.005170820002728426,0.00614774218603836,-0.007043177519889726
2025-06-01,-0.0002105168937661311,0.005069201799839239,,-0.0030589874279234835,-0.003554381860720166,-0.004610304899899088,0.0038108103004636192,-0.009618160927567095,0.014750524134702096,0.010645126180892871,-0.014851498452425328,,-0.005326402917936287,0.0029949766212402787,,,0.0023869125950950524,0.0040370355808832924,-0.025626249667538136,0.007953093056278381,0.01524676600096414,,0.008112872549126238,0.004389168169124752,-0.0019194115746030108,-0.0027318533924409853,0.005624860752142818,-0.00597001353378113,0.016198478743351716,0.006057735978286973,0.01429617914770345,,0.0011094125999241188,-0.024485650635253573,,-7.202121190115539e-05,,-0.00029129749862505383,0.004447275313848802,0.007863018335531423,-0.0016437245195707485,-0.0028281268702061955,,0.007935637997360129,0.006922114229206888,,0.001518532787721285,0.007124955700873333,0.004488788239786342,0.01149317695922775,,0.002346843286038318,0.0028989283113295314,-0.0026643935501759765,0.01213316762554161,-0.020124982335015733,-0.0012429829610159677,-0.026497947845486872,0.009051116647665274,-0.019153655852768382,,,-0.0039235246644068215,0.002963499470695763,0.009493970603511618,0.013243618871708768,-0.014994342936052597,0.00989497732719264,0.006556959787914669,0.01198734593710848,0.010692525757278417,,0.016315842880507733,0.020113523949701843,-0.004451174433328175,0.009084512812677872,-0.017653096323822972,,0.016203700981472856,,-0.0007764661182664717,-0.004171611910188558,0.009262529007082057,,-0.005938401395311857,,0.0042629796376552455,-0.009342958620586777,-0.006999478737088367,0.0050985324446298766,0.01667974902380819,0.004884025044499602,0.014731755610381559,-0.00044211404296580416,0.007197733991633856,-0.02178262165852312,,0.0031693050431248464,-0.012457995280892661,,0.008510135298103405,0.0005186613412908631,-0.015227218290028623,,-0.006266424542171855,,0.003058731216563961,-0.0018613919050457532,,0.01735726583953206,,0.012055647683453909,0.012901037593363248,-0.0021987674760467744,0.016639821345805376,0.007950797656979794,-0.016233743521486994,-0.003055762464197826,0.00930815871444108,-0.015597508462626305,0.005657034600052928,0.004356677850584697,0.010037634213443542,-0.021515796751927087
2025-09-01,0.007897659204900265,0.005415895488113165,,0.004651359748095274,0.004651359748095274,0.002638105768710375,0.004651359748095274,0.007337430492043495,0.004651359748095274,0.006495119538158178,0.00032698168070055544,,0.002638105768710375,0.002638105768710375,,,0.002638105768710375,0.005415895488113165,-0.0861714631319046,0.003995019942522049,0.007897659204900265,,0.004651359748095274,4.851270205108449e-05,0.00032698168070055544,0.002638105768710375,0.002638105768710375,0.002638105768710375,0.004651359748095274,0.005415895488113165,0.005415895488113165,,0.004651359748095274,0.00032698168070055544,,0.004651359748095274,,0.004651359748095274,0.004651359748095274,0.004651359748095274,0.004651359748095274,0.004651359748095274,,0.00032698168070055544,0.00032698168070055544,,0.002638105768710375,0.011549761518836021,0.005415895488113165,0.004651359748095274,,0.004651359748095274,0.004651359748095274,0.005415895488113165,0.005415895488113165,0.007573641370981932,0.004651359748095274,0.00032698168070055544,0.004651359748095274,0.007897659204900265,,,0.002638105768710375,0.002638105768710375,0.005415895488113165,0.005415895488113165,-0.016673455014824867,0.005730584263801575,0.004651359748095274,0.004651359748095274,0.003995019942522049,,0.005415895488113165,0.003404909046366811,0.005415895488113165,0.005415895488113165,0.00032698168070055544,,0.004651359748095274,,-0.02027059718966484,0.004651359748095274,0.004651359748095274,,0.002638105768710375,,0.01371682994067669,0.0014449793379753828,0.00032698168070055544,0.002638105768710375,0.004651359748095274,0.01354051474481821,0.0005677602021023631,0.00032698168070055544,0.004651359748095274,-0.0750662088394165,-0.00130200304556638,0.004651359748095274,0.00032698168070055544,,0.004651359748095274,0.004651359748095274,0.00032698168070055544,,0.002638105768710375,,0.004651359748095274,0.002638105768710375,,0.005415895488113165,,0.005415895488113165,0.004651359748095274,0.004651359748095274,0.0032622353173792362,0.005531013011932373,0.007573641370981932,0.002638105768710375,0.004651359748095274,0.007573641370981932,0.005415895488113165,0.002638105768710375,0.004651359748095274,0.008004780858755112
2025-12-01,0.0028501080814749002,0.006714316550642252,,0.008853412233293056,0.006714316550642252,0.006714316550642252,0.006714316550642252,0.055503226816654205,0.006714316550642252,0.006714316550642252,0.0011435792548581958,,,0.004415314644575119,,,0.008171545341610909,0.006714316550642252,0.010191189125180244,0.004415314644575119,0.008853412233293056,,0.006714316550642252,,0.008853412233293056,0.006714316550642252,0.006714316550642252,0.006714316550642252,0.006714316550642252,,0.008853412233293056,,0.006714316550642252,0.0011435792548581958,,0.006714316550642252,,0.0011435792548581958,0.006714316550642252,0.006714316550642252,0.006714316550642252,0.006714316550642252,,0.006714316550642252,0.0011435792548581958,,0.008853412233293056,0.01657467894256115,0.006714316550642252,0.006714316550642252,,,0.006714316550642252,0.006714316550642252,0.008853412233293056,-0.0019493461586534977,0.006714316550642252,,0.006714316550642252,0.01657467894256115,,,0.006714316550642252,0.006714316550642252,0.008853412233293056,0.006714316550642252,0.008853412233293056,0.006714316550642252,0.006714316550642252,0.006714316550642252,0.004415314644575119,,0.006714316550642252,0.008853412233293056,0.006714316550642252,0.008853412233293056,0.0011435792548581958,,,,-0.017822053283452988,0.006714316550642252,0.006714316550642252,,0.006714316550642252,,0.030628275126218796,0.008171545341610909,0.006714316550642252,0.006714316550642252,0.006714316550642252,0.008171545341610909,0.006714316550642252,0.0011435792548581958,0.006714316550642252,-0.0028750081546604633,,0.006714316550642252,0.008853412233293056,,0.006714316550642252,0.006714316550642252,0.0011435792548581958,,0.006714316550642252,,,0.006714316550642252,,0.008853412233293056,,0.008853412233293056,0.006714316550642252,0.006714316550642252,0.008853412233293056,0.008853412233293056,0.03374120965600014,0.006714316550642252,0.006714316550642252,0.010191189125180244,0.006714316550642252,0.006714316550642252,0.006714316550642252,0.010191189125180244
