,1045,1230,1246,1300,1598,1891,2101,2285,2312,2574,2817,3041,3062,3278,3416,3497,3580,3650,3835,3851,3863,4040,4058,4094,4108,4199,4321,4423,4494,4598,4818,4864,5046,5047,5229,5256,5476,5492,5783,5860,5878,5959,6081,6216,6268,6335,6774,6994,7085,7435,7554,7921,7923,7985,7991,8253,8358,8402,8463,8606,8717,8972,9203,9225,9299,9771,9778,9882,10016,10405,10519,10540,10581,10795,10867,10920,10983,11306,11600,13003,14225,14477,15267,16475,20116,22140,22703,24617,26590,28192,28590,29901,30098,36190,36191,40279,51654,60979,62823,63527,65609,66065,66446,100873,112168,144066,146017,148349,160474,160893,162076,165123,166385,176928,177983,179657,180112,180652,183736,186278,186310,189491,316056,343180
2001-03-01,0.010452956770526356,0.006976505254738771,0.015375293198697675,0.0021792430273852386,0.015037747711476045,0.00270006824273994,0.02458047341404484,0.01091177770697975,0.010136389868529406,0.015629987090262216,0.009799604604129741,0.0066741031850068785,0.009054066549593934,0.01175138107667367,0.00939204468461057,0.008818860884105093,0.008980298076087098,0.01914372112108364,0.005827331809569985,0.010452956770526356,0.01594960363192548,0.008399059522448692,0.009844138512425434,0.009205860100472633,0.009193848911363186,0.013828625997022387,0.010496242969340373,0.010937036791317108,0.012498586024674749,0.0028471008741961634,,0.005058573707579764,0.009844138512425434,0.01005960526329012,0.008518247834350318,0.005261174430587955,0.001965927725931374,0.0020486326383519896,0.009634954633558809,0.008518247834350318,0.009844138512425434,0.013425581263789559,0.006976505254738771,0.012551282624345479,0.01317018006672278,0.0095347414321286,0.004844763380076442,0.01340483577632241,0.010745562446728665,0.01091177770697975,0.006467745157813905,0.006003662036605939,0.002800251619904716,0.014541790574594047,0.02624064095444611,0.012077145286840778,0.011600894925929727,0.00270006824273994,0.007219769657105813,0.01193152307824575,0.012267654439256204,0.011720007912662842,0.002524362875776357,0.008875913664227054,0.015565450272888292,0.008697234674008063,0.011244882895381269,0.009334582904492258,0.009844138512425434,0.009621391127092338,0.009729518521444299,0.0024704057422042865,0.0035881312727019765,0.012249063663453564,0.008807462383592538,0.010243919860168822,0.009844138512425434,,0.009753839122641992,0.006467745157813905,0.02865743394554104,0.005911601921163684,0.00969738329512084,,,0.01883216056524251,,0.005374364128653824,,,-0.0027156330371161277,0.00957315437058266,0.01741078157541671,,,,,-0.0030465998176148557,0.014782829027647498,0.004803205691454435,0.010472698298834003,-0.0008640719773741079,0.0028471008741961634,,0.010115325812376442,,,,,,,,,,,,,,,,,,,
2001-06-01,0.0017876273194325496,0.011417363159122697,0.0354896096595889,0.00828596538032657,0.027925986234963673,0.0008030462836900782,0.00460562066887763,-0.0076764094392456385,0.01895505817616594,0.018335610574984857,0.004611908040103682,0.006772577264981835,0.0033297258659199416,0.008372357197222452,0.003978008841489308,0.02671426491114765,0.012005435182051181,-0.008163390779951292,0.010067768323071628,0.009341278882292662,0.017648042459626426,-0.014665004029017027,0.0056639111868631905,0.007283885550420656,-0.036858364570826446,0.015226816031275814,0.009537837844885527,0.006273156675071622,0.0171681258459877,0.0053675991639244745,0.009270727189115213,-0.001107998501875362,-0.0024095020686065206,-0.01532228097548029,0.0076574759517850565,0.0027010195123526506,0.019883840146002904,0.02878386989967009,0.010741531751475781,0.0003307355931900873,0.009002999050385882,-0.011754248022667365,0.02805037848483156,-0.015029057680904444,0.004434313665832974,-0.006430566970165254,0.0031700366094256677,0.017971234186100797,0.010885680160416395,-0.01987020008080872,-0.027742116422980977,0.009122643040981942,0.005853152775900023,0.006779821838242038,0.007141070047046338,0.001357032736817981,0.012226877296760776,0.003774971723546977,0.02094043902687071,0.010396108989832228,0.01123188254752938,0.005164263068792068,-0.006253597613422756,0.009600549576352488,0.009270727189115213,0.030491969105235932,0.02514879561695542,0.023592054708176765,0.008261247724338776,-0.01278683719945863,0.007231572279054269,-0.004107711580568227,-0.013116659586695906,0.014268191923795543,-0.0015763809675717851,0.003325443275718871,-0.005133764638486474,,0.005969504776529185,-0.03279300579916547,0.03892275660956672,0.02059915718407847,-0.011754248022667365,,,-0.01867873716508156,,0.012463844767958117,,,0.009270727189115213,0.0023425828194408964,0.008381719601599167,,,,,0.010517390337796426,0.04005647443770067,0.01050237627565271,0.011675719789329832,-0.013383331771177301,0.017164900795636904,0.04057846479161433,0.008886821849750403,,,,,,,,,,,,,,,,,,,
2001-09-01,-0.00559123574139689,0.0017772183440197997,0.002189390849017387,0.01313727555468912,0.012641219951504199,0.004686982073284014,-0.0028890350628033436,-0.011231410253423642,0.0155819125890959,0.006650528992968521,0.0018082157090390815,-0.0042497195441377495,0.010737919925381844,-0.0028437869755778876,0.003803178570949256,0.0002598457999368738,-0.00431620913542875,-0.010476327865928715,0.0024338904158719087,-0.00559123574139689,-0.0008189611636274648,0.0027574091068865475,-0.019868660288449802,0.013891319879405641,0.0013830748865764964,0.0017039670965029105,-0.004493764555548294,-0.0441743485132965,-0.005536694770912219,0.004546197406533909,-0.006634240889736573,-0.034389742023041556,-0.0002978881023143079,-0.00012915988557113747,0.007384352662702078,-0.007556866445510117,-2.1314982608599955e-05,0.03467813747332639,-0.00011805690884269692,0.0029423081769909204,0.0007762037477353929,-0.031564827422209084,0.0017772183440197997,-0.0036117597509452257,0.003093692840943853,0.0013871809116552491,-0.03679943224783456,-0.0014574053236748616,-0.0062392108936655645,-0.012444310308555749,-0.03214193984116915,-0.04595507825806484,0.0070235073887875265,0.008867295151063699,0.005364530482095328,-0.008684495773762539,0.002144967748681753,-0.002814178418668205,-0.003946459398251877,-0.0025842746410559897,0.0009552600251417962,-0.016584473753017113,-0.0010273185737777661,0.0035812899582941217,0.004265388218863735,0.03578003110554728,0.0018365577297551742,0.0013648377202661215,0.008553084948390704,0.0024930836335610644,0.004841889364753708,0.033667148115013465,-0.010476327865928715,0.007253747216176881,-0.00017818840224742314,-0.0049328763096867494,0.00352781889926445,,0.0010401962268529964,0.013493841559317606,0.03176668565269266,-0.014525572646001683,-0.0062392108936655645,,,0.005286311109900475,,0.008784023572614062,,,-0.0024205750834772983,0.026972731168836084,0.03614883108386914,,,,,-0.00934317905633122,-0.01549523725639755,-0.029228142702509712,0.0014790032230333656,0.003958966061776022,0.029981024160874243,0.014745781322089164,0.007610671613559576,-0.0394514825093536,,,,,,,,,,,,,,,,,,
2001-12-01,-0.022995070745209293,0.02373120221542287,-0.043709959471762844,-0.01364319705414745,-0.004586035856813077,-0.0001869722798161261,0.013309831222326618,0.005009158200694842,0.00463340427488275,-0.003382508419570496,0.007508860391201592,-0.002630332734736428,0.005839631544720376,-0.009376479469518374,-0.012858900738522704,0.01022400790378634,-0.008314456253634073,-0.02741897760912909,-0.012280368142314101,-0.014139834102169142,0.012281766023530975,0.006155289883627936,0.0006745989483205013,0.00734815161334137,0.011280085748106135,-0.004993210179166899,-0.009621669654069237,-0.009569765446153096,0.012234488972917117,-0.009627893204046762,0.019249244882373177,-0.005934189943112301,-0.005421175990715663,0.008441081805369536,-0.0008780538710930207,0.004426027365567694,0.0035795877902028987,0.004604322388779677,0.01211105214717859,-0.0038033436509975495,-0.005420242679129546,-0.012970321658118128,0.017607019261674635,-0.0023614547596962705,0.006191903960348436,0.01159372010183932,-0.0051358209128774986,-0.0007294798514497201,-0.017560781412117463,-0.01986788627169428,-0.00910745495036996,-0.027485822873835167,-0.017384158581623517,-0.012990814642286184,-0.010965056941246836,0.004619993714431587,0.0022958935094584574,0.007037833188116943,-0.006175540691058536,0.0029349232276112574,0.004946523641693479,-0.029136182118287477,-0.005872126848692725,-0.015355805180037664,-0.009621669654069237,-3.856739310076888e-05,-0.02752118567373188,0.008468948771631464,-0.0034661702513032098,-0.0006078692569009262,-0.007527066300596122,-0.026326104601513117,-0.024386836559846248,-0.015252747755278129,-0.004210359712846748,-0.011280982729031016,0.0094828841891332,,0.010266758095081424,-0.0012241084022323536,0.038084802512226706,-0.042342676632825274,-0.0006978969961114233,,,-0.016358877539416644,,-0.0002577528760928422,,,-0.007993469645584861,0.038084802512226706,0.0034948561252397324,,,,,-0.03253019727279163,-0.0165576126254635,0.010270783852042572,0.0036761749153172945,0.008336539755712212,0.011024813125951662,0.022628668224713613,-0.004780869522303098,-0.013340127975547518,0.008920085208134873,,,,,,,,,,,,,,,,,
2002-03-01,-0.028609293499370546,-0.028609293499370546,0.00788630947083779,0.014123382464628142,0.005607458985442529,-0.05678072268791608,0.0059665521898050146,-0.005657484820472246,0.0003490363753380399,-0.002079629160248394,0.0072768728400894,-0.023315354422901675,0.0003490363753380399,-0.02411194458508137,-0.028609293499370546,0.013037888631682905,0.003652461269175636,-0.028609293499370546,-0.010535056456781365,-0.028609293499370546,0.007731865534572823,-0.01943485461598156,0.011323485105689536,0.04031445786075615,0.01352689203984996,0.008853277221835877,-0.0011749602096999285,-0.009743652679713477,0.011675341336698909,-0.016750032890104984,0.01593564881315931,0.0007098260692132422,0.004639072692934737,0.01444951195787913,-0.009324926627994,0.013347363278123713,-0.0016411046189909026,0.008622664483722873,0.015377357797197306,-0.0004997858166328909,0.006236963488515063,0.005761869087376119,-0.028609293499370546,0.007078947294119793,0.013326124707213073,0.014991953588112507,-0.028609293499370546,0.0007387471783947311,0.009475178565898683,-0.002312048011210587,-0.028609293499370546,0.018115157485157497,0.002252672914145157,-0.004018123127931302,0.012980937729249846,0.004471718065430573,-0.0009993189701117272,0.011323485105689536,-0.012904951907833475,-0.0005037002957188488,-0.02567241214403332,-0.028609293499370546,0.012597526375791344,-0.027176031217052782,0.0049713861692787945,-0.02866189650907423,0.0021062756505151365,0.0003490363753380399,-0.003547488644785858,-0.013604820424769876,0.0016567263685464467,-0.028609293499370546,0.019530349602338265,-0.028609293499370546,0.0034920131984910283,-0.007696638435505066,0.005918860622634486,,-0.026621641806625174,-0.009568952923016558,0.023234362780449297,-0.006724657561975903,0.0005746167259262125,,,0.009319180912266087,,0.017439225605159682,,,0.007373441792023205,0.03483868503145529,0.005378521362484163,,,,,-0.006864668581892428,0.014419920193171237,-0.010452426254342966,0.011186732705773762,-0.007843555236999146,0.0016213138774887057,0.020496785235503273,-0.014040808225745159,0.015424629845941057,0.004954074232911086,,,,,,,,,,,,,,,,,
2002-06-01,-0.07503335947739252,-0.07675190283884195,-0.006542932023865857,0.010766433157054367,-0.011626362912086165,-0.06693040276161466,0.009639525249384521,-0.006785931980710673,0.02008765622793868,-0.0010244016801260883,5.5467998068312705e-05,-0.018196858005474468,4.5743308444609405e-05,-0.014817435241281861,0.024064645375352127,0.013185477939187885,0.009186281525826252,-0.0007448261629984778,0.010310759511829038,0.013449648339468186,-0.01397173540856161,-0.02145674967492701,0.010517084489826797,-0.021941130226822148,0.022224057587026513,0.00795355283990252,-0.018762593642684514,0.025175110963030784,0.032798762520774266,-0.020943031878696092,0.011371042398134523,-0.06927927500419724,-0.006985847323793331,0.017618718526587505,-0.012378122652287504,-0.027121267923163935,0.01308872134065145,-0.013747912120104566,0.005048688943045864,-0.016375964740367933,0.017198253555949443,-0.0020617580299542803,-0.05253311558749857,0.0010049947415092153,0.006488442902555559,0.008118414622250297,-0.026906905726527437,-0.050528782646690716,0.019705381652184526,-0.04166290329828028,0.015725816682755276,-0.0045359249129080705,0.015720176909734727,-0.021522819940591787,-0.0760026176967707,0.002965855134256871,-0.009448512470474155,-0.0003212989772543969,0.003846631361696101,-0.009500682173990312,0.020447599836796365,0.011241224778647974,0.030998628546025083,0.014470664136096977,0.005729429452797278,0.02253671755769601,-0.015391144436856557,0.026142917790862218,-0.011287517201353646,0.0052880909327973225,-0.002335697339283402,-0.0889513361800604,0.004322634356805449,-0.07626206419040701,0.005899409663469292,-0.023382233580663235,0.0042255324556946935,,0.017375078205007992,-0.09475799719596173,0.05895072133407467,-0.006446677160758704,-0.004169320557431684,,,0.023742826949788944,,0.02614549292073229,,,0.014573333969222333,0.08080676266998772,0.01796185601777701,,,,,-0.03842927213257228,-0.006791875126472802,-0.018128308810882687,0.0385454578293696,-0.07038199384202802,-0.07306946649497721,0.012307491521781535,0.023720661083079814,-0.02328374272419023,0.0023193223470312874,,,,,,,,,,,,,,,,,
2002-09-01,-0.03202619936595877,-0.05995353357814849,0.032250211530985506,0.009596919314798268,0.0010608647971750206,0.010404800891998078,0.027347878906401425,0.01853028895299252,0.010983376555987648,0.014571872465659264,0.011707786684901697,-0.029514998303644225,0.020422861021365386,0.015278510329593098,0.01024312767927283,0.01515293212642451,0.028035700393926055,0.020654874603875658,0.009073332475174677,-0.021049027955484377,-0.026963223105964586,-0.025203414459909333,-0.01674045175503162,0.004948893678784466,-0.009581623392339833,0.01755316347210639,0.0223585504068781,-0.01945142407036125,0.023023890170551946,0.01104153059621768,0.020958170853326314,-0.02554229111749461,-0.020955069022273107,0.017002793330715138,0.013767251767845223,-0.029105587302521014,0.013553882996602916,0.009949231877322126,0.02008893206051716,-0.004722735357250597,-0.0012293471169699003,-0.019654824982164972,-0.01799298020264918,0.003612883396464092,0.007742515465471047,-0.001818406324970906,-0.026015398220718036,0.009284270057773662,0.019280807752775787,-0.021936218458595284,0.03887635234487477,-0.00843657099966664,0.004979366608271453,-0.012600017326860483,-0.021939063137415296,0.009163453249425598,-0.0011855844044184436,0.028803662654577667,0.010110285767766855,0.00929408968713745,0.024059268908163196,0.022270966169169886,0.037672733313857454,0.021957627852419226,0.01508327256868072,0.029509729708288853,0.007373051252580518,0.02643807579396781,0.006490319240031964,0.01518658751038255,-0.018655813831396813,-0.013808295992399041,0.028456826139902948,-0.03167708688657298,0.009573204949950537,-0.011030058562575757,0.01086892212479362,,0.03041831989009639,-0.03162151574873098,0.04055179666705604,0.022760202139158105,0.012015309586906527,,,0.04721303496368398,,0.010196859972702574,,,0.002895308445114101,0.0715764291411879,0.007331411809191384,,,,,-0.07079906223723934,0.004905000422125347,-0.0063473177925625094,0.020133795091156665,-0.026414675615498453,-0.051282310764314026,0.0196106024555046,0.014551906477707684,0.005245209819098891,0.0016922879403531354,,,,,,,,,,,,,,,,,
2002-12-01,-0.05081938469006959,-0.05049989919425944,0.0221090604707707,0.022300314206404378,0.03256674992672768,0.005503704533047153,0.022372308089361817,-0.006735419921054466,-0.021809843062737255,0.03218787531688347,0.005482772414357198,-0.019703482749343686,0.022511168949546415,-0.002733425479546975,-0.003320787932150775,0.012650057185806777,0.016585269023095102,0.05471331612352941,-0.002368065478951922,-0.03949736301847731,-0.06544429223762398,-0.019293452569304436,0.028364232442903193,0.014032926853634527,0.013617851056315114,0.009674109854851284,0.00977604584916752,-0.006184292021761383,0.04392056914803677,-0.013772713987692559,0.032383669428362676,-0.055798832088514605,-0.005631236128835632,0.011661331706316913,0.02225281455088902,-0.01987757012744635,0.0016625840807045257,0.005191101953305711,0.01893452788053634,-0.013224357384452603,0.024544317129241523,-0.03931152404836856,-0.047688250658094525,0.0040818122633511774,0.007444051142944856,0.020775613594654744,-0.01999538944846528,0.024676456141820145,0.006436047838678775,-0.01623001971210477,0.0228125839127139,-0.004061893316572902,-0.01698865715910556,-0.023069013628985245,-0.057199759161828824,0.018845680448827444,0.013643272081989915,0.008126954598028065,0.006270446557516996,5.0919307908729267e-05,-0.02038783585410391,-0.014535538759870303,0.018241104446310653,0.016164268800762795,-0.02619527466023828,0.0036814325869926274,0.0012505114415919689,0.007950661415125994,-0.01369252231890663,0.002243537201066567,-0.04413993990529569,-0.053167060370607415,-0.014558860514517505,-0.05081938469006959,0.0076943131833797675,-0.013344391020554718,0.009028538196221396,,0.009208997932853328,0.008108994986513995,0.03080305131290649,-0.0025245098712682944,0.01433551719214415,,,0.0813112163159264,,0.011498034549727656,,,-0.007327376106578273,0.0813644188727466,0.010640874117939897,,,,,-0.06085307500240573,0.018575739908115455,0.03616874842437846,0.020506128208763928,-0.046555230564340966,-0.040771026575014545,0.05052756574344801,-0.008822665692331358,-0.0020837992253870032,0.011977116759904257,,,,,,,,,,,,,,,,,
2003-03-01,0.010418719008481798,-0.011794822854066002,0.040656073256606765,0.01769580001594712,0.008532720841657676,-0.002126446811812747,0.011801173822576465,0.010075546346527827,0.025377272405976536,0.027127669822937545,0.009121531694958832,0.0003044268383765527,0.024205782070746446,0.009242332504346328,0.006569361929265919,0.014258930733317757,0.02098890259051117,0.0249318061115084,0.01304223158483803,0.010418719008481798,0.00918474430663241,0.001967816149211708,0.01684550994482973,0.012419822684766244,0.026173226211536636,0.013044048982370417,0.006841476912035055,0.018589963849287527,0.016614955491276888,0.0022826815838183656,0.0187557671198207,-0.021762347275685958,0.0058096226773540005,0.016097415002023722,0.011291155648928509,-0.0010996954659626332,0.0206221077011791,-0.004453892287211589,0.012821480612251468,-0.004910221281768199,-0.021515341880848533,-0.004064128036588304,-0.011794822854066002,0.009831125252229808,0.013315143414629669,-0.013432642155979628,-0.0006359481175306448,-0.0022464453888120313,0.010609961438732902,-0.0011211291793040293,0.020952416272131506,0.00929184801761891,0.017746565662969727,0.006455807016388989,0.018619251953868078,0.010970106120594745,0.005076817361341071,0.02206750073371622,0.007041934831771082,-0.04199977606864079,-0.00039226758714678244,0.006455807016388989,0.01576700533365247,0.012684905991816025,0.0030086399954440987,0.0015199343878844254,0.010260645773699022,0.01897491301948752,0.001329756326156677,-0.005539547963376083,-0.004064128036588304,-0.004064128036588304,0.019883452442304012,-0.021762347275685958,0.013073799557226543,-0.001549925423774446,0.005725454769303968,,0.011626976307646477,0.010710672163131069,0.025694865985392067,0.013315143414629669,0.013271367995191045,,,0.027171549391618206,,0.034712337561573325,,,0.009831125252229808,0.05612301486378106,0.03211412172995983,,,,,-0.0028492462856409646,0.021686975401571502,-0.0025385913570776207,0.0033344492773649914,-0.011794822854066002,0.018619251953868078,0.012821480612251468,0.0020497169494191336,-0.013728324718843473,-0.0017150831473330093,,,,,,,,,,,,,,,,,
2003-06-01,-0.04336381029668982,0.0087770065216837,0.03630235461441916,0.027453372860610878,0.014731985227679581,-0.0008834826511456643,0.06076995487008095,0.02757753187819465,0.02086947012147533,0.01850221626837217,0.009363686177821894,-0.011417872782832732,0.01612962605691189,0.018367345251912307,0.02575661320542204,0.018276117527957415,0.019666720784418768,0.019361084382196258,0.014507122580019694,0.013752625710855266,0.024775732535039396,-0.060341790623486276,0.02543689658965932,0.0122501361272492,0.034535523753389655,0.018990881106981862,0.011657558704522002,0.01554562304141824,0.0397258314475399,-0.00648142400036221,0.02820386355404456,0.0023100931366716003,0.018439269643860022,0.018847703819321812,0.030521529559458204,0.015724485353291365,0.017683408873421798,0.007554531768828197,0.02452684231807596,-0.03382326511272993,0.039408141765501836,0.024221844115045008,0.016432636500220657,0.022018769768670496,0.019144034934016334,0.026937834930024305,0.00821031268292111,0.03761369551187157,0.026921094153603425,-0.009476248067341679,0.04170340231184344,0.01824553288501896,0.02474748815959626,0.0025215158689395373,0.06680288782105065,0.016012677427787943,0.013116140300667519,-0.00013487495703377495,0.01831843105223787,0.015939846604236238,0.03405100443709602,0.028213968177196697,0.04012324409611952,0.020003084463062232,0.022561174251986327,0.016176861129128774,0.030481670715841166,0.029202360137018997,0.034789339861616024,0.06700048790275628,0.022966431383634377,0.005160586412475186,0.014946852128292727,-0.03486293472436673,0.014243429017449747,-0.005011536008271049,0.01829934806418632,,0.014372215470930861,0.02421442027705766,0.0023693534739091765,0.013422595732181658,0.039428177440132904,,,0.1161446475166484,,0.02435146446977066,,,-0.005404243742372388,0.09845638996631034,0.026685558460149677,,,,,0.018309648129140516,0.016427784446689287,0.014967907182133238,0.019362045235279655,0.015187196357690148,0.057782942330057145,0.005007544464719646,0.025962801037461028,0.0022277335936770823,0.008929809629165326,,,,,,,,,,,,,,,,,
2003-09-01,-0.011508486969183263,0.021014982334774654,0.019604486671587495,0.009689870504890794,0.010848275281131196,-0.0041602336556165725,0.006106776017384706,0.005183912592571168,0.021159571528933618,0.02091978266985108,0.009311987164220058,-0.00921940919252996,0.012280574297207995,0.01073701389410785,0.0027548716429057485,0.010848275281131196,0.010848275281131196,0.010721292522860179,0.009950649088312094,0.015105766297474045,0.0018125900318717327,0.002977257517132113,0.00665360888340639,0.006986208649843618,0.010721292522860179,0.01187969729910058,0.008439139658496386,0.01251825970063102,0.01230665747416059,0.00834550678290115,0.010721292522860179,-0.011508486969183263,0.008040360120010432,0.009691347585614232,0.010721292522860179,0.00665360888340639,0.009689870504890794,-0.003389110571304867,0.01760557664035936,0.0053978267148208055,-0.002800935522559039,0.010848275281131196,0.0018430380742391823,0.016447171864118964,0.009950649088312094,0.01641941527392925,0.004565639452154925,0.01032853242898283,0.010848275281131196,0.009452805169451385,0.009689870504890794,0.009311987164220058,0.02091978266985108,0.013003930521179718,-0.011508486969183263,0.009311987164220058,0.010721292522860179,0.006986208649843618,0.01251825970063102,0.006986208649843618,0.010242674945530014,0.007382961847880691,0.010848275281131196,0.010848275281131196,0.008902253645715745,0.011274096963499399,0.009950649088312094,0.018499355116842243,0.009689870504890794,0.008704767315326063,0.01042279503809252,0.010721292522860179,0.01032853242898283,-0.011508486969183263,0.010242674945530014,0.006986208649843618,0.00834550678290115,,0.011013082944082686,0.010721292522860179,0.012280574297207995,0.009689870504890794,0.013349941994061225,,,0.021014982334774654,,0.01793567177701778,,,0.010721292522860179,0.021159571528933618,0.016447171864118964,,,,,0.009689870504890794,0.020265793052450735,0.003357247612682589,0.01230665747416059,0.022330278333038234,0.01789375478124107,0.009691347585614232,0.010848275281131196,0.009597544434736788,0.01148693720522323,,,,,,,,,,,,,,,,,
2003-12-01,-0.29120862779534257,0.04726166742178899,0.06699957016216154,0.007003418915401554,-0.014860284987824535,-0.012932302579682595,0.01341480088390266,-0.015208889988317235,0.0025180213411534766,0.027537556689897835,-0.0019461026688298007,-0.1584457542336812,0.018891545077842607,-0.03649361216013741,-0.01067308770726921,-0.017868372248815188,0.00389368019166718,0.0043748949163030515,0.0032921526890353826,-0.22904481214544276,0.04305406302549053,-0.046459291310445454,-0.012460069075071235,0.0018804721932631236,-0.005512955265507689,0.004761212076525153,0.0048249837342716345,-0.013229860028026837,0.031139437945026053,-0.0019201407460462498,0.011995872510482898,-0.08051296756115428,0.007741159449005341,-0.010835396155384515,0.002302026136271351,-0.012571406560807854,1.3632582854719662e-05,0.0163803956597081,0.08452537425859413,-0.045212155863424176,-0.018542085063848142,0.005882828114467746,-0.02775556435439675,0.04445421204535122,0.01868281780721504,0.03565631722646892,-0.005690386590063995,0.004385471851525774,0.011050607396802218,-0.03578776375483276,-0.027545363287824268,0.012139482633526865,0.03145738152250863,0.0015590043636297558,-0.020102710631943133,0.008035055716494441,-0.012992097118195154,-0.02866479451627366,0.008393502260041374,-0.01796773143326367,0.004905727777952387,0.01333771974985834,0.009742537323225282,0.006187972581702039,-0.007426777126458836,0.009779929233851972,-0.010619139652637891,0.006364099420454885,-0.003490142483863222,-0.00902609351437704,-0.019499937877802055,-0.03080166969592362,0.0021165516365938136,-0.29120862779534257,0.006215141596441015,-0.04502514166904053,0.0017766848019638024,,0.013681477956596733,0.0027179437419822656,0.009758576433903828,-0.010142105606607745,0.005840115290853218,,,0.04136019396535626,,0.028163303760318205,,,-0.001986230879666009,0.1353583564458516,0.04043913052509375,,,,,0.0019527217383366912,0.05263692141311092,-0.0023662062859518282,0.00794096748038354,0.08482255361821334,0.00924710212745137,0.03536758768195016,-0.005616622622397762,-0.007585690763112629,0.006117401333229119,,,,,,,,,,,,,,,,,
2004-03-01,-0.14771396121051436,0.07842273323605758,0.016048288407648225,-0.007430573819171839,-0.00730062356345423,-0.014770716617017492,-0.005604447446243372,-0.012039194331650713,-0.021238015746910654,0.0028593876834567024,0.008885320504312429,-0.23460004189510095,0.0013523321287026223,-0.03414005838253302,0.0024241177905705742,-0.004748137461680968,0.005510135134291448,0.007415981576197117,-0.02750753977732954,-0.19147636022775533,0.07511037372819272,-0.030252373330762118,-0.012448965912731846,-0.05507132468611061,0.0281348167824462,0.01412264725503892,-0.01780832701937974,-0.019301098067510257,0.024724883888318876,-0.009427294474488746,0.02136943199444381,-0.09242729469691495,0.00289927932690514,0.012424635712723373,8.701774381914858e-05,0.01990572771685519,0.010632720165350771,0.008911892808249992,0.05120289030228346,-0.042170141330844714,0.011148537929411681,0.0003056338675996868,-0.013792795515843611,0.02947284553344929,0.011016980258023201,0.027173991060453956,-0.021123988446419727,0.0038194126766957887,0.006437163050893781,0.0006086113435921597,-0.0024217599681141616,-0.012699933074639076,-0.007445650284226262,0.012187367708376766,-0.038313355062382023,0.015955554318800448,-0.026371686398157283,-0.02338763793041535,0.008955018777377338,-0.01539395531072594,-0.03607664396843495,-0.005060235977282348,-0.017381445781407292,0.0038702278347714034,-0.004095898336551352,0.015542184268688378,-0.015987339976285975,-0.004541784615162358,-0.006853582063234231,-0.07279099004645505,0.01020784326601092,-0.029454249871636442,0.003890691135467737,-0.2562583571505401,0.014798948737688705,-0.06688014277458722,-0.0021293325013262126,,0.020202152067305135,-0.028511240860712214,0.005667918178686458,-0.009152978276915174,0.025574861329905732,,,-0.04199057907283186,,0.03206666245898081,,,-0.0031880791810658584,0.03618209324667212,-0.036490219641225875,,,,,0.0027866779763800753,0.05620760061893333,0.015313047257186784,0.018851216317931168,-0.20132043877516057,-0.0005417347787647581,-0.032526472515397295,0.009021428274066358,-0.005444196619170147,0.0008414906914009691,,,,,,,,,,,,,,,,,
2004-06-01,-0.051662099670089306,-0.06951296193484595,0.002061293831497601,-0.00922248928984779,-0.0036613711212065427,-0.009288698748520738,0.023765780249466847,-0.00912375013856174,-0.005211787364440905,0.023089724090180758,-0.00044964874189940836,-0.02271090355794979,0.009257446573633348,-0.037974841010998406,-0.008675986463586942,-0.00038239201240319165,-0.006507910836919587,0.0018966617472955757,-0.014655910004401038,-0.04806842631634304,0.019708034907658052,-0.01098030028014377,-0.012389884397843408,-0.028331765003550193,0.018606503581816508,-0.00043637891144655865,-0.007392412341496817,-0.00232324641152404,0.03226421089005808,-0.008225130218592482,0.006860095193081504,0.05700362861153008,-0.008072779190421925,-0.012118878766938053,-0.0016272472117926297,-0.0022213092607025675,-0.009590699425752155,-0.0016923679919864784,0.0027658188286041525,-0.017159525896918246,-0.014522373502825283,-0.009182501017389206,-0.02161193404952691,0.018048667914608494,0.0031518577346851652,0.00707133265114997,-0.006263803665979189,-0.012817340503620702,-0.0034023416353125783,-0.014383130871228621,,0.004561101805291632,0.0006311922732628754,-0.006134367157808093,0.0042950072065763385,0.0032710614147278636,-0.008039170356234259,-0.006838694451948547,-0.015384556643580754,-0.01298333911880534,-0.019717544660557414,-0.01687420554060802,-0.024225993355193178,0.027300215259928397,-0.005398825924009381,0.005966505660245447,-0.02552268923658536,0.00363161805949294,-0.009302741128274167,-0.06875644168733734,-0.008616333049099544,-0.031581901159888154,0.002973309373359637,-0.0706868050442368,0.001141481821006587,-0.029771942201392183,-0.008092540290489956,,0.007410246143295745,-0.0054128496684560864,0.006726655765049101,-0.005585144840963848,0.007589555872664705,,,0.010868926374450211,,0.003585703781747129,,,-0.0027906001631187436,0.01265976660555817,0.021473915978609155,,,,,0.016875492229647054,0.0040789796099009075,0.002317629885006178,0.005240523642587316,-0.05448864236076944,0.04956405737599681,0.01436060208488345,0.00536444956524498,-0.011105028888964542,0.002131901329818698,,,,,,,,,,,,,,,,,
2004-09-01,0.10812652889947161,0.041585570637679294,0.0004668011210251231,-0.008097285832186106,-0.004603071054221101,-0.007185826287537718,0.03845860083263109,-0.00944495158618292,-0.01385599956749723,0.02474723352105544,0.008563514149183877,-0.013238880171748551,0.08184080562623364,-0.005002131430756591,-0.019761455552578383,-0.012233717211955755,-0.0056951803420987055,0.0141918649228478,0.0011562027349363486,-0.14053927162144628,0.021519464231695304,-0.024835617049828052,-0.014113796639036091,-0.02717251750272257,0.011943346988680603,-0.013109610011703824,-0.013172619591289852,0.021398186681262938,0.004776753703000597,-0.013608402344078792,0.014978766006950334,0.1006499876962019,0.0008218794473939711,-0.0020564974361211596,-0.009052754373092714,-0.017446362944074697,-0.010710026992125712,0.015399805241724077,0.026164883385909436,-0.015597907364599237,-0.01487839786765453,0.001568734795269077,0.0007989913857746348,0.02141974757252472,0.011943259391612327,0.01565460107488409,-0.01273411116800806,-0.0014951251889561011,-0.010142831316185546,-0.012852235575525135,,-0.0008579908415636222,0.004977275396595972,-0.008244836603365478,0.013587655775476541,0.014807457971302677,0.005433128766469088,-0.020490312474436247,-0.019800282181574407,-0.012818531459279817,0.0052624987878052264,-0.015351152467007929,-0.01008658550141551,-0.0038711501895546106,-0.0058815527122422625,0.006894238345351396,-0.012351953592626192,0.0245404034090553,-0.013049895217418155,0.00019418471044035175,-0.0012391082844366425,0.011758996399834937,0.00989751202268506,0.10725969105640784,0.012265048141085514,-0.017584437531340834,0.004767468651716869,,0.008757737074564934,0.02801044217059685,0.025999810665442477,-0.008866382002949156,0.025368028492777396,,,0.00781393473446152,,0.014908150734396334,,,-0.007493300343830096,0.018310723837546714,0.01703746612661545,,,,,0.014861261848013148,0.028211638184621943,0.0009690408349715073,0.010924295402786235,-0.011047734667125374,-0.018420178938401633,0.06392158141810579,-0.0005745673653468158,-0.016086726891685,0.007437880581135206,,0.10367074729917068,,,,,,,,,,,,,,,
2004-12-01,0.04062741637916864,0.07121707379379595,0.062392727124016646,-0.010712682285519137,-0.017263341489075903,-0.004149547323790242,0.034086025883760765,-0.007624488873490112,0.016682040712414775,0.0594155628591466,0.004438673519919758,-0.021023204794644555,0.08424582629627732,-0.004084418333220413,-0.061786011571690586,0.007255399121733302,-0.041574175156261946,0.006702400846256515,-0.004437919450067533,-0.09706855609026456,0.050669568708979026,-0.014038385837931405,-0.016236782228077257,-0.024752836156868806,0.019838676051612443,0.0037919977903916025,0.0008357779934236851,0.01579550113219132,0.004721230112182535,-0.00959375614005496,0.015344697883354682,0.06924455340479595,-0.005370721490114154,-0.003959143786825114,-0.0039340703925573465,-0.008447254162913016,-0.0038769334452390253,0.0169909188233293,0.015358161741485658,0.010279311084376762,0.001858946827136149,-0.00239771306714371,0.00895360450668115,0.025557015988333976,0.010454514149592503,0.059044198129421924,-0.012686278754018362,-0.005318330704886987,-0.013853746751882846,-0.001370576327140504,,0.02232560345295232,-0.0011899961427453568,-0.006305161910719283,0.012245568160261977,0.011071627255423518,-0.010147664434433733,-0.0149959740497841,0.0013950248044690373,-0.010497514940227087,-0.04102719821026691,-0.004599808845640317,-0.010730110057200896,0.01554089483139661,-0.005185654716089549,0.0057885928949172275,0.008118572857550781,0.0403334495096876,0.012819615559069308,0.009338491106906812,0.004057440734623676,0.015053025984608844,0.01258393904538187,-0.09706855609026456,0.021584391978848594,-0.00937555320718251,-0.00239771306714371,,0.012101855252103137,0.0034409228725950894,0.013682289295470683,0.006520717090740176,0.01933979270426707,,,0.015397496615394352,,0.03647167621696809,,,-0.00045738132635928636,0.0390611082906437,0.014255449280799066,,,,,0.0020417213326194405,0.023526045179964025,0.01505216571956712,0.014927009811436555,-0.10222439079268697,0.07683548635355715,0.08782111493410838,-0.005383000461535564,-0.011945469875654735,0.0040155163706968545,,0.1113235206752544,0.004343600861889405,,,,,,,,,,,,,,
2005-03-01,0.07765621106250165,0.037074088364045334,0.07278332984892297,-0.003550746157822628,0.0175299824322816,-0.009802583014055356,0.02557453276117163,-0.005525620573613681,0.009408230857136591,0.016393709420412884,0.018036686804525557,-0.04109497891096737,0.07402367986643175,-0.011028254862049855,-0.042233299035882306,0.01962492399769448,-0.020804409507177928,0.014784108599265783,0.007854977750657228,-0.07232080641699913,0.060049675128303795,-0.004974167612427256,-2.2710953514578497e-05,-6.786514625585353e-05,0.02140405448180603,0.0018255514314900057,-0.0008275363112032122,0.010764247064320227,-0.0037315348470780673,0.02113462847778513,0.012125699951592185,-0.1311285263900495,-0.0015390585047429005,0.01509983595377663,-0.00012344903737047315,0.003091903691453953,-0.0005861788243891783,-0.0029303838467470283,0.029429431109172843,-0.0004649429147435427,-0.000646221962517531,0.0018255514314900057,0.026678216546613075,0.02659240948030462,0.006620360679338889,0.01738606540115458,0.004655488713960003,0.0011430910361734505,-0.008850694256029744,-0.0004649429147435427,,0.029974433689875908,-2.2710953514578497e-05,0.0077136249551253535,0.016526000672555986,0.016623028317406578,-0.004009228913092196,-0.01630239408771195,-0.004843878211648387,-0.0069521783345391054,-0.01780084966988768,-2.2710953514578497e-05,-0.007311312950576323,0.01969385857632464,0.020842527423694274,0.000426294656151516,-0.004865717889769267,0.013496557627882997,-0.001653801283167333,-0.006988292945267849,0.027639988857281625,-0.001150740868081084,0.017715048727526727,-0.07232080641699913,0.009722041739624435,0.006391158766775824,-0.0015390585047429005,,0.01831263599567332,0.005248433787455009,0.005880030897772262,0.004428414349446154,0.02140151764629166,,,0.015830572879543363,,0.028005693883807463,,,0.0005188100602167252,0.050392631681152086,0.02591599896996549,,,,,0.018388799054262696,0.025418495423390804,0.029969175095280978,0.003030493395007675,-0.03903213245522549,0.01718712050505983,-0.0030324997889685837,0.01160268390619444,-0.009052803273974121,0.021355747391822246,,0.03109325607219984,0.01788113712303355,,,,,,,,,,,,,,
2005-06-01,0.0417890138252704,-0.02403702194325114,0.04013467257455788,-0.0001885967474947509,0.029144204989896835,0.01628431255699814,0.05094406322799762,-0.007906216662093542,-0.002379778431701299,0.015196161135450196,0.002313195488240941,0.027090145464965163,0.06965376998951274,-0.006393925180074882,-0.0025787048309273627,0.00035775402816864787,0.013170613793121509,0.02234894295886293,0.009940554338020859,0.1115764498918595,0.0498275307562152,-0.010675903831834492,-0.0022448527082067093,-0.021859556343232816,0.038544289156749206,0.001564978966143488,-0.0040756528797169485,0.002961249302415706,-0.0018121828285668127,-0.008131045227920592,0.012572974597362396,0.13888028308019087,-0.012997057759609097,0.014583753282987898,-0.006874086398906675,-0.021678303789009146,0.0018155822626438332,0.0029090809884426373,0.015579310940239488,-0.012824845218326018,0.0010907094834396185,-0.0028777113067790395,0.015809016735693435,0.013760149159179867,0.012097935103128,0.004362921153565997,-0.013110426701408707,-0.001368184006121982,-1.1785636277230776e-06,-0.007967289458820723,,0.034967851284669886,-0.00028597765399908316,-0.0072462528256693574,0.025669033874495907,0.018456230212417685,0.004887699626649181,-0.009401375677669667,-0.021287465480715938,-0.0038631082336713593,-0.00637820972517524,-0.002675054857803045,-0.013528153690520796,0.03858943970108109,-0.001709747408923749,0.00813962360940922,-0.005799089303425171,0.01614031386689402,-0.004055870141549932,0.021548197204886946,0.005273306547970616,0.011716385965945089,0.013298468616140341,0.1323916229596689,-0.0024716973445643993,-0.022005225345652666,-0.012891125942791343,,0.04679981141035496,0.03284721053321312,0.04081704391242906,0.011343222829862385,0.014992535425889592,,,0.09963896396076864,,0.030913070806795586,,,-0.00942526483668222,0.07111334449338126,0.052315505573828865,,,,,0.026342498957001404,-0.0003956366052067365,0.029949770379361078,0.08006589800475516,0.0072235847591400485,0.06555948294606669,0.08200476537493975,0.011468257712639367,-0.032006817623868165,0.023420841452252622,,0.0868508328503032,0.02277450235698387,0.007383923018312149,,,,,,,,,,,,,
2005-09-01,0.12048603907338469,-0.004261630831316631,0.05493149931400838,0.004198257377619815,0.023157419691796268,0.002298713217585631,0.06987377430152386,0.00894472861926926,0.025805498549430594,0.022939454685335762,0.008376066086426695,6.810692968854562e-05,0.045062804433796226,0.0062846876213390815,0.003453566715387304,0.004381334474257783,0.02578064525936159,0.02401116185049612,-0.001655841157769665,-0.06601713870584215,0.017667569712611176,0.0033446520559981714,0.004429570978050806,0.005282792043386861,0.021580053255169034,0.019565727204397844,0.00553858671101352,0.0025212305811501976,0.008849649108505615,0.0032386354906858484,0.018371016099775303,0.11896148103556181,0.01965375519412965,0.0030842350615921613,0.001837190380987469,0.003954825773713569,0.0031350646617986423,0.000915531197078125,0.02010889638759911,0.009504799661941734,0.004610818952143036,0.009805244304658288,-0.0028307094425686187,0.0403336547369506,0.024060851791627196,0.0054309924743765736,0.0007005999723766714,0.0044016593480035475,0.004381334474257783,0.005199956660469348,,0.029708200625941254,-0.0034998087088067066,0.0070002806335148,0.023500612013290886,0.020243897888062735,0.003429591006377033,0.0010049295290780074,0.00017498177823178774,0.01536243440215871,0.004381334474257783,0.004404654390872843,0.000915531197078125,0.027271728017973167,-0.00349829184727777,0.019127229447166983,0.0027673623752951268,0.037835629235163495,0.00553858671101352,0.009207935598625394,0.011235522291384192,0.021993671190971512,0.020403813722528575,-0.06429825322469082,0.019428970663161564,0.0035741365338834256,0.0009677686164708374,,0.02869502782888641,0.010148149574252927,0.0645178313635768,0.01534172071149187,0.02992621674580608,,,0.0696290432233266,,0.022205739063162217,,,-0.07086113532915976,0.05428475686968913,0.06959495503144861,,,,,0.022525018902001367,0.03193992175894327,0.01750368486735432,0.021491220851732044,0.016217579413827465,0.0469023876227281,0.05252248547663033,0.012706310880378845,0.0018432989559486052,0.019008475190284344,,0.0766625131165717,0.02227719577870574,0.018710305541994137,,,,,,,,,,,,,
2005-12-01,0.0016768528327943948,0.027332889580872842,0.044991948968669815,0.0030554440763476357,0.014655149996418839,-0.005650338660397736,0.0662683973438546,0.02718130171677393,0.00010232618498656743,0.021616532221819546,0.013177832387815686,0.05716683398225732,0.03638710515023153,-0.015573257091386492,0.0070510539588262405,0.007674637788353524,0.021113868572051536,0.024946705508344474,0.009284307478431791,-0.11405746647538932,0.019862554898760466,0.003198244988052523,0.0033018670815863262,-0.01346227772554258,0.021131712874594064,0.004681630597600656,0.007695229649967742,0.00010232618498656743,0.005919532189506476,0.007674637788353524,0.00010232618498656743,0.024509889077556968,0.0027363787467208018,0.0019412568139554167,0.00010232618498656743,0.007674637788353524,0.0005941896122600269,-0.0005847954055383298,0.014913585955497093,0.0027363787467208018,0.0027363787467208018,0.0033018670815863262,0.007151357818046171,0.0007259100145138523,0.019410531090727223,0.02030893546780298,0.0070510539588262405,0.00010232618498656743,0.0030554440763476357,0.0070510539588262405,,0.019206929837311496,0.003925450911113612,0.011799062111514077,0.032237842206069386,0.01749592174542879,0.003925450911113612,-0.004811055995067247,0.0033018670815863262,0.005039392620386694,0.00010232618498656743,0.0040458217221673145,0.0070510539588262405,0.031486462816361305,0.007957244821126861,0.022928743217066245,0.0033018670815863262,0.021700799923940788,0.0030554440763476357,0.00010232618498656743,0.009663213412365828,0.0033018670815863262,0.014463360391957879,-0.11405746647538932,0.017100125906401715,0.0042425604830062585,0.00010232618498656743,,0.029098848620836257,0.020326653617108396,0.047691381101704844,0.011659560920727207,0.018298582226538213,,,0.06251040163517627,,0.023176788001794537,,,0.0006090271709614819,0.03986858145259529,0.028000886059202455,,,,,0.028005949023040398,0.04791290657383959,-0.006294735666409699,0.00010232618498656743,0.010781381682402731,0.023809209108659385,0.009287083467651797,0.01068313458903134,0.00010232618498656743,0.0033668165749075273,,0.06786307387407951,0.020718071179275387,0.018653045007792322,,,,,,,,,,,,,
2006-03-01,0.016294538541777,-0.00946953264678686,0.043670701027597285,0.004576835400816122,0.016383837723720405,0.0032532879019760994,0.11034561682845874,0.0364895690290103,0.004449850229224068,0.025803013131657344,0.0034239805764705077,0.06975892087527952,0.05381261036158862,0.00022578926204132527,0.004712307200807597,0.00672245014000613,0.0056141903713388215,0.031538620325779726,0.009207674067309565,-0.07044047404431052,0.041165159906561714,0.007434570583779312,0.005679344493294386,0.03493661180828481,0.021542943115918724,0.007890721213695476,0.004901464095278782,0.0024905982786518656,0.004449850229224068,0.0045739166009163895,0.014437290281217634,-0.0154317527544987,0.005218926829389303,0.008940841572717878,0.0034124952587013743,0.0045739166009163895,0.03999924457046066,0.001678717958522808,0.024145183314112757,0.0045739166009163895,0.006278199432267811,0.016049812062645292,-0.01932556687303757,0.002942917510211155,0.006567447637374615,0.02054314032173224,0.0034239805764705077,0.0007636224251603302,0.02783195448112874,0.0034847727071562057,,0.016362835508701806,0.017138955956405477,0.005332377985162184,0.02600681268740994,0.019687386395494638,0.006768488387054572,-0.0006222411001357439,0.005432411722882362,0.0018061882191508824,0.0016068408460389468,0.007405313049255463,0.0017813717263699183,0.017007829256454943,0.018151456807223815,0.020773555492984912,0.005432411722882362,0.020781821828205822,0.01474280310077317,0.0158423896647683,0.009738959013530413,0.006431627145968465,0.015075018753598951,-0.07044047404431052,0.02984706001020758,0.012362149456185516,0.011886116198912645,,0.02620600132091884,0.001312061887931456,0.014743556138810725,0.024307935190983922,0.033112469306715964,,,0.07879083009154665,,0.015909181257628607,,,-0.07431894019014174,0.04708135506610621,0.03136989401710221,,,,,0.030208249316740324,0.026702648029121846,0.024236490570680877,0.004449850229224068,0.014242620714496982,0.06531460098843715,0.008207584523199841,0.02222635960909637,0.00277567059650048,-0.0012844751495673316,,0.11542724038484184,0.008568747881938206,0.02169383207355681,,,,,,,,,,,,,
2006-06-01,0.005807611439359178,0.013542400271195071,0.037278362915303,0.0028749537674105487,0.024008881415760096,0.008094370718925737,0.06847544740231072,-0.007452071293935511,0.002462395271978991,0.027479529580352387,-0.006829544201712889,0.07843566642686403,0.05886933574689942,-0.025004198459971216,-0.005474943202307037,0.0035002941313689163,0.009262146328250995,0.04399227115735852,0.0035281597712768908,-0.0810700993749472,0.051732645752856944,0.005231440691032103,-0.004823796455286098,-0.026429468313522563,0.013734619731112315,0.003884246769529816,0.0016957793316125958,0.0016510833086595775,-0.006151014214384408,-0.00361122401590952,0.0028665534472310356,0.03011720433348128,-0.00865184875031325,0.007146205725087447,0.00469568804139785,-0.014447485895918174,0.007168682648332018,0.008662165922178245,0.0141465049355378,-0.004294333891181873,-0.011923189756330657,0.0027203443447299555,0.017032082546678675,0.005116290034312443,0.018313104234280415,0.025826685114860203,-0.009305905525883233,-0.010133869975818824,0.00864029373737556,-0.013531380217354318,,0.02068778426686999,-0.0019450259767782984,0.0014782628619135149,0.005876757020942258,0.022491416628983928,-0.0063610709777869754,-0.011160196341714584,-0.0024317585755795645,0.007427686548660843,-0.013169293802271925,0.0029199526440416173,-0.0063274525972108475,0.023847258969370646,0.007221814829499442,0.02253558752989143,0.0055423980539036554,0.025156126767005627,-0.002433856607256318,-0.0012753442587624783,0.00415001781713656,-0.015251657816332772,0.001325698668054415,0.012605007300750976,0.006619133741340967,-0.0006342465460590521,-0.008274014657159535,,0.04154455633407413,-0.01563251092248284,0.006486874616654898,0.0042565221076834026,0.007092744026662924,,,0.026039964962684466,,0.012620516728712857,,,-0.010439739466934774,0.05825462560939429,0.007641067666047851,,,,,0.051868993686037056,0.028675882905416315,-0.026067561581708806,-0.016254538426964886,-0.006637254342820917,0.023089512484907523,-0.018181598731801307,0.013300278827006084,-0.010813514279491844,0.003353601136306621,0.022067526702763702,0.06825421630528423,0.014292060346180396,-0.005451995207331049,,0.014739798990408047,,,,,,,,,,,
2006-09-01,0.022088795186623038,-0.006804284158737594,0.03300353536039809,0.0027667152619780936,0.02114056571501674,0.00962538187307962,0.0668976621454958,-0.0020912184106686763,0.0016116250148471378,0.039859052275226674,0.010609348485623425,0.06671272326937706,0.04992777241163205,-0.007876638525876388,0.0004658771714657385,0.004364392139722474,0.0030426783264208787,0.01043619085054864,0.004347797998840226,-0.08955663767028946,0.05699548099182462,0.0045204560371469495,0.0048205556767024855,0.01711006581870648,0.018143942252772594,0.013800558056916674,0.012375770287297848,0.0027667152619780936,-0.004092528497325595,0.00404487078212743,0.0025312653620246386,0.04214915658722858,0.0016209674185966951,-0.0025531672936021485,0.0059888020999180345,0.004320833846570217,0.003227656427441509,0.0016116250148471378,0.010462281442367393,0.0016209674185966951,0.0020740540937820625,0.0059888020999180345,-0.015062409857585848,0.0027667152619780936,0.014397269206140432,0.013348578423638442,0.011144197271501077,0.0016209674185966951,0.020331479814759672,0.0029426812318982883,,0.02102161069473755,0.005020177867279218,0.0045204560371469495,0.002542591862158209,0.018111417827763304,0.004812872426580377,-0.008357959405921024,0.00551258108141978,0.004134617597815312,0.0016209674185966951,0.005906899022186831,0.0016209674185966951,0.022958384202966253,0.004797949986333155,0.022165788170055788,0.0009308341310851761,0.0441721109827233,0.005513216844898515,0.0004658771714657385,0.00528922159793966,0.0006430007822083205,0.00551258108141978,0.012979634102480786,0.020829807252047403,0.0029426812318982883,0.0029426812318982883,,0.041055897249121426,0.009898966226865294,0.02484489211709884,0.0027667152619780936,0.005789179909341302,,,0.01991353660433847,,0.031369242826048374,,,0.002044193179046797,0.030297051343343304,0.00435812659776756,,,,,0.025303620636561948,0.02340185397441462,0.0027667152619780936,-0.0039154048865830135,0.003914683858761408,0.020983142396195184,0.014576780508666998,0.002572119269821065,0.0016209674185966951,0.0027667152619780936,0.02413829336547409,0.05442181968205671,0.016293258656908303,0.00015283395986770437,,0.009099782004571691,,,,,,,,,,,
2006-12-01,0.0472842105515696,0.006669679728542374,0.04489792485486986,-6.348927881905169e-06,0.025807493922033797,-0.008340914085024959,0.07717100642318882,0.003803070557720516,0.002301025564451965,0.06598410033949521,0.013872372761019717,0.06244644753072154,0.055374914666827944,-0.21099163555597109,0.013109985542542484,0.0033572337996881554,0.007178998630813509,0.03214604467012958,0.0017299728746908753,-0.21099163555597109,0.06691094831946233,0.0013415228652367418,0.007165476599587542,0.01300437061104714,0.02168888101600392,0.011226041786075773,0.005392134373518999,0.005031787787585285,-0.01625979006876498,0.0046909466415888095,0.011520419464806963,0.04066936373881158,0.00023975096921153874,-0.0017892792106476898,0.010099685967505954,0.0039637303636826824,0.009205033749284086,0.0009700886658290604,0.003999937938530348,0.00035792283110432034,0.004920346149838684,0.006715068574864434,0.039852002801127856,0.007212714948872883,0.021452047878215794,0.012495453846019312,0.0034026691347862955,0.002334672480308798,0.03864477905199662,0.0020220924919366998,,0.03235185226439684,0.010705601307227421,0.006001541029385675,0.01327191886562843,0.023986775014769673,-0.0027842540654508213,-0.02567648988632204,0.02049398062468687,0.004142301394681298,-0.010770775079263323,0.004008771872643485,-0.0037788193265980664,0.02770041684341961,0.012730278691854797,0.024928555905385442,0.008177088338991539,0.007200992652128202,0.003133149136816113,-0.0034558321291804084,0.010872597103736047,0.006549397902860525,0.0032237239821058506,0.007642712661389637,0.023932348076387746,0.003156809789770507,0.004114504815596907,,0.023194576256619564,0.005333054680421217,-0.005929019514193988,0.003528497234829912,0.047396764545553784,,,0.020437188999496488,,0.04877021420421822,,,0.002742950976384634,0.05174927770767946,0.010130461099245069,,,,,0.04495408577988536,0.024152320226604518,-0.00938126903437546,0.004680528904094183,-0.009048579168948365,0.04708788769370847,0.009840471658500435,0.017438674512234874,-0.0009715954634589069,-0.006550446868558935,0.025313350974963345,0.07422318561599454,0.02288834969196864,-0.00018553263130524555,0.006979766265105318,0.014763280653094008,,,,,,,,,,,
2007-03-01,0.007731883357589773,-0.011583335598847692,0.04711616196270462,-0.0005132787140351578,0.022746162122590327,0.0032011218128194458,0.048529357424784356,0.012504438080704191,0.0055198402193520025,0.07044468810679419,0.004515203584175349,0.07415940657361807,0.08812038787903827,-0.18511417847947012,0.011098939340610804,0.004974774909895792,0.011117315143784414,0.056338461061008795,-0.010333822753968686,-0.08019566883881953,0.04368861328464189,-0.00097021846536227,0.007676190044345199,0.02978144848868872,0.02339471684322143,0.007401307788275296,7.431611915624353e-05,-0.0015412681055394582,-0.0008064513189680766,0.0035484447476663533,0.0061575715743928715,0.03169817072195137,0.0015809907756518641,-0.0007132173347214073,0.0018180022300475019,0.0038223138044956996,0.004086334878596845,0.002577794207123662,0.00438014385667453,0.0032884957882024367,0.01115469766072501,0.010701680643973595,-0.04414106757758591,0.006750456692125491,-0.0039313668292217585,0.02407132270521618,0.0015470386247917389,0.0032884957882024367,0.020787037703080925,0.0015470386247917389,,0.015746359712313477,0.012868311260596427,0.007739121691696951,-0.0025168876651645504,0.0012491330641253148,0.003414113639266721,-0.021804255403659555,0.009265456630289387,0.0031689516493341786,-0.0030200462540271636,0.010550636404896592,0.0020389715384123617,0.022022730243254695,0.007813208037611812,0.026760542985703323,0.0028059708750112168,0.012588950741578366,0.00771088397528806,0.0013500781914054718,0.002331151154663441,0.008139126377981356,-0.0011928061456933311,0.010460034130753465,0.03170589696638371,0.0007076440723716457,0.0005523661181071698,,0.03356794740832581,-0.0051380236287239004,0.027956213249657608,0.0040865944191233895,0.010511589130722207,,,0.030120469879653538,,0.1732853427727381,,,0.0008078497058454928,0.04065944941081579,0.012585725576175837,,,,,0.045143974812443935,0.039248534179237,-0.01931713386785613,0.0038510205354848944,0.043411865503488356,0.04018042414644336,,0.01110396861894097,0.0024532664627005345,-0.0016422928417389935,0.040658732681066186,0.00033566831839530563,0.022436312814629957,0.001857535605984141,-0.015236492766020106,0.04288192514051437,,,,,,,,,,,
2007-06-01,0.03517488219359811,0.013368597016876552,0.04202050093881282,0.006851680537552976,0.020034857452282295,0.014652588208588451,0.0754400788196008,0.014049549909752296,0.010493517960938996,0.046638292291632806,0.014479260123650632,0.09388904854866142,0.04495631679498732,0.029104769103869596,0.00997730932124572,0.009757661764713427,0.017867664981228062,0.018692599317166728,0.007099322040267903,0.19293461152428826,0.025791411514587862,0.01753632695167497,0.017481870750008944,0.01772912301357848,0.021506256496324722,0.012458392684588307,0.012962235832969623,0.00643802277720046,0.008436969075315824,0.015754693976600957,0.009957902193956886,0.0401751160219945,0.013739042746164125,-0.010614705895446528,0.009047118512157636,0.01442633399462252,,0.018449229920882142,0.010438280146973325,0.009131221059780445,0.00997730932124572,0.011902933934762461,-0.01733593833036895,0.014724059517752162,-0.0036369535686745567,0.014038905288887547,0.014031375272536293,0.012821697198839898,0.035777259733511466,0.014031375272536293,,0.01995186043585035,0.017481870750008944,0.008869855429867792,0.013168447277741564,-0.004970528437218209,0.009380520511179343,0.009336227117648735,0.022545068651134162,0.0044313543066702415,0.009927474094314758,0.01737528664141406,0.015754693976600957,0.006735310066376073,0.012251407433804228,0.024465002745224382,0.011248235918717066,0.024011113877326285,0.009701816528203025,0.014968582090651045,0.011478218265937777,0.017481870750008944,0.004536643930239891,-0.006842489273514663,0.03774878109012812,0.010189608422565534,0.0044438247033442265,,0.011483315925570229,0.012686542071120183,0.0831251588199945,0.009757661764713427,0.017537715986519348,,,0.024005756356875498,,0.04554053951205405,,,0.009252401604450771,0.05122887391801721,0.018198403908514585,,,,,0.03544964450447587,0.01791426172666745,0.005516796503202852,0.010276926816526144,0.023042829300735042,0.03956619561795494,0.036277340634325195,0.014275768510938376,0.00918299926687011,0.016073895949700035,0.014544699291546214,0.061979646610021026,0.0044207544249038515,0.021424361230752892,0.001442877995533737,0.01625425266484859,0.026470438674176828,,,,,,,,,,
2007-09-01,0.0361958229693582,0.03530406364157045,0.04076713111958443,0.013313005070171875,0.019681140288960407,0.016032665821500976,0.06801035106954527,0.01424805158594234,0.01305999755764033,0.04266807035143097,0.014415229248753459,-0.07354424116627081,0.03488247018271663,0.02414130942391919,0.016321603706105078,0.014294804718500507,0.0166949214592355,0.018663217686007566,0.010163340821417878,0.05968058559073618,0.0166949214592355,0.015457210165189769,0.016474633099410014,0.009119463216440601,0.021571577867122115,0.018309312482136183,0.014837314710104943,0.010716028071429897,0.01291489335702212,0.015146371943869327,0.015452482785004223,0.015337602580508914,0.015146371943869327,0.0040650200308709585,0.005196183494571237,0.014564318133112299,,0.017309461110666478,0.012731699953764533,0.014097351709270968,0.011874044451763826,0.00677143821986086,-0.018225264466987766,0.011394151279530033,0.0051325964550593415,0.01696447315326674,0.023630449234439133,0.012909723431318632,0.036684721254074,0.015975738711993363,,0.02201439510743186,0.014961569370511053,0.010123684139277077,0.013153628925162718,0.0028496933278721937,0.0077131614197935025,-0.009907767230130123,0.008067931828282077,0.009545409052587155,0.012689435071493149,0.016741536277939922,0.01233707206031368,0.034305421279885895,0.009213213623407684,0.02801366243398563,0.010136253183145186,0.03709068685460779,0.014362025304770248,0.0126575763145263,0.013733534576563197,0.0145228019451906,0.008068842967361071,0.005576862696126159,0.02537032571582323,0.014269309298700097,0.013313005070171875,,0.023984030344134936,0.011564987217999449,0.08881948922726692,0.014370603605770046,0.011697093738975846,,,0.02489235301081413,,0.03172758381035236,,,0.014069798896731961,0.048250268698090924,0.016500128519210427,,,,,0.03590960540688707,0.016977185074862358,-0.04667065562872276,0.01870192792846561,0.01640869500666647,0.020351466310865207,0.0374940979455214,0.014450892930712122,0.007385216307443534,0.019127462779399015,0.013631173167215644,0.07374773038924923,0.024071120451646694,0.0217584873272332,0.005598471771619865,0.01405997097798069,0.1392908947523429,,,,,,,,,,
2007-12-01,0.042269199914935024,0.06985428312080937,0.05305666655130354,0.006392949449130947,0.018884840108525452,0.010157542145313267,0.06398364876007821,0.0008183638110242068,0.060387416548325384,0.0380877499514974,0.008987438405897705,0.00045538323218950917,0.04571690509090074,0.0574939843763766,0.020268088078055083,0.011951793107087208,0.011115450018018452,0.004108063982989223,-0.0076592928639109105,0.0839088884562255,-0.0017328703055963686,0.011743969601965174,0.013000882158687025,0.0419882896295898,0.021045739859072134,0.010543309933291889,0.013175687862787827,0.007603400081800644,0.010309601754725867,0.013873112176684509,0.010016486130362826,0.003602890041014562,0.021134142514108657,-0.004458022895568554,0.00896066990211707,-0.0008924661932070602,,0.010162171323718997,0.00213220963784717,0.012850172935967564,0.0033807703617843845,0.0033587958532905913,-0.07665314082951018,0.0025596355027588742,0.007320173368734063,0.012070218994663397,0.012017793350469333,-0.08813382623043513,0.04398042685826159,0.007522449742213134,,0.013378890166300153,0.014688812202014128,0.004858122265620646,0.0032510521505279043,-0.011075247310630367,0.0026954636258432066,-0.012326302848504765,0.0009189530932446621,0.0011927405449711412,-0.01772616191403045,0.00848399540112879,0.007522449742213134,0.053290048301706215,0.015423709282602692,0.027223401904716105,0.008486576699972534,0.03361917586177716,0.013518240933859227,0.004181236884662358,0.015747063837081958,0.006562236545928718,-0.003011613345037763,0.017675651379785967,0.025538278759324917,0.01267111305418454,0.012622240542078856,,0.018409227714752317,0.001421493521227977,0.055511711638430244,0.019075772847444664,0.004262669576326752,,,0.02227120127657231,,0.08539051112717912,,,0.008835976376724123,0.05399885757560219,0.025037071441265393,,,,,0.0434807210006684,0.006043036901026222,-0.054365580104729465,0.0023916490449166373,0.004904511003067309,0.02636085044323517,,0.01344592639171483,0.02133068044935318,0.019200935265578513,0.011792981354716008,0.010052409001386828,0.025829376641218132,0.024644521115276097,-0.019894061392701706,-0.018411817905892965,0.021921842036555637,0.0049690982115449065,,,,,,,,,
2008-03-01,0.030340986879722597,0.03247939562269889,0.03578910674849151,0.01699318656306293,0.03012036455505969,0.015296398901132323,0.0616007513663388,0.017395913468964064,0.06117590491228674,0.04361996383850228,0.011661075733445634,-0.014865114463635563,0.04093478552067342,-0.10855440309975091,0.018767816779139895,0.017068412972297543,0.014044296865461468,0.01719611132267134,-0.018423759589136068,0.036927439763576736,0.011672771031079037,0.007880944402945895,0.017257943794273922,0.027614689481611842,0.015538563780619644,0.017257943794273922,0.01301961301102413,0.015896790696042776,0.012803880722912261,0.01738564214464772,0.01594183756884696,0.014131828592636717,0.016982915238746586,0.010580234062082841,0.016793384416770207,0.016793384416770207,,0.016192849830938032,0.01373172935705871,0.015446856188245161,0.016290502272753037,0.017136618518702965,0.006008577982948848,0.013254028961117409,0.013237956768462034,0.011037625091815455,0.01719611132267134,-0.039227277545619305,0.03753555940388641,0.016222296726347615,,0.020751999309149383,0.011875770811818398,0.01738564214464772,0.016118443707551475,0.005287533454795854,0.010196136401946936,0.007787688129467762,0.009160775023098342,0.002280128102005667,0.016222296726347615,0.016982915238746586,0.01502137034560499,0.023015585392299906,0.018767816779139895,0.02299084081697966,0.017660670700175057,0.03177174507775175,0.017660670700175057,0.016222296726347615,0.011399396990210425,0.017257943794273922,0.012744017311737934,0.005457997874701188,0.026771382266438316,0.014839921787432648,0.016793384416770207,,0.02234507128882832,0.01301961301102413,0.1034309587705771,0.01797357388673082,0.016321637150094822,,,0.0410872638924363,,0.11813546202347211,,,0.01738564214464772,0.015015450476430567,0.018855510102893172,,,,,0.03261617819013564,0.014275233911990398,-0.003644782241323021,0.014656790780436623,0.04944482731122722,0.03474656827337944,,0.03008829761166755,0.00940621378506009,0.016870605292366503,0.015296398901132323,0.010278024743220846,0.02083941786500541,0.029365641008087067,0.01563573464037918,0.01668613272966401,0.015602608964280793,0.02236880230641688,,,,,,,,,
2008-06-01,0.07740054350690635,0.1322870801591153,0.07050934053222815,0.017129268267971055,0.025278116446676956,0.011867384795615627,0.06575123760717652,0.017129268267971055,0.06821472098428892,0.03167202699456282,0.013049500032617732,-0.08670584961130177,0.07962645749836232,0.055153197755878305,0.01694327821932076,0.018286353331380033,0.0186237392703479,0.020306267554165782,0.0037042889767549686,-0.016231655507691796,0.02817933160348222,0.0176886223442842,0.0186237392703479,0.028979784367226185,0.017129268267971055,0.018286353331380033,0.01416391425216986,0.01571549415583264,0.01119678342818231,0.011147946534873915,0.01791030991570348,0.01754090570452659,0.0186237392703479,0.009172257191322941,0.0186237392703479,0.004920473090259531,,0.0186237392703479,0.011295876812314976,0.0186237392703479,0.0186237392703479,0.01890994430787249,0.03359457699293845,0.01712797081418434,0.015119779493228376,0.012661614861702546,0.017129268267971055,-0.02720538602060216,0.03215554898214513,0.01442112506205004,,0.01743764899978676,0.015320999315578818,0.012503611067994776,0.018925485913689095,0.014632032193683607,0.017020217349018294,0.009583201669905981,0.003972253032414602,0.017129268267971055,0.01761058618551489,0.0186237392703479,0.017386479077851232,0.02648699957670016,0.011585638612252437,0.027854596384041787,0.01794393590124659,0.025701240030028133,0.0186237392703479,0.018522844377926072,0.013049500032617732,0.018444357125087803,0.006859608106737348,0.012804819887238179,0.02932409114962551,0.016452202941866317,0.018185458438958205,,0.0344284540489551,0.013333325843016256,0.05559191379087063,0.019728877287930963,0.03567718655117095,,,0.02459865950829412,,0.032094817473850214,,,0.017946673944243156,0.10356635452168593,0.019352863749517883,,,,,0.030363143276244967,0.01306561824022135,0.004375108108326597,0.016034549423054954,0.03738932838696567,0.031030969711559817,,0.016473934938159757,0.011867384795615627,0.017129268267971055,0.016001699193357238,0.03195391399435084,0.023131525966194225,0.030569925056279666,0.017225483047429723,0.012867202286388395,0.02022469389519469,0.025221234769550765,0.03326251911236751,,,,,,,,
2008-09-01,0.23101164054097498,0.16201877709937657,0.0588374242691191,0.019563626243509217,0.020860079175685824,0.0007523497884385464,0.07851687934909396,0.013128593926140937,0.08396946879443529,0.050168180997868704,0.022306702819065383,0.4454893934035481,0.11865293676402192,0.10895220515385137,0.029602485655808426,0.02311411959442967,0.03345394036537623,0.025155791388090362,0.002719528344199003,-0.10975280138272298,0.02884893190484962,0.022500296102979985,0.03453956228991479,0.048323477793275185,0.021942679253936108,0.02621734834960961,0.020488686687648108,0.023816700624956978,0.01988967659627816,0.028212734523915563,0.028013187877843855,0.02675786407923783,0.031792024858460326,0.005795812295575875,0.019593468718875354,0.022857587949070626,,0.03072841704131716,-0.008958280576519404,0.026750462442916557,0.022978993666654367,0.013929111148885362,0.06197295936652846,0.01958401202028233,0.019728187667268617,0.019591372704763587,0.026199323349157543,0.032041030516224416,0.03607846443281136,0.02222865788642188,,0.007454121357351514,0.02031158222814645,0.0122704793348596,0.029125638875122647,0.017140685774454614,0.02476638618867503,-0.0066654978964685975,0.013312246953091808,0.01255447452111381,0.024785036026261302,0.035072231511623225,0.04385196305525685,0.018522333600913838,0.010244935985337846,0.02922999133083388,0.025191185503063238,0.028454440087639456,0.02852294170532266,0.0291488280956916,0.01509303171098404,0.04438058356572017,0.0022262299761232557,-0.20365988909294003,0.012785108531968363,0.019391835217175,0.023752610654409916,,0.03580409958530737,0.016218528016426616,0.10026756850666847,0.012740255220316474,0.023413058914498994,,,0.02799644456483108,,0.1345352036603691,,,0.023199852925242317,0.05499571008905521,0.02294600001306874,,,,,0.05006034221244505,0.019778441745634204,-0.0035306430714459372,0.016137392241885345,-0.021980659260995832,0.010001372336250891,,-0.013567409115169638,0.01546003500314214,0.038027603112857446,0.030539484651519587,-0.006199099157578641,0.010075116438144432,0.04345253181979974,0.02111581367054517,0.0707109683840875,0.02966000422948438,0.043482344250172444,0.03028781592364714,0.2673822034843676,,,,,,,
2008-12-01,0.06102925895888394,0.10687805277808914,0.02969420793467128,0.04452982789768114,0.029818939457478467,0.01135849489256687,0.026641233082378046,0.0302037264330191,0.08871429064970539,0.025126959436161857,0.020309297899861214,0.4273165647604457,0.12457566658795662,-0.13685508812856578,0.0157976368322378,0.041855973895948674,0.036607361830965406,0.05026403242079275,0.027171745711719483,-0.11485713392417038,0.02100591618905609,0.022243003245090383,0.03693795617421428,0.03412258571074579,0.014844479653496077,0.018099856330508608,0.03795914347086066,0.01253830720138934,0.036595993674075816,0.04858378542498961,0.012961403654370245,0.051391436472451,0.029386257643428983,0.0036649425331667478,0.015198308143303165,0.032735288986176586,,0.03211881694325163,-0.016777215991432698,0.037454683056074564,0.018920648748917985,0.023307382119305605,-0.0013109357232259466,0.04085378021105767,-0.04065644843989124,0.003052406684546636,0.028612053083804014,0.008380024017359327,0.025893592041781044,0.013522785608671983,,0.02930433303810985,0.01978316653751961,0.03426296653102004,0.030976313327053973,0.019282543286817767,0.03571061401502861,-0.0057728643052047885,0.005826727606866474,0.017055442595978236,0.03648411693215039,0.028865743720513867,0.043271984906766814,0.03204623882432951,0.02013247550442563,0.025039642833011688,0.02551176060699164,0.015417474327003076,0.027012020484109358,0.0440952913088076,-0.0005885057294702385,0.03544503632493828,0.006985082045948287,-0.20858475136340607,0.017789124154779852,0.02555068203051019,0.03654806691812246,,-0.00055360042833115,0.030719322419255093,0.08052887342667242,0.01750142868649991,0.01940269892258079,,,0.02756834412571697,,0.16761090736635229,,,0.03286754743818478,0.04806309237696891,0.05149185452634858,,,,,0.03646280374717357,-0.007232080154458442,-0.030574634154091097,0.035742993791506854,-0.03414856412754259,0.08416452174267071,,0.006039295137329493,0.013735542261719276,0.02453038610783465,0.03494611352093155,0.13196567582494056,0.014660937299329636,0.0430750176408683,0.0154999178649558,0.05523732498851637,0.0190815301334922,0.05069057634611128,0.020133664955207447,0.2859390142202916,,,,,,,
2009-03-01,-0.1926547404971713,0.031460619680978116,,0.016197655866825162,-0.0027211802846904714,-0.005097965642747536,-0.03310295803657062,-0.006885613131074195,0.0851458183739314,0.07084575698692491,0.021484942944011858,0.4811959756951213,0.04239345492038475,-0.11711794785774973,0.028467237078812335,0.02714780262793663,0.0161725227464051,0.028945613455936065,0.014116136683793268,-0.09785171313481071,0.028546464833884424,0.0018684708779740482,0.026093885303724595,0.042839791645433466,0.039264449759300976,0.02807126106375771,0.019881902894115382,0.022539387234029776,0.020678772796956072,0.021132906254665147,-0.02351749003831716,0.016123623510367523,0.022270691821360874,0.008611081059904041,-0.009098727010985064,0.02005866948981712,,0.01975201019383265,0.01895328685977387,0.024971114334069153,0.020933756518849506,-0.2216319733816818,0.015000021858497416,0.035706044862600796,-0.04162041866235305,0.03626528320386097,0.020532285082770427,0.0009666713670426466,0.006286236392195825,-0.0008937710437239983,,0.023719860885812932,0.01115280103080792,-0.05211636815805558,-0.002756948387797479,0.026784664175948526,0.011061789533152793,0.00575494200286247,0.01347716316222075,0.02637606965397337,0.01967665420796003,0.01934260228502111,0.023539348878890403,0.02133064573322913,0.0205453663692814,0.044730193621362976,-0.006498986886516802,0.0017882181145198754,0.0047510463163615594,0.02895410998467191,0.02140224894865661,0.026822572395318933,-0.016264994541055497,-0.1926547404971713,0.02591552859162703,0.01533379822782756,0.025710806302231243,,-0.04436737846694627,0.024004515685412987,0.166752889068371,0.020933756518849506,0.0221024527859465,,,,,0.04764156698250706,,,0.02095957148225059,0.02467225070106411,0.032829244531579586,,,,,0.03125155608985834,0.019173332368748096,-0.002419446693014068,0.03488885704226786,-0.13295674171060237,0.12722113369145824,,0.030680940966022162,0.0021887457667560174,0.02309343488473772,0.021858695531429842,0.16142994144383419,0.04629773694605713,0.02421720994400045,0.03678148672225455,0.018856517725474732,0.03082812347818692,0.03445546510306982,0.02080266380476625,0.0321430780125242,,,,,,,
2009-06-01,0.11796661207768361,0.16729920184549515,,0.02523251842757951,0.024392844285329864,-0.0025042350966546657,0.025444907876596434,0.05435506761756514,0.06867598051765479,0.04359138040970514,-0.010838861968668956,,0.05171754704449461,0.12913150259499231,0.019509764119141047,0.025600456577793144,0.024929165724620634,0.0789641329254537,0.020585351077704317,0.03556199141728334,-0.010851622899551192,0.04739693027212381,0.032252747416431866,0.04308036854474936,0.026576974040861553,0.009903802962035769,0.020192414029925675,0.018388460479689506,0.007683184732860162,-0.021322011867600583,-0.004748312208624454,0.002416099885055591,0.0141955235055116,0.023125562950289814,0.022005183101032486,0.023621705686218613,,0.025988222090074443,0.011429659236294323,0.02041496243690289,-0.01569680708149914,0.03266190951246811,0.038620370965412786,0.030909419031468675,0.065775530706918,0.021524720045124478,0.01600826674826184,-0.0006851453870216982,-6.170744336976358e-05,0.008533906409903206,,-0.006084027758644627,0.012618013589994901,0.011751992329313997,0.04458416453742689,0.029764118239769606,0.009678978373904301,0.0054423335318743325,0.004160776809454141,0.019044120650939314,0.008311810589566251,0.02039616581438678,0.023739333985825225,0.01698743601301948,0.00737146520822473,0.033176239179766934,0.04449196151417876,0.00583002089485133,0.009761427971915647,0.19458174011517954,0.11616826623382268,0.19760616373247974,0.03160246615307851,0.14307155082822134,0.019866188385714315,0.009853664203442494,0.02103125559813854,,-0.021169505051546855,0.026767837442374483,0.15057760961329691,0.02440145955669852,0.03862097698164092,,,,,0.03132033245511224,,,0.0038455085839557267,0.09898774321495807,-0.009835451162123207,,,,,0.025021417656857798,0.018277537864775338,-0.010669111219128315,0.013576752519377186,0.20826406725527086,0.029580511169437176,,0.02853175989163186,0.008294508674364588,0.011578125220629834,0.024582036661353217,0.20803507662755774,0.031913681278961235,0.12665960326423018,0.023365160636677745,0.034263208996554585,0.021530482492420816,0.036678339236647026,0.02703629677928794,0.45138420044819233,,,,,,,
2009-09-01,0.06386653076965482,0.13035222272881158,,0.023716772218519873,0.01596279556492892,-0.005105722996138177,0.012690840684136517,-0.01036827411599418,0.00827654456312723,0.09818910934322629,0.022043536249015606,,0.07333513332680953,0.0034988166905968966,-0.009537217910429928,0.021724926708563283,0.024699824601669893,0.01911052651576535,0.0098504852544964,-0.017416947780612715,-0.032230280117118586,0.013954898481984697,0.017977014497292033,0.020681139886961925,0.03165643759194839,0.01043622122782833,0.01714112011600518,0.018407630994313487,0.007863943360814703,0.018713354922672194,0.021889391476316657,0.02923904050999506,0.023478708426073455,0.017591352383111297,0.022303278644067934,0.017569088257131,,-0.01398027583736937,-0.005086893701343631,0.017644298382531447,0.016412825990968525,0.030106188325356203,-0.015801849851866685,0.023555362323067174,-0.025385509054301137,0.04324151800011931,0.014883663773375097,-0.011740486568631506,0.04565788028074103,0.009167318288202948,,0.022334100890847378,0.01593234784562332,0.02413727623378005,0.024885342274433293,0.01121324324677249,0.021932366073363404,-0.000958642590244316,0.017916161446570576,0.025738264912579054,0.0114635222283541,0.024252715481950727,0.01504705265592931,0.022457103757653203,0.01929982133490315,0.08315311381337244,0.03253422150412931,0.03132242258063109,0.02413727623378005,0.0076284805286465016,0.03687604786572814,0.06378734170650162,-0.038486454236186594,0.1546064809540059,0.01490194883364512,0.019024608637177986,0.024983772917370785,,0.029702109808762228,0.0383570881468023,0.07795007247950024,0.023789276188694104,0.020605151361589014,,,,,-0.0006579386709174178,,,0.004428460149177944,0.10339317744780667,-0.06574526828884326,,,,,0.0330682694374747,0.03173725657660864,-0.02144784299123568,0.017869067847528956,0.06311536915620247,0.021558138893011496,,0.02616742222186025,0.03022084945801164,0.00741381772141394,0.021301974917039463,0.10672953553617455,0.04346614968852135,0.027647697359556554,0.023391226251894905,0.011440563365918786,0.02631004139303864,0.048108339892566944,0.04042638449342624,0.47278320715234917,,,,,,,
2009-12-01,0.0458410030237968,0.11215047426520257,,0.012733961709766378,0.009353271711874002,0.005610955672081382,0.023058832638129714,-0.07401596410714052,0.035071352044838904,0.05796521880048954,0.01217114830081207,,0.10637865788555802,-0.03454463192783341,0.0021263612197495677,0.013639331041959976,0.03683453118732444,0.016425300784292586,-0.09122446505816034,-0.011618567880634601,-0.0445082241430318,0.03059151588087982,0.019673499598017046,0.008010805079624218,0.010881825087822974,0.03096459775271149,0.011770238801846114,0.023433846378498588,0.006685674566753996,0.004222579894361857,0.016654995291180977,0.015082071478798587,0.007293464294393959,-0.0019521090671705404,-0.0008654706856399309,-0.00172051713662358,,0.014364318348027151,-0.000873090291109015,0.004752754325229782,0.012399734644568235,0.03378482020719414,-0.25045240386549666,0.01295645984281229,-0.007750901376643124,0.01847579947046597,-0.004872898343444657,-0.12352355107064161,0.057079945755179,-0.005324813582027836,,-0.0603353999498723,0.010328846556610703,0.01289554863235284,-0.021754954861784595,-0.03769215677211719,0.008527344534974144,0.010302646702314405,0.030798962606746014,-0.010706822254223848,-0.020326013281252216,0.013080117779025202,0.02832390292880121,0.05144762563800573,0.010753169848533273,0.045986615521147765,0.026601064375787287,0.003500486613188058,0.01335226230168814,-0.05653110528611855,0.003612838821595626,0.11249041898751064,-0.023534124892876325,0.0013155609390931263,0.01510871062949289,0.004086940045431313,0.008577787811564937,,0.06193133196003967,0.01352275643372826,0.07090497666283344,0.028543437202479132,0.02181117963847905,,,,,0.05679735039025978,,,0.037636896623008356,0.10932819008356155,-0.018733018925836745,,,,,0.03575687267271062,0.015827842702341978,-0.005602208593926785,-0.010534489906506399,0.02034663921165167,0.04607168393966568,,0.025288609011479227,0.00965759366549995,0.008527344534974144,0.010609975220427911,0.22017726289268316,0.02615322638651557,0.010652409739338786,-0.01780160666164444,0.027425050224356116,0.02705319182815805,0.03561753390745662,0.021196180683389278,0.5115602057296524,,,,,,,
2010-03-01,-0.02960584904621522,-0.0007229924348632252,,0.007625276757591761,-0.00313115864787836,-0.004300222151481221,0.027478506359756655,-0.034198425831364454,0.039031948307561334,0.04332757176770972,-0.008590661467299275,,0.1278597738919198,-0.04245493149555917,-0.03622610523604795,0.006160053119586386,-0.024690169454785933,-0.013493525517345633,-0.010811088663174383,-0.04940657655735583,-0.058063802546108115,-0.03522519808064626,0.030522146092186453,0.0255532079239604,-0.008688576442067093,0.007209406172494033,0.0022588354310791427,0.0029449258814481403,0.009835169954215075,-0.028608510814333316,0.0022205437943598073,0.008061173995881719,-0.06326257879363714,-0.017159057902030712,-0.01636954735766065,-0.0227096249881842,,-0.008363291400970228,-0.006666837837923949,-0.06035977871977215,-0.006927431614755731,0.008607026139986597,-0.07723385398058612,0.010605111019619964,0.00024294858302644173,0.00203451201065026,-0.03570477359178029,-0.1784570323904263,0.02227927586477234,-0.014498257148314105,,0.002280967426829344,0.0029567799613414666,-0.06802287342360905,-0.0653708577627122,0.019712405789073666,-0.004128584066681647,-0.00752979371979991,-0.020537700668461317,-0.043224008545532135,-0.030912106969746795,-0.015175887947241397,-0.010726828502864903,0.029407447065331698,0.005187187656212799,0.02312881528087025,0.03342254278533746,0.0547391298277491,0.007454643880241092,0.027825388846649424,-0.009100972032209605,0.007680669821624065,-0.04433744286472441,-0.0025820007732236805,0.002495120086644602,-0.013535054961998815,-0.00892520062402166,,0.04871311961425219,-0.010829567329212182,0.02388252251633352,0.005462108589324063,0.005503993197064747,,,,,0.017660307786946893,,,0.017235967316825893,0.05207290496807749,-0.05084103343580859,,,,,0.020993291841867472,0.006837762799347682,-0.009531438663132137,-0.026429818718821694,-0.007299739888041687,0.14337525819322774,,0.02228851807481619,0.0018183221681756124,0.030789854813330346,-0.08780432399221083,0.07910526522287058,0.027386898280675576,0.01310082467279651,-0.011638977870203708,0.014869831652057186,0.02094421964429398,0.003984715984976444,0.006152558619062855,-0.04071186063668146,-0.04099002748367653,,,,,,
2010-06-01,-0.08592539060349497,0.005651210741797135,,0.00444728414205436,0.007940458509628863,-0.006129200270985901,0.02688065327075926,-0.006530871480479378,-0.04777274797604438,0.02433424025455355,-0.008809248738057749,,0.058283893062296484,-0.07354923471503945,-0.028681317690399576,0.0036163473514497176,0.0005431040908914887,-0.008519818193604568,-0.02670151817501653,-0.07049470514781538,-0.034125135200986104,-0.0064998078869980365,0.005871389657767975,0.09258027575998808,0.0028784561709757025,0.023148437963934412,0.003081288369671321,0.0035185339709056574,0.0013734205161543465,-0.021626804151430635,0.044131155601266354,0.005892305156132154,-0.016552993486465613,-0.028192131285385617,-0.009251789694985586,-0.006719088636866214,,-0.02079951710541428,-0.0053476535973118675,-0.00788579392260255,0.0036163473514497176,-0.078929763103592,-0.0034406524362077077,0.01091005656729518,0.0013208061434157737,0.004138460042690246,-0.008251504101678383,-0.11252859689126328,0.029294005474500475,-0.011349775107419281,,0.0021953133567241922,-0.007270703171408385,-0.0303010698205719,0.05298784213159529,0.010348151851314482,-0.011899346806459571,-0.009876207337843551,-0.012543948829169906,0.012464064127656209,-0.07949860987970846,-0.04527864533440816,-0.011349775107419281,0.0007932474489287389,0.0022861829359040052,0.03087421183552807,0.0032958627976422726,0.09106285892854625,-0.031803668241742175,-0.007240789492033313,0.04979534658412483,0.006668967655696745,0.04696501963098547,-0.0037119191251323764,0.0029416875115986646,-0.009251789694985586,-0.009213567474303736,,0.042670835790375394,-0.022030243600051055,0.04201107426553342,0.002611944571364148,0.005476624207812963,,,,,-0.0026388074509950217,,,-0.019968370031942864,0.07014203870809986,0.004270886522125508,,,,,0.01638352094248164,-0.00017933613154355913,-0.011397891102297652,-0.0038282937619214708,0.00028613035883921247,0.06569316723380436,,-0.0030806265004165024,-0.01099109923528061,0.0060615387983015195,-0.0012784169045965774,0.07852223735040613,0.04189378457285262,0.05201437020848825,-0.003017983328106119,-0.0022503277191054214,0.017544994125541304,0.03325889007905258,0.004133613323944216,-0.010602915037603494,-0.0035479582214415057,0.015857053025681505,,,,,
2010-09-01,-0.09379556532424457,0.0017479604561808732,,0.011319804630837883,0.014320090991516835,-0.011606151243687532,0.036584368082244065,-0.008651003977862661,0.0624780636120842,-0.006893042030862609,-0.008802559816543433,,0.1468813723672381,0.004334783480242421,-0.0025613462849310193,0.01546460420341085,0.011412242513437112,-0.02278124144073298,-0.01717489496337682,0.0031352480894653086,-0.021016503781148936,0.012981120820503891,0.021544999874861016,0.013230668662814988,0.017942367390053726,-0.0064385404214662885,0.01017832095412462,0.0027340855409977356,0.02503834262295196,-0.019696521465455665,0.0020110849535131398,0.03285041597427296,-0.03762435292896027,-0.010729970293832936,-0.015265591973595904,-0.013209756236457966,,-0.01798564087547445,-0.00974834955693746,-0.03926379949800333,0.016154639911277913,0.007417503765680164,0.012512079198513892,0.029095032046231154,-0.0036024086452778985,0.004234897393702629,-0.04119548035509422,-0.00047077056504778625,0.07089538668706265,-0.015051169685302245,,-0.00503489623045577,0.002386012646874629,-0.023134491054219858,0.030136404520771494,0.0019939725205395356,-0.012693221754638674,0.0005841260055506312,-0.00882940384275239,0.004522124852723433,-0.02485177675015763,0.008989059580881049,-0.0003331771940217304,0.013631779816281955,0.01342044052135708,0.010648846338823308,0.00989901550399363,0.07713943487454432,0.008490080218747342,0.008686545923714721,-0.008989968275013352,0.016418847871374084,0.09917309196498601,-0.05371771471084516,-0.0033233223262393715,-0.008802559816543433,-0.007930434640405338,,0.05550658064228218,-0.023095241080793704,0.01754152248498851,0.013268993117793915,0.016493212011544366,,,,,0.03242110793289015,,,0.03943335095411184,0.05999907280961382,0.011826755173067692,,,,,0.02009231623884115,0.010756996374039646,-0.05665167065648501,0.005735578936531783,0.07552305952351508,0.05509257699101119,,-0.011326288442018558,0.000790235458944546,0.01035735783599599,0.0043435787237229295,0.13330484056760517,0.03530543314913541,0.03362042464607812,-0.022690581815105998,-0.054746834236848396,0.04601317971607792,0.0039718235289819175,0.02315662603684157,0.02252128103776325,0.002338151804425276,-0.006004919777658952,,,,,
2010-12-01,0.02512713485205098,0.055712711436877116,,0.015583187029267826,0.018490486742324737,0.010629942200982338,0.023086796440621074,-0.006718813236641689,0.02230189287381939,0.01878414716392581,-0.005275040498711283,,0.02660333619845425,0.03599739313155688,0.0026227214743343792,0.027903550409891308,0.021622577488443668,0.005964729393898357,-0.01388549963186842,0.022228334651518005,0.02235884803147973,0.024429151142953274,0.02390336108629711,-0.016386347671524026,-0.003458729249805377,-0.0020834837079785895,0.005131292028394864,0.022817344458578106,0.01734526927314957,0.0098798108361716,-0.00820525889291155,0.04436090771664278,-0.033481130924672274,-0.0034066065669074194,0.01320637813472727,-0.01606149001059147,,0.03927317142038255,0.0068482562794581195,-0.08624777468568527,0.024455592619058122,0.027747322075532717,0.038146725451453874,0.030761216735309006,-0.0063512016547628645,0.018119697241220097,-0.07130305562993142,-0.02293828484486646,0.13372836439164046,-0.01579905034780142,,-0.007766120399969964,0.0014583957212287349,-0.06158960458011891,0.11794320071792547,0.013578701949255033,0.009664970853241268,0.012189126003923374,0.013303197511925414,0.027469562957386923,-0.009812163204423484,-0.0014837997019330747,-0.005327024098818999,0.03165871873590272,0.033001647422232334,0.03080512276771504,0.020917321277765008,0.09351283968751421,0.013473912738779261,-0.0117025682178721,0.055881661696338854,0.07453005403363655,0.07212371632943579,-0.05852372136503985,-0.0012652258139176271,-0.005327024098818999,0.015852006573300575,,0.03868916031412684,-0.02239389667542365,0.030087536042341413,0.02739188946605773,0.022289273239370723,,,,,0.022802573379637113,,,0.032805600188349944,0.032970492985517706,0.02402847706436135,,,,,0.03498320300952908,0.02521492710502645,-0.03644093938761328,-0.0022510665966029688,0.07201798087068466,0.04397474082223406,,0.011829954078098967,0.006227169056688401,0.02385562326728277,0.005199346801431375,0.17142004619087495,0.04360253520665055,0.05006464027654188,0.0036883333492251616,0.007302593108928218,0.03146033477033138,0.020379389121407146,0.04058104925291599,0.06788271206579995,0.0065295619150355375,0.12301512504331868,,,,,
2011-03-01,0.048477534368685904,0.013909831240347557,,0.019215502147894057,0.02197814486918194,0.000601375108808473,0.0242174465072548,-0.023024386054129112,0.019700634967930248,0.02223479767698896,-0.014173871586058337,,0.03383342441457397,0.08231177601451785,0.01018783602530013,0.002385953494971564,0.029264557406456893,-0.014173871586058337,0.0038072900231595503,0.0416925098708122,0.002498449239736327,0.02814996185031388,-0.014374873386744175,-0.03458507264345509,-0.0008017484998860591,-0.0007597989915532875,0.001592342482506488,0.02441252051143383,0.008242578800043508,-0.015458304544415687,-0.03700988503587194,0.011100887186281046,-0.026204640076491315,-0.012020394194217823,-0.014374873386744175,-0.020535078373325934,,0.02738110018787715,0.0008299734021313737,-0.03606446454286681,0.022062383723022095,0.03210159778200497,-0.08377113796790969,0.02567399654097585,0.023526239813544444,0.023677585798611227,-0.07232214549182599,0.009174799719473966,0.10379613067877275,-0.014374873386744175,,0.0032310625648899797,-0.012381428904641868,-0.045999717237833325,-0.005155817358901949,-0.0011187669223921245,0.0034548535121753034,0.003991831123839024,0.01591285159452485,0.015028177848869355,-0.12367039115282001,-0.012590612469477288,0.0023202833383423,0.006087592218445068,0.01548988237082045,0.03646895731398907,0.0020922349835413617,0.06787124369441487,0.014040288702356357,0.03744840707713394,0.07429573885741297,0.029155708418856684,0.08796485127617829,0.011878255873606247,8.373086413269787e-05,-0.0011313819208012795,-0.012381428904641868,,0.05119620404773096,0.001592342482506488,0.009803772987982011,0.027951889878577506,0.023613937918923356,,,,,0.0352535017394293,,,0.029123849789061435,0.05728294814938426,-0.015725845226781717,,,,,0.039606570379055614,0.04256493917238068,-0.041064281769887495,-0.004914134285920413,0.07744547219785336,0.060191638503559686,,0.043880698374887124,0.0023202833383423,0.0051951951102891395,-0.07932817798043779,0.15622573727990255,0.039158248070283806,0.03031294319561212,0.004011892399204324,0.014012257972586506,0.07711116727583987,0.020917395401840906,0.15621356958161728,0.08146549256747672,0.012324129812837613,0.10768959304176726,,,,,
2011-06-01,0.08689618054263855,0.03538725608200987,,0.00798828842498445,0.02182282206455073,0.01394347770274254,0.033785396817389055,0.009979350985953515,0.025413715310091026,0.025441106605822765,0.0032034384328651503,,0.225426578150731,0.12431779242660869,0.07354028201147436,0.007323168770701446,0.04480654265280717,0.006555696170276223,0.006487677999512686,0.044933720155793166,0.04090090072785178,0.01296949795695482,0.014859295788496863,0.000652807466734031,0.023138349229213612,0.03461926209689319,0.005179094331765119,0.03702888143248273,0.012158875120048394,-0.005173224872317635,0.010487038706266657,0.02641055628308313,0.015235074433998113,0.0007366883724675298,0.00986493963524149,0.0027853047026796074,,0.03798455371649535,0.015892723445283353,-0.050745638921320294,0.04122273374536045,0.027112832866797963,0.006015140131632121,0.039270555012254786,0.0251467226969862,0.02974924230897226,0.008943629368987994,-0.09723480309677586,0.0892614814200869,0.005179094331765119,,0.004910605211041182,0.012423612217689386,0.0040584911089071715,-0.005868567636876462,0.022463890221625326,-0.003998429621367759,0.014511056992097435,0.029410901193438428,0.06078162705232993,-0.08730021933997398,0.06113397531612963,0.0028576351511201987,0.025291543521676133,0.04414406864976652,0.05383951381689342,0.012325393159586757,0.1263824965260007,0.014906965979455745,0.008045226901572725,0.08255758757070406,0.010542363382840774,0.08420743169681062,0.011852269938473077,0.03492822591652528,0.007900458498608147,0.007640387644540247,,0.04219629917782243,0.0026187274319961536,0.02294720048620464,0.04187564830759252,0.020758952519704842,,,,,0.036022390202402575,,,0.04131548443840471,0.1833419876248122,0.005575438891368365,,,,,0.02006573951142928,0.03812645387178014,-0.036395881481102295,0.004680926675355255,0.007931893007940888,0.016569934811535767,0.02911841624449184,0.030553771962373445,0.0032912683592414504,0.00813987546910661,0.0057917527288439095,0.20775653111207965,0.02586933739753822,0.04156119966053568,0.018931256864951417,0.02756126506638188,0.03221911186115296,0.028025055750974266,0.22612553325839152,0.026678348804021767,0.016736874786182437,0.07827189012713015,,0.021535580017861163,,,
2011-09-01,0.26760577446799705,0.01743574390581554,,-0.003935453347388087,0.017360437381335966,0.0133771560945355,0.01195897749834131,-0.008989455235750064,0.02319247235932571,0.02129611671299737,0.00944980123045592,,0.034031841008713995,0.06848659813587385,0.022599786255768865,-0.0038396691255817533,0.021641637145475665,-0.009329410378237837,0.0035353139723837356,0.033352889117322974,0.03554786668696708,-0.006133139215879541,-0.003849624416718863,-0.008186718082111464,0.033713289950667254,0.021778209519481735,-0.004155221818421775,0.015901121928620608,0.013011447375687943,-0.00019929759740862417,-0.0030383393565943185,0.020097808338179705,0.006489587474361374,-0.008066269362374555,-0.0041651771095588845,-0.012131200992949509,,0.009173690873185335,0.018172214826081525,-0.14714745768182438,-0.003109135010423278,0.021538998917573285,-0.0584524403402278,0.019995112622201362,0.02331634608275445,-0.003286315798536684,-0.04357206914608759,-0.07992190718377014,0.09000274278703738,-0.004155221818421775,,0.012284407774724471,-0.0021630253312316704,-0.010775289585452279,-0.032905034545260316,0.026471320502912888,-0.007995562483458927,0.017662734721212724,0.022496705900609516,-0.008016718019758522,-0.15048740344343373,0.022319403399020277,0.009459756521593027,0.02466846162643028,-0.014326590542705738,0.05348230823537442,-0.0027741019680268026,0.0500524031727586,-0.0014523200500154779,-0.002631614047259742,0.044906197705218615,0.05130921959022862,0.021066665117562028,-0.015425993043835282,0.015152137774970124,-0.003935453347388087,-0.003992153704623336,,0.04570987511867079,-0.010978088293786529,0.02478532539294082,0.022463213881762794,0.015766495862873067,,,,,0.03319298362494454,,,0.05396562518064776,0.03242244249294538,-0.004392391242820246,,,,,0.01933620062923874,0.01028594920623119,-0.0705014828337421,-0.003019124991495886,0.0351072472366234,0.01325596246296381,0.01644963255773791,0.05568228067282558,-0.004155221818421775,0.02055757869454503,-0.06019431570013653,0.10465957612083486,0.020816808144058535,0.0470078750396057,0.0003574540099988233,0.016379770451241782,0.040083798642645586,0.017698547176056418,0.12649776893107895,0.018901004985195723,0.005023666981043185,0.10495138402842809,0.02879019328475251,0.009341897030925498,,,
2011-12-01,0.29400668313268924,0.02762128406690746,,0.03959963742710525,0.03889968720630544,0.0143836929367725,0.03424256394121069,0.010609536258573513,0.035464055181312154,0.04257908679478322,-0.011849001063531733,,0.0359874238643401,0.03596496440082638,0.07185440246822922,0.059459027210493995,0.04525300225283717,-0.04874629305181642,-1.8348408599906034e-05,0.019449773557069356,0.032218391517063766,0.11429914124782052,0.05901291499620074,-0.0026905568585699796,0.062217356746435484,0.0926248073718693,0.057345234203634264,0.0396001046630143,0.024033347916288576,0.008943799809755808,0.03996898060793349,0.03290921121710149,-0.04450662511092041,0.014080677725537356,-0.008709165028730861,-0.008393361821447653,,0.054724499004805506,0.015836686289403774,-0.07286081285391358,0.0675881963674336,0.047828003955533806,0.012014386499540147,0.03224763785351616,0.05197621872644327,0.02159451071873958,-0.025266866744703867,0.023504995417120096,0.10391781764926168,-0.007475042291563781,,0.017734962709822454,0.00503932876712299,0.06060718907651776,0.1120387456002038,0.03684466191356223,-0.022758333284416777,0.01581090026753119,0.03635566705455115,0.02506326680114831,0.0030674132134739943,0.029738795890448692,-0.001871275928988114,0.0213902730677848,0.08817721752011451,0.14292407579686067,0.0624400466022297,0.04145627990177928,0.05767477920069822,0.06596314904016011,0.09834789831249836,0.03204036644845102,0.1031938853463763,0.00910682515348232,0.030515158831048272,0.004545687130723209,0.0030795232814269237,,0.048413180845735086,-0.008709165028730861,0.020366911895053554,0.027762062846160715,0.05478034950315928,,,,,0.043571865436102974,,,0.05798912120633369,0.028478152042492065,0.003816297738385944,,,,,0.04903840203762235,0.025251151048927466,-0.017268238722713533,0.0012809309466478387,0.03357084950764849,0.03150252709274246,0.02749588098601829,0.030125592755432508,0.023167593804155128,0.0361755349680035,0.004545687130723209,0.0663568914937933,0.026328116966151383,0.2909879322138342,-0.013379561037460278,0.02324348139668439,0.047749250467251224,0.027537133888511395,0.12153294679347384,0.010213572204575217,0.01801836427668501,0.13011414622329742,0.002487605676560718,0.020043630646122027,,,
2012-03-01,0.42381164396930715,0.029151026056899235,,0.004854304666677768,0.025461074881392768,0.022648576922995017,0.054176569537021706,0.002983696720349587,0.022801315726370057,0.04138597319574245,0.0027745317271878497,,0.055068843688389546,0.016411140432738502,0.04662788292179406,0.026962437748527912,0.03146828390251705,-0.034861361164515894,0.036017891787780414,0.03561205792050659,0.030869544624413586,0.05353951282801121,0.016039846914607695,-0.020925015331344304,0.04407879759747345,0.043575526538953316,0.02393937419985037,0.05673803390231896,0.02343506519031687,0.034284938805919325,0.03810570093926659,0.0547146134540167,0.005561241007860841,-0.0085098010297048,0.004321623399981674,-0.025707648706218646,,0.061454561152715546,0.023825140735347063,0.06287157186292118,0.043280934512011024,0.04781405666035951,-0.01730126264483847,0.06600462607288539,0.02969403663684758,0.01883105303463634,-0.004241363272050806,0.07644109959565083,0.002124037395349173,0.004321623399981674,,0.023378219513666046,0.005561241007860841,-0.0367064386705103,0.08554248362730034,0.046043428282468275,0.02493607228687114,0.023030530257388666,0.04966102257001454,0.03388346054800699,-0.04532883310066556,0.014351998173732266,0.01704405414600412,0.02253203226559688,0.032059067696216935,0.1756076285559079,0.0250467728251167,0.030396274458637296,0.02221520623562758,0.03269034784906628,0.06217025423055367,0.034526709232920075,0.0504817892020033,0.0007924484119232352,0.015602358314221713,0.01603457102145788,0.005561241007860841,,0.04507185840433655,0.017081379499701302,0.018426178921968787,0.03195919921960099,0.0677221336606619,,,,,0.06273268502373962,,,0.06414848735689305,0.03114374942363297,0.004321623399981674,,,,,0.025595285253297514,0.061283845125575345,0.015807128032121052,0.016288968750629684,0.02208231365381823,0.03161537132097913,0.01811402653048797,0.03471117801680252,0.02502170320894852,0.016161744330774785,0.016161744330774785,0.06259486257132942,0.0643428786583739,0.1371376662310112,0.006275043507813959,0.0404471987117117,0.050826069275661453,0.025820661722256853,0.13564907077410598,0.047837806408550045,0.0034685733523888477,0.011389536615497587,0.006720930756045613,0.08679028347303838,0.04148844263917549,,
2012-06-01,0.42771080087776353,0.04550382001729092,,0.02525155681463607,0.03260374241077729,0.02666190820715246,0.03943754315661473,0.02423959437325705,0.026424634821406133,0.030899189887941943,0.02423959437325705,,0.06454869145909306,0.0335221472779103,0.05111129118336793,0.03699442984039847,0.0301722141757385,0.029741543213808615,0.030173091912657213,0.004929673176901989,0.02695797555502601,0.07694591639170921,0.04573647149662995,0.0029258127568243474,0.039843821558109886,0.044124214599258395,0.027663108838276856,0.03857216439368779,0.018075564624217628,0.03080249855000127,0.025319960812999746,0.04812745935482643,0.027991010852966566,-0.041620339457681024,0.024519888398267888,-0.023901940696070184,,0.03426352514657737,0.027181381657113552,0.03525053880207004,0.03699442984039847,0.03378069377353011,0.009803188349623126,0.04907559278689975,0.03246592963105015,0.03164470739807412,0.023570392090160937,0.01950049551464388,0.051022645069121256,0.029741543213808615,,0.02902397814259151,0.03045179772201936,0.012247538779858676,0.06330331922917952,0.028053370975680534,0.035886208677764625,0.026486157384025037,0.035757768980332484,0.0379529415233526,-0.04283565200359598,0.028378276686637345,0.025552356341215415,0.02708154711138261,0.04615714306293531,0.13310610346915597,0.03269274930703628,0.14265254834386357,0.027703827801592903,0.05668973713877332,0.059330271485549396,0.026205331590028347,0.06868823174152658,0.029397477654374515,0.03536053524366368,0.024519888398267888,0.02423959437325705,,0.03941570722382423,0.0309043179102709,0.016683808609100292,0.03206170128840629,0.06280603075933866,,,,,0.03672943950762426,,,0.10301772406177204,0.12800548401910705,0.03699442984039847,,,,,0.03454696238786429,0.05139950681596467,0.024519888398267888,0.06039047562100198,0.027669379863249747,0.03178953271371347,0.04415756415804206,0.033219877134221094,0.02423959437325705,0.054398818579349195,0.024519888398267888,0.1905901469088287,0.047172567946247974,0.166771061473152,0.037216460278208824,0.02328835138690761,0.031888548821881614,0.027750768806060304,0.02953124643998872,0.022864767149265358,0.012521487817864602,0.04341453265389893,0.032745015883777075,0.06542009923207531,0.03943266515188936,,
2012-09-01,0.2839128670559479,0.03612526620664217,,0.01873547182430879,0.025282082875746393,0.01552406477698565,0.049081768046763535,0.018564025903570692,0.024164149266580524,0.045406829563274416,0.010822061974806632,,0.10993486757544874,0.039004301135875996,0.05261409761407406,0.02480047670172888,0.05268331273942394,0.03333222207493335,0.011516868047528859,0.005766065919898156,0.03247996471929158,0.06543906104531405,0.05240961766097889,-0.0008782742458813288,0.027414813590706643,0.07025969038941174,0.04649276933430707,0.023069038486162013,0.024089061399296546,0.045428823458642235,0.064283438017765,0.050804931029204754,0.02377973422471448,-0.043192447536007955,,-0.02365066011625967,,0.05642773085857298,0.01564917880849292,0.05940649786719693,0.05571329324590939,0.03391514856944177,-0.03132711100927829,0.07714113491831219,0.03276921336708943,0.025507307392181513,0.024887139421121255,0.022945997627892536,0.04812970521933731,0.02140684029762398,,0.02062562829999617,0.02125321452596005,0.005493377753828572,0.059923544811518285,0.030826178750763548,0.05991170414716718,0.019856399818799234,0.048813932800153004,0.01748218996678329,-0.032523322024669704,0.025203265406415293,0.02636591000041183,0.02095500169774966,0.05275543733989647,0.151290044963767,0.03693400991469671,0.09504340570806313,0.02291685865821669,0.08547541745331559,0.033498229158494486,,0.08019252957550754,0.024235726777244174,0.017374662900186674,0.018610064934041944,0.026757645276377223,,0.028228897003498475,0.027618579137734644,0.0205860281097385,0.030871188611777085,0.07506700119231877,,,,,0.07343184238219759,,,0.07703529902653727,0.05632695273203228,0.07332247913219947,,,,,0.03166547707131858,0.03682105469830171,0.016412306568819507,0.019870034507109547,0.022771321520490245,0.023268487480637607,0.02365116873178935,0.04092483513794885,0.01471925663813493,0.019168792632990206,0.01026794324253672,0.17068320236692067,0.041497408628200096,0.17600159129576592,0.09581272683457483,0.06338947991753915,0.032017778108188996,0.0833007291136597,0.03355571891515383,0.0491361340842152,0.018741838628409165,0.006168824747096255,0.04940890069247072,0.03701020069399294,0.05262317307031476,,
2012-12-01,0.27895450784755266,0.026313203435419732,,-0.0008946849718408729,0.01686311703644002,0.0018517776123141772,0.020782258679940716,-0.0005035530181107197,0.03729708221315489,0.026282680390996894,0.00403112348065527,,0.03582604086892306,-0.026826301927277182,0.027591863392874103,-0.0033288395991865807,0.03355691631920108,-0.0009616394359134445,-0.0008946849718408729,0.008290687641494234,0.016519753961423026,0.04445861896374277,-0.0022538850319821567,-0.0033633077297825008,0.013179353043905299,0.031878790319341356,0.03372844447785873,0.027280762122635797,0.015591507223764269,-0.00474795481817379,-0.03488114464301146,0.028259484080165147,-0.0017836886397417135,0.00026462038930123266,,-0.005937950014008399,,0.018857557165328935,0.016381351349651477,0.057519376884132715,-0.0033121975143033406,0.020796367398885577,-0.30243789858655357,-0.0037431367067731988,0.034187886989244555,-0.0009246769513442728,-0.005644093400040918,0.013036479879651406,0.022212788296346823,-0.001752473189984693,,-0.0008946849718408729,-0.0009246769513442728,0.006800957353379124,0.06354300517983351,0.02535909324766474,-0.0012537912975522532,0.012985410658166075,0.019606721252173213,0.02714770786142712,-0.001899715562821177,-0.003112896720379596,-0.0008946849718408729,0.006358826687410918,0.042733107309773664,0.11762765293050872,-0.0022538850319821567,0.04727267488992567,-0.006746684515891383,0.031787978283356146,0.01988960593541854,,0.060535260749101746,-0.025884761412395586,-0.0009246769513442728,-0.003800327232737149,-0.0022538850319821567,,0.03565629014539309,0.008139132541648438,0.026275986585645193,0.036704171405545424,0.05600977415710957,,,,,0.07656374322298616,,,0.03895071370907156,0.041143227497179045,-0.0022538850319821567,,,,,0.02948042173839394,0.05056093155293211,-0.003848846410448009,-0.0005405155026798915,-0.014495373092918984,0.037735415397404846,0.004609954717791826,0.03485507961570154,0.01526278333419893,0.0009508283788761321,-0.008503243588233513,0.30034251927702466,0.06380171200667481,0.13052937338599466,0.03550568929506219,0.005543237260401643,0.026504054327382648,0.020993124729964622,0.044473131253803866,0.07564299026571294,0.011273599933470869,0.024765233636063456,0.018406310817091702,-0.009822739379352512,0.04122347959404986,,
2013-03-01,0.17062701653259307,0.033682262034346926,,0.006668926497118724,0.01697821045403812,0.010719178506077185,0.023233607297260712,0.009876510972737703,0.05331359468949265,0.03139759295636896,0.008077720700896757,,0.03857292520327798,0.025987366128258662,0.02788657657609863,,0.0355201447526775,0.010958804068790927,0.009006250058472203,0.026401430521176876,0.0207523813441941,0.018574733650466017,0.010958804068790927,0.0068016018323445926,0.015346672386654605,0.029572391875772968,0.014932375813380621,0.0174430082494339,0.015365951893805217,0.010328601989475125,-0.05074747396228704,0.017874948002803596,-0.05275960906580733,0.009686094368548724,,0.009973803612796185,,0.016388641182749762,0.009876510972737703,0.019665394516862108,-0.025959079604889315,0.025637687402102552,-0.01910435469088787,0.05080153154389294,0.018915553111179303,0.010040742942474336,0.008699182777660732,-0.00669190776338665,0.03435056379030015,0.009973803612796185,,0.008077720700896757,0.010958804068790927,-0.025657294210812476,0.04296608312799342,0.017820434335951173,0.010328601989475125,0.01622560805910134,0.013025388960205216,0.028429169240060725,0.007789861653895968,0.010958804068790927,0.008077720700896757,0.037521768184854455,0.02052574981792088,0.08480904317285147,0.010329618093851944,0.025634474298958043,0.010328601989475125,0.03687839418678803,0.03295913259104061,,0.0718093919592457,-0.02174540098810768,0.010604005692111987,-0.038360743601558916,0.008077720700896757,,0.022695179702469082,0.010577045358212961,0.02417764430779936,0.027752639169533716,0.03327957188319659,,,,,0.03338987220123626,,,0.033008279419924846,0.03575342698978794,0.010329618093851944,,,,,0.04092000230398173,0.020744042484488145,0.008066529042602397,0.008699182777660732,0.010657438289148646,0.033765248802377634,0.009956892096906596,0.02271445978621479,0.008077720700896757,0.009973803612796185,0.008179857721958877,0.10467881529976572,0.04203405284551406,0.20021242239958323,0.051866187163357884,0.010040742942474336,0.019478629335117417,0.01810456702999608,0.024692940060269463,0.11603468597412503,0.016261385792061513,0.016482715965459756,0.03685938341896807,0.025880234787811675,0.02192710097091143,,
2013-06-01,0.017603509805798563,0.013323951978243738,,0.004552297020063204,0.011259595099457476,0.005529520817700563,0.021650777020982746,0.006399260385293418,0.018839998539463963,0.0237618509740781,-0.006484856439573791,,0.04968491368785019,0.026547082229760013,0.014942231803915988,,0.04270942030274541,0.007323193926928591,0.04615009143185182,0.01764308289593305,0.028922341309835144,0.010642005579476373,0.007183110131806651,-0.0008544938518809868,0.0016513996103639452,0.00015247245891142932,0.005795968556026533,0.005676557858570325,0.03910207803099098,0.010973885760146393,-0.009515297003380399,0.0170922640370125,0.010648082400247803,-0.015967258935768763,,0.0063884070708932926,,0.04787750405120463,0.006857812613007677,0.010794274948230468,0.003482823235902514,-0.006106636269977482,-0.08572901049154957,0.00012033262707072344,0.006915668267464313,0.0069566074950317865,0.005565980179227315,-0.03838589562808685,0.020527450413559765,0.005628315699724672,,0.0036825574524703484,0.00925997282560452,0.02292056635567556,-0.003938571140056006,0.009486477319743737,0.009326782154608804,0.013429251432131863,-0.0016471512729114251,0.03141937547765649,-0.00472751422794662,0.005526249970527078,0.006380448362007147,0.011379921455121256,-0.027316638583024116,0.08816737140329796,0.0052951091593313815,0.010469887394958964,-0.004358692730683477,0.029740049245592325,-0.002395986976288251,,0.007562260260920959,-0.01320113509727604,0.0054812786588549125,0.007233591462922735,0.004913395319551568,,0.008999136683211931,0.012678820952579113,0.025908771034783524,0.012161626325607439,0.02903034304217717,,,,,0.022156379348788828,,,-0.0026053082107211144,0.0524213481776874,0.0028589199453300566,,,,,0.026717628322747308,0.030024142954933546,0.005420189706111484,0.009313131258412464,-0.013263983727806074,0.02202266586614011,-0.025705494127034625,0.014090019001898713,0.004202530217726762,0.007380628503792493,0.006857812613007677,0.17423317688444973,0.018935710572732585,0.30589944812545533,-0.02291123630808738,0.007553078475323495,0.028946176771239854,0.025006165041430523,0.018218106599346907,0.09583444653608282,-0.0006785454364258734,0.02793117970293953,0.0014472529642668682,0.011849657013680197,0.009622080643566207,,
2013-09-01,-0.005084612562593572,0.026664191832745765,,0.014524148347267,0.017572489219413144,0.01238624663918349,0.016998586921207186,0.014627500616595025,0.019715972377120628,0.021833734494922694,0.014627500616595025,,0.019675511609824923,0.01734645983744717,0.03228285575230608,,0.014524148347267,0.014524148347267,0.016579390263018346,0.019183658797799336,0.02143427341256929,0.020676838302447972,0.014524148347267,0.01334225655022941,0.020706982718652157,0.014524148347267,0.017551665478959123,0.014524148347267,0.019400529516242736,0.014524148347267,0.01170560159704189,0.022816896409617572,0.014524148347267,0.014627500616595025,,0.014524148347267,,0.017570989491329066,0.014524148347267,0.0171612951446437,0.014524148347267,0.022783057817910266,-0.07480240551060954,0.017168575167894357,0.02138600125942404,0.004786870837813433,0.014627500616595025,-0.012917079658607111,0.021220374027781094,0.014524148347267,,0.014524148347267,0.014524148347267,0.014524148347267,0.019126286816285854,0.02085006097702706,0.014524148347267,0.01731622895470735,0.014524148347267,0.025062834208567298,0.014524148347267,0.014524148347267,0.014524148347267,0.01771156420710842,-0.012917079658607111,0.031688122474685276,0.014524148347267,0.022243471917109337,0.014524148347267,0.065943879696419,0.023738668862972632,,0.014524148347267,0.014922853487565736,0.014524148347267,0.014627500616595025,0.014524148347267,,0.020188450696637827,0.04291567331075135,0.0239862645777703,0.017075274423803077,0.022293475663081316,,,,,0.021707253209840377,,,0.017014401456910605,0.031206722085914237,-0.03674749463610385,,,,,0.05184470245795224,0.0387963107814027,0.014524148347267,0.014524148347267,0.02082923723657304,0.023733654856974838,0.016803442256003352,0.01755335625469802,0.014627500616595025,0.014524148347267,0.01238624663918349,0.10859325157567117,0.019357398979630052,0.10537648698389294,0.004786870837813433,0.019639576781181316,0.045071289017025624,0.022164617135226324,0.020732874534635976,0.029010148508107472,0.014627500616595025,0.017623373790349395,0.023258956385429918,0.01170560159704189,0.016991824030746158,,
2013-12-01,0.017018024091482488,0.009358789083373276,,0.019957085304236448,0.035850159912226086,0.019957085304236448,0.025304564381233005,0.019957085304236448,0.02858026501640162,0.029814865258258046,0.019957085304236448,,0.03216769452713235,0.07977061099564074,0.03423322312655957,,0.019957085304236448,0.019957085304236448,0.019957085304236448,0.025076220963596442,0.0369581702453201,0.023711114610380755,0.019957085304236448,0.019551861830776587,0.019957085304236448,0.019957085304236448,0.019957085304236448,0.019957085304236448,0.02858026501640162,0.019957085304236448,0.00949881474977945,0.030749395283390567,0.019957085304236448,0.019957085304236448,,0.019957085304236448,,0.019957085304236448,0.019957085304236448,-0.011767459057558046,0.019957085304236448,0.019957085304236448,-0.047010428094818216,0.019957085304236448,0.01935876746476801,0.019957085304236448,0.019957085304236448,0.019957085304236448,0.028504029071939274,0.019957085304236448,,0.019957085304236448,0.019957085304236448,0.019957085304236448,0.02674695550327926,0.02387046175583946,0.019957085304236448,0.023711114610380755,0.019957085304236448,0.028906239894455534,0.019957085304236448,0.019957085304236448,0.019957085304236448,0.03144882282076394,-0.0024255134061652414,0.03738543683529755,0.019957085304236448,0.02513617825738637,0.019957085304236448,0.03133733933335596,0.030591624580618607,,0.016168771139805697,0.07977061099564074,0.019957085304236448,0.019957085304236448,0.019957085304236448,,0.034333620756310565,0.016168771139805697,0.031709084415227136,0.02387046175583946,0.019957085304236448,,,,,0.030671235831379578,,,0.019799665865647104,0.033785453042932685,-0.011523496087112804,,,,,0.019957085304236448,0.03215598968932615,0.019957085304236448,0.019957085304236448,0.019957085304236448,0.03659938188731415,0.03423322312655957,0.02468949121333035,0.019957085304236448,0.019957085304236448,-0.023444479135835028,0.04501286458230396,0.019957085304236448,0.07938012326710774,0.03131313759419706,0.028440769743748845,0.024769917694193667,0.028286570449198623,0.02818366908048248,0.030460958395597437,0.019957085304236448,0.03433612449527572,0.034077152059610115,0.00949881474977945,0.029348603559111834,,
2014-03-01,-0.08982031478601495,0.03494715146524781,,0.019585882155982552,0.03961843279736741,0.02493643102418769,0.025708870390210952,0.026075882362916622,0.025708870390210952,0.028740370292588253,0.026034392084746397,,0.05318486808671749,0.00796380894704572,0.0257037246963546,,0.02331610507429287,0.019309540454368435,0.027138594789602274,0.032493755281690004,0.029648829536485097,0.03236909404095457,0.016639270578811406,-0.01075587890556928,0.016639270578811406,0.017379010478732655,0.017519856628784976,0.017582087702600196,0.02476605326642216,0.017468517891799377,0.014387555315096032,0.016210118188774787,0.022442719073499214,0.03090183633314714,,0.019399047867435158,,0.024706279049006734,0.017468517891799377,-0.004806969165741617,0.016639270578811406,0.01628885668730345,-0.04435961859852749,0.01681649842371892,0.022907747899674553,0.017468517891799377,0.025439735659748195,0.02414535238728084,0.030584308491037097,0.019399047867435158,,0.016639270578811406,0.029243053854025102,0.022442719073499214,0.03372222939708923,0.025345154335766694,0.018349103941772946,0.022997255312741275,0.01628885668730345,0.03141732116486369,0.017379010478732655,0.019399047867435158,0.017519856628784976,0.02942595821194069,-0.0058846801496575596,0.028686429699960117,0.019585882155982552,0.0287114612196807,0.018349103941772946,0.05319545388252944,0.031420732612993864,,0.019395492762824595,0.02357785592960762,0.019399047867435158,0.025439735659748195,0.018569800554447187,,0.024763260794018162,0.02480118411627968,0.02942595821194069,0.02646230415416639,0.017468517891799377,,,,,0.031510873958670055,,,0.03973859099597978,0.04355421639012538,,,,,,0.016639270578811406,0.04527981981338192,0.017166912315226875,0.023509205684112414,0.020024125958361574,0.03705161008978132,0.024805728310487947,0.046905739928617435,0.02331610507429287,0.017468517891799377,0.01517479439377054,0.11435858774691503,0.01628885668730345,0.028615633301617587,0.024455314418979992,0.005093378722460035,0.024785677206950088,0.02792809864512722,0.02208629864199196,0.034637373405688614,0.024579014082798865,0.024579014082798865,0.03216145682170905,0.01700296891886303,0.025032748809411323,0.013884537919760472,
2014-06-01,0.040150529109362565,0.03657392247858089,,0.02755162648332703,0.03494742773164277,0.03578241391680965,0.035382912437209764,0.039515037571967,0.03186850252805166,0.031979894689768966,0.02755162648332703,,0.05390227606887323,0.007611712939202099,0.03194261044971227,,0.026290462613105407,0.028874649779861164,0.039181202707138825,0.03194261044971227,0.03694451823642266,0.017517444012848698,0.026290462613105407,0.025972095579836194,0.026290462613105407,0.02755162648332703,0.02755162648332703,0.030023086268262753,0.028135878872894322,0.03017263078381897,0.025066970158317582,0.024983987068982874,0.03128425013848438,0.034521250046588015,,0.03143379465404061,,0.03085589838462167,0.030023086268262753,0.027579177293550965,0.026290462613105407,0.02761348590963954,0.02033700997869807,0.026290462613105407,0.027949422154710638,0.030023086268262753,0.032543894012743,0.006693500980739219,0.04205079321797684,0.03128425013848438,,0.026290462613105407,0.03128425013848438,0.032543894012743,0.0312552140519683,0.027949422154710638,0.029112744647113414,0.03309577154293954,0.026290462613105407,0.04250628498970559,0.02644000712866163,0.0406107208198476,0.027701170998883255,0.031825605259792764,0.030023086268262753,0.039886442265528045,0.02755162648332703,0.03196312466816098,0.030857418380584707,0.03753179995753482,0.027949422154710638,,0.026290462613105407,0.039304036207202894,0.03128425013848438,0.03128425013848438,0.02755162648332703,,0.030987966967266415,0.026290462613105407,0.032648324360479625,0.03168204580986798,0.030023086268262753,,,,,0.03277010490156086,,,0.04084443177047657,0.038494178811331936,,,,,,0.026290462613105407,0.028965358563673903,0.026290462613105407,0.031640814666762156,0.030023086268262753,0.028135878872894322,0.005237617389249162,0.03168204580986798,0.026290462613105407,0.029745799025919298,0.02002808997106953,0.04406448300162047,0.02644000712866163,0.03305787352979333,0.028193744232302396,0.030023086268262753,0.029231214308138947,0.03242063649919012,0.03004235088320474,0.03211798617317291,0.030023086268262753,0.030023086268262753,0.031469763296433494,0.030706353869065454,0.028209986794554928,0.02945794133522498,
2014-09-01,0.03430024105086163,0.03919568285046972,,0.02347049086321125,0.030301651640003507,0.027097122263806967,0.03536624627981831,0.03249580364204712,0.029041292912937937,0.03316350823232606,0.02347049086321125,,0.04259747674340422,-0.012593250226995744,0.039500383953478296,,0.01711846006331957,0.0250824787062779,0.03214879456715233,0.039800140380588565,0.023732783804616617,0.03364960052652999,0.01741838825760439,5.843328997561897e-05,0.01711846006331957,0.021971346194762428,0.02203685768542201,0.026397886226575594,0.02401857536746873,0.021471380416319786,0.016380220948567108,0.03366043517948955,0.02782341121621146,0.022113213151044944,,0.029135470864993292,,0.02290501359410902,0.021471380416319786,0.023682554989982705,0.018852021435393627,0.01975730501475434,0.00023799122119061731,0.02377226223934804,0.023382626795697886,0.021471380416319786,0.03060478022951969,0.019372226572862455,0.03616348242572179,0.02782341121621146,,0.018852021435393627,0.02929272058073786,0.03060478022951969,0.03628924768333106,0.022010327815903293,0.0250824787062779,0.029041292912937937,0.017052948572659987,0.03325175131802107,0.01855209324110881,0.027031610773147384,0.0250824787062779,0.027575647515601195,0.021471380416319786,0.04318599081198761,0.023770419057496068,0.036944539256386695,0.026139070973091944,0.029397617339200346,0.02358256434351268,,0.02177811481531475,0.019497314532447244,0.026389778038422226,0.026389778038422226,0.026174847305305598,,0.0747209522531071,0.017052948572659987,0.028437299007060452,0.02873659180992936,0.021471380416319786,,0.029032291153627956,,,0.03654581332914295,,,0.05686589578181507,0.04201423300217599,,,,,,0.01741838825760439,0.02377226223934804,0.01837321520761758,0.024037484907625195,0.01837321520761758,0.024207845758373262,0.0018734452430200067,0.02873659180992936,0.01855209324110881,0.02265430652877874,-0.036592241625772605,0.15746491446279362,0.01741838825760439,0.01929256435032956,0.029347542924922605,0.017131656086676023,0.05918406192058851,0.027575647515601195,0.027361059231058586,0.022272261202150687,0.02001029925364412,0.03001006476701918,0.03305293450529313,0.022580700892230465,0.023682554989982705,0.015793853509327646,
2014-12-01,0.052351095477052016,0.053034474567409014,,0.028143625468736215,0.030397886658950834,0.03109970930575756,0.030045277792936805,0.03109970930575756,0.03035981488536533,0.04055554672040875,0.028143625468736215,,0.04542505194565677,0.024767703165768318,0.07209454546666905,,0.02519840918209743,0.03448092720884467,0.03015895027952687,0.04858328321748681,0.033276979171365,0.033578552819541786,0.0222574898585096,0.016555977049205046,0.0222574898585096,0.03011175655241868,0.02611020253454072,0.025186991330178325,0.025417280843792286,0.02520215584361184,0.028415834820904255,0.02493663764110287,0.031084544792324045,-0.00022602922743155627,,0.027484499495555495,,0.03448092720884467,0.025213573695530945,0.04090421510467654,0.0222574898585096,0.024225620942192064,-0.022003238492615942,0.02970492627952701,0.028018592206965776,0.02520215584361184,0.031084544792324045,0.028519128705209645,0.035437609349392475,0.03107312694040494,,0.0222574898585096,0.03109970930575756,0.03448092720884467,0.03229349191915101,0.033599649099238,0.03107312694040494,0.02822753366018049,0.0222574898585096,0.03536032133663322,0.022349366751352403,0.028143625468736215,0.028143625468736215,0.028072854890183872,0.027213733992888085,0.0492239082980823,0.02813220761681711,0.03734110776214315,0.033052675876006535,0.09786411737235907,0.03175890630961757,,0.022916468977232526,0.027981054268463205,0.03109970930575756,0.03109970930575756,0.03011175655241868,,0.0277045415158961,0.030577242314459074,0.028158872510818903,0.02822753366018049,0.02520215584361184,,0.025901785879692163,,,0.029514515467021787,,,0.05020972164663892,0.031058531456346673,,,,,,0.022349366751352403,0.03986840361927241,0.023148197141022606,0.025213573695530945,0.02844800087985889,0.026787776926830768,0.02581319085970509,0.02822753366018049,0.0222574898585096,0.025290286074940233,0.0015595364437151749,0.16430032808048142,0.025653872275030184,0.028846352438125875,0.027981380705380008,0.022201076222106972,0.029737563569403564,0.02882102937184089,0.025077672883377946,0.0808218540065249,0.02179286557141764,0.025130414580884067,0.052560280359682694,0.028674391387970396,0.04039969788601525,0.02855112270499737,
2015-03-01,0.04098058244174516,0.04438300389717948,,0.028996845995007226,0.039207485594558056,0.029509494851149308,0.03372094698950398,0.042272103582799515,0.036960347645016885,0.04186053153899099,0.028511225428525865,,0.03321527535899072,-0.0011076418843663422,0.029463101127390194,,0.03664627159666577,0.030027809389771433,0.025823958522389504,0.030200933571230063,0.02965450398293024,0.034983188560338545,0.032492375748345986,0.02269960884201375,0.04451198768865921,0.02482215772624293,0.02619691044955487,0.030014068041126794,0.021849014385791617,0.0313605509211394,0.03932196656150497,,0.03118210130619514,0.025857045682884792,,0.021828952685307216,,0.04049426039417603,0.029430225050297333,0.03260707305104271,0.029622032115788136,0.030307120437158087,0.0076449243735644285,0.04581656208125649,0.029970505159302618,0.03194899980863548,0.029718533976868914,0.031480761680896134,0.03242030048510101,0.03165499484987344,,0.026784217761740798,0.032855592244484706,0.03165499484987344,0.06736799891003797,0.027017580959851434,0.03165499484987344,0.03178535077271208,0.02629573803459735,0.032387719349272696,0.03241261739116118,0.032855592244484706,0.02561662822772618,0.026004153265657144,0.02143735906792422,0.03773903126558511,0.027464780038999045,0.030682916948737312,0.029104692521904132,0.03960412444011469,0.026899658456524256,,0.033304221870293145,-0.0009402982697891741,0.032855592244484706,0.03022171338325453,0.02852395245132893,,0.04669252750376963,0.028066757545741946,0.030043876281342443,0.03607962555390469,0.0381984514104281,,-0.010202163538453922,,,0.024102122187715447,,,0.05174723695837207,0.029193039545812836,,,,,,0.035332832970028115,0.00682068972716734,0.02615209973830387,0.0353359767453294,0.026717264034172877,0.04162894308518708,0.026638962611730058,0.01914647759494846,0.026270591701813586,0.03381356576712021,0.025272859303536063,0.15919893963456108,0.035440052245692834,-0.0017617435483465965,0.029270430050553475,0.0215933989451644,0.02669961242180698,0.03167546514888354,0.02747492815467106,0.10759774667696234,0.02622245012770094,0.03553697667746147,0.04155914886478926,0.0313605509211394,0.03154223458204331,0.03120429196001606,
2015-06-01,0.0357276251703843,0.028145579288931313,,0.027744189950411627,0.02938796950642506,0.02849407108423633,0.03327622314938179,0.02904708618833286,0.028296388956516528,0.028524585099307217,0.03518897370646272,,0.030575540204956158,-0.02753921476159098,0.028542524458141632,,0.028143190612518437,0.029709785314176496,0.030141484162159962,0.03317681664350319,0.02729359533775871,0.009899640348573229,0.027563611943507146,0.01906604249289154,0.0067344213952109785,0.030237013273624512,0.03370494165436478,0.027983048721077316,0.02395038861534885,0.021320351348055586,0.028653104147037072,,0.029971148994180977,-0.005341776217934437,,0.019409525502572165,,0.030464189595018645,0.02729359533775871,0.026151566153571396,0.028189902356829836,0.006640788163390921,0.0223326635099381,0.04077922297676675,0.027308364170411565,0.03073460132445731,0.029073446976968002,0.005522751492603898,0.03252274361407347,0.02869714898523293,,0.026382808528929026,0.02865497675924131,0.029971148994180977,0.0029642727957859306,0.025233162677630042,0.03513670232632725,0.028364515873872464,0.02609565825986793,0.033419445328879596,0.025773481536288223,0.028950917516174755,0.02837391740911735,0.026845843960025085,0.02729359533775871,0.0285350839384986,0.02834001010191017,0.030546271154082708,0.028603515753412866,0.05351989084665936,0.0267944089904285,,0.07010296138907071,0.03708521778852273,0.029028290469410314,0.029140719420152922,0.027650556718591564,,0.036530949626869494,0.02744384243203794,0.02880747724743964,0.018372881105337434,0.028746439666096503,,0.009180983408538127,,,0.028742909576121765,,,0.0013557207847665225,0.04504201792199276,,,,,,0.027165895144067694,0.03254652439171672,-0.007935647119427403,0.02777933799867032,0.02736684069825006,0.027836339028950725,0.02452841625995084,0.02772287707989801,0.026382808528929026,0.028118854178888996,0.012019217663034687,0.15020930486514464,0.027165895144067694,0.02647947972972965,0.026827768788176068,0.023653541091035388,0.028474168573569582,0.02714839474674462,0.029386220372827242,0.10447005823263104,0.027337681876597568,0.00995480342543176,0.03251952999861536,0.026545856175432224,0.02692118123946514,0.031534497376493706,
2015-09-01,0.037031580947979176,0.03528463537083356,,0.027736974098075535,0.03041642968238213,0.027870707657625993,0.05665963125725521,0.02852052142901613,0.029352966026883993,0.03619726086043693,0.027736974098075535,,0.028286700708837095,0.04313566095647424,0.05240166008625136,,0.02641032030793256,0.03525982285651199,0.027736974098075535,0.033623726600092885,0.01941107498956757,0.02664420303188054,0.02623680311519665,0.01812371569646171,0.025978616633284473,0.027691764304676587,0.028327255335117273,0.027239077432272104,0.025139045749713502,0.028059139838101956,0.042532280304467165,,0.029340583834845987,0.01746788463950307,,0.02816806088333082,,0.02726615548872712,0.027239077432272104,0.0595197378829856,0.027736974098075535,0.025128008775136178,0.027504175545521044,0.03824646466436833,0.028919158453889867,0.026886616886586792,0.026564451146560374,-0.027497976029096302,0.029402368149538432,0.02751824711194068,,0.026455530101331507,0.029340583834845987,0.03621361882189228,0.05372005064790866,0.018902993089850006,0.02751824711194068,0.0280218419303987,0.02516907703100322,0.03439465328167434,0.026455530101331507,0.027736974098075535,0.026564451146560374,0.028919041664365784,0.027169584470438404,0.02726991607390631,0.026564451146560374,0.0419664146986663,0.028690770063455842,0.047253877108900305,0.025978616633284473,,0.023880916233868513,0.030103553479514034,0.029340583834845987,0.0296930443805313,0.027736974098075535,,0.039076837299497506,0.07082644802662254,0.026907631901957083,0.024987379955267917,0.026589263660881962,,0.026410345265262262,,,0.031538696702649534,,,0.043546732996816516,0.028785893159957936,,,,,,0.025237797356417395,0.0280726399433656,0.025237797356417395,0.028411600383787268,0.026589263660881962,0.03856594105940721,0.025937548377417432,0.027796749558349185,0.026455530101331507,0.025283007149816343,-0.0163992857563878,0.15739482278458383,0.02641032030793256,-0.003102393489064063,0.027224980733801588,0.026151455232633746,0.03673827195635885,0.027412655297181426,0.030986433375917433,0.1218182798794913,0.025237797356417395,0.026963974151307475,0.05077977875286978,0.033978378859767955,0.0274784030661145,0.027239077432272104,
2015-12-01,0.03633488266663049,0.03372771476802305,,0.026642850180959434,0.026853995398839838,0.03372218458547059,0.06330964365087505,0.041495590691077854,0.029518520436315927,0.058067831861023864,0.02602276116103567,,0.035350861365685014,0.036929798708132414,,,0.05229263134981571,0.03339626744522117,0.02538210396654925,0.03864905066921194,0.03642779455856027,0.023558392436922603,0.03300902079831228,0.022321553243435235,0.02676894575828994,0.02045027405788865,0.037098241137517904,0.025936030133908886,0.022981626151897364,0.029796277588997822,0.08602663320026856,,0.03018352423590671,0.011998273160470951,,0.027645037649060112,,0.02602276116103567,0.028635585636736238,0.06879280395008847,0.02524265426325254,0.02567514058784096,0.02375200819918697,0.03607908780717776,0.03773262460626469,0.029415164256982904,0.024570868671747764,-0.0033705010219334734,0.02749656434160865,0.029337128525960387,,0.023420545197686285,0.026825195614318193,0.029015426718184828,0.12419794882005523,0.02961953094154375,0.029015426718184828,0.03220620114531881,0.023690352325527318,0.0324542474183201,0.023420545197686285,0.0269597691764334,0.02688628625745007,0.027769741595029443,0.029473984172513058,0.02466560600896268,0.02348427457418907,0.038671579046308274,0.029015426718184828,0.12865960685324493,0.03148736717094646,,0.09759425115615955,0.008956055328068483,0.031380351181753065,0.03050522604368227,0.025888626808507266,,0.043221603281830605,0.03464346284525024,0.023851703849883558,0.030148594672774844,0.030208347233483732,,0.022299000447863745,,,0.025432490455316245,,,0.016582133833090516,0.029902566532931364,,,,,,0.023420545197686285,0.02075407948440817,0.020484272356567135,0.029959874220256165,0.003915554284187257,0.027696129045208292,0.023810436352392095,0.035811496829848716,0.02574800648043281,0.025998852377966397,0.001597767756561501,,0.02781902489836345,0.053343887110120024,0.029038274123156075,0.017695504861888305,0.024560454483426072,0.026969327573804273,0.026969327573804273,0.08731486445497803,0.02396707436532053,0.03199447586783679,0.10267834988411477,0.03246719750967342,0.029842719875751298,-0.02199180716317369,
2016-03-01,0.053744920768967724,0.03481447531584584,,0.024077928490983804,0.031840451844653415,0.031799603443317614,0.04025784625854339,0.031840451844653415,0.03398163275156893,0.03946479441814647,-0.008041349655849843,,0.03225693101884084,0.018893113407733437,,,0.03948083976865778,0.02804448466596475,0.023337471599813333,0.03056221994564372,0.028206330337358854,0.028046974315333466,0.028459755349393625,0.02404170837202618,0.023350108348633585,0.029617295637382357,0.023337471599813333,0.031799603443317614,0.02313630177317528,0.03031484966955264,0.045248124383918197,,0.029052294597287368,0.02201496316723429,,0.030246571470911504,,0.022755420058404755,0.03190873004329456,0.023662630795864514,0.023337471599813333,0.024077928490983804,-0.020113124482405716,0.03201676203391919,0.0246119720380043,0.030632640421382147,0.023337471599813333,0.01754162261140859,0.03224926115506737,0.031840451844653415,,0.023337471599813333,0.029874657053889395,0.03094151760536536,0.06118536055416648,0.027613971211477663,0.030943349354103734,0.031799603443317614,0.02201496316723429,0.0306002001258058,0.023185832098342803,0.031358620037532606,0.02804448466596475,0.02712968254774618,0.03020639276958939,0.02336523241449755,0.023337471599813333,0.04013035962545207,0.031358620037532606,0.07360533005735247,0.02861734246303253,,0.05369130688456851,0.025184759004384702,0.031358620037532606,0.034788976658137086,-0.00740824659942595,,0.033090663441990485,0.06364221492109903,0.0319304559665401,0.023337471599813333,0.031840451844653415,,0.02712968254774618,,,0.03306535317109408,,,0.0008721759267691976,0.030456213584690892,,,,,,0.024077928490983804,0.032382687792788634,0.023337471599813333,0.03084003774308022,0.027228697263878117,0.045888341490234914,0.02489620554243915,0.030244938336389436,0.023337471599813333,0.02804448466596475,0.015053478507355632,,0.024077928490983804,0.12200999999581914,0.030075262049133196,0.029912485739589784,0.02312804721665731,0.023477253188740586,0.023372380576145952,0.025498729381797387,0.023337471599813333,0.03177067619881453,0.02637196083568112,0.02804448466596475,0.04833543925157654,0.031840451844653415,
2016-06-01,0.03670291749545645,0.03197514205314048,,0.02562372205206921,0.028419410920272524,0.02488444749793946,0.06039269152748717,0.03209846299398886,0.02963456229034015,0.026721457659068255,0.02439039671714429,,0.02826034023988718,0.03595367028862726,,,0.02840950758337061,0.032016155646614655,0.026914350651259886,0.04484640160463374,0.031933623458349075,0.024578654270261017,0.025256934122503762,0.021987274997951802,0.024578654270261017,0.024723131638684462,0.024749043880841853,0.025066272559184526,0.02806287153583394,0.017291092588709856,0.029208358306632144,,0.032016155646614655,0.023842286687195655,,0.028616879624325766,,0.02562372205206921,0.028616879624325766,0.026195368321822076,0.024749043880841853,0.02439039671714429,0.030145412725486195,0.033854873050069595,0.023842286687195655,0.028616879624325766,0.02488444749793946,0.04458096789956384,0.028419410920272524,0.028616879624325766,,0.02572028041765527,0.032016155646614655,0.032016155646614655,0.00603151043783766,0.03223285123965648,0.026256471134758333,0.027750342218966294,0.02439039671714429,0.026040991324605852,0.06122672647552354,0.024560786327725126,0.025580595292718097,0.02755287351491305,0.031858405254609416,0.026195368321822076,0.024114884365457053,0.03530405218589348,0.028616879624325766,0.06439633046235119,0.027151110565343597,,0.057701741592591366,0.03150186587017085,0.032016155646614655,0.028616879624325766,0.02562372205206921,,0.0412369436757461,0.0014751423985036062,0.02755287351491305,0.028419410920272524,0.028616879624325766,,0.02755287351491305,,,0.02826034023988718,,,0.01116605528442455,0.03155215351796912,,,,,,0.024749043880841853,0.043749814987188204,0.02439039671714429,0.028616879624325766,0.03150186587017085,0.005599792077506638,0.024578654270261017,0.028419410920272524,0.02572028041765527,0.024714057887358625,0.013800137243473933,,0.024714057887358625,-0.004802162446258292,0.027566008404442496,0.02826034023988718,0.024578654270261017,0.02689670038375218,0.025721453769026764,0.04157731176481939,0.024578654270261017,0.024849732096515826,0.04693842793081975,0.03213289244514572,0.02602497871124124,0.028419410920272524,
2016-09-01,0.03830986111793994,0.02867321889180501,,0.027094432842230853,0.027671412870414427,0.027397352419644746,0.029864698295245354,-0.008155003251429632,0.030005892088187627,0.039919413176011,0.023592482325191583,,0.028288956763296565,0.02650943181280342,,,0.02555242942166889,0.02863747007601051,0.02858580642744516,0.04868741297138986,0.027304119557247798,0.00531668661099112,0.023592482325191583,0.02222055319609635,0.023592482325191583,0.027159573365493923,0.023592482325191583,0.026020764119484913,0.023592482325191583,0.027814262282342395,0.03214781644173278,,0.029473069874732777,0.023592482325191583,,0.027397352419644746,,0.02501871538714282,0.026020764119484913,0.02538389603250812,0.027094432842230853,0.02692699883505478,-0.022440298033128574,0.03198513664999981,0.023592482325191583,0.027671412870414427,0.02501871538714282,0.03705079529172545,0.028700903236829275,0.027397352419644746,,0.02543562524984047,0.029473069874732777,0.027397352419644746,0.05089153479998443,0.04577212377122509,0.027094432842230853,0.023592482325191583,0.023592482325191583,0.027953696613294114,,0.02863747007601051,0.02501871538714282,0.028288956763296565,0.027304119557247798,0.023592482325191583,0.027094432842230853,0.03837615957646501,0.029473069874732777,0.0693487234320901,0.04534058210925551,,0.07147216522841889,0.04530839818695173,0.026079916733652883,0.027397352419644746,0.027094432842230853,,0.03024227322382349,0.0418236229103564,0.028288956763296565,0.026020764119484913,0.027671412870414427,,0.026020764119484913,,,0.030482242188127492,0.026020764119484913,,0.019218400051005113,0.028683322528165967,,,,,,0.024009392187889233,0.03167995463595586,0.023592482325191583,0.026020764119484913,0.027304119557247798,0.011109740113084408,0.023592482325191583,0.026020764119484913,0.02692699883505478,0.02501871538714282,0.019853979146192986,,0.02555242942166889,0.052681285312175787,0.023592482325191583,0.027671412870414427,0.026978662483620127,0.02538389603250812,0.027325970033626464,0.0615089264781669,0.026020764119484913,0.02538389603250812,0.04182857036153197,0.029473069874732777,0.023592482325191583,0.024009392187889233,
2016-12-01,0.04402122186037546,0.026045440206531392,,0.020769456994930362,0.026046825260294424,0.02405918294323884,0.026491298746227385,0.02546021525801117,0.03525539332201855,0.030615366500797273,0.019981592537980528,,0.02548525914620202,0.03395084435246213,,,0.022431931029918258,0.023087675095330364,0.020769456994930362,0.04036277507860019,0.025954798621627966,0.019772760970816813,0.020099012265977084,0.0348861790770096,-0.013247350858898154,0.021763513990962803,0.020142433766746733,0.024847047400188674,0.019981592537980528,0.024847047400188674,0.018895250563725766,,0.024847047400188674,0.019981592537980528,,0.024847047400188674,,0.019981592537980528,0.024930239490623906,0.05663847075548845,0.020812878495700012,0.022431931029918258,-0.031223753227248886,0.019981592537980528,-0.01968721847304051,0.0267011842719435,0.020812878495700012,0.012861807912197504,0.023343124360783715,0.02131673031401077,,0.020812878495700012,0.024847047400188674,0.024847047400188674,0.03796151486663525,0.02263088008400041,0.02405918294323884,0.019981592537980528,0.020099012265977084,0.028385147118323423,,0.020769456994930362,0.020812878495700012,0.024811072862142222,0.02553142706593989,0.020604046928536297,0.020769456994930362,0.024314305247850988,0.024847047400188674,0.027804984248349707,0.035912100791211016,,0.022840248842098062,0.026940555190159258,0.024847047400188674,0.024930239490623906,0.022431931029918258,,0.025913319814993663,0.023558332399828966,0.02446592261643397,0.02405918294323884,0.0267011842719435,,0.0241926883885396,,,0.025026123197412136,0.02457379077432159,,0.022840248842098062,0.026419726154039064,,,,,,0.020812878495700012,0.019772760970816813,0.019981592537980528,0.024930239490623906,0.021672872406059376,0.026795310051952903,0.019981592537980528,0.024401519955703315,0.021806935491732453,0.025308879405008585,0.014140301906772335,,0.019981592537980528,0.055877483999114366,0.019719763428945637,0.025509491223440373,0.014817660158467449,0.023276930354906643,0.0348392712587214,0.012721253377348595,0.024930239490623906,0.022840248842098062,0.019880147797287966,0.024847047400188674,0.019981592537980528,0.018895250563725766,
2017-03-01,0.02141497051688784,0.022609087358587188,,0.02048659989390378,0.020987777217260518,0.022181894058959865,0.022410978356100036,0.022609087358587188,0.023097819318200985,0.0245950753339766,0.012455710399793318,,0.028610934235789868,0.0117175649919634,,,0.009264879648927063,0.02048659989390378,0.019888608008535827,0.024843335075754498,0.022609087358587188,-0.014741054165483474,0.02048659989390378,0.017855269158184972,0.02029304522921434,0.02048659989390378,0.019888608008535827,0.022609087358587188,0.019888608008535827,0.022609087358587188,0.02226618879789515,,0.022609087358587188,0.019888608008535827,,0.01818041827671896,,0.02048659989390378,0.022609087358587188,0.02098753146820599,0.02048659989390378,0.02048659989390378,-0.00888181614541579,0.019888608008535827,0.019304682666892847,0.022609087358587188,0.02048659989390378,-0.0049712560003991905,0.02262548093697238,0.022609087358587188,,0.019888608008535827,0.022609087358587188,0.022609087358587188,0.03610334146102559,0.02029304522921434,0.022609087358587188,0.022181894058959865,0.02048659989390378,0.029981907776754576,,0.022609087358587188,0.019888608008535827,0.0245950753339766,0.022609087358587188,0.018610196427901196,0.02048659989390378,0.024385723536925377,0.022609087358587188,0.03761075377471791,0.024613382479760804,,0.05047110722928391,0.025140144863714957,0.022609087358587188,-0.02720276127785114,0.02048659989390378,,0.02029304522921434,0.032300429046907275,0.0245950753339766,0.0207835392214203,0.022609087358587188,,0.020987777217260518,,,0.026928085434476723,0.022181894058959865,0.03096790371363323,0.019304682666892847,0.02164768474880352,,,,,,0.02048659989390378,0.018610196427901196,0.0154599389266676,0.022609087358587188,0.024083395697928375,0.02403530227943263,0.02029304522921434,0.022181894058959865,0.019888608008535827,0.022609087358587188,0.0219456163286621,,0.02048659989390378,0.023939893031754995,0.019888608008535827,0.022609087358587188,0.017753224977091638,0.022929292542024172,0.02098753146820599,0.09064314959455769,0.0207835392214203,0.023085850305787803,0.028090105342758208,0.023314596726548068,0.018610196427901196,0.022181894058959865,
2017-06-01,0.02216620370264366,0.021155554333987026,,0.01790727181653351,0.021155554333987026,0.0225741358782908,0.021212726547976964,0.021155554333987026,0.021668527653679805,0.022200940894006586,0.013586309628017613,,0.012074806361924742,0.01566262630426835,,,0.021155554333987026,0.01790727181653351,0.019358605566406055,0.026317730877984825,0.021155554333987026,0.017683070685195864,0.01790727181653351,0.01592396059062516,0.018009627282650858,0.01790727181653351,0.017958307874436037,0.021155554333987026,0.017958307874436037,0.022632613446131537,0.021155554333987026,,0.01790727181653351,0.01363734568592014,,0.0225741358782908,,0.019358605566406055,0.021155554333987026,0.019387935939779107,0.017958307874436037,0.01790727181653351,-0.021709922542908718,0.01790727181653351,-0.03348427617421362,0.021212726547976964,0.019358605566406055,-0.009913370206648339,0.015816248994762725,0.021155554333987026,,0.01790727181653351,0.021155554333987026,0.019417083134246792,0.048479949214146244,0.01781677505532424,0.019417083134246792,0.017958307874436037,0.013586309628017613,0.015816248994762725,,0.01790727181653351,0.019417083134246792,0.022120675464752722,0.021155554333987026,0.017958307874436037,0.01790727181653351,0.021155554333987026,0.021155554333987026,0.03576906396375671,0.02085023377066714,,0.01781677505532424,0.01617516276766413,0.021155554333987026,0.021155554333987026,0.01790727181653351,,0.026089340317422164,,0.022200940894006586,0.020496124956180032,0.021212726547976964,,0.020496124956180032,,,0.02143981922498386,0.021155554333987026,0.03477710993085592,0.017958307874436037,0.02045752747412695,,,,,,0.01790727181653351,0.019387935939779107,0.01790727181653351,0.021155554333987026,0.020496124956180032,0.019776671234358088,0.0173687312561979,0.021155554333987026,0.01790727181653351,0.022632613446131537,0.010690149208752508,,0.019417083134246792,0.0395300866679711,0.01790727181653351,0.02055329717016997,0.017958307874436037,0.02045752747412695,0.021696807864476968,-0.017248310948686556,0.020496124956180032,0.02158163539440795,0.023082188003289417,0.01790727181653351,0.018009627282650858,0.021155554333987026,
2017-09-01,0.013838896944369062,0.024556066409582362,,0.019533068482680292,0.01434628261516068,0.012994941443818839,0.0327883666102935,-0.004065656542518326,0.026151437890169764,0.02844193524023845,0.009271276687116768,,0.01172952856015265,0.03335755344770372,,,0.010498668489222103,0.018305676680574964,0.02059058426214303,0.013009262056805797,0.019220486486095548,0.07971684256127806,0.009271276687116768,0.015109690789158574,0.01428689745125299,0.009271276687116768,0.01520780736032319,0.022644972068181213,0.014980630847170877,0.02049954903355399,-0.047784740687519235,,0.01826891475455973,-0.007292358190649901,,0.02260821014216598,,0.02260821014216598,0.02055163951332206,0.008005293368990316,0.02055570873274967,0.009271276687116768,0.04177602845292595,0.01199302770363633,0.008594155904747644,0.02260821014216598,0.020518946806734436,-0.019478795269266415,0.017281745806621573,0.021390724306939737,,0.020518946806734436,0.022624329624389483,0.01826891475455973,0.10922256153278828,0.009605393545035455,0.018305676680574964,0.01752947686790649,-0.11903777493035561,0.02659313183219962,,0.018305676680574964,0.02055570873274967,0.023275578520905338,0.01925151478765693,0.017162414644209402,0.01826891475455973,0.00710608173272541,0.01826891475455973,0.030967268638527848,0.01596788778378289,,0.04311084658142722,0.024170719151924463,0.02393048357980127,0.024449977324194343,0.018305676680574964,,0.027985679593482988,,0.023709459989125648,0.02055163951332206,0.02113365883149179,,-0.011299966285639996,,,0.017433295820008497,0.020557015687391114,0.05099376748020815,-0.009016715425943176,0.020778567809111637,-0.0019371710396026652,,,,,0.0070404698069847504,0.05071506847626033,0.010581646855901324,0.02055163951332206,0.017620842537338536,0.003084461941561695,0.01479372943490429,0.01927215723144866,0.01826891475455973,0.019533068482680292,0.020702622898393995,,0.010498668489222103,0.28769289190850506,0.007275758932790297,0.028465880031784515,0.033580324002269596,0.018915006918484082,0.018705195789750672,-0.1383259036995337,0.021785910368620962,0.014188871820639493,0.05056434481848848,0.029383266204273593,0.013645292772213102,0.02095020658874375,
2017-12-01,0.03826205411399611,0.02971964432792136,,0.01939130614582706,0.02306203054527231,0.021949066612499953,0.022698411014214537,0.025386033869136567,0.023123663938937052,0.029352164156174438,0.019305365896143976,,0.027250859382072348,0.037587179998411976,,,0.02007115392300298,0.021196410040596903,0.019305365896143976,0.042749502819018695,0.030796648322980888,0.0671035665346051,0.019305365896143976,0.009905857252227137,0.015716692494338973,0.0303824988539017,0.01480732840058074,0.025143110482835407,0.01471231289594119,0.025198041526079965,0.029557865329781885,,0.019305365896143976,0.006634732799995264,,0.0252588623713431,,0.02176107426944335,0.025622481902400872,0.040548982118404624,0.020564123984988376,0.021196410040596903,0.05286280455824956,0.007712686752449729,0.03586943429405541,0.025502773477586047,0.02032767595172407,0.021507078396570282,0.021579337850790505,0.017665560827254147,,0.017579620577571065,0.025143110482835407,0.03209285956549159,0.01602762007008949,0.006760386717056509,0.013548570311736346,0.014570880367316439,-0.005515306000396352,0.026310615885911746,,0.019305365896143976,0.019866608318026474,0.024841750270701374,0.021735700064551357,0.014570880367316439,0.02078766629590471,0.024441807866687842,0.019449090655857346,0.011209989423709932,0.01927222802561316,,0.02031621589636164,0.03813145837047546,0.02534480262102618,0.02533110282589201,0.019305365896143976,,0.04549577675135014,,0.02590230114780302,0.022185514645764258,0.026118946942713103,,-0.003472578395224603,,,0.027294436658687204,0.0026572017006178334,0.032412987844842804,-0.013012499688292116,0.017574762913170023,0.007581833133385276,,,,,0.008389671250127729,0.07372273209513729,-0.004849164755272244,0.02200399765574451,0.014656117793922466,0.010560810225549711,0.01560729128249827,0.02176107426944335,0.019305365896143976,0.00953393860941595,0.04677237491574534,,0.014109812733618846,0.1457438253799456,0.013548570311736346,0.026118946942713103,0.0073516202757710255,0.016063912659276557,0.01743004024760881,-0.011585973644614752,0.022185514645764258,0.014300441042364088,0.03342146142456949,0.01950991150112048,0.01480732840058074,0.025386033869136567,
2018-03-01,0.023497312975001742,0.026711518263047743,,0.020326798920448377,0.02408445587152254,0.018268171331668245,0.022059618729062418,0.03306721921821974,0.022201151848845982,0.0555298239912184,0.019656857854623695,,0.025921363656124227,0.040632853090658984,,,-0.018090616181001867,0.010401235022871354,-0.006795266955656973,0.025182829622471127,0.02535032009588558,0.03610545396201627,0.027129488436771737,0.020169627135695686,0.015366722709557476,0.026098919223909983,0.018268171331668245,0.02408445587152254,0.02240316153633992,0.028009477946928343,0.01699093825969346,,0.022367422380397253,-0.0024480927710669336,,0.02514709046652846,,0.022059618729062418,0.026561480759284974,0.01979839097440726,-0.020896287255185345,0.027129488436771737,0.054576415979591314,-0.043075310628461344,0.0023415855922144014,0.025088343483774478,0.0002678470733012843,0.04225739237539427,0.021026631188797572,0.014519131093079896,,0.01812663821188468,0.026711518263047743,0.02408445587152254,0.00240270713889361,0.025386059251828248,0.011098817119724389,0.02072373885644663,0.02072956501482059,0.044587682182634925,,0.022367422380397253,-0.006583660329631469,0.026724605738585268,0.02643180936486656,0.01490778632037017,0.022367422380397253,0.027009234031101514,0.02514709046652846,0.013958164721788013,0.0020495673930845393,,0.02084141417389326,0.0288136839084418,0.026973494875158845,0.022367422380397253,0.02072956501482059,,0.030080452881748265,,0.023805287086478746,0.02535032009588558,0.02514709046652846,,0.01693552609145863,,,0.027213615021669135,0.022367422380397253,0.0286837376241595,-0.011496117219475856,0.02055576321502423,0.02604188937641299,,,,,0.02072956501482059,0.037853596935041124,0.013836503066818485,0.02514709046652846,0.02535032009588558,0.024786707704144803,0.019997065880070965,0.025386059251828248,0.01812663821188468,0.02482298990517564,0.019925913449105145,,0.006160450854358771,0.07404540896539416,0.01812663821188468,0.02397256980648005,0.021026631188797572,0.020059745447371158,0.01219864570124181,0.12368152501676448,0.022367422380397253,0.02560348023026774,0.01157248946803824,0.012802097601954596,0.00870284655322561,0.02397256980648005,
2018-06-01,0.030514537136735038,0.011440467112732586,,0.010752958328457489,0.015351576022755097,0.020936732710192005,0.012746076449894624,0.015713999646097775,0.02424260028122631,0.03822020985392626,0.028886900454777945,,0.02633411427645896,-0.023335321395770405,,,0.011684564900786322,0.010764542429373273,0.01824915872234757,0.019360801003325524,0.019925760620843013,0.06745299560795061,0.011338834898955139,0.04347301468039796,0.0020226535796267742,0.011338834898955139,0.014749656457591383,0.019239343791847767,0.015040767108268393,0.017780455871978327,0.014348574843841427,,0.015148773249930416,-0.02452805996286588,,0.015713999646097775,,0.020034181372268894,0.0237683178932605,0.028320579797797788,0.013218874203376089,0.005746891817454449,0.014745257577449216,-0.014148130022254905,0.012962144028553469,0.020758903035344892,-0.017611628068523448,0.02633218064426566,0.021709616644212865,0.009788850743436519,,0.018223654264253663,0.020173026464847248,0.00811648340523182,0.07239470665745212,0.016979450152051052,0.025623600803919983,0.0194280863645064,0.00671972882111642,0.035452543846621234,,0.011684564900786322,-0.005530091765470433,0.026424303119851954,0.04924178532272193,0.01577254643386459,0.02726650138851898,0.019762207704046166,0.02004631183365344,0.03011498775997151,0.02057727242189766,,0.026916054243360497,0.009903548322116902,0.02018461056576303,0.022469850121071402,0.010752958328457489,,0.0178388835281244,,0.02563542786011529,0.023055726691569047,0.02095849335378387,,0.01575450495730388,,,0.024157206246929193,0.013218874203376089,0.023862542997162083,0.009859306385189033,0.02072502676772552,0.010697579807062225,,,,,0.011338834898955139,0.02225330785438162,0.004049676601036871,0.0237683178932605,0.012731661154077785,-0.0006864888822120372,0.007538088767866566,0.02057727242189766,0.017758210001139828,0.020034181372268894,0.03617034591893733,,0.03253840978390941,0.09318460544106551,0.01143011830289951,0.02117551034778013,0.016137042911691723,0.014266688396268247,-0.009099077230071207,0.03554840490811177,0.015342509944660212,0.017289380092015336,0.04402632500034993,0.00742971487048475,0.0043177816098483495,0.023182441322762856,
2018-09-01,0.073196313207925,0.023237653567137716,,0.016566382067970866,0.015014609349580387,0.018810947796443628,0.016566382067970866,0.021123318281057974,0.01943948558944214,0.03609358424668769,0.024958494693266553,,0.019515753150335925,-0.0005833436055969507,,,0.021713068087059816,0.025257914046027556,0.024578541835383386,0.02396915103352314,0.023742838394222084,0.0010082733698387142,0.015014609349580387,0.045223144129769965,0.011895174211007538,0.023622085334865088,0.021713068087059816,0.019515753150335925,0.015014609349580387,0.018548881637580047,0.011938045517085431,,0.016566382067970866,-0.03033083191743357,,0.018548881637580047,,0.016566382067970866,0.019515753150335925,0.015014609349580387,0.016566382067970866,0.02221958514723895,0.00784903943572325,0.015014609349580387,0.01587106487387261,0.021067525868726417,0.0141099905871837,0.030306089553045163,0.02505025744483376,0.023713514804777586,,0.016566382067970866,0.02383254223790828,0.014047737836824514,0.023333003385290232,0.02487897665094105,0.023264840805450306,0.015204017276971288,0.015049912266779765,0.042304022498941336,,0.016566382067970866,0.015014609349580387,0.025753033477223297,0.04769496026372491,0.015014609349580387,0.024644839062025393,0.022126941861002624,0.017353398814987972,0.042901272760457375,0.019515753150335925,,0.021409547413123613,0.029906910405787822,0.021067525868726417,0.02386306105341582,0.024958494693266553,,0.022578606601121137,,0.018447494149418504,0.01969875166137852,0.021067525868726417,,0.01769852320161844,,-0.008342803773869095,0.022868102455873066,0.015014609349580387,0.019402561887059452,-0.0017515586765351997,0.019461880511575224,0.012935468281331505,,,,,0.015014609349580387,0.023106382849694563,0.012464388497200031,0.01943948558944214,0.023467799441078258,0.015893613631492273,0.015471030483130128,0.019515753150335925,0.016566382067970866,0.02368170532018435,0.045223144129769965,,0.015014609349580387,0.07024944653846364,0.021713068087059816,0.019515753150335925,0.02125052437976901,0.018117928225447645,0.015014609349580387,-0.001066569659440708,0.015204017276971288,0.021713068087059816,0.023133986149352966,0.024958494693266553,0.015014609349580387,0.01969875166137852,
2018-12-01,0.07349457223871993,0.023557544608258926,,0.024766449643284064,0.01689691316018094,0.01710878697562251,0.023345572765840306,0.018283342935539834,0.019583613081645385,0.031059655528553838,0.024766449643284064,,0.021004489959089143,-0.002600416339097335,,,0.024766449643284064,0.024766449643284064,0.024766449643284064,0.02481041622672266,0.023389539349278902,-0.014031372731867041,0.017064918419160965,0.05581730527826371,0.01566471157718964,0.017064918419160965,0.017064918419160965,0.019583613081645385,0.01689691316018094,0.021238803602931042,0.010143420750992222,,0.0183177900376247,-0.006590740871314986,,0.02042918479005327,,0.01689691316018094,0.021004489959089143,0.02351357802482033,0.0183177900376247,0.024766449643284064,0.014480832048278078,0.023345572765840306,0.03036280453834067,0.021004489959089143,0.017954358684030395,0.024659038777956582,0.021163090893673304,0.0183177900376247,,0.0183177900376247,0.021004489959089143,0.02419114447424819,0.024287664427450697,0.024766449643284064,0.017064918419160965,0.01689691316018094,0.019583613081645385,0.061963924713649775,,0.0183177900376247,0.0183177900376247,0.024787026381765203,0.04313328306038867,0.01689691316018094,0.021194837019492447,0.023557544608258926,0.0183177900376247,0.046181299016005914,0.02481041622672266,,0.02351357802482033,0.02481041622672266,0.021004489959089143,0.01852966385306627,0.0183177900376247,,0.015092491880030518,,0.020951217078231735,0.017064918419160965,0.021004489959089143,,0.019583613081645385,,0.0008253431944063847,0.021004489959089143,0.01689691316018094,0.04854382811270325,-0.04468599256548291,0.01571263663330756,0.020951217078231735,,,,,0.01689691316018094,0.02351357802482033,0.01689691316018094,0.01975161834062541,0.024766449643284064,0.06365750408433625,0.03555126484178762,0.019583613081645385,0.0183177900376247,0.01689691316018094,0.04637476606955688,,0.01689691316018094,0.06280200211257796,0.01689691316018094,0.021004489959089143,0.019583613081645385,0.019161106756057672,0.01689691316018094,0.04291031943133146,0.01975161834062541,0.023345572765840306,0.029738075491418037,0.02419114447424819,0.01689691316018094,0.01975161834062541,
2019-03-01,0.06912965062582586,0.024008784171605055,,0.02687094358892479,0.023112681789495097,0.022454736768878186,0.02372691876985071,0.02649776666986545,0.026077240983473908,0.04918001812592765,0.024776551167662933,,0.023762467514530677,-0.02276469484601159,,,0.026077240983473908,0.026077240983473908,0.021119330932972007,0.026895605099078037,0.0691656680270246,-0.027998472726526627,0.023193399451971474,0.037037598139183746,0.023685752945942565,0.026077240983473908,0.019564687032119,0.02141214530090748,0.02343971610904585,0.025523485358050095,0.06491021511997715,,0.02656974045236896,-0.01155849588846616,,0.023762467514530677,,0.023193399451971474,0.023762467514530677,0.023193399451971474,0.023193399451971474,0.023193399451971474,0.019965304141371636,0.01953617921728055,0.025235288336743475,0.026077240983473908,0.02649776666986545,0.06278558051089722,0.022812693564246925,0.023762467514530677,,0.01953617921728055,0.026232698420072448,0.023193399451971474,0.02782434879319859,0.052742852302460876,0.026077240983473908,0.020871585053186727,0.02850692977124401,0.11152153178179967,,0.02687094358892479,0.019564687032119,0.02598475341810713,0.03215478235289587,0.026827810554235602,0.026077240983473908,0.02608736736964837,0.024911694966732442,0.04248448696162519,0.026895605099078037,,0.07550420030303812,0.02649776666986545,0.023762467514530677,0.023762467514530677,0.023193399451971474,,0.01846145846667434,,0.027776322374084363,0.023762467514530677,0.023762467514530677,,0.02144065311574593,,-0.0013754767478002508,0.05460081772403469,0.023193399451971474,0.04229121119333613,-0.01474022308494852,0.02436613032045773,0.05076162732279161,,,,,0.023084173974656647,0.023193399451971474,0.034632128949791716,0.02687094358892479,0.02649776666986545,0.05733859281144406,0.024323188770480536,0.02365324203721585,,0.023193399451971474,0.037037598139183746,,0.023084173974656647,0.08616689460611471,0.026077240983473908,0.023762467514530677,0.020133755094678202,0.030584561075387498,0.017235681314407798,0.10925755327316967,0.023193399451971474,0.026619416495582304,0.03946815912117208,0.02649776666986545,0.02599652332099753,0.02687094358892479,
2019-06-01,0.07563277433658563,0.009565572995599148,,0.017256690878137217,0.020288513592339654,0.024767623715928534,0.024767623715928534,0.024767623715928534,0.021435956735197076,0.02901366490171142,0.028780729386562752,,0.024792774365469537,0.01758980489551315,,,0.020593646686043854,0.02510549673658916,0.026140243670410037,0.021661133546821157,0.02187121622245062,-0.03114059700786105,0.020288513592339654,-0.13227318204542368,0.018887888644030865,0.02025577366538323,0.021410806085656073,0.006100973884733639,0.021410806085656073,0.024268879336017447,0.08342696175681978,,0.02025577366538323,-0.0016519509663054802,,0.024792774365469537,,0.024767623715928534,0.020313664241880657,0.020288513592339654,0.021410806085656073,0.02025577366538323,0.029610844609748728,0.02025577366538323,0.02475176246049218,0.02028092431492423,0.026140243670410037,0.0807067740895257,0.02140295179829761,0.01920249079288454,,0.017256690878137217,0.02028092431492423,0.026140243670410037,0.015323290509826469,0.02162839361986473,0.02510549673658916,0.024767623715928534,0.018887888644030865,0.07953672264283793,,0.024767623715928534,0.028780729386562752,0.026568787528193687,0.027582965758583555,0.021410806085656073,0.02510549673658916,0.021435956735197076,0.02028092431492423,0.0170583982549132,0.020288513592339654,,0.026806149658460635,0.014305028292346566,0.01728184152767822,0.021435956735197076,0.02025577366538323,,0.044322828028644456,,0.02510511351822138,0.021435956735197076,0.01728184152767822,,0.021435956735197076,,0.029896838152368498,0.02028092431492423,0.017765596150714446,0.019639480349477132,-0.024760810368120403,0.025486552633709247,0.01729013020048947,,,,,-0.012350752512907678,0.020593646686043854,-0.009659863009661936,0.021435956735197076,0.02162839361986473,0.07071333065730781,0.01729013020048947,0.020313664241880657,,0.02510549673658916,0.021749629193509933,,0.024767623715928534,0.02041874845422804,0.03211810234771108,0.020313664241880657,0.021410806085656073,0.01729013020048947,0.025073744631038113,0.02210265666831481,0.021410806085656073,0.021435956735197076,0.04284778714667098,0.024767623715928534,0.018887888644030865,0.021435956735197076,
2019-09-01,0.03208503242607791,0.0120810051078181,,0.015128795909992804,0.014311548511808296,0.020816889745665524,0.03110968717380177,-0.11163468634978345,0.021364040142070762,0.03758390762534335,0.030580400610564315,,0.0030289885051570076,0.04795933594444124,,,0.028180061410061484,0.030105379034891376,0.030434858452719517,0.017388671873118156,0.02950527866891836,0.09654043653236367,0.013832285636167608,,0.01231985171062204,0.016169196678167384,0.019152683136820267,-0.030715868259642492,0.017069541159545266,0.017153354227521293,0.08955572301611986,,0.026007521391861358,-0.08567433086581511,,0.030302020374386854,,0.014307867844088272,0.015436346171137788,0.013747892278281052,0.02122883553076032,0.01856027907917106,0.02223645370041822,0.020764590136508613,0.0406478226460845,0.016511521413869315,0.023410326190188714,0.11899097267932908,0.01198121673318356,0.021275495813812335,,0.019008687948526358,0.017722804752050313,0.035303138130026585,0.011198022623395592,0.024867934001491687,0.03264891669756763,0.016835227348918024,0.03785055857132646,0.1310386932420874,,0.027547429656523882,0.02323457834638363,0.034846346219841826,0.01893961861703148,0.01940180307631695,0.027442385475719352,0.022532788260766462,0.03055872545631011,0.05706934488287439,0.01633979608241156,,0.008228986023930197,0.03342923442077324,-0.0035420125494186926,0.028571839260481985,0.006947529949838844,,0.027584216995683836,,0.022997471234878216,0.013284734954201944,0.020557787989170122,,-0.024572046892143967,,-0.03833967975178187,0.03125916587545986,0.008529913569761164,0.007518784762159054,0.012785669264021299,0.0388033270213849,0.015338227747113608,,,,,0.011127613244417115,0.027221355303252696,-0.034260973366409,0.020051435382896308,0.029371742906800613,0.0168412731453461,0.022455298275632262,0.01580229646860015,,0.030070492045320883,0.021002153336572165,,0.018072491809488687,0.06885288460476974,0.012454451947786738,0.020911253510165182,0.018590890791466454,0.01915810782665599,0.014760119735554435,-0.021295442271450863,0.008027573608302157,0.019152683136820267,0.10931995484531228,0.023853898552067116,0.01633935537788271,0.018397669481917307,
2019-12-01,0.0449982566535321,0.03838589725478844,,0.000510432337907548,0.019772506477061046,0.0014142230075657903,0.015194281080333702,0.009734747762251151,0.03786858681371573,0.05234926809769309,0.032879159632590575,,0.02574515817799814,0.02811051613904984,,,0.027905515405842955,0.03566347485608453,0.026929726132649708,0.048672595000145445,0.01163497512098537,-0.0620685722460358,0.02208183820979375,,0.015371383283234735,0.036470067243920115,0.035402395853240086,-0.01904553999086152,0.02305544864409186,0.023617378386347237,0.11524011280074356,,0.03147566001128081,-0.05252220623616589,,0.03003044922015973,,,0.021148729183406562,0.03673989410401166,0.025217483021453508,0.0034222116214490225,0.07772766196371445,0.031216088681138118,0.04226561260509405,0.02054284651387412,0.029205064575266913,0.14063545372261968,0.027693122820873668,0.031949056628941735,,0.015488032314878396,0.02690001926336366,0.024503840435418447,0.06356575554372984,0.03380483629309377,0.02307911238848064,0.01514752354936826,0.04469492995591389,0.03892846735016814,,0.02821023642164249,0.025992753487768323,0.03699581662314,0.026491879514656508,0.02539227745838002,0.02468161811046583,0.035918562443217,0.011496011731430842,0.07801594871953141,0.03540422606385751,,0.04112488691892935,0.04521430021078085,0.025366247229444642,0.03353814123606968,0.012517955189188362,,0.07346701568311341,,0.030255689718493333,0.02065081295204396,0.018071387658516555,,-0.0025565337221799996,,-0.04910852174565869,0.030313563679348336,0.017736418436740002,0.018798542256218593,0.032075966231055776,0.030185212372500148,0.0230442803611698,,,,,0.01290567154917467,0.026412588495078958,-0.017355694327102985,0.02133471312135618,0.02874312588512279,0.09265120244536516,0.00735410738345094,-0.03236724045220046,,0.015133581446498028,0.015763665008376723,,0.03532471768346624,0.09539171062141287,0.021791659254603097,0.027415192271517102,0.017543437430384102,-0.015387237908466493,0.030894208319918563,-0.010034714441235262,0.017894770312948487,0.028465513920714607,0.08109329733034461,0.03147566001128081,0.018761872729948486,0.025431051565750578,
2020-03-01,0.03327868348076928,0.03275388863191367,,0.0030369820850805643,0.022954562806606956,0.020985278416846786,0.024319270040832817,-0.0261839992676816,0.030434813302017673,0.033375744548911956,0.023362210471524786,,0.016462544392332364,0.035019012056072885,,,0.013171035545342661,0.02289992496788095,0.014210348117510844,0.03192114050805335,0.01679898955908234,0.14420135567815653,0.018510520575466094,,0.004805654733394152,0.020396736686894023,0.021308554390801815,-0.01284279701950431,0.021610747635743267,0.0026517655963581676,0.07241037557156652,,0.020893327419587597,-0.05427368005217939,,0.014223886545032139,,,0.02568763492039088,0.019795824137477283,0.021755606077925614,0.015588659512275402,0.04782640820231773,0.01749281319485017,0.01828990491001403,0.015005598127405557,0.02438681581636338,0.06826839723765617,0.026975693344097523,0.024315822463658255,,0.005306747614672611,0.019391589455401387,0.005888107432830839,0.02317440945415051,0.02780577027347193,0.002320876639291376,0.020935273348508247,0.021739770169931047,0.05830790370554813,,-0.0007301899753837635,0.02214147329932337,0.030280014386076914,0.0018591842403843106,0.022560793437438494,0.019171226047054846,0.03192114050805335,0.013616675202864146,0.055790310401833035,0.029526359750050846,,0.028513613184148325,0.030139916635778835,-0.00954683700707569,0.01388085230577036,-0.05920115940322778,,0.026288475447113407,,0.030024628076948938,0.020440979702041836,0.015480415132167472,,0.014967338504310061,,-0.024253017030014833,0.02304012980921482,0.01704225125944188,0.023246806242232323,-0.0007658166923417304,0.02942162346492935,0.02160553275386169,,,,,0.015386279660736978,0.013320832929686837,0.004590309410652786,0.027502558418656863,0.029684805051632682,0.032104960716323176,0.03308573357543895,0.008981022104050352,,0.02629287046706918,0.021983519835949483,,0.01936210201610561,0.08552172701087817,0.025433306294432752,0.02355979835328526,0.0225627287604434,-0.01941507945853442,0.023294191183651478,0.035148247508634,0.016654694907452913,0.025602234428733293,-0.032086249152131804,0.019346185143584955,0.022334610454465595,0.0196293847417287,
2020-06-01,0.07690962298370144,0.10694744667986975,,0.018950134250672712,0.03187117305622872,0.021800517415222147,0.009251677099547766,-0.06414524425350791,0.0822633457326466,0.050037027243391076,0.016521778351012102,,0.0342827887736278,0.10061113798782814,,,0.035705229048325106,0.04298470812754767,0.031046108953104713,0.06981663614084159,0.09051930235135194,0.19212969477700836,0.013833508795181738,,0.019873783644726903,0.015846628602444568,0.030096566485061777,0.007592743706455386,0.015543474656822006,0.02418841489246544,0.2368179374240806,,-0.028096564441717962,0.017716254429099337,,0.012354850417473813,,-0.04110055115433966,0.01787636102033021,0.033588436979859936,0.020810404077008193,0.02028040970677865,0.045058034094886665,-0.029236212080371887,0.09272267720545868,0.016208303351601363,0.030512353886108016,0.14285400981768792,0.05106493287817591,0.022029212302357548,,-0.014835055885701533,-0.010965758227296315,0.024219733857271483,0.16731002917285093,0.035183702772927,0.03626018858352418,0.025629990519407616,0.033203622498606915,0.08187998946364178,,,0.017834409150613868,0.04027965200640781,0.19686497816561677,0.022909872119674275,0.008380241769636282,0.02683609513867577,0.01554674533304228,0.16504248533494592,0.084642139749602,,0.07302804131307322,0.14275316874662225,-0.04654033857678155,0.019413700800344443,0.0057817633317374445,,0.0508958186343815,,0.018433749501975537,0.02612717037688866,0.008494442162465794,,-0.027577013428917524,,0.06132072430227268,0.0040994822671148925,0.015195095667526606,0.06399237997190019,-0.01325805852703514,0.038496499662073705,0.04756656195855257,0.016452462403828444,-0.033768967414101826,,,0.025274904686211325,-0.04400018060751816,-0.028935393577712215,-0.0007629732258547998,0.043851230600452366,0.03328423010878923,0.020919092277953993,-0.003822697381894543,,0.035246145684975146,0.03158941903302746,,0.038188148583921284,0.1372855193164343,-0.010883682540484432,0.04761096249797002,0.015813289107532377,0.01369118237946313,0.06811613544813776,-0.05608392364512966,-0.031823772178269615,0.02648159533811458,0.09402980881944392,0.025182055149010125,0.01702105969758198,0.028454396938070926,
2020-09-01,0.08396408004963019,0.025294394404116665,,0.0018901952058877896,0.020314111303385226,0.02309848905839699,0.01745927451515406,-0.03379710399952305,0.022567447813486432,0.032419374240518405,0.027671521176752853,,0.02092783251273836,0.045458731336164224,,,0.016445873698761927,0.017675576657587747,0.027748832244785714,0.052591343175301626,0.04061102566267234,0.0580165499768114,0.020034406083910942,,0.02018115159205837,0.012927152721115732,0.027836836400549878,0.005039324823547087,0.029016444180077327,0.03467238445090841,0.023961725018594233,,0.02499427408644934,0.015300377556823756,,0.014468925032949968,,-0.04281237004384946,0.02017288346161579,0.022191271713966728,0.024574015715987586,-0.010264750661529001,0.03581505143474669,0.03317980813904466,0.028700877340180782,0.01850996360824155,0.027128419632091696,0.0834886209660914,0.02932366069976842,0.025410071346771635,,0.017634176885753233,0.017816804499357183,0.028823601708033657,0.05360284050025852,0.02798628474378977,0.014468925032949968,0.025973995370267313,0.024970121643863197,-0.009033299847199847,,,0.024574015715987586,0.027932414663018032,0.06162188242118493,0.02779892955220384,-0.042450412876067274,0.03324606723033861,0.01762296455814574,0.06327334810146056,0.030281073115402225,,0.029517054694401815,0.048153942263514334,0.007388565855994865,0.03468300499331272,0.003455599089570111,,0.10127016050988599,,0.026605034313617895,0.025973995370267313,0.017816804499357183,,0.03637046987121664,,0.0009602261058310094,-0.007929780344432528,0.018088955171082166,0.029377393062268116,0.015871317602909916,0.03238317817409141,0.017917136975367582,0.025973995370267313,0.025617375070806,,,0.013569838721552673,0.01808439442452758,-0.012701502422402706,0.028644142162430743,0.0004932661492738898,0.023275084336510564,0.019958996902524777,0.012233993612231363,,0.03467238445090841,0.0011722734422779729,,0.013157002354472022,0.06422004564514126,-0.004479154368284287,0.017263422565348227,0.027128419632091696,0.026605034313617895,0.0315977983390987,0.01012335415019414,0.022546918826320816,0.024651516690865332,0.04492605004467992,0.02426849432158451,0.020356227844306095,0.025973995370267313,
2020-12-01,0.06800522433153948,0.03829216141947018,,0.003203815748856599,-0.006140864892316613,0.02177803351294311,0.018842275287693028,-0.027505268296315156,0.02177803351294311,0.024846567302052404,0.02264189699889935,,0.016736103456772355,0.060610945879061996,,,0.0222210072998193,0.025388467647554726,0.01141292081195777,0.03829216141947018,0.06004236614487813,-0.031851581048188075,0.018948493408512217,0.031099489512855117,0.02388262836056138,0.016663596391345004,0.02478838016110011,0.009501350437350255,0.02177803351294311,0.02600911201080473,0.01717685040300528,,0.023833480405889503,0.015410246766028196,,0.016736103456772355,,-0.01964162017044828,0.018948493408512217,0.020510257837698963,0.022099337353161688,0.017222366965209724,0.03974713575013392,0.017242175789362758,0.028205226631443966,0.016736103456772355,0.02671534915686056,0.01974704911011016,0.02926708833097201,0.02544124058108493,,0.016736103456772355,0.016736103456772355,0.02595429282358273,0.04121562153751457,0.02388262836056138,0.01593327559195242,0.02177803351294311,0.021643121725640965,-0.00852571993164924,,,0.022099337353161688,0.02341183579289247,0.022070215352766816,0.02177803351294311,-0.01964162017044828,0.02976814954620425,0.025314832634086924,0.039045951338309966,-0.004533652256712361,,0.024276120602613502,0.03829216141947018,-9.391379776037228e-07,0.022099337353161688,0.0031725218362414188,,0.02374456055482145,,0.02249835646532824,0.02177803351294311,0.016736103456772355,,0.02177803351294311,,-0.14302526019130288,0.016736103456772355,0.018948493408512217,0.022379971101747147,0.02525039910524533,0.02249835646532824,-0.016795500920514194,0.02177803351294311,0.03282557372337728,,,0.016663596391345004,0.02388262836056138,0.010753357067727285,0.021629928107265363,0.01837400214083521,0.02388262836056138,0.03923309697985139,0.0162123432459766,,0.017673620110578128,0.022099337353161688,,0.016663596391345004,0.038898280183357045,0.015889726382178206,0.02177803351294311,0.02177803351294311,0.02442578904780189,0.010907830704859607,-0.007284988569987217,0.02177803351294311,0.023120269292533913,0.02388262836056138,0.02600911201080473,0.02177803351294311,0.02085746403373896,
2021-03-01,0.025230847952140055,0.01719658652165533,,-0.024221655784098097,0.01669059439497758,0.021909890478280982,0.018998320286739815,-0.014321866006484628,0.021909890478280982,0.022705674453686882,-0.0029363640931267757,,0.01669059439497758,0.008944058122645754,,,0.015192310374424348,0.024870311670519223,-0.13945694864482186,0.01601777105504078,0.028900617900414587,0.07521385466993956,0.018860758736230256,0.0615694547611561,0.023590993315538676,0.01669059439497758,0.021803742634193414,-0.008546853426398153,-0.0029363640931267757,0.01562797143149721,0.04267242024576778,,0.023590993315538676,0.02218264093455322,,-0.021453419450804374,,0.01669059439497758,0.018860758736230256,0.018998320286739815,0.022345551535353853,0.01669059439497758,-0.005248315057852076,0.018300329913425572,0.018318949835069816,-0.14116691770195428,-0.021453419450804374,0.0004254823565985423,0.02333475050424696,-0.005942227289391195,,0.01625493333790471,0.016256132599223313,-0.021453419450804374,0.012600886857888755,0.023590993315538676,0.01669059439497758,-0.14726442565453587,0.021909890478280982,-0.004616578457645471,,,0.02713053404072696,0.022118285137634107,0.004423185997487855,0.021909890478280982,-0.01947109236378924,0.017495220521662812,0.024870311670519223,0.061442220639987104,0.019500209211639367,,0.01669059439497758,-0.0005746881783555858,-0.024656117579852366,-0.01657919231722718,-0.000593373533870216,,0.030490785533098176,,0.02256133309628519,0.021911089739599585,0.01669059439497758,,-0.021889080507877245,,-0.13945694864482186,0.01669059439497758,0.030490785533098176,0.022259114869383322,0.000738309146623689,0.022524011881616988,-0.024978079046584917,0.02332503589370752,0.04154545243896554,,,0.01625493333790471,0.023590993315538676,0.016148785493817142,0.022345551535353853,0.026696072244972693,0.023590993315538676,-0.002084225462790962,0.01625493333790471,,0.01625493333790471,-0.025401851342043695,,0.01625493333790471,0.02976964655194217,0.01562797143149721,0.018425097679157385,0.021909890478280982,0.02237616557796812,0.020432776456442515,0.034728606960321824,0.021911089739599585,0.018860758736230256,0.006845990931293827,0.024340666726928743,0.021909890478280982,0.021909890478280982,
2021-06-01,0.021227348865449063,-0.01201844790048439,,-0.04701062803585035,-0.0006308845505672083,0.007870851835262569,0.010084405064795502,-0.052709214685303284,0.011168050942244262,0.016455811475691702,-0.13479764450608162,,-0.007715936197264318,-0.051734223325501906,,,0.010084405064795502,0.018966209094736886,-0.11134589665712115,-0.006571469595549878,0.012800108403817503,-0.10017510514350715,0.0020761323201379206,0.022803876999090682,-0.013065903286273321,-0.0014594112036253712,0.009417818286061972,-0.02192687554148122,-0.008468520609464417,-0.09523988280762835,0.03202674367973836,,0.009081017310496995,-0.059700337019217384,,-0.09215215310753816,,0.00029750758005979124,-0.001176830409169673,0.005373331427119607,0.010501455203324721,-0.0038753153675433337,0.03726339758826801,0.00991074519629813,0.0013613642108816991,-0.26462129990791555,-0.11307674922283653,0.017813792614986754,0.0011502932786922398,0.018292210516626346,,0.0011778782919396626,0.002444279733204414,-0.0954135426761257,0.01134321007398386,0.011352669687853303,-0.09422497803614194,-0.26462129990791555,0.009417818286061972,0.01289413695466059,,,0.007870851835262569,0.007936661505716426,0.0059253000682938164,0.008558292223592832,-0.19438748747564408,-0.0008841441066559794,0.016193752982054197,0.02878799560923913,0.0013493074589423016,,0.00991074519629813,-0.011654586373148623,-0.05740055381519869,0.02881086910935023,0.011527996638338523,,0.01592499793066081,,0.013917846861964577,0.006390235487647076,-0.0035186373875834604,,-0.09273834397185145,,-0.20896435131552873,-0.26462129990791555,-0.004760399576438316,0.0055057110503670716,0.00030150199053268433,0.012348430803864108,-0.04325101781801261,0.009761015791846232,0.01166982003290154,,,-0.0006935629652660824,-0.0005980865033999191,-0.0037077763190858787,0.009417818286061972,-0.09578636387272918,0.006290618184410913,0.01956155447236014,0.007068958553547564,,0.00369500818398987,-0.09448517118033492,,0.0009849479683900503,-0.054356564432342866,0.007463202784926065,0.003047369576969561,0.006390235487647076,0.011177285781005356,0.020194025782609308,-0.004312303295223092,0.006833158730595359,-0.09523935996372992,-0.17321199088786685,0.018966209094736886,0.0065175315060118375,0.011451847810745635,
2021-09-01,-0.007858899416229564,0.021355448981123053,,-0.02947308977967522,0.008120614684448212,0.016853620915646468,0.02077959501185408,-0.004097102629898412,0.018524678822085566,0.02576844192414078,-0.02872740020012877,,0.012618383272076022,0.0094718807209319,,,0.02077959501185408,0.02077959501185408,-0.05632040713827661,0.02084339904088482,0.017577079677654702,-0.04993265706789896,0.011085791686081644,0.02135641995754642,0.01563598711086507,0.01091323661712994,0.017525942135480928,0.008961005833222754,0.012716543260278915,0.02361036517089157,0.04822280107715499,,0.015734758515941683,-0.011594820887546244,,-0.05632040713827661,,0.011085791686081644,0.012733014505447712,0.0079662483417063,0.01709568265381604,0.011085791686081644,,0.011085791686081644,0.0079662483417063,-0.12695148963320124,-0.05632040713827661,0.025501866239610267,-0.006065867775590268,-0.03315334480110498,,0.011216243881471175,0.011926182834856185,-0.05632040713827661,0.022451256390705835,0.017499005211730558,0.011085791686081644,-0.13449803750060557,0.017657430895646344,0.009382437029962281,,,-0.02695300661529809,0.017848157304627573,0.02394907457812812,0.017525942135480928,-0.026235517149477496,0.01768308094865087,0.012560459436496009,0.04254455765110335,0.011646503363136062,,0.02077959501185408,-0.012652062263236109,-0.011884621248491576,0.021238872628250322,0.015734758515941683,,0.018524678822085566,,0.018927477046312726,0.01702617598459817,0.012056635030245715,,-0.05632040713827661,,-0.1018088647986907,-0.13449803750060557,0.012486894511910603,0.017848157304627573,0.01768308094865087,0.017525942135480928,0.01209242231629566,0.01768308094865087,0.017525942135480928,,,0.011646503363136062,0.015734758515941683,0.013344863724675908,0.02361036517089157,-0.009365363200017749,0.017499005211730558,0.01891525115783911,0.012560459436496009,,0.01918405815609215,-0.05632040713827661,,0.011646503363136062,0.03784199166953784,0.011108682937237806,0.012897007565202916,0.01702617598459817,0.017525942135480928,0.017657430895646344,0.03339703735176342,0.016853620915646468,-0.05632040713827661,-0.017063173520014633,0.02361036517089157,0.01702617598459817,0.01702617598459817,
2021-12-01,-0.04881812163498118,0.028753214925739425,,-0.013693825281774959,0.011097545907000527,0.016167476259807172,0.01796764754361362,-0.03380603922678012,0.024328748205143233,0.03190779558626139,-0.01112882224792813,,-0.00904484423099645,-0.01428843047305424,,,0.022380358818829427,0.022098878989469002,-0.1034634112177557,0.02362373390781688,0.02120104357670859,0.08247903321914438,0.009617476842909848,-0.04270937034393469,0.01566915555439188,0.009999389183612513,0.017006142847962164,-0.018403843705733863,0.0030529593214793176,0.025470026552586247,0.012616068327480155,,0.01393019130598614,-0.02252053330326167,,-0.1034634112177557,,0.010537590767439734,0.011149561576827467,0.01065223950665761,0.017191400197903627,0.013699021337429574,,0.00833327945728318,-0.0024161506675911947,-0.04875651744608212,-0.1034634112177557,0.06819330031777,0.020212753271749737,-0.015814494513272503,,0.010650442547262015,0.011431041406187888,-0.1034634112177557,0.030266203380968925,0.017957818489554654,0.010580630757581125,-0.2839433625057739,0.01778165135277104,0.014836043256718752,,,-0.03155642217526058,0.018873350855154382,-0.014043829398641681,0.01832077691684208,-0.046938983907080144,0.018824338682251373,0.0002240393314722015,0.02656984661476455,0.012788939495030602,,0.02499315776102574,0.017163660248588137,-0.05317550590667123,0.022442267632615788,0.012331570188645117,,0.052211003877421794,,0.024156624801248434,0.016178831884027238,0.010693482537403405,,-0.1034634112177557,,0.02447875619578433,-0.2839433625057739,0.0014642802362927914,0.0151176784007797,0.018172364375082337,0.0211013568819936,0.011632336622741359,0.01701310582566111,0.01780117981034052,,,0.0003730864906037187,0.002859851268693359,0.003257310660467422,0.02457801434101446,-0.1034634112177557,0.00425205021793077,0.05121115473287758,0.0013008223049531219,,0.01168657200935809,-0.1034634112177557,,0.012772908738155161,0.0348026374459419,0.023847541071784596,0.017981945380077337,0.013333847643093304,0.01870222694405112,0.041301877117243216,0.03566831848137662,0.01605637146593363,-0.1034634112177557,-0.005770721370160708,0.025470026552586247,0.017191400197903627,0.01665848126283084,-0.04498227688544859
2022-03-01,0.03354386974532121,0.015658083249413556,,0.011066061419122109,0.014950856663427716,0.016349357182769884,0.019786074922168457,0.011098503094049684,0.021754836282206435,0.01833116735750923,0.0124822825328362,,0.01550674800168912,0.007180626799621902,,,0.016191792112531512,0.014950856663427716,-0.04364852358293289,0.033687260531866575,0.019179745261190494,0.00827067775413571,0.019787837185174257,0.032144086414306335,0.01846721098028437,0.015267701506768481,0.017238129043948107,-0.14646099547028024,0.0124822825328362,0.021988877015868435,0.02956925361922954,,0.016543859829251682,0.008026520233081482,,-0.04364852358293289,,0.014950856663427716,0.014950856663427716,0.0159296131152691,0.015997193594844313,0.014950856663427716,,0.014950856663427716,0.015213035660690124,0.024216463768022528,-0.04364852358293289,0.04107562859909032,0.016294691336691532,0.015935224789545847,,0.014950856663427716,0.014950856663427716,-0.04364852358293289,0.022815982927714716,0.01868365028103611,0.0159296131152691,-0.14646099547028024,0.016259372592106722,0.017885360444186833,,,-0.04364852358293289,0.01572404917533888,0.016439897826184807,0.017238129043948107,-0.010349122637154233,0.01697839960482667,0.015267701506768481,0.038170823481338635,0.01550674800168912,,0.015213035660690124,0.010228365551558578,0.001504894239961413,0.022642901355522053,0.01846721098028437,,0.022876230911836222,,-0.14646099547028024,0.011803685832247337,0.01566988367614764,,-0.04364852358293289,,0.015097229597308488,0.01566988367614764,0.01550674800168912,0.01697839960482667,0.016077988360662317,0.01833116735750923,0.015932062673410075,0.01697839960482667,0.016259372592106722,,,0.015213035660690124,0.007548088461340716,0.01051120133438417,0.022999636364656652,-0.04364852358293289,0.007548088461340716,0.03703305052792266,0.010757348900830738,,0.0159296131152691,-0.04364852358293289,,0.016191792112531512,0.025804212551164548,0.019664431732353826,0.016975950046685694,0.015997193594844313,0.01697839960482667,0.016259372592106722,0.022717918319262696,0.016314038438185074,-0.04364852358293289,0.009096566709395662,0.021988877015868435,0.016716220607564256,0.016975950046685694,0.008548766198563488
2022-06-01,0.09879606526223061,0.028823016799753996,,0.014672079354030991,0.013876935778822486,0.014989596401602294,0.020311425536131994,-0.0187686704415772,0.02678025966917344,0.024396761681822275,0.0018210249098623876,,0.014112604779829185,0.009670760078897549,,,0.013876935778822486,0.01417460602758968,-0.07862120903630822,-0.02086589178614231,0.022358110231008397,-0.011054819799433076,0.013876935778822486,0.03830623793990522,-0.002314331593154398,0.013561305842460045,0.024471207768028868,-0.2436453922193349,-0.02488890654599109,0.004899072190724421,0.007744870263946811,,-0.002206943321491802,-0.009405863092875213,,-0.07220676259888377,,0.013876935778822486,0.014112604779829185,0.024837351414329217,0.014511439350341448,0.013819725410176798,,0.013876935778822486,0.013819725410176798,,-0.08047294940527562,0.024780239190905103,0.01458516129481005,0.01798985335762196,,0.013876935778822486,0.01490774835503769,-0.07220676259888377,0.0318680552996203,0.02521512202992821,0.024894561782974906,-0.19112580046967412,0.014147356000768146,0.030364171469402124,,,0.013819725410176798,0.011594833628698268,0.010241155266631883,0.025123941682535008,-0.04069356641846177,0.029760444984744536,0.014152868165927687,0.02283562213183141,0.013376079690083231,,0.02744066075637462,0.03243569905677063,0.01760773616028255,0.025400651005927262,0.022500058880870113,,0.029814974926529743,,-0.2436453922193349,0.014383025001774845,0.02678025966917344,,-0.07220676259888377,,0.028432064023015888,0.02678025966917344,0.013420391458805046,0.01345928197707083,0.02718441535718784,0.025167742007770437,0.02324088607671033,0.014942499575976652,0.02718382839311437,,,0.013876935778822486,-0.025224007475500552,-0.003998554096445031,0.01921457244269279,-0.07220676259888377,-0.018588196757447353,0.025703111763027853,0.014112604779829185,,0.020367825504530215,-0.06258420890961172,,0.024894561782974906,-0.030772120850639843,0.013876935778822486,0.02678025966917344,0.014511439350341448,0.02527322865446265,0.014147356000768146,-0.045557373606561785,0.014800919571996292,0.014112604779829185,0.003979395734406853,0.020348245532473396,0.022364634562819577,0.025400651005927262,-0.04409335307861305
2022-09-01,0.05541671160667983,0.03452855801748997,,0.016565569522265608,0.016565569522265608,0.019563032733352102,0.018430644519137784,0.012322667802660133,0.025560819088964824,0.03984912437811048,0.01783006990492294,,0.016565569522265608,0.01866191494377624,,,0.025560819088964824,0.018430644519137784,0.00016715844392400188,0.017119005429636264,0.035311043961704223,,0.018430644519137784,0.045118471102264385,0.022663410978730925,0.016459540722140148,0.016963231128033395,-0.11647866481120028,0.02156893699730143,0.018430644519137784,0.032852715904598796,,0.01783006990492294,0.002220510116400158,,-0.02562411045609047,,0.016565569522265608,0.018430644519137784,0.018430644519137784,0.016963231128033395,0.018430644519137784,,0.016565569522265608,0.016459540722140148,,-0.04382248623934813,0.025496681433212258,0.01882830612490557,0.016565569522265608,,0.016565569522265608,0.018430644519137784,-0.02562411045609047,0.028467760902347403,0.02459450018430034,0.025560819088964824,-0.11647866481120028,0.020518353125363705,-0.007113620428196826,,,0.016565569522265608,0.021888127039086,0.02410775909389748,0.01882830612490557,-0.018681626756086023,0.056787198777351756,0.015728422348674227,0.02453464017342702,0.018324615719012324,,0.018430644519137784,0.0344603825263242,0.016051838610573823,0.021966598603069216,0.023563128017819394,,0.014152263496348254,,-0.11647866481120028,0.016963231128033395,0.025560819088964824,,0.016963231128033395,,0.025083972693982312,0.02156893699730143,0.016459540722140148,0.021888127039086,0.02413904924795862,0.02189822506756773,0.02328671859327278,0.016963231128033395,0.03177162418958129,,,0.016459540722140148,0.01783006990492294,0.015844317783715874,0.01882830612490557,0.018430644519137784,0.00790383426308257,0.021404610572461062,0.016565569522265608,,0.018430644519137784,-0.02562411045609047,,0.02156893699730143,0.03954862768781384,0.016565569522265608,0.025560819088964824,0.01882830612490557,0.018377674349758746,0.01828335111823696,0.010882311867851492,0.016963231128033395,0.016565569522265608,0.026698438989851688,0.018430644519137784,0.021966598603069216,0.025560819088964824,-0.018681626756086023
2022-12-01,0.06833683316851544,0.02915864147432468,,0.024534921200424036,0.02203132680213944,0.02328768875834443,0.025297324959483163,0.013536718271867795,0.031160775828411945,0.04051435572561959,0.02443350696671795,,0.02203132680213944,0.008933674375736333,,,0.021660511972713497,0.024534921200424036,-0.00959033099487609,0.036701732810213016,0.04321383456874398,,0.026568564569100134,0.029894833787480025,0.025136510921498614,0.019737520133698935,-0.05410120090387283,0.02203132680213944,0.031160775828411945,0.02743754575228841,0.030746317691014137,,0.01599732554732508,0.006829933380742705,,-0.008619844791049575,,0.01871075516204445,0.026568564569100134,0.025952946694603615,0.02349795081201127,0.02743754575228841,,0.025952946694603615,0.027883276424922835,,-0.008387410575931847,0.029569664035021113,0.021041026963017153,0.027514022278818124,,0.02203132680213944,0.02743754575228841,-0.011263209669409555,0.03576149734071735,0.027757158319769406,0.010748320243543,-0.08517026901644068,0.03134059452745211,-0.0025719259290592307,,,0.024534921200424036,0.028662242314150356,0.027379541595826985,0.02361517333649419,-0.005013698855162111,0.042133706123952834,0.019778049546275593,0.037423189128289874,0.005323310352852577,,0.024681707084986643,0.04796435221963626,0.03354760369088976,0.032121285395308105,0.02707563370932618,,0.024681707084986643,,0.029115776547459376,0.022728217048183893,0.031160775828411945,,0.022728217048183893,,-0.00608675636367708,0.025711249822874194,0.02203132680213944,0.027867261510958273,0.027763387019823674,0.029093390142559426,0.031460151800781926,0.02150385403036169,0.03902921720639002,,,0.020774624722683332,0.011324249610777163,0.024490502211738638,0.02775477697191895,0.01996080694638515,0.010863662063117167,0.028745395663849246,0.0077116067069914005,,0.019379103736855596,-0.0071172262304158886,,0.02366594001723576,0.04988330456791976,0.024534921200424036,0.031160775828411945,0.022728217048183893,0.024515705758329075,0.029317954468049703,-0.005013698855162111,0.022728217048183893,0.019379103736855596,0.02707450923104552,0.022524874215715522,0.02351682477436622,0.024484154519682465,-0.00664813406120047
2023-03-01,0.09296249781445758,0.021285301832164955,,0.02317736732934822,0.020189635190535217,0.022543770387599985,0.01995999149884495,0.00011855146894145431,0.028813399107956272,0.031559497369792106,0.02206220302552711,,0.02014495532781746,0.016827117938713127,,,0.0022190188761147074,0.021883583739962943,-0.0645363079437597,0.04634544801367497,0.03891141614558228,,0.02044592591011659,0.032425478020782,0.023414335117282574,0.020189635190535217,0.021385279030183932,0.020050024999345932,0.028813399107956272,0.020383932884554812,0.0370633403643173,,0.022801345954674156,0.0014733718994222875,,0.014818368668604857,,0.02422454089708014,0.020189635190535217,0.021883583739962943,0.021385279030183932,0.0201192273247981,,0.02014495532781746,0.02037318673168008,,0.014162148240338285,0.03913220226709075,0.01614662097550365,0.020074547462080344,,0.02014495532781746,0.019924691268060485,-0.020676015725487794,0.023023993420649574,0.02422454089708014,0.01743836423105683,-0.06304925728458566,0.02317350028639788,0.023465927430099596,,,0.012611410554588327,0.02263191036267206,0.021712702835312223,0.021513003493845453,-0.002512749768159272,0.044693722747812026,0.005336641357843265,0.03004493621444846,0.014453106555582247,,0.020867231439164604,0.044693722747812026,0.0175946374907063,0.021883583739962943,0.02422454089708014,,0.020189635190535217,,0.029020939772322396,0.021385279030183932,0.028163513056162482,,0.01956034287982632,,-0.007858212801720273,-0.047787770423002335,0.020050024999345932,0.02435626263745052,0.030440366130820053,0.026469652930262832,0.02857473650197037,0.021418485119003905,0.02435626263745052,,,0.020050024999345932,0.017704078288892255,0.02014495532781746,0.021664857661697238,-0.0162803278991375,0.017704078288892255,,0.017455677393900852,,0.023849401408932144,0.013976059894024827,,0.02044592591011659,0.06184093699026881,0.0201192273247981,0.02673976463158439,0.021385279030183932,0.025159710373935718,0.023302602076531523,0.02794557075389157,0.021385279030183932,0.02014495532781746,0.01919900311388777,0.02044592591011659,0.02917505791304555,0.021385279030183932,-0.008645043020440356
2023-06-01,0.05701511204112857,0.03903009594999085,,0.014741018552614223,0.013715686018660854,0.017451909739220704,0.02094287722587583,0.018496807696611942,0.024283335110092022,0.028972029368106684,0.020738631716546226,,0.014311801502720137,0.010230624045598075,,,0.004400259033899054,0.02094287722587583,0.022038594278913755,0.029050700828798147,0.012990966346911352,,0.015328084851618741,0.010026575291197638,0.01933316056123643,0.013715686018660854,0.017267523613999292,0.011472225988056743,0.024509719754219523,0.0217712940534584,0.028972029368106684,,0.022038594278913755,-0.013241724852769783,,0.015341919476131964,,0.022038594278913755,0.015554469495746246,0.017939588268734905,0.017134539197730704,0.010930699957398697,,0.016265645811294326,0.015985743960160743,,0.016041363598432393,0.009179917295610863,-0.008004435636070322,0.015279084089714071,,0.011950718809005476,0.007425116972211343,0.014669854821396327,0.022998899579100732,0.0200142888469086,-0.00030231237609191017,-0.03849314201518031,0.017891789097777513,0.04637870687387559,,,0.003131851595333535,0.022694532928484737,0.016840255167510892,0.02178565998167346,0.004400259033899054,0.036705417804458386,0.013261732109902226,0.021333720945551003,0.026583652828068783,,0.02094287722587583,0.009281456196732735,0.011888451882049532,0.01879836520281262,0.022038594278913755,,0.022038594278913755,,0.020202279604915923,0.016439934022367868,0.022280975402475048,,0.018090559043496404,,-0.005476849703121815,0.012433906364822314,0.015985743960160743,0.019597699160579917,0.018649278400016518,0.022304556048044398,0.017877255136439715,0.020326083097312774,0.020225335097932274,,,0.015343226970432108,0.022038594278913755,0.015985743960160743,0.018179852861413787,0.019579000742206913,0.022038594278913755,,0.012980390286022787,,0.022059843796758353,0.016448633227793462,,0.02094287722587583,0.06933067093284638,0.017267523613999292,0.024509719754219523,0.01623974807519893,0.023579546519141424,0.019883849674873916,-0.014629601867747493,0.015301061133978945,0.01254683429306476,0.02254590914738221,0.02094287722587583,0.017877255136439715,0.016731629024266392,-0.014629601867747493
2023-09-01,0.04723125695223854,-0.015933338506489893,,0.013407567066963806,0.013282038965064025,0.013280532332446145,0.019499265873494695,-0.014555842520084104,0.019176324727169566,0.022140031576262098,-0.00651905637822186,,0.009146549853693937,0.011176085261012035,,,0.013353787480177267,0.020138622769247487,-0.008467611922013936,0.028282702903825143,0.01710722334525118,,0.013282038965064025,0.009401288512698565,0.017593405424125946,0.013282038965064025,0.015549417372179245,0.00664795882886856,0.015424241797872733,0.020138622769247487,0.023743191139647263,,-0.004436033631780383,-0.0018817704429429523,,0.012935472710168032,,0.01436453529194586,0.013282038965064025,0.017277323801748377,0.013283624811873649,0.017277323801748377,,0.013407567066963806,0.020138622769247487,,0.012933966077550152,0.01873971717634954,0.020409450419594636,0.02074162071416765,,0.013282038965064025,0.0071732760810223565,0.012935472710168032,0.020138622769247487,0.017593405424125946,-0.035137257186743216,-0.057716459836934866,0.017277323801748377,0.00073240929558668,,,-0.14628114078231147,0.017444422293822495,0.001236407006048467,0.017277323801748377,-0.06184173328224589,0.036165474010568306,0.026745811152587534,0.019902438350859638,-0.019518515621390405,,0.019499265873494695,0.005446802345626587,0.017277323801748377,0.017277323801748377,0.017593405424125946,,-0.06821746325838833,,0.017184867847136225,0.013484382650660768,0.015424241797872733,,0.0114688961195675,,0.021956827961109388,0.012281516022252754,0.010624294669808063,0.01361763211673386,0.01403268179575849,0.014768274755336035,0.010624294669808063,-0.003072283058649629,0.011139241291888221,,,0.013282038965064025,0.017593405424125946,-0.012897974668355013,0.013353787480177267,-0.0322759582192441,0.017593405424125946,,0.013484382650660768,,0.019499265873494695,0.006301392573972569,,0.017277323801748377,0.0593007218328882,0.020138622769247487,0.020769513141532973,0.016195451706427992,0.024366291345117464,0.013743160218633641,-0.027246581173501698,0.00664795882886856,0.01055254615469482,0.017593405424125946,0.017277323801748377,-0.07125467377072986,0.017277323801748377,-0.027246581173501698
2023-12-01,0.016932512990345032,0.022939370012536153,,0.01180678715629396,0.01180678715629396,0.012427335527062855,0.016266789626393482,-0.01856847900903021,0.015730105980488514,0.013142503621360708,-0.0050052329854863836,,0.008854781983410949,0.018698538817518214,,,0.011883148289083389,0.013660630826180728,-0.0050052329854863836,0.022939370012536153,0.013501462346051938,,0.013064154277166307,0.013501462346051938,0.013140375854357646,0.01180678715629396,0.016266789626393482,0.010264907362570378,0.015730105980488514,0.013064154277166307,0.02042631300619128,,-0.0050052329854863836,0.010502342213219279,,0.013064154277166307,,0.013140375854357646,0.01180678715629396,0.013064154277166307,0.01180678715629396,0.013064154277166307,,0.01180678715629396,0.013600837923071284,,0.016798703290292153,0.013501462346051938,0.016798703290292153,0.014283124488620116,,0.01180678715629396,0.01180678715629396,0.013064154277166307,0.013660630826180728,0.013140375854357646,0.01180678715629396,-0.016818557898592917,0.011883148289083389,0.013140375854357646,,,0.01180678715629396,0.013501462346051938,0.00835049639087031,0.013064154277166307,-0.016818557898592917,0.023555954143305486,0.010264907362570378,0.02042631300619128,0.005017456991879286,,0.013660630826180728,0.022939370012536153,0.01180678715629396,0.01180678715629396,-0.0029009343043371887,,-0.06203693948359377,,0.013501462346051938,0.01180678715629396,0.015730105980488514,,0.010264907362570378,,0.013501462346051938,0.010264907362570378,0.011883148289083389,0.011883148289083389,0.015569477449543978,0.01378676103230049,0.010264907362570378,0.011883148289083389,0.010264907362570378,,,0.01180678715629396,0.013140375854357646,0.010264907362570378,0.010264907362570378,0.013660630826180728,0.013140375854357646,,0.01180678715629396,,0.016266789626393482,0.015730105980488514,,0.013660630826180728,0.036017385161514696,0.01336147455715959,0.016266789626393482,0.010264907362570378,0.02042631300619128,0.013501462346051938,-0.0008650935177560817,0.010264907362570378,0.01180678715629396,0.013140375854357646,0.006326568882994822,-0.0008650935177560817,0.013660630826180728,0.00824613578516487
2024-03-01,0.02544293737610235,0.02499434334849446,,0.01186181934509187,0.01186181934509187,0.01186181934509187,0.016596098571905585,-0.012421287609771459,0.016596098571905585,0.014185441095885697,-0.004297457187275739,,0.0031787959759748603,0.015581373060173221,,,0.010336331602261576,0.014802673653331651,-0.004297457187275739,0.022062925316383982,0.014185441095885697,,0.01186181934509187,0.010414947741243304,0.012835122299765854,0.01186181934509187,0.010336331602261576,0.010336331602261576,0.016596098571905585,0.014802673653331651,0.01916053921985061,,-0.004297457187275739,0.010702191251627349,,0.01186181934509187,,0.0031787959759748603,0.010336331602261576,0.01186181934509187,0.01186181934509187,0.01186181934509187,,0.010398051752015492,0.01186181934509187,,0.014802673653331651,0.007789798787613417,0.01186181934509187,0.01186181934509187,,0.010398051752015492,0.01186181934509187,-0.004710974801692743,0.014802673653331651,0.0195713587656872,0.012021226612916778,-0.040633296519408765,0.014802673653331651,0.0016722789464255494,,,0.0031787959759748603,0.013370906332986316,0.014802673653331651,0.01186181934509187,-0.040633296519408765,0.02499434334849446,-0.0071171035524316365,0.016596098571905585,0.012021226612916778,,0.01186181934509187,0.022062925316383982,0.012021226612916778,0.01186181934509187,0.012835122299765854,,0.010336331602261576,,0.014185441095885697,0.010336331602261576,0.010336331602261576,,0.010336331602261576,,0.016302324365096783,0.010336331602261576,0.016596098571905585,0.01186181934509187,0.011518052862953359,0.010336331602261576,0.010336331602261576,0.01186181934509187,0.016596098571905585,,,0.01186181934509187,-0.0029806926621422057,0.010336331602261576,0.010336331602261576,0.014802673653331651,-0.004297457187275739,,0.012021226612916778,,0.016596098571905585,-0.0008967484152573846,,0.014802673653331651,0.03551305296658158,0.014802673653331651,0.016596098571905585,0.010336331602261576,0.0195713587656872,0.010336331602261576,0.01618906379354891,0.010431395726788879,0.01186181934509187,0.0195713587656872,0.014802673653331651,0.01186181934509187,0.01186181934509187,0.0016722789464255494
2024-06-01,0.06750629616369065,0.024347194784338347,,9.735995892924389e-05,-0.007857055869375911,0.010040056624152839,0.023184130255260883,-0.029052969454754815,0.012142323067626195,0.005812187761858002,-0.21538053115825626,,-0.019141064160005827,0.0027103684477193324,,,-0.0005488397615382723,0.016087184069182,-0.06152261636653447,-0.00587867562991637,0.0070501303970145505,,0.0195718554048029,0.02726666101969394,0.0050816171602244805,-0.007485853657277228,0.006698417368003402,-0.007771525800565803,0.018519851725732474,0.016483736508927527,0.02143957387723085,,-0.06259506810817368,-0.17301206977396083,,-0.004074994797171207,,-0.028767649719025536,-0.010243920274608272,0.004311552962771046,0.009169757987437882,-0.007678479693311018,,-0.009862835151061618,-0.036276078008818304,,0.016383343992086942,0.01540421877214961,0.010879560020033836,0.019320227039807212,,0.006132260686132177,-0.012334908718315048,-0.02004151320114122,0.0170689237472638,0.01464575293607223,-0.021395303628234982,-0.12639109875723195,0.011086262091198158,0.027754200660531244,,,-0.019150947071453796,0.007285232225552687,0.016558442440100747,0.010711172277591855,-0.11944909158103259,0.029586225830190428,0.001945915723404649,0.0089940165944503,0.010092718182212721,,0.01900393231165203,-0.05349514660942181,-5.810148077691524e-05,0.005349550056357685,0.014627621364662386,,0.011215906591670459,,0.012644225958382636,0.010751942533793402,0.006215574015513058,,-0.0012201608912582704,,0.062207854511229656,0.00424031490708792,1.5854423118341346e-05,0.00985926229312005,0.010695185061195534,0.010650292200712681,0.0030567207387319248,0.013039680864378863,-0.0055341478386964245,-0.01559150764566978,,0.004311552962771046,-0.061998693619481446,0.004028136282295907,0.012546441277732258,-0.025024118737680415,-0.0033444394251289397,,-0.007622558802920604,,0.026857621825512906,-0.026030069454325764,,0.01893413314419848,0.06081699877580868,0.019671199626022526,0.026909127115126656,0.008997567002107899,0.015165581356401186,0.0016019235815007415,0.01587411347362818,0.004939924241275983,-0.0011784699156268598,0.0042711438128150815,0.005436889959986363,-0.0022612997534847907,0.007702918486652634,-0.023937429038689485
2024-09-01,0.03658946830132139,0.03206180666858049,,0.011246160176934078,0.011246160176934078,0.011246160176934078,0.01948987785314103,-0.019861675983758185,0.019328524889305348,0.01585229253669569,-0.01913155457486057,,-0.007488124329218544,-0.001910389265419428,,,0.007372825914459678,0.014834691096741752,-0.014148350499746365,0.01565403605133582,0.015556112983893979,,0.010899800647192795,0.005167271767398695,0.010700672129832639,0.0037897605226093673,0.006560204322983955,0.003869959357631861,0.010899800647192795,0.010899800647192795,0.023256261859148645,,-0.014148350499746365,-0.2138234346430691,,0.010899800647192795,,0.009744612968147007,0.010899800647192795,0.010899800647192795,0.011246160176934078,0.011246160176934078,,0.014957586271503329,0.014957586271503329,,0.014834691096741752,0.021203325683434936,0.014834691096741752,0.014834691096741752,,0.003162829795997898,0.010488301099907178,0.014834691096741752,0.014834691096741752,0.019682890313204623,0.007292918999521967,-0.021150520714302297,0.014834691096741752,0.010104481986230441,,,-0.010488580824799271,0.008482382980439063,0.013608057134881672,0.011186062600379236,-0.02798209589306021,0.03206180666858049,0.006950490338333315,0.011186062600379236,0.014596761063494152,,0.014834691096741752,0.01565403605133582,0.011246160176934078,0.010899800647192795,0.014957586271503329,,0.019328524889305348,,0.01585229253669569,0.006825205046001853,0.019085314320235358,,-0.005903336116150584,,0.048811951061189615,0.011246160176934078,0.00817907483481423,0.01148937074600407,0.010899800647192795,0.009845762800050237,0.007312728337904834,-0.09183065443153147,0.007207236308063073,0.02321850512307051,,0.010584650505079661,-0.018392372821063225,0.007312728337904834,0.011186062600379236,0.010488301099907178,-0.014148350499746365,,0.011246160176934078,,0.01948987785314103,0.005580060274420104,,0.014834691096741752,0.04332666259864422,0.014834691096741752,0.019463247256707502,0.014834691096741752,0.015225429316774118,0.015684042935109895,-0.020487280963041657,0.008572091846260359,0.0069209743548766306,0.005909520177028639,0.010422749413022203,0.007372825914459678,0.014834691096741752,0.0038997651877172687
2024-12-01,0.052292608402826214,0.00461517592132828,,0.007970214587486032,0.007718059691057596,0.002365703615263306,0.013495461689180414,0.01096857759510139,0.013495461689180414,0.015607661970175737,-0.15900403644440833,,-0.012506348279037226,0.0059336520746784555,,,0.004571895758576411,0.010773389886555055,-0.0067129886614093175,0.004132043292528522,0.0052824072957650845,,0.007718059691057596,0.009676941611831247,0.007934976970981743,-0.0063660785451991634,0.008186459189977197,-0.005482265758382056,0.009325742244702706,0.007645088319428678,0.005810083635221923,,-0.0036218039374076804,-0.23361672994710686,,0.005961325085347778,,0.007879213235470032,0.007718059691057596,0.007718059691057596,0.010367229579135318,0.005961325085347778,,0.010996324191789806,0.0033812310351571642,,0.005848247556947706,0.018162491460040082,0.007889364080913836,0.011098516154612412,,0.007879213235470032,0.010773389886555055,0.0058303672433975134,0.010744819658823927,0.012465522289733497,0.005961325085347778,-0.02020953398076055,0.007871483767363643,0.030459527832397543,,,-0.01089752012780882,0.006520151432963177,0.011014204505339999,0.007871483767363643,-0.019370801895711567,0.026236454598551534,0.0011565037708352985,0.007871483767363643,0.009775765339187706,,0.010572283570819878,-0.006934790649580862,0.003926734870366523,0.007889364080913836,0.012465522289733497,,0.01719730659327245,,0.013552389891023147,0.009467889897122468,0.007142372115120387,,0.004647961707411077,,0.05504816278714275,0.005531084212558884,0.004342071292819381,0.005195613277567299,0.004769891501366308,0.007661282120478364,0.005410291103806089,0.010681003838839472,0.0048299180058987475,-0.01604353863726,,0.007718059691057596,-0.025571153692056193,-0.00624659992708062,0.004289648000800487,0.006704179331061903,-0.0023065679965616945,,0.008644383773507522,,0.013188215734673249,-0.009454613172899943,,0.01108063584106222,0.02111773617702987,0.010996324191789806,0.010499922191659518,-0.002484516691986013,0.0037936154873302905,0.009454045397910072,-0.0035379677411274215,0.003204209182309945,0.007718059691057596,0.012465522289733497,0.00875302532313442,0.0031705339288578536,0.012475627731950555,-0.015366679141694577
2025-03-01,0.01311892049649035,0.005041667264301156,,0.0059708987864756004,0.004789801251208432,-0.004944377065125729,0.0059708987864756004,0.006029796404484004,0.005467510830080023,0.0064987436560791905,0.0017673513910718523,,-0.004999676520621943,0.0068958924013975045,,,0.0063344083873282985,0.0059708987864756004,-0.037935239467897175,0.00512818598768147,0.0064987436560791905,,0.006536986560393139,0.006642233945952304,-0.008603548007506604,0.001699525626303914,0.006267098070359523,-0.0046261122088440895,0.005683281032848193,0.0059708987864756004,0.006536986560393139,,0.0059708987864756004,-0.02567454596127133,,0.0059708987864756004,,0.0059708987864756004,0.005299985022124396,0.005299985022124396,0.0059708987864756004,0.001699525626303914,,0.0015214385795789805,0.00433872443296924,,0.0017034684298878966,0.013983442212308732,0.005903813994959307,0.006212923431392746,,-0.0013591762984502564,0.0059708987864756004,0.0059708987864756004,-0.003532809326133681,0.007875987026850901,0.0059708987864756004,0.00239014666566849,0.006090480196249245,0.00240448264808768,,,-0.00325484504841843,0.0077669026533093875,0.006481453950922088,0.005903813994959307,-0.010063544411574595,0.008342869357858084,0.006481453950922088,0.00614774218603836,0.0060473042848324205,,0.005903813994959307,0.002587326304789821,0.0018045005572112623,0.006481453950922088,0.00595947890000498,,0.009319531814762342,,0.0033303899541832606,0.005578447052025222,0.004901423056162485,,-0.007236608206412707,,0.01920337707679074,0.0007629881020605073,0.006875951085114999,0.007558231118081888,0.00614774218603836,-0.01288909293987441,0.004236327530046369,0.003172160975662644,0.006223839515522791,0.00582608840127394,,0.003533659319605378,-0.000989686198589763,,0.005903813994959307,0.0059708987864756004,0.0033093733806906825,,0.005920355823414257,,0.0059708987864756004,-0.005021587618919553,,0.005307935047233769,,0.005742632594728974,0.0066820393300376524,-0.0013552334948662688,0.008600882778511464,0.0064987436560791905,0.010096098057507212,-0.010840905619626478,0.005742632594728974,0.007875987026850901,0.006481453950922088,0.005170820002728426,0.00614774218603836,-0.007043177519889726
2025-06-01,0.02280459105169996,0.003293298335444453,,0.00046458480731809723,0.009021275290380262,0.008894157869306021,0.010911540753664295,-0.02278075327124529,0.008835374462193794,0.011875096841728687,-0.005044927333458981,,-0.021741851095710626,0.023178537517266912,,,-0.008329182608420764,0.008894157869306021,0.010879050104920848,0.028247573399829525,0.008365898728716433,,0.01130847683089685,-0.02000744141667816,0.01015678241337365,0.00046458480731809723,0.006564296169647764,-0.04805596470912011,0.010365028329487921,0.008894157869306021,0.04135267334233737,,0.008894157869306021,-0.02579943283748396,,0.010911540753664295,,0.00046458480731809723,0.002027942971475095,0.008304249197047735,0.00046458480731809723,-0.002013343355957645,,0.00508845812334809,0.00789675881968926,,0.008894157869306021,-0.001253211422489846,-0.00831742368383266,0.01139007788481416,,0.00623776071987468,-0.0017041065172412387,0.0016256426965255393,0.009418828096447958,0.013056191499519672,0.008894157869306021,-0.020174563229823417,0.008977984859219008,0.027688788087268112,,,0.008894157869306021,0.007339461465585343,0.009085181593150258,0.009334062076401691,-0.041332397967481685,0.0039320556947715374,0.004254971443903561,-0.005410316983431544,0.008315277708432819,,0.005698158006567318,0.002634463162791596,-0.010241503131408806,0.00609171908582392,-0.000711376663824649,,0.005743365883863943,,0.006993096453708258,-0.0050088337453881035,0.00928397022133351,,-0.004195733912644752,,0.020227198598083758,-0.010256645492916992,-0.014390090771923459,0.006543347127104514,0.010649890250952252,-0.007437256481632944,0.008128089152576408,0.005117304155805061,0.006572854785900852,0.013056191499519672,,0.006389869463424972,-0.006039570570662352,,0.008493119162727283,0.008894157869306021,-0.054011021165549435,,-0.012611607742504896,,0.008894157869306021,-0.016728977821921898,,0.009754339645215736,,0.009837960333964562,0.011974645590865255,0.008894157869306021,0.007732787697182129,-0.0025648287263010014,0.006531706813341668,-0.021741851095710626,0.005407135444526672,0.013056191499519672,0.008894157869306021,0.005562530937141073,0.010427466950482087,-0.0034077812414739102
2025-09-01,0.019434348886149953,-0.016412170425237495,,0.005758554454485772,0.0068887154906834315,-0.005966274137215135,0.009204312459514022,-0.06500126394634642,0.007967838476409311,0.007886092507392346,-0.0015241976912130418,,-0.004266657308042964,0.009866185150552417,,,-0.012878817228990373,0.007202462366340093,-0.041042471361021904,-0.0005800581323812936,0.003714713249861866,,0.005777971323377418,-0.0021938204648254563,-0.004952923729833663,-0.005944897106239224,0.0030859115545912833,-0.02185089836602271,0.004977491545084142,0.005877507917860859,0.008233874796406984,,0.005481153965625252,-0.011467174971867859,,0.00831475377360144,,0.003989472981408729,0.004160986728917313,0.004836600212784673,0.005758554454485772,0.0054295840743981095,,-0.02313689271395552,-0.00634122986971376,,-0.005579893222988854,0.01559123049883881,0.008277620507826659,0.00582321240914941,,0.005758554454485772,0.006280218176792633,0.007202462366340093,0.004162395269319358,0.011796598310577599,0.005942518300061018,-0.027899240163268713,0.00646863742940463,0.005315877662434239,,,0.0023260175827126816,0.00649959084515525,0.009218890902182204,0.008754499873987893,-0.044838009464085324,-0.0015416799169479603,0.002322831218842387,0.005040100237252685,0.0035936543538809514,,0.007979445239828702,-0.006691456609158549,-0.01141717777493517,0.009591628686954805,0.0021724467374041588,,0.0075003426397135175,,-0.010190006650192937,0.0018339811548985824,0.008919550074456129,,-0.0013837857999030054,,0.029914069030618575,0.004505601179424148,0.008371163918220337,0.0054606690309770365,0.004455131610567682,0.003458656414557208,-0.00038103306295737425,-0.020266499941147608,0.005040100237252685,-0.04240411671378542,0.010407008370969256,0.003989472981408729,-0.00495252774443057,,0.0027294685343315947,0.006037771079499461,-0.012606878262544603,,-0.01929805972960941,,0.0055766069235897745,0.0023282434267257583,,0.008160743602450315,,0.008754499873987893,0.005758554454485772,0.005332143511617354,-0.00883207329434879,0.011253093991624257,-0.015617095483347387,-0.01083238331201146,0.004943500286142404,0.011796598310577599,0.006538647158938636,0.002353128239488765,0.00754797516882283,0.010460054112571464
2025-12-01,-0.018506130560931935,0.008179680158899104,,0.01145780236086814,0.009191427751018806,0.006092750215257194,0.007314801399904693,-0.016597124162844267,0.014588701904268312,0.0062457323623595915,-0.027645706464905096,,,0.006296853631402982,,,-0.020382221664711434,0.006051253473453539,0.005635474190079354,0.000856477262913233,0.008194347101140542,,0.007301110307914972,,-0.008517407099222801,0.0023808276822265694,0.009260115498217073,0.0025705279432738527,0.011160050502377039,,0.028930468697331194,,0.006714748251944633,-0.018790170292840906,,0.0010764158834870529,,-0.0038290957459085496,0.006247150724624224,0.008486968135765254,0.00915975419737605,0.00849625941888496,,0.0033305749121081527,0.006459244243068966,,0.01145780236086814,0.0119013201709049,0.008755680918296751,0.009529567742706916,,,0.008705230381615062,0.006051253473453539,0.011011290709729555,0.005730027623130062,0.008346352393959654,,0.008765486129903953,0.029534975350000044,,,0.001228038434460442,0.00912571920525656,0.011086667756791995,0.008755680918296751,-0.014097386413126778,0.012406265150769251,0.004763246421793351,0.008703437334630259,0.008662879385394501,,0.0029395683962441885,0.008519020531876477,0.009167519849744492,0.011063534293396047,0.003271311573632022,,,,-0.03214084017968814,0.0043155871789181685,0.01328927799215623,,0.008513257556673341,,0.03335894378068112,-0.021696541806852626,0.006728156410681685,0.00708661550019258,0.00471830091688203,0.003985083785465176,0.003793259619004616,0.007922086876095804,0.007404502511483448,-0.04202210291984595,,0.008486968135765254,0.010821384582567869,,0.006320480184472534,0.008892534622788127,-0.005465766577539039,,-0.0011145399900399984,,,-0.006905994255784665,,0.011171013211925611,,0.010848907901504957,0.012521982089342269,0.0009243231947798725,0.010758826913288362,0.01071279060371196,-0.008955594731556276,-0.00707445078913388,0.003147103151329668,0.005635474190079354,0.006714748251944633,0.00488518007594441,0.008765486129903953,-0.02044796146103991
