,1161,1327,1632,1690,1704,1878,3532,5606,6008,6066,6304,6565,7343,7585,10453,10499,10789,11399,12141,12142,12441,12540,13421,13824,14282,14489,15044,15855,18699,20232,20748,20779,22815,23071,24405,24800,24925,24975,26156,27928,27965,28195,28320,35182,35620,36910,38212,61591,66368,111864,117768,121077,125595,126721,134932,143357,150937,157855,160888,171007,171067,175404,176567,177267,180711,183377,184725,187697
2001-03-01,0.10994148254394531,0.09882750362157822,0.10094071924686432,0.10690937936306,0.09155601263046265,0.10926764458417892,0.0971236526966095,0.09153012931346893,0.09808985143899918,0.10261259973049164,0.10686128586530685,0.09555470943450928,0.1035769060254097,0.10449259728193283,0.09367380291223526,0.09620261937379837,0.08374813944101334,0.1048503890633583,0.10096638649702072,0.09412828087806702,0.10201767832040787,0.09056875854730606,0.09153012931346893,0.10461343824863434,0.11823911219835281,0.10223256796598434,,0.10986737161874771,0.08916457742452621,,,0.14216946065425873,0.11799497902393341,,0.10182363539934158,0.1442061960697174,0.09500676393508911,0.08916869759559631,,0.09057287871837616,0.09586695581674576,0.10241203010082245,0.10516144335269928,,,,,0.09290134906768799,0.1343054622411728,0.09548909962177277,0.11034359037876129,0.07923764735460281,0.12011614441871643,0.16018402576446533,0.10201767832040787,,,,,,,,,,,,,
2001-06-01,0.14307396113872528,0.1209389865398407,0.12277401238679886,0.09970708936452866,0.11532671749591827,0.15206792950630188,0.07014499604701996,0.07646375149488449,0.09043526649475098,0.11118897795677185,0.06966603547334671,0.10716778039932251,0.08404595404863358,-0.002589860465377569,0.09177959710359573,0.0705249235033989,0.1647001951932907,0.10281115025281906,0.11532671749591827,0.09458433836698532,0.07584566622972488,0.11327417194843292,0.06749893724918365,0.0813310444355011,0.14310121536254883,0.06361771374940872,,0.12353228032588959,0.06361771374940872,,,0.09241575002670288,0.07584566622972488,,0.0718025490641594,0.15035124123096466,0.08902847021818161,0.06323778629302979,,0.15479281544685364,0.11425046622753143,0.10140082985162735,0.1295609474182129,,,,,0.08520878851413727,0.06100568547844887,0.08730096369981766,0.08730096369981766,0.07881144434213638,0.11178881675004959,0.07717573642730713,0.07730506360530853,,,,,,,,,,,,,
2001-09-01,0.09860631823539734,0.10690591484308243,0.09722332656383514,0.09190792590379715,0.09860631823539734,0.08780407160520554,0.07847881317138672,0.07880537211894989,0.10690591484308243,0.08430641144514084,0.09190792590379715,0.09168912470340729,0.10017076879739761,0.07866445928812027,0.10017076879739761,0.07880537211894989,0.09777192026376724,0.07880537211894989,0.08792456239461899,0.07880537211894989,0.07880537211894989,0.09638754278421402,0.07880537211894989,0.0926714763045311,0.10099761933088303,0.07880537211894989,,0.10017076879739761,0.07880537211894989,,,0.07880537211894989,0.07880537211894989,,0.08780407160520554,0.10318920016288757,0.08642107993364334,0.09722332656383514,,0.09190792590379715,0.10690591484308243,0.09860631823539734,0.09098503738641739,,,,,0.10690591484308243,0.053391970694065094,0.10008516907691956,0.10213137418031693,0.08907072991132736,0.07521240413188934,0.07880537211894989,0.07880537211894989,0.07880537211894989,,,,,,,,,,,,
2001-12-01,0.08097518235445023,0.07625749707221985,0.045090202242136,0.08881457149982452,0.07820305973291397,0.07513992488384247,0.09902253746986389,0.09387288987636566,0.0737629309296608,0.06104343384504318,0.08262629061937332,0.08149027079343796,0.07745979726314545,0.014916907995939255,0.07745979726314545,0.0806807279586792,0.08109515905380249,0.0858771950006485,0.08253084868192673,0.07291501015424728,0.05166636034846306,0.08517962694168091,0.08262629061937332,0.08262629061937332,0.0782945528626442,0.07291501015424728,,0.08335050195455551,0.0806807279586792,,,0.07625749707221985,0.060034386813640594,,0.08262629061937332,0.08029373735189438,0.07469279319047928,0.07214386016130447,,0.07745979726314545,0.07026806473731995,0.0675046443939209,0.08883745223283768,,,,,0.0806807279586792,0.08136669546365738,0.08262629061937332,0.0961582213640213,0.07489648461341858,0.030262243002653122,0.07560195028781891,0.0858771950006485,0.08587761223316193,,,,,,,,,,,,
2002-03-01,0.055325400084257126,0.06135677918791771,0.0986112654209137,0.04694425314664841,0.04666593298316002,0.03445884957909584,0.08025377988815308,0.09060017019510269,0.03554683178663254,0.05388813465833664,0.007923033088445663,0.04234687611460686,0.021901963278651237,-0.04329042509198189,0.029204830527305603,0.03844710439443588,0.08689150959253311,0.0620926171541214,0.059267863631248474,0.0338064543902874,0.07184327393770218,0.046104829758405685,0.07330143451690674,0.05761108174920082,0.09241136163473129,0.01742815226316452,,0.055325400084257126,0.08358820527791977,,,0.041648413985967636,0.07569202780723572,,0.061041537672281265,0.03554683178663254,0.013163777068257332,0.03771369531750679,,0.05368458107113838,0.06491121649742126,0.04694425314664841,0.0986112654209137,,,,,0.049545180052518845,-0.032906390726566315,0.05316469818353653,0.06334611028432846,0.03027985990047455,0.1145598441362381,0.050096385180950165,0.12845680117607117,-0.019685374572873116,,,,,,,,,,,,
2002-06-01,0.07317876070737839,0.03574996441602707,0.12606996297836304,0.061801694333553314,0.018465062603354454,0.05620017647743225,0.10259362310171127,0.0702550932765007,0.005667201243340969,0.026771852746605873,0.021407492458820343,0.01067662425339222,0.04721469432115555,-0.12750966846942902,-0.13566474616527557,0.03638241067528725,0.009742425754666328,-0.016927184537053108,0.06006444990634918,0.0582926981151104,-0.013136775232851505,0.060800690203905106,0.012561080977320671,0.030813047662377357,0.051065266132354736,0.005848093423992395,,0.00933429691940546,0.08219645917415619,,,0.057572487741708755,0.03158683702349663,,0.05317247658967972,0.05663440003991127,0.120810866355896,0.04686668515205383,,0.06515465676784515,0.08242614567279816,0.02685844711959362,0.10607338696718216,,,,,0.030159395188093185,0.008647419512271881,0.057951368391513824,0.08301133662462234,0.04223945364356041,0.052876390516757965,0.05764821916818619,0.055909860879182816,0.07828446477651596,,,,,,,,,,,,
2002-09-01,0.08188865333795547,0.06902731955051422,0.020103078335523605,0.10023550689220428,0.033244237303733826,0.047998495399951935,0.11686453968286514,0.11819835007190704,0.08062862604856491,0.057646799832582474,-0.007974734529852867,0.09761685878038406,0.1431684046983719,0.0010924849193543196,0.019145598635077477,0.019097868353128433,-0.04822387546300888,0.07222985476255417,0.06164615973830223,0.015738535672426224,0.034703053534030914,0.05874353647232056,0.08134336024522781,0.056514643132686615,0.1191486194729805,0.026609769091010094,,0.06387481838464737,0.10059534013271332,,,0.06742852926254272,0.06623022258281708,,0.074020154774189,0.07508145272731781,0.04775203764438629,0.055980559438467026,,0.04470130056142807,0.02024640515446663,0.09800750762224197,0.10362464934587479,,,,,0.04461273178458214,0.04956670105457306,0.05874353647232056,0.1089925616979599,0.07276447117328644,0.1174083799123764,0.020947877317667007,0.10931529849767685,0.01084632147103548,,,,,,,,,,,,
2002-12-01,0.07629155367612839,0.05327196046710014,0.026239415630698204,0.07415638864040375,0.054121579974889755,0.046769220381975174,0.0645218938589096,0.06278444826602936,0.054121579974889755,-0.006577617023140192,0.026239415630698204,0.0685809999704361,0.07214769721031189,0.02149650640785694,0.06746604293584824,0.054121579974889755,0.052953142672777176,0.044684529304504395,0.03155573830008507,0.042338062077760696,0.058600787073373795,0.042338062077760696,0.07071075588464737,0.0714414119720459,0.04124058783054352,0.029707929119467735,,0.054121579974889755,0.0645218938589096,,,0.054121579974889755,0.06761860102415085,,0.05200086906552315,0.04157118871808052,0.04263262078166008,0.04102153703570366,,0.02571963518857956,0.054121579974889755,0.03791932761669159,-0.0008928884053602815,,,,,0.054121579974889755,-0.026684004813432693,0.03772770240902901,0.03961889073252678,0.059169553220272064,0.029234763234853745,0.04457579553127289,0.06599701195955276,0.055571816861629486,,,,,,,,,,,,
2003-03-01,-0.025922663509845734,0.12008929997682571,0.04743631184101105,0.053291838616132736,0.08110310137271881,0.0713501051068306,0.10976321995258331,0.13037316501140594,0.06462562829256058,0.04859558492898941,0.034920427948236465,0.07526763528585434,0.1256667673587799,-0.012965023517608643,-0.2219710648059845,0.07962717860937119,0.10941146314144135,0.06371735781431198,0.02148940972983837,0.05218047276139259,,0.05218047276139259,0.11094717681407928,0.10466432571411133,0.07742875814437866,0.0461789146065712,,0.06462562829256058,0.12978939712047577,,,0.04487798735499382,0.11118719726800919,,0.07697516679763794,0.05372067540884018,,0.09851628541946411,,0.05657625198364258,0.05037606135010719,-0.02288416214287281,0.02457893081009388,,,,,0.05089932680130005,0.022523896768689156,0.05875353142619133,0.1279514580965042,0.06015343219041824,0.11864088475704193,0.07347242534160614,0.18986910581588745,0.08566048741340637,0.07196732610464096,,,,,,,,,,,
2003-06-01,0.08490980416536331,0.04821983352303505,0.042358919978141785,0.08602100610733032,0.07571113854646683,0.07588992267847061,0.08616496622562408,0.0864577367901802,0.07512877136468887,0.05002439767122269,0.03708556666970253,0.07529521733522415,0.04821983352303505,0.03062066249549389,0.07571113854646683,0.07529521733522415,0.06350421160459518,0.03126710280776024,0.04961032792925835,0.01054383348673582,0.04086161032319069,0.04224636033177376,0.04977118968963623,0.07990612089633942,0.06644704937934875,-0.004198302049189806,,0.07512877136468887,-0.004517733119428158,,,0.07512877136468887,0.07512877136468887,,0.07894440740346909,0.03959786891937256,,0.06377651542425156,,0.07571113854646683,0.07512877136468887,0.019496779888868332,0.0402335561811924,,,,,0.03959786891937256,0.08468218892812729,0.04224636033177376,0.07512877136468887,0.07529521733522415,0.045633528381586075,0.07594737410545349,0.0458611398935318,0.04656684398651123,0.04656684398651123,,,,,,,,,,,
2003-09-01,0.12332339584827423,0.12785807251930237,-0.0032050630543380976,0.08780449628829956,-0.02233855612576008,0.06694662570953369,-0.12272149324417114,-0.059478022158145905,0.05548790842294693,0.060885243117809296,0.015299197286367416,0.07954385876655579,0.14997950196266174,-0.10675200074911118,-0.06232946738600731,0.0004651722847484052,0.10228638350963593,0.11745436489582062,0.03665825352072716,-0.028879893943667412,0.015296232886612415,0.054251253604888916,0.021997442469000816,0.1123962327837944,0.039084479212760925,0.038889262825250626,,0.04709409549832344,0.06461424380540848,,,0.01851205714046955,0.03536489978432655,,0.05809641629457474,0.06246880814433098,,0.03628847748041153,,0.03737160935997963,0.0031688418239355087,-0.13023635745048523,0.07099508494138718,,,,,-0.003915945999324322,0.01925826258957386,-0.05657345801591873,0.06501494348049164,-0.004707650281488895,-0.3444153368473053,0.09336978197097778,0.02022228017449379,0.06445511430501938,0.07698921114206314,,,,,,,,,,,
2003-12-01,0.0414557047188282,0.08119112998247147,-0.022767324000597,0.034782521426677704,-0.06615645438432693,0.029740728437900543,-0.06689242273569107,-0.11786741763353348,0.01681896671652794,0.046609360724687576,-0.1001841276884079,0.03244113549590111,0.08330214768648148,-0.05508451908826828,-0.001694293925538659,0.00880907941609621,0.1110701933503151,-0.01956973969936371,-0.01189812459051609,0.011828387156128883,0.014103544875979424,0.37307703495025635,-0.0396936871111393,0.10244723409414291,0.04761907085776329,0.017692308872938156,,0.019872678443789482,-0.09300032258033752,,,-0.042222749441862106,0.06582877039909363,,-0.0091553321108222,0.011914796195924282,-0.0022685108706355095,0.01644274964928627,,-0.06421563029289246,0.012337228283286095,-0.04808979108929634,-0.04110990837216377,,,,,-0.10942890495061874,-0.050160180777311325,0.020695744082331657,0.028695866465568542,0.005864370614290237,-0.13095273077487946,0.0918993428349495,-0.12373314797878265,0.02487349696457386,0.028051765635609627,,,,,,,,,,,
2004-03-01,0.049015484750270844,0.02186669409275055,-0.01353457197546959,0.04308941215276718,-0.04350358247756958,0.05573345348238945,0.016207756474614143,-0.023494180291891098,0.022562585771083832,0.05077477917075157,0.026565125212073326,-0.003175499849021435,0.008797178976237774,-0.007001281715929508,-0.09292376041412354,-0.002406776649877429,0.03727268800139427,0.004568362142890692,-0.004818364512175322,0.007214309647679329,0.0073836869560182095,0.038889240473508835,-0.004358023405075073,0.07166959345340729,0.026035968214273453,0.026147648692131042,,0.02228393219411373,0.019812671467661858,,,0.02540346048772335,0.04848257452249527,,-0.05382395163178444,0.004665790591388941,0.14972661435604095,-0.048289380967617035,,-0.0008459605160169303,0.014543107710778713,-0.002930087735876441,0.011692318134009838,,,,,0.006523468531668186,-0.011164863593876362,0.027119997888803482,0.06509673595428467,-0.02581372670829296,-0.0606846921145916,0.0977361872792244,-0.05987051874399185,0.004665790591388941,0.04681222885847092,,,,,,,,,,,
2004-06-01,0.026102865114808083,0.019224494695663452,0.009553219191730022,0.028714919462800026,0.016435397788882256,0.02355903387069702,0.0097471559420228,0.035516589879989624,0.025269223377108574,0.02375638112425804,0.009553219191730022,0.028714919462800026,0.021463626995682716,0.00718672713264823,-0.010951217263936996,-0.010951217263936996,0.019224494695663452,0.07792015373706818,0.009553219191730022,0.030994217842817307,0.007591991685330868,0.025895055383443832,0.019224494695663452,-0.0036208953242748976,0.03467315435409546,0.025700118392705917,,0.009984116069972515,-1.5519350199610926e-05,,,0.02529897354543209,0.021137604489922523,,0.01041538454592228,0.011725959368050098,0.08885762095451355,-0.0036208953242748976,,0.025828732177615166,0.02359067276120186,0.025269223377108574,-0.08618827164173126,,,,,0.03101436421275139,0.014772304333746433,0.006163654383271933,0.028714919462800026,0.011827641166746616,-0.009102919138967991,0.04559777304530144,-0.013419859111309052,0.009553219191730022,0.026666907593607903,,,,,,,,,,,
2004-09-01,0.06391698122024536,0.037492815405130386,0.010627036914229393,0.08064223825931549,0.04157513007521629,0.03478477522730827,0.03674841672182083,0.06651376187801361,0.03513516113162041,0.04402272030711174,0.02300131320953369,0.04408113285899162,0.04071006551384926,-0.05087700113654137,0.02411116287112236,0.0026097113732248545,0.03674841672182083,0.13422848284244537,0.0026097113732248545,0.0329829603433609,0.02891054004430771,0.021449323743581772,0.03674841672182083,-0.017376424744725227,0.04885483905673027,0.034664835780858994,,0.023418456315994263,-0.0010160724632441998,,,0.03891772776842117,0.06870440393686295,,-0.05892173573374748,0.017371252179145813,0.08306270092725754,-0.019214706495404243,,0.045283712446689606,0.02468663640320301,0.13764789700508118,0.011645549908280373,,,,,0.031382638961076736,0.03514809533953667,0.01766529120504856,0.06193125247955322,0.06196853145956993,-0.06705509126186371,0.08676254004240036,-0.024889875203371048,0.014576958492398262,0.08807879686355591,0.022166304290294647,,,,,,,,,,
2004-12-01,0.0487062893807888,0.031739119440317154,0.03518855571746826,0.048109591007232666,0.05902585759758949,0.01872522011399269,0.06877163797616959,0.061488471925258636,0.054348696023225784,0.04956643283367157,0.033312346786260605,0.09867139160633087,0.031739119440317154,0.010144096799194813,0.05484984442591667,0.020626267418265343,0.032202839851379395,0.07113884389400482,-0.015459937043488026,0.034166403114795685,0.016575099900364876,0.03315534070134163,0.02966318279504776,0.03318881243467331,0.04366610571742058,0.03315534070134163,,0.008437192998826504,0.0336594358086586,,,0.026493001729249954,0.05247002840042114,,-0.030766524374485016,0.03315534070134163,0.06276552379131317,0.10557311773300171,,-0.023477967828512192,0.047792866826057434,0.009721712209284306,0.031314752995967865,,,,,0.031155595555901527,0.03249097988009453,0.04620024934411049,0.06795884668827057,0.05555982515215874,-0.05328430235385895,0.010593937709927559,-0.05550462380051613,0.03318881243467331,0.06659302115440369,-0.0018815851071849465,,,,,,,,,,
2005-03-01,0.039228059351444244,0.055469997227191925,0.02294027805328369,0.04370309039950371,0.04157081991434097,0.010301480069756508,0.05406149849295616,0.06739437580108643,0.02294027805328369,0.05717228725552559,0.025515763089060783,0.0750117301940918,0.07405316829681396,-0.07027782499790192,-0.05615496635437012,0.016664784401655197,0.04789130762219429,0.08599983900785446,0.010000308975577354,0.03667070344090462,0.016860900446772575,0.016576964408159256,0.055469997227191925,0.03838640823960304,0.06254782527685165,0.016023684293031693,,0.016459917649626732,0.03695151209831238,,,0.00904307421296835,0.05688411742448807,,3.559798642527312e-05,0.010301480069756508,0.05595861375331879,0.039660364389419556,,0.05376800149679184,0.05688411742448807,0.027156421914696693,0.006199372000992298,,,,,0.015329686924815178,0.020761461928486824,0.03667070344090462,0.04664488509297371,-0.03301381692290306,0.026472579687833786,0.010134127922356129,0.016701946035027504,0.020761461928486824,0.09261995553970337,0.04595417156815529,0.024371782317757607,,,,,,,,,
2005-06-01,0.05716248229146004,0.0890316367149353,0.02964472398161888,0.04854864254593849,0.07728198915719986,-0.005482000764459372,0.0771011933684349,0.09794552624225616,0.011569870635867119,0.09542034566402435,0.020969780161976814,0.0986851155757904,0.0755712166428566,-0.074586883187294,0.05231408402323723,-0.00229250593110919,0.05764033645391464,0.1365489512681961,-0.0058868820779025555,0.06052346155047417,0.04173548147082329,0.012203573249280453,0.015696421265602112,0.03568445146083832,0.07709375768899918,0.01828768476843834,,0.03157033398747444,0.05187946557998657,,,0.008900116197764874,0.06264965981245041,,0.05247139930725098,0.02027199976146221,0.0662451907992363,-0.005298702511936426,,0.09610067307949066,0.08297181129455566,-0.03006031922996044,0.10462285578250885,,,,,0.011905859224498272,-0.07100660353899002,0.03576555475592613,0.08891037106513977,-0.005231540184468031,0.12611202895641327,0.0008155705872923136,0.07101193815469742,0.02668147161602974,0.14311961829662323,0.05657282844185829,0.062042489647865295,,,,,,,,,
2005-09-01,0.04935626685619354,0.09861566126346588,0.04302976652979851,0.01300126127898693,0.08683779835700989,-0.002526529598981142,0.013142462819814682,-0.0518227145075798,0.04147765785455704,0.05992843583226204,0.05863974243402481,0.08503074944019318,0.08751583844423294,0.03673478588461876,0.008907342329621315,0.03263891860842705,0.046966757625341415,0.3012489080429077,0.020558800548315048,0.04116128012537956,0.027299605309963226,0.011066380888223648,0.07333200424909592,0.026065167039632797,0.06139884516596794,0.01727062091231346,,0.05098750442266464,-0.03407333046197891,,,0.05948606878519058,0.07079588621854782,,0.0313982293009758,0.02321818098425865,0.05279422551393509,0.03945412486791611,,-0.005217756610363722,0.06540196388959885,-0.007146438583731651,0.08333306759595871,,,,,-0.02366674318909645,0.023291844874620438,0.0773264616727829,0.09210479259490967,0.021029340103268623,0.06539387255907059,-0.025211550295352936,0.06047146022319794,0.037972189486026764,0.10830168426036835,0.003161746310070157,0.05103815719485283,,,,,,,,,
2005-12-01,-0.018283916637301445,0.044984884560108185,0.019477399066090584,-0.001323519041761756,0.06168361008167267,0.01644589565694332,0.008659187704324722,-0.029385728761553764,0.021073225885629654,0.056182343512773514,0.04244169220328331,0.06868619471788406,0.044984884560108185,-0.02956538088619709,0.02068157121539116,0.016568806022405624,0.040160566568374634,0.06634566932916641,0.014884606935083866,0.0324249342083931,0.014016496948897839,0.017513152211904526,0.012686232104897499,0.019737888127565384,0.050810862332582474,0.01903829723596573,,0.0042315213941037655,0.01569887436926365,,,-0.016895126551389694,0.07078414410352707,,0.033645663410425186,0.03440731763839722,0.028200572356581688,0.03539174050092697,,-0.023927364498376846,0.06505337357521057,-0.04024307429790497,0.12126883864402771,,,,,0.016568806022405624,-0.012424347922205925,0.04087243974208832,0.03906131535768509,0.03284657374024391,0.039333876222372055,0.020489880815148354,0.0006801437120884657,0.022376026958227158,0.08767832070589066,0.048562582582235336,0.043669573962688446,,,,,,,,,
2006-03-01,0.013576229102909565,0.06777144968509674,0.017166418954730034,0.050703197717666626,0.026456531137228012,0.01615091972053051,0.04399317502975464,0.014786234125494957,0.01854710467159748,0.06758522987365723,0.04228891804814339,0.0600106455385685,0.06044520065188408,-0.022786585614085197,0.08112199604511261,0.018493184819817543,0.038072410970926285,0.05413022264838219,0.016793575137853622,0.03875549137592316,0.02440517581999302,-0.050016894936561584,0.02569698356091976,0.022470101714134216,0.056279316544532776,0.02474372088909149,,0.03570759296417236,0.022407738491892815,,,-0.014589532278478146,0.06392135471105576,,0.028947314247488976,0.0038232137449085712,0.032786741852760315,0.019367311149835587,,0.020588509738445282,0.03725207969546318,0.02074810117483139,0.05278084799647331,,,,,0.01614178903400898,0.03606431931257248,0.04174719378352165,0.059239666908979416,0.018874425441026688,0.03541642799973488,0.009070717729628086,0.004654911812394857,0.020320745185017586,0.11091084778308868,-0.021456656977534294,0.0357939638197422,,,,,,,,,
2006-06-01,0.015038229525089264,0.040244024246931076,0.013382982462644577,0.03836032748222351,0.05296676978468895,-0.04105076566338539,-0.037282466888427734,0.018051570281386375,0.03455989435315132,0.056108519434928894,0.0439547598361969,0.04489706829190254,0.06106480583548546,-0.05804389715194702,0.024718960747122765,0.015421058982610703,0.03510669246315956,0.06205560639500618,0.010773487389087677,0.044331420212984085,0.010803706012666225,0.015421058982610703,0.02077026665210724,0.03635503351688385,0.04296489804983139,0.02614971622824669,,0.017116738483309746,0.015608830377459526,,,0.03418658301234245,0.07665152847766876,,0.016207778826355934,-0.014778608456254005,0.03502795845270157,0.02110322378575802,,0.011526128277182579,0.03418658301234245,0.019224543124437332,0.050036750733852386,,,,,0.004523577634245157,-0.05910900607705116,0.04152465611696243,0.05267230421304703,0.010773487389087677,-0.09383219480514526,0.021558621898293495,0.027652159333229065,0.01980973593890667,0.017078116536140442,-0.04905577376484871,0.03734841197729111,,,,,,,,,
2006-09-01,0.016437910497188568,0.06524978578090668,0.015723969787359238,0.04149792715907097,0.0543232187628746,0.01562398299574852,0.015723969787359238,0.018246255815029144,0.061474259942770004,0.0433768667280674,-0.006271929480135441,0.04350053146481514,0.049307286739349365,0.005170528776943684,0.10600614547729492,0.015723969787359238,0.041416872292757034,0.0736691951751709,0.015723969787359238,0.029587961733341217,0.01972714625298977,0.01701580360531807,0.02989363484084606,0.015723969787359238,0.04328705370426178,0.023177241906523705,,0.02750481106340885,0.04265286400914192,,,0.03592211380600929,0.061832211911678314,,0.015723969787359238,-0.003727666102349758,0.038734160363674164,0.039235956966876984,,0.009206730872392654,0.45526978373527527,0.024625305086374283,-0.012012717314064503,,,,,-0.03598235547542572,0.016621500253677368,0.04985402151942253,0.04328705370426178,0.04360395669937134,-0.08360467106103897,0.014714473858475685,0.10692434012889862,0.016621500253677368,-0.042733438313007355,0.0465509332716465,0.038824234157800674,,,,,,,,,
2006-12-01,0.021758433431386948,0.0641077533364296,0.02310122922062874,0.04680052772164345,0.06298228353261948,0.010243549011647701,0.01939116045832634,0.038692232221364975,0.06241310387849808,0.04624054580926895,0.0287745613604784,0.06316722184419632,0.04673188179731369,0.007533811964094639,0.08830658346414566,0.020051103085279465,0.033071380108594894,0.07047925144433975,0.020809054374694824,0.030682163313031197,0.055019561201334,-0.012794134207069874,0.0670299232006073,0.02272292599081993,0.050339460372924805,0.027873799204826355,,-0.005815438460558653,0.03661667928099632,,,0.022885048761963844,0.0644543394446373,,-0.05043066665530205,0.02310122922062874,0.02619096264243126,0.012014311738312244,,-0.025436174124479294,0.06241310387849808,0.002271075267344713,-0.01760680042207241,,,,,0.020809054374694824,0.1020721048116684,0.0364895761013031,0.04680052772164345,0.05102835223078728,-0.04627666994929314,0.08406940847635269,0.0756329596042633,0.02250632271170616,-0.0150586673989892,0.018938124179840088,0.033437419682741165,,,,,,,,,
2007-03-01,0.028245938941836357,0.049531128257513046,0.02546202950179577,0.04285884276032448,0.04533281549811363,0.01850113458931446,0.32195356488227844,0.02951763942837715,0.06381982564926147,0.037373136729002,0.024851802736520767,0.04285884276032448,0.04961416497826576,-0.02641579881310463,0.06911368668079376,0.027998467907309532,0.04510466009378433,0.0911213681101799,0.024304935708642006,0.03985413908958435,0.07767943292856216,-0.004089624620974064,0.06194211170077324,0.020764609798789024,0.05496060475707054,0.030107200145721436,,0.06321471929550171,0.020576268434524536,,,0.02792169712483883,0.06346209347248077,,0.025567494332790375,0.0006808243924751878,0.01631043292582035,0.016029251739382744,,-0.0019103138474747539,0.06194211170077324,0.012941601686179638,0.0044392249546945095,,,,,0.023959631100296974,0.00416714558377862,0.049226418137550354,0.04285884276032448,0.06597548723220825,0.0008239151211455464,0.10141240805387497,0.07979431003332138,0.030296627432107925,0.027508854866027832,-0.0035927367862313986,0.038989339023828506,,,-0.03368168696761131,,,,,,
2007-06-01,0.04277787730097771,0.04975536838173866,-0.0012677854392677546,0.02943284995853901,0.0644414871931076,0.02260470576584339,-0.044320084154605865,0.03316756337881088,0.05009670928120613,0.03294356167316437,0.029778342694044113,0.06536977738142014,0.04806489869952202,-0.009388266131281853,0.04288245737552643,0.022824686020612717,0.0441361628472805,0.07945797592401505,0.01226089708507061,0.039015889167785645,-0.02825240232050419,-0.00244035548530519,0.006070535164326429,0.018859921023249626,0.040364935994148254,0.023546257987618446,,0.08024763315916061,0.03560732305049896,,,0.020918361842632294,0.0441361628472805,,0.020955726504325867,-0.00244035548530519,0.029634539037942886,0.022824686020612717,,0.01226089708507061,0.06782320886850357,0.038508594036102295,-0.0017045587301254272,,,,,0.01997680962085724,0.018596818670630455,0.023546257987618446,0.05930059775710106,0.059305496513843536,-0.08118446916341782,0.0845988467335701,0.03154606372117996,0.0034085260704159737,0.022824686020612717,-0.005324232392013073,0.04511763155460358,,,-0.03949838876724243,0.06245957314968109,,,,,
2007-09-01,0.04363648593425751,0.042242709547281265,0.017843026667833328,0.03910483792424202,0.017843026667833328,0.0041381740011274815,0.01713690347969532,0.03718032315373421,0.018017051741480827,0.04378555342555046,0.022265974432229996,0.04928073287010193,0.04700447991490364,-0.003419145243242383,0.026366062462329865,-0.0264639463275671,0.04150759428739548,0.06714167445898056,0.022248875349760056,0.04554753378033638,-0.02771972492337227,-0.025868069380521774,0.014782557263970375,0.010071233846247196,0.048270393162965775,0.022184226661920547,,0.04959946125745773,0.03627503663301468,,,0.01731092855334282,0.06256380677223206,,0.010071233846247196,0.015057830139994621,0.013665634207427502,0.013922885060310364,,0.018522094935178757,0.06256380677223206,0.03408518806099892,0.03974099084734917,,,,,-0.038980379700660706,0.00758413877338171,0.053218990564346313,0.06530573219060898,0.05323845520615578,-0.053062714636325836,0.02520998753607273,0.06308414787054062,0.0041381740011274815,0.07198251038789749,0.03479185327887535,0.028832439333200455,,,0.03580921143293381,0.08332355320453644,0.008901184424757957,,,,
2007-12-01,0.09107330441474915,0.06585326790809631,0.021843431517481804,0.0467822328209877,0.05750308558344841,0.012608636170625687,0.024279089644551277,0.037735890597105026,0.021843431517481804,0.04995869845151901,0.023289917036890984,0.05255457013845444,0.1446848213672638,0.00882678385823965,0.05136759951710701,0.021843431517481804,0.04246075451374054,0.03162030503153801,0.01591644436120987,0.03713185340166092,0.018281882628798485,-0.027790455147624016,0.021843431517481804,0.029315786436200142,0.05170782655477524,0.024748114868998528,,0.03889588639140129,0.05266978591680527,,,0.02218971587717533,0.03874211385846138,,0.027397701516747475,0.026836659759283066,-0.0006946846842765808,0.010757348500192165,,-0.0003708508738782257,0.04817831143736839,0.055418066680431366,0.013337472453713417,,,,,0.01591644436120987,-0.002377465134486556,0.04817831143736839,0.05490268021821976,-0.02215966209769249,0.009892837144434452,0.037984542548656464,0.047632426023483276,0.03162030503153801,0.024401830509305,-0.004038726445287466,-0.023177148774266243,,,0.013652699068188667,0.0814666822552681,0.025761660188436508,,,,
2008-03-01,0.03238164633512497,0.04705052822828293,0.017507880926132202,0.03816290944814682,0.033752717077732086,0.0076685878448188305,0.017507880926132202,0.03973795101046562,0.017507880926132202,0.03973795101046562,0.025468308478593826,0.06972647458314896,0.08481332659721375,-0.014239184558391571,0.05858183279633522,0.017507880926132202,0.057089969515800476,0.019449694082140923,0.017507880926132202,0.036688677966594696,0.044397104531526566,0.017507880926132202,0.05139719694852829,0.017507880926132202,0.041359126567840576,0.039124324917793274,,0.03838849812746048,0.01604805886745453,,,0.017507880926132202,0.05139719694852829,,0.017507880926132202,0.0407881960272789,0.025468308478593826,0.017507880926132202,,0.017507880926132202,0.048985134810209274,0.0589534156024456,-0.0549895241856575,,,,,0.017507880926132202,-0.038037680089473724,0.05165693536400795,0.043421611189842224,-0.023866407573223114,0.010925057344138622,0.03973795101046562,0.04309522360563278,0.021011091768741608,0.017507880926132202,0.03703897446393967,0.036144696176052094,,,-0.055413760244846344,0.10416234284639359,0.04806505888700485,,,,
2008-06-01,0.03765013441443443,0.044987112283706665,0.021637147292494774,0.023810863494873047,0.05599486455321312,0.012354967184364796,0.021836068481206894,0.038196396082639694,0.030810564756393433,0.03967813774943352,0.03574737161397934,0.06283619999885559,0.08042360097169876,0.001734735444188118,0.03822619840502739,0.02125641144812107,0.031792052090168,0.023169731721282005,0.021637147292494774,0.021836068481206894,0.01731720380485058,0.0060180979780852795,0.04389447346329689,0.039082758128643036,0.05001511424779892,0.04123355448246002,,0.06685178726911545,0.032626163214445114,,,0.021637147292494774,0.05427832156419754,,0.02310214936733246,0.015036881901323795,0.03574737161397934,0.02125641144812107,,0.021637147292494774,0.05281960219144821,0.07901991158723831,,,,,,0.021637147292494774,0.03947298228740692,0.06009448692202568,0.05388589948415756,0.05599486455321312,-0.007904648780822754,0.038196396082639694,0.0356428362429142,0.014549302868545055,0.04686175286769867,0.00927459355443716,0.033049412071704865,,,0.12915727496147156,0.06874606758356094,0.05896211415529251,,,,
2008-09-01,0.07951218634843826,0.05303655192255974,0.016869494691491127,0.031408924609422684,0.04550260305404663,0.016869494691491127,-0.040677621960639954,0.024704117327928543,0.040533967316150665,0.04279245063662529,0.05684914439916611,0.07084832340478897,0.1022343635559082,-0.02396353706717491,0.0406562015414238,0.016869494691491127,0.06130948290228844,0.014022854156792164,0.016869494691491127,0.005256889387965202,0.05062424764037132,0.01114954799413681,0.04070047289133072,0.04912164807319641,0.03660134971141815,0.018949005752801895,,0.0389769971370697,0.04402991011738777,,,0.016869494691491127,0.04606145620346069,,0.031368911266326904,0.01114954799413681,0.04645201936364174,0.016869494691491127,,0.027611570432782173,0.053907908499240875,0.05384740233421326,,,,,,-0.02351587824523449,0.013761785812675953,0.06515383720397949,0.05874663591384888,0.022451793774962425,0.016869494691491127,0.04144315421581268,0.04123988747596741,0.008601435460150242,0.0587601438164711,0.03214269503951073,0.04308675229549408,,,0.0017299380851909518,0.062204089015722275,0.050064973533153534,,,,
2008-12-01,0.031215712428092957,0.056379158049821854,0.02477060630917549,0.034725770354270935,0.04109225422143936,0.026024512946605682,0.04347692430019379,0.032276902347803116,0.04109225422143936,0.02836161106824875,0.013288881629705429,0.03677181899547577,0.046945780515670776,-0.0017675026319921017,0.03214988857507706,0.026024512946605682,0.015423525124788284,0.028520695865154266,0.02361959032714367,0.04109225422143936,0.02361959032714367,0.02361959032714367,0.038327183574438095,0.02361959032714367,0.03268498182296753,0.05540842190384865,,0.046128686517477036,0.04109225422143936,,,0.04109225422143936,0.04109225422143936,,0.02361959032714367,0.012549242936074734,0.032276902347803116,0.04109225422143936,,-0.057865507900714874,0.040149301290512085,0.021557757630944252,,,,,,0.03214988857507706,0.023232486099004745,0.04286232590675354,0.03677181899547577,0.02361959032714367,0.040595587342977524,0.030833065509796143,0.03214988857507706,0.04211366921663284,0.021729586645960808,0.027744431048631668,0.04286232590675354,,,0.14976145327091217,0.04008067026734352,0.049159977585077286,,,,
2009-03-01,0.09618645906448364,0.039654653519392014,0.03470984846353531,0.07451798021793365,0.03913174197077751,0.05698854848742485,0.05150743946433067,0.06122521311044693,0.04871895909309387,-0.017008880153298378,0.03433632478117943,0.05593378469347954,0.05055171623826027,0.05335494130849838,0.007068945560604334,0.04781825467944145,0.04415788874030113,0.030125243589282036,0.0427825003862381,0.04781825467944145,0.04415788874030113,0.03866870328783989,0.08133353292942047,0.03452196717262268,0.0515502393245697,0.09921131283044815,,-0.08381058275699615,0.03201538696885109,,,0.04781825467944145,0.05127421393990517,,0.02477985993027687,0.021079622209072113,0.03659243881702423,0.047630373388528824,,0.02560218796133995,0.05094960331916809,0.06130951642990112,,,,,,0.03496214747428894,-0.01675093173980713,0.051362358033657074,0.04365329071879387,0.025014283135533333,0.047630373388528824,0.019515572115778923,0.014449878595769405,0.07383377104997635,0.06695730239152908,0.045851871371269226,0.047630373388528824,,,0.09332042932510376,0.05103774741292,0.03340722993016243,,,,
2009-06-01,-0.19960153102874756,0.06642408668994904,0.028701109811663628,0.04304271936416626,0.0339822992682457,0.028835831210017204,0.03676040098071098,0.044493306428194046,0.028835831210017204,0.014404762536287308,-0.012252364307641983,0.043793756514787674,0.04643552750349045,-0.0007235873490571976,0.05644702911376953,0.028835831210017204,0.028591468930244446,0.042468421161174774,0.04028080776333809,0.039803341031074524,-0.1364976167678833,0.007455778308212757,-0.04655858129262924,0.041228387504816055,0.05250062420964241,0.024550462141633034,,0.0036960819270461798,0.03820502385497093,,,0.039803341031074524,0.03820502385497093,,0.02916533686220646,-0.09662120044231415,0.03231561928987503,0.03935373201966286,,0.007341887801885605,0.05077800899744034,0.06098311021924019,,,,,,0.028835831210017204,0.0247215386480093,0.0773916095495224,0.04557207226753235,0.03935373201966286,0.028835831210017204,0.05439639091491699,0.0549701564013958,0.04454469680786133,-0.15879246592521667,0.030757876113057137,0.028835831210017204,,,0.030918249860405922,0.05661332607269287,-0.1305556744337082,,,,
2009-09-01,-0.03126382827758789,0.04501193016767502,0.010221154429018497,0.04209838807582855,0.02601698972284794,0.002196315675973892,0.04893891140818596,0.041096996515989304,0.03193356469273567,0.022867800667881966,-0.07170523703098297,0.04210635647177696,0.03732253238558769,0.04569132253527641,-0.09092390537261963,0.03774929419159889,0.04361811652779579,0.03497058153152466,0.009670563973486423,0.02783041261136532,0.03759687393903732,0.010221154429018497,-0.05600225180387497,0.04893891140818596,0.05347476527094841,0.037172891199588776,,0.020266715437173843,0.03193356469273567,,,0.010221154429018497,0.039940282702445984,,0.007197400089353323,0.0069486601278185844,0.03814876452088356,0.04893891140818596,,-0.14543241262435913,0.03193356469273567,-0.07225755602121353,,,,,,0.046892229467630386,0.04789823666214943,0.04893891140818596,0.08529793471097946,0.009670563973486423,0.04893891140818596,0.05250024050474167,0.04332074895501137,0.03178253397345543,-0.1003282368183136,0.03356914967298508,-0.024729907512664795,,,-0.016735350713133812,0.0536157451570034,-0.06374473124742508,,,,
2009-12-01,0.013567869551479816,0.030206827446818352,0.011194790713489056,0.005580394063144922,0.02061484567821026,0.0091163981705904,0.030206827446818352,0.02659941464662552,0.028776865452528,0.02189207822084427,0.003853325266391039,0.06555012613534927,0.02061484567821026,-0.010250763036310673,0.02165111154317856,0.011194790713489056,0.0319003202021122,-0.01023936364799738,0.011194790713489056,0.011194790713489056,0.03120032325387001,-0.11436782032251358,-0.04849096015095711,0.01609635353088379,0.03433699160814285,0.02848208323121071,,0.02165111154317856,0.0196322500705719,,,0.011194790713489056,0.030206827446818352,,0.007206892594695091,0.018856598064303398,0.0267457515001297,0.01609635353088379,,-0.08597388863563538,0.030206827446818352,0.0196322500705719,,,,,,0.05658862739801407,0.05658862739801407,0.032882917672395706,0.07067360728979111,0.010913122445344925,0.03247770667076111,0.02659941464662552,0.02061484567821026,0.056306954473257065,0.02778095006942749,0.02819948084652424,0.011921005323529243,,,0.02691337652504444,0.02930431254208088,0.010589372366666794,0.029666295275092125,,,
2010-03-01,0.024428032338619232,0.023247934877872467,-0.0020012292079627514,0.009774881415069103,0.017471948638558388,-0.005252774804830551,0.006251332350075245,0.0196126326918602,0.016114333644509315,-0.05838201195001602,-0.07152049988508224,0.18165607750415802,0.008889136835932732,-0.027701804414391518,0.017471948638558388,-0.004361370112746954,0.013925091363489628,-0.06820730865001678,-0.00572492741048336,-0.005601424723863602,0.04689440876245499,-0.0017369944835081697,-0.012370659038424492,0.005879267584532499,0.013756786473095417,0.014321810565888882,,0.024428032338619232,0.017471948638558388,,,-0.0020012292079627514,0.017533058300614357,,0.0031613116152584553,0.002562558278441429,-0.018885089084506035,-0.04356131702661514,,-0.011896400712430477,0.023272687569260597,-0.09360270947217941,,,,,,-0.004053417127579451,-0.007574537768959999,-0.007961571216583252,0.2211245894432068,-0.01149330846965313,-0.007225179113447666,-0.01185504999011755,0.017471948638558388,-0.004661843180656433,0.024428032338619232,0.00769333029165864,0.06395964324474335,,,-0.019127879291772842,-0.009961437433958054,-0.0066822366788983345,0.025829516351222992,0.01747780479490757,,
2010-06-01,0.022251099348068237,0.03245751932263374,-0.006247979588806629,0.03506626561284065,0.012982410378754139,-0.00020063194097019732,0.02185220643877983,0.01785995438694954,-0.004045594483613968,0.004229323472827673,0.005381472874432802,0.03193363547325134,0.018308715894818306,0.0030964729376137257,0.012982410378754139,-0.009242779575288296,0.014153932221233845,-0.04011277109384537,-0.0068746828474104404,0.008556009270250797,-0.023379333317279816,-0.006554923485964537,0.024509159848093987,-0.003034858964383602,0.02185220643877983,0.015992091968655586,,0.01457812450826168,0.01016187109053135,,,-0.005483866669237614,0.014785312116146088,,0.005830009933561087,-0.0034062867052853107,0.022834887728095055,-0.005661742761731148,,-0.002959911013022065,0.018086029216647148,-0.058526135981082916,,,,,,-0.00016091758152469993,-0.002990003675222397,-0.010040937922894955,0.03229320049285889,-0.015891103073954582,-0.006700592581182718,0.022697996348142624,0.004809210542589426,-0.003962116781622171,0.028750592842698097,0.0016571226296946406,0.005789563525468111,,,-0.013752352446317673,0.023259326815605164,0.039200108498334885,0.010980804450809956,0.049371734261512756,,
2010-09-01,0.02068602479994297,0.01904657669365406,0.005741081200540066,0.010511670261621475,0.00823584757745266,0.005741081200540066,0.010511670261621475,-0.0020925842691212893,0.010511670261621475,-0.0020925842691212893,0.005741081200540066,0.015517180785536766,0.02068602479994297,0.006810783874243498,0.00823584757745266,0.005741081200540066,0.010511670261621475,-0.0020925842691212893,0.005741081200540066,0.005741081200540066,0.005741081200540066,0.005741081200540066,-0.03491925075650215,0.005741081200540066,0.010511670261621475,-0.03491925075650215,,0.010511670261621475,0.00823584757745266,,,0.005741081200540066,0.00823584757745266,,0.005741081200540066,0.005741081200540066,0.005741081200540066,0.005741081200540066,,0.0020483217667788267,0.010511670261621475,0.0040734633803367615,,,,,,0.005741081200540066,0.005741081200540066,0.005741081200540066,0.015517180785536766,0.005741081200540066,0.005741081200540066,0.005741081200540066,0.010511670261621475,-0.0020925842691212893,0.02068602479994297,0.00730243232101202,0.01904657669365406,,,-0.0020925842691212893,0.015517180785536766,0.005741081200540066,0.0010640346445143223,0.010143178515136242,,
2010-12-01,0.03719459846615791,0.019144674763083458,-0.0025651862379163504,0.02122354321181774,0.016156110912561417,-0.0022573131136596203,0.04228927195072174,0.015060736797749996,0.03943542763590813,-0.002740334952250123,-0.001173046650364995,0.039780061691999435,0.027498364448547363,-0.015094175934791565,0.016987837851047516,-0.0051060025580227375,0.014064189046621323,0.008499646559357643,-0.0032911356538534164,-0.0019314554519951344,-0.04213614761829376,-0.0015313629992306232,-0.007214306853711605,0.0010849513346329331,0.02288464643061161,0.051181234419345856,,-0.016201257705688477,0.020554248243570328,,,-0.0015685911057516932,0.020406268537044525,,-0.0008471900946460664,-0.0028414041735231876,0.013753381557762623,-0.0012100542662665248,,-0.050234243273735046,0.03675936535000801,0.01020178571343422,,,,,,-0.0035497120115906,-0.022692473605275154,-0.0022393292747437954,0.03653130307793617,0.0035963028203696012,0.1569923311471939,0.008885285817086697,0.027498364448547363,-0.0031501646153628826,0.05447041243314743,-0.018546413630247116,0.028707075864076614,,,-0.00047940819058567286,0.048209402710199356,-0.001184880267828703,0.02583685889840126,0.06001603603363037,-0.003323461627587676,
2011-03-01,0.05043855682015419,0.007582127116620541,-0.007383805699646473,0.02281261794269085,0.025570806115865707,-0.022758927196264267,0.03980320692062378,-0.02828289195895195,-0.0036138107534497976,-0.011957813054323196,-0.00886036828160286,0.0554019995033741,0.0632721409201622,-0.044260915368795395,0.06007140502333641,-0.0412834994494915,0.02839372493326664,-0.04354488477110863,-0.018056921660900116,-0.01400729175657034,-0.02229764498770237,-0.0016507202526554465,0.023304903879761696,-0.014503330923616886,0.04627905413508415,0.09303947538137436,,-0.0149966049939394,-0.013151990249752998,,,-0.007954049855470657,0.022880516946315765,,-0.013258223421871662,-0.006585810799151659,-0.017018882557749748,-0.00708253076300025,,-0.035287123173475266,0.04783666506409645,-0.032857805490493774,,,,,,-0.027793781831860542,-0.06459298729896545,-0.023210452869534492,0.04097791388630867,-0.017036395147442818,-0.018538927659392357,-0.017018882557749748,0.05281609669327736,-0.022052310407161713,0.04148450121283531,-0.008297131396830082,0.06516484171152115,,,-0.021486014127731323,0.05018777772784233,-0.009542505256831646,0.04026022553443909,0.02827911451458931,-0.020087830722332,
2011-06-01,0.03008933924138546,-0.008977432735264301,-0.010504557751119137,0.009508272632956505,0.013521479442715645,-0.017465075477957726,0.019754143431782722,-0.011001511476933956,0.010595856234431267,-0.017526749521493912,-0.010504557751119137,0.020684637129306793,0.011906739324331284,-0.011001511476933956,0.021763194352388382,-0.011095759458839893,-0.010995782911777496,-0.011001511476933956,-0.01087130606174469,-0.0077543556690216064,-0.06163255497813225,-0.008937937207520008,0.009735037572681904,-0.008937937207520008,0.01690634898841381,0.021131975576281548,,0.009692520834505558,-0.007273214403539896,,,0.018970919772982597,-0.01087130606174469,,-0.007387611549347639,-0.010504557751119137,-0.011001511476933956,-0.0077543556690216064,,-0.020095227286219597,0.04945835471153259,-0.01087130606174469,,,,,,-0.012007532641291618,-0.01503155380487442,-0.0201293732970953,0.018920427188277245,-0.023008469492197037,-0.010504557751119137,-0.011001511476933956,0.013637552037835121,-0.02393568493425846,0.021131975576281548,-0.036558907479047775,0.0514480285346508,,,-0.00788456667214632,0.021186508238315582,-0.01087130606174469,0.02005939744412899,-0.03912980854511261,-0.01087130606174469,
2011-09-01,0.05736064538359642,-0.015812130644917488,-0.00517509737983346,0.02670007385313511,0.020837729796767235,-0.014933419413864613,0.010304693132638931,-0.05289332941174507,-0.016816042363643646,-0.009085804224014282,-0.018263833597302437,0.03836844116449356,0.03071592189371586,-0.0978195071220398,0.04734332114458084,0.03766247257590294,-0.044476088136434555,-0.031978242099285126,-0.01667216792702675,-0.011948008090257645,-0.10838332027196884,-0.01399229560047388,0.011654160916805267,-0.007849171757698059,0.009818190708756447,0.043621186167001724,,-0.015477928332984447,-0.004869536962360144,,,0.0338515006005764,0.01088647823780775,,-0.008840911090373993,-0.02670695260167122,-0.02400495484471321,-0.004869536962360144,,-0.0338454432785511,0.002632283139973879,-0.09179036319255829,,,,,,-0.029398219659924507,0.058605656027793884,0.0018292712047696114,0.02748921699821949,-0.11461633443832397,0.011503872461616993,-0.025266248732805252,0.02494724653661251,-0.0594828762114048,0.02902350388467312,-0.14269906282424927,0.10195472091436386,,,-0.07028665393590927,0.03812016174197197,-0.029129885137081146,0.001826125429943204,-0.047756925225257874,-0.03264191001653671,
2011-12-01,0.027740292251110077,0.03995693847537041,-0.00441378029063344,0.030829712748527527,0.04382698982954025,0.004224909003823996,0.026242677122354507,-0.048122625797986984,0.014476071111857891,-0.011479157023131847,0.0024732404854148626,0.027835136279463768,0.03971726447343826,-0.002626638626679778,0.049012456089258194,0.0015885509783402085,-0.01593795418739319,-0.14369064569473267,0.003557512303814292,0.013120748102664948,-0.04706516116857529,0.002627502428367734,0.027837131172418594,0.02528546191751957,0.033324554562568665,0.028216950595378876,,0.025540491566061974,0.032604895532131195,,,0.03142210841178894,0.0023990427143871784,,0.0027910303324460983,0.002070554532110691,-0.009122828021645546,0.001503820181824267,,-0.0743887722492218,0.05170612409710884,-0.006509013939648867,,,,,,0.0011871845927089453,0.1413249671459198,0.014361071400344372,0.020120086148381233,-0.014499355107545853,0.03690614551305771,-0.011846580542623997,0.024990318343043327,-0.008806560188531876,0.0034672613255679607,-0.19833119213581085,0.06721096485853195,,,-0.05257738009095192,0.04293065890669823,0.003943068906664848,0.018158625811338425,0.050894785672426224,0.03758319094777107,
2012-03-01,0.039531413465738297,0.05605702847242355,0.0030761577654629946,0.03218395262956619,0.03363647311925888,0.01897585578262806,0.04109499976038933,0.015953868627548218,0.01974477246403694,0.015392554923892021,0.01804577186703682,0.03734513372182846,0.025698551908135414,0.019104983657598495,0.035465966910123825,0.01760626770555973,0.017704959958791733,0.02156556397676468,0.018686888739466667,0.019486024975776672,0.014614075422286987,0.029703782871365547,0.03223979473114014,0.018846236169338226,0.03213478624820709,0.01721823774278164,,0.031461283564567566,0.018357614055275917,,,0.028151877224445343,0.02120095305144787,,0.00997312180697918,0.02729794569313526,0.01624581590294838,0.01786894164979458,,0.011652029119431973,0.030867498368024826,-0.03984348475933075,,,,,,0.0289653018116951,-0.03858952224254608,0.018686888739466667,0.03703201562166214,0.016485579311847687,0.007821867242455482,0.01624581590294838,0.038544926792383194,0.017143644392490387,0.03013310581445694,-0.11345880478620529,0.0479317344725132,,,0.008124643936753273,0.03605528920888901,0.015953868627548218,0.03703201562166214,0.035341158509254456,0.034889113157987595,
2012-06-01,0.03068406879901886,0.0160050205886364,0.028272420167922974,-0.04379197582602501,0.026948586106300354,0.04319778084754944,0.026948586106300354,0.021112121641635895,0.04319778084754944,0.021112121641635895,0.03469933941960335,0.028879422694444656,0.028550779446959496,0.021112121641635895,0.020204909145832062,0.04784052073955536,0.021112121641635895,0.01646938920021057,0.029846610501408577,0.03256633132696152,0.01646938920021057,0.022588884457945824,0.027172071859240532,0.021112121641635895,0.026948586106300354,0.020204909145832062,,0.020204909145832062,0.021112121641635895,,,0.026324402540922165,0.021112121641635895,,0.03081894852221012,0.022588884457945824,0.021112121641635895,0.021112121641635895,,0.04319778084754944,0.026324402540922165,0.046933289617300034,,,,,,0.021112121641635895,0.011380706913769245,0.03469933941960335,0.028879422694444656,0.021112121641635895,0.012232954613864422,0.021112121641635895,0.02908187545835972,0.021112121641635895,0.01646938920021057,-0.022570775821805,0.028730060905218124,,,0.01655839942395687,0.030481616035103798,0.021112121641635895,0.028879422694444656,0.02908187545835972,0.010534128174185753,0.04116661474108696
2012-09-01,0.03504703566431999,0.014410802163183689,0.017196927219629288,0.003050590632483363,0.02452416718006134,0.017385398969054222,0.02452416718006134,0.024416182190179825,0.017385398969054222,0.023550406098365784,0.017196927219629288,0.02452416718006134,0.02452416718006134,0.019375842064619064,0.02452416718006134,0.014400362968444824,-0.004231829196214676,0.0035225062165409327,0.009533580392599106,0.017196927219629288,0.01850503496825695,0.017385398969054222,0.02452416718006134,0.01918737031519413,0.02452416718006134,-0.026223452761769295,,0.02452416718006134,0.01796283945441246,,,0.020641319453716278,0.017735593020915985,,0.014222338795661926,0.017385398969054222,0.01451845932751894,0.011938375420868397,,0.007331420201808214,0.020641319453716278,0.012336415238678455,,,,,,0.0007950711878947914,0.018832433968782425,0.017196927219629288,0.02452416718006134,0.017385398969054222,-0.005844400729984045,0.01451845932751894,0.02452416718006134,0.027421915903687477,0.008056622929871082,0.012413250282406807,0.020641319453716278,0.02180223912000656,-0.006237462162971497,-0.015700584277510643,0.02452416718006134,0.016419697552919388,0.02452416718006134,0.02452416718006134,-0.006859900895506144,0.020641319453716278
2012-12-01,0.03162249177694321,0.015053333714604378,0.015108342282474041,0.01345251314342022,0.021965602412819862,0.015108342282474041,0.021965602412819862,0.023416288197040558,0.01345251314342022,0.018955985084176064,0.018553053960204124,0.021965602412819862,0.021965602412819862,0.015108342282474041,0.021965602412819862,0.020654451102018356,0.018553053960204124,0.010729589499533176,0.015108342282474041,0.020654451102018356,0.018955985084176064,0.015108342282474041,0.021965602412819862,0.018553053960204124,0.021965602412819862,0.05301705002784729,0.057432904839515686,0.015806647017598152,0.022890320047736168,,,0.018553053960204124,0.01345251314342022,,0.018553053960204124,0.015108342282474041,0.01345251314342022,0.01345251314342022,,0.016580918803811073,0.01746247336268425,0.014445058070123196,,,,,,0.020654451102018356,-0.010568317957222462,0.018553053960204124,0.021965602412819862,0.015108342282474041,0.015053333714604378,0.01345251314342022,0.021965602412819862,0.018553053960204124,0.018955985084176064,0.006773095577955246,0.017407463863492012,0.057432904839515686,0.0008374253520742059,0.004933338612318039,0.021965602412819862,0.01345251314342022,0.021965602412819862,0.021965602412819862,0.016580918803811073,0.018553053960204124
2013-03-01,0.048188358545303345,0.015285728499293327,0.015285728499293327,-0.030053431168198586,0.01829639822244644,0.015285728499293327,0.01829639822244644,0.020514775067567825,0.015285728499293327,0.015285728499293327,0.015285728499293327,0.01829639822244644,0.01829639822244644,0.015285728499293327,0.015285728499293327,0.015285728499293327,0.015285728499293327,0.015285728499293327,0.015285728499293327,0.015285728499293327,0.015285728499293327,0.015285728499293327,0.01191509049385786,0.015285728499293327,0.01829639822244644,0.01665421389043331,0.015285728499293327,0.015285728499293327,0.015285728499293327,,,0.015285728499293327,0.015285728499293327,,0.015285728499293327,0.015285728499293327,0.015285728499293327,0.015285728499293327,,0.015285728499293327,0.015285728499293327,0.015285728499293327,,,,,,0.015285728499293327,0.011144628748297691,0.015285728499293327,0.01829639822244644,0.015285728499293327,0.015285728499293327,0.015285728499293327,0.01829639822244644,0.015285728499293327,0.015285728499293327,0.015285728499293327,0.015285728499293327,0.015285728499293327,0.01829639822244644,0.015285728499293327,0.048188358545303345,0.015285728499293327,0.01829639822244644,0.01829639822244644,0.015285728499293327,0.015285728499293327
2013-06-01,0.057845693081617355,0.019633617252111435,0.01954989694058895,0.025025688111782074,0.021435359492897987,0.01954086311161518,0.025025688111782074,0.032902613282203674,0.020297732204198837,0.020813116803765297,0.01954086311161518,0.021435359492897987,0.017816176638007164,0.01954086311161518,0.021435359492897987,0.01954086311161518,0.018690072000026703,0.03347136452794075,0.019633617252111435,0.019633617252111435,0.020813116803765297,0.01954086311161518,0.021435359492897987,0.01954086311161518,0.025025688111782074,0.021435359492897987,-0.009786593727767467,0.019633617252111435,0.019633617252111435,,,0.020297732204198837,0.019633617252111435,,0.01954989694058895,0.01954086311161518,-0.02193044312298298,0.01954086311161518,,0.01954086311161518,0.020306766033172607,0.01944694109261036,,,,,,0.01954086311161518,0.015918873250484467,0.01954086311161518,0.021435359492897987,0.01954086311161518,0.01954086311161518,0.01954086311161518,0.021435359492897987,0.023517880588769913,0.023517880588769913,0.01954086311161518,0.019642651081085205,0.01954086311161518,-0.038829054683446884,-0.02193044312298298,0.025025688111782074,0.01954086311161518,0.025025688111782074,0.021435359492897987,0.019633617252111435,0.019633617252111435
2013-09-01,0.1081867441534996,0.02007405087351799,0.02391083538532257,0.03665564954280853,0.015306718647480011,0.059691108763217926,0.03637201711535454,0.01774335466325283,0.019848031923174858,0.01981513388454914,0.03271171823143959,0.03366438299417496,0.037216488271951675,0.02577976882457733,0.02022375352680683,0.021128684282302856,0.01745613105595112,0.003913136199116707,0.020902665331959724,0.019596531987190247,0.01579749770462513,0.018539713695645332,0.033072520047426224,0.017804576084017754,0.0356101430952549,0.03998826816678047,0.033377088606357574,0.016014758497476578,0.017762862145900726,,,0.02007405087351799,0.01856769248843193,,0.003659894922748208,0.03248569741845131,-0.06816619634628296,0.018261658027768135,,0.020902665331959724,0.019930684939026833,0.015990914776921272,0.02229260466992855,,,,,0.07207008451223373,0.018539713695645332,0.02040434442460537,0.02885744348168373,0.013683672063052654,0.018539713695645332,0.019593164324760437,0.03084331564605236,0.020221685990691185,0.01884886622428894,0.018150418996810913,0.026964684948325157,0.011151665821671486,0.030483148992061615,-0.06816619634628296,0.035239316523075104,0.017778949812054634,0.035544440150260925,0.03421305492520332,0.016026509925723076,0.004968211520463228
2013-12-01,0.04380146041512489,0.023056332021951675,0.030529649928212166,0.024099012836813927,0.025209547951817513,0.02455482818186283,0.040666062384843826,0.020429961383342743,0.024502316489815712,0.024365203455090523,0.03729601576924324,0.03728039190173149,0.009998100809752941,0.019871152937412262,0.0398518405854702,0.025136929005384445,0.024781789630651474,0.02470911666750908,0.02455482818186283,0.025136929005384445,0.014435019344091415,0.014140874147415161,0.04135221242904663,0.030755383893847466,0.032047953456640244,0.025857167318463326,0.054425518959760666,0.019625306129455566,0.020429961383342743,,,0.025136929005384445,0.02454572170972824,,0.037099361419677734,0.02250981330871582,-0.01892728917300701,0.033958904445171356,,0.019625306129455566,0.025136929005384445,0.018203413113951683,0.052981071174144745,,,,,0.08004676550626755,-0.0057936240918934345,0.02341911569237709,0.033350612968206406,0.019625306129455566,0.022473476827144623,0.033958904445171356,0.03597775846719742,0.032791540026664734,0.019625306129455566,0.03351839631795883,0.02494027093052864,0.07432714104652405,0.03464414179325104,-0.0076386285945773125,0.04519254341721535,0.020429961383342743,0.033350612968206406,0.04552460461854935,0.020184114575386047,0.02494027093052864
2014-03-01,0.02963031269609928,0.022749217227101326,0.02976885251700878,-0.022745927795767784,0.039004016667604446,0.024449855089187622,0.024449855089187622,-0.021944470703601837,0.024449855089187622,0.025923267006874084,0.033061299473047256,0.03919701278209686,0.02427399344742298,0.025923267006874084,0.02492992952466011,0.02492992952466011,0.02492992952466011,0.022730566561222076,0.024449855089187622,0.02492992952466011,0.04003806784749031,0.046517882496118546,0.029741160571575165,0.02758593112230301,0.02963031269609928,,0.025582807138562202,0.02427399344742298,0.02427399344742298,,,0.02492992952466011,0.02492992952466011,,0.030880575999617577,0.020920921117067337,-0.0015941763995215297,0.033061299473047256,,0.026367707177996635,0.027478696778416634,0.021973030641674995,0.029282530769705772,,,,,0.06334415823221207,0.013722383417189121,0.01959676295518875,0.02963031269609928,0.02427399344742298,0.018740208819508553,0.03465073183178902,0.02963031269609928,0.03306487947702408,0.02427399344742298,0.03499824181199074,0.022749217227101326,0.03287703916430473,0.039004016667604446,0.010325983166694641,0.02963031269609928,0.02427399344742298,0.02963031269609928,0.02963031269609928,0.02427399344742298,0.022749217227101326
2014-06-01,0.03884449601173401,0.015072646550834179,0.03664278984069824,0.04817982390522957,0.023440245538949966,0.02272641286253929,0.023519553244113922,-0.005549566354602575,0.02744089625775814,0.02606547251343727,0.02812454290688038,0.05780651792883873,0.02257666178047657,0.025777321308851242,0.0550517812371254,0.024933170527219772,0.02489195391535759,0.012712787836790085,0.02744089625775814,0.02591606229543686,0.012551446445286274,0.01883634179830551,0.03215118870139122,0.026495041325688362,0.041322339326143265,,0.03825769200921059,0.011842533014714718,0.022434040904045105,,,0.02639402635395527,0.03052767738699913,,0.026256410405039787,0.027352089062333107,-0.09185469895601273,0.02487139031291008,,0.03147343546152115,0.02591606229543686,0.005580684170126915,0.036465056240558624,,,,,0.05122282728552818,0.007061397191137075,0.02591606229543686,0.06556291878223419,0.02457287721335888,0.02541268616914749,0.03522790968418121,0.035023175179958344,0.037674032151699066,0.031141845509409904,0.03824803605675697,0.026288222521543503,0.03485971316695213,0.01819056272506714,-0.0715583860874176,0.03566746413707733,0.023677414283156395,0.028196899220347404,0.035023175179958344,0.0251747015863657,0.020593775436282158
2014-09-01,0.025876078754663467,0.020933063700795174,0.025595057755708694,0.023737572133541107,0.02803790383040905,0.025595057755708694,0.025595057755708694,0.023737572133541107,0.025595057755708694,0.023737572133541107,0.025476109236478806,0.029605628922581673,0.023737572133541107,0.023737572133541107,0.025595057755708694,0.025476109236478806,0.025476109236478806,0.025595057755708694,0.025595057755708694,0.025476109236478806,0.023737572133541107,0.025595057755708694,0.023737572133541107,0.025623535737395287,0.025876078754663467,,0.02898874506354332,0.023737572133541107,0.023737572133541107,,0.029605628922581673,0.025476109236478806,0.02798309177160263,,0.02109268493950367,0.025595057755708694,0.014679113402962685,0.025476109236478806,,0.025595057755708694,0.02798309177160263,0.023737572133541107,0.023737572133541107,,,,,0.025643309578299522,0.020793428644537926,0.025476109236478806,0.058906543999910355,0.023737572133541107,0.025595057755708694,-0.015794355422258377,0.025876078754663467,0.025623535737395287,0.025595057755708694,0.02494577318429947,0.020933063700795174,0.021568698808550835,0.03421352431178093,-0.015794355422258377,0.025876078754663467,0.023737572133541107,0.025876078754663467,0.025876078754663467,0.023737572133541107,0.025476109236478806
2014-12-01,0.02615509368479252,0.022419527173042297,0.02178206294775009,0.023424575105309486,0.02417818270623684,0.02178206294775009,0.02417818270623684,0.023424575105309486,0.02417818270623684,0.028510741889476776,0.02392062358558178,0.03277469798922539,0.02417818270623684,0.02178206294775009,0.026433592662215233,0.026316743344068527,0.02454461343586445,0.02417818270623684,0.02417818270623684,0.02670787088572979,0.01645834557712078,0.021491605788469315,0.018743937835097313,0.026824720203876495,0.0290299654006958,,0.045927416533231735,0.02178206294775009,0.02670787088572979,0.02417818270623684,0.03061520867049694,0.026316743344068527,0.02392062358558178,,0.02392062358558178,0.02417818270623684,-0.07286045700311661,0.026433592662215233,,0.025151928886771202,0.02417818270623684,0.018743937835097313,0.03143712133169174,,,,,0.02670787088572979,0.002030693693086505,0.026940733194351196,0.029211271554231644,0.02417818270623684,0.02417818270623684,0.03081861138343811,0.029211271554231644,0.02733186073601246,0.02417818270623684,0.029797211289405823,0.020343629643321037,0.045927416533231735,0.045927416533231735,-0.07239606231451035,0.029211271554231644,0.02417818270623684,0.029211271554231644,0.02615509368479252,0.024288710206747055,0.031162764877080917
2015-03-01,0.03129907697439194,0.025663182139396667,0.025663182139396667,0.025663182139396667,0.025663182139396667,0.0200166217982769,0.025663182139396667,0.02160818688571453,0.025663182139396667,0.025663182139396667,0.0276136863976717,0.02696683257818222,0.025663182139396667,0.025663182139396667,0.025540804490447044,0.025540804490447044,0.03116459771990776,0.025663182139396667,0.025663182139396667,0.025540804490447044,0.03116459771990776,0.019215282052755356,0.02576475590467453,0.02726665884256363,0.025663182139396667,,0.028581438586115837,0.025663182139396667,0.02898772619664669,0.025663182139396667,0.025663182139396667,0.025212863460183144,0.027384411543607712,,0.025663182139396667,0.025663182139396667,0.027384411543607712,0.02543681487441063,,0.02603258565068245,0.03422859311103821,0.025313986465334892,0.027490610256791115,,,,,0.03191002830862999,0.02027343213558197,0.028763774782419205,0.025663182139396667,0.025663182139396667,0.025663182139396667,0.027384411543607712,0.025663182139396667,0.028763774782419205,0.025663182139396667,0.027806105092167854,0.034450337290763855,0.028581438586115837,0.028968339785933495,0.05539064481854439,0.025663182139396667,0.01195870153605938,0.025663182139396667,0.020302264019846916,0.025663182139396667,0.028763774782419205
2015-06-01,0.03110799565911293,0.0294357743114233,0.028468934819102287,0.02409827522933483,0.027741679921746254,0.017205163836479187,0.026673827320337296,0.02237113192677498,0.02870851941406727,0.027369825169444084,0.03781822696328163,0.028468934819102287,0.028468934819102287,0.018605494871735573,0.039431169629096985,0.030039414763450623,0.029043439775705338,0.033740922808647156,0.028468934819102287,0.028468934819102287,0.0152715053409338,0.018273016437888145,0.020813167095184326,0.019846327602863312,0.027741679921746254,,0.04272022843360901,0.01900027133524418,0.0283892210572958,0.027741679921746254,0.018381573259830475,0.02793942578136921,0.05362975597381592,,0.026675891131162643,0.0294357743114233,0.015542691573500633,0.027093403041362762,,0.0294357743114233,0.03556692600250244,0.019521327689290047,0.047339025884866714,,,,,0.028468934819102287,0.0152715053409338,0.027093403041362762,0.028817076236009598,0.028468934819102287,0.018273016437888145,0.03218443691730499,0.026673827320337296,0.03170643374323845,0.028519487008452415,0.01691615581512451,0.01923985593020916,0.04272022843360901,0.04272022843360901,0.023447168990969658,0.028468934819102287,-0.0019201490795239806,0.028468934819102287,0.017313720658421516,0.030533531680703163,0.026025550439953804
2015-09-01,0.056216541677713394,0.02896810695528984,0.02896810695528984,0.012288433499634266,0.02896810695528984,0.02895425446331501,0.02896810695528984,0.027735646814107895,0.02896810695528984,0.02896810695528984,0.028861818835139275,0.031027304008603096,0.02896810695528984,0.02896810695528984,0.02896810695528984,0.02857806719839573,0.02857806719839573,0.02896810695528984,0.029702428728342056,0.02857806719839573,0.022774865850806236,0.023295486345887184,0.02896810695528984,0.02857806719839573,0.02896810695528984,,0.03568499907851219,0.023295486345887184,0.02857806719839573,0.02896810695528984,0.023295486345887184,0.02857806719839573,0.043622974306344986,0.044038861989974976,0.02895425446331501,0.02896810695528984,0.031027304008603096,0.02857806719839573,,0.029702428728342056,0.03249786049127579,0.027735646814107895,0.02896810695528984,,,,,0.029702428728342056,0.022774865850806236,0.02857806719839573,0.023295486345887184,0.02896810695528984,0.023295486345887184,0.02857806719839573,0.02896810695528984,0.02857806719839573,0.02896810695528984,0.02857806719839573,0.023295486345887184,0.03568499907851219,0.03568499907851219,0.02896810695528984,0.02896810695528984,0.012288433499634266,0.02896810695528984,0.029702428728342056,0.02896810695528984,0.02857806719839573
2015-12-01,0.04265347123146057,0.029983757063746452,0.02595554105937481,0.029983757063746452,0.029983757063746452,0.025294452905654907,0.029983757063746452,0.029983757063746452,0.030944302678108215,0.029585082083940506,0.03047485463321209,0.029525481164455414,0.028476668521761894,0.023293135687708855,0.029983757063746452,0.03543301299214363,0.01858701929450035,0.03495650365948677,0.029983757063746452,0.03543301299214363,0.023293135687708855,0.02595554105937481,0.030944302678108215,0.029525481164455414,0.029983757063746452,,0.030364790931344032,0.02595554105937481,0.029525481164455414,0.029983757063746452,0.02595554105937481,0.029525481164455414,0.029525481164455414,0.05512270703911781,0.025294452905654907,0.030944302678108215,0.022541912272572517,0.029525481164455414,0.029983757063746452,0.0314667709171772,0.029525481164455414,0.0314667709171772,0.029983757063746452,,,,,0.04947616904973984,0.023293135687708855,0.029525481164455414,0.030944302678108215,0.029983757063746452,0.029983757063746452,0.029525481164455414,0.029983757063746452,0.03047485463321209,0.030928293243050575,0.03047485463321209,0.026916086673736572,0.04003285616636276,0.04003285616636276,0.029983757063746452,0.029983757063746452,0.02595554105937481,0.029983757063746452,0.026904914528131485,0.030944302678108215,0.029525481164455414
2016-03-01,0.023075254634022713,0.02997075393795967,0.037244703620672226,0.03021007776260376,0.024344708770513535,0.034176286309957504,0.03110337257385254,0.022297441959381104,0.036586131900548935,0.036032307893037796,0.04699305444955826,0.04480059817433357,0.024347228929400444,0.017642270773649216,0.031186426058411598,0.035139165818691254,-0.03605244308710098,0.0305828507989645,0.03383408859372139,0.03523048758506775,0.01027943380177021,0.02080376259982586,0.0362827368080616,0.028542257845401764,0.033235542476177216,,0.03354688733816147,0.02616027370095253,0.024484094232320786,0.03043529763817787,0.031884241849184036,0.030042821541428566,0.02866065688431263,0.06279624998569489,0.04395532235503197,0.035531606525182724,0.027422035112977028,0.030042821541428566,0.01392318494617939,0.05268339440226555,0.03694358468055725,0.008037133142352104,0.03148981183767319,,,,,0.07504449039697647,0.018228955566883087,0.030300606042146683,0.03815581649541855,0.0305828507989645,0.0305828507989645,0.03280286863446236,0.0321810245513916,0.03906228765845299,0.006999424193054438,0.025257037952542305,0.035139165818691254,-0.0011771036079153419,0.044215790927410126,0.03049979731440544,0.03233029320836067,0.03043529763817787,0.032328590750694275,0.023323582485318184,0.0305828507989645,0.02880004234611988
2016-06-01,0.07798890769481659,0.035914767533540726,0.03400265797972679,0.03408302366733551,0.03174728900194168,0.04147334396839142,0.027785519137978554,0.015986619517207146,0.03408302366733551,0.03667720407247543,0.04022533819079399,0.03174728900194168,0.026871075853705406,0.021061666309833527,0.027661118656396866,0.03414030000567436,0.03874468430876732,0.04761816933751106,0.030784856528043747,0.030922487378120422,0.023459812626242638,0.02931402437388897,0.03380955010652542,0.030922487378120422,0.03174728900194168,,0.0405699796974659,0.03195205330848694,0.028072228655219078,0.030784856528043747,0.03823144733905792,0.030922487378120422,0.016663743183016777,0.04457559809088707,0.05416351184248924,0.03400265797972679,-0.002062429441139102,0.030922487378120422,0.0318276546895504,0.038166288286447525,0.030922487378120422,0.016529709100723267,0.0361347571015358,,,,,0.030989618971943855,0.027400711551308632,0.030922487378120422,0.03513040021061897,0.030865218490362167,0.030784856528043747,0.03182777762413025,0.026746675372123718,0.03255828842520714,0.04081346467137337,0.03225770965218544,0.04074489697813988,0.047994934022426605,0.039787642657756805,0.035107195377349854,0.03199295327067375,0.030865218490362167,0.017942901700735092,0.02619028650224209,0.021890122443437576,0.030922487378120422
2016-09-01,0.04019642993807793,0.03010178729891777,0.029200730845332146,0.0342981293797493,0.029200730845332146,0.095391184091568,0.021689487621188164,0.008193353191018105,0.03339708596467972,0.027735313400626183,0.0391789972782135,0.03150806948542595,0.019579380750656128,0.008165741339325905,0.017525356262922287,0.033727824687957764,-0.03357918560504913,0.04830512776970863,0.029200730845332146,0.033727824687957764,0.0017893848707899451,0.020466255024075508,0.02808484621345997,0.03562603518366814,0.030607011169195175,,0.05177588388323784,0.02949330396950245,0.02738829143345356,0.029200730845332146,0.03089357167482376,0.03004281222820282,0.037215568125247955,0.03532221540808678,0.07202716171741486,0.0337868258357048,0.05096987262368202,0.03004281222820282,0.018170127645134926,0.03255361318588257,0.026827652007341385,0.015571323223412037,0.029124269261956215,,,,,0.041907407343387604,0.000778711459133774,0.03004281222820282,0.03089357167482376,0.030613107606768608,0.029200730845332146,0.03375748544931412,0.02218155562877655,0.035787809640169144,0.029124269261956215,0.03562603518366814,0.02757352590560913,0.056667398661375046,0.09538093954324722,0.11931595206260681,0.024993522092700005,0.0303729809820652,0.005927281454205513,0.027625534683465958,0.015673497691750526,0.03004281222820282
2016-12-01,0.04185311123728752,0.005137972999364138,0.0261750016361475,0.025378426536917686,0.025378426536917686,0.08108088374137878,0.025166025385260582,0.028748618438839912,0.03062255121767521,0.028376827016472816,0.028126373887062073,0.028501393273472786,0.020979803055524826,0.02750217728316784,0.026715951040387154,0.032748911529779434,0.04316549375653267,-0.02202288806438446,0.025166025385260582,0.032748911529779434,-0.04079282656311989,0.026387402787804604,0.03062255121767521,0.028126373887062073,0.027704818174242973,,0.08108088374137878,0.022695545107126236,0.020739663392305374,0.025166025385260582,0.02749241702258587,0.027504781261086464,0.02613036520779133,0.021653827279806137,0.08108088374137878,0.030410150066018105,0.026829760521650314,0.028456661850214005,0.023340068757534027,0.005688144825398922,0.01832074299454689,0.047931935638189316,0.025378426536917686,,,,,0.03282225877046585,-0.009236263111233711,0.03311784937977791,0.03062395006418228,0.02770840935409069,0.0261750016361475,0.04164412245154381,0.018533144146203995,0.030076369643211365,0.025378426536917686,0.028528589755296707,0.04532037302851677,0.08108088374137878,0.04185311123728752,0.09461488574743271,0.038023967295885086,0.025378426536917686,0.0034082820639014244,0.018533144146203995,0.005001829471439123,0.02728729508817196
2017-03-01,-0.015268850140273571,0.022202584892511368,0.022202584892511368,0.022202584892511368,0.02218497544527054,0.03574738651514053,0.022202584892511368,0.050316039472818375,0.022361114621162415,0.020516226068139076,0.025467440485954285,0.022202584892511368,0.02218497544527054,0.03941688314080238,0.02218497544527054,0.025467440485954285,0.025467440485954285,0.022202584892511368,0.023466723039746284,0.025467440485954285,0.025467440485954285,0.019986528903245926,0.025467440485954285,0.025467440485954285,0.022361114621162415,,0.03574738651514053,0.02218497544527054,0.015589538030326366,0.02218497544527054,0.022202584892511368,0.025467440485954285,0.02101638913154602,0.020841510966420174,0.03574738651514053,0.022202584892511368,0.020516226068139076,0.025467440485954285,-0.018436294049024582,0.017974888905882835,0.018893808126449585,0.017974888905882835,0.022361114621162415,,,,,0.02218497544527054,0.03941688314080238,0.025467440485954285,0.02098170854151249,0.020516226068139076,0.022202584892511368,0.028509054332971573,0.02218497544527054,0.025467440485954285,0.023466723039746284,0.017712118104100227,0.031995948404073715,0.008307631127536297,0.033224087208509445,0.09337815642356873,0.01880679465830326,0.018529916182160378,0.03995901718735695,0.020256049931049347,0.022202584892511368,0.02869168110191822
2017-06-01,-0.0005992639344185591,0.027977600693702698,0.01548601221293211,0.023396002128720284,0.023614753037691116,-0.014840690419077873,0.009854505769908428,0.06992712616920471,0.024012383073568344,0.027945376932621002,0.03407837450504303,0.026090001687407494,0.024067537859082222,0.021247880533337593,0.02339518442749977,0.021587420254945755,-0.02359413541853428,0.020732654258608818,0.023614753037691116,0.027836602181196213,0.020273329690098763,-0.0524783693253994,0.022752368822693825,0.028929583728313446,0.023371467366814613,,-0.009082164615392685,0.019468100741505623,0.016350701451301575,0.023604732006788254,0.01827915757894516,0.027836602181196213,0.02115783654153347,0.015993613749742508,-0.013197972439229488,0.02231774479150772,-0.04543802887201309,0.028396792709827423,0.01024436391890049,0.024316608905792236,0.033238135278224945,0.019755715504288673,0.01655891165137291,,,,,0.023614753037691116,0.028324170038104057,0.028396792709827423,0.04140002653002739,0.00733276316896081,0.018349535763263702,0.008922484703361988,0.01746479608118534,0.028671856969594955,0.023830905556678772,0.014646283350884914,0.015332610346376896,-0.010606619529426098,0.0848446637392044,0.06994225084781647,0.021639496088027954,0.014719679020345211,0.015510552562773228,0.015675561502575874,0.02484172210097313,0.028396792709827423
2017-09-01,0.012078985571861267,0.03284633532166481,-0.009578419849276543,0.016464170068502426,0.023509059101343155,0.012078985571861267,0.016464170068502426,0.048337314277887344,0.023509059101343155,0.016464170068502426,0.023509059101343155,0.03249214217066765,0.016464170068502426,0.009750309400260448,0.023509059101343155,0.02693667821586132,0.025241468101739883,-0.009578419849276543,0.023509059101343155,0.02693667821586132,0.01855938322842121,0.016464170068502426,0.020416704937815666,0.02693667821586132,0.023509059101343155,,0.02693667821586132,0.026067717000842094,0.02693667821586132,0.020416704937815666,0.026047872379422188,0.02693667821586132,0.025582145899534225,0.02693667821586132,-0.01394273154437542,0.016464170068502426,0.021310482174158096,0.02693667821586132,-0.009578419849276543,0.0216517373919487,0.025582145899534225,0.025582145899534225,0.023509059101343155,,,,,0.020416704937815666,0.009750309400260448,0.02693667821586132,0.0158942099660635,0.016464170068502426,0.019175443798303604,0.019175443798303604,0.025540592148900032,0.02693667821586132,0.023509059101343155,0.02693667821586132,0.021479882299900055,0.02693667821586132,0.020027969032526016,0.07900994271039963,0.025540592148900032,0.016464170068502426,-0.009578419849276543,0.025986382737755775,0.016464170068502426,0.02693667821586132
2017-12-01,0.02664707787334919,0.020237496122717857,0.025486161932349205,0.024695660918951035,0.025343764573335648,-0.009101822040975094,0.023701392114162445,0.019498251378536224,0.02929873764514923,0.01679745502769947,0.033944595605134964,0.02872641012072563,0.024722710251808167,0.015199413523077965,0.027282923460006714,0.028982926160097122,-0.005196650978177786,0.008176596835255623,0.022433120757341385,0.031050775200128555,0.0301218144595623,-0.0076943933963775635,0.03706164285540581,0.023055560886859894,0.025343764573335648,,0.01748068816959858,0.024618223309516907,0.021882101893424988,0.03039068914949894,-0.0009363513672724366,0.027519505470991135,0.026304058730602264,0.03341611102223396,0.011431688442826271,0.025683004409074783,0.012888317927718163,0.026606233790516853,0.016891691833734512,0.008491123095154762,0.025897543877363205,0.006960023660212755,0.0294785238802433,,,,,0.02985251694917679,-0.0014716467121616006,0.02433685213327408,-0.019093159586191177,0.024525867775082588,0.025683004409074783,0.00831849779933691,0.027150742709636688,0.025472311303019524,0.027413755655288696,0.03535902127623558,-0.005954010412096977,0.020039686933159828,0.031290482729673386,0.07931482046842575,0.010824362747371197,0.021373692899942398,0.033051442354917526,0.03935332968831062,0.027457015588879585,0.02433685213327408
2018-03-01,0.042043522000312805,0.004009495489299297,0.027627134695649147,0.02679620124399662,0.02101530134677887,0.07292614877223969,0.021736085414886475,0.045989539474248886,0.029330968856811523,-0.00764369685202837,0.032681576907634735,0.03098234534263611,0.023325707763433456,0.025658240541815758,0.02843768522143364,0.03153211623430252,-0.0077951932325959206,0.02622239850461483,0.02310187742114067,0.030751215294003487,0.02454819530248642,0.006512761581689119,0.03612373396754265,0.04398186877369881,0.02807220257818699,,-0.023586522787809372,0.027601607143878937,0.025080440565943718,0.028903136029839516,-0.0030111288651823997,0.024845603853464127,0.02677067369222641,0.024700243026018143,0.011889622546732426,0.018289431929588318,0.018362876027822495,0.02612965740263462,0.02604716271162033,-0.0034302971325814724,0.03606230393052101,0.011469614692032337,0.028161993250250816,,,,,0.021710557863116264,0.011961952783167362,0.02846321277320385,-0.009324313141405582,0.021637996658682823,0.02334190160036087,0.024064481258392334,0.030765311792492867,0.038065552711486816,0.03069676086306572,-0.003006083657965064,0.030152058228850365,-0.023881088942289352,0.04622362554073334,-0.010117776691913605,0.014396758750081062,0.02032686211168766,0.028578171506524086,0.03203985095024109,0.032883040606975555,0.026961341500282288
2018-06-01,0.031204229220747948,0.036584001034498215,0.02763657085597515,0.03136653080582619,0.027034277096390724,0.06729701906442642,0.026565726846456528,0.06052904576063156,0.03212619945406914,0.02049829252064228,0.02727677673101425,0.03069157712161541,0.024389958009123802,0.06850723922252655,0.03332601487636566,0.032951194792985916,-0.02196965366601944,0.017366470769047737,0.027742601931095123,0.0296870619058609,0.034951403737068176,-0.04692376032471657,0.02683190070092678,0.02617698535323143,0.029495224356651306,,0.016484279185533524,0.02764275297522545,0.03393981605768204,0.029495224356651306,-0.014436192810535431,0.03481597080826759,0.012499832548201084,0.01913340389728546,0.004994356073439121,0.04174984619021416,0.003122706664726138,0.027087369933724403,-0.016586430370807648,0.028918346390128136,0.031439684331417084,0.018761979416012764,0.02764275297522545,,,,,0.0324355773627758,0.0011364498641341925,0.029215054586529732,0.00652564549818635,0.021503526717424393,0.014913189224898815,0.010096905753016472,0.02764275297522545,0.023741822689771652,0.031372714787721634,0.028259463608264923,-0.021893685683608055,0.016708560287952423,0.024849075824022293,0.007602006662636995,0.01908177137374878,0.02763657085597515,0.015863968059420586,0.03138243034482002,0.005959837231785059,0.02820982038974762
2018-09-01,0.026013268157839775,0.024462388828396797,0.01809566468000412,0.027328113093972206,0.035451292991638184,-0.001453774399124086,0.06705177575349808,0.06199740990996361,0.03023427724838257,0.00967877171933651,0.02616172283887863,0.03614632040262222,0.015860410407185555,0.08463969826698303,0.029976578429341316,0.03478029742836952,-0.02185533009469509,0.03583948314189911,0.028585247695446014,0.04236577823758125,0.034192781895399094,-0.015148698352277279,0.033438052982091904,0.02876138687133789,0.03349364921450615,,0.033621180802583694,0.03801492229104042,0.019653158262372017,0.029241619631648064,0.012645019218325615,0.05435590073466301,0.032287463545799255,0.03318621963262558,0.0072118439711630344,0.07762866467237473,0.04254516214132309,0.03817756474018097,0.05106323957443237,0.008396363817155361,-0.00040777644608169794,0.0289454385638237,0.028928719460964203,,,,,0.03856617584824562,-0.0007837011362425983,0.03111289069056511,0.04322098568081856,0.022703077644109726,0.024555128067731857,0.021625284105539322,0.020579509437084198,0.0234158243983984,0.01905694045126438,0.014606957323849201,0.015016498044133186,0.017583807930350304,0.036383774131536484,0.015332663431763649,0.05115148797631264,0.023033790290355682,0.03222642466425896,0.04298868030309677,0.021957073360681534,0.022826796397566795
2018-12-01,0.05589509382843971,0.029141929000616074,0.02426830306649208,0.027989782392978668,0.0338510125875473,0.01954212412238121,0.0315277986228466,0.03634529560804367,0.032552506774663925,0.007568750996142626,0.02795175462961197,0.08686024695634842,0.021257810294628143,0.0937085971236229,0.0320671908557415,0.03780116140842438,0.002020160434767604,0.050543949007987976,0.018950389698147774,0.042691346257925034,0.022486437112092972,0.003409616881981492,0.030726060271263123,0.02573111653327942,0.030169710516929626,,0.05242687091231346,0.03404739499092102,0.015450812876224518,0.03228263556957245,0.03387534245848656,0.04021536558866501,0.04228655993938446,0.031083088368177414,0.016442030668258667,0.0722099170088768,0.028283925727009773,0.015996450558304787,0.06934648752212524,0.009925933554768562,0.018604354932904243,0.040119316428899765,0.023480616509914398,,,,,0.033056456595659256,0.01826464757323265,0.03517879918217659,0.016214145347476006,0.020555054768919945,0.027874089777469635,0.029631027951836586,0.025309331715106964,0.03273097798228264,0.03407561033964157,0.023642396554350853,0.038367584347724915,0.020280689001083374,0.008449222892522812,-0.03585461899638176,0.04505319893360138,-0.009182615205645561,0.021371232345700264,0.025598790496587753,0.027369171380996704,0.032014425843954086
2019-03-01,0.03596185892820358,0.03253752365708351,0.02970276027917862,0.030053935945034027,0.03259006887674332,0.038005683571100235,0.03374297916889191,0.047424837946891785,0.02970276027917862,0.02343030832707882,0.03264138475060463,0.05267634242773056,0.028133466839790344,0.03962845727801323,0.03565653786063194,0.0348697304725647,0.031570494174957275,0.04093365743756294,0.030493183061480522,0.035665981471538544,0.039506521075963974,0.027880705893039703,0.03666509687900543,0.033835917711257935,0.031944599002599716,0.04085772484540939,0.004580704029649496,0.030866937711834908,0.029946208000183105,0.03374297916889191,0.04509454220533371,0.036268092691898346,0.03671404346823692,0.04020087793469429,0.0267429631203413,0.03238558769226074,0.03684478625655174,0.03452308848500252,-0.01810828596353531,0.02881968393921852,0.03149368241429329,0.030675170943140984,0.030384108424186707,,,,,0.03206108510494232,0.0352974571287632,0.03449900820851326,0.04710911214351654,0.031266700476408005,0.03522608429193497,0.0295896977186203,0.04071803018450737,0.03350573778152466,0.020694760605692863,0.022457055747509003,0.030748430639505386,0.026643812656402588,0.03635547682642937,0.029637359082698822,0.05739161744713783,0.027662409469485283,0.03425712510943413,0.043972063809633255,0.02970276027917862,0.03449900820851326
2019-06-01,0.0354541540145874,0.034997548907995224,0.0033176958095282316,0.03494362533092499,0.03702452778816223,0.06103995069861412,0.033489033579826355,0.06284266710281372,0.03554794564843178,0.032359909266233444,0.01336328499019146,0.04041558876633644,0.06075277179479599,0.024975106120109558,0.03192329779267311,0.03877552971243858,0.0073456247337162495,0.020148534327745438,0.028882896527647972,0.0424853079020977,0.020541446283459663,0.02976396679878235,0.031159760430455208,0.034416958689689636,0.0041335877031087875,0.04404481500387192,0.0073051671497523785,0.034930866211652756,0.0291319377720356,0.037261467427015305,0.036205653101205826,0.03949291631579399,0.025715557858347893,0.035169266164302826,0.030138971284031868,0.039261363446712494,0.04529944434762001,0.0399613082408905,0.006790611892938614,0.04298119246959686,0.042183585464954376,0.038623176515102386,0.030601678416132927,,,,,0.03614722564816475,-0.024539608508348465,0.03856973350048065,0.07738561928272247,0.03184456750750542,0.03587774932384491,0.029637960717082024,0.031116047874093056,0.0319330096244812,0.033971283584833145,0.03394867479801178,0.04102931171655655,0.02409757487475872,0.03583420813083649,-0.06149676442146301,0.08422829955816269,0.023727791383862495,0.02436138689517975,0.03215755894780159,0.029853740707039833,0.031216472387313843
2019-09-01,0.04058370366692543,0.03340115398168564,0.03226040303707123,0.03340115398168564,0.04219495505094528,0.03758078068494797,0.035413481295108795,0.04730241745710373,0.03175286576151848,0.030355405062437057,0.03333720192313194,0.03721703216433525,0.03340115398168564,0.03292011469602585,0.03276771679520607,0.03658359497785568,0.030105972662568092,-0.013306177221238613,0.03426165506243706,0.03807753324508667,0.033257655799388885,0.024525539949536324,0.03276771679520607,0.03807753324508667,0.03426165506243706,0.03227854520082474,0.020734377205371857,0.031725216656923294,0.033373504877090454,0.034032076597213745,0.04352112114429474,0.03807753324508667,0.03922935947775841,0.03706600144505501,0.024525539949536324,0.03426165506243706,0.035623833537101746,0.03721703216433525,0.024322330951690674,0.03276771679520607,0.022993100807070732,0.033257655799388885,0.03426165506243706,0.03640219569206238,,,,0.03837907686829567,0.045496616512537,0.04060293734073639,0.05223587155342102,0.03340115398168564,0.03390869125723839,0.025850821286439896,0.034315723925828934,0.03721703216433525,0.03837907686829567,0.028601903468370438,0.016602331772446632,0.033373504877090454,0.0355612076818943,0.015947235748171806,0.05430373176932335,0.03175286576151848,0.032510168850421906,0.05322013795375824,0.015612488612532616,0.037153080105781555
2019-12-01,0.04858782887458801,0.03294973820447922,0.03406614810228348,0.03457552567124367,0.03986572101712227,0.0739741176366806,0.03433886915445328,-0.010329867713153362,0.017477458342909813,0.04195576161146164,0.035194121301174164,0.03589082881808281,0.031158961355686188,0.04128075763583183,0.03608175739645958,0.03687038645148277,0.027532674372196198,0.057454902678728104,0.04097016155719757,0.044739220291376114,0.043666817247867584,0.018106982111930847,0.03701164945960045,0.044042088091373444,0.037334151566028595,0.04713072627782822,0.0424734391272068,0.03433886915445328,0.03680125251412392,0.035909269005060196,0.06134719029068947,0.042472612112760544,0.040817078202962875,0.04537807032465935,0.018106982111930847,0.05021447688341141,0.04248607158660889,0.03817569464445114,0.03912057355046272,0.03797077015042305,0.015225788578391075,0.041769251227378845,0.040306735783815384,0.056203924119472504,0.042190372943878174,,,0.05510960519313812,0.023148080334067345,0.041603315621614456,0.03433223068714142,0.03491605818271637,0.0355830118060112,0.033937614411115646,0.034533582627773285,0.03754282370209694,0.0343305803835392,0.04189173877239227,0.038143694400787354,0.045024655759334564,0.035604506731033325,0.0015305113047361374,0.048965755850076675,0.03377380967140198,0.034739330410957336,0.05123031511902809,0.03457552567124367,0.03612875938415527
2020-03-01,0.04315529391169548,0.042107585817575455,0.030285155400633812,0.034611500799655914,0.03817707672715187,0.03689819946885109,0.044513821601867676,0.05248376727104187,0.037386197596788406,0.03330982103943825,-0.0034409344661980867,0.04667777195572853,0.019968777894973755,0.02819821424782276,0.037061907351017,0.040043532848358154,0.021196721121668816,0.0349578820168972,0.03649957850575447,0.04741986095905304,0.03505083546042442,0.037386197596788406,0.03954164311289787,0.04189430549740791,0.03669789806008339,0.038995105773210526,0.041174374520778656,0.04175649583339691,0.04191655293107033,0.035239484161138535,0.051837194710969925,0.051804009824991226,0.03445563092827797,0.04747946932911873,0.032605040818452835,0.0339004211127758,0.03492048755288124,0.03782543167471886,0.038928721100091934,0.029754064977169037,0.031038084998726845,0.04392680153250694,0.03880836442112923,0.05508262664079666,0.036117490381002426,,,0.04046309366822243,0.044445451349020004,0.04749422147870064,0.0025450075045228004,0.037386197596788406,0.017799032852053642,0.03982657194137573,0.04049479216337204,0.037033017724752426,0.03080887906253338,0.031670473515987396,0.0363529808819294,0.041174374520778656,0.0415048822760582,-0.02972738817334175,0.07529888302087784,0.0344013087451458,0.03641398996114731,0.03535432368516922,0.037386197596788406,0.03456345200538635
2020-06-01,0.04205980524420738,0.0276341550052166,0.03654908388853073,0.03560112416744232,0.03898570314049721,0.03921203315258026,0.04445210471749306,0.05862537771463394,0.03560112416744232,0.05131365358829498,0.06290938705205917,0.05058557167649269,0.016462212428450584,0.03500913828611374,0.03869876638054848,0.050818685442209244,0.04358312860131264,0.03840094059705734,0.037519510835409164,0.04670320823788643,0.03601079806685448,0.03560112416744232,0.038629598915576935,0.04670717939734459,0.05355619639158249,0.03937968239188194,0.04670717939734459,0.09544823318719864,0.05746015906333923,0.03719504922628403,0.06237274035811424,0.03913402184844017,0.04764050245285034,0.05262192338705063,0.02726464904844761,0.04303761571645737,0.04761264845728874,0.0453694611787796,0.04607345908880234,0.0413491427898407,0.03426181152462959,0.03459041565656662,0.04545042663812637,0.059477798640728,0.03883226215839386,,,0.0443720705807209,0.0276634618639946,0.04794086515903473,0.0027403892017900944,0.03560112416744232,0.034878507256507874,0.037557490170001984,0.04607345908880234,0.0453694611787796,0.038629598915576935,0.03480514883995056,0.034878507256507874,0.05746015906333923,0.04670717939734459,0.005688592791557312,0.024654900655150414,0.03560112416744232,0.03467487543821335,0.056337710469961166,0.03567485511302948,0.049247853457927704
2020-09-01,0.04224244877696037,0.03534937649965286,0.03755014017224312,0.03857669234275818,0.03883356973528862,0.042256519198417664,0.04104282706975937,0.04119611531496048,0.03882365673780441,0.03706018626689911,0.046044718474149704,0.04591824486851692,0.0363001823425293,0.042469996958971024,0.039102815091609955,0.044278595596551895,0.020602846518158913,0.03882365673780441,0.03798229247331619,0.04621574655175209,0.03863871470093727,0.03755014017224312,0.03968895599246025,0.051107387989759445,0.03696399927139282,0.04216263070702553,0.03491327539086342,0.04119611531496048,0.04536990076303482,0.03583873063325882,0.05202965810894966,0.040814224630594254,0.04151419177651405,0.04292001202702522,0.03618789091706276,0.04142918810248375,0.030158458277583122,0.042643047869205475,0.03480452671647072,0.03769838809967041,0.047213759273290634,0.03637143224477768,0.04000096395611763,0.040054287761449814,0.04038279131054878,,,0.04240620881319046,0.04608931019902229,0.04714762791991234,0.021549561992287636,0.03755014017224312,0.03543093055486679,0.0403376929461956,0.040962472558021545,0.042643047869205475,0.040814224630594254,0.036098919808864594,0.03575717657804489,0.03968895599246025,0.04526115208864212,0.012602348811924458,0.04649585112929344,0.03618789091706276,0.03985020890831947,0.04209420084953308,0.03755014017224312,0.0417591854929924
2020-12-01,0.03837994858622551,0.03428272157907486,0.03892706334590912,0.03837994858622551,0.038575951009988785,0.03837994858622551,0.03801407292485237,0.03837994858622551,0.03801407292485237,0.040289368480443954,0.04033516347408295,0.04033516347408295,0.03428272157907486,0.03837994858622551,0.038575951009988785,0.04073188453912735,0.02251988649368286,0.03892706334590912,0.038575951009988785,0.03832588344812393,0.03801407292485237,0.03892706334590912,0.03801407292485237,0.04033516347408295,0.03801407292485237,0.03837994858622551,0.023712392896413803,0.03837994858622551,0.04095986485481262,0.038575951009988785,0.04128093272447586,0.03801407292485237,0.04073188453912735,0.039525482803583145,0.04193168506026268,0.040458038449287415,0.04014427959918976,0.04073188453912735,0.023764045909047127,0.038575951009988785,0.03742184862494469,0.0392957404255867,0.03801407292485237,0.038251012563705444,0.038575951009988785,0.03824958950281143,,0.04378777742385864,0.03984060138463974,0.04073188453912735,0.013132701627910137,0.04159161448478699,0.03428272157907486,0.04021976888179779,0.03801407292485237,0.04073188453912735,0.03801407292485237,0.04159161448478699,0.038575951009988785,0.03639088571071625,0.04161179065704346,0.018677378073334694,0.0509769469499588,0.03892706334590912,0.04001305252313614,0.03837994858622551,0.03892706334590912,0.04073188453912735
2021-03-01,0.04055251181125641,0.03855746611952782,0.04154735431075096,0.040634602308273315,0.040739141404628754,0.040634602308273315,0.039048898965120316,0.041121698915958405,0.039048898965120316,0.039048898965120316,0.04237912595272064,0.03848244249820709,0.04105592146515846,0.040448397397994995,0.04055251181125641,0.039679355919361115,0.04055251181125641,0.04154735431075096,0.03855746611952782,0.04200318083167076,0.04343891143798828,0.039048898965120316,0.039225898683071136,0.04343891143798828,0.039225898683071136,0.03932283818721771,0.04343891143798828,0.040448397397994995,0.03849531337618828,0.03855746611952782,0.041696980595588684,0.04098648205399513,0.039863646030426025,0.036968547850847244,0.040554530918598175,0.039225898683071136,0.039863646030426025,0.04055251181125641,0.0508282296359539,0.04154735431075096,0.038418639451265335,0.04099634662270546,0.039048898965120316,0.04343891143798828,0.03826841339468956,0.0319599024951458,,0.03893684595823288,0.03921237587928772,0.03953695669770241,0.029585015028715134,0.03791656717658043,0.03855746611952782,0.03914853557944298,0.039048898965120316,0.039679355919361115,0.040841419249773026,0.013167294673621655,0.04055251181125641,0.04343891143798828,0.04098648205399513,0.03967701643705368,0.04150262475013733,0.03876423463225365,0.042365413159132004,0.039225898683071136,0.04172435402870178,0.04055251181125641
2021-06-01,0.033426497131586075,0.033426497131586075,0.03326341137290001,0.0336100198328495,0.035103119909763336,0.03326341137290001,0.033426497131586075,0.0336100198328495,0.033426497131586075,0.02833673171699047,0.011352081783115864,0.011352081783115864,0.041696108877658844,0.0336100198328495,0.035103119909763336,0.03468954190611839,0.035103119909763336,0.03326341137290001,0.033426497131586075,0.035103119909763336,0.03326341137290001,0.033426497131586075,0.033426497131586075,0.035103119909763336,0.033426497131586075,0.03326341137290001,0.035103119909763336,0.0336100198328495,0.035103119909763336,0.033426497131586075,0.00987294688820839,0.033426497131586075,0.035103119909763336,0.02989414520561695,0.027010688558220863,0.033426497131586075,0.02833673171699047,0.035103119909763336,0.03326341137290001,0.041696108877658844,0.03326341137290001,0.03326341137290001,0.03326341137290001,0.035103119909763336,0.035103119909763336,0.046644698828458786,,0.0336100198328495,0.02989414520561695,0.03692216798663139,0.037275537848472595,0.03326341137290001,0.033426497131586075,0.03405625745654106,0.03326341137290001,0.02833673171699047,0.0336100198328495,0.027010688558220863,0.033426497131586075,0.033426497131586075,0.035103119909763336,0.03405625745654106,0.03179788589477539,0.03326341137290001,0.03468954190611839,0.033426497131586075,0.033426497131586075,0.035103119909763336
2021-09-01,0.042816974222660065,0.04153881594538689,0.04154790937900543,0.044325295835733414,0.042816974222660065,0.040831711143255234,0.04098174721002579,0.044325295835733414,0.04153881594538689,0.040831711143255234,0.04153881594538689,0.042816974222660065,0.022732818499207497,0.044325295835733414,0.042816974222660065,0.042816974222660065,0.04402467980980873,0.041697945445775986,0.04153881594538689,0.033613938838243484,0.040831711143255234,0.04153881594538689,0.04153881594538689,0.042816974222660065,0.040831711143255234,0.040831711143255234,0.042816974222660065,0.044325295835733414,0.042816974222660065,0.04153881594538689,0.045685261487960815,0.04153881594538689,0.042816974222660065,0.033613938838243484,0.03234431520104408,0.04153881594538689,0.03234431520104408,0.042816974222660065,0.027404410764575005,0.042255014181137085,0.040831711143255234,0.040831711143255234,0.040831711143255234,0.042816974222660065,0.044325295835733414,0.05391453951597214,0.04153881594538689,0.044325295835733414,0.03932306542992592,0.046277087181806564,0.04153881594538689,0.042816974222660065,0.042816974222660065,0.045685261487960815,0.04153881594538689,0.042816974222660065,0.044325295835733414,0.03234431520104408,0.042816974222660065,0.042816974222660065,0.042816974222660065,0.046277087181806564,0.027404410764575005,0.040831711143255234,0.045685261487960815,0.04153881594538689,0.04153881594538689,0.042816974222660065
2021-12-01,0.03671152889728546,0.04010551795363426,0.042848020792007446,0.039493076503276825,0.04010551795363426,0.039493076503276825,0.039493076503276825,0.039493076503276825,0.0396747812628746,0.039493076503276825,0.03671152889728546,0.04010551795363426,-0.0005077833193354309,0.039493076503276825,0.04010551795363426,0.04010551795363426,0.042848020792007446,0.0396747812628746,0.0396747812628746,0.0396747812628746,0.03799893334507942,0.0396747812628746,0.0396747812628746,0.040410879999399185,0.039493076503276825,0.039493076503276825,0.04010551795363426,0.03870311751961708,0.03914707154035568,0.0396747812628746,-0.0005077833193354309,0.04010551795363426,0.04010551795363426,0.040410879999399185,0.02890085242688656,0.0396747812628746,0.04010551795363426,0.04010551795363426,0.04517931863665581,0.0396747812628746,0.03652982413768768,0.039493076503276825,0.039493076503276825,0.04010551795363426,0.0396747812628746,0.06268896907567978,0.0396747812628746,0.0396747812628746,0.040410879999399185,0.041182007640600204,0.03888482227921486,0.042848020792007446,0.04010551795363426,0.042848020792007446,0.0396747812628746,0.04010551795363426,0.03799893334507942,0.042848020792007446,0.0396747812628746,0.04010551795363426,0.04010551795363426,0.04238293692469597,0.03545067831873894,0.039493076503276825,0.02890085242688656,0.0396747812628746,0.0396747812628746,0.04010551795363426
2022-03-01,0.04077814519405365,0.04155249893665314,0.04077814519405365,0.04077814519405365,0.042906712740659714,0.0435926727950573,0.04077814519405365,0.0435926727950573,0.04077814519405365,0.04077814519405365,0.04155249893665314,0.042906712740659714,0.04077814519405365,0.0435926727950573,0.042906712740659714,0.042906712740659714,0.036220159381628036,0.04077814519405365,0.04077814519405365,0.0435926727950573,0.042906712740659714,0.04077814519405365,0.04077814519405365,0.0435926727950573,0.04077814519405365,0.05039931833744049,0.042906712740659714,0.0435926727950573,0.042906712740659714,0.04077814519405365,0.04077814519405365,0.042906712740659714,0.04155249893665314,0.04061642289161682,0.04077814519405365,0.04077814519405365,0.04077814519405365,0.042906712740659714,0.04077814519405365,0.04077814519405365,0.04077814519405365,0.04077814519405365,0.04077814519405365,0.04077814519405365,0.06206634268164635,0.05198272317647934,0.04077814519405365,0.0435926727950573,0.06206634268164635,0.042906712740659714,0.04077814519405365,0.04077814519405365,0.042906712740659714,0.04077814519405365,0.04077814519405365,0.042906712740659714,0.0435926727950573,0.038569558411836624,0.04077814519405365,0.042906712740659714,0.04061642289161682,0.042906712740659714,0.04317257180809975,0.04077814519405365,0.04077814519405365,0.04077814519405365,0.04077814519405365,0.042906712740659714
2022-06-01,0.04249221086502075,0.04303130507469177,0.04249221086502075,0.04273499920964241,0.04303130507469177,0.04498652368783951,0.04273499920964241,0.042168278247117996,0.04303130507469177,0.04273499920964241,0.04303130507469177,0.04303130507469177,0.04249221086502075,0.042168278247117996,0.04249221086502075,0.04303130507469177,0.039072006940841675,0.04273499920964241,0.04303130507469177,0.043560151010751724,0.04114282503724098,0.04303130507469177,0.04303130507469177,0.04326384514570236,0.04273499920964241,0.10240114480257034,0.04068398103117943,0.042168278247117996,0.04273499920964241,0.04303130507469177,0.04249221086502075,0.04303130507469177,0.04273499920964241,0.04326384514570236,0.04273499920964241,0.04303130507469177,0.04303130507469177,0.04303130507469177,0.04650146886706352,0.04303130507469177,0.04273499920964241,0.04273499920964241,0.04084785655140877,0.043560151010751724,0.04303130507469177,0.04868226498365402,0.04068398103117943,0.04498652368783951,0.043560151010751724,0.04249221086502075,0.04303130507469177,0.04273499920964241,0.04273499920964241,0.04273499920964241,0.04303130507469177,0.04273499920964241,0.04791339114308357,0.04303130507469177,0.04249221086502075,0.04303130507469177,0.04114282503724098,0.04014488682150841,0.04280123487114906,0.04273499920964241,0.04303130507469177,0.04791339114308357,0.04303130507469177,0.04249221086502075
2022-09-01,0.04420184716582298,0.046301037073135376,0.047642335295677185,0.047642335295677185,0.046301037073135376,0.047642335295677185,0.04420184716582298,0.045967210084199905,0.0448821596801281,0.04420184716582298,0.046301037073135376,0.04669773578643799,0.037933800369501114,0.045967210084199905,0.046301037073135376,0.046301037073135376,0.04596720263361931,0.04704726114869118,0.047642335295677185,0.04715702682733536,0.045967210084199905,0.047642335295677185,0.047642335295677185,0.045967210084199905,0.04420184716582298,0.10698065161705017,0.04669773578643799,0.045967210084199905,0.04669773578643799,0.04420184716582298,0.047642335295677185,0.046301037073135376,0.04669773578643799,0.04715702682733536,0.0448821596801281,0.04420184716582298,0.047642335295677185,0.04669773578643799,0.04715702682733536,0.0483226478099823,0.046301037073135376,0.0448821596801281,0.04420184716582298,0.04891177639365196,0.04439036175608635,0.04761555418372154,0.0448821596801281,0.04420184716582298,0.045967210084199905,0.047480035573244095,0.04923512786626816,0.04420184716582298,0.04420184716582298,0.04420184716582298,0.04420184716582298,0.04669773578643799,0.0466279610991478,0.04420184716582298,0.046301037073135376,0.047642335295677185,0.04973074048757553,0.04910625144839287,0.052632834762334824,0.04420184716582298,0.04669773578643799,0.045967210084199905,0.04420184716582298,0.04669773578643799
2022-12-01,0.05127839744091034,0.04864741116762161,0.04718770086765289,0.047864288091659546,0.04281517490744591,0.05127839744091034,0.046404577791690826,0.047036800533533096,0.04718770086765289,0.04537779837846756,0.04864741116762161,0.04281517490744591,0.04830922931432724,0.046404577791690826,0.04864741116762161,0.04864741116762161,0.04903874918818474,0.06852681189775467,0.04864741116762161,0.046404577791690826,0.05127839744091034,0.04254373162984848,0.05127839744091034,0.04380624368786812,0.04537779837846756,0.04647701606154442,0.049585115164518356,0.06564761698246002,0.03766445443034172,0.05127839744091034,0.05127839744091034,0.04830922931432724,0.05127839744091034,0.05127839744091034,0.05127839744091034,0.04864741116762161,0.04864741116762161,0.05127839744091034,0.052656009793281555,0.04718770086765289,0.046404577791690826,0.04647701606154442,0.04142790287733078,0.050847627222537994,0.050847627222537994,0.06655469536781311,0.07093887031078339,0.04718770086765289,0.05127839744091034,0.04830922931432724,0.05975140631198883,0.05254090949892998,0.05127839744091034,0.04254373162984848,0.05127839744091034,0.04864741116762161,0.047864288091659546,0.05127839744091034,0.04864741116762161,0.05127839744091034,0.05254090949892998,0.049585115164518356,0.052656009793281555,0.04718770086765289,0.04864741116762161,0.05254090949892998,0.04718770086765289,0.05127839744091034
2023-03-01,0.04906703904271126,0.04773937910795212,0.047203611582517624,0.04908984526991844,0.04798077791929245,0.05017725005745888,0.047203611582517624,0.047203611582517624,0.047203611582517624,0.04595723748207092,0.04673440381884575,0.04798077791929245,0.047203611582517624,0.04656897485256195,0.04798077791929245,0.04798077791929245,0.04906703904271126,0.0541999489068985,0.04798077791929245,0.047203611582517624,0.034856703132390976,0.04906703904271126,0.04906703904271126,0.04906703904271126,0.04773937910795212,0.05528910830616951,0.04879331588745117,-0.012752091512084007,0.04906703904271126,0.04906703904271126,0.04906703904271126,0.047203611582517624,0.04906703904271126,0.04906703904271126,0.05221870541572571,0.04798077791929245,0.04773937910795212,0.04906703904271126,0.050014618784189224,0.043925244361162186,0.04773937910795212,0.047203611582517624,0.048312678933143616,0.049099911004304886,0.049099911004304886,0.05086781084537506,0.05156886950135231,0.04908984526991844,0.04906703904271126,0.04773937910795212,0.04906703904271126,0.04906703904271126,0.04906703904271126,0.04020262509584427,0.04906703904271126,0.04798077791929245,0.047203611582517624,0.04879331588745117,0.04798077791929245,0.04906703904271126,0.04906703904271126,0.04879331588745117,0.050014618784189224,0.047203611582517624,0.04908984526991844,0.04906703904271126,0.047203611582517624,0.04906703904271126
2023-06-01,0.04076268896460533,0.04021333530545235,0.04021333530545235,0.04397355765104294,0.04062306135892868,0.046166449785232544,0.039938054978847504,0.0425715371966362,0.043210480362176895,0.041005365550518036,0.04021333530545235,0.043210480362176895,0.04062306135892868,0.024001406505703926,0.04062306135892868,0.04021333530545235,0.04155471920967102,0.040077682584524155,0.04021333530545235,0.042905982583761215,0.04411318525671959,0.04103544354438782,0.04308870807290077,0.001442487584426999,0.043210480362176895,0.039938054978847504,0.04076268896460533,0.04030081257224083,0.04155471920967102,0.04076268896460533,0.043350107967853546,0.039938054978847504,0.040077682584524155,0.04155471920967102,0.04103544354438782,0.04021333530545235,0.04048608988523483,0.04103544354438782,0.04030081257224083,0.04048608988523483,0.040895815938711166,0.040895815938711166,0.04048608988523483,0.04076268896460533,0.04076268896460533,0.04504979029297829,0.04283548891544342,0.04048608988523483,0.04103544354438782,0.04062306135892868,0.043350107967853546,0.04103544354438782,0.04076268896460533,0.04076268896460533,0.04076268896460533,0.04048608988523483,0.03292141109704971,0.04155471920967102,0.04021333530545235,0.04155471920967102,0.04463246092200279,0.036715127527713776,0.04030081257224083,0.04021333530545235,0.04021333530545235,0.045091819018125534,0.04021333530545235,0.04076268896460533
2023-09-01,0.038816824555397034,0.036562878638505936,0.03464670106768608,0.038816824555397034,0.038816824555397034,0.038816824555397034,0.03645956516265869,0.03168974071741104,0.03645956516265869,0.036562878638505936,0.036562878638505936,0.03336408734321594,0.02630859613418579,0.020527170971035957,0.038816824555397034,0.036562878638505936,0.03464670106768608,0.03645956516265869,0.036562878638505936,0.036853887140750885,0.041124314069747925,-0.0011291626142337918,0.038816824555397034,-0.0011291626142337918,0.04040136933326721,0.0971643254160881,0.038816824555397034,0.04194362461566925,0.038816824555397034,0.038816824555397034,0.04040136933326721,0.04040136933326721,0.03645956516265869,0.038816824555397034,0.03464670106768608,0.036562878638505936,0.03804309293627739,0.03804309293627739,0.03645956516265869,0.03464670106768608,0.038816824555397034,0.038816824555397034,0.036562878638505936,0.038816824555397034,0.038816824555397034,0.04040136933326721,0.045201290398836136,0.04710768908262253,0.038816824555397034,0.038816824555397034,0.045201290398836136,0.03804309293627739,0.038816824555397034,0.03464670106768608,0.038816824555397034,0.03804309293627739,0.02287217229604721,0.03464670106768608,0.036562878638505936,0.04450900852680206,0.038816824555397034,0.03336408734321594,0.04040136933326721,0.036562878638505936,0.03336408734321594,0.02961007133126259,0.036562878638505936,0.03336408734321594
2023-12-01,0.03571174293756485,0.03590873256325722,0.03590873256325722,0.03571174293756485,0.03590873256325722,0.03571174293756485,0.0369984470307827,0.0369984470307827,0.0369984470307827,0.03590873256325722,0.03590873256325722,0.03719543665647507,0.03571174293756485,0.02574402093887329,0.03590873256325722,0.03590873256325722,0.03247952461242676,0.03719543665647507,0.03571174293756485,0.02574402093887329,0.01874389871954918,-0.0030828139279037714,0.03571174293756485,-0.0030828139279037714,0.03719543665647507,0.0369984470307827,0.03590873256325722,0.05342012271285057,0.03247952461242676,0.03590873256325722,0.03719543665647507,0.03719543665647507,0.03719543665647507,0.03590873256325722,0.03590873256325722,0.03590873256325722,0.03590873256325722,0.03571174293756485,0.03978025168180466,0.03571174293756485,0.03590873256325722,0.03571174293756485,0.03571174293756485,0.03590873256325722,0.03571174293756485,0.03513602539896965,0.0369984470307827,0.028468456119298935,0.03590873256325722,0.03719543665647507,0.0369984470307827,0.03590873256325722,0.03590873256325722,0.03590873256325722,0.03571174293756485,0.03590873256325722,0.0369984470307827,0.03571174293756485,0.03590873256325722,0.042505837976932526,0.03590873256325722,0.03590873256325722,0.0369984470307827,0.03590873256325722,0.03641128912568092,0.01874389871954918,0.03571174293756485,0.03740743175148964
2024-03-01,0.035220734775066376,0.035566892474889755,0.0358891487121582,0.03612678870558739,0.035566892474889755,0.03612678870558739,0.03662746772170067,0.03607957065105438,0.03607957065105438,0.03647294640541077,-0.002954924013465643,0.035566892474889755,0.035566892474889755,0.015197780914604664,0.035566892474889755,0.035566892474889755,0.033411819487810135,0.0361405611038208,0.03612678870558739,0.015197780914604664,0.03448234871029854,0.03535570576786995,0.03612678870558739,0.03535570576786995,0.03768497332930565,0.03612678870558739,0.035566892474889755,0.03768497332930565,0.03647294640541077,0.035566892474889755,0.03662746772170067,0.03768497332930565,0.03768497332930565,0.02752402238547802,0.035083379596471786,0.035566892474889755,0.03647294640541077,0.03647294640541077,0.040536947548389435,0.04263696074485779,0.03647294640541077,0.03790227323770523,0.03612678870558739,0.035566892474889755,0.035220734775066376,0.03335990384221077,0.03849723935127258,0.03061310388147831,0.03647294640541077,0.035566892474889755,0.03662746772170067,0.033877138048410416,0.035566892474889755,0.035566892474889755,0.035220734775066376,0.03647294640541077,0.03612678870558739,0.03211476653814316,-0.002954924013465643,-0.002954924013465643,0.033877138048410416,0.03335771709680557,0.03558405861258507,0.035566892474889755,0.03647294640541077,0.03904513642191887,0.035220734775066376,0.035566892474889755
2024-06-01,0.05233493447303772,0.03814920037984848,0.03726724907755852,0.03979679197072983,0.03726724907755852,0.03726724907755852,0.03726724907755852,0.03732312098145485,0.03726724907755852,0.03726724907755852,-0.0022404093760997057,0.03726724907755852,0.03726724907755852,0.026695111766457558,0.03726724907755852,0.03726724907755852,0.03726724907755852,0.03726724907755852,0.03726724907755852,0.03712502494454384,0.03468248248100281,0.03726724907755852,0.03726724907755852,-0.0022404093760997057,0.03726724907755852,0.03732312098145485,0.03726724907755852,0.03726724907755852,0.03391828387975693,0.03726724907755852,0.03726724907755852,0.03726724907755852,0.03726724907755852,0.03712502494454384,0.03726724907755852,0.03726724907755852,0.020869772881269455,0.03726724907755852,0.04063134640455246,-0.0022404093760997057,0.03726724907755852,0.03732312098145485,0.03726724907755852,0.03726724907755852,0.03726724907755852,0.038347408175468445,0.03979679197072983,0.03726724907755852,0.03726724907755852,0.03726724907755852,0.033217933028936386,0.03726724907755852,0.03726724907755852,0.03726724907755852,0.03726724907755852,0.03726724907755852,0.03726724907755852,0.03726724907755852,0.020869772881269455,0.020869772881269455,0.03726724907755852,0.03726724907755852,0.03726724907755852,0.03726724907755852,0.03726724907755852,0.03726724907755852,0.03726724907755852,0.038347408175468445
2024-09-01,0.03949581831693649,0.03828493505716324,0.037265487015247345,0.037265487015247345,0.037265487015247345,0.0384763702750206,0.037265487015247345,0.037265487015247345,0.037265487015247345,0.037265487015247345,0.00019217244698666036,0.037265487015247345,0.037265487015247345,0.034729890525341034,0.037265487015247345,0.037265487015247345,0.0313425287604332,0.034283459186553955,0.038214653730392456,0.03933617100119591,0.03541922941803932,0.00019217244698666036,0.0384763702750206,0.005251272115856409,0.037265487015247345,0.037265487015247345,0.0384763702750206,0.037265487015247345,0.0384763702750206,0.0384763702750206,0.0384763702750206,0.037265487015247345,0.0384763702750206,0.034014344215393066,0.0384763702750206,0.037265487015247345,0.039856918156147,0.029773017391562462,0.037265487015247345,0.00019217244698666036,0.037265487015247345,0.037265487015247345,0.037265487015247345,0.0384763702750206,0.0384763702750206,0.03949581831693649,0.022655129432678223,0.037265487015247345,0.0384763702750206,0.037265487015247345,0.0384763702750206,0.0384763702750206,0.0384763702750206,0.0313425287604332,0.0384763702750206,0.037265487015247345,0.037265487015247345,0.037265487015247345,0.034832123667001724,0.029773017391562462,0.022655129432678223,0.0384763702750206,0.0384763702750206,0.037265487015247345,0.037265487015247345,0.02960493229329586,0.037265487015247345,0.03949581831693649
2024-12-01,0.03424763306975365,0.03332812711596489,0.03424763306975365,0.03424763306975365,0.03488358482718468,0.03424763306975365,0.03424763306975365,0.03424763306975365,0.03424763306975365,0.03488358482718468,0.032962389290332794,0.03488358482718468,0.03424763306975365,0.032962389290332794,0.03488358482718468,0.03332812711596489,0.024124540388584137,0.03424763306975365,0.03888479247689247,0.03243550285696983,0.032962389290332794,0.032962389290332794,0.03424763306975365,0.024124540388584137,0.03424763306975365,0.03424763306975365,0.03488358482718468,0.03424763306975365,0.03488358482718468,0.03424763306975365,0.03332812711596489,0.03714539483189583,0.035549361258745193,0.03629672899842262,0.03888479247689247,0.03488358482718468,0.035956162959337234,0.024124540388584137,0.03424763306975365,0.024124540388584137,0.03488358482718468,0.03243550285696983,0.03424763306975365,0.03488358482718468,0.03424763306975365,0.03824034333229065,0.014354830607771873,0.03243550285696983,0.03488358482718468,0.03488358482718468,0.03424763306975365,0.03488358482718468,0.03488358482718468,0.032962389290332794,0.03488358482718468,0.03888479247689247,0.03424763306975365,0.03424763306975365,0.024124540388584137,0.024124540388584137,0.03488358482718468,0.03488358482718468,0.03714539483189583,0.03424763306975365,0.03488358482718468,0.03488358482718468,0.03424763306975365,0.03332812711596489
2025-03-01,0.03517897427082062,0.03292400389909744,0.03647960349917412,0.03658881410956383,0.03647960349917412,0.03658881410956383,0.03594376891851425,0.03594376891851425,0.03594376891851425,0.03647960349917412,0.028741102665662766,0.03647960349917412,0.03594376891851425,0.03658881410956383,0.03401043638586998,0.03647960349917412,0.03079405426979065,0.03594376891851425,0.03594376891851425,0.0353018082678318,0.033422112464904785,0.03594376891851425,0.03647960349917412,0.0422247014939785,0.03594376891851425,0.03594376891851425,0.03647960349917412,0.03658881410956383,0.033422112464904785,0.03594376891851425,0.03539317101240158,0.03647960349917412,0.03647960349917412,0.036493368446826935,0.03594376891851425,0.03647960349917412,0.03536192700266838,0.033422112464904785,0.03594376891851425,0.012486484833061695,0.03647960349917412,0.030890101566910744,0.03658881410956383,0.03517897427082062,0.03594376891851425,0.039800599217414856,0.033422112464904785,0.03658881410956383,0.03647960349917412,0.03647960349917412,0.034857336431741714,0.033422112464904785,0.03647960349917412,0.03647960349917412,0.03539317101240158,0.03647960349917412,0.03594376891851425,-0.20972752571105957,0.03609922155737877,0.01748092845082283,0.037526685744524,-0.20972752571105957,0.03720090165734291,0.03594376891851425,0.03647960349917412,0.03658881410956383,0.03594376891851425,0.03401043638586998
2025-06-01,0.0371234305202961,0.03710274025797844,0.03815652057528496,0.0375533364713192,0.03710274025797844,0.037574026733636856,0.03710274025797844,0.03710274025797844,0.039398085325956345,0.03710274025797844,0.035187818109989166,0.03710274025797844,0.03375723585486412,0.035187818109989166,0.03710274025797844,0.03710274025797844,0.03248392045497894,0.0370931439101696,0.03248392045497894,0.0375533364713192,0.035187818109989166,0.03766920417547226,0.037574026733636856,0.04084879532456398,0.03710274025797844,0.0371234305202961,0.0371234305202961,0.03710274025797844,0.03469240665435791,0.0371234305202961,0.0371234305202961,0.03710274025797844,0.0371234305202961,0.03523111343383789,0.038177210837602615,0.03710274025797844,0.03248392045497894,0.03248392045497894,0.03452121466398239,0.03248392045497894,0.03710274025797844,0.04319886863231659,0.03710274025797844,0.04239670932292938,0.037574026733636856,0.04409409686923027,0.02056865580379963,0.0375533364713192,0.03469240665435791,0.03710274025797844,0.037574026733636856,0.038177210837602615,0.0371234305202961,0.03248392045497894,0.0370931439101696,0.03525501862168312,0.03710274025797844,0.03815652057528496,0.03248392045497894,-0.004397800657898188,0.037574026733636856,0.03469240665435791,0.0371234305202961,0.03373654559254646,0.0375533364713192,0.037574026733636856,0.03710274025797844,0.038177210837602615
2025-09-01,0.039172522723674774,0.03569404408335686,0.044962942600250244,0.03754047676920891,0.03569404408335686,0.03603345900774002,0.03569404408335686,0.03569404408335686,0.04513762146234512,0.03569404408335686,0.03603345900774002,0.03569404408335686,0.03569404408335686,0.03569404408335686,0.03569404408335686,0.03603345900774002,0.036137938499450684,0.03569404408335686,0.03603345900774002,0.03603345900774002,0.03657938539981842,0.03569404408335686,0.03603345900774002,0.03603345900774002,0.03569404408335686,0.03569404408335686,0.03801010921597481,0.03569404408335686,0.03754047676920891,0.03569404408335686,0.03719587251543999,0.03569404408335686,0.03569404408335686,0.036172546446323395,0.036137938499450684,0.03569404408335686,0.036137938499450684,0.036137938499450684,0.03224538266658783,0.036137938499450684,0.03756211698055267,0.03569404408335686,0.03569404408335686,0.03639970347285271,0.03583568334579468,0.03583568334579468,0.03512502834200859,0.03569404408335686,0.03701414167881012,0.03569404408335686,0.03603345900774002,0.03569404408335686,0.03569404408335686,0.036137938499450684,0.03569404408335686,0.03569404408335686,0.03569404408335686,0.036137938499450684,0.036137938499450684,0.03603345900774002,0.03567417338490486,0.036137938499450684,0.03569404408335686,0.03569404408335686,0.03603345900774002,0.03719587251543999,0.03569404408335686,0.044962942600250244
