,1161,1327,1632,1690,1704,1878,3532,5606,6008,6066,6304,6565,7343,7585,10453,10499,10789,11399,12141,12142,12441,12540,13421,13824,14282,14489,15044,15855,18699,20232,20748,20779,22815,23071,24405,24800,24925,24975,26156,27928,27965,28195,28320,35182,35620,36910,38212,61591,66368,111864,117768,121077,125595,126721,134932,143357,150937,157855,160888,171007,171067,175404,176567,177267,180711,183377,184725,187697
2001-03-01,0.12931418106983542,0.10829299823312195,0.10827793118599371,0.11822928356623713,0.07742900090566739,0.12736775467976227,0.10105049867875593,0.04109804654390751,0.09519759664589227,0.0888647021883224,0.09239069355349969,0.09911050116801884,0.13620750740477588,0.08454053671603942,0.10378095899286997,0.09842744232777337,0.10360152467237636,0.07982715188427802,0.11533074459248788,0.08331945638845634,0.09005600569863209,0.0988315303858988,0.0494455424259182,0.11920345704931089,0.13092637027742962,0.08839815916879631,,0.114320026512121,0.06982334018693516,,,0.08173844971543368,0.11684727066530265,,0.13235085524392462,0.11842792115285032,0.05719256687201942,0.05086240456548723,,0.09516684307796579,0.12604053666822568,0.091570887593772,0.13419147156624386,,,,,0.11335063134864701,0.09399836463862346,0.12013627326954118,0.12138962571068959,0.11200331681993805,0.12250037350990688,0.10082799890413689,0.11520453751602196,,,,,,,,,,,,,
2001-06-01,0.12509693095470642,0.12228968742469133,0.11766676512953408,0.11833993657534876,0.10753424598440998,0.16257026170296565,0.06961004958948858,0.07569813574598142,0.05385963270187158,0.07455621817430653,0.06356686432043325,0.10450954067189423,0.09575435391905303,0.06979695933115844,0.06309526441161026,0.08474609596798743,0.11067345467027766,0.07725250571950205,0.13564743417896502,0.11277909490826195,0.08691358017313483,0.12529503570537437,0.029678776649453766,0.13713638943301718,0.15882883320677932,0.05741921187650573,,0.1473876906877642,0.04014570443625662,,,0.06724389519637623,0.10114414304445898,,0.13464181166560188,0.1126048778667395,0.05247062518346933,0.04597586545607468,,0.08259638642053238,0.13141159994569152,0.10374414229205836,0.11060403976631472,,,,,0.13062114828709315,0.07642533390847009,0.10467033816584882,0.12658497580237155,0.096765540124433,0.09825778985809773,0.09139698883693552,0.08623818698733868,,,,,,,,,,,,,
2001-09-01,0.08644479018675577,0.08523198644503321,0.07764711272166969,0.10131035344986407,0.07740401300575908,0.08891398577805694,0.07480053293833745,0.061560458850655725,0.040211152061172435,0.058227306492830935,0.06601690350096247,0.11131161256884227,0.08716690669124717,0.07172166279045523,0.08281659238175197,0.08040430852829013,0.08986327400986456,0.09863921128388137,0.06758867220659318,0.06438163694888391,0.09867209475096826,0.09464128017503935,0.05443211233295328,0.07763125581501909,0.12833118789975698,0.0769025631242932,,0.08409299893012827,0.05425313187205095,,,0.07127393830853235,0.10214747843997243,,0.08953104990060425,0.08297493811216693,0.0954959084576862,0.04472282015465347,,0.09343863401734398,0.05521215930108108,0.10275585130581076,0.10702755082871351,,,,,0.09435661653002769,0.0607681769628964,0.12315264214819056,0.12225608950248097,0.10175065645522352,0.10114635017423716,0.08805127508731485,0.09907593940309407,0.08377641004349651,,,,,,,,,,,,
2001-12-01,0.11450263847989749,0.08784754414106127,0.02829606593798135,0.11696236592914147,0.10646632917307527,0.10532974708469003,0.11078271587028567,0.09436471766134077,0.06928897213203672,0.026943693959526897,0.10180116861877578,0.10644356860480919,0.08810558642849449,0.07021545314033259,0.09065444344994406,0.08588849371857454,0.09273345806581103,0.09607479555898235,0.04433868554893933,0.0505278976588708,0.11303300135571004,0.06479577571190095,0.07745420480014131,0.10433941825686151,0.09941195091024968,0.06242638712175478,,0.09788053152090334,0.105270811450918,,,0.0695821976500782,0.11761369985629493,,0.11106052275189202,0.0677105840505417,0.10558008376564729,0.059666507314955236,,0.07057940420669391,0.08025576133054706,0.07809931550440376,0.08560224607697789,,,,,0.07637401883584383,0.04638259373741652,0.10802179816845783,0.08458940531180406,0.10788053276319863,0.0938354572885865,0.09791248072122702,0.0944539969952095,0.07357033894247002,,,,,,,,,,,,
2002-03-01,0.07896771606989211,0.044788333001523066,-0.010717276143860071,0.07398953558477944,0.03429853331028181,0.042312089294193216,0.07385862382835094,0.07457984054905775,0.01857108533783991,-0.014884615464790087,-0.018545928403129856,0.04539694564223879,0.034910877583041205,-2.2400970263763975e-05,0.029740935511746634,0.03862038816862421,0.05668376611749577,0.05107412054662068,0.04850075717173932,0.009602555084096574,0.07288108334905904,0.019614072543538814,0.0711993338486578,0.019577675460476583,0.07242980619924241,0.055224813413854414,,0.07581184486718802,0.024537818408379746,,,0.04866551681890699,0.060098295079617066,,0.04470947473853379,0.04315396191227141,0.006784763391461457,-0.0013672370419240715,,0.05739343695393793,0.08458575366779969,0.06806528558630244,-0.0070170901959383195,,,,,0.05610498059056148,0.016526379977660634,0.07608925784289633,0.08491697189022954,0.043818363775675155,0.04230967279935131,0.08790758698022832,0.06642614272603739,0.0289849240655716,,,,,,,,,,,,
2002-06-01,0.07968647634643687,0.02297067613197793,-0.03837470509630163,0.10146116341008823,0.00034858020644414756,0.0989419065151037,0.07172969525483527,0.10675709557026768,-0.016450118155774438,-0.030467685357770558,-0.05462432911737546,0.03924613215165456,0.01509789344399533,0.005211978531356083,-0.0292117919147754,-0.003655942717533508,0.04877636919047551,0.08343698648091881,0.002513129834015746,0.06170120008101449,0.028842954437281403,0.04362841589863642,-0.01878278038930382,0.025805929408309173,0.07395662408992383,0.014217871333631586,,0.023876808331060602,0.016333086837765118,,,0.07169854769729363,0.04801925121832004,,0.06456070875773205,0.003302499913926975,0.039663649963027396,0.028341649409106252,,0.07081094806750517,0.04725411780469174,0.06764426046886707,-0.007690055122330274,,,,,0.023596527925458632,0.013790031828473262,0.04453501121224756,0.11309241146690294,0.033900138697010626,0.0677526937290041,0.03925769504774592,0.0668867651962487,0.07783630975326455,,,,,,,,,,,,
2002-09-01,0.13782573301127135,0.09260705294066121,0.04199285012997698,0.10759261193335222,0.05553463785617141,0.06801169475982226,0.09714254515153238,0.07779165809728597,0.062160162961010436,-0.024606627040635053,0.001181994913466367,0.08677619298315127,0.0920820488018022,0.02257344780610679,0.055140183571776004,0.034568059159566074,0.05180402993253733,0.06875104851456448,0.031845519860402134,-0.0012243034254109482,0.09197917372947478,0.04339214732084821,0.08165496471927411,0.07340854081014467,0.09049238199299943,0.027717390343807442,,0.09222392270733323,0.07100624272873074,,,0.06783305750293675,0.07564588558724189,,0.07233783878857983,0.049284706227750226,0.10753869904952382,0.031327537502069555,,0.03779718912070047,-0.01037237227091654,0.058455959967532334,0.013636375733624669,,,,,0.0653626611263298,0.0898378421474644,0.06875194371827913,0.11174211144116614,0.08606315301845685,0.08405122034597202,0.059524788093752445,0.09144116144915854,0.07019205176439021,,,,,,,,,,,,
2002-12-01,0.08989213209743913,0.07018184692141481,-0.0005407847547482591,0.07764073910775247,0.030611871398873874,0.09322921800148304,0.07627598158654547,0.0707707831884865,0.06328621230337754,0.012556455633983476,-0.0008657354337890739,0.05007706739533643,0.033090058133325634,0.005009434222279389,0.06291332128066053,0.058608243165099605,0.06215904708602331,0.040185105497844445,-0.012790350177096501,-0.027968265873074903,0.11409590027038755,0.027407575341962583,0.06859966128595539,0.04011178217217576,0.09281875017589668,0.015116441200142694,,0.08267860498959849,0.05825554544713372,,,0.05617444004504454,0.09940960098403054,,0.036538465022832346,0.05636063847131851,0.08816744894747355,0.0193829415965373,,-0.04331313527460754,0.04861775878386807,0.028140489403277635,0.02133057105998965,,,,,0.042412874580196436,0.06908609763237136,0.0370701301684758,0.08098307869286098,0.03509026354003415,0.04892978346764759,0.10728565232611784,0.05057718779573912,0.03019389946946113,,,,,,,,,,,,
2003-03-01,0.12716626328607733,0.08367221252983095,0.028306642454120224,0.12459672897875274,0.07463103987596033,0.09124587681639902,0.07840814557759297,0.1134919448287471,0.09484125758830395,0.011786800169575038,-0.006973068826949225,0.0924104624289544,0.10951556672244697,0.036907993227803665,0.07750320998744306,0.07498104129192773,0.10785550132307359,0.11464635288765317,-0.0044536743822476835,-0.0012634829539835612,,0.012094721215911843,0.13614222411641794,0.018344400053608097,0.08782998234344745,0.04591399601714914,,0.09388768815542434,0.10394130016543157,,,0.08969637623909037,0.12129035793114527,,0.0370086797836208,0.021315402543033726,,0.10651873384704252,,0.008181384350190488,0.023397920962822772,0.09219464256501608,0.05237000236851117,,,,,0.07263690929424198,0.10535040641577241,0.053972282351233955,0.14497286627927716,0.0843057839511097,0.0916814675622609,0.11532804075329135,0.09736977991267227,0.09690376829179247,0.0957907967564701,,,,,,,,,,,
2003-06-01,0.10227967088359408,0.0902925485961873,-0.0043895675602208,0.11172001543280846,0.051723203773016174,0.08799153544485795,0.0688658501397475,0.12899746894672284,0.054408869856922386,-0.008088924817489893,0.02092630405784377,0.09383003371491283,0.08627238435846514,0.02014973847633144,0.06230632841060642,0.07088683853876221,0.13417518033995288,0.13024435173874485,0.00036473385857167687,0.021419655898797532,0.06856926651550539,0.01876690042450277,0.09845717910239664,0.038558992900411065,0.07797318711887741,-0.01098790949714423,,0.09108297112552056,0.09366320616145211,,,0.07289881202784038,0.08246851091198196,,0.032909122762232054,0.0480029329867097,,0.06768326305560067,,0.1099785313148795,0.08538968377876867,0.05226464224634918,0.048994866264261035,,,,,0.00981519567089233,0.09348503762368575,0.04570331009043515,0.08630243656325151,0.0844943824155847,0.08573120552380371,0.10121917541865111,0.1023550985346148,0.10304018439722439,0.14152399179255615,,,,,,,,,,,
2003-09-01,0.04319205385051336,0.028759051992697866,-0.04149228840266809,0.05344068799590237,-0.050147429277295666,0.0888412404950323,0.009574625223490296,0.07439757544704624,0.01804202255298221,0.005775043683895672,-0.013099484394649804,0.0017238962563322121,0.017022232198077275,-0.004970274059039684,-0.02166618870546331,-0.0005371034941680039,0.13010942456136704,0.12149191817051919,-0.014409631986251947,-0.03375046714649648,0.07736844198535062,0.017179892497258063,0.03010080735225843,0.024354414802586422,0.045216049436851875,0.010196865748343279,,0.056882891277927096,0.013883544978811564,,,0.02250783688898118,0.08376814045274436,,0.02625849295954436,0.06289079338950362,,0.020525641681536644,,0.028907202749392263,-0.05133383103755636,-0.01443851622199355,0.04504037083313101,,,,,-0.03502790972969623,0.0047596768740084195,0.030710200186935353,0.034501949198487925,-0.021151594352986008,-0.0008410821390315722,0.11174772401955432,0.03229332305225621,0.0636467585764818,0.09402775877687575,,,,,,,,,,,
2003-12-01,-0.009494294687510079,-0.021176123579993978,-0.04912466947655529,0.06407743451952186,-0.09222654646369965,0.09658395688233083,0.000435308008768549,0.10635454706216554,-0.048163559744356266,-0.0024110137523670186,-0.10054438050807894,-0.025909880381530262,0.045753303071081275,-0.01962366038805441,-0.05416507356511184,-0.005740034070218152,0.12095992762807463,0.033097501015313065,-0.10513809500176363,-0.035714885599084874,0.025577673486292925,0.0036040795896422327,-0.003055052767686083,0.014300277378387634,0.06842052330639312,-0.02735064516835317,,0.004135751707189199,-0.0456505996947995,,,-0.06073148910184075,0.12025039400644909,,-0.003825924661793123,0.011369752253063404,0.09487056026997517,0.01442127283527204,,-0.07635909455921422,-0.01036743709736163,-0.0007705099783761049,-0.005589135715416793,,,,,-0.09362621947628781,-0.02719044299635148,0.03690078794482871,0.07965540125147537,-0.0441177535690101,-0.05652965265312256,0.10394350679732318,-0.032697699959277515,0.058557832063424645,0.04086417907714474,,,,,,,,,,,
2004-03-01,0.02182176921207869,0.034756537710269826,-0.05856213761561884,0.08481640916459256,-0.07288962111354078,0.0712315024692734,-0.04244544329756784,0.04573410543720805,-0.025158053851693594,0.01110156077772848,-0.052025769566462536,-0.031195255536581472,-0.01859715085435921,0.008241478313279755,-0.09889214113590095,-0.023161790039396935,0.08168259885810449,0.06197245804698772,-0.03868392802683521,-0.003598869740886066,0.014055175716100678,0.039287470682016455,-0.03687885132666555,0.041995278629359756,0.04836510014479638,0.008649957214588838,,0.019080914217498725,-0.040388796758600215,,,-0.0522464295834327,0.09712285524879496,,-0.03269927115396687,-0.023451226414940827,0.03344705290120177,-0.05912042235536461,,0.01296303428576481,0.0006682428899601154,0.024236102675959884,0.008755304762580551,,,,,-0.007285351514578304,-0.05751475751988574,0.03939768866094656,0.08688188769525203,-0.0043642134157183534,-0.03990417689865646,0.0975427106632938,-0.010728604306489396,0.044309892255533424,0.07010471167823662,,,,,,,,,,,
2004-06-01,0.014402689338637942,-0.00744948596697549,-0.03706142367878538,0.0537889048201603,-0.004705879459140789,0.03446969718393756,-0.0026375010727088784,0.10206473613013015,-0.06730290478915636,-0.017034284019094872,-0.01890979999923422,-0.0012745140584517953,0.018923986012115788,-0.01687264306360596,-0.06367440997998818,-0.07329727887037726,0.0419321192241564,0.11342623698077765,0.010825518833327967,0.0479400663165707,0.06493754224378055,-0.00015022039249521426,-0.008302241297018243,0.03669356137331254,0.08014245225388976,-0.03484877230717455,,-0.01981053950842837,-0.022079620684104944,,,0.018097412795148655,0.06161879553020332,,-0.04288011716197098,-0.02110579887192347,0.03369295248206923,-0.00136130376736486,,0.044496399849529224,0.03332228086573873,0.04611846387312673,-0.00027359363082034646,,,,,0.01960826062207621,-0.023447614235371686,0.015193092839830292,0.04736984233087246,-0.03309119739162425,-0.019366802718071695,0.04123374176707379,-0.013222975665145962,0.07363331310799738,0.09174049471352748,,,,,,,,,,,
2004-09-01,0.07290971764391818,0.06484488775814161,-0.0010484590764785594,0.10003538755810176,0.07715391985955211,0.00921172739053061,0.011306498342272205,0.09968351191398434,-0.029327858203218583,0.008403619949380936,-0.011766349601414317,0.0713501683346968,0.08856473151265545,0.013360154742874822,0.0314126759078064,0.0269088299255173,0.0389716802507096,0.14358376880989646,-0.02581258027945131,-0.0160072835690093,0.003331662575366409,-0.014576923565825683,0.008796461205419048,0.03950195230447608,0.08744961260227693,0.002290214510280155,,-0.01392408538104824,0.006951003783859753,,,0.016162010983986768,0.12556539926487498,,-0.0452828502610303,-0.04787214360028266,0.04088610152486633,0.030861546613243657,,0.07550818675189051,-0.025876470086440558,0.09985733234450263,-0.0013481036910397354,,,,,-0.023640986087613898,-0.007974281095754533,0.03641754562535596,0.07905167290080692,0.05252851299055179,-0.012360481315851247,0.10203646935780766,0.053949853494264004,0.04190285440747041,0.10853129147345267,-0.03122264986183706,,,,,,,,,,
2004-12-01,0.10260417556719563,0.07753781175274073,0.008027407384706746,0.08620241486711568,0.10410297886455348,0.014703612448327668,-0.013965947766001685,0.11263312346288944,0.08981218448058424,-0.0015682099026662927,0.02185451174296665,0.12856710907719995,0.09117016883843199,0.0008112308410890704,0.11110072513273081,0.09098465057163584,0.05571979855927095,0.11053874765210026,-0.025585477894190797,0.008558619410957074,0.017771155124346877,-0.00601414663886398,0.04395092670458443,0.049706846847117445,0.07606198961949469,0.018894084879837233,,-0.01238278638053983,0.007995136978641338,,,-0.019256276728730714,0.09915797218685098,,-0.033767627934804575,-0.04116080702447597,0.04895677054426575,0.06751677857255017,,-0.057321463818048334,0.07319496933312458,0.03240252038554932,0.045420794246936326,,,,,-0.024805910919950512,0.012948670964675385,0.06555557986450339,0.1138027177805173,0.07196531162761405,0.02992277790177942,0.07363320132998555,0.10050901734804386,0.04766085994883272,0.08859623779217288,0.0004077210979052849,,,,,,,,,,
2005-03-01,0.00728253084555407,0.08544260174579824,0.008662939022504347,0.07043703661224462,0.05155788895289788,-0.0169931911144841,-0.0032392640270897818,0.08850362521148605,0.05069208959019371,0.013922658425918086,0.025127018234740256,0.12638103163517042,0.12604679991114268,0.03162994897816849,0.0765244241132067,0.04754355955941,0.07159450102306425,0.12330924787812635,-0.00420537714754783,0.020152709062622925,0.005039384446351587,-0.0202943468380841,0.0720536423008945,0.027254081324498167,0.0713687695453916,-0.011872647299071875,,-0.01945458528039506,0.016069773888998717,,,0.0272476688460413,0.1117856140575773,,-0.03645910737910547,-0.05316491947483866,0.03737039006075113,0.022699416873237205,,0.0723519198797252,0.08693710428512144,0.06728100798455873,0.025860206515626104,,,,,-0.0091107056106412,-0.01087904639555184,0.05727411476994462,0.12858531101919865,-0.04939429077292628,0.05452437279312459,0.06384292706408115,0.07203883142576922,0.06566809588609437,0.1067062368143965,-0.01109914560050863,0.014104657677512268,,,,,,,,,
2005-06-01,0.04164276523620975,0.09738088527352072,0.03541569131003059,0.04719996997032931,0.08132179595087219,-0.04660886336084851,0.039294413116072686,0.10327606966307652,0.026846875666881848,0.004610441106246892,0.03655613681409642,0.12879517893080406,0.06877014722511472,0.01905601672386403,0.02861979128614464,0.008675186354299723,0.06024978066921895,0.12571037461127382,-0.0022335182782306125,0.035800621128679405,0.010649861422703657,-0.019646386957014417,0.04158302021798841,0.05038911524240666,0.05878424033322851,-0.01437094160306675,,0.03977157225626008,0.033735081976987887,,,0.03906327693484131,0.08652689904218222,,-0.016861382129543613,-0.031035500548504825,0.041353738773329055,0.019410507510665555,,0.04588662084609396,0.09051158369198122,0.05370362331098197,0.07137177871284936,,,,,-0.0063313927712639285,-0.04251677982679967,0.019736420116328677,0.10990783989966038,-0.010502743300167205,0.056238804384311544,0.06989937380815854,0.10237988920635574,0.06244362146591911,0.08566046886890531,-0.013898177124313547,0.025687199473336374,,,,,,,,,
2005-09-01,0.04090399361126343,0.07866240499580845,0.03520655964094318,0.0606352078651242,0.08077630579340077,-0.02868185252518823,-0.011552794640837536,0.03270646610795141,0.0148885060928842,0.05137581084539094,0.04364694716199427,0.1158559230343463,0.07512553948519972,0.04680327053266074,0.03362430518772813,0.048118123790380996,0.054275808675197934,0.1172941953687738,0.00014404930535505937,0.00934897735766574,0.017399347916028613,-0.0076163762391588405,0.07266674297278417,0.0620971900675834,0.06566119393484682,0.008809607380286707,,0.010087002300247016,0.023175622009980305,,,0.031774148064720904,0.09635878978389144,,0.03902185284636156,-0.011330029832799807,0.027907487807819233,0.02002789247731564,,-0.02072568017944902,0.053940144725537514,0.024068931133426542,0.07639076492293138,,,,,-0.04211075370895231,0.010784201826545204,0.045940488989363475,0.13717239316691152,0.0153726185641152,0.014885010932714264,0.056016779938266266,0.10103624827949846,0.05110902348741821,0.12728001683162857,0.009492331348580654,0.027419738076095435,,,,,,,,,
2005-12-01,-0.02104723971553601,0.0667617959177933,0.03260765970117967,0.044646410018617015,0.07748192422813009,-0.027719642200175067,0.006766744787185444,0.048062598504408915,0.01798835795469736,0.0039580148859394695,0.020445847628736122,0.10021170695184177,0.0709750102078644,0.03747414807821025,-0.01203875122868084,-0.016547821853107516,0.047697697539101094,0.1139735659756834,-0.026399932164455287,0.011846418031393056,0.012409794226809783,-0.016097265779703888,0.026765626658319403,0.04496990666204579,0.06839081959221235,0.00791965157069345,,-0.01194370208550162,-0.0034936499807247047,,,-0.005220444744054995,0.10270501439005697,,0.027517909930701148,-0.030462914526563138,0.021676314150222975,0.003758247992272009,,-0.05276157145371798,0.0763341397350667,0.03791311191644606,0.06579940723560346,,,,,-0.03213279541390068,0.04517423565251284,0.05313228274723187,0.06372519502211327,0.05349761719462848,0.03105784549535582,0.0598325424912809,0.07470785324938266,0.02786764345028056,0.10907617004080283,0.0036146875939703344,0.07079136580247507,,,,,,,,,
2006-03-01,0.020426706710862757,0.08849810133169897,0.02003869979109143,0.03858605192197074,0.05071887607386298,-0.03235627112040433,-0.0007118195446902558,0.05666150265643019,0.013381088549725698,0.046476865342563525,0.031586323602409316,0.0766775692566531,0.07330495307162045,0.0527448041401464,0.08285771590038803,-0.007889281847294845,0.0435149116499292,0.06060103923587626,0.0008628025679852521,0.03698471465516422,0.010976913128513253,-0.05150057967208993,0.02830271762108185,0.03990269429256011,0.07134730810766801,0.019469846531015,,0.018330764633813525,-0.010098638461342797,,,0.036182378516810575,0.09097979343854232,,0.035016629537050606,-0.04245396151193896,0.03360182744872655,-0.00803882749124015,,-0.004908465696851046,0.03767442318816575,0.04451964923651456,0.07551177778739072,,,,,-0.02118023168150621,0.03290085586383761,0.04999613004311208,0.0631763804548778,-0.017198893703680947,0.026908710408661978,0.08280493568443063,0.07782641259624577,0.01192245196264691,0.10657469725306556,-0.021452260315105137,0.00909164510857452,,,,,,,,,
2006-06-01,0.014091533925084457,0.0628207035588916,0.007724657409985205,0.046575742095558655,0.06763964613353209,-0.06437923434401735,-0.06437762396651313,0.043424394302362584,0.02921483027574502,0.05179787737667954,0.011787641876031698,0.0615321442287234,0.07711995410408137,-0.0071528784734926475,0.03841419826035185,-0.014309188755418277,0.03867198512779284,0.07556231511423345,-0.013472935828024507,0.041923529949843184,0.004381390783698819,0.010119068191545164,0.00423351255740531,0.030347695619408657,0.06710415955507626,0.019377750736777454,,0.018388498899336293,-0.013972468371703704,,,0.01428455905355785,0.08220768408910821,,0.006985110283972861,-0.03005121233857925,0.012290614777575436,-0.017866463269175046,,-0.00341417404397883,0.024107608715098497,0.04971124146680797,0.06108070783445373,,,,,-0.0411551039895306,-0.026840854964690682,0.03218036424858319,0.04044329406586233,-0.02411802858174453,-0.06701372226401991,0.05007181073154646,0.07378215507398571,0.03371794003904556,0.045443840948017726,0.0076204254940703195,-0.00942736139961976,,,,,,,,,
2006-09-01,0.03366559920436652,0.07782623244724965,0.027938550640838878,0.04092945470683373,0.09152774316279845,-0.023581601831343914,-0.015994147903067517,0.04595796051492893,0.05003380200505818,0.05193474970014096,0.03586095783044585,0.07370059351323889,0.060294471500197525,0.041195234004502014,0.11012631691556062,0.05230180670602668,0.03374336091276898,0.10549299447661126,-0.0078105420433025215,-0.012871403135784762,0.010711746252628766,0.007271353144054264,0.0026074558728704203,0.0438556068620406,0.0651382247767246,0.0221345669432109,,0.024305580165120504,0.04066661468691455,,,0.03903942517825372,0.10139748660831462,,0.041574833043227406,-0.03888565892050658,0.031166016061427437,0.006249441205138493,,-0.013938887625640094,0.0386909758567947,0.031231827977938848,0.06281671484099906,,,,,-0.058533332816978416,0.052508599618163336,0.025012752976205737,0.08275480295398947,0.020189486419203775,-0.07013838493968465,0.05542137726980667,0.11645330789507843,0.032044148894735246,0.04398770060228674,0.020905266891916508,0.043204031280613044,,,,,,,,,
2006-12-01,0.04223811605319327,0.07699108772325032,0.02889940131500397,0.0388124101797317,0.08607299258379719,-0.035435414814205396,-0.008548275249683464,0.05763554874981113,0.059133733210717715,0.04650771674985919,0.030596598421786966,0.08433301029840556,0.05189498215964909,0.03776301092448339,0.1112952610037601,0.02135047719092474,0.020896982861457646,0.09580604240235908,-0.019239126377055858,-0.009370176130337688,0.012120473398272064,-0.029596488093739652,0.04153168594726611,0.03140379243446046,0.06281499206086169,0.030259423165261493,,0.012454266150252887,0.040296245041265354,,,-0.028935246911943286,0.08529633236034387,,0.02512756534716806,-0.01459550777912886,0.03426026142282272,-0.01491118359630683,,-0.05484475706932773,0.06230990201058516,0.013812656303314842,0.05986760665192428,,,,,-0.03853187422297008,0.053482163172110304,0.017446832053591276,0.044812287818775144,0.024734755455350182,-0.06471430315125505,0.05607954450445871,0.11306596684545678,0.028321569269261482,0.00032050876209830254,0.019076999825560766,0.04379598535682978,,,,,,,,,
2007-03-01,0.017642719044094046,0.06033571195631133,0.026966263212681127,0.07147625466845418,0.05905905936296792,-0.032445629683505214,0.05658060161803553,0.039135089993003,0.07583270492714841,0.005251983380854153,0.02186720253222006,0.086054939184106,0.06994007625166031,0.03141248558605882,0.08444482823879211,0.0470933163820122,0.026516748194618286,0.11736551177079668,-0.023438463156082154,0.025469299730912297,0.032220695724792456,-0.0465412810772604,0.06204319903461557,0.028703699806575864,0.06928634490851544,0.043652226881405264,,0.04689082357444124,0.0036551235725240144,,,-0.005383156262811736,0.08878616612765032,,0.038232388091229176,-0.023700691916549114,0.026520724928468447,-0.010440550494500813,,-0.0345266024483277,0.06952867301555116,0.028118154826507955,0.048208831756932254,,,,,-0.03808538352194126,0.027644248309355288,0.038729305933189954,0.07034103818878262,-0.011317893455209376,-0.04972422035503361,0.04908540279034066,0.12023112062681526,0.026165918073946654,0.016531033338584238,0.005927602453698494,0.04212856977804011,,,-0.05830984468763067,,,,,,
2007-06-01,0.053979475437968695,0.09312164387884171,-0.014280915331147188,0.055897305616038485,0.07370513727646623,-0.03141666197931995,-0.04862969798702391,0.044743328116087645,0.05001237520004975,0.006839856018793601,0.02737169262097875,0.1120771850703247,0.061521463821071064,-0.0039078410741486425,0.018376339476258025,0.031064737886295914,0.06090206058578918,0.11305067882739595,0.0011858335733803487,0.039486866955584725,-0.028045518069996535,-0.037808590876447064,0.017023211341299704,0.03315560472500898,0.06522395348431463,0.023311138771524235,,0.059594198975409386,0.021831583655998705,,,-0.0036614581465960333,0.0672687763999467,,0.027326250408697638,-0.02414705602344012,0.018515582340526558,0.0176539859527352,,0.01144260850501571,0.06507298874907563,0.031217117234507756,0.05530970465190713,,,,,-0.034945662087348645,0.004681116673555861,0.022458262254613785,0.06456429375223334,0.02547735165065934,-0.07838390987216194,0.05300727154059975,0.09483381294731603,0.02041166817175494,0.040029305696683254,0.005524604511996809,0.005332323106554103,,,-0.07114319322918713,0.09339858055625352,,,,,
2007-09-01,0.04774917210343677,0.08132306038299664,-0.0013494209689548168,0.04499523178880636,0.03270324829320812,-0.03537560067254733,-0.02062917596230363,0.037742051994988396,0.025047788015799433,0.008969508476696045,0.024897334185467766,0.0795287504185216,0.06925814124684995,-0.005640077383959686,0.03466460472381649,-0.006335114435613437,0.043054453175309614,0.10919613735133737,-0.011074577552701073,-0.01087501462540157,-0.03673975667675425,-0.023721534168451942,0.034386581298905525,0.020146782095756002,0.054924840811250014,0.009969893734902974,,0.03089864328905505,0.031673854291530794,,,-0.008257954438522069,0.054961822293350976,,0.016062506559103983,-0.016595359007157563,0.017769927118768927,0.014366509524470852,,-0.007359169737941228,0.04871402927721966,0.04294809008993847,0.019601267768130138,,,,,-0.056037279523436706,-0.034756839106612925,0.04305540158200066,0.0628855034907958,-0.01534904223193622,-0.06199975648494352,0.04238329209908657,0.08349812585594683,0.009907382011832767,0.06254816261670576,0.002051347816873052,-0.006937443966495121,,,-0.03348738437437079,0.13840750132531499,-0.0045627621623628226,,,,
2007-12-01,0.06248778783777156,0.08830131234133559,-0.002875397068705161,0.03967964475457864,0.07684823534035616,-0.03267002570150854,0.0006437804335044779,0.039726756172058446,0.027885329281616092,0.0064954082579445896,0.001665865757116638,0.0823039428854956,0.0944963289086302,-0.009703068453271273,0.08154835404055406,-0.00902473567284916,0.057934544942349196,0.034534294538797965,-0.0007087578890819768,0.02273608253921767,-0.004125403685719015,-0.029497548096620706,0.029690712751105523,0.03870655195614724,0.06544166167165574,0.01883562210116951,,0.023339187397549498,0.0711048520532659,,,-0.015960858049424275,0.027947570161472247,,0.025697957413914844,-0.016796603775840146,0.022389986697820566,0.021932865755455732,,-0.039333619465070274,0.0373225018887922,0.06316532590834967,0.010679236971007054,,,,,-0.008987927049796344,-0.03934639857660507,0.04167319271525731,0.0671980991110662,-0.031097554423051236,0.0017562062698871477,0.04070494681181832,0.08579463445973694,0.021886034264052244,0.05148254340996208,-0.0022924624100907178,-0.032110632003353894,,,-0.0253488106810007,0.11567438590171131,0.010519616092712953,,,,
2008-03-01,0.07744926457963673,0.09814984651543172,0.039441643406852654,0.037468172213984734,0.03264380196646556,-0.03013060384326557,0.022815129371406066,0.04521069615307608,0.031960978948646857,0.0035104430127079044,0.007380885495890341,0.11598477156239477,0.09471514469392542,0.00426123450022018,0.0984544383129918,0.010882278879013567,0.07153580660564311,0.0547615063529771,-0.003566847556171906,0.0341767433427693,0.028849729031624794,-0.004541326043481581,0.05944718940641893,0.032582334377084535,0.05370419702649598,0.05788176390008571,,0.04653405275670039,0.022219564495369108,,,0.020335158084408163,0.0559406267310634,,0.04055157454003405,-0.018755832618738477,0.026949006157409028,0.03498712690441411,,-0.020857431642914644,0.043777187447048095,0.06575368462721135,4.7385465263580925e-05,,,,,0.023597193692795403,-0.05702505527339831,0.05174375455768942,0.08175226545134873,-0.00986983463729835,-0.01358611651325945,0.045307204491361774,0.07458004474338549,0.037458205742472474,0.05368172078659264,-0.0012318904320118992,0.019380178387438676,,,-0.023887793161206775,0.11639040605452236,0.029541854156412653,,,,
2008-06-01,0.07090255096254133,0.09961353365494818,0.018343141583751783,0.04640411432194011,0.049457280145563214,-0.019859071426491716,0.035390042383859885,0.04357950928499896,0.03400379669294168,0.015334839947267986,0.0399065596175863,0.11660073401570373,0.08790358814763852,-0.0013501066672397314,0.06639804378446447,0.039732570444846876,0.035814216909339246,0.04825418522691458,0.008777989653103007,0.01695495044826323,0.012603516615001207,-0.009630926470674758,0.05572780554156824,0.05088584656365392,0.06603000674353708,0.04402224246234882,,0.06096449454901633,0.019124782366901846,,,0.011876426193627432,0.06115055897571785,,0.04440791993906921,-0.0017343262777306874,0.009174656242805551,0.03426921239514946,,0.016291624119455075,0.047336720823430205,0.07705417549138682,,,,,,0.01870476543208241,-0.04251537499705402,0.059326482488232544,0.10073289947003743,0.07108581549028468,-0.011190307620092788,0.04349446455570179,0.0673114290813753,0.023597450264309955,0.06817586701215157,-0.028445634063657247,0.02640654907990037,,,-0.017547304809590672,0.11577285249795348,0.0332462366680543,,,,
2008-09-01,0.06146360879172971,0.08053055157164753,0.04773580735858392,0.05446024740933155,0.04600994494693401,0.011305820165710112,0.03436162072784592,0.03900154878374708,0.04915604381957954,-0.0016651936320317162,0.02864309703861187,0.112243301235999,0.09126977725674988,0.022480155430548897,0.05732646539720939,0.03511783824441326,0.0321073049491938,0.042738198624089216,0.012434354954989381,-0.005622403876227989,0.05146940876130908,-0.020610405608204593,0.04328691745302626,0.054429707539750266,0.04800374305368543,0.026085926794370728,,0.03521837634154297,0.041318738489724,,,0.05375252123217021,0.055130132236436806,,0.03157452050413366,-0.016320902843958172,0.02627724233445374,0.04254924747197752,,-0.0057771827076084515,0.04127279956210608,0.07269335736733003,,,,,,-0.026358038912591843,-0.04843772512185642,0.047394883279413824,0.08104567694465298,0.021674231074218047,0.005999619346401977,0.042285999920098266,0.06028770890295746,0.011849261572872144,0.07516494039101226,-0.003870278108608706,0.02024434688584133,,,-0.027554305533983022,0.11494032751607605,0.04213273483402825,,,,
2008-12-01,0.06470638712198098,0.09836123974196631,0.06155188205966715,0.04947179960089335,0.08239021974269627,0.06408412340510047,0.0664842022034415,0.03099905374630272,0.06818716200484977,-0.0005420363080210118,0.005928099021909507,0.07566379462776833,0.07444702342383261,-0.002498548629486016,0.06601206991546253,0.05723006861514508,0.02338308447629914,0.07287925567268162,-0.004609425268846649,0.07508319418942279,0.02970554070100329,0.044659117236246264,0.041659326798301706,0.0459427615508846,0.046638867539651206,0.057721726699317764,,0.05164120495622947,0.052847871284366736,,,0.07128747726280057,0.07330224864978217,,0.036493988032826684,0.009488480385990183,0.019670840894487958,0.0752838915023836,,-0.03471513070048038,0.044912600746919044,0.048862799726839504,,,,,,0.06619454244287003,-0.015949246191048753,0.08434469065270893,0.09384543780478526,0.03199415024244597,0.05964701002390374,0.031062920206212537,0.08689195893364449,0.025419443212814957,0.06571237398842261,0.024495785851256575,0.0798331938428935,,,-0.0140200367851786,0.09530353231548025,0.035749858372571,,,,
2009-03-01,0.05259992019222763,0.0857763672916587,0.04021657213390549,0.09169352120655415,0.03282700804657517,0.062111255128884865,0.06824917274052013,0.03625888300081863,0.056405346546579894,0.008894866083439283,0.023230778497092472,0.05662602546112724,0.08035371414966822,0.025866816854686957,0.08493312432952382,0.07934353427910522,0.048554610418431905,0.07707943112380597,0.04563720744287174,0.0641829816789493,0.05356427886432589,0.05704703674366188,0.07094918221493997,0.048883438518950335,0.09581060132728762,0.0691505172083901,,0.036426046745535345,0.02451021649922168,,,0.07426932142364556,0.07419369703071459,,0.04909264947987821,0.006117350093114518,0.03219200425622663,0.06892606126837648,,-0.007371881945993886,0.07494846289050199,0.06583301074684543,,,,,,0.03865759018741746,-0.005966859917209687,0.11749937090861633,0.0640455277850995,0.011250626466565977,0.08324063874055422,0.04131758405984991,0.08247474714851939,0.039898132170063064,0.06375261901828838,0.028771509244803296,0.08545348263096027,,,-0.013765122011222179,0.09967238713829214,0.04250563320922738,,,,
2009-06-01,0.07455475197928783,0.056620365427049346,0.0285588727442311,0.07590021674222362,0.01987853675284844,0.0182862449647355,0.03261114455890565,0.02514672907256773,0.03633679646327594,-0.005149817597777919,0.03325437147925725,0.0485923898193364,0.05486910713156186,-0.00036032283287843023,0.05065881313799766,0.04354044075535988,0.028489646683888526,0.0722761063407767,0.03558020997314116,0.05549398427565927,0.02423247299120304,0.024317342494335866,0.03055471361592386,0.08376374270438369,0.07871634462731318,0.0409500716554344,,0.005075594168738501,0.0491255000580922,,,0.06358001599087017,0.059975156431403276,,0.04183535302878244,-0.022063359387455198,0.0165043273181733,0.04764620061030719,,0.02062616233059738,0.059850473612279395,0.034453123944309515,,,,,,0.031811109190681246,0.021417999316258398,0.0801594162288599,0.0538406713319767,0.03636767455290034,0.024338212766067957,0.03661983632869384,0.04860912188593709,0.029860416453571875,0.04255082652399254,0.006531516253063581,0.022723492958071575,,,0.007885117938013981,0.09418250908481783,0.05248073081027718,,,,
2009-09-01,0.0376347612222234,0.06008497151961698,0.027457164820737935,0.05088319075775481,0.009254506059918196,-0.01271358025463904,0.060515847698921016,0.02836933511784535,0.031118113816170863,-0.0056526845174658365,-0.015565839905291853,0.03330862303373565,0.03518393758533761,-0.021290797294500865,0.03506906204843029,0.031045968938713635,0.04975363079525136,0.04265255307657934,0.0031881110880191076,0.000875687495989912,0.04552011601693891,0.018604605508718917,0.013266434672288264,0.08698280233364629,0.09141257243247351,0.06313537973513327,,0.01810623999675519,0.03781938418884871,,,0.03430834017157543,0.07090040595785396,,0.015449251936060253,0.002853179182785688,0.02410442436299806,0.06843879870109612,,0.000317602739702271,0.05005947076266048,0.03332436740700316,,,,,,0.0017299014821532317,0.018637337770751394,0.08863450497793725,0.04663322544486476,0.007058627315417314,0.056050471870999624,0.04544921367337462,0.024440628283670628,0.02971078836914486,0.03430669361917669,0.020948388811838404,-0.016414639746218037,,,0.011139543147854486,0.10764693582259025,0.03568244435322638,,,,
2009-12-01,0.03310647153425828,0.06207670224528164,0.02051349109625659,0.028679059166404973,0.042000332360865006,-0.03266102789607039,0.05161941118464693,0.005030648273536159,0.04672027824753434,0.0047513547497463945,-0.019468948558578024,0.03354836339393443,0.06285647996839451,-0.014904592619752757,0.036920893308816316,0.007070308480578236,0.0406489723981193,0.01338042212370698,-0.01771607719836253,0.014081397828731943,0.0234201922482531,-0.012754435644129633,0.011190785379412914,0.04763463809495238,0.06356996060239797,0.053952084627245316,,0.009004928559457849,0.03419464370213481,,,0.011063127819961742,0.07215403156133654,,0.025720398705926493,0.003540783365785639,0.003966713392750307,0.019103000407243085,,-0.042193604746505256,0.057914948353153264,0.02749308199615873,,,,,,-0.006297569318143784,-0.028202665306737446,0.040061467950391574,0.08379782712496242,-0.025146351203266446,0.038510226847996536,0.031099633163919702,0.04637320705399923,0.012654411773692989,0.03766911029837725,0.025131370027624847,-0.014397825308553243,,,-0.015438076603328741,0.08410678849144507,0.006470109510321745,0.02497849675070301,,,
2010-03-01,0.02539591353848751,0.03139709442471357,0.0015835963591416765,0.019495111408008536,0.0007050113498813953,-0.017198683728508093,0.012499935266635124,-0.028209771457692576,0.007958521382569845,-0.022747571108959353,-0.026524463272946802,0.038824123993323356,0.01537881420100789,-0.038865885081994754,0.007804431269813336,-0.010753373274825348,0.011093043202290967,-0.015796358369558748,-0.03865695532233943,-0.030090407297673843,0.01917764209726518,-0.005851273689422305,-0.012206191640866929,0.02579805759486308,0.021185957153946947,0.024474534246172873,,0.0022010428443161173,0.027366948572344854,,,0.020733030825951324,0.0006468538728500202,,0.013634445260158964,0.0009010740459210622,-0.016922394593934183,0.008590780608336778,,-0.04123462625460779,0.04318173280483404,-0.006487291981115821,,,,,,-0.014472106195102342,-0.014576577032043852,0.013861739711639247,0.06728069714671486,-0.03733854657470296,-0.011494597213282878,0.018780634669095023,0.021463269757638945,0.0011866238888077045,0.020527048320990757,0.005542524243096032,0.008798696753437944,,,-0.019649641654682186,0.06206227337045033,-0.019739409855740533,0.05701125424675602,0.05739444840287276,,
2010-06-01,0.028519037414786917,0.044276258932232394,-0.0005875011542469731,0.01448935447220012,0.0347626076424848,-0.05333963146830994,0.022775793219652726,-0.028377199206652857,-0.004076839060642922,-0.014038485327845856,0.0014652432557156776,0.07484215895169921,0.04116136732094474,-0.02962853990117538,0.050085125979696346,-0.008538662760216554,0.007210203986226681,-0.020087303068471504,-0.043590778435057084,-0.009318936640390156,-0.02322826187371864,-0.007572771808912617,-0.017542127894582395,0.007536426822464236,0.05593453698918949,0.027493214922796914,,0.01569496798090396,0.0014119453362775583,,,0.0005374099882901446,0.037619504053752466,,0.008097252112127069,-0.0154259672076077,-0.010949826744672713,0.004223661753877543,,-0.015052831183703172,0.05679998069775253,0.001954749305744865,,,,,,-0.013611991555675997,-0.030674214834625287,0.0018068192912832567,0.08230721799418621,-0.037107020245165996,-0.019969763167353966,-0.009033172137238919,0.03501469206297317,-0.014091455856233722,0.036092013030231754,-0.04412804727975875,-0.011644987972353617,,,-0.007531940793861779,0.06609996033563664,-0.016627770698666253,0.03934567623315912,0.02606336199383688,,
2010-09-01,0.0423399057202133,0.03018513164817702,0.00980794046847065,0.028082877168742706,0.04506127517238399,-0.026124925100613473,0.03612580435365392,-0.03176743866308091,0.027544058905358167,-0.01708457989825387,0.0007179658792713129,0.0640015427235075,0.055416025945551596,-0.020239594807606304,0.08047310449755046,-0.004088655216786931,0.01810881414963353,-0.01617552665406589,-0.017790825983398446,-0.004695828379431159,-0.02211418409562198,-0.011821489936340706,0.02391068836053845,0.015825623115311164,0.052050612418900855,0.029440698616607475,,0.011196626279389436,0.031218469755635088,,,0.00707326486404308,0.007610076850730469,,0.013746001588669149,-0.015200693694749518,-0.010662683296293557,0.011972147289145554,,-0.04419208900020793,0.03668184944679326,0.01808286094750869,,,,,,0.0009753388360944606,-0.027035245693130476,0.010828594114441807,0.08005397455789741,-0.0304110899835522,-0.03226061071178217,-0.001857762646734343,0.05624569165712365,-0.0033582143569398184,0.05120334489700246,-0.04395514667235186,0.03506366394391545,,,-0.001751832682448266,0.08175075233149373,-0.017819655451012394,0.06773660541135954,0.032394104350063097,,
2010-12-01,0.04868143103032033,0.02549721921752246,0.004542609809280573,0.028462692761024457,0.04227883649380698,-0.0400166877330156,0.04391462637094498,-0.013308980316332299,0.04242491570635124,-0.013592726743626233,-0.006510326391269061,0.06264787034416365,0.06472930541087017,-0.031166183062681027,0.04943049317532006,-0.010954608357920653,0.013855275621925336,-0.00010599296369638543,-0.025383875903394842,-0.004276037829814349,-0.018491175931357604,-0.006299006778364664,0.03382108950460285,0.014242911152543423,0.04029576554487667,0.05132239490949118,,0.026950413284570797,0.00640267566851501,,,0.002422895008206963,0.01856359470532037,,0.007194311975872086,-0.0024559229463816767,-0.018073978422221446,-0.009054773642008967,,-0.04535311953502872,0.036058227159075,0.04013348803242232,,,,,,-0.008769631871787795,0.0011501254575889076,-0.0016405107601940008,0.0793044806781587,-0.04952751323412505,-0.037006195611895144,0.0006318698820142901,0.06407823321058906,-0.003401377414947786,0.05791289187210965,-0.04569082746257622,0.04260507558550713,,,0.007280408971698821,0.07693114216332572,-0.00930749003493997,0.057455033416706165,0.039281946333056,0.04675525940740089,
2011-03-01,0.055665743137937526,-0.010269460106561554,0.004207251134967995,0.010255453454924339,0.04100637084148593,-0.05189681557784749,0.0276971129020912,0.0008504237676673532,0.02117427015968314,-0.023777104993689062,-0.011065904065920819,0.0437469152061181,0.04643371558268207,-0.02161022423705743,0.060307304593364953,0.0009339594369918105,0.003960688251719081,0.0034388989244150915,-0.03616106934096591,-0.016061229356403042,-0.019661532897222334,-0.00403970253172848,0.02696810614284555,0.02475192990454914,0.0332082240806857,0.06890565098020195,,0.029935671451214077,-0.023431773855117573,,,0.03185101822863339,0.021151286177729166,,0.0021291324817005837,-0.005155608596699073,-0.01878734169439233,0.002096908760237394,,-0.04973216633809216,0.04592206348421324,0.006658642961143535,,,,,,-0.016501445910470397,-0.03112323678013262,-0.024656253135895954,0.039661836667931334,-0.07522004748816609,-0.04578692548258083,0.004211158488240474,0.0576190223076246,-0.0055210266549710185,0.059044630703546,-0.05252936235572182,0.06438496306179683,,,0.01038742842074059,0.06859476664729104,-0.010133153623839986,0.03029976455344293,0.00591508689042158,0.01283672237484661,
2011-06-01,0.07133762767122301,-0.015869708157797736,0.0001668140760600665,0.008341307694561484,0.037718979968399596,-0.05212802542233927,0.029716849918513106,-0.011272046430057879,0.03215001787549889,-0.024644421711296563,-0.0059258364330858,0.04633409099589362,0.04527985935281542,-0.011941729275864878,0.060634060835619265,0.006839181830489133,-0.01824198895537084,0.0008230338444440511,-0.002718211350886675,-0.017692455639902037,-0.046652264061506674,0.0037955397824200915,0.0029145751868432292,0.010505170430445576,0.01304695044329465,0.06119430776119855,,0.01692872264274734,-0.0037948474253347575,,,0.05641579637880975,-0.03754748157834391,,0.008750993275979274,-0.003595448045894711,-0.02103630286022118,0.00017773419255099642,,-0.03323271231163937,0.049190160777765106,0.0026761187139776404,,,,,,-0.025178320363689038,-0.046460697524873626,-0.027817839308272002,0.0750618068294244,-0.07262792152517031,-0.02326816979223815,-0.0065914896344567275,0.043366982289020056,-0.01835938632168684,0.05225830687226739,-0.05503868188613204,0.05569316258650968,,,-0.01371957351076096,0.055672023169253695,-0.013239760258513901,0.030809473905815076,-0.018763547132343128,-0.011393197511691324,
2011-09-01,0.06642143338572615,-0.015680422817221297,0.0015164281966692167,0.018802192511944565,0.04953090168089878,-0.02893479744009209,0.01632128416292221,-0.02340101829609641,-0.013969645771108955,-0.033924425946930875,-0.012109839381488883,0.05411560001923589,0.04101773287355233,-0.02638615246439591,0.05363793081632682,0.009550684176384792,-0.03234498474529295,-0.016271474165870204,-0.026126839610917378,0.009907806239290294,-0.043180251540344924,-0.005704094785586384,0.006398002419595208,0.01157248098639749,0.02536119028331201,0.04395611428077666,,0.007129783558193932,-0.017272353714686443,,,0.05020172034647901,0.017601198490594962,,0.0017518212600771232,-0.014759889922081871,-0.022448454912156916,0.003898276431063623,,-0.038768774578369636,0.03817044986617606,0.013052331882169286,,,,,,-0.022319292294343315,-0.02648688304617481,-0.014777561782380213,0.06845937752161378,-0.08360726865241634,-0.0027058114066815997,-0.01940741431584986,0.03659956843981767,-0.020246671840274497,0.03521700916971608,-0.06334062239447832,0.06145693433528646,,,-0.04486344934625807,0.07149701646629525,-0.023564710434817268,0.033215020619871465,-0.024731350512883207,-0.01771524773447415,
2011-12-01,0.06410255020134313,0.041229400203659256,0.017968458293465092,0.03507467515299681,0.06898011237128668,0.008213959561841025,0.046713327638071366,-0.022712411931246124,0.006990394074421176,-0.007774675253574149,0.01993243631014094,0.07667049227670714,0.04137878539148895,0.006489344734179889,0.07515457769974353,0.00021664059683497634,-0.00013204043257566319,0.008867684979946187,0.0023378369953220013,0.021904592498357658,-0.011305003990703347,0.01076621010409791,0.026362394515582928,0.03182573568482008,0.04858990900578533,0.02946619985434594,,0.018977923988023296,0.04221591378395877,,,0.04393639338003929,0.014142620336054254,,0.010476976985887124,0.005501064227181807,-0.0008444129228077324,0.021534583496531166,,-0.036140936730189435,0.05886547843352002,0.008601867582261844,,,,,,0.03592651465539193,0.016123164615572522,0.016910299274466502,0.07315315735016432,-0.009761124393530602,0.03922976532074423,-0.007622635186993815,0.03912607862937854,0.003376887702436029,0.04483741078006681,-0.042082031363332204,0.06174829234506563,,,0.0050383123471189435,0.07892475577780408,0.0012464194115891008,0.04768231426968282,0.022602070904719714,0.041809517861026164,
2012-03-01,0.06379715266745586,0.05040018843332523,0.028633424063849024,0.035153287546809076,0.04159677230508725,0.013467468377955413,0.05477344716026161,0.018633854891121567,0.025089028520793498,0.009772591426072964,0.030123227419807344,0.07296668519601662,0.04111214822879708,0.021670226031350874,0.05951080613055981,0.024821287800886188,0.01870525609007106,0.04307277568796614,0.02168430541376804,0.02967080701864174,0.01888593520571532,0.028496134018943818,0.03011756006284611,0.026530146919271327,0.05431379159887048,0.03259643223610519,,0.03334797694625678,0.028109980236220477,,,0.039643463628591405,0.009342995548408667,,0.027560110296607127,0.022118549497847355,0.011494846825376569,0.02943629346238237,,-0.0047919570375444965,0.04055157274375937,0.02287230980644632,,,,,,0.02998924576276309,0.006653322323921674,0.02803295694716745,0.07766884246386026,0.008350402461363,0.00868544060599511,0.02256161120806413,0.04408935830256115,0.01985575703585092,0.042229032864167376,-0.014699098827632128,0.04667247630250171,,,0.013041303986619185,0.07823333737307292,0.015316519342452518,0.05705041755290534,0.03572171206208816,0.0435095742436908,
2012-06-01,0.04295432032559908,0.01282867018264362,0.03759736942233246,0.026663477795654512,0.05417551769332711,0.028927499991357065,0.05312768171497351,0.03321770701112272,0.033414539351620254,0.026562435996093495,0.03637174329162891,0.07397882171668503,0.06479733452325993,0.037494664832073255,0.042419685247331605,0.03098589294948913,0.025799591545538878,0.032356256933936685,0.032465364338768975,0.03598845381937195,0.031701159592620855,0.04066945851701747,0.052867557169728956,0.039619573788999295,0.05127408094763244,0.04744935419684233,,0.03597562982767338,0.0222040112856996,,,0.0477030673773915,0.030810420107608653,,0.029226219037694706,0.0322763999574292,0.032482435407189605,0.02963988512463706,,0.010552963323511981,0.04817929566472084,0.0425984603732607,,,,,,0.03752287155553493,-0.0005437276751378939,0.03173983607735908,0.07399818317243384,0.010112407394616978,0.014318701203885415,0.04065100330574228,0.056422079328727046,0.028788567381009898,0.03485348617520286,0.004489690698030689,0.026725147500735423,,,0.017261487078228336,0.07331552201291615,0.03972150062069424,0.065438830601487,0.04289185653354452,0.02375396347673763,0.04989914764749238
2012-09-01,0.06307045483179491,0.013213391725829561,0.02419997152703208,0.02588166497824916,0.04438268501264545,0.017835264785311708,0.04619795468922497,0.017992391048715656,0.020724562968175216,0.018219089916766143,0.02410854492341752,0.04361722823504822,0.04111907093760638,0.022088197548017687,0.04582043249337391,0.019751375276655214,0.012858106929587778,0.025348680326359636,0.015677256566965236,0.025648151027443573,0.01764724602848746,0.02661004811522619,0.04131588767232831,0.026915175258643075,0.043059422422629466,0.05442221476270304,,0.04606575589259647,0.03267665176080001,,,0.04136750365225256,0.011320494142908566,,0.019478494920608845,0.020712313774629197,0.013167190843484942,0.010311001112542524,,0.0005369025920117478,0.03867463677871315,0.022053051398502464,,,,,,0.020072933317714176,0.0029140236402155273,0.025968079376142227,0.06587815475423522,0.015464955556195273,0.009541631842898766,0.01875256474516696,0.04672137894326839,0.02971730386353804,0.027639767975459296,-0.01927428737920569,0.02964827075295765,-0.001143732151422711,0.018945686182279618,0.03402385673984767,0.05474083709987479,0.019940597412918263,0.05144556578539414,0.044463085057903494,0.019474920106334552,0.04285341438711347
2012-12-01,0.09128700032459007,0.0011166940846013779,0.012310764304406975,-0.009894707520974242,0.05035674601835185,5.9650101861269575e-05,0.033077835837537234,0.027206636886922077,0.002278615331165908,-0.0007017342990524707,0.018679018622864883,0.061657941285797976,0.058092701960980646,0.0004013272358065796,0.052215346514684,0.01949628869481692,0.010348729281653897,0.0030845788148721183,0.006800162852543171,0.024752796421423594,0.0016696061063492234,0.01324971384681091,0.03464636932410627,0.0037709433570948503,0.021893917794519942,0.03457226532258274,0.022364695008374874,0.016220134161282648,0.02525979437011237,,,0.03761671702643615,0.005497493010015916,,0.01443149346573472,0.00757783588237021,-0.009922660638923737,-0.00945585855650611,,-0.010792059564010643,0.024704439371592807,0.01824240965901469,,,,,,0.039946914116509774,0.0020663985600152743,0.019445268879714803,0.06351327067212967,-0.0010134393469634522,-0.008552483303532038,0.001957781389780363,0.05543046123526297,0.01533097475469734,0.004965434243690331,-0.012264213208859114,0.034295079993711494,0.01209926051751251,0.04402683913660227,0.02166679429580019,0.049415196854860406,-0.0032868786831585185,0.04039778984110499,0.04301006937707136,0.009143554292702333,0.039177290289363335
2013-03-01,0.07115914988572145,0.01856717202717934,0.009980516431026409,0.0060536943151401545,0.03017467996409916,0.017955566487955623,0.031149042445209118,0.02636784319918286,0.02741459814606144,0.00713908062866734,0.020694956964642314,0.04295348279839846,0.03904862728797023,0.01986494614233511,0.03853971419238629,0.023610607425982054,0.007875191715502368,0.024532728069020182,0.015189942550639789,0.02604215860716846,0.017228815853953004,0.00285223770100125,0.04397669787034622,0.010686807097714603,0.03397986900308369,0.04500395894948289,0.012131252313616205,0.015296448754778853,0.005193893186976781,,,0.032744372177460936,0.001688668217687186,,0.013573312816846704,0.012175622376886788,0.0017770232705739658,0.003351055240432134,,-0.007096249524191196,0.026926701609996488,0.02676661430621704,,,,,,0.02886085093374577,0.008543353422225442,0.016793307841408815,0.049648557114006536,-0.002423772086629192,0.0029991830515508616,0.015275630689146407,0.0464043099286262,0.02046159383488144,0.022332129494087454,-0.008882098178437044,0.01606707090334855,0.015786955707296154,0.034284352047438585,0.0116134011134302,0.055767583980544135,0.009093621869611082,0.04159432948866674,0.046147043190363675,0.006853856029127707,0.027678033244056092
2013-06-01,0.06840674797268297,0.020895680221685208,0.01994520821579544,0.039013704012035626,0.029296758972506096,0.01777812404458039,0.03498161191694353,0.0291633115120737,0.027945347156963122,0.020006023138760563,0.023060993928755713,0.049904534538732157,0.030392310867250104,0.02937615465786652,0.03024820494955152,0.02354218426611126,0.011002145975479731,0.0218621299509276,0.021259875691458544,0.02794107444400507,0.021581541517395286,0.007204389870992922,0.04387672900767865,0.02131851680313163,0.041894190274286286,0.04048683775293461,0.015199608616003297,0.02168273272566878,0.003682700502769507,,,0.03587894779394907,0.014090393442433688,,0.02103624181343967,0.016649445388932836,0.014877059749720502,0.01102461656361323,,0.005018504588879346,0.03589974160950026,0.029078990589751923,,,,,,0.033745907430751336,-0.00041467239117033976,0.02278211071647388,0.054022129456843794,0.003324054226006926,0.010825310409752289,0.02053751277431695,0.04851421370476393,0.03424241482515862,0.030656878622336653,0.024296396635616,0.0035590355991602903,0.02603355717253337,0.03575839138313268,0.025692736859944047,0.05534900773663093,0.012911427112540324,0.04532037338737067,0.0467772746633896,0.01769255454402811,0.026361385967440157
2013-09-01,0.08339971686588103,0.025709798271267046,0.020666450304156772,0.04078648152604855,0.0344666168221841,0.022390385384743212,0.035687248213359904,0.013890137687256004,0.021683261143995665,0.009166007335909027,0.02287994233603431,0.059834484161878074,0.03316890215715567,0.010460902167664864,0.03009145838124247,0.014355430703140071,0.003124038204347592,0.011451132995071002,0.015521555800626157,0.031874921191264366,0.011514444536100236,0.0053207348306133035,0.0320245254937755,0.014433924823577894,0.02645731455187148,0.03670349714055661,0.0594721090433384,0.008243609724250962,0.0028275154550162288,,,0.027456454031409692,0.014813389153172494,,0.02203634837621249,0.014729141908247418,0.00990751037189541,0.014760269082146131,,0.02176308273359077,0.03620118250017041,0.01131597373162323,0.04903996614553459,,,,,0.02388202281410917,0.005590082998825971,0.02231850118614821,0.058674586583936005,0.008923861238662083,0.007616062404294044,0.014207871325806903,0.047742525206922355,0.027796279509618854,0.009469417966280808,0.018518757405748664,0.011264037312072433,0.04781626490374618,0.059651493444779005,0.01651870404973528,0.04975172884912686,-0.004160020614339674,0.04825904070550124,0.05146392619553662,0.017430110511154555,0.026903627965628965
2013-12-01,0.0891532793891,0.023302005263395018,0.013977109490181572,0.010413919978120112,0.018153621745995028,0.011896872362888585,0.0340536533186073,0.01204400823701262,0.01563555074214446,0.01405865988924395,0.018883864196729966,0.06196709751681161,0.016694417665630415,0.012221599447298916,0.04007556943164792,0.014667342336012168,0.009179881482576834,0.010132949613191986,0.010497639616568702,0.025584496362485266,0.010530967682629582,0.00625710315125513,0.03946464332410974,0.018277933619770145,0.033185920984338375,0.05256605929590605,0.07210646664481295,0.010322722396021474,0.003477717684381013,,,0.027527089316010916,0.012029654806955987,,0.020042967078521542,0.012928880685216112,0.017024350390242186,0.011132562139221987,,0.02648490601087198,0.03559459866576075,0.015731448101207652,0.04841373031147969,,,,,0.030797487406822203,0.007425788238860589,0.02102856732292476,0.05408269995590013,-0.0016746582227722556,0.013417124999549225,0.019154706602852144,0.05491502566270094,0.022430466355105358,0.016647497867663296,0.04144399780110109,0.024871394752294166,0.06599973754151295,0.08363316913813476,0.026374635651684006,0.05493917794500334,0.00036595372635448017,0.04580770451333009,0.05393556119499683,0.012251095290627876,0.022176617932310853
2014-03-01,0.08079578387838028,0.026213464210035703,0.012411671775568948,0.01251506774753247,0.026478670520188482,0.013095494305043578,0.016793571408438936,0.004194888000470448,0.016832718027825447,0.013018290505361341,0.021798751562558526,0.051175708709798734,0.021492149238571342,0.011068813215782607,0.03346994277974209,0.024934905481095292,0.010381742908345553,0.005274538577364893,0.013921737430177408,0.02870855723064885,0.018637332926394485,0.006238158915036076,0.03593939016853263,0.021370973248135132,0.028194450719688274,,0.06212450456097403,0.00682282140904139,0.009184755394711369,,,0.029256076058841344,0.013122519262023695,,0.021807251651992477,0.017793320466051255,0.019144351008193873,0.020786639335949927,,0.022918699872409992,0.03026731514342541,0.026034901749629996,0.032555031494028074,,,,,0.03255820503202041,0.011772316977820052,0.021868889067507214,0.041814867719701575,0.002862205779460641,0.006404674021871348,0.02372926892863439,0.0426328915535658,0.027389932719735544,0.013822038099062257,0.03755490043130487,0.022195574052009604,0.06537588335972663,0.08351463627415866,0.02159458640092618,0.040796408138199985,0.006336040255498391,0.035278855618377014,0.04708329646354667,0.013427740936415397,0.018537402851826333
2014-06-01,0.06920246400753502,0.015233232698443355,0.0090590912997949,0.022029304523767904,0.030900798610502177,0.019323064510516505,0.022877849875051995,0.007851169906541387,0.022752859187478533,0.011389250922487468,0.022992618682130112,0.058082900068672325,0.01864865232419587,0.01137401938478614,0.052147747257814105,0.02938356000972962,0.017076088972597065,0.01756297256134065,0.014210366204423447,0.029046255017966503,0.014264851954940126,0.008724957837854125,0.03963613296504414,0.027567949723292545,0.034471434741960835,,0.06468882953187682,0.01849546706942057,0.009008345565358076,,,0.03518191086961105,0.013852141265403971,,0.019841887629279874,0.015422670688323543,0.018789385675457407,0.020161121504415635,,0.033642843616958136,0.0347808747224411,0.0308179207776863,0.04242364245752284,,,,,0.03833354781385406,-0.0008087688230371226,0.027171199122936928,0.05020851029789394,0.00018586831927095817,0.009282018613323714,0.029638155701571352,0.046692101115586436,0.03199028566289754,0.024956768591757873,0.05153952869175253,0.023982873387418443,0.05896879663342101,0.0712624660042258,0.03317372156325531,0.04616452058418684,0.00671365617161833,0.034748215895956884,0.051441448413693094,0.021245845458362837,0.02412966017714663
2014-09-01,0.05448795035068167,0.006091550005201128,0.012851278604282694,0.00923252351152258,0.027378472199319964,0.01981799157051149,0.0147519941277969,0.014101301067661625,0.012277691220536291,0.015963535246522054,0.025272169018485186,0.054890957985454396,0.024097103220753476,0.018082908722588064,0.028762699790417214,0.026116707466404907,0.020842520608665163,0.019627235027990107,0.01582929210945967,0.03070437205293924,0.013768198248128177,0.01670422957680331,0.022927435248086592,0.02785242271714652,0.035047130189348345,,0.04411163246987389,0.024596755777773333,0.008175267532242446,,0.03974347505034878,0.03287946262954477,0.029398632361741447,,0.020405680711951247,0.009189248735798862,0.017229150904005612,0.026298295340781944,,0.017722233132942876,0.03131751619777949,0.0258851711947851,0.03484364839987235,,,,,0.03529698335722521,-0.012206494452047842,0.027501800911999455,0.04852820401923641,0.010844116304496498,0.011733491550126839,0.036353400343245336,0.04806255922387695,0.03330449965928383,0.022910840942836776,0.04161657360796268,0.015398654102116953,0.042012933235514464,0.06504683019625873,0.022045267610088775,0.03945141466391995,0.01589468332318386,0.043755074633539136,0.0410729896170819,0.021922273124075412,0.024315408630594625
2014-12-01,0.0469411593753098,0.013093853297202371,0.01286012054778002,0.009937245455566391,0.0250884872067238,0.017140473257230514,0.029751874854280963,0.011176155727118149,0.016482861323465728,0.018314636193591464,0.022269610616482326,0.04415539000879894,0.02470042753330339,0.010321087036221898,0.03940366494597361,0.029464205828252477,0.021488749244168312,0.02251666472502791,0.023480016262360102,0.0369932649923796,0.01182594072740225,0.0080754172058976,0.025466306529906807,0.02847591983392101,0.031512399170650324,,0.06224471328889341,0.011554182095584984,0.029466502395644353,0.031226908435878747,0.0389137803930893,0.03862439943818212,0.020923970946099515,,0.021782157678375033,0.01960213546516303,0.027739240813241257,0.022280234824548373,,0.034469122883803736,0.029756506271352692,0.02374176938341521,0.035370382254667314,,,,,0.043335273091962175,-0.0067672930087647664,0.032096414319950146,0.04214823213722095,0.012225895169628756,0.01839769439518709,0.030169913855331635,0.037345295060314754,0.03066196439416981,0.01900527591035132,0.05659042514012121,0.014825017187392106,0.06290063649038928,0.06755403945871277,0.0324209213164359,0.045828791321345215,0.025118914117994127,0.028100447239557003,0.03616743727507579,0.01861430043092365,0.030736385369507128
2015-03-01,0.07158454287427286,0.02185776377164325,0.029558828376483243,0.022994996340346345,0.02340560640591406,0.021916351213993993,0.03669156180099217,0.012384115213317969,0.02890498862745381,0.03444468381196812,0.04158210444773209,0.04474274721261885,0.03977353797428118,0.04045427275155001,0.05991332445986321,0.04679009367173894,0.030339586522764795,0.03680384526543703,0.030598931215858455,0.04911972246401935,0.03872685345252733,0.02553889575633956,0.05496587206249336,0.0326158869973298,0.04195779444448511,,0.06289753818313276,0.027559124967118816,0.033950600793064896,0.05072746990178258,0.03367831116540203,0.05077989706657836,0.03742355889598547,,0.03348568490854455,0.030886320284248606,0.040045100813328106,0.03262178046601941,,0.030898303615660833,0.052532838400751396,0.030838136127003802,0.051291697068740046,,,,,0.06719550404873162,-0.010559004201565286,0.029328389484110907,0.058398434289345935,0.01327745773147672,0.017156463572621957,0.043327528950950905,0.04888848830554408,0.04407067703939583,0.04317738207308722,0.06285114074620651,0.03158238399820746,0.06592519361953562,0.0658050290045843,0.054375490916946004,0.03576611162295898,0.014391217076773292,0.0459465499776647,0.03817526008961655,0.035399973605627404,0.024691062780054476
2015-06-01,0.0546485351303546,0.023984948891352623,0.028710762521850418,0.025411293680859186,0.03645364130717473,0.025026579732802586,0.0323150108122815,0.02575927159441742,0.023998978881225614,0.02911307927888081,0.04806093492776209,0.0530964746000015,0.03840488880859125,0.030500971355993414,0.042507065472514934,0.03965066385367551,0.03068259701900842,0.03072760083498003,0.037915864400556346,0.0431551986024698,-0.014199237943935994,0.028220878700648412,0.027223177196605355,0.019722289510952517,0.040934702520707286,,0.04060015379081284,0.020525235569126055,0.03362516044771227,0.04155875680460042,0.039607448660697944,0.04816085591763369,0.029127443048579588,,0.02769207072318357,0.027976644549210623,0.0368150517371587,0.029268893111956816,,0.023426179961219293,0.04591668133004972,0.025510262091643653,0.0474806056405624,,,,,0.04222596266947607,-0.0144673463846789,0.034646483942170014,0.055619565501999375,0.026763216429703925,0.02436574071478624,0.04276585266604391,0.03793235053578109,0.04064363781771283,0.034841094214888846,0.028348355211712903,0.024956693930800265,0.03968361012427734,0.03829242621803732,0.04110152639316445,0.03585854827616758,0.024899208780639514,0.04303870728517805,0.03582658232087703,0.04068516380381348,0.03223017273627468
2015-09-01,0.03929541114228492,0.024411880817130648,0.029446166645268786,0.024083258189427456,0.03190425449706588,0.030968304523404395,0.03714644670890475,0.018175641315194634,0.03125184789138644,0.02365767015758952,0.0529024593434042,0.04689679143645319,0.04316811859730684,0.0407765316619163,0.0353170092401598,0.038784724093073236,0.029845770457314826,0.030779365881810367,0.033336449909217976,0.049602124925723724,-0.01683729227780176,0.02160808527815816,0.036958338545345144,0.03130707845150087,0.04346154897103346,,0.05986907946399897,0.01871676629646499,0.032073738950491704,0.045350967974087844,0.03741616991962436,0.04668850641849881,0.024695801259466302,0.05395901771774053,0.04538223698241548,0.03919343413550972,0.03658055271903008,0.028828345185304024,,0.03396629239879557,0.05121586814613886,0.03541612329809308,0.04495575043899938,,,,,0.05732603776267262,-0.007094649249973673,0.03667764992720691,0.04767136603541168,0.024101721301428944,0.012253112102750326,0.040844741634379615,0.04357197523238699,0.03990120925435066,0.028328195013857527,0.04798467547142447,0.02766794965995639,0.05846650673105178,0.05377384318929528,0.03796105034128029,0.04658154101428988,0.026746637650807904,0.03787688260566528,0.052968421253792225,0.047284477009646324,0.03371455166850821
2015-12-01,0.0389949200390004,0.021515977436268957,0.013875179200967442,0.021436201780697498,0.04988240022852236,0.06408752777765864,0.03516085959446033,0.025372282641481794,0.05027494669278248,0.02105460331134044,0.04574518994400527,0.07279742050066434,0.04225306020077731,-0.0035298868013670624,0.03431578042607815,0.04317198702561443,0.028128676588111863,0.03630236321083379,0.044412955624619804,0.05411892974055636,-0.018024604885931272,0.023434602309853378,0.04371366716973427,0.03931441710393156,0.04701669772813811,,0.07078621950504668,0.020904537170647948,0.05513930725958037,0.03611111852664429,0.05171376102959539,0.051435481139273334,0.049364236091040986,0.07066191140502584,0.05398552054774805,0.038225683874140916,0.03688562100666533,0.023706442226628228,0.047936121085536444,0.030840154184073106,0.047792505555876524,0.03971754051794799,0.0319495855514951,,,,,0.06893826304184407,-0.001223496618385421,0.028810685853532324,0.06185067852541394,0.02852028640756182,0.01974831629671584,0.04671812183005392,0.035811258275901786,0.037721839235717855,0.02235770433264696,0.06646230880649726,0.02724265063322473,0.07217459259843774,0.06909403731972134,0.03384924866202846,0.047009760296760336,0.01737069246864994,0.03905562643298286,0.03617716891926816,0.04914605572884195,0.029610465199817106
2016-03-01,0.04206490710023462,0.02747396051071278,0.030376166345629976,0.03348400370902229,0.039729415921198136,0.06106697526594985,0.02586226094030373,0.014170940334166247,0.055031734858966716,0.027494202762719428,0.04450987435836634,0.05498249535107255,0.05417204924558571,-0.005960619197328214,0.04601028247205945,0.04033659519390822,0.02333483594581833,0.04291555873322734,0.03792012885699258,0.05551539989599537,0.00018182436764910493,0.034390029677915164,0.05542373849776836,0.023299142281115893,0.04880287219110288,,0.07387733192193861,0.024519730254221526,0.04807073136280993,0.042035925515083505,0.03800288817063022,0.05404464490155416,0.02912134304604051,0.07098542081796431,0.05879175610248752,0.051702582943733394,0.043050237611483196,0.026941852707918074,0.033321893457569494,0.01800834620835785,0.043465918619784584,0.03135842446665955,0.033459953381117485,,,,,0.07115042844004649,-0.000864100865203367,0.03348242656785501,0.06248295515578623,0.03276292004665249,0.018805891794763333,0.044693475856036474,0.04586878634557268,0.0402755768222976,0.029898887150341523,0.057895286478532614,0.03467475872606489,0.0701542929310858,0.06530206381170169,0.0358915842562404,0.05165525099982921,0.03442690615367747,0.04263179613199527,0.05647229755059015,0.03165045650458467,0.03072217550690216
2016-06-01,0.037208353298957005,0.03444398072266466,0.038658368205756244,0.0312405886055444,0.03705529500155466,0.0666235718588836,0.037122027943747235,0.016320214848492474,0.03211714275398109,0.02549353930231843,0.04820736139982344,0.04813504969351823,0.056238280506255824,-6.0722274773403614e-05,0.04032460106194626,0.03982252301340062,0.03088487790491169,0.03654907747528189,0.032386721835797404,0.04780575400896291,-0.0022069192182381635,0.030970285654316972,0.039852618617204655,0.02926496187612522,0.03803617613266127,,0.07719978534172793,0.043938498019818154,0.06911683245063463,0.033561500595655505,0.05183288656463603,0.050408017222164786,0.027803548316369425,0.07353891581149043,0.05948952549241755,0.04352102183768748,0.034810163207761896,0.03800966737558997,0.027927924789252954,0.0403387689830496,0.05322442105289362,0.01910851675007015,0.03482548310209525,,,,,0.05177043361284423,0.013631285980795205,0.03595964939253118,0.05254007032197836,0.02833427905954603,0.02879328608540461,0.04235361705034867,0.039381822571485564,0.0373344744837841,0.04272192653265487,0.055381289989082955,0.044386131312874014,0.06767593117089363,0.07344948231487243,0.05124831944386197,0.0452876476273963,0.023707277629508174,0.04474564290974512,0.048794842974542924,0.027625153636441104,0.036159969269509984
2016-09-01,0.020517724023315614,0.027485212417746832,0.026732870207143926,0.0272938044697842,0.025471114434495106,0.0605477942854683,0.038929049928504815,0.012482555039763059,0.0309064232933293,0.0211183811582624,0.045320997755686855,0.0524492379635121,0.060811678943406326,-0.00215881614621321,0.03657685211448771,0.038086499663016096,0.03777667991299155,0.039024603152290296,0.022741712119052526,0.04751864471396454,-0.007284332023002668,0.02739444641440371,0.033471237726646515,0.037691866126861415,0.032478364583032604,,0.07293006032486493,0.03266513270485756,0.06143792439963914,0.02837773043469124,0.03952862607482084,0.044042209279643016,0.0362764895563067,0.06568819904212506,0.055346825245501996,0.03851729457723561,0.03984855220668321,0.039872203781834335,0.033387824431143104,0.03218896559993938,0.033803686244305055,0.018251613073508918,0.018115192279271254,,,,,0.04034170929349089,0.012033414872013815,0.040220576207234286,0.03811247707080172,0.028905876676122308,0.026674574246544354,0.04569367160222901,0.03273036202292029,0.03984025472502782,0.019312564874608716,0.048800615798894234,0.03626595785596883,0.061901353628587064,0.07444499879239774,0.04833645337833448,0.03642334123939636,0.024426294223339275,0.06386418037454533,0.050567035097617286,0.030368031177830837,0.042266575842247744
2016-12-01,0.060600729860481754,0.02744585227886189,0.025817436874598657,0.015084958986252606,0.02643655134583514,0.05445898518997117,0.02793996645084478,-0.007889321180051739,0.02487185822373028,0.018500418215560376,0.03569153705440648,0.056057474357071584,0.037327393120654875,-0.008314349871945438,0.0631041636493178,0.02354319279207406,0.02925861762878799,0.03637307743182942,0.018057096800743924,0.044353341069496975,-0.009387683039627122,0.019301987074915882,0.028155260372275753,0.027446200280862795,0.03300685624305595,,0.06936765931154559,0.03094881107193116,0.061708249509581606,0.018689751600574303,0.034313312791593935,0.04504291662741557,0.03548071105046726,0.060830976288294904,0.044993840586986786,0.029624998536540617,0.03147940419248333,0.030575442368856506,0.013138636236101599,0.031425702805195306,0.022253148122706526,0.026092592939392513,0.019112107843279817,,,,,0.042843235405821856,0.014624263665311726,0.04552030016310917,0.04561636598064374,0.03236415260453868,0.018797424820587275,0.04228626594131308,0.021625718338248334,0.03325819399778669,0.018176900166818975,0.04539330681148975,0.039644256279721055,0.0650594504139377,0.06620514065079036,0.05035007278376054,0.03731002180493641,0.008147985505844103,0.052457166675861776,0.04298450402290748,0.004628275973001806,0.03517402565677283
2017-03-01,0.058214479857046725,0.028541835505122314,0.012785572628274528,0.006993978788955389,0.01905715402358903,0.041800283847055544,0.024191206044150614,-0.009424861315088257,0.027101231020752698,0.009218049130788145,0.03266361252700634,0.04237899221043068,0.034467559970652914,-0.020209061297137825,0.05320944571823466,0.029859259128346055,0.020477128793862986,0.03239229303292507,0.017489315080983402,0.04557536992968951,0.03327705602926964,0.011713158182036413,0.04155709721548364,0.027455662719219044,0.030618148860229746,,0.06239117229880724,0.014002422582407574,0.05413802446322886,0.019172045252230308,0.03143769577661598,0.036235511852685816,0.03318219520030825,0.06126823952142017,0.024455225185620016,0.022128795627545755,0.019297554572675662,0.03401382897091294,-0.00020445569603544738,0.003797342452930143,0.043975255092309685,0.010923698577775203,0.014165450113706138,,,,,0.03502030846132259,0.0024489448867163737,0.03789230478761621,0.0337140704450307,0.01187851611530328,0.02443052205123234,0.042718997835855525,0.02983159388395895,0.034696936900217294,0.02269265794605206,0.04160868561633872,0.03915713570228524,0.05375935124960049,0.06019158819599407,0.052063902803264395,0.03209924665941655,0.0006917967364846235,0.04061122366642464,0.037959525638949054,0.03551910513729883,0.0363307813315712
2017-06-01,0.058945464895457496,0.038176927044497155,0.011666162555677685,0.01786765259953118,0.0248891856083506,0.04306747469582719,0.012454332420031466,-0.012661485659683613,0.023432341107423097,0.008327450584919922,0.03652269819982104,0.04705657473944722,0.026811402130771666,-0.014139230162125191,0.0373334082774301,0.0406647880190215,0.01896692932664993,0.03314471052299795,0.013733015582573338,0.044765862637784204,0.014400029125320055,0.023973873526037526,0.02171014574674425,0.024819084734580568,0.01742703015621735,,0.057717302072487396,0.01730282030688719,0.04640329012702802,0.008511867750547545,0.027755211355759347,0.04546044616234111,0.02123065692809142,0.04225921053761584,0.016028217111073106,0.00828397585744246,0.013634661245399167,0.01992192265656145,0.02044547657098835,0.027994375401298253,0.03569927832906627,0.021701943849965297,0.016980532957041324,,,,,0.014378154871985627,0.004176296311994416,0.04004671129427742,0.040122090226975146,0.01161299576284482,0.015351401766086382,-0.003621368032247384,0.027085131088474778,0.031205166235970735,0.028781974061988166,0.02949303317467219,0.03149867710529008,0.0624116074646613,0.05704690612558755,0.056024685376419754,0.025283063420190825,-0.004269848607975689,0.024339085684422147,0.026899112896196543,0.03567191163295397,0.040228373985635925
2017-09-01,0.06300237915878949,0.019804780255118906,0.014288524309144174,0.014970139691729462,0.027008109952113717,0.04717966442058132,0.017456624716768798,-0.01779179196570807,0.03599282453980597,0.005318709566549197,0.0231006624107866,0.04545792376554649,0.022810329512917237,-0.020778203460438398,0.03443839862454746,0.030709922506197675,0.010013964797617214,0.02611185248617417,0.016241647230127877,0.040364484959369056,0.01483310298570556,0.010127597202598745,0.028886443268201355,0.015692080032298685,0.023388179500260044,,0.05631992537547256,0.04094051216065674,0.04873364259874975,0.03414470369409426,0.02388292804258165,0.041754541472087355,0.0177143489776204,0.04315496558336607,0.0224965715351647,0.021658042615336964,0.009030995992590017,0.023701025557209,0.018256446931244823,0.009308854901617297,0.02939305918941316,0.011984664773035905,0.006852418930969352,,,,,0.029995693348862144,-0.002206559510747919,0.0209321732142328,0.03732764974175833,0.014612790326151637,0.010064053150341772,0.01123193371197057,0.031406747479922566,0.024007825773791267,0.02171843048114208,0.03169392501109981,0.026631272096918936,0.058795462041198183,0.05756665986890349,0.05583626140883356,0.027503897374356275,4.743962745913016e-05,0.019716569403182106,0.04117191954046872,0.015334654637627811,0.03153847980422259
2017-12-01,0.049396503148814004,0.013626262144630141,0.020419902108331018,0.004751847281278846,0.02195113790283804,0.05073239306976445,0.02256928695800415,-0.015288941491469208,0.029037823298254696,0.012674981468042546,0.031280891659449604,0.03742459362984639,0.015683414069796703,-0.01600583380691588,0.03567883872225696,0.025714056516492705,0.01859425595347869,0.036906951526565555,0.017147999161267254,0.03921320481347722,0.027210831683457955,0.008889061395804,0.03152356263982974,0.024787516568711348,0.02095004050703787,,0.060645373728861154,0.03787880577587676,0.03599951160873108,0.03830108274123867,0.03189172823907715,0.035667674837045936,0.01933928588489377,0.04732933812619718,0.017365569961381232,0.033633122415256844,0.02462387151037404,0.029292879341728084,0.0336650674085662,0.01376265992415237,0.0223157357381207,0.02163561674300095,0.012033544104928212,,,,,0.03634721138533415,0.010604629475730301,0.02260072961371326,0.03166938082713282,0.021228065030775966,0.02869880940385163,0.026398274593057516,0.01694863591718551,0.02369218343675833,0.02760955535701734,0.028575924687470645,0.028910200910310713,0.06106354172180777,0.06213210672723866,0.0632046103425442,-0.02436136512416747,0.0055929377747484296,0.03220426794447298,0.046791271425741195,0.024054124742782155,0.03481396098063823
2018-03-01,0.049784654994314045,0.0214951404874916,0.027134239909219694,0.011391808765708635,0.016131332781683386,-0.007689538494421095,0.037202020610976834,-0.00856670127923391,0.03370874502575651,0.019918467522275145,0.03745725991657717,0.03966321241898646,0.023100677585486326,-0.004195625792214035,0.04137034885300595,0.03392954079709212,0.019435210246847464,0.04167867335792839,0.024541046428422635,0.049273821821144405,0.04510582234155477,0.019657658734673525,0.05391460476713574,0.025633294797722934,0.03593163486518865,,0.060607545737118025,0.034239217395566464,0.020047815313827884,0.031169210911978794,0.03259664598770685,0.038013129156266194,0.03937206085596297,0.04559619144142871,0.009160475254581819,0.03919381799930008,0.017191228252355934,0.023464352052984156,0.02160928588827272,0.013390019239482019,0.0351088668230664,0.02145771710419745,0.01694562875131562,,,,,0.0402020665471464,0.009074215274867632,0.02894462181354464,0.035294694230161766,0.021195079030884235,0.014100856192913847,0.025346656330380177,0.04313857203172873,0.02602968251990113,0.030089740250491687,0.021815224081118155,0.03502652856033781,0.05663192610912379,0.05368260737880561,0.045644645133827925,-0.010999450655832388,0.014629446309740439,0.04878297534877776,0.05206637444332753,0.039258308627538374,0.038821919926041316
2018-06-01,0.028644224793281256,0.03310729988559256,0.027745145725338764,0.026622523608366276,0.02943364637928105,0.002897418881652164,0.04442489297980844,-0.013357796240880303,0.03503605858394694,0.01644805929908054,0.034052901676098556,0.038497231818957464,0.011144262997458926,-0.021552816525755282,0.03259606652646006,0.0409789986647092,0.012937764396502523,0.03213831582594973,0.03296273440574235,0.04472190277869648,0.029601671446506127,0.02337250316596292,0.022494092734159126,0.02636080656600929,0.032101452595092506,,0.0638467012510888,0.02932340443050867,0.0317816096991282,0.026186174820171368,0.029906390448805546,0.050237240293150756,0.01795224869883425,0.03533139613179656,0.02564813184430208,0.0550712357251867,0.01670128444533007,0.019218252572449503,0.024989112478165695,0.031196529292582452,0.04271194772016009,0.027976432114872444,0.016303187749615103,,,,,0.049570035516110264,0.003720434102390623,0.024983996782992585,0.041322918972656726,0.02417601383138241,0.0113581448339582,0.029441386865099298,0.019054137137575183,0.026758349924442575,0.04023602926777564,0.03133890860401579,0.03293199460008373,0.055158209191894354,0.0632219069427246,0.0399372914353018,-0.028138228035699004,0.01916193982349699,0.035455367801849845,0.03949665197034919,0.03022409077550038,0.028360500821170843
2018-09-01,0.028401330723820024,0.018052972575794662,0.025016687059617116,0.024424894820283146,0.03478033141506916,-0.008741127693502078,0.06652884590682141,-0.011038205369681703,0.02719565046217444,0.02126029220009394,0.03949085821064366,0.04588374008255704,0.016930374348962926,-0.019188772820591882,0.0316274718925157,0.03979780362517253,0.012338431494563828,0.03891120843406376,0.027722039455656978,0.04312702434284829,0.01647265872693748,0.02108101367830725,0.025669919684816054,0.03393880044554477,0.02710989705599021,,0.0711330720703167,0.04075701957986009,0.023138004600483337,0.03258234927638623,0.042812889697056065,0.05665559642936249,0.03198553071454319,0.03958632162517641,0.015879097446458927,0.0527301851117381,0.02319291856868675,0.02911866414466514,0.01775606393784921,0.028338833533414633,0.006185342273347343,0.032381620264605754,0.017648456953185312,,,,,0.030712661508445187,-0.012654185633580482,0.01869002218180914,0.032382289176773854,0.02126907528071882,0.02189373833437884,0.027320746779816968,0.01661866303783881,0.03244609305708034,0.029686551498270194,0.029916016037212584,0.02691785175021583,0.049909909096616946,0.06427607777902498,0.04578953890411385,0.026794224902461278,0.014128130826237302,0.03681424050683335,0.035898425475372794,0.018657177602018717,0.027012607208853675
2018-12-01,0.025257895491092554,0.020265985245275415,0.023484481633457347,0.013342078839215435,0.043450862730480204,-0.014887048933656308,0.05041721495157792,-0.020553564103872678,0.026645186564960965,0.02148466112152753,0.03754485200754718,0.051290392685187806,0.011992331652791526,-0.02912638691246972,0.04256157603680194,0.04285716473000205,0.022205821440461147,0.03186399390621938,0.036291949779688075,0.0463718381510221,0.023951885302562113,0.011463570357592582,0.035504777349161784,0.03250844057026754,0.02780147398372159,,0.0654606553057409,0.026843078836760816,0.02256234595410071,0.03680279273735938,0.03311807301748407,0.045500845876681136,0.02007000173937657,0.038345236094039066,0.01611770682017375,0.06822697485143596,0.025078812407394374,0.016274033919331212,0.03168156342470275,0.020819424533518083,0.015148206905136335,0.01812654675187517,0.013350224346584507,,,,,0.043084523203370216,-0.015485349066789894,0.019994571781954112,0.03009393444315989,0.024448196495317084,0.036623384767644034,0.02547293526816884,0.01841613059260529,0.03163140878548433,0.02340044803156116,0.02662610735207491,0.03085509363706278,0.03622004721338986,0.04552341883846924,0.04525587966085212,0.048248488169619505,0.026471280695240545,0.03763962249508848,0.04824090058536924,0.03554815451285543,0.032250824329524294
2019-03-01,0.030288840618069284,0.0369444346795795,0.030151428984895503,0.024536051832252968,0.043269805605250684,-0.008861404122982934,0.03183539174606866,-0.018747192732179972,0.02817418108182841,0.017578671358130543,0.04163040030463069,0.05301745680705876,0.020843666596132158,-0.018452212556117897,0.041386303227879194,0.04021973404270963,0.024670159580060618,0.0376863651583374,0.028541355124531466,0.04964397325200009,0.03529040172533018,0.014831037379827935,0.040013793248530646,0.036856146161847354,0.032420385508402844,0.04940979334412937,0.06693489851610829,0.03296629516380023,0.014776828206553608,0.023449938818136024,0.0457990903543808,0.04500702776579065,0.031571752878844214,0.045289183355755075,0.013021203603168453,0.03444936732089498,0.02613326060851393,0.023806383987861397,0.016108920610228738,0.01989806670513936,0.03899890609491387,0.015371737962942703,0.021681690676264208,,,,,0.03139451078292033,-0.007827710880217251,0.03251622131518122,0.054032274118387943,0.026776248733197363,0.03623556885492813,0.013386457094912168,0.03500435394759054,0.029544745711117978,0.026246119610559657,0.027480642685866342,0.034462797436170596,0.028926773826070267,0.041161986412348354,0.01914648009502245,0.04144761291498529,0.007999017889076547,0.02897361415548626,0.05666576050532427,0.021238729433117966,0.032342925481682494
2019-06-01,0.0340245845306975,0.028594414161362477,0.02745650408944399,0.026201936369431765,0.041032747141182296,-0.023155247887207273,0.029882208776646244,-0.013261618619321852,0.020172680288184315,0.026399945890753982,0.030953557584867272,0.05200345665965094,0.023359851574737456,-0.013147214719378797,0.02986195211143259,0.04325887896261491,0.026383019679357134,0.04561914174064491,0.028693001312856712,0.04918522860334934,0.020913452424838858,0.018753902025491563,0.023750673772422706,0.040096485514296926,0.027304729634183258,0.04179986426028844,0.07488245478686854,0.012609738626947075,0.038138663101908714,0.03821098483906213,0.04401821280632713,0.04786597944533552,0.03376841739420064,0.043561222395583375,0.02015769970853548,0.03802788502125885,0.032813947696775626,0.028531423400696733,0.018129402829310002,0.03985464969915876,0.03208474627344529,0.019415691946713467,0.019170479255461576,,,,,0.031280856362562955,-0.0008460640558005868,0.025411408251619468,0.05415622595446417,0.028697709994089996,0.026503312323081157,0.021178241427905652,0.03156957936033659,0.036090781601533964,0.02638013325993804,0.021489068969274622,0.030643677022120067,0.04115675753716281,0.05102013651070943,0.03958646628922253,0.05838626488896826,0.00934081036467154,0.03374911735333559,0.04262909061244601,0.02440594768606511,0.028617210321885106
2019-09-01,0.03533434179310008,0.013217323797659764,0.02248977226669835,0.03424724949376822,0.03808403532351608,-0.012420066535726988,0.02254518215564705,0.0009779438405130316,0.02509547905635685,0.040454236763007675,0.02912143927056994,0.04345210706363153,0.010765877987775098,-0.002966498929224685,0.03086511471817302,0.04201672753270457,0.020407896929042955,0.04059270825546966,0.02984966937306459,0.05146616704864951,0.03280608623278614,0.02365526540322778,0.03659635581920261,0.04370638555788003,0.028461565352320313,0.05341349639039141,0.07311833070538304,0.019794313604478742,0.031681550613726614,0.03829720238340429,0.036906754812749354,0.044991565367761235,0.04115938978834555,0.05295808687683728,0.025269098067953296,0.04797398060984313,0.025391163834634002,0.02878134426197354,0.032593200566630565,0.03766213338774313,0.020675538635896024,0.013588379713319608,0.01920888107720472,0.07197976200935241,,,,0.04099766756579129,0.013182661150924768,0.030261339618410665,0.04529003655957647,0.02792941075522098,0.021651662302303632,0.02645291596357326,0.03526439178318571,0.04102753470222903,0.042044808985661805,0.025237314441903923,0.028760870190993885,0.03956696638119617,0.0440082715219738,0.02983331844057727,0.052247678621064525,0.01637681822630657,0.0236576364539973,0.05084197343356186,0.019774962351841428,0.026500601810105252
2019-12-01,0.04614471576676169,0.024280501864017555,0.01780726713951892,0.03278719847383686,0.042268737102348124,0.04408608427645318,0.020930072275913213,0.03285057799637717,0.01787829555533073,0.0296832333062629,0.03192743255991218,0.04028426157295652,0.01424703246674134,0.037305745653304884,0.033230487975429976,0.04091283915842889,0.025325241525778672,0.06899784060054535,0.03403866335782555,0.051402617761802494,0.04305082608230101,0.028656345791988093,0.04390490813978694,0.04717560649388983,0.034972537939945494,0.038396954289757826,0.07855273091751007,0.020916964148524068,0.03365136980623015,0.03735921058601286,0.04466590922555313,0.04555696862334826,0.03828832639236695,0.05984146808647757,0.026140941789614326,0.04575388079563309,0.025005813978220093,0.029488367875297995,0.02754903054031318,0.03276049465607726,0.02385567037545948,0.019682924263291914,0.02532854254753458,0.0783893533486289,0.03482504413194655,,,0.04200278398533744,0.051621213057501114,0.032241339930072,0.03579039456506475,0.03233760150265724,0.03196974808248347,0.023939637295645994,0.030806110523455135,0.034509268824554906,0.03323427119155344,0.025786932508637915,0.033239091441422036,0.04959696072532499,0.0536088043971612,0.026548980895659824,0.05409528677871564,0.013813800449602542,0.03223139696473843,0.06126104495040684,0.03531493354014199,0.027022507240460177
2020-03-01,0.03771135062364648,0.022319367285358202,0.014950437960792862,0.013956351280950042,0.03152780146670472,0.04489369444878789,0.049028000352245284,0.056824304890023054,0.020746850518676956,0.004706236999260701,0.008951080851394453,0.026986421211412613,0.025525083630650647,0.03977093574354897,0.02445300946634541,0.02855963285067617,0.023787919734090376,0.05039052776586684,0.01666314505941656,0.04428844942636201,0.035669586757741234,0.019674802779479823,0.03488526833717174,0.03702883994846242,0.026948538458935755,0.025979829092295223,0.07172840035778105,0.04644227864752211,0.031331563926989894,0.02363701724205713,0.04700792801643691,0.0462869849122239,0.041287035404314706,0.04846350846886754,0.014922398740014326,0.02757230154961928,0.021040244049779,0.02604871093023832,0.06108698796560857,0.026933550571642168,0.01918244953843157,0.034942747022322265,0.015157603009475691,0.07638017959493977,0.045825809667090246,,,0.024416215756120917,0.05752524604814981,0.027890793074937626,0.033755957904112954,0.027537041395306102,0.017856859465153963,0.018908511483089484,0.03152530520328038,0.021459004551631904,0.017658373691352206,0.025370846004688627,0.024587721822117527,0.042157647314512305,0.04974207382172409,0.04332944007204936,0.058718334790436394,0.009781971413211889,0.01751944409662501,0.04156810824056672,0.016201119663923434,0.01947092199655977
2020-06-01,0.04162840623508991,0.022064965718576586,0.024845577083360378,0.01886497509852726,0.031640093245981826,0.050686195370727445,0.06594771687494984,0.07209575061835881,0.03370599795557628,0.033898321242990206,0.028970738833162573,0.03566844874158784,0.029020446783466592,0.0441785371974206,0.027484525606441813,0.04113641929256499,0.03506361938938881,0.039618125714954766,0.020670117238660052,0.04228272748432713,0.03309796351873423,0.027487539779405868,0.033932761025348646,0.04724442318140918,0.04357085208478302,0.03411391027587981,0.07165288113941717,0.037782761742571544,0.04946008715613624,0.035003045715409846,0.05428709080255944,0.03286290778145014,0.04767955982298941,0.05725417624123822,0.02609335350622341,0.033597568240924164,0.031291924468331005,0.03853147563349824,0.06943734200355914,0.026644951963774467,0.018002123739889974,0.037350583801527996,0.027174768044045824,0.0737175130766862,0.032383475341016835,,,0.02804328831935188,0.06022132404364036,0.04424658161156976,0.041962857627890295,0.025071491048095494,0.022611283471565186,0.026718945838743537,0.07844785181768155,0.036438586612395275,0.020907292734098203,0.023966451597240982,0.024001733484612736,0.04514048046608177,0.06742576391716666,0.0574032725759471,0.057226909444550056,0.02871165241859122,0.028390243376705523,0.048940601646845786,0.03790768387366653,0.031097314293377407
2020-09-01,0.04738984739064612,0.01643551452803471,0.02123479828925861,0.01884521168939105,0.033584949382775627,0.035734401298305914,0.052241473503445636,0.05820171277434583,0.034643088658177563,0.016189370711377476,0.025319738436621733,0.03646124987959677,0.02938697834179622,0.04913885793070967,0.023527757679915662,0.038712979580465726,0.03619025512012753,0.028865881870579677,0.015794226642593105,0.049531434567782404,0.03388731260489341,0.029350571708928352,0.03482381866781432,0.05274921022608092,0.025740795349644074,0.035317697078767994,0.06813770754712596,0.0524575996413901,0.0518033664326304,0.020835933425071677,0.03181431028991668,0.037239024940982204,0.05356465934342686,0.06684905486264801,0.02398848172116697,0.03752923463506655,0.03362433131797487,0.040182167346000906,0.04251675343759256,0.024733586269892426,0.03187430314106114,0.02035053495370136,0.028193648494783688,0.07021132098499706,0.03817570064544852,,,0.04271388714362206,0.06731466228027264,0.046631207445598906,0.040277690929284043,0.024580789080828835,0.020754850855554282,0.03330750039594747,0.05097717497718214,0.037069616262159086,0.023263756569989046,0.017914975015157097,0.015121445247984543,0.043797137619294234,0.06876152693197261,0.048088165905199626,0.04788241558582552,0.025972965564232828,0.03164089281310644,0.04413034672114471,0.02821164264945708,0.028773290800045447
2020-12-01,0.03846389516702943,0.013035109394723387,0.023967498703056585,0.03156778393042488,0.03491222047917173,0.03648607034132533,0.04318499170271225,0.046203623815067846,0.035390933095857904,0.029024347116595964,0.025701227574625965,0.034424240185811444,0.022887001598905027,0.03761333372364796,0.0347623656168365,0.03025032912874656,0.025191694110112923,0.044957484936156346,0.019171285867546385,0.05612518205116308,0.026184909430642844,0.02438694720825115,0.03298225631928841,0.038050042395429175,0.03357812205450443,0.029137696587841492,0.049831429142910555,0.04518962357842099,0.040862819524648826,0.027691015111386365,0.03497972579338482,0.03611659852676535,0.03770926749019403,0.046857956780566354,0.020708636800204464,0.026045558099682585,0.029870548004318823,0.030226513367707177,0.038998175025198124,0.021611845088234015,0.0337427261264913,0.024504789091892788,0.025794413515491606,0.053278389342126975,0.03317810104861681,0.06172034249330129,,0.04703924978956395,0.04940342339750437,0.0387878684348963,0.035630004692814264,0.02902097265452736,0.024660250436476044,0.035763613557026265,0.04934925630747089,0.03699261013097865,0.03311688221451429,0.015815600324649275,0.01305171098425059,0.04060264642209793,0.05489694087375981,0.043878353496977024,0.06011216376358366,0.024386767891879504,0.03089966476799766,0.0418306393320961,0.033314275347163885,0.022709552846005832
2021-03-01,0.0413594692723419,0.03250591514784363,0.03484878614338347,0.0382388266585303,0.040742683422367046,0.03943475282501977,0.03830360303875395,0.04234336273780337,0.0356363437840978,0.03422252551356457,0.03647171054213285,0.036343460080610714,0.03378648068186911,0.03746123403856563,0.037601749792655105,0.03969502331390632,0.03763396562721822,0.036808584514819116,0.033038659755303464,0.04144838158277068,0.04061076311761057,0.03511758280672682,0.03891599662492555,0.04062294103555347,0.03481769464233532,0.03991900334896339,0.0425578167680037,0.0421311150000837,0.04255570246787508,0.03529148315965076,0.03602871879896223,0.04326605544414077,0.04042757752273899,0.04258771454897393,0.034572063612909584,0.03942336644734702,0.03639730398054743,0.0376999251954094,0.04148894252897798,0.03484070881443664,0.03533922136067995,0.03645748955034602,0.037947340592528474,0.04397782344413092,0.04084784307434463,0.04699758849467812,,0.03949278136134683,0.04203902582320557,0.03539357616836154,0.035860579770383996,0.03672667790773114,0.03269823589768905,0.035991785362116016,0.041316621801096604,0.037033005371350035,0.039344077635657955,0.03361968222216126,0.03547625035955797,0.040301493828796955,0.04305297389846159,0.036411631610032524,0.039287956982023385,0.03397645143694864,0.03567461197477438,0.041762571489219004,0.035858151386333345,0.036164292115362914
2021-06-01,0.02429232360027017,0.014391815230925777,0.010438242852844136,0.027993517339767137,0.020848168153554888,0.023031465940487016,0.03326113967303744,0.039645443488094095,0.030407445702231247,0.017391992010171994,0.013201708368589334,0.01811735115064094,0.0182066332902219,0.033682298961324214,0.0279032286960411,0.021829232772713408,0.027032667575284493,0.01561797662334072,0.011718986357937278,0.03535126624166917,0.01680169872307126,0.020532757833333276,0.025315252882886403,0.03435181039127926,0.029993112320461503,0.024298694880950177,0.03691056095766817,0.03450370490096642,0.035312151922545665,0.017237125026830172,0.02095777711184627,0.0268888169871981,0.02926986570897567,0.03785026248003008,0.014848053442333304,0.018846732891027587,0.013596318745731846,0.02698091111428486,0.025062978839467974,0.01810861986663459,0.017364045413099063,0.010115277590390999,0.020028175017016325,0.047342622083820424,0.03720471046569635,0.0500822402480463,,0.02727088052448691,0.04632134273554713,0.030001411591874572,0.03592092713535879,0.012483899852034156,0.017070576549980527,0.01815444909492409,0.021685038944672975,0.019059385203227787,0.023028246094240576,0.018516161532764485,0.01711583839072444,0.028553798594615307,0.04200027877044697,0.03143563231194693,0.032741292015023675,0.009410423819494779,0.02725290965853988,0.034923589606533106,0.024927117633994196,0.023928573753456146
2021-09-01,0.04469413547681517,0.026092859533328565,0.023034003993366012,0.04093463332269451,0.03624406188915333,0.03957394024556356,0.03583017915913766,0.040815461496331924,0.03646966143793868,0.021927298643950287,0.03010793485607777,0.03553451737478694,0.03244899855198196,0.041934897879896356,0.035543804016378015,0.035766969182917746,0.03464240593555133,0.03850407690295203,0.03237169379634161,0.05434289183623717,0.03260683868033559,0.035445800329462575,0.04095274916895691,0.047282841065925334,0.038217587391971064,0.030147843154183798,0.04716112832118049,0.048157984677765574,0.044999070459888185,0.03162050827812083,0.030382016965796926,0.03713651098811137,0.03598822077511279,0.05143564371489411,0.029885618869858393,0.03316856691935934,0.021181067500883236,0.0359210698676648,0.03754407690511461,0.03002271983917174,0.03618704187441418,0.022132595489167885,0.03354928720443097,0.05924591076473548,0.05245124471271748,0.056589918224373606,0.04789096421860377,0.04704954541407549,0.051113636515406916,0.03999554832560847,0.0465704967845676,0.032482910065577526,0.03579611241310701,0.029894302994180815,0.04636340372732239,0.03435574424885104,0.03685862893050303,0.026937359729601193,0.02887079436047446,0.04663748699421995,0.0513094023388125,0.03505397967218109,0.046094446924951356,0.025376744879108713,0.02617877262834643,0.05149645220825924,0.029445659426312828,0.03611772906027805
2021-12-01,0.038990259361945195,0.03550158820397362,0.029386536231219694,0.03250436325908426,0.03587876498903467,0.03563527215393302,0.03600337667754609,0.04253314933811918,0.0345254117580763,0.024184731908648144,0.0310810771930754,0.03645802531969416,0.030578903600674733,0.035487658299154026,0.035858918236700996,0.03678983525121286,0.03420963192572417,0.03875988534624508,0.031010520732537166,0.04490717013277708,0.03394101559677484,0.034504831653790334,0.03490961844949395,0.044188384368830845,0.031420552890990966,0.03179697366265171,0.04446247251008837,0.04195490265877125,0.03905473079021604,0.032638938821095455,0.03645540003387223,0.036570627361480784,0.03728670397825664,0.04667997526731067,0.03266119796312103,0.02990601731627802,0.029873355680688874,0.03834670079440619,0.04847215427277911,0.03250159848731874,0.028788588562835966,0.03312157545410909,0.02776841459003814,0.05176595464720244,0.048145723510244806,0.050500314407714166,0.0460006257128437,0.032070083738540735,0.04632667797592764,0.03470856583734573,0.03740078198189283,0.03208511495768239,0.03633637582126404,0.0321481553441898,0.038739657426803714,0.03400520278260849,0.033401155171048844,0.03591951288134536,0.028553951455063717,0.04427516717195085,0.04725947741983617,0.03617550668186258,0.047587218895555304,0.0268564954546601,0.0292501175495733,0.03452862165836419,0.027324780734098376,0.03673464268978393
2022-03-01,0.042397628397228854,0.03667270766675162,0.03798302147067591,0.04033192747643215,0.042364540747152804,0.04062257538986896,0.038742562902392044,0.04492090782412648,0.03834625066983887,0.03400871238254581,0.03873667901435422,0.04026666640450158,0.03864507692610712,0.04066317302438402,0.04211784940382064,0.03957650410058302,0.043800187134345886,0.04056376577709578,0.03757093262837496,0.04408256756575248,0.04348670088106508,0.040272976558756016,0.04043230002860288,0.04844988039512931,0.03980551500205595,0.045831880052070895,0.04892525040269,0.04497540793595547,0.041706962473803205,0.040715993124462065,0.04161028066338648,0.0406881510308686,0.04024470485421709,0.04356474281149413,0.04034531820514639,0.03463244766948238,0.036905038262762,0.04224131159348365,0.04229796588643367,0.035625383263864004,0.0404812822883707,0.0366658615643477,0.03580044565561302,0.05115899210011087,0.05039302748360228,0.053037887988731214,0.046350756939686565,0.03852556142598147,0.04890066342974026,0.04055473108847631,0.0424576285093732,0.03923348540988026,0.040592513855977466,0.040538019978871506,0.04045633759072478,0.03851481329618886,0.03750067205558106,0.042719174225480494,0.03712002283769626,0.04358889966979982,0.04998734479964084,0.041787775212477035,0.04460361391096874,0.035393903149473147,0.03818187281482099,0.04152920042633749,0.0355506882805252,0.0432485056764301
2022-06-01,0.04101761813692551,0.03750612324650081,0.0397838059391648,0.03762171711977627,0.04241626164652475,0.03721284386704083,0.04032786631371812,0.04465990665138214,0.03836106506296963,0.03343539802279276,0.03838224183099794,0.040299425209945824,0.04116331145067248,0.04150721017087079,0.04251567434580879,0.03946080235226931,0.04426045040733591,0.03931748401540729,0.0371774858122944,0.04379848785788472,0.03715334537860239,0.039883408495821185,0.03990335868858587,0.04767189535971348,0.040620925065831245,0.044602701116124396,0.04857513120888624,0.04478060870291712,0.04249043822533003,0.04041898809783308,0.04139349946235875,0.03966385882535197,0.04002187978292357,0.04691403817734325,0.0404697258001923,0.03616525655422633,0.03752613852872078,0.04228045953174304,0.045357004958179736,0.0381331474652153,0.03992533565752333,0.03551338678179153,0.033328572401928505,0.048685919000612275,0.049988099427500376,0.056437007676912426,0.046011346474040364,0.03452727365826656,0.0470425309914699,0.04177440644605828,0.044447787772309975,0.040011695114107425,0.0407336694778184,0.04038605947899229,0.04080480678325373,0.040147157763348505,0.03496023705254708,0.04299680838943039,0.038562655827805804,0.04398961177134802,0.04653011731554194,0.046182076605331586,0.046397957129299755,0.036863335763032704,0.03566794086850444,0.03803274651456152,0.03584046351896968,0.04264312155337679
2022-09-01,0.046477714349285264,0.046477714349285264,0.046477714349285264,0.046477714349285264,0.046477714349285264,0.046477714349285264,0.046477714349285264,0.046477714349285264,0.046477714349285264,0.046477714349285264,0.046477714349285264,0.046477714349285264,0.046477714349285264,0.046477714349285264,0.046477714349285264,0.046477714349285264,0.046477714349285264,0.046477714349285264,0.046477714349285264,0.046477714349285264,0.046477714349285264,0.046477714349285264,0.046477714349285264,0.046477714349285264,0.046477714349285264,0.046477714349285264,0.046477714349285264,0.046477714349285264,0.046477714349285264,0.046477714349285264,0.046477714349285264,0.046477714349285264,0.046477714349285264,0.046477714349285264,0.046477714349285264,0.046477714349285264,0.046477714349285264,0.046477714349285264,0.046477714349285264,0.046477714349285264,0.046477714349285264,0.046477714349285264,0.046477714349285264,0.046477714349285264,0.046477714349285264,0.046477714349285264,0.046477714349285264,0.046477714349285264,0.046477714349285264,0.046477714349285264,0.046477714349285264,0.046477714349285264,0.046477714349285264,0.046477714349285264,0.046477714349285264,0.046477714349285264,0.046477714349285264,0.046477714349285264,0.046477714349285264,0.046477714349285264,0.046477714349285264,0.046477714349285264,0.046477714349285264,0.046477714349285264,0.046477714349285264,0.046477714349285264,0.046477714349285264,0.046477714349285264
2022-12-01,0.047659662884797144,0.04489071253958184,0.04062574600414418,0.03976160681540858,0.04525811870127724,0.04112700327202501,0.042704412458445376,0.04778668247360606,0.04345344796025425,0.03697353827024701,0.0411096478066046,0.04667254438299981,0.05078111746353363,0.04138234178690288,0.04757660868049509,0.04424861918006574,0.04487344792269031,0.04543547227780425,0.03986603299116582,0.044360328117731905,0.0459841589238182,0.04450128377612447,0.04691980116029057,0.05096145478234214,0.045243495952087154,0.04427112693093821,0.05365504679740205,0.045001781170954575,0.045586937745952454,0.04694818743479965,0.04965664405267079,0.045042824145649106,0.04560949276738069,0.049741972133527414,0.04132623957245177,0.03913566063093494,0.04250837562807104,0.045968941156145665,0.054683749606639166,0.041397607576289124,0.0410271264916559,0.03815511687482155,0.03500332865485085,0.04931337125379419,0.05662932868655186,0.06531058785566783,0.0553856516401535,0.039166181294859354,0.0516420975332643,0.04952763150954287,0.060158499759181215,0.041978598232489304,0.048438720658467875,0.04329735356348154,0.04637579951702767,0.0432208089942124,0.043788660535281715,0.04526677755366778,0.04725228423879681,0.04630815538368278,0.04682850376370502,0.05438578498546468,0.05847639618832443,0.040716295447300266,0.043915714981867075,0.04784983273409435,0.039828464260753045,0.0513273293278831
2023-03-01,0.04900097514866946,0.045449294105512655,0.04366327326066378,0.042725427342594734,0.04816866505933311,0.042005007370409506,0.04623280911228287,0.04888911283854784,0.0447051778854065,0.03907225050400801,0.040581869381527136,0.046407935976990985,0.049560461277548234,0.03842623621815442,0.04880135755328796,0.04592860651752097,0.04710670084953446,0.05026212608575711,0.04390925611025799,0.046979937275631684,0.04345731608592561,0.04699897783888205,0.04765381503490075,0.050870588916586364,0.04705415168380964,0.04975706811854429,0.05115473266349903,0.042791381215478326,0.04732009502163934,0.04953134371189884,0.05081625584141545,0.045565789714242015,0.047059823905568746,0.049002303453217044,0.045309619147487344,0.043892371353526013,0.043113342616000576,0.04728746319068272,0.05236505491745753,0.042164798826438005,0.044164170882864714,0.03983864884745808,0.03688803164729975,0.052846487065913134,0.0563527354291122,0.05968810648696682,0.05808337628796004,0.03917310893066173,0.05054824961957496,0.048276061024537936,0.05480918677136006,0.046773965257653226,0.04777132046770959,0.04655547242105062,0.0477751027536815,0.04352607971447247,0.046526588031290755,0.0490842250918155,0.04640243957582715,0.04799595518761321,0.04620347872535021,0.052123928759503696,0.054774472086963934,0.043055505484535794,0.04480899007338592,0.05032014772139703,0.04196514376250941,0.04969778305839785
2023-06-01,0.04183777145289772,0.03682438516457661,0.03327091095316672,0.03149814789569402,0.037397333633469726,0.03641785397408512,0.038305669423918574,0.042462357413361095,0.041346618881377833,0.03511669169012931,0.03516602278191536,0.03896351503109267,0.04302993379763885,0.034394862067916164,0.041333630411201076,0.036720143441880376,0.04013843604336666,0.044945137815815925,0.03268184619507357,0.03395782577243898,0.034879318143180196,0.03524869962603523,0.03775337429114703,0.04145870829952459,0.040997179489956126,0.0410545739747329,0.04291651899291695,0.040434558568031305,0.037457154262553194,0.03993754108572714,0.043690259803389225,0.039003411094164706,0.04304037351186007,0.04245219750433209,0.033596707263493515,0.03528834223563681,0.033960899386818656,0.0380999163179253,0.041823456721911206,0.035160109955315905,0.03211446467524904,0.03389071478122744,0.032660971111034415,0.04283581533133642,0.04693607030774709,0.05006256873732455,0.04822011863351375,0.03571146942822754,0.04268382848992039,0.04263150357612359,0.0479024771782845,0.03699237103766024,0.039543818239178234,0.03818957595223551,0.03915203723011405,0.033924236445755956,0.03875421292978898,0.03833931851276755,0.03741761891967718,0.039228173291805196,0.03951646278582016,0.04364085672007714,0.04466655746964829,0.032991577353100536,0.037496048176831324,0.03839042200766053,0.030838682108868958,0.04183865022793251
2023-09-01,0.03391368761069647,0.033009300904166934,0.0289540066576046,0.023744574790978922,0.028526252866183176,0.026982353015761077,0.040203507277668374,0.041364692761292156,0.043168953649998676,0.029211531792788008,0.027042549606359684,0.030781575559336326,0.03907035956035854,0.027042263625511966,0.03397492665103932,0.029171307249061418,0.02911010014940779,0.04916169880697472,0.024404273154362763,0.030054414053016607,0.026215051335829916,0.02721338032414953,0.028277437932478985,0.03542107226779965,0.0388822438474069,0.036698949195960485,0.03572813668370541,0.044392523033509296,0.03120465928682222,0.03192375025163342,0.040100665474345765,0.036668445881408,0.04099607298513215,0.03945966364722264,0.026206541067759975,0.028597343277798632,0.02969021706948647,0.032101947870825584,0.04307425402976987,0.026430058590486565,0.029462513870912085,0.026649443683258257,0.023486424666340263,0.03595889505270518,0.04087174860938371,0.04798704629299174,0.042221310827786594,0.02989389611243343,0.03624299310917782,0.03705452255803968,0.03484948402085754,0.03372780233266449,0.03464111137746664,0.033399969259797956,0.029609567971955776,0.02790085345751106,0.03544075037302015,0.032509024417644576,0.029934429218875624,0.031368708404336865,0.033724438090141744,0.03586190277202176,0.041966438190554595,0.0300274081448496,0.02823741869984572,0.029317679942572557,0.024191463506323625,0.034089172695091166
2023-12-01,0.03529277859221419,0.0308937256053121,0.02574516575430412,0.019906050742419707,0.0260861343020166,0.0234589061092586,0.0429327869132888,0.0374351467052734,0.044059286169224623,0.023237498311821803,0.023533881051093934,0.026552540103436884,0.038421070724381355,0.02152467613005273,0.028057056828934085,0.025694990563330748,0.02875919134188819,0.04174229621138401,0.01987186567850961,0.02337667722257373,0.023511506261275374,0.023488034925743133,0.024715234480252667,0.03223174586505792,0.031496057985546715,0.02894925398753167,0.03766979900166897,0.04218535067999169,0.029807411474017106,0.028018375335962162,0.03550606412242748,0.03669125484118426,0.041381861629500354,0.03460207744086012,0.02776379065521737,0.02524021009880932,0.025731508044649378,0.024306083357222986,0.040639416799725075,0.026083148395263166,0.02533042476788253,0.028669671705660142,0.020693359977033737,0.03595101895119124,0.03487935582369527,0.049805403491238964,0.038526409265426186,0.021390139247111344,0.03255756807132035,0.03339318925810195,0.03277721188854299,0.032071387729418296,0.033053028807461665,0.030669630060926593,0.025683199721514127,0.0238800915427791,0.03153117823735762,0.027692876755699914,0.027105557616124248,0.026611927234200326,0.03227317506793598,0.0352620620472269,0.038430537514728504,0.027240673542919522,0.024749771060986758,0.03157367942464361,0.020193899347829128,0.035140920720780934
2024-03-01,0.03449755693276792,0.03490661795354187,0.031708583713154145,0.020904447817290495,0.026620988424446778,0.025498259454734818,0.038537477181915455,0.04033106954483613,0.039719536812822594,0.02327022273058632,0.023292777910063366,0.025517992321476016,0.03678297183117898,0.02133036233707128,0.03198874029481651,0.026010822920606747,0.030300457833293347,0.039315951257104485,0.021145709829350004,0.02327415931965837,0.028086685493131897,0.028820092121287774,0.026936650220417153,0.03416867933531769,0.03420789409076233,0.028227873307145317,0.03356374326536936,0.04165251775738904,0.03288625979865461,0.03371967430575845,0.03250263897073193,0.035813364861059856,0.042068795327244286,0.03018836834906104,0.030200169508931535,0.025739566029708696,0.028601849525894306,0.029123857511828687,0.041330520850436356,0.02249716011120948,0.02527546706840305,0.028615275781081157,0.020385471136245604,0.03283928328518735,0.034668407160655196,0.04665878487985919,0.037429977394327234,0.022193627283704775,0.03467393718623759,0.03141230379494255,0.031938563716456085,0.03328870521546076,0.03434911562293768,0.03495300089690717,0.031656806098652526,0.024440952077705372,0.029064607442442863,0.0293883478017951,0.027918460609403003,0.027809923351279995,0.0288892234119542,0.0376878284467264,0.04178240662422332,0.028671946288208655,0.021770625364533808,0.038411762449540546,0.02200702135429319,0.037584404229971204
2024-06-01,0.03879149217033239,0.03464954156643027,0.0346487041545849,0.023213053601014253,0.029498151024117573,0.028927501449435268,0.038636015096506875,0.041135198288761415,0.04335116676161101,0.02450288927046456,0.025929818166447967,0.02857447173511455,0.039185578717706615,0.02774933073782133,0.0366039935985313,0.03141823906476744,0.036835235014334874,0.03751665237193213,0.0252742357005047,0.023002499898924413,0.026798071852577553,0.029336723114074762,0.03195061928496359,0.0395663836571201,0.034941300141428926,0.032840513592038996,0.0355168000483585,0.04002914403950444,0.03539273487588791,0.034980683024637374,0.03417243384960713,0.032779802082367894,0.039215392946260454,0.03086473609560985,0.03224434862561994,0.028400667026730945,0.03275847040905548,0.03318456629023138,0.04120105848884128,0.028054719216674996,0.02672799805590063,0.028385268376562318,0.0239279880156272,0.03373101019454924,0.03753924574498673,0.047065824330993246,0.030829609943337295,0.023868495702698524,0.03867262553477594,0.03756922673995619,0.032933939089738594,0.035607025565948074,0.0393431575769249,0.03697259406972588,0.037547549675223425,0.02926342745296265,0.03081042255004383,0.030604625091854208,0.0302143914299389,0.03189244962945906,0.029010911171905792,0.038672452562730414,0.03637889141669118,0.03056479378293962,0.02622565961572644,0.041097662630261926,0.024836334584411097,0.03882203245748489
2024-09-01,0.03404597674042445,0.03694210243352445,0.030563505427185403,0.0273910929356836,0.03406217076027344,0.028268496180924564,0.036159569416234764,0.04040577180792468,0.0421269011533455,0.026921622337522932,0.031052775763268238,0.03416234200865007,0.03443766423427667,0.028306134769626925,0.035649889456782304,0.03538070430507449,0.02996360240271605,0.03137641195290859,0.0277367600090581,0.028402405115092188,0.027306323352777214,0.031037594026746274,0.03092201787888149,0.035237674333111535,0.03528118539971629,0.03093042283473278,0.03915052503549132,0.03767491802084511,0.02996360240271605,0.036979638036534285,0.03603196079282918,0.035405179539699405,0.03905665731321306,0.03337071004473685,0.028486816881504708,0.03096758283065961,0.03133148545488761,0.03475604833524963,0.036812913402753056,0.029172418625626695,0.03431233557655055,0.028987945166852398,0.02518834888912655,0.0336501416103252,0.034915998278120454,0.04438258614512318,0.03173779499349087,0.028613752027362008,0.03626274212851429,0.039778303406760036,0.03780593455430032,0.03655526867549843,0.034555850487349486,0.03339817788095185,0.03733051975474376,0.03145750874078479,0.03408411691864848,0.029288862377535002,0.03600342802485459,0.03004051375169921,0.02975963299918555,0.03685996686472108,0.03720825677789276,0.031095441672677495,0.03150318042785886,0.03559094092921536,0.02968621582224171,0.03845297505028448
2024-12-01,0.029845374988792143,0.03195244149484033,0.025409175342296947,0.023573475444780154,0.02852142184553286,0.02494576327152293,0.034336711925449306,0.03777844018900468,0.03942744378773794,0.02252392483726267,0.027146375872594285,0.027684959745396115,0.031455561411103755,0.023786633358466532,0.02928887888785049,0.027014768887379626,0.02553908352050117,0.029541734185601572,0.022019198653362996,0.023020390130031303,0.023062838375019136,0.02426534730801338,0.029133887563382876,0.03281118338644636,0.032417311584458555,0.027114525569743267,0.032723422689649756,0.03637594367869705,0.02661732680234849,0.03055132782753275,0.0305931502319987,0.03435870684222422,0.03196721258629294,0.02975615831791656,0.024377827545744725,0.0275984207592057,0.025704681064561263,0.02876000406639446,0.034731189009576405,0.022634037114855045,0.02849651391548083,0.02464478326128991,0.020760862535847666,0.03348009904379009,0.03320277855496919,0.04539972800971321,0.030193952636830286,0.02404795495990908,0.03317536364049985,0.03236057092867312,0.031973317124093015,0.02827457249705117,0.03053226030451079,0.030457642876386134,0.03351817751762143,0.025229803730081102,0.029253873709782042,0.02371126669579946,0.02861984528205428,0.02807419709555352,0.026898049483958165,0.03148370960581898,0.04322861382483544,0.022622693258996896,0.024782495950454488,0.030614808876608654,0.02575417559989065,0.034585006378238546
2025-03-01,0.03619050162513907,0.03619050162513907,0.03619050162513907,0.03619050162513907,0.03619050162513907,0.03619050162513907,0.03619050162513907,0.03619050162513907,0.03619050162513907,0.03619050162513907,0.03619050162513907,0.03619050162513907,0.03619050162513907,0.03619050162513907,0.03619050162513907,0.03619050162513907,0.03619050162513907,0.03619050162513907,0.03619050162513907,0.03619050162513907,0.03619050162513907,0.03619050162513907,0.03619050162513907,0.03619050162513907,0.03619050162513907,0.03619050162513907,0.03619050162513907,0.03619050162513907,0.03619050162513907,0.03619050162513907,0.03619050162513907,0.03619050162513907,0.03619050162513907,0.03619050162513907,0.03619050162513907,0.03619050162513907,0.03619050162513907,0.03619050162513907,0.03619050162513907,0.03619050162513907,0.03619050162513907,0.03619050162513907,0.03619050162513907,0.03619050162513907,0.03619050162513907,0.03619050162513907,0.03619050162513907,0.03619050162513907,0.03619050162513907,0.03619050162513907,0.03619050162513907,0.03619050162513907,0.03619050162513907,0.03619050162513907,0.03619050162513907,0.03619050162513907,0.03619050162513907,0.03619050162513907,0.03619050162513907,0.03619050162513907,0.03619050162513907,0.03619050162513907,0.03619050162513907,0.03619050162513907,0.03619050162513907,0.03619050162513907,0.03619050162513907,0.03619050162513907
2025-06-01,0.035433415735184826,0.03780985270246116,0.034695305818724854,0.0274859731787062,0.03447931398573796,0.028660075782741188,0.03616233287008763,0.039046811032778204,0.0405654128847236,0.027064298871448317,0.03153009233280366,0.03693127316967834,0.03600293979116734,0.028809857763162642,0.03598104052847733,0.034416288452361186,0.0308272529338636,0.03857829752079856,0.029315034130511116,0.027107281365587557,0.026212878056029565,0.028433349670406134,0.0341292751979297,0.03740307896483811,0.034903876430378816,0.03405744727420495,0.036732287858898365,0.03797988792544002,0.03126670894925752,0.03491700291069536,0.03841186364876683,0.03239814881394735,0.03234376193558506,0.030721731465376764,0.02973476557656184,0.03515593182035372,0.03058933707541057,0.035150403547413715,0.03860347447444554,0.03059984348546839,0.04390330844485219,0.02871925615206683,0.026778615316239172,0.03425430375570206,0.03666817455849277,0.03830021136919425,0.029559763240358552,0.03002786508005853,0.03298314229338392,0.037146687590530504,0.036808820110472665,0.032958339019416666,0.034179673699568563,0.034850303624361034,0.04576316805779108,0.03031623499041652,0.03225831358433278,0.02927307924456892,0.034004477468216304,0.030650601368300716,0.030534867501850763,0.03387209235715772,0.046265002882945556,0.028761191592562022,0.029188181639591033,0.03138498773616788,0.030769852192865047,0.03798431853954094
2025-09-01,0.03671265543399318,0.03671265543399318,0.03671265543399318,0.03671265543399318,0.03671265543399318,0.03671265543399318,0.03671265543399318,0.03671265543399318,0.03671265543399318,0.03671265543399318,0.03671265543399318,0.03671265543399318,0.03671265543399318,0.03671265543399318,0.03671265543399318,0.03671265543399318,0.03671265543399318,0.03671265543399318,0.03671265543399318,0.03671265543399318,0.03671265543399318,0.03671265543399318,0.03671265543399318,0.03671265543399318,0.03671265543399318,0.03671265543399318,0.03671265543399318,0.03671265543399318,0.03671265543399318,0.03671265543399318,0.03671265543399318,0.03671265543399318,0.03671265543399318,0.03671265543399318,0.03671265543399318,0.03671265543399318,0.03671265543399318,0.03671265543399318,0.03671265543399318,0.03671265543399318,0.03671265543399318,0.03671265543399318,0.03671265543399318,0.03671265543399318,0.03671265543399318,0.03671265543399318,0.03671265543399318,0.03671265543399318,0.03671265543399318,0.03671265543399318,0.03671265543399318,0.03671265543399318,0.03671265543399318,0.03671265543399318,0.03671265543399318,0.03671265543399318,0.03671265543399318,0.03671265543399318,0.03671265543399318,0.03671265543399318,0.03671265543399318,0.03671265543399318,0.03671265543399318,0.03671265543399318,0.03671265543399318,0.03671265543399318,0.03671265543399318,0.03671265543399318
