,1990,2184,2255,2269,2290,2436,2444,3054,3502,3708,3905,3964,4062,4560,4611,4768,4839,5073,5125,5234,5458,5518,5643,5680,5723,6450,6475,6649,6669,6733,6768,6829,6831,7099,7116,7154,7875,7906,7922,8551,8823,9004,9063,9248,9280,9611,10109,10332,10393,11060,11300,11465,11584,11672,12389,12459,12689,12788,13498,13646,14418,14624,15520,15521,21808,23238,23809,24032,25056,25119,25283,25340,25434,28118,28180,28191,28648,28742,28930,29150,29736,30259,31122,31846,32546,32930,37054,43862,51553,61420,62634,63643,64410,64768,64891,65417,104432,114524,118122,119314,126296,140541,141459,145049,145977,147868,148350,149318,155394,157415,160211,161844,165052,165914,175319,176404,178704,183366,184996,185291,198058
2001-03-01,,0.06664832706410612,0.012654390415913645,-0.017810891807639586,-0.005373914392113471,0.049816114635030946,0.03633039934348203,0.011606302462606846,0.021512917893441494,0.04229695122461593,0.018697280320969862,0.0014739318388437724,0.028853775714353727,0.011745554901652246,0.031215464318320348,0.013159685634772442,0.05756541252733973,0.026477677360411643,0.04109021625688509,0.013742133306661764,0.050467270722894225,0.04158728260683943,-0.004051957466319781,0.01669669005300625,0.019689745792782463,,0.017651811331383833,0.034443665425512714,-0.0050809599393129585,0.03126414784885507,0.047443978911585305,0.05930217511778652,0.03084550027216256,,0.01759473861912349,0.018059373123205224,0.04223012805364344,0.021056050382127073,0.031935396525174034,-0.006536501493489158,0.036985706900281086,-0.02222008336570787,0.06784679133052703,-0.007040340884734016,,0.018184307501466948,0.034208276942242793,0.01836235445966817,,0.005071418896677907,0.022920005087936696,0.01898249775789395,0.04040715661475544,0.02797435374193263,-0.009694826112804698,0.013941010144429668,0.02716314870649844,0.01803605522820853,0.01737521151445678,0.01253100760886576,0.028013975122197738,0.01636849464382741,0.05109217697900373,0.017434812483034298,,,0.00043464796563999703,0.023476331692788097,,0.023976324449942497,-0.003454296110536994,0.018424747879529697,0.024315784915343957,0.05661152101019018,0.025364845993645357,0.04162148819112455,0.059986036021124976,0.0534021903419107,0.04290632103698626,0.042328243740279166,0.021606645244485405,0.06978683908462484,0.08459793978625048,0.03589574685271992,,,,,,0.015334559193292163,0.034609752550149885,0.01591697036704712,0.022065732402293283,0.10827307807255511,0.034364380850154114,0.05993312574945653,,0.08528092228098817,0.013477266299775291,0.04233523969430496,,0.06090414192669457,0.02940213655665823,,,,,,,,,,,,,,,,,,
2001-06-01,,0.03364110847731912,0.020309763170614042,0.04071392485004462,0.023112099735726185,0.011975474514115327,0.03133320644398583,0.005073463114028778,0.03210869291189892,0.026555443182704173,0.017606270581286675,0.00761642899937474,0.02629463548966891,0.021203716490542066,0.00947940260441229,-0.0010282383932213653,-0.006824789344502521,0.02924456493528519,0.029881213671262792,-0.01040577112109363,0.009600274611577652,0.03534987611365968,-0.007182371041033969,0.027010071907167053,0.017824507193384614,,0.021488252701987447,0.024489435773772314,0.03222253687281637,0.010350713131656048,0.025671627666533543,0.02693788144716631,-0.005811794859108703,,0.018619766113466548,0.0220604215807369,-0.0008108478736508773,0.03711364441814777,0.04003447187306667,0.015411078184753346,0.03290500743706371,0.030801393868723187,-0.0036547517924686488,0.028559394157030255,,0.04317424340588776,0.011831890916809683,0.022363159839741076,,0.03374671563626233,0.025417307503214796,0.021992661326646956,0.035064632835839035,0.01538937609213132,0.02069760344389717,0.022250684679432985,0.02684021144827998,0.018857968328362156,0.021943118609655848,0.022782356640646966,0.01727687173968866,0.032644266421802924,0.03197106834533947,0.035003922821928955,,,-0.003918645449027941,0.022363966539289876,0.010647459876190705,0.002476502612433893,0.010495991356683767,0.028913664738957262,0.016246400467323962,0.03207110319369449,0.03954994008158686,0.025715405966012638,0.04578303543311937,0.03324984020016144,0.03521238243059255,0.04440999916255933,0.022715989242763728,0.054057314233856665,0.03845165050410361,0.02288260457748365,,,,,,0.021729880607427317,0.03978189224042161,0.008233845347478647,0.03853990228596541,0.0578092147613256,0.022365400298837223,-0.0032556191471116887,,0.023419194088699972,0.023157661615743785,0.027477765015767507,0.02218470475698904,0.013528919287042905,0.045039841626865626,,,,,,,,,,,,,,,,,,
2001-09-01,,0.027177478016382095,0.007972587308362852,0.0016605330083599918,0.004680695676524204,0.0737957317149679,-0.01756843611850067,-0.015153821427648423,0.0027312666886259596,0.004957339904076233,-0.014646552846269187,0.005650817411168088,-0.010355312800362637,0.014411491303327003,0.006023649308411907,0.01012273405334948,-0.02383478754488409,0.0017291321573648503,0.014948847561094237,-0.0022357014438601427,0.025681830655982958,0.008967538378420223,-0.0573875151961612,0.006125906536159496,0.014321774131336059,,-0.012182074110100702,0.010685941758304202,0.03645176512355589,0.033798124833820116,0.026752211015870723,0.033973570034573686,0.03613474965662473,,0.015947420352183078,0.022114131388369342,-0.014749258950183107,0.02124630528166208,0.011167658048430083,0.01303671488192142,0.02754672422075234,0.01146626701131128,0.00612023166366774,0.08104076731646226,,-0.019900487685377884,-0.00022804304925512373,0.00958594524220034,,0.030217445042182694,0.013769139505919088,-0.002054654154653219,0.002401966025755166,-0.020323152282249846,-0.005604626347536456,-0.0025391676354990338,0.014461740941528193,-0.0008691607819681825,0.026204624009512865,0.006775874789571726,0.0273899726422313,0.02214775885191564,0.014598755698887482,0.045247967998906916,,,-0.015677888088651823,0.01072918241773161,-0.028196485519125347,0.016409580217894706,0.006757413308259615,0.009993786715987323,0.00502944155897379,0.019519676873432534,0.023840221613282617,0.024905950361609374,0.05146939575870085,0.035110982100983276,0.026715095399639698,0.053631302527181415,0.024874787802210665,0.04590380704657948,0.02907532059239033,0.0163187264121613,,,,,,0.028986766698944073,0.024245075891912916,-0.01159792416924258,0.013693096509820658,0.13385610196221204,0.011700147863756987,0.01634406215695309,,0.028041950757967993,0.015098587723595795,0.024134208089242177,0.0129916227738957,0.04157905475352104,0.02252410977236664,,,,,,,,,,,,,,,,,,
2001-12-01,,0.01115454858121843,0.015070077241162586,0.012264866064663878,0.020589861998995675,0.045691643492795336,-0.0005090517770640861,-0.010166167943812959,0.012510782994732511,0.02445057884174708,0.015452218954597684,-0.000853638595765721,-0.004078668465065774,0.016912634907662167,0.010216814794856074,0.03609986913586381,0.012862022080135071,0.03236849138104278,0.017852249741467367,-0.010839194177378548,0.012753049829041269,0.015606779796380877,0.01816358065179279,0.012534791311443331,0.017971013705467546,,0.013204721705716797,0.011061141752761253,0.030038684397973317,0.04406750280707254,0.019953515020200104,0.036297974459031906,0.013833917122551555,,0.013019213845046123,0.024928322058691277,0.005184912372791443,0.021553856707704877,0.029760307952895405,0.03146365562521718,0.028390141653850898,0.022630584069342763,0.018468743814197965,0.02291626826396944,,0.02225103584993936,0.012883891409628857,0.00958823937970397,,0.02533039135523767,0.013781038274746594,0.010189401489042118,0.02377849280197578,0.005923357690118452,0.02525190794855701,0.0057516013724401285,0.030857432455587794,0.0004041799006165006,0.02085205356925238,0.0316881182573045,0.01197601995939762,0.0037439792954283378,-0.010629197471687656,0.018019611580068307,,,-0.016190972587737613,0.016946144901563702,0.012731951018198073,0.025385422088362402,0.010326180931619043,0.022903634669152836,0.004379921205326709,0.03866230499979711,0.01607589080730958,0.024231652157744924,0.04513547510768486,0.028011357205489418,0.025954354624031537,0.030171789958177108,0.04781723053556342,0.04399832789080131,0.01761538514878159,0.032657817534231005,,,,,,0.03142224331635737,0.039826254545675094,0.01547106452109246,0.01818292516080646,0.009566039530566508,0.021472888556069547,0.01806920877942522,,0.07882260498473029,0.03870089612110547,0.05598629279972562,0.028570362398304478,0.00015970702371949778,0.07901427691850366,,,,,,,,,,,,,,,,,,
2002-03-01,,0.0173743084274874,-0.012159737148678981,0.00967349940027175,0.015054878247108125,0.037813432833006935,0.010831425141680064,0.04178749515434081,0.025775874113579723,0.03302957562900815,0.0158448259726562,0.014324923426762478,-0.00939136573889141,0.006559191702630484,0.03376838731635367,0.03480226458766647,0.005721350568596451,0.014044920246708802,0.006748357835800952,0.03946242003675484,0.003976251056392943,0.00680392771249854,-0.030755676549272113,0.010669747266127126,0.02149483583890575,,0.005083500365851785,0.010077661511779249,0.018804043441250196,0.04226997931689826,0.01678585598623817,0.041997368701063284,0.02469045208578856,,0.025314737703408238,0.03281459165709276,-0.03085706077557786,0.01897646861637492,0.014473512165190895,0.0440193590865893,0.043006500804639615,-0.002769948911045677,0.02633814114049038,0.05894499839989697,,0.013303268143728855,0.02515434581694314,0.01628651375221194,,0.03589560102508104,0.01616150428854634,0.0036677822271290656,0.060190060759090336,0.050732744768392776,0.012012508145545824,0.023225318774986493,0.021732946369694077,0.012108405325235602,0.015567385703704686,0.004490582805404333,0.009791333405803222,0.009170973536906452,0.027936847432043208,0.046624930398033414,,,-0.04089721918255873,-0.0026440452204605364,0.009083349201293698,0.01504376275942139,0.0124136422402926,0.02148624233609861,0.04309573484153017,0.015116071183276597,0.02671861094449966,0.01983958846875344,0.0707783800963318,-0.029953394224918304,0.020074234214816186,0.03649126441033889,0.05168744530284301,0.03604428917854389,0.010507426445863026,0.010331407746909476,,,,,,0.014169443465380141,0.07830961281288674,-0.009574215986931386,0.016179932082872606,0.022125069143836912,0.015604571201810375,0.06328049184935457,,-0.0012728621660836356,0.017428838229528718,-0.11703417657131232,-0.002958043875508303,0.030689712694132024,0.06775438657889826,,0.027114347214383383,,,,,,,,,,,,,,,,
2002-06-01,,0.00995593649660505,0.0001024429439938347,0.03195248608924834,0.010164560017289138,0.056569992441468375,-0.001687438498001158,0.014767039360849226,0.015724963402313538,0.004778868450379558,0.04195186733214401,0.014006301550486423,0.008939212796304148,0.0021484325146547733,0.017896761325258654,0.041104126756953976,0.027544129678026132,0.020699199049820753,0.0063618401484297656,0.016413977917880705,0.03407220848639373,0.013128295901494065,-0.02809594704593187,0.006837418762238582,0.00678434008440531,,0.008855346624224585,0.012347140314617441,0.03073324489406761,0.007995829084059165,0.0061821178407303855,0.02504689495552764,0.05660715439964539,,0.031216057022343917,0.02904981702369193,-0.027532969813477845,0.0508158778819883,0.0207972942694205,0.023249864232858516,0.031276829738115214,0.008568560603796986,0.019815025799478275,0.015216769890041438,,0.024626581800383903,0.019824722137922225,-0.0025215399228341205,,0.03158651700342208,0.011888750152765382,-0.010324957897925365,0.04751580029424696,0.012281610423317517,0.024861424670801168,-0.0028348091575494776,0.028634079065794425,-0.0006705694055227983,0.03552767534224424,-0.007058497216989144,0.006861092222143555,-0.0016697393365312351,0.005906920638701902,0.04168102554156373,,,-0.02809594704593187,-0.027285884474939414,0.00648111642367321,0.015147941143957396,0.007002497034403603,0.02665687597207064,-0.006293194752665317,0.01689750832213746,0.025685801325037203,0.014436002983359779,0.05208748913181167,0.017839678692860832,0.018732217250300467,0.04633451801733091,0.039009830334570963,0.04072934942972366,-0.0278237397742658,0.025453831911190012,,,,,,-0.018134666911272346,-0.006278492775478655,0.0032691371648523367,0.006280951677058827,-0.03315962232854541,0.016805336793502774,0.055967845743661905,,0.01419225614380623,0.018265219180772885,-0.09522375675985018,0.027875426706270752,0.027555062477663417,0.0555922656301788,0.026519703957448612,0.04116369793367364,,,,,,,,,,,,,,,,
2002-09-01,,0.06500023268440588,0.009318517095531689,0.024211789266641352,0.04142566860737678,0.02194243700684026,0.008209002785464882,0.041450234556294055,0.016337130108702868,0.015686090160753233,0.04860135700623648,0.00015664366433612123,0.009883099227327836,0.016360064350690418,0.029739160998608082,0.040397630705484654,0.0349991150724587,0.03597580060700283,-3.075475319799647e-06,0.03447450983511262,0.04790260122193257,0.036307429838231445,-0.005740104468641895,0.0151719865200856,0.013134539117566716,,0.010649768276030157,0.02601559643647628,0.032868372837960465,0.03250974446745079,0.013503161669348805,0.03990989351482761,0.08008227598046581,,0.004358413117400413,0.028376543287728165,-0.033700871505358346,0.03965723460856584,0.0494182463245728,0.058180572805983835,0.03815193126990268,0.016087849059765093,0.03608092093034115,0.04438990773890236,,0.07324574256431364,0.04654388664196214,-0.0056480341326663516,,0.03477275111365259,0.018776912052463884,-0.00783389561302702,0.06225209086470756,0.028199146773427497,0.015580734101577856,0.01685343559313608,0.03754095962088462,0.02426843994577161,0.04593033115502822,0.053510813813148955,0.022953654599157377,0.012188930689023849,0.015067419537208375,0.0390494762839372,,,0.007139723846335113,0.00787257011150283,0.002499204549860206,0.01292595586808733,0.007903851501585499,0.03746926279139899,0.041246384599918876,-0.0024416460137127965,0.06093324928010578,0.020359544778867006,0.047177044503793085,0.027951645966528476,0.025912065915242262,0.010302082110047513,0.01748124566337627,0.05446433920312348,-0.008856711942071088,0.026146478582251036,,,,,,0.04868367021467132,0.0970805044041963,0.04196978082138162,0.038313971757848016,0.030257578106046557,0.017099424421841557,0.058502044665621956,,0.12471590071184598,0.03635752277063347,0.03600974186947874,0.018571755747334853,0.02612731274760539,0.057988304058789755,0.031081242434715266,0.025279879965495147,0.11913996001022381,,,,,,,,,,,,,,,
2002-12-01,,0.015422112902172139,-0.012481970125357058,0.009360468100419775,0.0058786653907330145,0.0288529666245527,-0.026489623037317625,0.01818146508366864,0.030122882673804755,0.005377214398339422,0.02627846960948213,0.022012761185642736,-0.03770652417362721,0.004307664838453918,0.02082981994770166,0.06168179759404116,0.049812177586822486,0.012521275469250808,0.0022952989693042166,0.05535638134287617,0.05315322950880328,0.02161482059299483,-0.009662763750660835,0.0027220812051285564,-0.014265283214657958,,-0.004998269358656191,0.0005980996649593741,0.033461780718425725,-0.02256511654450706,0.027422867907867382,0.024867964117098594,0.0651805636945721,,0.010330771221437718,0.004791484982045272,-0.010900445293215977,0.03648339177379336,0.044022816661368924,-0.0031703895704741874,0.023614948043248325,0.03084428034837047,0.04228302633951835,0.03589335858126769,,0.08514957751567825,-0.0027342271598419497,0.01642242485331069,,0.03164178559808377,0.008247089562906863,-0.02246136063824219,0.052589883176055924,-0.0007850312427353852,-0.00366198857303056,0.02580097782637367,0.023224263150346574,-0.014314081093250601,0.029059731676153597,0.012994471580179488,0.0015833887959795432,0.015712132368962295,-0.013944669856728107,0.036045582157906944,,,0.0010536687608715296,0.026066569334473783,-0.0017511847298400912,0.01780775631776147,-0.0024299034170056637,0.028738949802368786,0.020562026262140404,0.01571780397649669,0.04434479587530053,0.04061981670409131,0.004132819183328451,0.023014932029875573,0.02043203559206072,0.0482468587304167,0.02738871569276579,0.03354764196884119,-0.007891385948434146,-0.015414225386439434,,,,,,0.03384859021176551,0.05983350688051656,0.020125594094012097,0.02119746448922901,-0.030555706243260584,0.02219079197168192,0.04759543209317282,,0.010786884825353024,0.05364283329582729,0.07106113120369936,-0.0011587361371882003,0.054153976078553205,0.04367436208158866,0.03560145875136267,0.02001234999736727,0.018469219463867557,,,,,,,,,,,,,,,
2003-03-01,,0.04224725412155823,0.010958116849250221,0.03438525850331376,0.016555479479360202,0.039836283439104815,0.02501174594941755,0.12330692725732875,0.02039236774338693,-0.0012815033890003,0.024920352586813133,0.017810713962599235,-0.005033741609350689,0.016224818388344057,0.06418386788598264,0.14652489674973784,0.04125390153473017,0.01626202972414381,-0.004519673848097133,0.10101537827668478,0.053096624751299816,0.04901455289843477,-0.013678146330075504,0.03608580151218665,0.03336111533815997,,0.009285535892729234,0.02115977902815271,0.026995813114885688,0.06680178193402765,0.02585387373261107,0.02728941627334207,0.015790354854455232,,0.032440837522385677,0.023060689702684004,0.00781056750365305,0.011461192410856932,0.0662502539649227,0.06440086574574864,0.04380240464129495,0.028310572431455284,0.03384949663474034,0.04562119520397568,,0.022714446791799063,0.0276073918565334,0.025355936101656207,,0.03887237012560119,0.010835544726154823,0.013751376954934346,0.05467184098546633,0.03418439496504638,0.011147026449118627,0.018628307557134446,0.031809396856759195,0.0034357015291680746,0.027660176392182323,0.027162880638266104,0.0430760345733254,0.040188647817233615,0.03241079328600337,0.05329428786056888,,,0.004174282353953108,0.00661275068425841,0.005208475008996672,0.012648799663741661,0.008068301440789514,0.033378075726125125,0.057079126336034715,0.030242454740552326,0.04616121883297392,0.03192239983484884,0.04344266547355882,0.030347716781106968,0.017579689919723963,0.06726108791744075,0.0533344355021888,0.04853895477766089,-0.0109999107480337,0.04382774979936159,,,,,,0.03790736018364975,-0.01995718409821526,0.021893039970471893,0.06312230818197616,0.047808784970238306,0.012288844599444036,0.03189884058991811,,0.04318005280452558,0.06062081878783746,0.1010130484621165,-0.0026612053509783642,0.06339621700544591,0.03778817680724052,0.12898041393158471,0.03732004821877711,0.11469488381027355,,0.10961889934804427,,,,,,,,,,,,,
2003-06-01,,-0.007017872397581388,0.010003410491766711,0.05143210888392474,0.027010778964391545,0.028478839590182332,0.016166542175115615,0.03229400389918823,0.05455845996333827,0.03248534477500675,0.04260213363676903,0.024162458140041275,0.014461572937729122,0.014614358211399107,0.03326414163922947,0.08985630871503232,0.04175575097875616,0.023196834054576156,0.01693911419948693,0.08503935803775797,0.03454658183104331,0.007687163291069937,-0.0009640814774501442,0.013308494871542533,0.02836780684720774,,0.007637125531110982,0.027710277384793678,0.039028171403922285,0.030281785260064562,0.017459340376827524,0.02830804178708259,0.08513895307187083,,0.029355120418328263,0.029234737856034983,0.0021372370003935343,0.025989056203151676,0.04856724171225409,0.013852167833337863,0.04643024808895136,0.019077080653390685,0.03760924707667243,0.029378450526352386,,0.09370711592333074,0.041571139655128736,0.030173320124663106,,0.04829088345633571,0.016019461300081965,0.014762190022371235,0.04838516597784885,0.056341922148315376,0.006476519028347609,0.06331080557100742,0.039761143715030624,0.013562797006054693,0.019075822127860187,0.01941667434607401,0.023948284617779057,0.022087858603330873,0.014979660266801528,0.004570487777955436,,,-0.0007124823500727158,0.020435779292271854,0.01635491563819125,0.031695244877586126,0.013246644162747494,0.05212469333066326,0.03108233701234045,0.0353268945452931,0.04543277686568722,-0.00468942113184958,0.01689878534047694,0.04158665406027044,0.026849305042468893,0.052040696734438834,0.04646699036722484,0.03588380474281251,0.014078052992750946,0.030187715294256453,,,,,,0.008649366393836674,0.017374376586571597,0.04502479053114698,0.04973836595715854,0.0022881601851435186,0.052367330171449636,0.03618554317250198,,-0.014834819018612217,0.0584133277435554,0.12154720474453971,-0.014715003747163008,0.04403386173040346,-0.012844893757804761,0.0751679855886853,0.028428036462903726,0.0652607889699397,,0.0438012102544784,,,,,,,,,,,,,
2003-09-01,,-0.012897243963632725,0.008613120474733098,-0.008069981307995648,0.05334979434553613,0.030612502544317594,0.012562529850422817,0.04212248678247599,0.0073529738511317905,-0.010780332676563382,0.05629145220737785,-0.011059898450998428,0.007981716474507147,0.004654679585611497,0.014614943917604867,0.0096110482014875,0.028554902503405578,0.024148928424761087,0.012841394681479002,0.03589911358930656,-0.004032904335884162,0.012483196348091741,0.006393233712368081,0.003827677053209232,0.0072557608777715785,,0.007163338074338588,-0.019503323486081393,0.029907545169022814,-0.027711679310983624,0.007543622098861872,0.040062860142495195,0.0970150669516642,,-0.005420913914529559,0.00039794250868044974,0.00997266547873441,0.02941976497312842,0.04503769866824543,-0.005814377509212853,0.04783181869857966,0.006971346256483062,0.05066691396762477,0.045623836393407155,,0.028841035946334224,-0.012493833366354928,0.013378405546447219,,0.03375672229494629,0.009273212393455714,0.010799138274004744,0.028651732642335174,0.017765237125050175,0.010932934207881315,0.03778927526633099,0.024148928424761087,-0.003482905384807238,0.0117464734349793,0.0008446559234187614,0.0007622341894964575,0.012903473570373521,0.014012212873021818,0.02219231524713499,,,0.01032206187173943,0.01117382797547443,0.012354744271062831,0.018796937867985773,-0.005200432305824693,0.041403770606188266,0.028738384404539182,-0.022624208494391174,0.05372712638237567,-0.011245776036242765,-0.006344923711291052,0.04564097659425233,0.0237888437576067,0.04811560265686174,0.0738538199711143,0.0009362481566080748,-0.002183519317229344,0.015528680369183877,,,,,,0.0433324650628449,-0.011000543569523112,0.0008421199247719604,-0.023208164763817294,-0.019911552669903312,-0.001530604729017034,0.04790253219587575,,0.013271058093418194,0.029190833884857922,0.06277258313413388,-0.01006268788958007,0.03917698246693113,0.03221786564347294,0.06732231024237964,0.05428300305285255,-0.0035717450045247906,,-0.013878864432710468,,,,,,,,,,,,,
2003-12-01,,-0.0060617959894425505,0.021241386269628085,-0.026162253992040745,0.00015752288978862088,0.019138541432758352,-0.0019171894203106011,0.019653689526315233,0.019292081600433286,0.07866637599788691,0.027154322956169236,0.02728127605852125,0.0029634431212961746,-0.0033963125230527264,0.020444933820387125,0.037037819091547554,0.0323837168106294,0.010003915368444426,0.0033251868367686083,0.0436752862285219,-0.00728911063467477,0.009183971532277324,0.001043559416959631,-0.010322822154084641,-0.02101916846446292,,-0.0054826452237520616,0.009125208773341262,0.04281868050408999,0.015672182984839012,0.03324584498099365,-0.0032008385100972267,0.04881860251580122,,0.021668605053672848,0.011976052608233307,0.01910837817439305,0.02514294779712988,0.013980477989148253,0.020074300609092786,0.009071329759070155,0.013763595632520071,0.045695267881531394,0.03013036754100836,,0.007709083231249846,0.017511424280371918,-0.011618065387517229,,0.01097508045687673,0.0070447329030692,0.0054663449653104094,0.018209719091105598,0.02828842495280309,-0.0016353320540242375,0.03315765180404033,0.024321464825818918,-0.022880770177902895,-0.0063499169649366876,-0.012014814291652732,0.015305158407725167,0.013106331115675022,0.0008964119703741254,0.02592528978849162,,,0.009231934091198594,0.033383036403234305,0.0005319638090954415,0.00781865123612256,0.0020207184007800722,0.009071329759070155,0.013114373617430687,0.004947959664875481,0.03878135191836976,0.015826368587953117,-0.015857472910988796,0.028489836222870532,0.008507229796180226,0.00897834341499866,0.058653540776325355,0.0460957672653066,-0.010019347172837036,0.018392666623913242,,,,,,0.034566435728851576,0.019297304357764812,-0.014725083827219487,0.03763274579323529,-0.015089129354479725,-0.01529507081099396,0.03232284951378865,,0.009703171885061701,0.019845027837490856,-0.018932385963787407,-0.0068660455071972585,0.04220442722244974,0.025873342049244626,0.03948647913307351,0.02693498912479838,0.01678325869866635,,0.009827964359017725,,,,,,,,,,,,,
2004-03-01,,0.04186321141639718,0.024039400479742172,0.007021255780664246,-0.014508861394114683,0.01860741760190725,-0.014662655797786873,0.04221528983514979,0.0002096730432842412,0.07405964545532477,0.01987888656105797,0.021967663818459892,0.00226358216377005,-0.011054601339433506,0.03751030834979243,0.004574274774129894,-0.010468508696422671,0.02075719458856034,0.00988587085012159,0.05844242798104026,0.036991127071709505,0.014364186547141505,0.0043825056968925195,-0.011257317319091159,-0.014351559988413863,,-0.002905424419557711,0.007934275079038959,-0.0004582188321150178,0.06665018332708456,-0.015084315294532668,-0.012489648479574957,0.009281635988190347,,0.019076536433936798,0.018484879979932235,-0.03073532850128978,0.026127686290568285,-0.0031333069163880347,0.050563373773414536,0.023577773855480984,-0.02221986073055882,0.020870861469174825,0.020335072822437354,,-0.013214741487603801,0.025833557964159808,0.03212249378163484,,0.02153363865101576,0.012573186986161299,0.004574656769770801,0.00263062014799673,0.04449960742959721,0.0203512398443777,0.037017025179971054,0.01120245841397014,-0.012952545674500776,5.7998753455905315e-05,-0.0020016495078890493,-0.0049607138123629445,-0.010926688875086542,0.035088586336112323,0.021776014875681038,,,-0.005406756094141414,-0.03248262379424321,0.003407716872232913,0.03287463389208285,0.010286876566177544,0.018475301577764378,0.024370105749761152,0.03242592978127239,0.030027881358175124,0.05496235760074477,0.008910188003775887,0.032458024563773495,0.013637677962493759,0.02050679707841967,0.033207508730538626,0.03495634225603067,0.014459066071119329,0.011791610763198235,,,,,,-0.022136406883843954,0.036983619007518474,0.05355959311710877,0.016192850031793455,-0.002360150228861024,-0.04774623949167191,0.0005419680098031306,,0.0289206966810395,0.016297629608743404,-0.006393649518649649,,0.04611618016646537,0.02481236719691641,0.08232369712043615,-0.002026699389858961,0.05206576252001977,,0.011919828058452379,0.025351285778980437,,,,,,,,,,,,
2004-06-01,,-0.024676379035984474,-0.001331514755862112,0.0300945530002063,-0.0008118215130805819,0.008692385130354934,-0.00954590456071174,0.0056509571969102605,0.0012595493212845515,0.019013179171824907,0.007155186339130814,0.02311810875944746,-0.0023298309697556783,0.012296403627197647,0.0028291815042712,0.020189008454311916,0.019052856429146732,0.014547488318129354,0.005827220536658204,0.030753356711431732,0.0192375074064023,-0.024859923146011438,0.0006802126360158374,-0.023251684426572893,0.0019814868852355413,,-0.0027248594156353253,0.02180258662312583,0.04060836197085128,-0.0011708852642923237,-0.03415834510522304,-0.018470105296488824,0.01677388819012682,,-0.029890206295075068,-0.0027230870758134652,0.022377421406683917,0.02847981559211669,0.001146971092630472,0.010821318784961287,0.007612142867446188,-0.02800969690992723,-0.0025108524502964655,0.02459975716336579,,-0.017081060146430713,0.017818894186194055,-0.039636352387654436,,0.027592366062976062,0.011047566590884902,0.0008089903176807675,0.009734465037769749,0.021364463011487287,0.005012896634471709,0.041006135556891254,0.023537211584163886,-0.030751833559265716,0.004311591195667016,-0.04485054144493842,-0.0031087903141839433,-0.013785171950043066,-0.045720374820372764,0.008540572871474207,,,0.009271098362355727,0.018453346752297338,-0.006542127605793989,0.00856504254643861,-0.005441914998905741,0.019657737104538393,0.017729988162592192,0.010334257671814428,0.013465266948093042,-0.010577555957931433,-0.03880370711432525,0.02932706829611067,0.010854993439983533,0.02906329407537603,0.02320676393973611,0.02526707558427822,0.028082103875092898,0.014540636399494797,,,,,,0.006368014271546811,0.050936216085967316,-0.012129934087308024,0.043434415331338246,0.08943066324359894,0.026999002840988474,-0.012304724164327416,,0.034798094238776105,0.05026706005707081,0.002211950297453031,,0.030369632385401826,0.015658062171108208,0.03956040014030102,-0.0031591435435144775,0.026173878903457834,,0.029514994146177007,0.041271261416105626,-0.002878472237091054,,,,,,,,,,,
2004-09-01,,0.010326755364911684,0.020914222515982378,0.010572447178133024,0.007115143856697791,0.010289025247389685,0.015336251852534798,0.021002517745844117,0.009582140286528604,0.05264936051132206,0.017830159709390007,0.026947303898394306,0.010872937468139242,0.016426604296425694,0.027627685233204177,-0.016841655059090268,0.021720174376079076,0.017097835519010927,-0.003929056055779841,0.032622150707586235,-0.003973356553343084,0.015364351020913838,0.002017174947597736,0.01655965258508264,0.006278956060890294,,0.007370619020637054,-0.03221789320208365,0.04915980371034563,0.03799191125137515,-0.03567538954761153,0.028346363441224716,0.04397517290642699,,0.024318126622809397,0.01130931836589703,0.008477728959993224,0.03562546879560449,0.013926934454351402,0.013184991000811198,0.023847013033432785,-0.024308272614899165,0.005230525253069607,0.018925695253142874,,0.007116007827080148,0.02412175941539152,0.001042949207637475,,0.005557046309467158,0.009929365617064888,0.014335455218822917,0.02520904473071583,0.019355329697738687,0.0077517945432603996,0.04531552689225793,0.02005380960313396,-0.036611370071967866,0.04915980371034563,-0.027997964112110675,0.016878744238704543,-0.017172629408352815,-0.006995424018636279,0.024250656815376574,,,0.05395162455267868,0.0076975155188725355,0.007652394229822314,0.011371100716722397,0.006861327723065034,0.031118518718971748,0.03458383811139137,-0.004515950697327569,0.011392360521142843,0.006278956060890294,-0.007841812763930988,0.030790046068399,0.009178909817060696,0.03988951566916547,0.07596105416516548,0.027549207484463045,0.03652004209015931,0.0007894731731191175,,,,,,0.00979535201189509,0.03334652162073553,0.032676347519461746,0.08651356092475791,0.026492249145532543,-0.03428408434714817,0.020084746094882047,,0.008296331975579042,0.06312387807771391,0.024536334278984294,,0.04347628787806737,0.04373190184578965,0.04612353390587639,0.009564784579572685,0.05923761841418024,,0.04425870492171934,0.025334027194805774,0.026915664402531535,,,,,,,,,,,
2004-12-01,,-0.0010154380091528786,-0.006091733040974133,0.019153093610180204,0.0194240218515424,0.055524723275569995,-0.021622437437220466,-0.03593230800508172,0.01583194084592464,0.056862119373030706,0.004066090756734415,0.04955954674453738,0.010584906401666988,0.009494017633393768,0.005656655935341797,0.0513288810290887,0.00027801999298604095,0.020079450001649606,0.009111858957642303,0.06243577005735152,0.017763358225553125,0.0349103974164259,-0.01420487972241943,0.009308808212800924,0.007099190563871568,,0.006940519917226192,0.005012609385106665,0.030812218546032492,0.004861871523961909,0.03736283483630672,0.01065753560116544,0.016387666142943895,,0.02561950957653522,0.04789975169697242,0.01199214903457113,0.03580754984592534,0.020718502092592333,0.03390481386926352,0.022460283011327017,0.038392473466466896,0.022847162882071986,0.037506758497480835,,0.008965200463555471,0.03463701499248887,0.0026505723904773812,,0.016281526189865392,0.009456281632425522,0.019551686327018352,0.02018074644409296,0.04025710019080779,0.010429037817264454,0.06976979083140736,0.026772610697541388,-0.010361854542353856,0.005422670091328854,0.011179012260594976,0.0033730090066569716,0.010541485066393878,0.005232293593260622,0.03636740800418337,,,-0.0004829349604601371,0.0264369276839302,-0.0015383004862931557,0.02261337792919631,0.007403636888614753,0.030694577651098193,0.026838381805991237,0.0007342838325112651,0.0492082775743817,0.04878505242811653,-0.012327385042760769,0.036958039574321026,0.010416483462297175,0.04178429978697127,0.07003960855116793,0.0312086976501573,0.0163109584700671,0.008872237598442523,,,,,,0.016825715854827446,0.015395663553370291,-0.003253656283593818,0.04980684521331716,0.03106277803177049,0.023921402946521793,0.03251193327329796,,0.030314437480457503,0.034375174148400134,0.03942545814288186,,0.03939608084092156,0.04519916363456059,0.049999780032997286,0.020522102116165925,0.053648955075605013,,-0.011038046227639535,0.030627526029337222,0.010985371962010448,0.004331626804339474,,,,,,,,,,
2005-03-01,,0.04353686534485309,0.009250411881338308,0.02131443571298013,-0.03359762763223865,0.08631611504280697,-0.009103686578515825,0.05957261699467975,0.057511622158491336,0.0908840654090407,0.022749208992606084,0.05105981710584998,-0.01439238156166528,0.013213300981199785,0.04298449297284353,0.02001986087066193,0.032091474427727223,0.031171339048539633,0.004827946188883218,0.03448350434972662,0.04200698955091564,0.05880196559063226,-0.033515980798391944,0.007703251176263764,0.0056932361472331276,,0.00953023150818572,-0.0072239182807976345,0.04573250201726029,0.07150498091142679,0.0010662359615165036,0.013508584826287836,0.020922788526104758,,0.052905902663785705,-0.01160097198295781,0.026469184322431016,0.044913077371423304,0.038064313259516924,-0.047845770074833434,0.05537790561965048,0.006609289967100289,0.05798964840623477,0.05878986064853211,,0.03282248925256607,0.03724691571616582,0.019547174644938468,,0.05244166278094118,0.007570473004678969,0.01463162520157088,0.05113869378932321,0.05771537969539008,0.016386679068373915,0.056810338588265036,0.03643571993784551,-0.018246047485625035,0.0070203889904051344,0.025457130128136447,-0.01658730955215439,-0.03589994568009475,0.047043007075039084,0.040311272590194194,,,-0.00018837632606526068,-0.010525261604878088,-0.004374999297842357,0.00036464510270565076,0.031784247867980196,0.05191634791904605,0.028679023311947015,0.013616040240356512,0.005617895521955249,-0.029681552013668913,-0.02082351483668577,0.06272904908893866,0.006297707208076514,0.037319784757081684,0.09883120939093896,-0.015562516738477285,0.011069234876832961,0.04350173092510747,,,,,,-0.03018861199399584,0.0386538035185275,0.04418119974031815,0.03994878860057879,0.09727638709458017,-0.008989299662207224,0.04267657726391029,,0.029133823696797546,-0.026985518100430175,0.03508891220876982,,0.021325584065621482,0.03260068567360183,0.14657310416125147,0.0013901314816031204,-0.11931582524110056,,-0.13956312404037527,0.04935202763804751,0.012583888527371474,0.049758299728598764,0.020344319963172933,,,,,,,,,
2005-06-01,,-0.027733520826156304,0.012349112844732934,0.035291464427284765,-0.031052366398414594,0.023556271556243652,0.004806826091322411,0.06371761259379853,0.013201177348434878,0.037100850401688944,0.029403474795957448,0.006764338810914777,0.006133541775558977,0.010166504582424489,0.009309910185593712,-0.010389442493722053,0.014348247349294586,-0.016887964587115556,-0.004286723923686456,0.029102829407370218,0.038902087518518556,-0.027932212050205803,-0.01494025537366396,-0.0008519225995670619,0.0012145208043151468,,-0.0010180054654516696,-0.004194744587899383,0.051052671302454763,0.025628534080871197,0.005737204629748324,0.0014613087331945827,0.02662806263975557,,0.011417485522973609,-0.006570795531610286,0.018945948390176607,0.04054208125006956,0.013321516573951342,0.048262215171064174,0.04654616349700792,-0.005691982959507861,0.016901849037924153,0.04119214568643078,,0.05683539164822516,0.02822270075076093,0.01620793007424621,,0.037860127580447975,0.016041406188539276,0.015000080483100389,0.0052163965358979405,0.03573376460491629,0.026529306688609,0.052060827576316145,0.036324103305225806,0.0014872751064446015,0.004775515694177936,-0.022662000921533417,-0.016030626439352547,0.006515521367628413,-0.1053824567643274,0.03037423720330318,,,0.017556703953355717,0.04324549129735069,0.012989631632007958,0.0063539701036733716,-0.012341941694788345,0.04940754063163302,0.029408702841876955,-0.03081256313418694,0.01861233481818945,0.009014698507003994,-0.03397668424744355,0.04221901460643783,0.005632784651398792,0.035327187725874405,0.030094346897620982,-0.021281510039898033,0.010700723126324802,0.008712024883453465,,,,,,0.005369058668356064,0.026868861690526886,-0.028344482219413485,0.05681388514712548,0.0062681623291818605,-0.0014249936230762764,0.015005937678058218,,0.05435104470345015,0.08727498913812108,0.03381528588697732,,0.010558407599976736,0.017668473263223322,0.018010916254026614,0.00773213181384755,-0.027093194697840144,,-0.0649663200576983,0.05227360456442168,0.01993165036443329,0.009331030308363613,0.03655727882146652,,,,,,,,,
2005-09-01,,-0.01846065886929539,0.013312802127340794,0.02541831930140014,0.0005526895200180551,0.015182504412730185,0.03881378377393504,0.0026933642213310483,0.08322825918150946,0.04922141502130485,0.003218852169686046,0.047096595913624355,-0.03467344123494677,0.03776886404243076,0.007452436669338308,0.03474192308895966,0.053849461063951595,-0.01808220314048029,-0.003271538388928875,0.06338844621900672,0.019580960811049705,0.026315180120297803,-0.0030901693751137827,0.015555544572570168,-0.004656901485338568,,0.0019056041001469857,0.011327757568422504,0.041790209664989114,0.020531879810078122,-0.00912573575170326,0.008830731677387996,-0.0001216724326747188,,0.030775785955545636,-0.005886732065361742,0.02956190972094566,0.04658233058133951,-0.0037790716718064713,-0.016823984230901826,0.036148020126706946,-0.003893907759581517,0.025429258771943745,0.029292668115552107,,0.02200372833141274,0.05480608063626113,0.03545544225850382,,0.04348265694879403,0.010039663268238866,0.012209914087712506,0.02299505144246951,0.03043562327981428,0.023286663176593062,0.03646900649306676,0.0394573190752637,0.005112229977157041,0.0449831532514246,-0.012230598879364622,-0.004860643228411677,-0.001247616653003859,-0.0034971251848484692,0.034954095047929304,,,0.016732734854542897,0.00011941220626275506,0.0453919047032243,0.01254088440099126,-0.001098933349945807,0.03571017159525339,0.0557431162749572,0.024367502365050708,0.02840797805769559,0.011786099498246204,-0.008024215394503004,0.03919927447409425,-0.007827984773090562,-0.032678378112431704,0.06323078679326047,-0.013550682837705042,-0.008940970242218824,-0.0036471991299062206,,,,,,0.01630601229675255,0.014210830302661317,-0.013478095589137578,0.02384183780729363,0.053660467314430936,-0.011368921229909438,0.0013966690935922224,,0.04949042529324185,0.09096903648470357,0.06688928314190276,,-0.1377089316137596,0.05829959297409206,0.0072715419648575206,0.002166112249700992,-0.12575669817431895,,-0.085596462555101,0.013540995541706723,0.022723034209861576,0.003586661766459091,0.029817546051229826,,,,,,,,,
2005-12-01,,-0.0036335930581201503,0.006414055909821908,0.03617249374271043,-0.04102172672190304,0.02688931061836544,0.04882227844770199,-0.02603557470282585,0.03239213269375532,0.03795563928719932,0.016689126457562747,-0.0075128489094192456,0.003967089521492186,0.025482585115256175,0.018485793945339637,0.05799296474235217,0.03367493066878915,-0.015924355376338732,0.016660540373428213,0.052814997065695944,0.060679587295656874,0.04560474104635095,0.010447583696919505,0.0073986150957456795,-0.00029672364620308517,,-0.0005382714009527749,0.02843842549430914,0.026885149299755922,0.039134952435770455,0.04068073402706359,-0.0006463373834708908,0.021041833958679982,,0.04415371306933558,0.011091027208778265,0.030287489774452322,0.05054975591377081,-0.006453761554955928,0.04426454087047452,0.04781600058113905,0.038077732190436225,0.05240585635287325,0.044813312357924275,,0.08945048665706964,0.02052030663651282,0.032629338554501744,,0.06239766232249254,0.01512714424440457,0.01434942541776937,0.04787877323884762,0.04182400484539805,0.036632902096262326,0.039951324073757594,0.0366245570010346,-0.006452412217331293,0.0005391779519385173,-0.00965427310294493,-0.006756556349781972,0.021025595751316073,0.0034142799645608735,0.03010893791158264,,,0.004972267953608067,0.04713741742266853,0.012833230272569187,0.040690020606821635,-0.0077999567579847915,0.029452765686262594,0.047322927124998394,0.03197194647679378,-0.005259606116728485,0.08792300823295837,0.03125298578288466,0.056315126811354206,-0.0014828778909725855,-0.0026985022039953807,0.04017507604243688,-0.008255546389160725,-0.007203106698866995,-0.0032711733029390606,,,,,,0.0007407211515160171,0.02536336706179413,0.004238832069874433,0.0246966595461516,0.0011829181881539866,0.02681835965828525,0.03615312560846555,,0.02536336706179413,0.052535973800662,0.09707401285628035,-0.00031640927582196214,0.036684586108147,0.011510927472635523,0.05006171894584022,0.001103681290992787,0.02233733040333717,,-0.1222859297551474,0.04493961438607374,0.007751776457917806,0.020969151131872626,0.029273394648583483,,,,,,,,,
2006-03-01,,0.03415718731863975,0.01818095951439742,0.00036909541712179886,0.028268498675057957,0.04408870057885301,0.030659972977398697,0.042579647666384356,0.050085373697001515,0.032757235180489404,0.03215013844865386,0.07581259608713423,0.01609357355792516,0.013041987425026932,0.030940496997033294,0.04950615731651001,0.047617145568587024,0.0022704106804350803,0.01171510931721598,0.04492551972751683,0.083088100918932,0.03700774036006028,0.02059557558639227,0.021779089221376318,0.027075797963408314,,0.02158435883468978,0.030149961021810213,0.034831918233632284,0.07053088587890351,0.03116960731878949,0.01972292971572138,0.01856375744304601,,0.037361245719984316,0.016321011542752943,0.03457356895353655,0.045812377983752955,0.02524957481628163,0.021692716268883444,0.05293219064198489,,0.02701121836777185,0.046933363067968796,,0.05481075841134536,0.0332250779342705,0.035798756149694494,,0.03417696591265228,0.011768991689713968,0.023113297750073127,0.0413805227155714,0.03935246323449718,0.028579716856571433,0.07639426766084818,0.03280197130884036,0.028410534029419104,0.008508973761975801,0.03492691737830187,0.028652773465238722,0.011963910923715394,0.03719431202410479,0.0431644109374469,,,0.028467769423740734,0.02502883081643592,0.02420554667673412,0.0189846541860711,0.0314720179534905,0.032148116839739546,0.04443165779288249,0.0323192314519877,0.04207781483153956,0.015423046557238942,0.028639535458774797,0.04408870057885301,0.018574387765621078,0.017739335781099614,0.04195638308458592,0.0112585572369754,0.008209550182012538,0.04077427612904452,,,,,,0.0019205705689908353,0.05001555534908281,0.034682323754748626,0.03825685634842396,0.037312462758907726,0.02657335851857344,0.0557349078886912,,0.051438544142988325,0.11562438059319373,0.044260726621697756,0.01884412763630935,0.018971398323850593,0.007469511488238045,0.08980041658419514,0.028063470556151354,-0.013545047656899957,,-0.035401168777381066,0.03226437510912137,0.03357037076209038,0.028820939204023465,0.046035792410358795,0.10026816784927503,,,,,,,,
2006-06-01,,0.007593252782690109,0.012034216733575114,0.02766396805161934,0.03574411122069304,0.01975867180889297,0.0278420255788591,0.005255743214217674,0.03489704194210246,0.01901906480347995,0.029808082204285,0.04098476185040642,0.01013200283877384,0.022793033663661373,0.0022254148324641642,0.061623668303331235,0.023003636259797455,0.02701689655890142,0.015625777457477893,0.019704148679046827,0.06835686215345863,0.008854654417378784,0.006401250435264764,0.014855558342818369,0.011039069229404865,,0.012365295977979142,0.023949880982364613,0.048059108549194055,0.02575674962464519,0.014932820050195762,0.01438468505874876,0.03508556679282405,,0.027721749595539802,0.007657600337600611,0.02494585187514663,0.04057507984390889,0.011128833126780492,0.0234398469114105,0.03297427202951517,,0.026691357256145933,0.029582026395078124,,0.048034236470620786,0.0336897452229279,0.023959520978368554,,0.024319124032060394,0.018801025902120672,0.017607771625689037,0.021862057164394325,0.03137470097300991,0.01277194638846805,0.04587306500469396,0.04495206574885852,0.01234799594835541,0.014336494559737624,0.0001968515670715566,0.010840737798542038,0.010754367013230553,0.013741278456666749,0.018104881613985182,,,0.027453043842726087,0.014932820050195762,0.015884878555013898,0.012976885216189372,0.011360656500008812,0.04257674314992448,0.035808719048004596,0.029174972066192358,0.03497598654415961,0.01053958470033406,0.007832247433302743,0.024319124032060394,0.012126301327366503,0.04802505781922321,0.04811376377403842,0.009850160577938496,0.004923233457458922,0.02243736644468848,,,,,,0.010836480202046068,0.019849451486549752,0.007832247433302743,0.0247424440811246,0.03643090718511191,0.01234799594835541,0.027359611756980973,,0.019849451486549752,0.11237447797457521,0.016699501082569033,0.015159821396203612,0.00017271932377583353,0.01158682327681488,0.027545248299951502,0.011019691322421709,0.04409742668890328,,-0.015867977215482276,0.04277008651282072,0.02329628410285904,0.011280574014954827,0.021330188715739933,0.07199830175560623,0.11453552883797254,,,,,,,
2006-09-01,,0.0038667186431294827,0.013077529417283244,0.016854505403981413,0.010785976963042912,0.026818949948416722,0.05101492248914631,0.02527838854074226,0.029448418637579712,-0.0017354724680945929,0.03160650373572074,0.010521838988721808,-0.007505747872976906,0.0052365754370453516,0.01786187216452706,0.014226984927100535,-0.0030865564704813395,-0.014136125101010937,0.008554023276527642,0.04028268674058379,0.04704017667655005,0.02476862856424754,0.003882982193568631,0.034541813527432005,0.03734804189305687,,,0.025393630673652027,0.04471300214263037,0.012247418593740825,0.00789604696115337,0.03079437299417582,0.050161289940580535,,0.0351901833739452,0.014623474619125458,0.023607924734753143,0.030547732191780058,0.013541255419713048,0.002535513404563917,0.054421532229322604,,0.0189899518301662,0.014367626839309632,,0.07374685720567417,0.02633734465231082,-0.022765328174010734,,0.0415781140321038,0.006059477071224366,0.01195302713709144,0.008093999313464134,0.029312305282423276,0.00813458209005797,0.07222845474416449,0.05568110517231712,0.007743793880771415,0.06391124306599928,-0.014412070360059608,0.003647471067329452,0.003562648890125152,0.00433417571857888,0.036852037459695945,,,0.03728153223936883,0.008980922294183706,0.011879079022818255,0.015579503576728392,0.006100777581861306,0.07293477880665968,0.040419487856097,0.03234855706609231,0.041457741472991784,0.016851989316554888,0.02041656166607516,0.0395948818044503,0.002003541724597263,0.05672878004881921,0.04638561138491561,-0.004551118194786011,0.011282510872313288,0.014497512974004444,,,,,,0.012710953982960887,0.01224708760157606,-0.006147097504191839,0.03712350159989184,0.008083653592413434,-0.005674286299530583,0.0014720614264918102,,0.013220085981311948,0.16076718900835033,0.012890341848955052,0.01349210435772681,0.013854643689810694,0.008949806939272328,0.014956731528443306,0.020598531807342623,-0.05239887077374035,,-0.08139394633689957,0.03315612057760928,0.01899918014463745,0.017746528258354086,0.002305578376713633,0.09417778635834827,0.1755231024616604,,,,,,,
2006-12-01,,-0.002574881078544585,0.01431078914647337,0.015163426667345279,0.006042272270948857,0.03590769982391551,0.016825198860114774,0.03520755543770444,0.04305304767606314,0.01598664721360155,0.02756491889344791,0.013233960977390241,-4.58521691144428e-05,-0.0012078977414469673,0.004583016566341947,0.05795857189793825,-0.023867858893664624,0.0023765059759014028,0.01179303872550036,-0.0041638233303444745,0.043486918035531105,0.022914865214207433,-0.0026797230795878118,0.010744097251280251,0.0016270864948692157,,,0.022028518650927982,0.06832759333293426,-0.001719861272116324,0.02882311437601833,0.010271094986207329,0.04037615724688236,,0.05691794905548835,0.015274277748858877,-0.0041812226369410165,0.05427595403703531,0.0005793974557943226,0.012450863511093365,0.04831082939405072,,0.018143984931963144,0.03284848336380901,,-0.010084121843686945,-0.01701345399266165,0.0734471544094356,,0.04770130572959455,0.0030107830024836695,0.012567891355768577,0.02176076230511883,0.03868679813374191,0.01860580831197263,0.06971772293074315,0.02786155764158125,0.0016270864948692157,0.004699521323799633,-0.0019268377871532701,-0.0032876587498807887,0.0009490354810279279,0.0021352224816001833,0.02520262722547154,,,0.007118838659029374,0.01767411575512588,0.01318692868038468,0.042563545470231695,0.0016270864948692157,0.07168636959314632,0.03571163168928803,0.026824378561231144,0.04325921543468944,0.060141433258249014,-0.0010946116472075665,0.06126973874342879,-0.0021435840490830705,0.06386570627118349,0.03653544867676394,0.0015725658240674748,0.012728883012469046,0.0015725658240674748,,,,,,0.0072898788572925526,0.014507744190457889,0.010460907280085724,0.04034107084060751,-0.0029885442910726244,0.01962545561608333,0.013459478344945706,,0.007858745418126504,0.10179740836557515,0.031190275206414226,0.007107770574516868,0.003925807329891705,0.0017655752331967355,0.011353251892900096,0.011588564409825197,-0.04020149931521499,,0.03870477637473245,0.04035813282872357,0.026123539555048862,0.005268534328384927,0.00739310181346247,0.034829947892137614,0.18158900321860047,,,,,,,
2007-03-01,,0.04121391282084204,0.01769214225953781,0.020535496093996367,0.010550581659309246,0.011800730885124028,0.019538754464760583,0.03413974906790902,0.02580632113323186,0.026458962085638273,0.013082440808265112,0.05303292749371478,0.01769214225953781,0.04113924898671858,0.03668624314977631,0.03869218380690827,-0.03193376069065297,-0.008141294312875028,0.01756851194200635,0.08548225199651294,0.03163020135447531,0.0410724183272946,0.013252894915065809,0.012523515983358808,0.01769214225953781,,,0.028279776917161357,0.014985852671595367,0.04571012800024313,0.01756851194200635,0.012523515983358808,0.036644493662508826,,0.038753508344803136,0.013082440808265112,0.012523515983358808,0.037516987591142456,0.01756851194200635,0.011149899802655478,-0.013847974406206621,,0.0288737147178212,0.05316143046050372,,0.017558248509065573,0.01939816229219561,0.032597625545208585,,0.05022696629766277,0.013082440808265112,0.02516058766651283,0.0466109716711049,0.04205834062729024,0.011567897620496025,0.05224455523485502,0.014985852671595367,0.012523515983358808,0.013082440808265112,0.0410724183272946,0.013082440808265112,0.013082440808265112,0.043502437013476336,0.019194233232091816,,,0.012843960131725913,-0.014681207006504361,0.028845048319283705,0.044617476617946836,0.04349951070731138,0.013393441566849348,0.03209394427372622,0.042204986473746056,0.037857334768000975,0.014985852671595367,0.027490532056147706,0.049969841828766695,0.012523515983358808,0.03358252750905593,0.04222420868258489,0.03328756632143839,0.011937078364542884,0.022230629432526905,,,,,,-0.020670850632879517,0.0205918244101548,0.04199935877353684,0.01283541940815229,0.0728817937073321,0.011149899802655478,0.013737886162001047,,0.01857454262693276,-0.03988619575092946,0.00014783895779475696,0.014985852671595367,0.014656603359599405,0.01756851194200635,0.09650726982808469,0.012523515983358808,-0.029591271776911628,,0.025430364433994424,0.03877407423634288,0.014223170851415343,0.0030527573063215507,0.015901942153012227,0.040762618063631684,0.1475766028255663,,,,,,,
2007-06-01,,0.011878412211413385,0.021609788066480652,0.024395281713402366,0.010061366599965394,0.011221404348764574,0.01620613625107038,0.014123541780099336,0.035291240779276506,0.021742865113225835,0.011878412211413385,0.018003069504343765,0.011878412211413385,0.011878412211413385,0.016087452842569402,0.0498013100553091,-0.0049925801554787305,0.005125198211621399,0.011476645691230138,-0.10718264434344933,-0.019849279088031108,0.011221404348764574,0.011375881675312099,0.011878412211413385,0.011878412211413385,,,0.025678612478422465,-0.013329400115887124,0.012819748439349209,0.011357962282729162,0.015379556477235677,0.04627682467154207,,0.01087307837147837,0.011878412211413385,0.01293843184785018,0.038561089876732284,0.011476645691230138,0.015121988057211985,0.0006760296394660941,,0.022845512355379877,0.02435553549241971,,0.03195810867601367,0.021355794741788524,0.010551145310828998,,0.030771610982120702,0.01262606399647962,0.015094627374485248,0.0206899404834813,0.024700553685102964,0.011476645691230138,0.03735982675237697,-0.013722075431066,0.012998943138996319,0.011878412211413385,0.008501584586893096,0.011878412211413385,0.01498688116205679,0.009593536351785965,0.021030042246431013,,,0.016393939436144023,0.01580436973088713,0.016586519253051286,0.01970728051689265,0.011476645691230138,0.025052894229716318,0.03373814966307268,0.0025015782426251344,0.03706226459499917,0.016087452842569402,0.03441648560735309,0.03179920497580379,0.011878412211413385,0.0023465785368602535,-0.015104783248328021,0.011878412211413385,0.017560107041255428,0.014498956249009565,,,,,,0.011274844891661619,0.020427751654916195,0.011306245282254188,0.02844714175236461,-0.005856931320364869,0.012856493445582758,0.011494565083813075,,0.020427751654916195,-0.007642510796068409,-0.001347864123899159,0.016087452842569402,0.014383128044197563,0.016728450165425603,0.03129212683370329,0.01498688116205679,0.05855872683016234,-0.023757845808903253,0.010052874925919025,0.04637531415653712,-0.002719046097136695,0.004902109598362152,0.015072890638162164,0.04039613615034216,0.1339488534311235,0.06490133237401331,0.01620613625107038,,,,,
2007-09-01,,0.010880723186067382,0.01936726598441766,0.01900799357919965,0.009117027580480951,0.032532033995116165,0.019620972482103986,0.03132583667276085,0.008863914412529803,0.013835455252992795,-0.0019936503099976014,0.046180376014002586,0.00979593730788953,0.010455047934467068,0.011561679810335304,0.025464932609963426,0.05360022780826462,0.008874795407198646,0.01574524513981186,-0.017232333682859403,0.040591030402671625,0.009133233265773005,0.010588077600230918,0.03202870932290494,0.010217984546603892,,,0.02197372573066175,-0.0025832985714368717,0.04989202908868514,0.009814189890040927,0.030878888844148963,0.04159572290484066,,0.011106770357185537,0.03626819834276067,0.012366301488677718,0.03642916818090181,0.012788348727392086,0.00955528050448737,-0.026387355784218577,,0.018279540850406582,0.047193496405876174,,0.0017125538611178486,,0.008559957051730398,,0.03151479368864798,0.010217984546603892,0.013230210657937166,0.014008629266744677,0.022709657432806774,0.027469014364921718,0.03292847675288466,-0.008729023023041469,0.009487220544711676,0.036429700175954316,0.007219161577624937,0.010217984546603892,0.009184759545937733,0.007219161577624937,0.026178860681978715,,,0.02061238729870062,0.03122533766326538,0.009779731622597475,0.015729039454519807,0.009487220544711676,0.008433529500913434,0.028710903672657547,-0.0019936503099976014,0.03517475180133564,0.010571871914938864,0.009133233265773005,0.04192995395622541,0.009133233265773005,0.019995974548545133,0.04294989179293991,0.00979593730788953,0.009372384439696168,0.013707930849202504,,,,,,0.020190340059986253,0.02603814372097608,0.00955528050448737,0.0261647616358316,0.06858114288500501,0.009133233265773005,0.006191094925209363,,0.016207324804180284,-0.02959594628364271,0.00979593730788953,0.010476893932157451,0.012621831535472286,0.012621831535472286,0.0023169817695139518,0.012788348727392086,0.04219224527817643,-0.021321630892246358,0.009487220544711676,0.020898257790047246,0.02040798275744108,0.009857206670486942,0.011793116114313216,0.028768533591757767,0.13010385623942983,0.04705528858942786,0.010476893932157451,,,,,
2007-12-01,,0.010940136448569497,0.022077695627680517,-0.0023320100647457103,0.02147609075732936,0.03933212588011388,0.03950633779836055,0.04713640489589921,0.04096435069816986,0.002009338971772065,0.010940136448569497,0.01683380659253714,0.010940136448569497,0.022437296067574487,0.010940136448569497,0.06676868362430251,0.004397275372416451,0.004435911000468167,0.014166554629654531,0.017597658929235285,0.040845915376062955,0.022947265284865008,-0.010023992298162912,0.022586049153283303,0.010940136448569497,,,0.03163490031408564,-0.013523530144761068,0.020345403328610123,0.010940136448569497,0.014980824042834125,0.04730365354578006,,0.026316765277612075,0.015595335451116342,0.01866753709615612,0.037179639840134365,0.01323110652652464,0.02802825590313854,-0.013523530144761068,,0.03905721992660184,0.039713598098290274,,0.037794559483449695,,0.038184204827427896,,0.0438127228098366,0.010940136448569497,0.023370261367122166,0.014481388192561444,0.03592801339491475,0.027858158555404574,0.024614991869921395,-0.017123076253992748,0.010940136448569497,0.010940136448569497,0.010940136448569497,0.010940136448569497,0.022768656496771008,0.010940136448569497,0.030291642727572433,,,0.009598640805521808,0.04192163134915837,0.010940136448569497,0.02802825590313854,0.010940136448569497,0.01719731267413791,0.04246311429773769,0.010940136448569497,0.03439055164114916,0.03146941614517924,0.010940136448569497,0.04341098961000718,0.010940136448569497,0.03153572554784072,0.03589690705625543,0.010940136448569497,0.010940136448569497,0.010940136448569497,,,,,,0.029090081037970762,0.009581401287760513,0.015595335451116342,0.025774679025840304,0.0598576439049485,0.010940136448569497,0.0052831030649224155,,0.02650195785598311,0.0886409307599449,0.021698778329850173,0.010940136448569497,0.010982875656870105,0.010982875656870105,0.025896537776513733,0.014341064922478572,-0.12954325687962898,-0.03202075745615339,0.010982875656870105,0.04541410613395929,0.010940136448569497,0.023592027537061085,0.030129037178158846,0.04591775870539088,0.06336302237090502,0.07177062401644783,0.010940136448569497,0.010940136448569497,,,,
2008-03-01,,0.03265735391750378,0.03990218725340733,-0.002818384868589857,0.043358931521529885,0.03656000754501617,0.04607117795874151,0.07845351217633927,0.04960422914090382,0.03046570488297182,0.016560035686277026,0.05244809729068822,,0.053120690419891446,0.030127875742007024,0.03808779095420138,0.00967333426711793,-0.006655327601260352,0.019456490215520178,0.015581433975422812,0.1388048467629981,0.03454993017408705,0.006694941021127678,0.017327635482525743,0.019255506902864906,,,0.025137001685178635,0.027454276872099056,0.050588538053419375,-0.02945739360244988,0.017327635482525743,0.03261201103637471,,0.050209299053107524,0.019506511651429824,0.020363631168080078,0.038408356137986197,0.0246080601281148,0.012809392146630355,-0.023211536643985235,,0.03431311654992578,0.059226356390888336,,0.04587090884714485,,0.050588538053419375,,0.0404745402279775,0.017327635482525743,0.025807116908704145,0.03160379294176729,0.057321023664434076,0.018741751678884692,0.033739876181860556,-0.01730178152487972,0.013615313661744708,0.014418286856347438,0.030095422851589036,0.02915584255344217,0.01344315203476747,0.035126048580907426,0.04210526944975852,,,0.019255506902864906,0.05371076541561639,0.018211593053445954,0.050284650884340504,0.031470925248353446,0.012769455555386637,0.03391541826944828,0.020317186577317153,0.03458608907579253,0.017327635482525743,0.052444669151808745,0.033513555272682946,0.009341357564331297,0.01385549049063679,0.10447347736384366,0.013237139819892302,0.03610286846021993,0.026997005362488346,,,,,,0.04289532679199387,0.03059590320400734,0.036484250655123146,0.03564518925335171,0.06748713475269165,0.020025808906138223,0.013884763107553778,,0.013615313661744708,0.1261059317566621,0.016059975321378418,0.014418286856347438,0.0347013427297778,0.020317186577317153,0.05178152030752185,0.017327635482525743,0.03884282619049763,-0.037712228204057036,0.006846899815470412,0.0325057131146469,0.03961371638340314,0.013252928460844197,0.021825504563146414,0.04425707674827065,0.06123093096489913,0.03874821187002363,0.016797476857087004,0.025681945924733492,,,,
2008-06-01,,0.01474578976464601,0.016675544381014196,0.03204290712366861,0.05768564184912703,0.028665503951359514,0.02905479829610483,-0.026491299239895152,0.0178601476054385,0.02649495917939664,0.017453227532348493,0.007834002886437378,,0.04325443690678322,0.014105387538790143,0.08532185340113735,0.016966955642731492,-0.049148639385518826,0.018055875597265184,0.02834468343089633,0.15077817971657287,0.015441007854948416,,0.01474578976464601,0.0154479904527911,,,0.03304864693740923,0.02062486674970316,0.03179149638253514,0.021816089958994377,0.023739336227284913,0.041719999765923874,,0.010461265581608087,0.019943247383197846,0.02192623407409274,0.0401369605118703,0.01661773792092286,0.029356773475631297,-0.002113910101371053,,0.05454054310068326,0.031115350203494763,,0.033734495666117637,,0.042764452672538686,,0.033689099352912824,0.01746251364561245,0.016341641184821763,0.008805107408059953,0.031455733123417505,0.028509078580851933,0.013841703845447636,-0.012770529330845343,0.03364591219970614,0.0142602226431969,0.013665275086161468,0.01518203842335068,0.030669670209053264,0.008087864887715733,0.03235557150472538,,,0.012113372787987688,0.016260482261764016,0.015695748908148066,0.012034983516107201,0.016814869141033015,-0.011697806546520011,0.02977908595136362,0.018716128519882802,0.046108602259121924,0.015026364962591084,0.035738955237685395,0.02898911745288114,0.01600362926770779,0.015251483095227857,0.044638600387847005,0.014479837735205578,0.01922110244141993,0.02579139711626883,,,,,,0.012332450157076104,0.014651376079449803,0.01589492200749191,0.028305322708364805,0.012875885120289268,0.019548392291031173,0.01496726805773992,,0.016385374269702283,0.12004293742025006,0.007639906280554164,0.013623766328775544,0.018792858627610282,0.012562452688952867,0.03032686643460843,0.025447400756390688,0.10613746528975151,0.0014830815745774258,0.0035023384784368915,0.03213989786894052,0.06088642110923161,0.01873058362344544,-0.02925959622967658,0.04194494807039171,0.06202905438847675,0.03978266459781675,0.014836840202870523,0.011342917162328499,,,,
2008-09-01,,0.013314277586929735,0.022793997188328054,0.03178222439178022,-0.04708126496255846,0.0005102024523283022,0.032000451691830925,0.12687721904523494,0.045250098498191685,0.03063434253340639,0.020491459228296687,0.07006462224845668,,0.02564360976072993,0.013011146868800779,0.06788015377715582,-0.034124638622779514,-0.0708103358246145,0.03513876227987095,0.03809681356263962,0.12682867291593244,0.010519151670100885,,0.04805659011908373,0.01228847330242376,,,0.02171611943082124,0.0169833911151791,0.024030968525799893,0.017052850686838535,0.04129278664752168,0.02977491840434675,,0.018909507701176956,0.028230940354387873,0.021653364818392258,0.041675377175580584,0.022244000703015195,0.01816642064542942,-0.058905619470684824,,0.07330698487998663,0.03635116261859239,,0.02364949358076938,,0.04421032410080672,,0.03621621430931659,0.02655387846205245,0.02558328377061476,0.021986616542354516,0.03826005566611676,0.022793997188328054,0.0324579072893742,0.0031982433302384186,0.01450102216556243,0.039120960027580705,0.013793248294405805,0.013314277586929735,0.016966163138118374,0.02247314203264125,0.025538571733249138,,,0.002926548883653314,0.02131398017971814,0.013743733489164028,0.03408150519574406,0.016303607455052486,-0.06216644174082683,0.03730719316721988,0.01130408596348809,0.05668037427618272,0.026201667433257594,0.02420270817478209,0.032598825076154386,0.00978075008138728,0.013374874691185827,0.0674497187998941,0.013314277586929735,0.028409219479645087,0.022215946657024487,,,,,,0.03447116147115399,0.05094981117475878,0.01816642064542942,0.028862435753805885,0.016649465966463203,0.013793248294405805,0.013190336707459826,,0.010817732971158855,0.13912416865155353,0.017687449937953365,0.025232107125455483,0.03545408775948591,0.03165896593976586,0.02423618464899999,0.026640736854673042,-0.0991258240476636,-0.04110685482670801,0.02690444448766306,0.028075035527547056,0.05003854804638139,0.017770996011976598,0.00833635963880683,0.021223742900579767,0.07525426930888676,0.03429812466013954,0.013700571886899833,0.030145192931717357,,,,
2008-12-01,,0.03843338171499714,0.014608496579694,0.049661682705580315,-0.01499829818126663,0.022680014373870218,-0.0027774709102484155,,0.04440115555520137,0.03496458105682648,0.011543607779359914,0.07639745895081128,,0.009526581301260955,0.005652464631013324,0.07302031178301227,-0.11071420777524232,-0.021061405687629573,0.016545291092699754,0.04643347854969248,0.08323604611089422,0.001751159543742278,,0.030374153175552417,0.025858600609935428,,,0.007814992729953564,-0.01848493500526258,0.013844787330107848,0.00014597270751091462,0.030243773329986783,0.004569208312250458,,0.020045503097767543,0.012394382549621517,0.017970622989982053,0.045452692561386336,0.03719642645193043,0.039845181939627876,0.006127308529977738,,-0.014011228120532394,0.03528906396820167,,0.02667876096091575,,0.04629619249792086,,0.03788768313275247,0.008204331363167188,0.016927580644513843,0.03631833749392418,0.03677144087845254,0.018470567457403227,0.012351238941820167,0.006432892640767337,0.009774422120524026,0.03434602051935299,0.01194055778564309,0.01529530590988741,0.040923683250227695,0.03630907269258805,0.022731913858224723,,,0.004575813234653332,0.026999200366091124,0.015075525301030653,-0.09124048456463302,0.010592551399939873,0.01906794603817247,0.01638803170507438,0.01876648830190783,0.03361372677336627,0.055904678605985504,0.035588742451213635,0.013823984407535338,0.021698517460318416,0.03671722259341421,0.035975986268370036,0.03948840376306898,0.015591153006742874,0.039487953975016435,,,,,,0.02909751283879243,0.05012889447440569,0.016545291092699754,0.02113353422989328,0.039942749932284305,0.02360523780901301,0.008756464679489479,,0.036801326363434465,0.09484521333798768,0.025669965088466397,0.028331398339217977,0.01774969053621085,0.023779103166455873,0.03998257496158387,0.012198771382166258,0.04369630585221754,-0.1089293119490361,0.03332027119478657,0.01871631715683838,0.055648490436119635,0.009018563775735202,-0.006655545228803047,0.029151459493745976,0.08400412747171113,0.03604331967409976,0.03622549333181724,0.05350771038364803,,,,
2009-03-01,,0.0168974578020499,0.008860690667280516,0.026370612657688232,0.012049735869326107,0.015357249289825396,0.014511549258730206,,0.011550137999466727,-0.10378473786058627,0.01183920026691642,0.02319499852345579,,0.009035543391740074,0.01121274809269977,0.016964096928836818,-0.08860917340688179,-0.11481028408443177,0.007355867580591477,0.03400401444738774,0.08423499967824075,0.009963864924808007,,0.020202157580519343,0.030003038854972266,,,0.026193704803189465,-0.018254277711296812,0.0390116049539809,0.023322831997070533,0.023031980930536794,0.019795820794641796,,0.048292945877441144,0.009764224573426562,-0.019539343333213603,0.03887360823374699,0.0220784756528598,0.052741960981224544,-0.09554926259465353,,-0.09444934585457566,0.04355152012964044,,0.02802787993846729,,0.04580327796338042,,0.03860829300166914,0.0008456482788204823,0.008202942155653587,0.038361244376607664,0.05893659138368977,0.030743902462409416,0.03906601503131269,-0.019198737666273006,0.006798571301880213,0.021903755607251035,0.02377776941243721,-0.09688192928545612,-0.035575221023912876,0.017181379175675755,0.03220837779382709,,,0.005506714837162627,0.009443692490595918,-0.0708121670193559,-0.07372190912357021,0.02220426743867574,0.025910308958223938,0.003169784225845443,0.051690547155335984,0.028270109583967296,0.04151989595479136,0.04414452998104829,0.004025214810303863,0.027209729931365632,0.04379186604500494,0.03338988314929126,-0.008405783870907936,0.030120792803797723,0.008971686565633429,,,,,,0.02775854816299169,0.06712160230360067,0.05369050583595234,0.03799734120274134,0.04055044225666413,0.02050868771096181,0.004010595004833988,,0.0479021944531923,0.0697927483833625,0.012749367267268705,-0.10459125986009336,0.04964987571315522,0.048268512472943954,0.057611998848006545,0.005129867112437791,0.03739317608304597,0.013265270176461924,0.03138414958686008,0.021576831706760228,-0.09644692264051216,0.06394643872592873,0.07815451294351088,0.030358207285615432,0.08149564295998657,0.027009230487580645,-0.09223976083311186,0.043232028311290735,,,,
2009-06-01,,0.007031914237936625,0.000711237794339143,0.020522707293829687,0.049674054530055224,0.009572906107961873,-0.0037826842260245174,,0.029519322450417034,-0.0025945986662301713,0.006237357268507787,-0.011548439274095062,,0.010435880511335621,-0.022824323376559,,0.009674422192036028,-0.06896875812639164,0.005618812895677857,0.02978072674116505,0.03758159934356411,0.0029236046856578077,,0.007031914237936625,-0.00614074081675671,,,0.009176217186402536,-0.01501924865379368,-0.0006724408667319173,-0.004628327319072642,0.008630459868115763,0.02528816527971134,,0.00859390454203756,0.005088843635358252,0.010092482200350085,0.015453383565426327,0.008833732112766226,0.0058885246138255885,-0.01487568986180773,,0.017737808831660148,0.01676650255789728,,0.023758184729520262,,0.03353486834352673,,0.015824693045998334,-0.04525060292066418,0.010276571200364454,0.01911153035047712,0.016186524532090133,0.01673655736380829,-0.0003187681420402517,-0.015869791593988655,0.00404927138913606,0.008022130093369908,0.005495789978395664,0.049674054530055224,-0.008297671507791432,0.01575618074115142,0.017457345145223544,,,0.015299267992365148,-0.010665272763920904,0.017630879544046345,-0.034759554609059,0.006418493874145194,0.025640198113513098,-0.003557841655324358,0.025066997569332124,0.017607788256285728,-0.02957514461005839,0.008971316656713604,-0.011891352510872836,-0.0073177019065247696,0.02777979574650165,0.017979605935946833,0.01897627644195013,0.012308216915453163,0.011689672542623231,,,,,,0.00750833043979741,0.030415534932581513,0.008720169890647268,0.024033804672434125,0.018152896975427577,0.010863756736812615,0.005864268560104684,,0.01562600567533677,0.05156020112117694,0.003552719375817288,0.01559159259732995,0.020387431452736783,0.03136920255608615,0.01854415169303261,0.008541234683334818,0.03172083403272979,0.02910237187487266,0.05683541796913024,0.015075019818957161,-0.010488222120376992,0.022187720241022117,0.058482766693704384,0.022717471378463035,0.061478827560241624,-0.013179108669884705,0.007425721359553028,0.025640198113513098,,,,
2009-09-01,,-0.00460972126740822,-0.007517189923128705,-0.011077616858479428,0.03495969270786203,-0.023396348957703907,0.008031480694103421,,-0.007270779385949519,0.06677580804019732,0.002196341144178703,0.013376052395942759,,-0.00604614737430196,-0.05478458143928427,,0.01692299167810683,-0.027788982659310967,6.478142810965748e-05,-0.09516696412174852,0.11250275075120124,0.0023817371373402946,,0.013958223967055308,0.024237380876448278,,,0.011957952645893473,-0.1107606878092779,0.06131135684055738,0.054899235831802076,0.014522039980131922,0.046382880890658514,,-0.01580610009324031,-0.001079631294522993,0.05924712979390581,0.04587459543497379,-0.01275976855784603,-0.004357102478630768,-0.103603910286877,,0.00783027239648009,0.030678145425717215,,0.011601003208618163,,0.06405831420743713,,0.026927015494047805,-0.049889902942214764,-0.002380209958227914,0.03638747136868659,0.028333413779560345,0.01725169672661155,-0.004376490220726375,-0.08932083679864482,-0.028007335309352566,0.026688603709451583,-0.010627194880056976,-0.06594657041046166,-0.003970466076426634,-0.007184240325607631,0.00958526044240291,,,0.0029619073906104448,0.04616416497558634,-0.0020294154359215373,-0.0005874478193791763,0.0034687455099671957,-0.06390323144146703,0.023072372223116658,0.023466885053450487,0.027276227733687524,-0.06364708448098454,0.0014834213346500299,0.0010265687722406812,-0.015784508387525386,0.04655214815630246,0.06175778391857192,0.01587819080844213,-0.0028702314914919843,-0.0027934044937434938,,,,,,0.012394292120656349,0.049183872890605884,-0.21479312584293653,0.015756834960871467,0.020616545454409465,-0.009623877890895399,-0.0073808313293466715,,0.03790020740609048,0.057308501691949155,-0.0006526730019976391,-0.0032149226170154472,0.028585898031288602,0.030758789770233885,0.049742948117389545,0.0023685051516859354,0.008612756220102748,0.045096097944101604,0.0034314821773320375,0.026944331781636844,-0.016439450605899297,0.08446520887663896,0.1218385734279381,0.0026067275545300656,0.08481197344560519,0.010706868661838391,0.001609653667339433,0.04660617602086843,,,,
2009-12-01,,-0.004511027910098433,0.004224030869324145,0.013092373350137685,0.03514943642396586,-0.0034050927835748584,-0.00733763891897941,,0.02491628020002187,0.06047479103513454,-0.0035780519361220506,-0.0585701439031665,,-0.004861090338906748,-0.02978305270170712,,0.03258503629541396,0.08334806324346683,-0.0009274146073984668,0.006377356793504368,0.06481744077713215,0.01082665469716673,,0.010952758714615776,-0.003242111306213461,,,0.011654548189130419,-0.03418743200328915,0.003099326050027803,0.05523885785913906,0.012308318252209885,-0.053691854621781866,,0.02885303815669391,0.005045986501406785,0.01285261497927182,0.02852675125318312,-0.012831510365758936,0.014349353152167304,-0.033530471957878456,,0.013062128833281105,0.01758197265502776,,0.0159256123954077,,0.01820843642996288,,0.019956925205860992,-0.007216851335501923,0.00015100648926708754,0.0411699903831332,0.01712488856226877,0.010959471125698294,0.00287567113868607,-0.007741917162440295,-0.0051274708806959635,-0.0007622002095944072,-0.0032563078964263728,-0.04623928978917659,-0.010719914178294319,0.023896991457472136,0.008832949906971128,,,0.00392867544786217,0.013112192797500989,0.00015100648926708754,-0.009145207401713821,0.0009111086906492498,0.015969770274226837,0.0148856166656476,-0.003168703470585191,0.01599012532776128,0.025537105952505284,0.008655576307396757,-0.0285313660635023,-0.01939861528975501,-0.0013805557132022704,0.0279302861800138,-0.00527492716891058,0.007597377139342441,-0.004130994134811643,,,,,,0.023804529525105558,0.028515922272505434,-0.026226004410003875,0.009835400502739608,0.01584927126029911,0.007597377139342441,0.004214302355921634,,0.03826994512459986,0.0874946795970163,0.017372185857050956,-0.003288928719697129,-0.0061053613666639545,0.008762802457148642,0.027538641704493792,0.0022604271092285535,-0.0156618546986562,-0.1578087365824499,-0.015517804946937783,0.016773609173638446,0.009432628388007788,0.04064921267819926,0.02948219735001449,0.015454724278459623,0.036559354148043684,0.024015588447819074,-0.0004730769931694859,0.011901945243336116,,,,
2010-03-01,,-0.004629554182724576,-0.014240606960059979,0.0021344853374646615,-0.006922016559394547,-0.020081837029312245,-0.01570670549717324,,-0.009685096514657382,0.0684047571184371,-0.012054885519756444,0.021122523552461456,,-0.012805161271660889,-0.019592950432457408,,-0.008764774936577367,-0.013465745070658636,-0.019917817888396288,0.0038412543751657527,-0.05327760192268968,-0.004910217849035526,,-0.031116342949119555,-0.0006125145008981008,,,-2.350886086688817e-05,-0.022056703739854508,0.009162479988962576,0.05355779549070025,-0.004780390474600667,0.002576800860335551,,0.019971133317209993,-0.012054885519756444,-0.016385017607397672,0.004608296957104,-0.014208137419229007,-0.012054885519756444,-0.026312141022171436,,-0.00015922499229999854,0.0062432270223012395,,0.005010407296168493,,0.011878642223232698,,-0.0022634209965888877,-0.008343745074925985,-0.013834484016242213,0.0037101695522725937,0.0062432270223012395,-0.011884995862028484,-0.008376214615756966,0.0008034553365579768,-0.02522852449514747,-0.03627889812115924,-0.012022415978925472,-0.09424349226147748,-0.06901989309221405,0.009205862305042717,2.343223345046658e-05,,,-0.012796671419953519,0.006515749912441817,-0.016052075146269874,-0.02593155295979784,-0.01127677385992082,0.007639327870825485,0.004556833079474414,0.007409271541250678,-0.0023506136237359705,-0.0066789375981815245,-0.0018187520312677096,0.0003811493931967287,-0.012088134457277888,-0.008257169087650292,0.019072283119493442,-0.16992081526051134,-0.012054885519756444,-0.012055664916446916,,,,,,-0.006617193342344536,0.009759038942141312,-0.010684537325247694,-0.013555002113508258,-0.0077794619676695076,-0.0074588700652904825,-0.012145658880625047,,0.03848087698833957,0.05144770000496365,-0.003780199161291017,-0.012054885519756444,-0.009156149913507626,-0.007524664696195622,0.058754886690826985,-0.012088134457277888,0.00372115576421367,-0.15328125956719546,-0.0773903887769212,0.012085773119193862,0.018632422224683226,-0.034912177015336034,0.09719536391464884,0.06258124801764194,0.020772886791777634,-0.026285569502235713,-0.010494028567185404,-0.008080673811714956,-0.10600854306804496,,,
2010-06-01,,-0.014378461370931055,,-0.024923908103721245,-0.010988994028443111,-0.017802675307349237,-0.01234131370444275,,-0.015820506352884678,-0.012963078242764351,-0.01287856523583346,-0.010929285667230238,,-0.01291739539330802,-0.001731375308181839,,0.005960134901086946,-0.03447428532556333,-0.014269767022083227,0.006739351948491243,-0.023798444068794344,-0.008374567304507252,,-0.01287856523583346,-0.016611428474548235,,,-0.007580444920485792,-0.026219184729518875,-0.014795266236014692,-0.07916919328557043,-0.008509509586398983,0.009784235546266049,,-0.013707790888623181,-0.01287856523583346,-0.011071125837645036,-0.0033528405378815077,-0.01310273700353975,-0.0004930582872656085,0.016368607718879238,,-0.01232416028468673,0.005092455631697723,,-0.0013781116082583781,,0.0058362104969991325,,-0.003439241324677494,-0.014269767022083227,-0.012612546476313494,-0.0079048602448798,-0.0017467405777537505,-0.015078475510038042,-0.02992280849497958,-0.1051138391536534,-0.014830622922668485,-0.014269767022083227,-0.0132498792236852,-0.006017746137990316,-0.015844920711371602,-0.021146676718060094,-0.0072290006695585,,,-0.01655094532238334,-0.007845203750812659,-0.011992518183859463,-0.01618299455144369,-0.014308597179557786,-0.01764032911780092,0.006953674974097763,-0.008374567304507252,0.008217052189688804,-0.014269767022083227,-0.0132498792236852,-0.0025294004912766945,-0.016258252105634478,-0.008374567304507252,0.000859042035835902,-0.01441813420710275,-0.010142933681187466,-0.01287856523583346,,,,,,-0.017126395054835482,0.00327218893056325,-0.08189341895068393,-0.0006775606409958435,-0.015476124754392036,-0.020530241564740724,-0.013068192949866319,,0.00011775159520402285,,-0.030839525524701282,-0.014345024576274016,-0.01306390684606519,-0.01175425417430827,0.027987226182932506,-0.0032235700929767633,-0.015737683276913893,-0.10106467734406428,-0.0329317514718102,0.00440428800987037,-0.021130351796616258,-0.00022743537372551392,0.03146998849554283,0.0095153902171849,0.025569021958776715,-0.02089353173788247,-0.014269767022083227,-0.01533913469154264,-0.032764220267414504,,,
2010-09-01,,-0.012353489462576264,,0.032162462531951305,0.05079984740536871,-0.004928211869344676,0.02630133935733349,,-0.016601150417972926,0.06308083884997157,-0.009528340296676596,-0.021144116663512506,,-0.012610591075687691,-0.0035487733209571878,,0.006788906313622318,0.11277816618459446,-0.014883726272848136,0.043455580511774235,0.041999420018356264,-0.006606560885403425,,-0.007902232501384325,-0.00950070694645225,,,-0.0002409862620719616,0.003431648173048194,0.0030843442400969355,-0.048429722109196494,-0.001467199860419997,0.016827494866213384,,-0.0022573572471277577,-0.00950070694645225,0.01891961815069663,0.025427128972466986,-0.01250819193641977,-0.09020233979539212,0.012230227187016118,,-0.00813155092094123,0.006783131822364669,,0.00238996558945408,,0.002478832989332378,,0.0032528879413413567,-0.006016123593778723,-0.006009141142934223,-0.00760526465800969,0.004520761001622703,0.001053269736577596,-0.007492170412153265,0.04329562635345583,-0.016632744799849837,0.0009343558644489136,-0.00950070694645225,-0.024606687138385288,-0.008161854413307388,-0.012610591075687691,0.000957033693151602,,,-0.006412986610433156,-0.006289537813655081,-0.013516123294109972,-0.010582073212777984,-0.012610591075687691,0.025414120636104355,0.0018878179201651643,0.0036765557204913113,0.011020713450286004,-0.0044629628274775734,-0.00950070694645225,-0.002488712704492067,-0.00950070694645225,0.005536639406632286,0.04022814756254328,-0.010655295503286005,-0.019898903765576178,-0.009469581406440147,,,,,,0.013491252771091504,0.031840647479094895,-0.04769857879626679,0.01006346558263601,-0.001227015485601326,-0.009528340296676596,-0.00950070694645225,,0.02496961437670417,,0.005536639406632286,-0.008024660128077713,-0.00950070694645225,0.0036765557204913113,0.03619712132056757,-0.008024660128077713,-0.04848872252911658,-0.09880371084064467,-0.016647971951023282,0.0067058178948011665,-0.006009141142934223,0.028916011385038617,-0.023307571474680756,0.009714010906511382,0.018254880130083383,0.019085005576866414,-0.009528340296676596,-0.0002689452422919254,-0.00672391906308631,-0.059988662001987846,,
2010-12-01,,0.002126522063880291,,0.02106366170625882,0.1444620306499114,0.02855221927784055,0.013011921690363517,,0.027685564557871613,0.0673436322796201,0.020789925665613086,-0.013075526160470058,,0.0017568995064533859,0.016624339983065603,,0.008362124797312348,0.21327204534020702,0.006318115340936373,0.11114737368198509,0.20038961410400377,-0.012038900303892573,,0.003677265966723328,-0.05081375288930055,,,0.006388464998427264,0.004442139651683603,-0.004704130779932296,-0.09277435139970135,0.007631692342274425,0.026254482176433218,,0.005372619757473247,0.005078693879080058,0.002400151306910748,0.03633938116610897,0.0033064031982704355,0.006622517213048768,-0.03576244244720452,,0.0103774817076621,0.01445745791625575,,0.02155103101406277,,0.012279545277554193,,0.015398664855296293,0.02210055533874598,0.002126522063880291,0.018517553164771605,0.01860727968607571,0.0039936185311883,-0.0031521969232106463,0.14072811461461698,0.0024116959640356588,-0.0048582915799791964,0.027204020322790706,0.022178044817590576,0.004924533079033158,0.00763270720899387,0.00858634744412837,,,-0.002105543884704933,0.006899646231872854,0.004584991854550318,0.0039585159568025444,0.0027983899759873886,0.026952032379509414,0.014226613984954475,0.014403326003409465,0.016390624431431203,0.007994000691078524,0.001100405841971776,0.008509445079258058,0.007046194472285265,0.03051935681791059,0.012948846993576277,0.0377867890313884,0.03186770379705721,0.001100405841971776,,,,,,0.014294484320950967,0.04724445315545539,0.030742893701068842,0.0029946237614103654,0.012881512814543784,0.038679735635756246,0.004924533079033158,,0.03424518399427347,,0.037650578670626586,0.005078693879080058,0.037135912301787526,0.035676839491932746,0.03422678995025376,0.003176630309187957,0.002139550936581254,-0.05478518730462603,-0.0031946077752749253,0.019634496115189082,0.009596400960446826,-0.018642137135964264,0.022884959804069124,0.01757201248525641,0.013542089654217757,0.1593102017712138,0.004924533079033158,0.0016010414995071501,0.01847779704583507,0.04459427780432671,0.04434555095670967,
2011-03-01,,0.015526571515140447,,0.011949065715537947,0.017234651602278495,0.04309494365822686,0.023322463089588994,,0.021110350689353574,0.03564396433325694,0.028719586168418017,0.01576903448147349,,0.008042249683055462,0.029004015435743855,,-0.000684138177619565,0.006035531452387866,0.007086559596790856,0.1306482329715843,0.21127304221934345,0.020536664146586368,,0.0060025867719462256,0.008042249683055462,,,0.015612455870152878,0.006424810840336978,0.012088827865825992,-0.15133948956329876,0.00978932207053355,0.02015692063923674,,0.012336216106256633,0.008499832912044362,0.01074539840092686,0.022480922949696617,-0.0054681462472558565,0.0068172105679375206,-0.012867147823049709,,0.007970088061577082,0.016967946139575998,,0.025469758644629224,,0.020362250395058866,,0.010679519290831345,0.009053654562691608,0.007855501510093973,0.04198527177273892,0.026193404146902983,-0.011986697605810386,0.004583508342282077,0.017707519438747703,0.007086559596790856,-0.004068429567188124,0.02678504422369795,-0.021141254251564812,0.016724724567738124,0.007244652512014391,0.015018553154930697,,,0.0011562597453031033,0.002019278025957551,0.009053654562691608,0.0050798413661232505,0.01576903448147349,0.04922581214606687,0.026468256661781712,0.02678504422369795,0.028368236762366456,-0.020323299869446365,0.008364928410021524,0.006761495774565991,0.005024126572751721,0.014314578614383981,0.020875874149201938,0.016724724567738124,0.02304604874669891,0.008122465443688495,,,,,,0.0018191334015608136,0.041144219689964984,0.03261076366246867,0.010310512099612888,0.027135190355797683,0.02678504422369795,0.0064214285189786,,0.028247113055795754,,0.01166061704560541,0.005024126572751721,0.027242627452686845,0.034019475867858126,0.07126915412515798,0.009159772250890662,0.02594398789922437,-0.1172512497448746,0.02443875282432912,0.02919246253161894,0.016724724567738124,0.0091931891828231,0.02372116812991361,0.034973569344152994,0.0213301569322454,0.10178935016795003,0.02374957490453709,0.009190604436518882,-0.018764350695856857,0.03255900435876159,0.030742029473964833,
2011-06-01,,0.01592315262023292,,0.019407153458405973,0.11006899779292798,0.06121289116104679,0.02198294589900916,,0.021531172248781157,0.042990668108128585,0.02992277458662409,0.01592315262023292,,0.01592315262023292,0.01982522886320523,,0.019185386241529746,0.016606322131759298,0.01592315262023292,0.027160620784161076,0.026677591733801125,0.035701856143994494,,0.01592315262023292,0.016703679197356963,,,0.01819524932442344,0.01819524932442344,0.029867669627321538,0.027063753943814692,0.01787567845852404,0.04316722727442684,,0.03666547191767649,0.01592315262023292,0.01819524932442344,0.04218005975337816,0.01592315262023292,0.01592315262023292,0.022515880269962634,,0.01592315262023292,0.01819524932442344,,0.05595631618599004,,0.04973554235103251,,0.025151275365500797,0.01673201763120695,0.01592315262023292,0.06145907708236032,0.029686870097723063,0.01592315262023292,0.006244724594406637,0.05446750103234996,0.01592315262023292,0.01460834389262047,0.050823170084418695,0.06033811031980054,0.016606322131759298,0.03981664618872959,0.018327452108752043,,,-0.00011331489728464782,0.04169305220003679,0.01592315262023292,0.040625511199703625,0.01592315262023292,0.0265880576935559,0.03151527790293343,0.03508030066632225,0.02925494464301464,0.01592315262023292,0.01592315262023292,0.01592315262023292,0.01673201763120695,0.041144742058592386,0.022023481010763412,0.01592315262023292,0.030605944098150463,0.01592315262023292,,,,,,0.024174568754629734,0.03320467621953667,0.04820214525000643,0.037503141505908666,0.019032395523086353,0.03700807225079432,0.01592315262023292,,0.029188076239440357,,0.03005204620971695,0.015425801524407125,0.050823170084418695,0.05201776819374157,0.04314272819209413,0.01592315262023292,-0.004617391083968204,0.016606322131759298,0.029243181198742908,0.02907845401622177,0.016606322131759298,0.020489891336176035,0.03005204620971695,0.022987422335996228,0.029420873018051817,0.056433525961522686,0.02992277458662409,0.036188332778296216,0.04377489471006658,0.01096614722582945,0.021258547994543367,
2011-09-01,,0.012308611437851044,,0.007251138802003707,0.1133431170513484,0.02745814332450884,0.023287481424152334,,0.009564747297206844,0.022531881581449184,0.01480647357127846,-0.0015496868819870099,,0.0028988969497937248,0.008127942416434166,,0.023287481424152334,0.01931789967914196,0.008127942416434166,0.009564747297206844,0.025601789176945413,0.0050503710344411866,,0.008127942416434166,0.005138141229675127,,,0.012551438706893663,0.008431243656782538,0.008127942416434166,-0.04677035981289438,0.023183820299761473,0.031157257012174235,,0.005204949625705048,0.008127942416434166,0.02315328954535202,0.005546616911670441,0.008127942416434166,0.0028988969497937248,0.011363152897667667,,0.0028988969497937248,0.012551438706893663,,0.01535805595116134,,0.032412442320948504,,0.005204949625705048,0.008127942416434166,0.01379891023452449,0.01253856880719162,0.012551438706893663,0.008127942416434166,0.004460548894744294,0.088063021224175,0.0018853035845520652,0.01918370780034165,0.005502359500530625,0.025687181054631667,0.01379891023452449,0.001256946458622998,0.012308611437851044,,,0.00745035008150333,0.025849277649719154,0.008127942416434166,0.008127942416434166,0.008127942416434166,0.015729222028835147,0.01253856880719162,0.004191356260463384,0.02214651688868841,0.0028988969497937248,0.0028988969497937248,0.008127942416434166,0.0028988969497937248,0.00475795876956987,0.017652668161608726,0.011077154864841995,0.019239615766982843,0.008127942416434166,,,,,,0.0192142385547511,0.014336990905598668,0.0006895573978943876,0.008194750812464088,0.013971701018995105,0.01555087430223922,0.005138141229675127,,0.004124547864433462,,0.005435551104500703,0.005138141229675127,0.005502359500530625,0.01614688033351191,0.016586163419431414,0.008127942416434166,8.604710892745408e-05,0.01931789967914196,0.0006895573978943876,0.02214651688868841,0.01931789967914196,0.012940344416298297,0.005435551104500703,0.017652668161608726,0.017685143406095637,0.018656721782696017,0.011077154864841995,0.0007563657939243083,0.004412952293109387,0.015593309740234821,0.017252692973423755,
2011-12-01,,0.017661790789232808,,-0.10174211889982024,0.1798048379133455,0.04912764917305989,0.015905284727362343,,0.1394526676717612,0.07798163843241694,0.017661790789232808,0.02163723552842783,,0.012462937750815103,0.012462937750815103,,0.016386621654569042,0.032556820334556404,0.016638792375918202,0.13369880935833203,-0.11302524645542184,0.020082837999157502,,0.017661790789232808,0.017661790789232808,,,0.01752744343683107,0.017221767947629245,0.013873957953657064,-0.008292785939176015,0.015905284727362343,0.05261843934832269,,0.024995882829099685,0.017661790789232808,0.02681936735361751,0.020211526815103457,0.011439939337500498,0.016638792375918202,0.1345621706965184,,0.017661790789232808,0.01752744343683107,,0.02787248007176328,,0.04986577138832201,,0.017661790789232808,0.012462937750815103,0.02163723552842783,0.04951521548363881,0.01752744343683107,0.016638792375918202,0.010480163452206256,0.11367879975030326,0.016638792375918202,0.01489695636697167,0.01787698263036673,0.07554954875421041,0.04475806207323336,0.04832369923579095,0.02780604062864407,,,0.0036409202454460716,0.05381542883999367,0.017661790789232808,0.016638792375918202,0.016638792375918202,0.028195728286844985,0.017435920663393768,0.02116447807141631,0.02481202848278276,0.025342550037915624,0.011439939337500498,0.017661790789232808,0.016948919829536405,0.016606289073030914,0.02481202848278276,0.017661790789232808,0.020206349745005514,0.012462937750815103,,,,,,0.02183368552457217,0.04557044283939712,0.013873957953657064,0.02737215852026698,0.01908697657957291,0.02239867655764604,0.017661790789232808,,0.014670732797984918,,0.02926190062895804,0.017661790789232808,0.040292002646672424,0.057951757729364076,0.050319002877908886,0.017661790789232808,-0.04490692183624916,0.05358308871911358,0.012117098448638895,0.028328892948744227,0.0265247025807181,-0.0003906794001162416,0.011409343914582948,0.028328892948744227,0.03732511245180126,0.08602381759778632,0.020206349745005514,0.027898838641966156,0.04832369923579095,-0.02573526024606671,0.03450172035565429,
2012-03-01,,-0.06154671479538995,,-0.004884764398248229,0.14782988421173682,0.02733621329599219,0.02377182227922029,,0.025719717041232583,0.04449584656806291,0.022594652824562814,0.024873615267938923,,0.025221008232328066,0.028859339406691584,,0.007671258839064551,0.030232792835971634,0.027565372511270142,0.027376933685450622,0.0071821571853261535,0.02772617370177202,,0.022524226723171743,0.022777890517114405,,,0.022565890812497675,0.015483923744611551,0.022777890517114405,-0.16534464074604724,0.018426648604639842,0.05497541792483315,,0.04827847723875918,0.022524226723171743,0.023630755487756807,0.02660906010947094,0.023630755487756807,0.025539912488126565,0.059532396915284384,,0.02487563339302998,0.022777890517114405,,0.05041834634817065,,0.07414907800182692,,0.022777890517114405,0.023701181589147878,0.03041259738907765,0.08742871460088662,0.022777890517114405,0.02188988155004284,0.022524226723171743,0.052527138864150225,0.025401062158096187,0.008760452444950616,0.026862723903413602,0.05132370676507106,0.023295409477214465,0.049087476440296686,0.02272162663649781,,,0.00317548523301018,0.05593330074179886,0.02186876166585541,0.022467962842555148,0.026876006004164267,0.02900663548059247,0.03014867688089709,0.026862723903413602,0.029491718622218457,0.031611045875926155,0.022777890517114405,0.022777890517114405,0.004114664866350278,0.03792374144247945,0.029491718622218457,0.024294533393511123,0.022524226723171743,0.025221008232328066,,,,,,0.02291895730857789,0.02255133855263154,0.025037770539776474,0.04100273727721087,0.045762262658892994,0.03684856821146611,0.022524226723171743,,0.02341005250537533,0.02419249137462666,0.03532349471161219,0.03030225473596754,0.042668570352606044,0.064218782614123,0.05375830362516804,0.022524226723171743,0.0870759336837655,0.03315547659570654,0.022627674154328543,0.026650724198796872,0.030794528722841486,0.004114664866350278,0.031238661325313024,0.029491718622218457,0.04200070310402365,0.07046993692519452,0.022777890517114405,0.039055389976221294,0.059998078607825536,0.04913792729167367,0.05188969753762875,0.02660906010947094
2012-06-01,,0.031107101676939516,,0.030247455888994065,0.11482122950572106,0.02042095971809959,0.028701771504170075,,0.011545610779152315,0.0432130640061535,0.02358260556091436,0.028870678659675762,,0.028315499026624724,0.02752611119927112,,0.0036975176529528953,0.02112416810516397,0.029699010859779156,0.06668561464107413,0.033729168909993536,0.05534873433354697,,0.02358260556091436,0.022238038100509713,,,-0.006067522984233678,0.009937424072984695,0.0018730991195005373,-0.009832620435450388,0.028701771504170075,0.03353636024646561,,0.014575018299816412,0.022238038100509713,0.01810356457771627,0.02585368030624591,0.024174607328213638,0.02358260556091436,0.0016308803344984826,,0.028870678659675762,0.023968878038459703,,0.04723654933185714,,0.057671695096095404,,0.02358260556091436,0.027592107036887133,0.028315499026624724,0.06720886665089602,0.023968878038459703,0.02358260556091436,0.008592856612580035,0.02728437110679315,0.028315499026624724,0.0022060596277048337,0.025467407828700564,0.06082020491564234,0.038680171796706894,0.03694769526384799,0.02757490716399761,,,0.0018730991195005373,0.02165891099409533,0.02358260556091436,0.041345751439739384,0.026181288666525353,-0.0076002983095469654,0.03237708855832256,0.025467407828700564,0.03850415763989509,0.00648825111500048,0.02358260556091436,0.02358260556091436,0.0017681937143499216,0.0241642535632474,0.032642015390605045,0.02358260556091436,0.028870678659675762,0.028870678659675762,,,,,,0.014575018299816412,0.017024726624485495,0.01501246072859674,0.09044125543526418,0.037806546323670163,0.03648619038286522,0.02358260556091436,,0.019534419229661006,0.028315499026624724,0.0374713994927089,0.014672451325816648,0.03648619038286522,0.0374713994927089,0.05279127159485771,0.028870678659675762,0.07633490542319454,0.06082020491564234,0.03325682065467441,0.028743932151474548,0.028315499026624724,0.001309364632779313,0.03325682065467441,0.032642015390605045,0.043444203894074204,0.051959651592169816,0.02358260556091436,0.035606458286513376,0.04854110015176162,0.07040100337143466,0.05847486471267069,0.025467407828700564
2012-09-01,,-0.003929581743915031,,0.016911937176483226,0.1361911443492148,-0.02801846969151642,0.020196553101200394,,0.024126617921681758,0.053372483205446526,0.01963367324228693,0.019402579751416116,,0.018296496968168742,0.023534097057331952,,0.014872686294339608,0.030007597892950596,0.02323337154027799,0.07978288635836665,0.06736166298212587,0.01918081394275085,,0.023163739514094846,0.018740426860883164,,,0.024126617921681758,0.020748131993737033,-0.0013921953221990426,-0.09956260245486558,0.024126617921681758,0.02925244383659469,,0.015587181858471966,0.023163739514094846,0.023464465031148806,0.02219953587882782,0.020672994113622552,0.023756260378444652,0.014372518501524816,,0.027245620412628728,0.019041152377937125,,0.020767301894612827,,0.06784000700217634,,0.019041152377937125,0.023756260378444652,0.024097800678183425,0.03818139053507957,0.019041152377937125,0.023163739514094846,0.01822304387664784,0.032827922034083655,0.024126617921681758,0.024056985895498612,0.02189881036177386,0.06260526683621884,0.006190618218904819,0.02822951872674817,0.024362346744772893,,,-0.0010758061275902178,0.08295056249115927,0.01963367324228693,0.028299150752931317,0.023825892404627798,0.018102542261491984,0.031730948705201344,0.02189881036177386,0.020656415075388585,0.01735170332391469,0.018740426860883164,0.023464465031148806,-0.0013921953221990426,0.04379860904490913,0.026396592190616703,0.023756260378444652,0.023534097057331952,0.018740426860883164,,,,,,0.023534097057331952,0.019336483706346858,0.009118641467713554,0.07637177846009399,0.0204973586821407,0.057700653564124633,0.018740426860883164,,0.018226864941985596,0.023534097057331952,0.035481186306646276,0.023163739514094846,0.05860681952117661,0.06241243976906171,0.04668802540828656,0.02667298662201914,0.023001932104546815,0.15145783891751566,0.03232280280575558,0.023792748820005375,0.024126617921681758,-0.0013921953221990426,0.035001405165967926,0.02533175391350852,0.037919441198980615,0.04172352872650934,0.026603354595835994,0.03488933220609203,0.039167643882763184,0.022674967734724303,0.060404254742716434,-0.001343397525479606
2012-12-01,,0.011276230476320946,,0.0104065616114944,0.06451421503968494,0.028636274934409695,0.01620779417429484,,0.02493725863664365,0.04655962834486183,0.021102996773886672,0.008166860327060639,,0.005090018414065674,0.00335498366740618,,0.028134959312263737,0.028609059979153615,0.0109618474421681,0.05800499196663629,,0.01034844298029996,,0.0045403866915315946,0.008132781880824464,,,0.020423964455441354,0.010699568586702946,-0.0006642791284712395,-0.05317130180929188,0.009217915232502838,0.02127287460705935,,0.016384267920366936,0.0109618474421681,0.01956122708379138,0.021621802094025873,0.008132781880824464,0.014899093835009446,0.009951918833352839,,0.009629181116130448,0.009771009975514423,,0.025580556053669937,,0.1482401339985432,,0.0151239836387513,0.014937734922913204,0.000622864147527031,0.039047656922962054,0.02226492919403158,-0.025441200395504824,0.007416492213343333,-0.00037942800393121664,0.011684261363558157,0.003790018577814284,0.009707208778617797,0.03184015161674678,0.008333133685079852,0.012485165104256912,-0.013126087132763045,,,0.0059320848469005295,0.01948735326137626,0.011684261363558157,0.016390292723611977,0.011558069984651642,0.02018315683193565,0.017547583479271964,0.014156583678683896,0.031014893401968467,0.02027007996324448,0.0045403866915315946,0.010334150518652913,0.00039929146962399526,0.022034453273614977,0.02982364256117907,0.0045403866915315946,0.041332700101033855,0.0045403866915315946,,,,,,0.004700952356852023,0.045822485869364916,0.019802071661111472,0.028719015691904975,0.02321388455034083,0.037867441613211074,0.011902982861624077,,0.01715936249979423,0.016262974249041037,0.03725679445032617,0.014969597357899593,0.030686309854938594,0.042544057462085165,0.029075399771219347,0.011902982861624077,0.007573668648387093,0.015172713082663837,0.017723651234897414,0.020759064722375896,0.015047148765192786,0.0033395366581272456,0.007746913294999571,0.020846592053978243,0.04237123658115982,0.05227816850155749,0.014899093835009446,0.009707208778617797,0.024812409599254077,0.013685356438666217,0.04837668518290998,0.014358889288511785
2013-03-01,,0.025727448247597113,,0.014197169201281586,0.06745173823453139,-0.009690182702262221,0.013336989245272282,,0.028225395271307196,0.08148308775079413,0.027452161627637167,0.017701841509865236,,0.017701841509865236,0.01825972263280357,,0.0017099849851213173,0.021426842260151333,0.015425296375989389,0.016708085808196993,,0.01288822763345291,,0.003752442291723429,0.005233751887856764,,,0.01688346995193669,0.003757928010845307,0.01476579920196261,0.03596671394625162,-0.00245554374657865,0.024287474897604105,,0.015741465580588112,0.016440269058579964,0.01688346995193669,0.02701233989101447,0.01676398838454372,0.005233751887856764,0.0012066875931578912,,0.01825972263280357,0.0229500412884157,,0.016642550519445284,,0.24085324480742196,,0.015561888114616375,-0.006802128398420108,0.01572270615292453,0.08216545172315709,0.0229500412884157,0.007254834913981614,0.016636745198378197,-0.007930300626797336,0.015425296375989389,-0.00542484600491237,0.022391554843179937,0.0399895209947344,-0.02579102920202266,0.01405423762722729,0.019590874929686086,,,0.01159312481645727,0.05864256372622327,0.01558331656757941,0.011006000651044756,0.011567005665245685,-0.0008307903683976572,0.013320323955769936,0.019715365940804273,0.02789613639220709,0.002458583801597468,0.017701841509865236,0.015741465580588112,0.010934763286153195,0.03838668788926722,0.01522157641761951,0.003752442291723429,0.007195340343022317,0.017701841509865236,,,,,,0.012937133229781449,0.030730956409239382,0.017701841509865236,0.0173797804843922,0.020480335858600086,0.02632181118827216,0.0056774584822189824,,-0.0048819510222442115,0.007242316161401858,0.024986078442759144,0.005233751887856764,0.03254009767961095,0.03581294211467088,0.06865233251201043,0.014131345128799148,0.022579803928225325,-0.003517545565905185,0.017430980697828124,0.013874725767297126,0.01572270615292453,0.010934763286153195,0.007158768078352311,0.030721049898460154,0.036095405683421726,0.02626497651916168,0.017701841509865236,0.019152763059471008,0.025436163361178477,0.016188018151237632,0.013419428028972533,0.03672547166948215
2013-06-01,,0.010140425265541196,,0.021849113753513772,0.0493001917893258,0.0171248633309205,0.02061422145066346,,0.02271640018794286,0.0545097003618008,0.02271640018794286,0.021752734258080386,,0.021752734258080386,0.019702960194788986,,0.0070073853871825565,0.020742757199125394,0.00914634040462938,-0.028924399833175084,,0.03648562083240153,,0.011451891192941368,0.00914634040462938,,,0.00148629256801016,0.008175186361080665,-0.0017796912294255683,0.008154645696137006,0.020214330729945693,0.01652693014596353,,0.04020342452053593,0.019702960194788986,0.01250257513211276,0.03714137447907964,0.01747577073110928,0.013268664758470656,-0.015577772956725583,,0.021752734258080386,0.024610976185550852,,0.0183947629600571,,0.07177563837315587,,0.018812630722686217,0.009859254476343846,0.018923780497091095,0.07738976349050411,0.022561202122259448,0.018812630722686217,0.0026209672112122643,-0.008211668422871148,0.00914634040462938,-0.012818501907804538,0.02783013129124112,0.03598819579118488,0.0025141275221547982,0.02570415799830385,0.024666137092497254,,,-0.0021037730208826066,0.01587567099473282,0.017106833817834108,0.04467771649502242,0.017819747889548567,0.011004140122069937,0.01850701192817268,0.027765349447860386,0.022673407389243866,0.0007977553069903866,0.02157896220160228,0.021670872650156683,-0.0021037730208826066,0.0451912379894315,0.019704213023710136,0.019702960194788986,0.03177190965972986,0.011451891192941368,,,,,,-0.0007666753510836891,0.01268022304203505,0.02012917744091427,0.08345451572150027,0.010300695958717318,0.025813789006680323,0.011451891192941368,-0.0021188287739504837,0.009859254476343846,0.017755979523192994,0.043174895704870715,0.002769034351603094,0.045774935114182305,0.03947052963253528,0.024735401194680318,0.021752734258080386,0.03458282653692976,0.02887515603470513,0.03473535407059333,0.02987944518367945,0.018923780497091095,-0.0017796912294255683,0.009859254476343846,0.03270552795439902,0.0451912379894315,0.025736163396711004,0.0199357875788234,0.02783013129124112,0.03649905844820049,0.022673407389243866,0.03659426423601952,-5.187700422273162e-05
2013-09-01,,0.026539816204875274,,-0.0028773854076318225,0.05354739825871144,0.009948498982762012,0.020271143183864374,,0.028062641238469174,0.046338043387496045,0.0009966588092874171,0.01105116723719427,,0.01105116723719427,0.012212707844138129,,-0.00355789372639125,0.02679261394326595,0.020144967517957423,0.019207330848023597,,0.003799087874135019,,0.020736427003630913,0.011907258340697207,,,0.018220525287114663,0.020247502528109137,0.0024484322262868785,0.01347204818839589,0.009652875629480752,0.028072465746051403,,0.011120856559480726,0.018696420403570457,0.018018358010626952,0.03826738833222602,0.011795654472216607,0.005868260667308155,-0.023513906519864288,,0.005220241861462903,0.024529675631094545,,0.01979228997574471,,0.07348522908165667,,0.01178762347107806,0.015084719278205578,0.01974100621350197,-0.014579749321719253,0.02099348358372084,0.01711877509027049,0.01105116723719427,0.023967346639976867,0.00983916117152476,0.02211582319423993,0.009151586711870757,0.010527254218606305,0.002225670667316798,0.012057292428662228,0.0004383608888012501,,,0.004909091267263186,0.02846160366208999,-0.0021330168767105515,0.013889607279248714,0.018580556093428995,0.024302162080173585,0.013869551115517968,0.01927294965196068,0.032355538027932076,0.012470464991058769,0.011170802106813416,0.020144967517957423,0.00041546269832443063,0.017915965204701085,0.02359151710664655,-0.0008303825849246929,0.01622978124237001,0.002509958627841388,,,,,,0.015479770378789285,0.024266853785833625,0.0018366864107618242,0.025921159850797522,0.013406543626330007,0.01927294965196068,0.0017692193193464803,0.024456562057212743,-0.019866696386251832,0.01974100621350197,0.025755851050608788,0.003914348169574572,0.027674167401955278,0.04776389295482223,0.002437284158688135,0.01974100621350197,0.004246124584192928,-0.046729379219342095,0.016792515958748228,0.018985588563469224,0.01974100621350197,0.004046076006883995,0.003383539181204427,0.023763436175023456,0.04171140737241372,0.021832755013956314,0.0203193736317094,0.009909815470225762,0.02902253069863491,0.038195230167449364,0.02858987417213529,0.004046076006883995
2013-12-01,,-0.005733618799138582,,0.02433933152482471,0.042382886466686906,0.028999859689682106,0.02691883922139306,,0.027137870029645343,0.06488626624919423,0.02456786502143744,0.025647805114157256,,-0.031244073887129093,0.016760341939702633,,0.002044896059932129,0.02739673575104941,0.025647805114157256,0.028329821033050068,,0.015125588117199813,,0.017320443357770724,0.017320443357770724,,,0.027158833861617587,0.0275008189639822,0.006261669317456314,0.011024313171373376,-0.020721856890171638,0.024160644005573745,,0.022020146820424465,0.025647805114157256,0.027111051195100728,0.028919633113501514,0.013821390091858614,0.02911424207198028,0.002815159489954218,,0.025647805114157256,0.015843905393800907,,0.02063512862309764,,0.09972550769418542,,0.025647805114157256,0.017320443357770724,0.025647805114157256,0.038386485828766165,0.02918700335205106,0.012455552460049856,0.025647805114157256,0.029877636762580588,0.004895044288876596,0.005008691831704949,0.02208445522990918,0.025711523629639382,0.007123554954655517,0.016797532438483927,0.03010438466505353,,,0.006724116737298564,0.03184375008760663,0.025647805114157256,0.027807351288749064,0.022933557392497143,0.031062312898487092,0.02375615423850957,0.029183904162019856,0.028049672284976068,0.0275008189639822,0.017320443357770724,0.025647805114157256,0.006621655893798435,0.04825108127945079,0.042527828952902504,0.0050098353587896185,0.056325700147297084,0.006346087885645008,,,,,,0.02215398744564088,0.008073017127833126,0.012351692140989367,0.02827581244150739,-0.004927470183498376,0.038120532028950334,0.009320732754423607,0.02874841122281131,-0.007131283044881038,0.025647805114157256,0.039828110064639634,0.015125588117199813,0.030469644004674973,0.03794474727186782,0.027744144190026087,0.025647805114157256,0.01967996207530511,0.01769174830295153,0.015294997663589851,0.02264694333247857,0.025647805114157256,0.0061542843642363836,0.017320443357770724,0.027225013484862996,0.03988777250285139,0.03807671621978949,0.02691883922139306,0.02155503838298484,0.015767408860738755,0.024415059865749798,0.056967031071585655,0.006525993423847958
2014-03-01,,0.03775282235126776,,0.012333868870624785,,0.012635850063300263,0.028044406432543044,,0.03636137687659406,0.05067377042340209,0.02337122336354479,0.028044406432543044,,-0.002528818381188749,0.028044406432543044,,0.015834777884181455,0.028044406432543044,0.016777839043132216,0.032382313066520285,,0.027976766425280176,0.006166610970767227,0.017439425612798046,0.01780238543128496,,,0.02299652664034473,0.006222843637597598,0.010241822164379251,0.008298108384245138,-0.01718498929831543,0.03361155455811827,,0.031596434327866886,0.028044406432543044,0.02339968413068362,0.022159311391817434,0.027976766425280176,0.02808021424176378,0.03768111200158706,,0.028044406432543044,0.030363818795991697,,0.02395210138749788,,0.1095964177560778,,0.03113781412792251,0.018092774314029454,0.028044406432543044,0.058976168026950666,0.03757849518519954,0.01446241826670734,0.028044406432543044,0.02969547156446496,0.026541156696549283,0.010097468577968127,0.019634597499885557,0.022512673793322217,-0.0194873324678186,0.031596434327866886,0.03269772107641967,,,0.004757047814704122,0.02751831627171967,0.027976766425280176,0.020479020437739363,0.02616630041485629,0.03598942195093758,0.014592420700498017,0.03235229941597291,0.04194285936229145,0.017288913885605613,0.028044406432543044,0.017952897158477393,-0.0030566353501936994,0.050504371010231267,-0.0025356097667069612,-0.007988550102475135,0.020186810227556022,0.015821288688976167,,,,,,0.02808021424176378,0.010761480359673939,0.045164644138621986,0.02126482356499077,0.026907078193018404,0.03706460460237632,0.01746458645046698,0.00888943106962504,-0.0018614946241916675,0.027976766425280176,0.016570672085544892,0.017952897158477393,0.0346358057321857,0.03477568288773776,0.0521655520784371,0.017076033346851267,0.03775282235126776,-0.005899895730948503,0.018179187955384025,0.01979462268057187,0.028044406432543044,-0.0018836677926205249,0.01741736898706971,0.028575908559281202,0.03867410082959878,0.027970441073010867,0.028044406432543044,0.036067468972653415,0.007740503333426604,0.04588505180087131,0.05133170821943268,0.01255942421345445
2014-06-01,,0.03688653406110721,,0.03741409406403419,,0.03238459146243576,0.012205538688828918,,0.037983628909352994,0.052924813025783626,0.01867870596474737,0.031216379585761775,,0.014812244716832344,0.012205538688828918,,0.017648001976854344,0.012797463875892206,0.009083654592572647,0.029136165023943714,,0.012363508141536902,0.012175355973183201,0.017383488392525227,0.01157708770805912,,,0.02239416505813694,0.015490977857470311,0.007677076080536234,0.03382205854458209,0.009205417876380488,0.04212864493869935,,0.022413076979395267,0.00408543211330125,0.025439952612302762,0.029053202798996983,0.002086418927464243,0.009325518380233202,-0.0012725754489726457,,-0.020463226856263356,0.03146868643859898,,0.026263644033968473,,0.07122870548534353,,0.012491108962356131,0.03501692217056247,0.031216379585761775,0.023465574408367097,0.029234188643920342,0.018490553796393663,0.021264923736123514,0.024261640845112648,0.021264923736123514,0.005901917236977732,0.015066528797180515,0.026636943495463312,-0.01473329467163876,0.013680446471572969,0.021569620162767936,,,0.006461410803852925,,0.01867870596474737,0.00853909794675542,-0.06807928873517621,0.026999043091667865,0.02599652094092032,0.015066528797180515,0.03727611006299228,0.005901917236977732,0.018490553796393663,0.012679261130709833,0.006461410803852925,0.031277386583596786,0.027074613674108,0.033337327149091836,0.035013360976646764,0.02411476132907351,,,,,,0.012175355973183201,0.03475629155975224,0.02835463773446016,-0.0009357368085050026,-0.004061979048062096,0.02750616969671313,0.011933492185522646,0.02277281772827178,-0.044976556047909295,0.018490553796393663,0.0315091505113294,0.015226136135816908,0.031216379585761775,0.016348885093500094,0.041119958261110784,0.031216379585761775,0.022503364106741062,-0.04537282951071968,0.0315091505113294,0.033970187286026854,0.031216379585761775,0.007677076080536234,0.012121644353876347,0.030730284756216482,0.04372701245721582,0.0317291441940976,0.016623105734315642,0.014521972151363282,0.009513670548586905,0.07286854348443064,0.06317672873816942,0.010411203643868742
2014-09-01,,0.03588582834665227,,0.03333245475575372,,0.016340842061084174,0.01831971104686119,,0.03610353414741153,0.04403105345302602,0.033295793714671146,0.02448758409048677,,0.021121150111564225,0.018289131151415478,,0.018703370634256675,0.01370124375126826,0.029127723995035736,0.030625676516545627,,0.014725935894759516,0.010768369687977184,0.029127723995035736,0.01028255726794395,,,0.019868046088673576,0.014007349629879273,0.009139869009169004,0.014554561186423813,0.010390368593304762,0.04339297848385786,,0.022629074535586165,0.030973522342031268,0.02985257099607838,0.0304573271043925,0.029127723995035736,0.02903147857938366,0.004069382696829028,,-0.011845944887181176,0.03286467528351069,,0.028104583628319562,,-0.07292212382721996,,0.01028255726794395,0.02903147857938366,0.02903147857938366,0.03215746796129825,0.03588582834665227,0.030973522342031268,0.029119164875920724,0.03176166069927607,0.021121150111564225,0.014007349629879273,0.02448758409048677,0.025580601051037127,-0.03463463551764259,0.02448758409048677,0.042376590312045936,,,0.0034654059833343605,,0.030973522342031268,0.029127723995035736,0.02644626672245463,0.03422386581641202,0.02274722385859623,0.02448758409048677,0.03688696956132929,0.0010422970628961538,0.029127723995035736,0.01695703434608902,0.0034654059833343605,0.03376734145827722,0.028964611792114417,0.036753748300800096,0.028944971326071597,0.029127723995035736,,,,,,0.0314891508300583,0.038237649604681026,0.016805762186259173,0.022199724849938422,0.0005236661020034416,0.02448758409048677,0.010313137163389666,0.032010737756651975,0.0027692368319759365,0.029127723995035736,0.030476919956557057,0.011359501915836963,0.02274722385859623,0.023775508342112193,0.03688696956132929,0.029127723995035736,0.011528376780042732,-0.013611107997146068,0.030476919956557057,0.034939282540924294,0.029127723995035736,0.009139869009169004,0.021121150111564225,0.03227627468177023,0.04109469775838282,0.03239301401600168,0.021121150111564225,0.02448758409048677,0.010904269391249445,0.06259409507498939,0.046791175050054014,0.008898352808878384
2014-12-01,,0.02253104567279811,,0.030132069949645582,,0.03008642083395408,0.030004065076915228,,0.03350629733776091,0.08238407836671789,0.013509824164148077,0.026408357061082927,,0.013319706430161418,0.026408357061082927,,0.019738766124052908,0.028793754811873365,0.030004065076915228,0.036837881777052314,,0.03257596528702268,0.013319706430161418,0.026408357061082927,0.026408357061082927,,,0.021274393036098894,0.030004065076915228,0.018725250443502733,0.034164642384985774,0.004237007485945763,0.034878142465327104,,0.03631259557516791,0.026408357061082927,0.024870101051931194,0.026408357061082927,0.026408357061082927,0.030004065076915228,0.020318347790000142,,0.030004065076915228,0.026408357061082927,,0.027243745679889266,,-0.06055331935982182,,0.030004065076915228,0.026408357061082927,0.030004065076915228,0.03472887168084151,0.03280667546850458,0.026408357061082927,0.030004065076915228,0.024886532431486037,0.013319706430161418,0.02077584289711654,0.026408357061082927,0.03513213718619055,-0.08039791520631855,0.030919734006192454,0.03553091761542959,0.07441972477128866,,0.015289028901408583,,0.030004065076915228,0.030004065076915228,0.030004065076915228,0.024886532431486037,0.028378379507038476,0.030919734006192454,0.04071842961296297,0.030004065076915228,0.030004065076915228,0.030004065076915228,0.015002707663222528,0.029496788414587735,0.004618441917713381,0.04926757657197498,0.03369826351273348,0.030004065076915228,,,,,,0.030919734006192454,0.041394403345600926,0.02160210523851645,0.026408357061082927,0.005498017361381654,0.03257596528702268,0.030004065076915228,0.023188144873328403,-0.008661525410989109,0.030004065076915228,0.041394403345600926,0.030004065076915228,0.025311097855950735,0.022570901135459565,0.03733065871911188,0.030004065076915228,0.023330094710208873,-0.0006143691638342639,0.026408357061082927,0.03435758909344617,0.030004065076915228,0.019165448585365865,0.03546943403239448,0.022647518486742357,0.03779304601020487,0.025207369196949755,0.026408357061082927,0.026408357061082927,0.013509824164148077,0.05043525987918842,-0.006509858613480197,0.041394403345600926
2015-03-01,,0.0548979723317408,,0.032718220813385226,,0.040328338822872116,0.03656176568026166,,0.04996193530946504,0.07304274352494083,0.04246708001512724,0.03851251008583524,,-0.005512022858892347,0.03851251008583524,,-0.013690374392365501,0.04442897093833224,0.020816044257361686,0.03721943134912933,,0.04317802055101512,0.0009213354765867674,0.024023998345294163,0.038868431362040504,,,0.004547089615882319,-0.016601382220146246,0.03605413183399728,0.03825307035604087,-0.03713283577556769,0.015939618205015653,,0.04752198474013536,0.02432760151586331,0.027345700576024756,0.025887950046753136,0.03851251008583524,0.01887624201492573,0.04271083836844209,,0.03851251008583524,0.03489828956417357,,0.037382170813505915,,,,0.02247146474126971,0.042276472411481275,0.010951646457524963,0.0586579410490465,0.042796028177859456,0.019763200844234084,0.03851251008583524,0.04605343789769965,0.03851251008583524,-0.013340394157914303,0.03836637643972581,0.03293297738188983,-0.05674134694852012,0.039414058225369086,0.02755134969482378,0.0879637573307678,,0.019514730665086383,,0.020078007933690193,0.03489828956417357,0.02085172026567008,0.03764182303432869,0.023831756251790372,0.04317802055101512,0.036000634004533696,0.010951646457524963,0.03851251008583524,0.024399391273005,0.0225650094627983,0.04381813982878051,0.0011561242226602337,-0.036939287771509045,0.03564880491594139,0.03851251008583524,,,,,,0.0363063383739656,0.020054988629949814,0.0443797351810378,0.025782106625189417,0.03082846769049391,0.03945549763504377,0.027183844959013815,0.01187624437960411,-0.0568952555982858,0.03851251008583524,0.030687473635429514,0.01045718273440743,0.0579717749235959,0.04674852247698272,0.05978818019682003,0.00825525827119001,-0.0007663046027507014,-0.014568552529556272,0.023862713935923832,0.0354463087650047,0.032894974834337724,0.023422370764043878,0.04584697433744887,0.034129551443745264,0.056835040698334505,0.03247685932593765,0.0348481036597896,0.02663175024376282,0.04891401955296216,-0.008114651580180874,0.0048198707582548074,0.054184094677307997
2015-06-01,,-0.0008129220373398545,,0.04265450383723659,,0.03082851165839365,0.010460083808717106,,0.02164107879640947,0.04375559942214128,0.03055284397068758,0.028915570415238408,,0.02328353937400038,0.010460083808717106,,0.020033409876493664,0.02253682499073258,0.010357284806180925,0.033479231737883454,,0.010777145009870348,0.010460083808717106,0.010357284806180925,0.010460083808717106,,,0.010460083808717106,0.022730708173921758,0.02294675062910944,0.02453472932364646,-0.01401599490865949,0.03231690783464457,,0.03693940375700618,0.010777145009870348,0.015337803939977607,0.02328353937400038,0.010460083808717106,0.01978305716839011,-0.00782357388402996,,-0.04617469481536591,0.022730708173921758,,0.022959842522059803,,,,0.010460083808717106,0.031755009214429114,0.02328353937400038,0.023796792862639173,0.017036968802524328,0.02132401759525623,0.02328353937400038,0.03016837290254636,0.02328353937400038,0.007681668975890369,0.010777145009870348,0.03132296144566106,-0.06563878579642882,0.017098677132683735,0.025281558300575435,0.05460353319225463,,0.023198149418802827,,0.015054909439754892,0.010460083808717106,-0.01401599490865949,0.026687556380207235,0.02328353937400038,0.010777145009870348,0.027981122993378675,0.010460083808717106,,0.01857719698673246,0.022016527176076123,0.019094887356411103,-0.003855622869468655,-0.03716296997684704,0.03132296144566106,0.028915570415238408,,,,,,0.010460083808717106,0.010777145009870348,0.02641814389378011,0.010777145009870348,0.016720077627903843,0.02328353937400038,0.010460083808717106,0.010227571612815983,-0.01401599490865949,0.012370529404048525,0.02328353937400038,0.010460083808717106,0.017098677132683735,0.010777145009870348,0.03606824415461274,0.028915570415238408,0.011280929444892103,-0.03293809636898419,-0.0052628784137140885,0.03354398907619207,0.028915570415238408,0.02294675062910944,0.010777145009870348,0.010460083808717106,0.011649201295063973,0.015337803939977607,0.017098677132683735,0.010674346007334167,0.010777145009870348,0.03303780764330368,0.022143663105640678,0.03967343133216
2015-09-01,,0.028025991583122446,,0.0628045036032946,,0.01346242267778546,0.03681522462179755,,0.04794993777012504,0.06429284425916329,0.04626290381923599,0.013390024291860909,,,0.007121310037465741,,0.020674502429313672,0.02669654006458174,0.03569492320125059,0.04027668714050048,,0.008500032377235829,0.0017162334444125503,0.03589202676761305,0.00905738758149232,,,0.010979655700867844,0.03470386180774468,0.02840432004322248,0.04272157843044652,0.02825440699301938,0.04785169162577003,,0.041602919600569326,0.04338663746100736,0.023784683753559945,0.02044728837983842,0.03589202676761305,0.022762023804277377,0.02899258918372311,,0.03569280645272599,0.018320809837947587,,0.025170847307278428,,,,0.0016076561884513624,0.016407700241234585,0.03556705185696944,-0.010417293682137573,0.023460167862862556,0.04166868061739079,0.03490096537410714,0.05868544915882782,0.014998041969649042,0.03490096537410714,0.012482897113175713,0.027938373072114716,-0.014517347121455798,0.016512846007661394,0.026231706091119016,0.06081687448108471,0.08922023076291802,0.034632921285025285,,0.03556705185696944,0.03556705185696944,-0.06170720308471522,0.034542529745770344,0.008948810325531131,0.03836191384153945,0.029178061668548697,-0.006481533101164902,,0.018320809837947587,0.037425789378932,0.03483802459668127,0.006007736324680537,-0.05065303753694781,0.03680153839630571,0.010604958205846192,,,,,,0.03836191384153945,0.06978862269207015,0.03839028091595756,0.046639069151396685,-0.013323653958753685,0.009148131470816834,0.00905738758149232,0.010011378230766796,-0.03890022837819961,0.03569492320125059,0.024457543437846452,0.03569492320125059,0.027643441987720035,0.03387548547494111,0.026156646565197443,0.03556705185696944,0.025046607607888093,-0.1333730955366,0.014679307588206902,0.04055705524325275,,0.031253146784910445,0.012272746664951243,0.007622635523368664,0.007576174618654411,0.014494718866519068,0.021202812601133502,0.01721078069191937,0.007985061334007367,-0.02444621926081514,0.02468402860573528,0.059302153574556295
2015-12-01,,0.007230639810660355,,-0.06958469058280287,,0.04005245918955605,0.0376491803100819,,0.045995621164432114,0.10892749476133613,0.028471449546506,0.032828073584632154,,,0.01231713064005969,,0.016337385154198834,0.03983143711411686,0.03629848450728205,0.04021546996539974,,0.042016148691090605,0.007468001197003526,0.022849036126005844,0.018347509206195472,,,0.03629848450728205,0.03629848450728205,0.03764100696800734,0.0488500852980303,-0.02798627192452105,0.03519347322515599,,0.036770816075856826,0.03582583395129487,0.012120820117155854,0.020137531770353174,0.018347509206195472,0.03629848450728205,0.02306889397762598,,0.0362935030214917,0.022197714692841965,,0.024795558931136708,,,,0.03629848450728205,-0.024190784795349862,0.03635619302296654,-0.0071983195164931,0.023269238066499307,0.0192168976819675,0.03629848450728205,0.05031583598138615,-0.009133809822124944,0.017696187773031592,0.020137531770353174,0.025792507591284437,-0.048152354933526556,0.020137531770353174,0.036665513815697624,0.07192069654208377,0.1017282172841905,0.0393477036174251,,0.03629848450728205,0.03629848450728205,0.032828073584632154,0.031391057138828594,0.017696187773031592,0.03789450099801329,0.030086154884890363,0.022197714692841965,,0.04042013220035936,0.036955563665647326,0.03733444636544575,0.011733191436812451,-0.004724230762071965,0.07282397564197897,0.0017071743289468785,,,,,,0.03542391766690198,0.040213482459204766,0.04223518995883874,0.020255774611870038,-0.023221933546386048,0.03789450099801329,0.022849036126005844,0.03629848450728205,0.038211786826078016,0.03629848450728205,0.050615658211175384,0.03629848450728205,0.04011495422864578,0.051734351461321305,0.032996086409170684,0.017696187773031592,0.02062803747013805,-0.04242776646279878,0.04090441089580603,0.032078879027110624,,0.03764100696800734,0.03837244268650705,0.002548206295173151,0.006066505198081609,0.03287780513831293,0.018347509206195472,0.020137531770353174,0.0054076713176228275,-0.02803644355540816,0.03886265332952282,0.042016148691090605
2016-03-01,,0.061102387867951455,,0.044131054044813156,,0.03190713119981464,0.037898909430395804,,0.048113911002989895,0.08684860065030325,0.05170377344655632,0.034991599341794535,,,0.034991599341794535,,0.0038902817413213058,0.03407130442469753,0.026793137015346875,0.025927424096108067,,0.04515579686286431,0.0225471545159155,0.019947812658527766,0.037984351114122544,,,0.0377936110340742,0.012298866673058503,0.04419070384286656,0.04027245048567195,-0.029952551638893245,0.04682795539870272,,0.033556567790107676,0.020359562087244664,0.02246171283218876,0.019600838986906993,0.038219585812475344,0.037984351114122544,0.033436349537708965,,0.0355808990778209,0.021791241404172688,,0.033791802488460476,,,,0.037984351114122544,-0.02469555571751778,0.037984351114122544,0.04990922732574598,0.03904354290760196,0.01492839889254246,0.038219585812475344,0.06083775853984107,0.037984351114122544,-0.00805222715180003,0.042244818922733636,0.03391110474132348,0.02050827292106463,0.04515579686286431,0.0433325169078653,0.06412032839331583,0.06721717405517902,0.04326392492000651,,0.037984351114122544,0.0377936110340742,0.034991599341794535,0.028130127984807275,0.0005359749777050892,0.038898677453905815,0.03786988828707358,0.02160168302767656,,0.03660773968433592,0.043835211025268134,0.05458166247121204,0.02021263845634795,0.0037491859822579277,0.03873152764331586,0.03461025868031077,,,,,,0.016582269261691256,0.006379377444877948,0.032460682704688076,0.03880541746446371,0.0005073119369331771,0.04472529312574199,0.01761623815232811,0.014349553559313317,0.09341250459053,0.016582269261691256,0.016804460313912025,0.037898909430395804,0.05929260612258183,0.0469553081377984,0.05093673618766027,0.016582269261691256,0.034506141654941896,0.0580987781378657,0.02781742529659613,0.03454272041935667,,0.0433392471172362,0.0377936110340742,0.009314377138244546,0.055987225566819385,0.029013000037717125,0.021576258871838613,0.02183355468928493,-0.010104300470503744,-0.03968469185014316,0.06384916077509638,0.06409421329388731
2016-06-01,,0.02735818263725674,,0.02916347343991019,,0.032417446287140425,0.027635754745845748,,0.03194935814674811,0.06162172029692218,0.04049602261931182,0.02710403136866404,,,0.011142716694336615,,0.020396526404660473,0.006214326947979704,0.0066191292162013325,0.027658415349424256,,0.016325044968157624,0.012081074561464808,0.013835415153455684,0.012081074561464808,,,0.024307424310310282,0.03023420214027007,0.03715961162886868,0.02501804374723529,0.006108291006546735,0.02652761047857721,,0.02597738809636564,0.012578279613933383,0.016325044968157624,0.015966508924969636,0.01167535770796311,0.03027508867342856,0.020170223444201284,,0.024520507500076807,0.024307424310310282,,0.021587221145897974,,,,0.012081074561464808,0.028682588370863682,0.01643386254788,0.035166801407337446,0.01230789822028054,0.027635754745845748,0.015523210345162781,0.03160299202908238,0.028052957785775486,0.02134075310917264,0.015004338091229927,0.021587221145897974,0.027287981522805174,0.031873756652426435,0.04779922521264851,0.03017810097789038,0.04461904156580094,0.037918262021551324,,0.028716334667549533,0.017486157799007224,-0.03305756834373916,0.02991479460124959,0.01209053472520917,0.015282660460127558,0.022782052455484425,0.005445768996685797,,0.027658415349424256,0.037918262021551324,0.022372587868303845,0.012124134242167529,0.0157490219036367,0.0416249405520956,0.03027508867342856,,,,,,0.012081074561464808,0.06104664323056448,0.029873899601967638,0.027635754745845748,0.00936818240321321,0.016082386423910452,0.014692028178649877,0.012081074561464808,0.05847696959646303,0.027635754745845748,0.016596139510057832,0.019630561489027774,0.016596139510057832,0.015038504274686115,0.038758331262464155,0.02763333602817528,0.030539537420154965,-0.005504286081753028,0.016290542706411254,0.01619898697542619,,0.03715961162886868,0.012125036986955542,0.01516678296118675,0.03455019858967293,0.021587221145897974,0.015416446443074175,0.015859745022881032,0.012713092875528768,-0.01881894584403698,0.0274693967706117,0.03202178092187996
2016-09-01,,0.0240244946889221,,-0.023075822380014297,,0.02831929599948874,0.029095205889918492,,0.03048902673048962,0.06248514890259238,0.03710714056807391,0.012411431093251116,,,0.0044524307968853115,,0.03425175225991366,0.00802137816810644,0.028368452906380015,0.02663835130345896,,0.012239031726552715,0.0076706861046475245,0.029206440609686683,0.02006250686606309,,,0.023939181970290577,0.029095205889918492,0.03622607719760241,0.026745290289220697,0.024821955731261502,0.036087224508854765,,0.02256404433520349,0.016846313523929474,0.007264981785875123,0.025154022426310114,0.021635319708854933,0.018334111793258497,0.02655103657845879,,0.03736508715975291,0.013695557467664047,,0.02282623362237266,,,,0.0076706861046475245,0.03338149971600909,0.029095205889918492,0.031877367546690405,0.01676422697532211,0.029095205889918492,0.028479687626148206,0.026613921654232143,0.029095205889918492,0.029206440609686683,0.02734615058148529,0.038595645415783565,0.019495057976423768,0.01828286781055654,0.027144229916377865,0.027362005842183675,0.053787424435813504,0.03622607719760241,,0.029095205889918492,0.029095205889918492,0.006634235158004784,0.02925848279315367,0.00811638349970706,0.023046707325150816,0.021787694939950916,0.024111090958813003,,0.028909476538242326,0.03636384026697678,0.029281666625717396,0.024963039890133,0.050641690864999644,0.04636948662912622,0.022080242159416612,,,,,,0.02902206769525935,0.05060537138249892,0.026226448569230846,0.03049812054511416,-0.016313299106553877,0.023791653160806333,0.04013431365232424,0.022103817559639756,0.05761293026426146,0.029095205889918492,0.012112840404076532,0.02204720946739352,0.012197938239325265,0.023939181970290577,0.03583132606776631,0.01824970313794587,0.028776325838011586,-0.021843328474344455,0.013778766935208431,0.027627776904781014,,0.03636384026697678,0.0076706861046475245,0.022674318891013633,0.039004828117819294,0.02828508243970952,,0.01268179963064236,0.011455289529244782,-0.028413392527787833,0.021848753341606082,0.022019567890662374
2016-12-01,,0.027834027621253317,,-0.023609175936344016,,0.027148986038743238,0.02736786951120934,,0.02736786951120934,0.0657853597391563,0.026513839304894274,0.013274392129124343,,,0.005019526600927482,,0.03647963492290502,0.027723234794110603,0.015726470153169084,0.02738730851533598,,0.02736786951120934,0.006458829203530969,0.027374789306046827,,,,0.02736786951120934,0.02736786951120934,0.030400353669169274,0.027664852284269927,-0.02453916139011327,0.041578228305810934,,0.027148986038743238,0.030400353669169274,0.006458829203530969,0.008544329472968295,0.00034867950693326995,0.023739026428826453,0.023756569283614803,,0.03380583000824689,0.01309881176764836,,0.02259311158809382,,,,0.02736786951120934,0.015726470153169084,0.02736786951120934,0.028712717893524503,0.015726470153169084,0.015726470153169084,0.027834027621253317,0.023551424714283623,0.022787918013255234,0.027834027621253317,0.015726470153169084,0.02876599965423564,0.017252287258572547,0.008050276217131905,0.03683120198987376,0.027615144148787216,0.058101690826702496,0.030400353669169274,,0.02736786951120934,0.02736786951120934,0.02276505697026982,0.02574640277387255,0.01309881176764836,0.026689747723536748,0.02226025950162921,0.027834027621253317,,0.015726470153169084,0.008050276217131905,0.011146518655214991,0.015512520409327112,0.05464468233213256,0.03681078372925325,0.006097983104698537,,,,,,0.015726470153169084,0.016644500828245073,0.024705511454599857,0.015726470153169084,-0.025876790478160498,0.015309787235509147,0.030400353669169274,0.027834027621253317,0.008544329472968295,0.008050276217131905,0.008050276217131905,0.022787918013255234,0.009045254028199525,0.026908631196002848,0.03606929031687465,0.015726470153169084,0.027671136407573425,0.0027188639907579685,-0.002248125103698539,0.008544329472968295,,0.030400353669169274,0.011146518655214991,0.006458829203530969,0.03789152119219165,0.02730973587457625,,0.008050276217131905,0.006748222235217962,0.011370785981064259,0.02232770870189323,0.02736786951120934
2017-03-01,,0.027405011123083273,,-0.020636920728611546,,0.022469134960141326,0.004910127692137348,,0.025616609897169188,0.020001910199690776,0.008561692251550563,0.027731675677951016,,,0.028517926862071687,,0.02244506145234429,0.024892630986621988,0.009120222655664246,0.026762047296516957,,0.025616609897169188,0.019498659476713445,0.009120222655664246,,,,0.009120222655664246,0.004544143362453261,0.029235704987149398,0.03822885348278531,-0.025978511740865663,0.03130880858379531,,0.025036188169859003,0.029987197836545344,0.004544143362453261,0.009120222655664246,0.02487417345138234,0.02239108615663482,0.02486079094297733,,0.02922220647978502,0.009120222655664246,,0.01971540831734567,,,,0.009120222655664246,0.022737076418120474,0.02239108615663482,0.034007418403577384,0.022740284799645284,0.004910127692137348,0.025606090794388685,0.020359457704085905,0.009120222655664246,0.004544143362453261,0.026718608541761068,0.019519355198540395,0.021498736410279783,0.025616609897169188,0.031177080449727754,0.01971540831734567,0.03172529269454539,0.028590625117415294,,0.004910127692137348,0.025256892151378222,0.02688366783859426,0.025406042704793068,0.004544143362453261,0.0256794883050708,0.01971540831734567,0.025606090794388685,,0.019498659476713445,0.004910127692137348,0.025581439931674742,0.012768774304112256,0.02546226705062811,,0.025606090794388685,,,,,,0.004910127692137348,0.02105925506153914,0.03931370989144054,0.022740284799645284,0.004910127692137348,0.006223493056146423,0.018445075990506887,0.004910127692137348,0.040680753287652964,0.009120222655664246,0.004910127692137348,0.004910127692137348,0.02492046859813407,0.026718608541761068,0.03825845451531196,0.004910127692137348,-0.05772272302760484,0.01385270628452068,0.02261757423133358,0.019519355198540395,,0.029987197836545344,0.009120222655664246,0.020001910199690776,0.03446877127788851,0.02551874317100938,,0.004910127692137348,0.003574013655531196,-0.04650631971332213,0.025036188169859003,0.025256892151378222
2017-06-01,,0.005764933190203795,,0.004913640600901488,,0.018408740418819215,0.006674294745648303,,0.022226290027769005,0.019201829080646868,0.02336871520664538,0.02478290980111928,,,-0.0018122858360099217,,0.026193922339554136,0.025004966017068406,0.006674294745648303,0.0234127821971336,,0.005031010903877353,0.005031010903877353,0.008148781594797809,,,,0.006674294745648303,0.023494416253960624,0.028530173583697534,0.032247506716013966,-0.03041638773858809,0.02583644966049989,,0.016545336627078314,0.030486346575729153,0.024245992100555905,0.008823725375408292,0.0020173597289529707,0.005031010903877353,0.015028448749250125,,0.027052606664666006,0.020440841507975774,,0.024973274368399877,,,,0.005031010903877353,0.005431818581573743,0.008823725375408292,0.03447218201659064,0.0070278359094365726,0.023494416253960624,0.022995922025242293,0.024597364650365498,,0.005031010903877353,0.005031010903877353,0.021592308365737757,0.02348514643113331,0.025279864773753855,0.03708250219907625,0.029015707958236877,0.0483395468072879,,,0.026049496771227143,0.008823725375408292,-0.02286107797776676,0.024175348674426167,0.005031010903877353,0.018495300284855007,0.019916696687726033,0.006674294745648303,,0.023847957417748897,0.006674294745648303,0.019955794585560054,0.017468469828800844,0.025789675509198823,,0.008823725375408292,,,,,,0.005031010903877353,0.005031010903877353,0.022084310810042224,0.0208081563357135,-0.03069052384150219,0.012705390217730922,0.030486346575729153,0.005031010903877353,0.02378253919042747,0.006674294745648303,0.005431818581573743,0.015600454450744268,0.009843105312727446,0.026354762979863482,0.032136571014678615,0.00742587059224359,0.02372416830183881,0.003795254206403817,0.005031010903877353,0.026947757003368805,,0.030486346575729153,0.006674294745648303,0.018895728980081627,0.0438368831137016,0.018516132438162042,,0.005431818581573743,0.005031010903877353,-0.00017319298397880346,0.024597364650365498,0.018704982440637192
2017-09-01,,-0.011390037497835763,,0.02977333021803012,,0.024512585637648972,0.024765910369735484,,0.0224408408973998,0.02353228756535977,0.025861144083173724,0.01803413323370475,,,0.024058035150819855,,0.04051395580986856,0.025461074970399143,0.024765910369735484,0.016362573194938543,,0.002308806284348162,0.002308806284348162,0.024765910369735484,,,,0.003822300575214291,0.024765910369735484,0.02543342645933914,,0.02378263131791223,0.06617657300917033,,0.01942035216488102,0.025637658922431313,0.005460725793828582,0.004441304900897371,0.010816739918634456,0.024765910369735484,0.021184608266220924,,0.030062707979851673,0.020862463744097903,,0.004830244393887796,,,,0.002308806284348162,0.01361379319554448,0.024765910369735484,-0.021949828828171716,0.013039027270508005,0.024765910369735484,0.024765910369735484,0.024965988810607017,,0.024765910369735484,0.008543533904732397,0.007389896503106138,-0.010547943256382126,0.024765910369735484,0.04114436168041143,0.019841879299473668,0.020417460043852934,0.02545405199247217,,0.024765910369735484,0.024765910369735484,0.01233740224959636,0.02591562545722826,0.002604997782229923,0.017763274648248714,0.026252081146777254,0.024765910369735484,,0.024765910369735484,0.024765910369735484,0.02787226759408669,0.03223463222289093,-0.021996701755059925,,0.003822300575214291,,,,,,0.024765910369735484,,0.03704851360101452,0.024765910369735484,-0.021949828828171716,0.010337431109738499,0.025637658922431313,0.01664441738788003,0.010079398267362146,0.024765910369735484,0.005460725793828582,0.014392823985648074,0.011996746949573098,0.024765910369735484,0.041454454885645774,0.010896074943030831,0.012292169720925014,0.18647415810013165,0.005460725793828582,0.019505297720930282,,0.02318685606232332,0.003822300575214291,0.02151728298615448,0.04483570125958302,0.025366057923381598,,0.005460725793828582,0.01664441738788003,-0.026767327369247078,0.025420539297436134,0.01770684258060807
2017-12-01,,0.030480557165917514,,-0.07074471601632658,,0.02658158635626587,0.029904611161878616,,0.036470907505666256,0.03175157573328675,0.0020600695081972997,-0.049776965121263624,,,-0.08783098542359383,,0.03408367311690325,-0.014288037997770425,0.014909741854087744,0.03538417924955103,,0.02949779743854744,-0.006950746917459643,0.015338104670318636,,,,0.03036041719970943,0.02930718807798496,0.031758820772028205,,0.019459238006125115,0.10928398219979159,,-0.046434191632554016,0.031758820772028205,0.004681071396009469,0.0033797117285371803,0.033064927341601734,0.024038820932376876,0.022218462234773178,,0.05702069248776108,0.015338104670318636,,0.003538951137417343,,,,0.029160828185328936,0.0015129331101763185,0.029904611161878616,0.059471230621250086,0.03682512525173668,0.004681071396009469,0.030480557165917514,0.036107284101546955,,0.015338104670318636,0.001617800639007891,0.004219955686963708,0.02417350749876431,0.022538225158636863,,0.035638636844922064,0.03248705477784201,0.031758820772028205,,0.029904611161878616,0.029904611161878616,0.021924028182450928,0.03621857116428217,0.014495226865238546,0.0831371912010043,0.03764875518192828,0.030480557165917514,,0.029904611161878616,0.014909741854087744,0.03478779319717345,0.018482996619003777,0.007952671078486165,,-0.004342193610919914,,,,,,0.014502928130756558,,0.00252863462316696,0.01493129094698745,-0.021618584200395252,0.029904611161878616,0.031758820772028205,0.030480557165917514,0.030660965511751518,0.014909741854087744,0.03287310756136876,0.029904611161878616,0.006798440840608889,0.031873603155334815,0.06654541139370601,0.027192278913876256,-0.004896551857866039,0.17563285398720435,0.0014034209753578306,0.007002530592286663,,0.031758820772028205,-0.020256024340187966,0.024613451275512035,0.053929792431445175,0.031619589959161684,,0.0015129331101763185,-0.005472259489548831,-0.04734483949569168,0.03313746440732672,0.035114594415315004
2018-03-01,,0.02239618474970662,,-0.022217150812137657,,0.03235511694852736,0.01861805392839598,,0.02230201948421548,0.030012135862638404,-0.003055263819196756,0.0644713823168384,,,0.057364699685657,,0.061722775089394145,-0.05928402225152863,0.0023781710438823015,0.01158598438981567,,0.05092062771926012,0.03082502504884233,0.00509115697930387,,,,0.0030481856747043828,-0.00753872391630284,0.02839958538486919,,-0.02249193917938655,0.14247844071764956,,-0.022477431145480842,0.019734687189035347,0.0352284913273093,0.009494478974174955,0.02875263779019584,0.0023781710438823015,0.0011898393580933304,,0.07249263851999213,0.03049030705850845,,0.035680895691678635,,,,0.011316299193424584,0.03220480078005321,0.01861805392839598,0.04226459731169651,0.03444604918893612,0.0023781710438823015,0.009501190346116458,-0.011807158283745713,,-0.005603767389592099,0.0023781710438823015,0.036146539451821426,-0.005856567080479075,0.02200655258706658,,0.02346528718273956,0.04048653878820582,,,0.03082502504884233,0.015516869138770322,0.02239618474970662,-0.00011298907891859526,0.026539479394790635,0.08171744178620854,0.0365386532520094,0.014938278619483127,,0.01861805392839598,0.0023781710438823015,0.009032301289855564,0.015378898298075877,0.006772919151880828,,0.03082502504884233,0.05844459500848911,,,,,0.0023781710438823015,,0.08311941169213433,0.013699118717232374,0.0023781710438823015,0.012151518472465168,0.023861847086019215,0.0023781710438823015,0.029853584788945793,0.0023781710438823015,0.03479186342864706,0.0023781710438823015,-0.007991270412791336,0.023720476253073778,0.04867230002011687,0.03082502504884233,-0.04636091670140201,0.17614491761152454,0.04555026057737241,0.016186883769592403,,0.03231925325342706,0.028657052239232605,0.002661136705434846,0.053737694327306615,0.03272702154112051,,0.03082502504884233,0.03049030705850845,-0.03417003626718688,0.028036147014536338,0.03082502504884233
2018-06-01,,-0.022416890122716342,,0.051698584280525525,,-0.014753573468451972,-0.001302152817880435,,0.019051721894013898,0.025010169049196763,0.009919421804909163,0.002368295554122743,,,0.0286014415486462,,0.05388648356000695,-0.03576093494012947,-0.019636497308145724,0.017077493451532037,,0.023086302976572087,-0.0014840747039211732,0.014671916449289368,,,,-0.0014152157490030983,0.026277471765830805,-0.006780891111521375,,-0.030817452677174954,0.09678622229891067,,0.04539576494405805,0.03471527232375791,0.019574455947273955,0.00513261959973513,-0.03283813023644615,0.030265009272082137,0.03348556690458664,,0.01859829999662544,0.002689886583213991,,0.0013646163161297182,,,,,-0.006416489189005874,0.0003422596889818483,0.045072560994359995,0.002689886583213991,-0.025381254549448916,0.031477418040019065,0.03552275484894232,,0.012472374061035045,0.006181569264198646,0.0013646163161297182,0.049712171936567094,-0.09091778089055398,,-0.0010553477415402625,0.01942868629155408,,,0.02707807320564227,0.014771588144872191,-0.07305631374204992,0.029174542212604588,0.00390304090643434,0.053152135353475294,0.03046359233019817,-0.0077520655896500855,,0.013939585995213213,-0.0027164406090098166,-0.00016144221289782207,0.01644436214339934,0.021077745522301208,,0.03134477799435242,0.09173751127740007,0.007297683327823843,,,,-0.00540349779196121,,0.044824432276466486,0.030485339817847176,0.00390304090643434,0.00390304090643434,0.03471527232375791,-0.006519699684561442,0.0024518335289957353,0.000665754363602825,0.00390304090643434,0.004748368761916298,5.059123816788941e-05,0.005348654727309542,0.0657418650612589,0.030265009272082137,0.014002617191093318,0.3342790309588922,-0.025168831265028255,2.7836858121198065e-05,,0.03580861256612812,0.029963268789134575,0.00334630230477446,0.03872617942686416,0.025561699452161545,,0.014671916449289368,0.03800613635915065,-0.04489953517717664,0.032329397018990305,0.00390304090643434
2018-09-01,,0.006343655671769447,,0.054827311004488774,,0.012630205939991585,0.013622416447218635,,0.006659438098033845,0.02282238612021047,0.017488325590378974,-0.004766542339022698,,,0.0012519311101579027,,0.026599860321468438,-0.03874696834354447,0.029725824224859584,0.024220232553937484,,0.008258823682148125,-0.001641527698006894,0.03150219818529645,,,,0.023082390034267812,0.028271455902788623,0.02875842415886658,,0.0071985455860337465,0.10007589038575794,,0.04013087564816376,0.001648858805691016,0.02238913429075549,-0.00605054507498767,0.023641100007213225,0.02963783078413034,0.027201999465842643,,0.03791373386592329,0.015231766870949291,,0.022759273940175333,,,,-0.006789017223699046,0.007717154286674566,-0.07255836562625603,0.03060065021291091,0.015231766870949291,0.02758920734518048,0.03159837418319596,0.04428295885413185,,0.03159837418319596,0.005698771223972053,0.01739771579029126,-0.05315912813260505,-0.06268062327427736,,0.004716007266284161,-0.0027739284428728635,0.03232175120546707,,,0.014914000156017933,0.02546051925527382,0.03580086647885122,0.015231766870949291,0.02240207776822408,0.03693266298548595,0.03159837418319596,,0.03269250354078895,0.02684354337573501,0.043655971140076515,0.035316166576426014,0.021901672384238915,,0.006476484203964524,0.06617602890790282,0.02947866718032991,,,,0.03093009419252891,,-0.015598187038116258,0.02914759802760179,0.005698771223972053,0.010566863188038829,0.01233459556860694,0.024507421021684735,0.037566640211782104,0.014114586482024552,0.01146846303822657,0.0020406101012347554,0.03732269207816855,0.029360566235763334,0.039449224616495866,0.015262406021021172,-0.033317081826131925,0.2509230084178399,0.0041429036661226205,0.027364690117372942,,0.033979125625431476,0.007113754968977894,0.016943801502307877,0.06165079770394161,0.03651182312090137,,0.01471987676028902,0.005698771223972053,-0.03684646691994231,0.02876893117509898,0.02174609345597524
2018-12-01,,0.03468231967029039,,-0.00970862286611241,,0.024829634450567704,0.01515623349806237,,0.04794728310660304,0.06151154643186043,0.010083256176081808,-0.027486923152531297,,,-0.015257287604674402,,0.07417852838838501,-0.1263042681782984,0.03208884451467608,0.03356412485907688,,0.020881210761236595,0.005274738443559774,0.03317323038325468,,,,0.034556946885206,0.03692276636710734,-0.052304338116688144,,0.004315430585909613,0.1241720969065998,,0.025034207052232818,0.017472826575406095,-0.09552622205234346,-0.0030319304939467446,-0.006736317899362974,0.03208884451467608,0.0464429923497984,,0.046113916040694425,0.006038576715563315,,-0.0030319304939467446,,,,0.014458626867091803,-0.003910625932580203,-0.10148189531848797,0.024842269901198345,0.015111148919875705,0.02484185271559104,0.03468231967029039,0.01968978937247899,,0.015111148919875705,0.005274738443559774,0.016406592611912036,0.060630897063313975,-0.07645895512867723,,0.0063491270586378944,-0.0003246674722758782,0.0384275993902643,,,0.03208884451467608,0.0016680978910368145,0.03715042204082026,0.014461070829990378,0.03164745736158967,0.016554422838285805,0.03343920150453316,,0.03216074667182329,0.015111148919875705,0.034694121217076546,0.015972426602489202,0.006320266475046854,,0.005274738443559774,0.06334896729084927,0.015665444186129834,,,,0.015111148919875705,,0.029384746457246397,0.03338779089975534,0.005274738443559774,0.03333241559817762,0.0384275993902643,0.03468231967029039,0.020343233207963475,0.012760033284679626,0.037952486709544,0.027558843229023747,-0.0003175041035055989,0.033185723309821114,0.023040460813286204,0.006038576715563315,-0.060528719924307126,0.16009184928174636,0.005378220863118811,0.014535775611757583,,0.0384275993902643,0.01515623349806237,0.0315807819215741,0.0458934412165255,0.03989570177747144,,0.005274738443559774,0.038638899714779844,-0.008535015661646692,0.03164745736158967,0.01515623349806237
2019-03-01,,0.03729060996341965,,-0.04277780869986907,,0.029517193762795116,0.017009242460489314,,0.004158967713013915,0.025004604785500057,0.01941123985390717,0.05352725625672563,,,0.07274450186069976,,0.04426473387017423,-0.20172774808831712,0.021186421722501684,0.04472586142586482,,0.0008760240783365695,0.020990526087191385,0.021209212875440777,,,,0.019140591486061623,0.029622070824932463,0.08161763851484195,,-0.016898471763709736,0.16392016627090114,,0.09852013924219347,0.022665042996165913,0.04200573873013641,0.00918573053199822,0.02625151240577376,0.032720919365587,0.04014558525349471,,0.01630493920361165,0.02453586198380103,,0.03591824900152415,,,,0.020849557468580353,-0.10410493562526792,-0.08535919718297018,0.042235619410532096,0.02453586198380103,0.0026948945584935485,0.03507276164577787,0.0437421478421677,,-0.008828805596475385,0.03360079705375871,0.02177956004017154,0.02305071659197572,-0.00744475715329913,,0.03103544853381971,0.0056277230105231,,,,0.013764504275330235,0.02515212755652196,0.02206938356677096,-0.0038163949328415933,0.06419268114792243,0.023621419332872227,0.03507276164577787,,0.030812432020893267,0.009664846857035378,0.08833522054560553,0.01448002522722922,0.03313493954741208,,0.03507276164577787,0.06193309538975466,0.04986849024670628,,,,0.009664846857035378,,0.082567098668868,0.03687296874081772,0.009664846857035378,0.04403610521564544,0.04005608532458221,0.037665939203098915,0.03698665588573915,0.029694130779210928,0.00918573053199822,-0.018112305480369066,0.04445053102450167,0.040219650104545354,0.06212603638999304,0.006542798138488711,-0.025072150681443518,0.02412697117059363,0.03591824900152415,0.019267307459253133,,0.04005608532458221,0.04446846705660227,0.04544045987156926,0.03977242768982401,0.05411960238796707,,0.023947215129994454,0.007335795930868469,0.051708893984545756,0.021347198199214712,0.046329399577480515
2019-06-01,,0.01884849268690505,,0.07432443620987376,,-0.000503907648951471,-0.0013785128767822325,,0.033732684737598946,0.026297230196307468,0.015470294672054272,0.05264434492902295,,,0.03790417359599393,,0.07497289778273789,-0.13828778716454002,0.003164353669917691,0.016129478733448235,,0.004253743608786616,-0.0008932101775875227,0.013537604931790273,,,,-0.007440671336745127,0.053131936536723164,0.026512302368172848,,-0.0034548346175448112,0.3974153085779976,,0.021782025259120312,0.014672318177774464,0.013338663771045874,0.009940357215805802,-0.045921766282323626,0.0028142763047670277,0.03613252101276503,,-0.0005379269531480844,0.012344171300633925,,-0.0008847237132153086,,,,0.009326078153599237,-0.12707544025282944,0.04530417907572434,-0.0029344167043316273,0.0017048020480826813,-0.02946340861564862,0.034021676766060265,0.04271059943499504,,0.01979279054669985,0.0037547580537734687,0.032764228733891336,-0.04214885637095929,0.04851724242438669,,-0.0018848205995006914,0.004253743608786616,,,,0.018244644095034568,-0.057970014701592874,0.03829130549440891,0.013537604931790273,0.006441662250883524,0.025640786610142706,0.011430486368375958,,-0.021747460375963125,0.003959740202524539,0.031326821493590236,0.00939504952545223,0.03904015292985451,,0.034021676766060265,0.049207785130512535,0.02494579252716697,,,,0.0013658326463354528,,0.03298725721318339,0.02619499042721052,0.00941678867499157,0.017938386547031934,0.033991915733204675,-0.0032911503596359444,0.02828301189535818,0.002124113755467214,0.011975222281549115,-0.017496366460616627,0.03360796616169766,0.001038827975722627,0.05518799625603289,0.01771239026448021,0.0046251351037632366,0.3342494370432955,0.0030572308768841744,0.025033573861491566,,0.039948755323842,0.0182239720034609,0.026264034163937182,0.02746417364283958,0.02499301075272216,,0.009725112566937635,-0.004016570608850149,-0.027694093841749166,0.027960767996541323,0.010102206786540823
2019-09-01,,0.024104995591183023,,0.02364766034297436,,0.04696013537364311,-0.0050822231831543,,-0.06771946030805005,0.034744766383458976,0.022874381702894072,0.008445216183257925,,,0.03508309948372759,,0.03758765032341911,-0.09557788080366872,0.028522598801940146,0.14772124207831444,,0.006637047721968288,0.018606195208179004,0.021656508614821966,,,,0.03065777083699459,0.04068302309505772,0.05920728415942171,,-0.003084015349593922,0.1250154943164954,,0.06924682352430585,0.018923014040312068,0.04607163811845971,0.010199682953893265,0.005088942801506756,0.03463315427914197,-0.02689689608658333,,0.021427833226516438,0.025077042994304147,,0.004596423169452449,,,,0.0007227239310909123,-0.09723721174836937,-0.04410962328141739,-0.03447876227065046,0.014731239341468865,0.015088654449839705,0.039115068037586076,0.05145644952962767,,0.05253294514692321,0.024695601440761696,0.033599150497125044,0.11774694688732172,0.13496248744197892,,-0.0021615643336092365,0.0069988421688949335,0.018896556520645442,,,-0.005197876226628107,-0.04451043880445044,0.042677915020250666,0.017566349107464733,0.04809525495657685,0.031950516035999965,0.038766042839968866,,0.03144494453751702,0.013075030113296266,0.045594478949677185,0.033277267436094445,0.04237563979326107,,0.014731239341468865,0.2903161257515607,0.03143723183035351,,,,0.03727981189431682,,0.0493122897623847,0.03961201568493529,0.013252475603441555,0.023686854266020324,0.02578065522109516,0.028420239187133572,0.007202395756738382,0.02587255343225389,0.025077042994304147,-0.037561782552728705,0.04858343486190094,0.03661866389227543,-0.0009665113941500041,0.02223077303375143,0.040261537040074666,0.30901630844861916,0.013075030113296266,0.039786955150948725,,0.040546484415947145,0.02487759053259223,0.018099049225367408,0.04048160888555024,0.03693666026482104,,0.013252475603441555,0.014349797787926414,0.020899824808627235,0.03219591174433268,-0.00916931715932204
2019-12-01,,0.03432439630213558,,0.012389121026357723,,0.03633533556535506,-0.01954236186022152,,0.03447362539166292,0.028144689408600883,0.018167661283479075,0.022509075522912758,,,0.05316010101564653,,0.048678076983638054,0.024764853404858234,0.03070489542888214,0.10980838125797981,,0.007302591411219243,0.022150960076491814,0.03006495473114584,,,,0.03174355168217936,0.03357404911167165,0.02181821680699711,,-0.02285939411247937,0.10598092471835127,,0.07149169322509658,0.03245745049201566,0.017165705827108416,0.016215111345807963,0.041271639272144084,0.03116410522888758,0.024492318758247495,,0.03750022336822975,0.016865722284241564,,0.016215111345807963,,,,0.025813081572123992,-0.06516942489251278,0.032497271607901786,0.030992701647318967,0.025703411953718787,0.02235108122792107,0.03452715717136798,0.03338874663432341,,0.026652862030956043,0.016865722284241564,0.02119847989964171,0.12622651552368186,0.09454260462464982,,0.024960302808136398,0.013686040553681821,0.03245745049201566,,,0.01538735068063422,0.028085194558246845,0.03455072984378197,0.02994652059272402,0.0483415669066026,0.026398708604102424,0.03455072984378197,,0.02930054136590329,0.016865722284241564,0.042900863601522,0.026559984914496078,0.042779941544256614,,0.016215111345807963,-0.00018425573168690727,0.028559621161809115,,,,0.024129415037436982,,0.03922229100863867,0.02569839741807001,0.016865722284241564,0.031087664197185193,0.02994652059272402,0.03455072984378197,0.016215111345807963,0.018961720051030112,0.02959030687936106,0.027569829429016788,0.030107971487855007,0.026731679009024935,-0.019348328597669006,0.025703411953718787,0.09306838776467956,0.11542334067755408,0.021648554462337755,0.03274016338232909,,0.02994652059272402,0.025703411953718787,0.02403900611052021,0.027855358694631998,0.03452201004693215,,0.019803735695724606,0.03183090128442284,0.04457571076899117,0.020527010660259044,0.030309905916131554
2020-03-01,,0.028054651867509096,,-0.09566724526687882,,0.006092071523718066,0.013764724020331662,,0.054155017108233894,0.029412185894407097,0.013549671432054744,0.045949253794482704,,,0.09650542543280799,,0.03234374479715277,-0.09507867324955308,0.005593309258399033,0.1271815572429055,,0.019985239547304818,0.006091564370046772,0.02074399288294533,,,,0.028565059893790587,0.031955186903167336,0.008718561308077981,,-0.04602528147448163,0.12861936394859952,,0.08874350020387595,0.03443797610647257,0.04303547937190274,0.009859422649664407,0.0027907811833800707,-0.0020889817016347444,0.040100256294744605,,0.009447735770533327,0.024836720969006545,,0.037689401594033355,,,,0.021783135988109516,-0.04799999732405091,0.013259412072327862,0.04236138387897382,0.02898173407609986,0.009736913714320256,0.037686520391084784,0.029387175529297833,,-0.023571810022216137,0.028997668400105592,0.023213750290021228,0.06137745504036407,0.09243683850331029,,-0.010633410522597905,0.007198741696437386,0.03706946237472906,,,0.017619786700630285,0.04244851415248552,0.03465587683820153,0.018666616779341373,0.041347464467553434,0.03351652131068878,0.020544434155183065,,0.02495403909593545,0.010053492852006156,0.03100314319953411,0.0011002407079124716,0.035699794996583045,,0.03795020788454115,0.013460853238085576,0.08028491945856468,,,,0.009048039371538951,,0.0470785480246887,0.038016715968883924,0.008853969169197203,0.03175472268320397,0.04243683541788626,0.022508805053836754,0.031031527396275124,-0.001747478277140737,0.0277603115445558,-0.0020654793734265625,0.04818593365910825,0.008277058877581133,0.5679381722002176,0.009048039371538951,0.24920694699278656,0.13762292073711585,-0.013694920484674772,0.019124442982554737,,0.033860655390369816,0.02340749973926827,0.020695338633122052,0.027595867195015902,0.02988138557010231,,0.03709605048770768,0.031760895871467014,-0.00018468877691586955,0.035308038412388436,0.035292912495724506
2020-06-01,,0.0053060183770651925,,0.04662537366047594,,0.08258281854677108,0.03247082508236824,,0.053183733197705425,0.03390105760431569,0.04493837756821498,0.04265441313099639,,,0.0028771870401555167,,0.0754051090060878,0.0042072049586131515,0.02658396334780851,0.33177945821348664,,0.019615230088463793,0.006321025791623139,0.02461005876682409,,,,0.03083960613458375,0.03931072954828545,0.05810681934230797,,0.00722952109895949,0.29344768302611074,,0.018113944557493513,0.021637317009310993,0.032709488521514805,0.02574168155669981,0.008362189390548558,0.012440507608128643,0.024948231200760295,,0.011914045370876147,-0.020563975050274828,,0.0067960832229814186,,,,0.02771808818389639,-0.028539049735982973,0.03941035680166555,0.031857465050493555,-0.0019576352013487047,0.03790950425550502,0.03862972817500261,0.040518612134722784,,0.04664423552362728,0.03441179892761635,0.1870703543411212,0.08761058384086376,0.33177945821348664,,0.003784270902648424,0.014514123006815908,,,,0.03924683699758908,0.05507506431881141,0.04061318503241199,0.021637317009310993,0.33177945821348664,0.03992233344283237,0.00780903328842142,,0.04908055312384352,0.006321025791623139,0.029030138300765493,0.036212536711548976,0.022096703083452855,,-0.010712940899851411,0.009962349671695351,0.11040094944278331,,,,0.01948491086944446,,0.06296837889591415,0.006129406392346911,0.01935630702033972,0.02843612198428445,0.006321025791623139,0.033850161023435604,0.04653801171259581,0.037164528911260604,0.020713262195225828,0.01497731030163037,0.05126878439625721,0.02933148978667222,0.035849845205396726,0.001972013874794942,0.08368135673758206,0.29344768302611074,-0.013508299464415034,0.04797113434638716,,0.03393632230566448,0.00443081425945398,0.11810283491557581,0.04179649426794292,0.0859235206948298,,0.024598477896367668,0.014757028504301488,0.015307602435989186,,0.06806815450251531
2020-09-01,,0.030730076978272694,,0.043958428523256744,,0.035789882923426004,0.030730076978272694,,0.03720266422666254,0.026752515251504017,0.02629978598609066,0.025181049230084768,,,0.028552916445756183,,0.056864045837850895,0.008756345313481588,0.012917144448435992,0.056864045837850895,,-0.003928336648320717,-0.0011299572913037932,0.030730076978272694,,,,0.02808510059646332,0.030730076978272694,0.030722126343524447,,-0.029035967911211148,0.049533634340504784,,0.022266550170137313,0.022831313633224295,0.03042297185326155,0.025146667874310878,0.02926062576074418,0.018734379862076173,0.027003896905496934,,0.024231830856791398,-0.0021241763898853,,0.03336315198202818,,,,0.020167688772995424,-0.0242579840507337,0.009118515784814634,0.009717346896362828,0.016942846849087968,0.0378965058410159,0.02956764343029661,0.03271964113066203,,0.03845986837718739,0.027579061817509267,0.03840696262035364,0.02709578439393349,0.03276048259266982,,0.016847291017101404,0.02540332121469492,0.030730076978272694,,,0.02077518741710595,0.029828783085862294,0.030730076978272694,-0.006619032473641251,0.030733868582838404,0.032327621426581556,0.009126755964460243,,0.02360559986124119,-0.017744744058946105,0.03476489737777385,0.03645240663591299,0.008879424911649284,,-0.0023467926049853907,-0.010948248682603245,0.004787478931581879,,,,0.030730076978272694,,0.04384019144908556,0.030730076978272694,0.02059987224161447,0.02944320327709942,0.025146667874310878,0.031169542634981545,0.030730076978272694,0.029768180860959097,0.025409858951163808,0.006856621118143084,0.029111410093152754,0.022479075027700433,0.026677327341866494,0.030730076978272694,0.03459834201245043,0.04344640093551535,0.018216972960936897,0.03456352720773333,,0.022831313633224295,0.010493457519463163,0.029121631432592648,0.03276525398032299,0.06789593467152488,,0.025409858951163808,0.021624132003639194,0.02188367770326026,,0.030162522091330746
2020-12-01,,0.026368933458993042,,-0.0011545846490108713,,0.053540553203120414,0.029042029445838766,,0.03327408128435792,0.018762430290394826,0.027716996582978045,0.020274016635268437,,,0.016043346584926368,,0.06604534358150659,0.010246381965227211,0.0012460705664436966,0.03666964520676961,,-0.0015623777487675094,-0.01357449565475406,0.026246883231953243,,,,0.023686222672644586,0.029042029445838766,0.01201018239717124,,-0.005532027919279438,-0.022847951085939296,,0.058476615687558874,0.027368076414372396,0.029287069249795572,0.00014225891622029392,0.08597808559560297,0.02279723131908972,0.010362220260123215,,0.03681182113356221,0.009831798585287595,,0.03332402853303153,,,,0.00991309505005065,-0.03600947941624257,-0.0008185001084074018,0.017211602126875506,0.02204857597310426,0.03161653690266062,0.029042029445838766,0.03507327634385131,,0.025460317726269197,0.00955101156888444,0.015662222313994507,0.06297810622824462,-0.027100932593942136,,0.008266105389359926,0.013212363411558216,0.029042029445838766,,,-0.034101600401402046,0.024476364212868168,0.029042029445838766,0.015049667433863453,0.0807407625843477,0.030045552115766722,-0.00501745086706299,,0.009313808370333259,0.010139548055952298,0.03614078433161775,0.02692800158106047,0.012350503653213971,,0.011898243652342993,-0.005070072465897598,0.016859434999282472,0.06697861695147127,,,0.008414399034681188,,0.049536334680978636,0.028084818338609145,0.008414399034681188,0.009703536504469295,0.027368076414372396,0.019762668302005845,0.029042029445838766,-0.05178550944256491,0.023003581947316457,0.006788962788016259,0.04952225769556214,0.022145254491751205,0.011722774388256309,0.026368933458993042,0.01895589484112023,0.09991547226484777,-0.013388412989137257,0.03559156625733936,,0.01281197380918423,0.00255785505283088,0.08652105598173682,0.025435920213080512,0.038945303065480746,,0.00720045107509561,0.020067915899444504,0.008624371317603014,,0.04223204490631681
2021-03-01,,0.02624005715991269,,0.049165687282030086,,0.03197426310354479,0.02876667006940999,,0.024526727252675306,0.025675717616786223,0.01889172439850726,-0.00011186329194407031,,,0.03176517453691825,,0.03910798916793054,-0.015183863424593134,-0.021978290300678337,0.05207200467181421,,0.0035174780999008286,-0.014014716378583697,0.017838488364971296,,,,0.029233046284162522,0.028783694567629473,0.03148690519699599,,-0.045975614684142185,-0.038369687207398355,,0.029374922178382525,0.009319132473262456,0.02116847463997954,0.008676905085625916,-0.07699186985124516,-0.0293211826835598,0.03107751040861047,,0.031501859720826295,0.006639122846407268,,0.028783694567629473,,,,0.013268627730688954,-0.03945769221308885,0.02876667006940999,0.029250070782382006,0.006693072952577867,0.001300765970217285,0.028783694567629473,0.028423921924231835,,0.02921472354891059,,0.0333868800702982,0.042244777058744645,0.012973357849137362,,0.0035976147889316143,0.010563233541605542,0.02845086974289233,,,-0.04341538441456304,0.020186934714572568,0.028783694567629473,0.012000564507303366,0.009939601766411905,0.03186255077546563,0.00836792243340205,,0.016541454666403985,0.012935468269427557,0.004055876947033641,0.006840403249205156,0.005487185574192689,,0.008810115809795007,-0.006901721790451722,0.013698794755791333,0.04936360467096253,,,0.008810115809795007,,0.03314837256292165,0.027382438638968713,0.008810115809795007,0.012041841885552063,0.018151549858514342,0.01664231900211977,0.028696443871825725,-0.04628923179358778,0.026309744826378097,0.001971711994441085,0.03673238999902986,-0.012190971959965024,0.0035739293792418636,0.027382438638968713,0.013744141828907548,-0.025274399526334906,-0.013726396883983492,0.030990259712806723,,0.018151549858514342,0.002094849021737035,0.033014866876111375,0.03234855901904374,0.005438163600130014,,0.027382438638968713,0.007949709982420967,-0.0019062777862672684,,0.018254321893766502
2021-06-01,,0.01574177948225078,,0.000636612436480035,,-0.05041807479573076,0.011314651541856017,,-0.004705837005675836,0.007877947268650029,-0.011325310558190742,0.008148081469189885,,,0.02135820816878808,,0.02476748136063063,-0.007772710860354311,0.008776124334910419,-0.04700205638778321,,-0.010105206480545912,-0.006882328058773487,0.01286266924477185,,,,0.010043135843588857,0.014785257071807832,-0.004879024660241442,,-0.023498380450809465,-0.053448154234569334,,0.00041476502829648694,0.00019503054243711363,0.005261419892336947,0.0009107350129224627,-0.01859582741903458,-0.018022915601701064,-0.0024895094675912396,,-0.002341285869826522,0.010384436683240685,,0.01584171432661693,,,,0.0009857870171488313,-0.025430897499793135,0.006223677434389615,-0.010712354781192594,-0.0068305346739518675,0.007066446941414289,0.015390889743074876,0.010007375504231211,,0.008561451876415436,,-0.009294522668653911,0.01425845434681484,-0.00298771683542577,,-0.043085301986201786,0.0009036545664864369,,,,-0.022171505887143377,-0.030582826800920584,0.01574177948225078,-0.0032754073214353494,0.010238951696985235,0.009741080675167645,-8.30369501554721e-05,,-0.03012259342508138,-0.0017044081387912904,0.009036026652254928,-0.00917074474027812,-0.000253683325496548,,0.015563619861986204,0.005944170813185476,-0.018210674768434836,0.02336668295199327,,,0.0005201137315034363,,0.01591570978134586,0.01574177948225078,0.0005201137315034363,0.000690330004394392,0.00837089246952861,0.015034283033216127,0.006582221538703483,-0.001327000915283493,-0.041473218490807456,-0.009864836815661283,-0.002664479103351661,-0.0029949799404431687,0.0012970139306998463,0.01113649192159144,-0.007523770051268946,-0.055696167141180926,-0.01937711780783685,0.004785205997667441,,-0.00047978418202663495,-0.009028292976708112,0.008824551158691744,0.011177846096515962,0.022180046869522654,,0.014256203166958246,-8.30369501554721e-05,0.000550431316814677,,0.0006492921448574161
2021-09-01,,0.019543863537430966,,0.058337119427968126,,-0.0072450956929946,0.019543863537430966,,,0.026175043715842495,0.007381365961484401,0.002949932491745473,,,0.003044174875043643,,0.02399930412224078,0.009936286397270325,0.015859381238859195,0.007563232355093269,,0.008588175692481692,-0.02484856399758446,0.018557217795489234,,,,0.020165353715171006,0.020730566052163155,0.006776555214549834,,-0.017278340710645,0.02376015536138235,,0.02665626664818576,0.017452333724366203,0.025473557112249065,0.01022072201595308,-0.0006102287754331627,-0.00757035082343985,-0.010394311922086135,,0.015001039576722648,0.015311961425190913,,0.019234596697501768,,,,0.009691499748749954,-0.006671919939353097,-0.004023560143224623,-0.021585036464209565,0.010715862090301174,0.017753880894214355,0.021201159588099577,0.02179029446356425,,0.045495402795577226,,0.00918855180694994,-0.008740715235017127,0.0019516021511507818,,-0.0073445091428133,0.02107579680483009,0.022972406983383764,,,-0.03821280979798538,0.01004505071724709,-0.008573117411822104,0.010926883390455404,0.04167509190121674,0.023504508305741585,-0.001188587126526418,,0.017753880894214355,-0.0016982846610885361,-0.0015620048382493784,0.02135349859430429,0.017368069264403305,,0.015311961425190913,0.007306386017317182,0.0012935204922049455,0.009322988399930187,,,0.016200376162380088,,0.02565319419831791,0.016200376162380088,0.018296701968192948,0.017368069264403305,0.01745509839756441,0.03550467720677324,0.0035770395619571164,0.018827916158594304,-0.016147583217591473,-0.0017869422708457578,0.02188997096226831,0.016262859645000932,-0.015999806072242967,0.015859381238859195,0.020188102175431256,0.016654828974768377,-0.0017737688135415666,0.022157723047903716,,0.004587095937228388,0.004397310117651541,0.024697754388178075,0.03098825321448945,0.043876473925722435,,0.01531472609838912,0.002205619788501164,0.019750168394658544,,0.021512138973008875
2021-12-01,,0.02303338243282347,,0.03162114595474394,,-0.001380268741331269,0.014173126568793415,,,0.02411900145267037,0.01970963360095397,0.010985540622201466,,,-0.0015001947167549738,,0.03510984561002259,-0.02463790888780203,0.013174775885668144,-0.005857864951400785,,0.013830224184151559,-0.017246579679450265,0.014173949932554449,,,,0.02303338243282347,0.00563117659102019,0.016412702569060512,,-0.03308195066930724,-0.02775325578018844,,0.014009281824060991,0.021156314348489663,0.02464016836120031,0.01499464099747818,0.015435987278557259,0.010554201962785397,0.023872364414623034,,0.014099618417785297,0.010663396881441536,,0.023900754539623037,,,,0.019431610869999102,-0.0324064176520728,-0.0029853878622174224,-0.03281206457679858,0.017746805751292963,0.026841978788773806,0.023786805329587213,0.027621957048484136,,0.046432950494474136,,0.028408896294620064,0.03145877854342019,0.014173126568793415,,-0.05213162818827113,0.03389422304176379,0.023103355817565594,,,0.016187871358024252,0.01942641563196786,0.02379311219745765,0.019594636596396105,0.03529478915300348,0.014243923317296575,0.016464892045221596,,2.958274090479955e-06,-0.003312433515302553,0.025408512487428415,0.014072944716675669,0.011113661930270104,,0.014985751807908084,0.015926709447287336,-0.009445201449202422,0.016872061828815017,,,0.012763274665865883,,0.029378984520271333,0.012803415964526344,0.020448375768134106,0.015676278042475573,0.021260736287972478,0.057283099375613614,-0.003975227059439615,0.007720957181120653,-0.047149301228009526,0.004689156314845927,0.023195776764338108,0.016084822538153843,-0.0019160788264754472,0.012803415964526344,0.004232852318089274,0.024893505589191095,-0.004006295280834289,0.02303338243282347,,0.015049246148024229,0.029752501813689998,0.024560541801831655,0.02714906961939387,0.038485582763687735,,0.014010965607260487,0.016337487591838427,0.013265226366746957,,0.02303338243282347
2022-03-01,,-0.011864205406055494,,,,-0.0005649178418997159,0.01598005378714286,,,0.02839730715130331,0.05107593526464924,0.015361141324857847,,,0.03203107000573264,,0.045700495126006886,-0.008213446582913448,0.01598005378714286,0.009629207877480086,,-0.009165298006761257,-0.014462356125378129,-0.003507659186724305,,,,0.02284119498518984,0.020723419715725225,0.016921095088625816,,-0.04407969521294758,0.04047611255115196,,0.044696833466772445,0.024253277640288846,0.018005167784211618,0.0115660254877398,0.011972979500994862,0.004222249484275897,0.009991001008040989,,-0.00024019161582497189,0.014715586665816495,,0.02293034403682919,,,,0.024057345534454468,-0.03537245223503357,0.0047011089120083255,0.023433615441045705,0.01785486314429533,-0.021065599161500376,0.022512969698247436,0.021448325834595865,,0.10189934991719377,,-0.0015898352819241027,-0.012724178453876881,0.012101054648055203,,0.13594124221867743,0.03000687980235889,0.020126074862344433,,,0.022623504999966387,0.012170431920980043,0.023894498862283627,0.013408801854223844,0.038904589700285534,0.020126074862344433,0.1395683057474583,,0.00035445796296282935,0.011694126887236724,0.027883227910077583,0.01242523002901705,-0.005136444669320383,,0.01598005378714286,0.013791481670822541,0.001980032524575099,0.01859671736883546,,,-0.00480185927379455,,0.023177083723847455,0.006126129440093971,0.011517693620038452,0.022429787615977522,0.013467876340127029,0.1460988767712398,0.011389190958798782,0.013275300672583598,0.03000687980235889,0.05805646559909151,0.02281858437502062,0.012743031841998476,-0.020639565020985247,0.0051313031103764825,0.015318765783226898,-0.025911566558649318,0.1651030306727112,0.01598005378714286,,0.013466294707757565,0.033732723836412855,0.04668509215808463,0.024639746559979657,0.018005167784211618,,0.02284119498518984,0.056787104753828394,0.02987599262122455,,0.010970008841628433
2022-06-01,,0.023999138472560372,,,,0.003423681853927447,0.025554442468130954,,,0.023165661625974915,0.015076995639753912,0.024030063033163854,,,0.004745111137601496,,0.02577074887840447,0.020902471844642664,0.015561239294488764,0.034017238813629565,,0.011121443007722122,0.0025794462290680466,0.020849254871078565,,,,0.023999138472560372,0.011334423403658615,0.021308967360902528,,0.017166877809261665,,,0.021446245156910272,0.018459033838170432,0.02126419979997474,0.010596485370799377,-0.035649420086865585,0.018130151691667044,0.026997595678024774,,0.018579702143938077,0.014245809767067158,,0.025554442468130954,,,,0.017473736988175576,0.025882930574940052,0.02528232297800168,-0.007787532917375532,0.019452642069984552,0.008631391951634402,0.0264317534019462,0.026997595678024774,,0.08966249424856225,,0.015551038964562953,0.024845494078075202,0.029422971613458977,,0.07416377745898926,0.028881449615953327,,,,0.02051981242872853,-0.04458688841749227,0.026997595678024774,0.015263176084642671,0.0030231404199936164,0.020849254871078565,0.10663939408173881,,0.01724075656218949,0.015886181850390334,0.0405750856516968,0.009082526160430962,-0.0015854028164361256,,0.023999138472560372,0.03736757843649379,0.09491961885982757,0.025554517115967623,,,0.013348464504385822,,0.018931604231665514,-0.011043169641305188,0.012784912951221089,0.009052547162643183,0.021793748385657268,0.10824930331526889,0.023518000766700683,-0.0106354106494065,0.01821837611044364,0.020451305134098985,0.01512107532362085,0.012781254321821138,0.03714928896186819,0.01493145680141808,0.008112743296861867,-0.03363494232927095,0.06031277878074035,0.021778895210923736,,0.015137886428382943,0.044314185646499506,0.028831800027622707,0.020958986402455294,0.01851455539836995,,0.024073017225488196,0.02029367537623975,0.019248250598729384,,0.014417414077622337
2022-09-01,,0.010136963876730807,,0.007928101282542989,,0.006719968068937988,0.025479441279666577,,,0.036204927774919855,0.010423751969465928,0.02343149500818969,,,0.006280040088430536,,0.1217282322737012,-0.06830700018483946,0.024551426822011793,0.035662115037916775,,0.002049383712875237,-0.005917767696745367,0.024551426822011793,,,,0.023895213973876527,0.02756931943785011,0.015049028344772878,,0.019582465731597165,,,0.024252391285448593,0.02903811213506061,0.027034902133432192,0.013810439284659685,0.006244161314875694,0.024755074470851453,0.02756931943785011,,0.024737817067508976,0.016640560880638457,,0.015332556246294156,,,,0.005012021420644151,0.014322143378637292,-0.02019940399485677,0.01307047401724123,0.019503804369502272,0.014126534320868847,0.025851458129230044,0.008753997378369818,,0.12218617715454157,,0.03730709529218737,0.015781407133320487,0.030646628893263583,,0.11157184697328493,0.020497045808972016,0.026527525271049793,,,-0.03211558383265546,0.011267705700209895,0.02756931943785011,0.023313873522200653,0.06914028841755979,0.025929737762706583,0.13712277339776424,,0.014361773839271131,0.025235377217714836,0.020359015175467843,0.009980235343589829,0.013573572174345084,,0.015419359497213018,0.061162255416766835,0.06680959594805033,0.007241360655643152,,,0.02445425206530664,,0.01086502058886573,-0.012717858746172452,0.011720132583693818,0.023805044681423068,0.02690444062526329,0.13077859526683705,0.043188100158912744,0.01750494523220852,0.022935739330574502,0.08355365209097235,0.029567972517458418,0.015465365723372548,0.005406935391238638,0.014735409101509982,0.02792863052320492,0.024290495170696456,0.06827610631355083,0.024415811362793742,,0.021687454384682604,0.03277356931496517,0.08208158519863898,0.029381928929110932,0.04970761951001795,,0.024415811362793742,0.024419199617810087,0.037499524081939066,,0.016467569380602606
2022-12-01,,0.020205333648650518,,0.02561753765407327,,0.03650899238052177,0.0293501827754668,,,0.03837010869616853,0.014346312001719866,0.02786349786577245,,,0.016749203598530122,,-0.007818832136579934,-0.021291524171623093,0.02876832883931534,0.054242235608550904,,0.018287787929774226,0.02026300210562849,0.02876832883931534,,,,0.02876832883931534,0.044736525243695736,0.02622361727056906,,-8.478317935055634e-05,,,0.04016995492712575,0.029063204568509148,0.025957124878872022,0.016063708540430058,0.011136591766178086,0.003986526813754562,0.044736525243695736,,0.05743684781688593,0.026559697713873287,,0.02002647975006065,,,,0.00957616241481807,0.019332739524035945,0.015270312291077497,-0.047928450779064914,0.025247697187742196,0.024037442858892987,0.02876832883931534,0.036018269392338584,,0.07474623469849828,,0.028835751427568466,0.03151587581142543,-0.011219093209433501,,0.017616028993999482,0.04758833418849848,0.02622361727056906,,,-0.010736055671401502,-0.009615527025629761,0.044736525243695736,-0.02865422353778451,0.04434437878401231,0.024606028726264727,0.032503538584129854,,0.022573178826903326,0.025827793259128026,0.028629339115470227,0.019641985772385073,0.06263317624641422,,0.019641985772385073,0.017142666369756785,0.04294319294897937,-0.024724804238888953,,,0.02876832883931534,,0.006132620993063831,0.01712124271531832,0.026581136362548833,0.021937341841789422,0.025548136811421616,0.07652911061217334,-0.0037730546016050692,0.018389243801651235,0.02940729820922239,0.02197977439094202,0.044934701933582184,0.01913352061992278,0.019454491071873563,0.02069144480762486,-0.01798577711007112,0.0314048414359699,0.040822226466212155,0.02876832883931534,,0.022474664801608236,0.02771132069691396,0.05131541021586609,0.031002297100846066,0.04135806627025394,,0.020746347746759833,0.01593037380455639,0.029499625194447793,,0.015355910995582991
2023-03-01,,0.021875185682867393,,-0.005130338967016736,,0.041325153432359006,0.03331875369397246,,,0.02967056516013921,0.02800088204338824,0.026106295804311553,,,0.03935239668341431,,0.026815697251547053,-0.001254103503539162,0.011661238596126496,0.003385842597626997,,0.005273690826255713,0.022319508317925976,0.024051519368969723,,,,0.018690617834409947,0.027334691804188897,0.027857139027432868,,-0.0037869728885668815,,,0.03992300540062877,0.02909296605933467,0.019680286264209007,0.014955580169050364,0.01600676498902127,0.027220450690696184,0.05793282805041622,,0.033444510440047065,0.02380262441128932,,0.007046048530379512,,,,0.048429171354447756,0.0014967549475885591,0.0116125978672636,-0.006873361438586143,0.02858667017634612,0.02714665566798023,0.027334691804188897,0.04075882709564873,,0.03372352569826634,,0.03380723200282167,0.022335324610327476,0.04372640861151542,,0.012353875764415746,0.03757687850245062,,,,0.010277874868095564,-0.013503336214096603,0.027334691804188897,-0.0147116646091436,0.02524972527142184,0.001582613792495851,0.029228764082831628,,0.021095431615265493,0.027334691804188897,0.020019410963591135,0.002852843399676245,0.012766584789933824,,0.027220450690696184,0.03719508543109579,0.07624594529131065,-0.02919840838534677,,,-0.010071652966562922,,0.03346548863795434,0.00883612297294907,0.03352161379184781,0.02787037150073914,-0.046736126111372435,0.10714119263955875,0.03402049873086171,0.018320790865470844,0.0351299570658534,0.02380262441128932,0.03346249670992783,0.027857139027432868,0.006013695637123964,-0.009192011865711308,-0.04450178312386117,0.07868920600919585,0.01373725006701723,0.019267473603912923,,0.022533472471889682,0.04229296559725978,0.05548574733062342,0.01700407751795812,0.06886309948278602,,0.02194929747346584,0.03331875369397246,0.02242524100330832,,0.027220450690696184
2023-06-01,,0.018685805223640894,,0.005872671101915869,,0.019146916526793758,0.018701394850741737,,,0.019989549530791222,0.020780080743353732,0.01807203563644464,,,-0.017353895077983787,,0.003554095034521145,0.011451003063926796,0.016814391175250958,0.012609958443247402,,0.0008710743173624546,0.009737049089988363,0.0171613479184339,,,,-0.025204995943663724,0.01865392764067073,0.018308726418019176,,0.016698754992868253,,,0.027394698317420522,0.016769592470335964,-0.0023663693830584366,0.012124752912504342,0.021944133848605628,0.018824299773448572,0.022112392319610697,,0.001960970655084174,0.02037265882520366,,0.016889829530729886,,,,0.005086481204468613,0.01807203563644464,-0.006192329243670254,0.009531461219680454,0.019271353861008842,0.022641167967417695,0.01865392764067073,0.022112392319610697,,-0.00844595604202823,,0.019666108119269287,0.024403836268958964,0.01826197740969623,,0.013004134721897076,0.009242637762516975,,,,0.016849745207001273,-0.03860804003158252,0.018701394850741737,0.011802881913811339,0.04158390198883646,-0.028612483552538922,0.006174563181802511,,0.01683724954267593,0.018685805223640894,0.021848261944705124,-0.008286101108880957,0.022221191218134338,,0.01865392764067073,0.014797019129583344,0.030061105572290563,0.018701394850741737,,,0.011063035321674053,,0.021362372882690054,0.020640833877662274,0.02083145277801302,0.011764396499654042,-0.026306300907858553,0.021240193588375648,0.019666108119269287,0.01014634375478769,0.01678478962293866,0.01863819401978879,0.02316291722469268,0.01685210733903628,0.00631406290966181,0.006635539136931107,-0.00976116679074287,0.013571407769422004,0.012579540017921347,0.018701394850741737,,0.016769592470335964,0.02014743843503742,0.033321125954024165,0.013223932089353052,0.03193792476848323,,0.017847724393444505,0.00939009234680542,0.01481607987858608,,0.020307415125582734
2023-09-01,,0.014825324349678756,,0.033390808758867054,,-0.0031420354265646573,0.015349500044609193,,,0.022813659772823017,0.01607284603644309,0.013723770357499736,,,0.03679008983263673,,0.02805332763360923,-0.0036662154163212488,0.014825324349678756,0.020736115809689665,,0.009865704813676532,0.01488050982971399,0.013797702100165838,,,,0.01481888623469531,0.014244709895411567,0.0151996380298464,,0.012688071238010521,,,0.012839139158746616,0.015125429686550547,0.027043174547261125,0.010049938899046979,0.01473203783784881,0.009440858601075805,0.014452077494193097,,0.004670216421919686,0.014789642155274589,,0.014104314361888174,,,,-0.00605721993332503,0.01389906156902504,0.02897306708205034,0.0018445234065879968,0.014789642155274589,0.014316036526418646,0.014244709895411567,0.011558546721531143,,0.02251187389307143,,0.015134209354733467,0.015420750752374084,0.015599278120918006,,0.015556967012859493,0.010801358613127946,0.015622052787181234,,,0.003699698868604173,0.015013729149058762,0.014244709895411567,0.015125429686550547,0.06055572033374358,0.014763051532442546,0.014963315616626864,,0.01360103191428481,0.014440101893164132,0.01543507800149591,0.012331750737057902,0.029425157253718748,,0.013966323094940067,0.010049938899046979,0.02720600528492925,0.006924367438071226,,,0.014656703354904526,,0.01575870135037433,-0.013544821229183535,0.010049938899046979,0.015003851718222666,0.015125429686550547,0.011206856564829538,0.010666797264250537,-0.009866313067735956,0.013387141239089913,0.013322124147081501,0.01575870135037433,0.015322612050301262,-0.004248444389236068,-0.02678737811214217,0.00040938951085350947,,0.010801358613127946,0.015141842985170774,,0.010801358613127946,0.010049938899046979,0.02756023258229929,0.009683739305792973,-0.008445841632904167,,0.013935693367113944,-0.023272081412835783,0.021467057225455333,,0.014104314361888174
2023-12-01,,0.015232244855403459,,-0.0003164393992939371,,0.030495971331465473,0.01529231438073732,,,0.02329518348426706,0.0005481167655135605,0.012416460400130083,,,0.009898661535297129,,0.01925206705924785,-0.018685126126031276,0.0155682993623258,0.011172307106230602,,-0.04421784972099682,-9.442919235653563e-05,0.011341803412825995,,,,0.017641736137485466,0.013536710815471927,0.01880877782214155,,0.01664446908309369,,,0.02482409081622886,0.015210025722817109,-0.02889168051719087,0.008126213655359328,0.010640147202570541,-0.03570655436876854,0.015230621413588937,,-0.03935497397096671,0.011703681374713443,,0.01662493477954647,,,,0.02170340263555722,-0.016650039253891535,0.009463523473458012,0.027587947459898076,0.013490741075392462,0.014110821056448817,0.015495540653274116,-0.030947882938991655,,0.0336414597078898,,0.014186251402805477,0.004471150221853652,-0.037427505328003034,,-0.01654219156306728,0.020325426768731752,0.011872482382894642,,,0.02379569187617298,0.021650082386722946,0.012467142767159876,0.015293545069967811,0.11927668641435826,0.011872482382894642,0.016308547823917916,,-0.008304860893597476,0.011872482382894642,0.017243140689967906,0.0037946477524132163,0.05214336574977416,,0.010476455538089449,-0.04464396508864458,0.038248863561949946,0.013386299229848393,,,0.008867850157691818,,0.013844119797205234,-0.010637145051579235,0.007636688243099063,0.013221783927357686,0.015293545069967811,0.05600722084974491,0.014267275864705482,0.009866318360738906,0.01953973777497751,0.012731468471644644,0.03158723523001,0.00949601992875228,-0.017532654637204707,-0.05149268006801497,0.00012885886125335762,,0.00039076325559921467,0.01529231438073732,,0.015293545069967811,0.013654616775956679,0.03691789827686117,0.008054905499060277,0.046355868174150626,,0.008740810463837075,-0.019142437808535025,0.017173773574936733,,0.01529231438073732
2024-03-01,,0.012732680682494979,,0.00918690838358822,,0.014136630722284532,0.014057680291890463,,,0.014057680291890463,0.014057680291890463,0.014057680291890463,,,0.019942747284811917,,-0.0027461492086666597,-0.017447340256997908,0.009747822392542599,0.021242112864755833,,0.018891360481493414,0.009588534226372894,0.011137328767325832,,,,0.006468414684104985,0.014057680291890463,0.014136630722284532,,0.009588534226372894,,,0.012804209242304347,0.009588534226372894,-0.0013278397126075645,0.011137328767325832,0.0140184940615358,0.014057680291890463,0.014057680291890463,,0.012732680682494979,0.014057680291890463,,0.014057680291890463,,,,0.005935376854735219,0.009747822392542599,0.014136630722284532,0.03509610243242445,0.014057680291890463,0.0004540069488291403,0.014057680291890463,0.014057680291890463,,0.006464944167869803,,0.014057680291890463,0.012732680682494979,0.013718353704719265,,-0.016316578174141283,0.009588534226372894,,,,0.036270207895933715,0.014136630722284532,0.014057680291890463,0.009588534226372894,0.0390282659113007,0.009588534226372894,0.011137328767325832,,0.012804209242304347,0.009747822392542599,0.014057680291890463,0.014057680291890463,-0.016316578174141283,,0.014057680291890463,0.009725634040416473,0.01861190847561879,0.014057680291890463,,,0.01801674212042777,,0.014057680291890463,-0.006448412576401063,0.011137328767325832,0.014057680291890463,0.009747822392542599,0.005935376854735219,0.014057680291890463,0.009747822392542599,0.009588534226372894,0.011137328767325832,0.014057680291890463,0.009747822392542599,0.014057680291890463,0.007533308307036131,0.002731823127760189,,0.014136630722284532,0.014057680291890463,,0.014057680291890463,0.014057680291890463,0.01754621698148623,0.011137328767325832,0.03573579963258487,,0.014057680291890463,-0.011430670765007152,0.014057680291890463,,0.014057680291890463
2024-06-01,,0.01054192170005796,,0.012894971776120992,,0.012868008224054777,0.00801676070617284,,,0.01443792830507889,0.013967800657838909,0.013967800657838909,,,0.007675181597003922,,0.005908244922833813,-0.0034706155489209285,0.0091500887765244,-0.023019522132919627,,0.004903946826608235,0.006503619538248439,0.013099340227804202,,,,0.007647626621313831,0.015314088595544489,0.008711908434485834,,0.01097582172080555,,,-0.001101775362281764,0.0076143592423014985,-0.02034210404291855,0.01024824861855279,-0.0005725798843705366,-0.007366428280536557,0.012044159573694025,,0.008911942130485611,0.01024824861855279,,0.01038486915971087,,,,0.0030671797967179735,0.01444908904790354,-0.027108400960907518,-0.022670062289771885,0.01099166688451128,0.013108796403486986,0.015314088595544489,0.015314088595544489,,0.006684321777596888,,0.014865051602012775,0.01015232934133829,-0.0026802346941854323,,-0.05108776300295224,0.007337364726439852,,,,-0.005434565336600237,-0.0013098809498172331,0.015314088595544489,0.007337364726439852,0.015437192750552402,-0.005439420706283734,0.011714139692206499,,0.009171264671863221,0.0076143592423014985,0.013967800657838909,0.005637713019449232,0.014828061570934864,,0.014197278756550406,-0.0038207080455185567,0.024906928835995122,0.012254565663806756,0.01351070531547697,,0.002940857973281106,,0.014121633336054285,0.010158413472239624,0.004418830965560114,0.005828492990628958,0.007337364726439852,0.006723641061664636,0.014865051602012775,0.010939603295724892,0.007337364726439852,-0.015597049276247651,0.01032851091646764,0.009300061131159661,0.023424276456167386,0.00306065375178579,-0.0060823374883499075,,0.01349231332523862,0.006707846419900154,,0.007337364726439852,0.013706137952604613,0.03147904751116604,0.006356880465473925,-0.0032197720665221156,,0.0123994687135026,0.0074447821514808535,0.006356880465473925,,0.0013328342875091519
2024-09-01,,0.007245535622139645,,0.016408437280158783,,0.014177286943273765,0.016321545377151702,,,0.024901224972640596,0.014239179651550618,0.006725506797268023,,,0.005678917127820825,,-0.018736169816663772,0.004534969038136959,0.012879319811385648,-0.0005590183043990745,,0.014320735175430994,-0.0005625231020950483,0.012468309198711756,,,,0.0023156915027346243,0.018827218615309182,0.015687495230038553,,-0.012053270538436613,,,0.019644028207446734,0.01386827473755405,-0.023955393572975804,0.004774703853638266,0.013750343914373226,0.012946890159546585,-0.012157537037936386,,0.015702719616668297,0.008256806789188218,,0.008472966696375216,,,,0.004246625987891063,-0.005071980036277776,0.00274235202747802,0.008752831095926089,0.00784515519315758,0.01295954138100311,0.016815085574441346,0.01965296518728878,,0.05925890777082829,,0.008962952624412645,-0.036616411945306564,-0.04521827612244536,,-0.022914241250777047,0.0025745815251532822,0.020444442709752823,,,-0.020961389917450942,0.03401345170339329,0.019203939152951974,0.016101147110616006,0.06980515458957166,0.018276055453033128,0.018276865681950704,,0.014164754695752622,0.013517962320034344,0.014489528267250303,-0.014398545287528573,0.011768269270684563,,0.0041125329550568196,0.002553028255578586,0.014049040576097564,-0.011105222966623241,-0.011386904359576278,,0.012194070764985215,,0.014007558164431666,0.006701299498514397,0.004774703853638266,0.01358041624786531,0.0023686268664874924,0.016162056551110995,0.0040925608188979975,0.013611160756313042,0.014581742846003158,0.005072690346301671,0.015366952264708038,0.0032220786748021583,0.0021636539248397917,-0.03143380405165461,0.02437226628155438,,0.016083621090865956,0.013583794027806009,,0.0036861310436973847,0.014247168508939692,0.10382325101726032,0.0067184385524301825,-0.0001167070989353596,,0.013187289939837095,0.013383103917026594,0.005696619759685932,,-0.017718332180261812
2024-12-01,,0.01119821124650061,,0.005871572882054612,,0.004051252385580361,-0.006892506864999535,,,0.019489323977061983,0.01067291371491593,0.004528105134699093,,,-0.0321467102378693,,-0.022482669491993477,-0.027951561234531356,0.0007828235508869696,-0.0044084415520888685,,-0.0010441961179655913,0.0026138865868875353,0.0006062530732262549,,,,-0.010163681389258739,0.007955679240958757,0.0011405126996020076,,0.004705167647352452,,,0.02540767455004291,0.008972990815227264,-0.022927508772210094,0.004878042197403228,-8.946257744113656e-05,-0.01030221024877385,0.006856317126581423,,-0.006613555080990552,0.005260715040177954,,0.00464006178933318,,,,-6.092078172449403e-05,0.011700251759394369,-0.012084783034541455,-0.01957877425834075,0.00511129773187608,0.01756149307814209,0.012657428928574601,0.01247655477314898,,-0.011848798911271335,,0.014532804845255622,0.019434327392371237,-0.046317367661333084,,-0.00038944750687345473,-0.00026059789065197275,0.0097329404332776,,,-0.051868735783755886,0.009761463713890495,0.008275521496734729,0.0026138865868875353,0.060698953073300074,0.012714119666165289,0.011049992636475483,,0.012703306979868921,0.0026138865868875353,0.010615538616640451,-0.008576527538590433,0.008404865009287124,,0.00540001140738352,0.0024376021278123385,0.004214965410561492,0.01205860407594651,-0.0017011574134707095,,-0.002106615759446786,,0.011067178850311866,-0.016676140648304045,0.0009367029374501801,0.0043667470916041685,-0.007176792320480533,0.020847016211865035,0.011773581655888814,-0.015521268101282673,0.010965281668057303,-0.008216282460107353,0.014012901039895425,0.0032579702926829384,-0.0064420618512563855,-0.03190598331078016,0.04427168567684543,,-0.011708255697418195,0.0089621789295101,,-0.009424032033369384,0.008200526045168698,0.01086952529665178,-0.0008112530626565786,-0.00197937920432665,,0.005598078055808416,0.007105889168771772,0.0025148691891643087,,-0.0051944343643770185
2025-03-01,,-0.00740164220611849,,0.010700370892258745,,-0.013566593153804908,-0.0017105047336193886,,,0.023012419389829012,0.010239956537122386,0.010801748015343626,,,-0.003526865932099697,,-0.0016951528739572396,-0.018177171709391874,-0.008756009086159875,0.01070777319275805,,-0.0043403854804885695,0.00683318508329537,-0.0036126570660069764,,,,-0.010630793610855388,0.013735167893599472,0.010949001087436553,,-0.0019099961721603864,,,0.01437669650256924,0.0010934826841389968,-0.006172069228923903,0.0038446221299775424,0.005599077341230042,0.0068927945153284195,0.013735167893599472,,0.007055673406091602,0.006960142986910814,,0.0063350860035957576,,,,0.006273139487894799,0.009718254888791456,0.01194308146123715,0.017126055583152534,0.01073212227069822,-0.001628531811318608,0.013465412258713018,0.013735167893599472,,-0.0011622083589720696,,0.01390512827292945,0.00612833442414775,0.011416347363549146,,-0.012113500671771717,0.009571005815035942,-0.00928243164279664,,,-0.017364576360268988,0.012249556911287568,0.013735167893599472,0.0065215795817365136,0.022486610003318957,-0.0024930899020358297,-0.023083176539025484,,0.014241421795289713,0.0007968692701637433,0.011221970775292774,-0.003617130951495748,-0.003313813373701179,,0.008809354192433208,-0.003938635657667878,0.009543093177912368,0.01021595364600054,0.003933766869942218,,-0.0028676721271810902,,0.011221970775292774,-0.006286550970239158,0.006289266558410736,0.009318335287133429,0.008776062353729231,0.01294047633413848,0.014573727299131034,0.0059221317029634,0.006407066725986641,-0.007661798949561218,0.012901734666125044,0.003973409159602686,0.009300224812248426,0.028256787424948707,0.025529700437408084,,0.009748185358364844,0.010350014482244891,,0.00869256191356613,0.01137645413376456,0.032614643974264404,-0.0019909083838321275,-0.0022986401479975,,0.009906935397142113,0.0015771583342726807,0.0027910594729987593,,0.028256787424948707
2025-06-01,,0.011277252071250273,,0.0019309538069096543,,-0.012984127354848956,-0.02610392775148155,,,0.017854813606079538,0.012543546295122556,0.012594950848563222,,,-0.009595384076469416,,-0.009709425927614153,0.001625741857935738,-0.0009516249856705596,0.04327945420539198,,0.010489790051470915,0.009776177699803061,0.0042166691930563245,,,,0.07177297168217234,0.01973135515859673,0.005416457409863389,,0.012412687687511414,,,0.0003224968081132989,0.010891068766320332,-0.027587215778153085,0.007725457237260556,,-0.03095225811252715,0.012032747951678906,,0.009892265235680644,0.0069736643098859035,,0.0064240890654925,,,,-0.00795773096500125,-0.019721896459225365,0.010924038322744696,0.04483510343051948,0.0030981016906249815,0.02494730403481619,0.008032050344163306,0.023360507347160164,,0.017720617554612454,,0.024840686224091666,0.04030029578293041,-0.0008365684766296288,,-0.02040386189025691,-0.004445166516408917,,,,-0.030156794393745433,0.009485718150261438,0.019507482025019358,0.0113299156715784,0.0106983827858537,0.010382597107977653,0.0055697825567635065,,0.01776916934662743,0.010891068766320332,0.014121416152622027,0.004136919179031125,0.011838467817349995,,0.007892242079669924,0.0064167931831340605,0.009120946787183191,0.017354549162960805,0.0015571836162242376,,0.0034768221814229353,,0.011237761709857404,-0.006983411103798597,0.00538086247243459,0.0035116629324840644,0.005956479514464759,0.006921912784078696,0.019951488452005058,0.002205397928548374,0.010035545787634832,-0.008597229971945381,0.004697306974418125,0.0021506674527401732,-0.001406807389704837,-0.0025123381115931347,0.09936481436455437,,0.007319217031161268,0.011823754185809653,,0.010891068766320332,0.009596845029735391,-0.041951753189491396,0.004098734130544761,0.01703751930504451,,0.01198789903220065,0.01164778127733475,0.020643373954023467,,0.057505496362409016
2025-09-01,,-0.0026319736793210665,,0.03243442505794485,,0.01272796269151271,0.0083637648879115,,,0.05616986427533305,0.0010319484714150016,0.004036061248872611,,,-0.006295736445775805,,-0.009795954813843972,0.005523588071576688,0.0033489890036937763,0.013773847614765104,,-0.009490308622801058,0.006662891683732496,0.0035924674667337387,,,,-0.015584493789424959,0.0207937742501871,-0.017709522080398377,,-0.02406852504217741,,,0.008743813622241697,0.0064176307263217065,-0.006271386231762583,0.006592055687711431,,0.013251815387110103,-0.01738223104442222,,-0.002869390687131386,0.006506356640983072,,0.0052894273859043555,,,,-0.00960634232131342,-0.017182670904262114,-0.010533152389975323,0.0035605305974547585,0.004941325245239491,0.01017431705845628,0.016307149258389116,0.02296532512145537,,0.01649701642966784,,-0.007024621635184721,0.02683973424935502,-0.010723352562568232,,-0.027477576250069302,-0.0019170148192113171,0.010756514624163091,,,-0.031803785365916125,0.011990351091389332,0.018807147946250245,0.0055423151000484425,-0.022450384529003765,-0.011139444532575428,0.015573554953050928,,0.00722538359075615,0.007328123040609532,0.017571466364343827,0.005560281599401844,-0.0033123423577013935,,0.010166575635006817,0.006388689229761303,0.010979107813351572,0.009582985081705776,0.001138457740081377,-0.0026077357655254884,-0.02436908760096628,,0.017571466364343827,0.0188629049640035,0.009469342965239868,0.009312201097225364,0.007324135710781608,0.006902398258932902,0.009601528386839,0.0032851007353175733,0.007274664595474852,-0.004366013796252271,-0.013070203106909421,0.0002154230251372716,0.018398164164944938,-0.03291167721970159,0.039352672445695194,,0.00582368167705416,0.008424765071055232,,0.005696774996139192,0.014890260258476682,0.03357751551294211,-0.0002139061131185176,0.004283710077467527,,0.0025210660532059117,-0.01564363360969544,0.008157488371665961,,0.03301951786618002
2025-12-01,,-0.02373268041840544,,-0.0019310734943188894,,,0.004127579810038062,,,0.01078678309144947,0.0034299829541312005,-0.0013320776845491388,,,-0.02599516260768595,,-0.013084841330044974,-0.04852169753147961,-0.005116958763833831,0.16785594630496606,,0.020569801005322505,0.009594824860126656,0.005399975557250076,,,,0.04611185532550273,,0.011866050194451808,,0.010535016721858505,,,0.013876406222708073,0.009262461335735168,-0.0039460677681270855,,,-0.038275909462060144,-0.005074578316334296,,0.007949528250537843,0.007637823125986959,,0.007413806773149608,,,,-0.007154218739998606,0.01022285667720527,0.0039588261629509534,,0.006097181879473894,0.026394548282325247,0.01911429578448227,,,,,-0.03568518072684982,0.019691764537397335,-0.02024349715881426,,-0.028849172081744413,0.006820942899641056,,,,-0.026862456122479887,0.013248903681515701,0.019397671778506057,0.010527476486342495,0.09138015770371255,0.0068831366601117445,0.01858093750952691,,0.006117857875289612,0.009182378910255903,0.01318116361079459,-0.010990773659266526,0.06754678143690711,,,0.007742717212898645,0.012808136181922712,,0.0005993553854201955,0.03319153864503043,0.0036628844943795186,,0.004997407350749659,,0.007642462144128529,-0.009132330943524967,-0.0005020846548626373,0.02743292106144439,0.01802344980462948,-0.009959502907371375,0.014820747277629139,-0.04793974552218702,0.009200012291230679,0.0006796520846573858,,-0.011509571309654238,-0.00233065584499845,,0.0004549755452111132,0.010435567858179617,,0.005701426691355188,0.011613989526733265,0.0539652402100444,0.008866379120728133,0.007242675609516677,,-0.0002033927835108631,-0.011699215755657544,0.011128444005673246,,0.001340311264999427
