{"Cumulative Return": -0.007303160323572144, "Annual Return": -0.0009789212100317357, "Max Drawdown": -0.07018010359448733, "Annual Volatility": 0.022076722293176945, "Sharpe Ratio": -0.03329253569832432, "Win Rate": 0.5135135135135135, "Information Ratio": -0.6951574317026815}