,1078,1177,1478,1602,2044,2086,2111,2220,2226,2403,2547,2751,3504,3735,5885,6096,6266,6730,7171,7186,7228,7241,7257,7637,7750,8530,9372,9459,10115,10407,10530,10903,10948,11032,11115,11288,11376,12233,12589,12850,13365,13599,13619,13700,13721,14960,15414,16101,17928,20228,20904,21841,22260,22604,22734,23812,23877,23945,23986,24197,24344,24468,24782,24856,25279,25313,25356,25880,27845,27914,29127,30137,31166,31229,31887,34164,34410,35649,35714,36860,36885,36911,38821,40488,61325,61483,61494,61574,62263,64166,65772,65967,126554,133366,136725,137131,138205,141384,144559,145046,145552,152149,160255,162887,166430,177264,183257,260778,278239
2001-03-01,0.0293280511099521,0.026266489801360392,0.0312295726151619,0.019568121783181826,8.33669554345144e-05,0.03090928108274316,-0.00712998676418909,0.03560182793261629,0.04462738668608005,0.024446507484987553,0.0094954461612952,0.0025857147027998446,0.07616194404912151,0.010455727285969515,0.05242882894635863,,0.026806004785652364,0.02285151088878239,0.0021654222717450698,,0.004165184992591293,0.03430477137662909,0.025480240919734876,0.05201278051200764,-0.06911458458891895,0.023977712779193833,0.0038367658724300113,0.03273489111952219,0.023121118975579433,0.03647295501789433,-0.0028165580807207238,0.025401351929372887,,-0.016466490129944097,0.015175578622032358,,-0.023359825471348624,0.07034639755268406,-0.009069554743114177,0.018118834343315623,0.03950430486133657,0.007681611508903784,-0.021888882816431886,0.027175838185994075,,0.02918769200321212,0.00529380003952995,,,,-0.013219212046446865,,-0.005037797002991545,,,0.02840493761604141,0.01570241307364883,0.024192387163229908,,0.040801080979371185,0.016076606330834527,0.015549975666035918,0.03072720463215275,-0.0007164917110294796,0.03656128116119918,0.009430003347847129,-0.023747757243797955,0.03616089015207432,0.014939509488384838,-0.023181676345061884,0.034817353047655826,-0.0388056209147166,0.018895519755147007,,0.049250324884928476,,,,,,,,,,0.016938343906462667,0.013389380670083571,0.016077427746911975,-0.010440223760922782,-0.016393505075031626,-0.003488281435084779,0.03639866295730279,0.00756875434795662,0.013093844245904929,0.07831810749282729,0.10336805664156824,0.04982159170274983,-0.024243117101809306,,,,,,,,,,,,
2001-06-01,0.02959287336406084,0.032098258277231506,0.028896878303240676,0.02084163764515957,0.02048542062848284,0.024303532242003892,0.024147625242981564,0.02985533858890616,0.032881233874577975,0.02981051224445533,0.02719774389241513,0.029154844708453323,0.03399531833968257,0.024444303573503467,-0.001425269995396,,0.02772836409909882,0.026729174410901394,0.007320257216086394,,0.02251095273169799,0.0209565156885172,-0.04008572079730269,0.021874742952233982,-0.04008572079730269,0.041827467385602585,0.023526965704154863,0.041726253512901205,0.027253705689147686,0.035581568637830824,-0.0008469918345890424,0.018802216283505348,,0.008849492487974451,0.023804059939180482,,0.006018705267978089,0.009515544110651988,0.017275968263343395,-0.007841530682742142,0.02276379494087833,0.02882512655927885,0.06712884443304357,0.04385897164307229,,0.02520536748995881,0.029089202295829255,,,,-0.004874862218190571,,0.03299049922606364,,,0.0008563022049687823,0.03834938421989427,0.02882957018792234,,0.040744928210818446,0.05398178320073448,0.04107425405785051,0.031100139849655775,0.02085543753846493,0.007526561464082189,-0.0030644025687181146,0.0035215758969729407,0.0312751438505844,0.022625944753707553,0.014352828391425957,0.04036300454805697,0.026729174410901394,0.021691090419882212,,0.04717533602361981,,,,,,,,,,0.03404673299122596,0.04711614474776623,0.009619074154382293,0.021691090419882212,0.0008563022049687823,0.02679013448849984,0.03988672078182269,0.01594412275824378,0.02258227319813491,0.05319770394740637,0.032260123407341815,0.023768735918847966,0.024553372865729083,0.06791981268952219,,,,,,,,,,,
2001-09-01,0.024946314106393298,0.030838989992918973,0.012556801470063245,0.03579442509531873,0.03340264610402555,0.04182904053553634,0.029219530376661158,0.03834986584274751,0.027784344872925002,0.03898102907226749,0.03701210411867768,0.022624040225348762,0.0342891819347912,0.042004808611793495,0.006457325243096975,,0.031245171240098863,0.03781686301383116,0.05018174707238194,,0.019691994344442756,0.03859554680524187,0.0358431156824093,0.029594335417393317,-0.04683258670662428,0.046912135232063695,-0.005296446577085872,0.06851590893533686,0.022217054320810222,0.030449861444419725,0.024785350950812676,0.030695669448330864,,-0.007195894447632295,-0.0051646810192552345,,-0.005731340286841868,-0.01392063576368118,0.010403523795333982,0.039543533491651524,0.0307203301531939,0.07620492223431989,-0.014652767159700184,0.03708568876387345,,0.01652782899609359,0.04547100176207354,,,,0.08226929810054238,,0.0376288018020268,,,0.024212028466049206,0.03016599281986627,0.07778847021630453,,0.03239127796769208,0.08511019122322767,0.02035245449523298,0.028179660929388624,0.06555085976803032,-0.02315444612013733,0.022929037935055505,0.03429531885409955,0.03334756446389976,0.030116568825883188,-0.01635652685477674,0.11968636233646276,0.043757264646597835,0.05485941930399034,,0.06455287626561834,,,,,,,,,,-0.014771761630131063,0.037357019646472624,0.02491003025188137,0.05233315987013511,0.014496710007602717,0.023087763476862883,0.04491011806042014,0.03284747267369482,0.007196716543207622,0.06986970676752495,0.09209338593455609,0.03466698749191663,0.020314236343866483,0.059952308593733634,,,,,,,,,,,
2001-12-01,0.041249830598031674,0.11407431017673399,0.03645259833688752,0.03848116848739845,0.018892275774651662,0.0595567420717913,0.03847655062404202,0.013590697536479505,0.05349306765629741,0.05202364925413882,0.04121109944299627,-0.03526782735093936,0.046395184115486196,0.04556121160802055,0.013588877583083239,,0.05583810551622607,0.021207566492750286,0.0629325866817799,,0.033408805364709165,0.03749418887230704,-0.02731062688998179,0.07095406473406998,0.0009059039412481879,0.05656900255376571,0.034686553886610065,0.061010008176663584,0.027534912177544026,0.04002861209860802,0.035547903545357404,0.047522259211633396,,-0.005719126587234403,0.019300693594495707,,-0.003442884456534562,0.02557643836164833,-0.03650438846389004,0.01931451981292067,0.05193403972964909,0.09885157417281812,0.07088562443176101,0.04100218748438255,,0.02422757965889328,0.013237865606755024,,,,0.14308856083711616,,0.05185603291374588,,,0.1058193144867981,0.047434026469572454,0.0991018677496296,,0.05562070853299866,0.06447285683788563,0.06290589729726363,0.028419000907912682,0.08534163554352178,0.014569542698621896,0.016193718284974925,0.06915765802971295,0.036609634030266264,0.03214222007496481,-0.014739452162867029,0.062239856074899354,0.05740434351114164,0.06852791706611165,,0.08123626367266051,,,,,,,,,,0.04004437341353858,0.05813711559498758,0.023475831650689522,0.0620222724338393,0.031900729879516004,0.04074220067543652,0.0523826890529483,0.022484112161433527,0.03984129310358514,0.07540591007004448,0.04869789785272399,0.01797469146488004,0.045878969791569024,0.06846308379587415,0.056065312156877836,,,,,,,,,,
2002-03-01,0.06239163308774772,0.11644318498248515,0.07360621845243283,0.016278331229148256,0.04374928322910883,0.07219526468077496,0.04324125791876869,0.01907462455076648,0.04289326802030464,0.08022352812752616,0.034323560230741554,0.02890269629207573,0.049096055875429596,0.020150398699743163,0.01685920393574761,,0.007798992108141754,0.026585543497123856,0.06184527539821878,,0.02389720752193511,0.027015097817093887,0.024132839585634547,0.07218688210729772,-0.03146502858127584,0.06573760695813015,0.06070735491527094,0.023698809084497768,0.05917715375470834,0.049801421592182184,0.020328014069212533,0.057272206074845115,,0.046880430875422124,0.024342982844529865,,0.010809920803790908,0.03738404253315175,-0.05427215507374694,-0.009301350820901576,0.05717896094578574,0.09631178956245853,0.04996240246044996,0.060881278731215564,,0.02966409188169149,0.046164686011249005,,,,0.061716785142306434,,0.033642904056380644,,,0.012858382646409471,0.05651719530366479,0.0555422407517478,,0.03427051607777713,0.10880864082225497,-0.011163930845523,0.038125518282527616,0.07708765627917438,0.017687534522145488,0.04135730647357507,0.05852998204007834,0.05168898550025627,0.040661860292801034,0.042368148247915086,0.09592227753046308,0.050085601428844405,0.06743660523362557,,0.09666739795930984,,,,,,,,,,0.041752239125531575,0.06417969322658135,0.03211364889693419,0.0734458408603622,0.03708038123945319,0.04781345245852106,0.05595201380032662,0.027825782792639222,0.01964688599215149,0.08880137074902798,0.03646867943721618,0.037044362737041696,0.031417768759603566,0.08327300623021953,0.054787500338119625,0.08261811666762726,0.09077066779574167,,,,,,,,
2002-06-01,0.056130778653960774,0.08730851800809379,-0.010407829054027679,0.05934269799010652,0.04013922378285246,0.0530715490301661,0.03145773793443667,0.025018048606866048,0.03141885288915595,0.0530248232205795,0.02695040495809797,-0.003011533791596492,0.034339480714689424,0.002898673170240512,0.020436027018068844,,-0.010271902633921368,0.005658769464481288,0.05031370572696942,,0.018820854525324462,0.04839959229074929,0.033350706476958,0.035447825272815835,0.009721931292207765,0.05062518978028044,0.029768395950573196,0.04613348011168173,0.043890492284509135,0.04709672993010731,0.042712086547254224,0.028008086169345456,,0.01733912206944543,0.019396763060228302,,0.004175457174018147,0.03328141545918525,-0.03824031256143719,-0.012187834826573101,0.05138371154348424,0.11712889166143335,0.0683210236815403,0.04114146815027224,,0.03690517958591596,0.0348137012109838,,,,0.07058337220760606,,0.029672090366508252,,,-0.04825969912825139,0.03501088193478111,-0.014377913804498307,,0.03395803653667803,0.10469012049721318,-0.030161627359796526,0.04396688967003313,-0.005000799029901285,0.022970290179897643,0.05128330151274333,0.037271197228942655,0.03129829587364833,0.02632272565881552,0.020994833148405192,0.06259895940076736,0.013020230220902923,0.04820201250638488,,0.05726395872797638,,,,,,,,,,0.05264491736515923,0.06871795234336013,0.038886186117858955,0.025622478548571616,-0.006262659335239571,0.03888249232917041,-0.00837890790274824,0.0005810451687761042,0.06455967627999913,0.055753951951875956,0.06916202700771977,0.051119663856300325,-0.006262659335239571,0.04484280693434504,0.05810073885125156,0.06460305006726648,0.07165522001290515,,,,,,,,
2002-09-01,0.060846376826753874,-0.016219443074455345,0.06720596641076028,0.10491387552296934,0.06487941547745085,0.0552481544818468,0.04835610874368846,0.046484141109691915,0.02433474867763441,0.01241097716975024,0.03144386764641298,0.022344130002252827,0.05533439791524745,0.07260259852504405,,,0.040237112011966815,0.03266614477944009,0.07094637781099458,,0.041748874822364695,0.04695229065431076,0.030674352246322253,0.03982465628191502,-0.026954101039275407,0.06764474515361617,0.005919673352795063,0.06936040231369006,0.059087408244049976,0.06721305312324266,0.07126575228284403,0.061366678324837165,,0.026790521651339518,0.05171083239553071,,-0.0041548012049854805,0.020911201980242176,0.03938634334453246,-0.011876452483845308,0.08086195338495802,0.1280183130039603,0.09250720737221446,0.05846911111567677,,0.0660202607380647,0.01799875235147681,,,,0.12569839502784186,,0.04153666881695603,,,-0.03401400078895001,0.057544623225896506,-0.018816307589959655,,0.044230158108389137,0.1370298293334708,0.16529257866538644,0.04638981558130946,0.09575963261248185,0.023504619718230813,0.051517714748241704,0.0708855750839304,0.05175563597013584,0.0960614356908167,0.00845796004025035,0.05676000695786508,0.05439330557004579,0.08564800319639972,,0.06351884184126654,,,,,,,,,,0.05894837893830192,0.009410477304171974,0.04255288679393224,0.07150077861476123,-0.06690657279360532,0.05249128947300202,0.011265950950075428,0.06005161815249324,0.03406706434024025,0.09866387632271431,0.06283162557102763,0.04295497900986335,0.03173081258025446,0.014080707188736516,0.03914211182275334,0.0632789188985312,0.12031278473763418,,,,,,,,
2002-12-01,0.0467535956685444,-0.007540068064350358,0.05530166323521107,0.038281351440019575,0.03307677513447698,0.03523312676610342,0.038852054761505966,0.04022116949804657,0.03555177639016559,0.006266050170223561,-0.03291531096791343,0.03486244284439404,0.0457094406919275,0.03736500549245631,,,0.013640378623620948,0.04877928314136881,0.053890559239481765,,0.0006644535173443072,0.03873590668615031,0.01843122700687411,0.03393469710932429,0.001223087229283641,0.05662880418781848,0.053559132938377725,0.05340957794504613,-0.004986649179253299,0.047932787978468935,0.07979476923664273,0.04676011122566054,,0.022738900038444518,0.040998047763515504,,-0.00380809228553685,0.028775536028883254,0.06467886667481669,-0.0013988064411282215,0.04669167745020235,0.0597719250891234,0.060542476216153496,0.04266393300431195,,0.03794517198785169,0.03719002895493879,,,,0.08475040495573558,,0.0421068741425973,,,-0.06443402510079135,0.03704223571016897,0.04547560040341553,,0.030288787794754073,0.13431736152453047,0.0985540699397005,0.041809438728239307,0.0526567357826184,0.04672227913849854,0.04804960353353666,0.0460115345274444,0.03449450169362548,0.05049857861437425,0.007823748356126361,0.09392318251997686,-0.029473119906318013,0.05735047030710875,,0.050419428220475765,,,,,,,,,,0.07076826602452015,0.07636153687238603,0.034090522683562316,0.05752127899482883,0.04243667419388761,0.04049011027425721,0.005936258215332906,0.02412217859041489,0.007776812684043813,0.07074707135828887,0.015264315543310867,0.04411496510598596,0.09149626023695841,-0.03055916582850819,0.05332120540448091,0.07328315311231001,0.07764416388593569,,,,,,,,
2003-03-01,0.046009908770804867,-0.010552236592682222,0.09940184630629971,0.12449609620458839,0.03836670314817701,0.0565845816280071,0.040244178099330376,0.024824914990751394,0.015541811113498664,0.017313035188065578,-0.06673930897043559,0.029100719503687453,0.04297183208539529,0.044241225295015556,,,0.05897315710574649,0.019400951573482907,0.08586116781538608,,0.046960304026066955,0.0783315899634133,-0.011949834321901961,0.03912578966983765,-0.026497653328593492,0.07422783994068158,0.03741894328523215,0.04997816456136501,0.05131680966010151,0.06766884735332061,0.05645604885672354,0.0383734738120599,,0.01107732267769908,-0.025822979514319874,,0.019072289933808488,-0.004310884732346818,0.020968061980234702,-0.016235417375683597,0.04675778527186481,0.03365126880907928,0.035212505491089556,0.029026921957589175,,0.03689883198467736,0.1038319753812161,,,,0.1505222855066618,,0.02532438575012583,,,-0.13663864991925692,0.047905731112086784,0.09029645060588629,,0.020053965834886087,0.09525060721945608,0.18999762402976528,0.08596908386329954,0.11697659935862376,-0.022172061329941404,0.03373744000536485,0.04947514787442209,0.034257484309810154,0.06457326773841092,-0.02540958125795017,0.1267913902061667,0.020966923346817174,0.04122434889060636,,0.06460713584456768,,,,,,,,,,0.05188846826343145,0.10590013231153499,0.03177468115082194,0.06874946780785837,0.015124491735597358,0.03486615003850849,0.031047690526763153,0.01557237528082782,0.0805879547749969,0.08307493547672905,0.11571420309524637,0.048904775285028415,0.05072276156024786,0.10875149851327166,0.07997694408598824,0.06783629135077306,0.08164818884842849,,,,,,,,
2003-06-01,0.03876879462041524,0.06272078343849789,0.06018264714129821,0.0033294511808906733,0.034929783472878624,0.05482246556425578,0.037869239567230595,0.04445002347293426,0.035988025142092865,0.04032382987018513,0.03709184982870341,0.029420870422759707,0.0395047202294799,0.05465729359370159,,,0.02973825732723871,0.015635298869524913,0.07831977408353717,,0.04361869810810755,0.056652859217627693,0.019466801410540534,0.044597674424935056,0.005238925870318347,0.051445669801521626,0.03179440194863726,0.025333578198517937,0.04085505962996952,0.07559039717087065,0.06062396819710689,0.03227900981223205,,0.041144836149994056,0.04595240165311952,,0.08019677947811406,0.01733399099485017,0.14539823583487907,0.013267294567314637,0.042360838580704246,0.03272463904093228,0.05727275220615799,0.037052003608312546,,0.04109142063025877,0.018081890247951007,,,,0.10833299710541563,,0.04742229749269878,,,0.08464466057226276,0.051089842766520975,0.003001989519392032,,0.03974239895363677,0.12026731704547926,0.11246337094758772,0.06034388004519297,0.04973864799300344,-0.0008173396440827201,0.036068642121295555,0.0321093106728692,0.041091940801001425,0.052782004313271146,0.04405077082894622,0.08442050883682647,0.00265735870879205,0.03894828307581293,,0.043905157573048095,,,,,,,,,,0.024270434905310175,0.08002992032482767,0.05677883900906529,0.040309161862979836,0.03018885868302032,0.05585083569822506,0.01864644645297865,0.04303785718420641,0.05820430629069613,0.06342471677746903,0.06700381254763456,0.03676478149049083,0.1507810165698978,0.06655039311506881,0.06267599975088767,0.0667903491008049,0.07708371733188056,,,,,,,,
2003-09-01,-0.0062622344687910956,0.09269520117095251,0.05438235006460927,-0.03546098861069495,0.017564051155465846,0.011248639905180453,0.02803791268892105,-0.013063169190004895,-0.006816137636378346,0.04408395528122033,-0.01020758114029081,-0.01114671939723702,0.025184948831325944,0.07165269556760898,,,0.02514947282746556,-0.006238816491329044,0.04427273454354424,,-0.005532490905693184,0.0455062423193478,-0.016681779859736,0.04410732965937806,0.03112061617297057,0.02661203602141611,0.023977449670233082,-0.013427214796224465,0.03341895362296182,0.05809440262981397,0.05813138046073423,0.04526553877206672,,0.039172008743828354,0.03434131702811086,,0.04843630260021634,0.0394234455516889,0.12441783490024075,0.047296831502013026,0.02808550928518671,0.08835303426957021,0.09566125693049855,0.039558006416116426,,0.02630622108599889,0.0762532779623622,,,,0.11114900553503848,,0.037382725796690816,,,-0.10331292350163392,0.0536791372617527,0.06574214721337196,,0.04189156927217942,-0.09755765391432453,0.1230966491045261,-0.009403958638441193,-0.024225564114081777,-0.016694553865688952,0.031278890167958574,0.04552225439117298,0.03672338342164907,0.015201107439457464,0.05020960945830613,0.1269893899239024,-0.05582397525362781,0.01300895373064932,,0.03162674811608179,,,,,,,,,,0.0324003711460325,0.09003194402923949,0.055123966673721166,0.03487646423260687,0.0704326184497857,0.0457568664120876,0.02107581734845011,0.035972096605130705,-0.020627118111865232,0.0561366665457069,0.06827425512063433,0.023290601679803666,0.17119284607333715,0.06885209663849168,0.03301723947120495,0.07300494459943482,0.07044811716496945,,,,,,,,
2003-12-01,-2.8863561711716404e-05,0.06704805353027256,0.004343086822256507,-0.03999756600951301,0.032109040078418936,0.037210035315458925,0.02364688412848396,0.01125618443375949,0.018353292017045334,0.006378264645881017,0.023386405671973164,0.01873517545528799,0.020150641314960877,0.05494572600329871,,,0.018259004812909974,-0.017813874990663173,0.034366650948915126,0.06764178059437376,-0.0024410304457243687,0.023665847076043658,0.0188189794810478,0.02051727815049318,0.04060458527878682,0.026100938818795664,0.02657173434520279,0.02597605536641118,0.01118060090625126,0.03081935021914622,0.05756332187639007,0.03400778375670396,,0.030554362825055654,0.044031651897111744,,-0.037540644013986546,0.06638557891381493,0.03438592313594904,-0.01765893895883147,-0.00930241811665655,0.08216137956216266,-0.002813294764874212,0.026680646368005115,,0.035217234820126654,0.08093877836110987,,,,0.07231003390918302,,0.033959316226390895,,,0.0013211325401233953,0.03391954858799659,-0.0034775853295632452,,0.009345345714817434,0.11442984974163635,0.12087820284189262,0.06465877760858903,-0.011787566912452458,-0.009167247456171822,0.0262807236408304,0.03735204861335792,0.019569606374041277,0.004676487197742649,0.0034702571536360427,-0.023503760887172074,-0.12183875498136672,0.000306919781590446,,0.03448567573316244,,,,,,,,,,0.06694601840931651,0.045510510503889226,0.05671121749376743,0.03031911315667386,-0.09525838718231025,0.057214582899385726,0.015480452965921675,0.037383135044211355,-0.010088419187880778,0.08287185667643611,0.03840891959925525,0.023695941339344218,0.16354116798821072,0.10477355304099666,0.009012281403049984,0.06300086059730617,0.0668379932167994,0.0284448778032388,,,,,,,
2004-03-01,0.019495037893159917,0.05201546420173715,-0.003541756404468127,0.015768158001486975,-0.009675914544420544,0.05760167846268821,-0.0033299816353264647,-0.016479444351155555,,0.014186917470613358,0.034477424054131504,0.012317306761299137,0.03312629039743626,0.035398882537310876,,,0.02208137677869617,-0.023438950738475503,0.05284630764893156,0.06666025829895392,0.009154079177486153,0.037086522524024224,0.022417156255211488,0.03298565318862865,0.016713326490017763,-0.013996753796176622,0.03814565963236092,0.019555306283496797,0.0022908701309950707,0.034677354841389466,0.04071530970679878,0.031677093149490035,,0.020898891544210353,-0.01157476230429652,,0.03326264849017695,-0.031550066248409996,0.03851617707094834,-0.0013587632616734952,0.0011698839802796836,0.08876124729990935,-0.03504557286729148,0.027150680379977726,,0.020135065385674458,0.05194554219395535,,,,0.03535862842679377,,0.027661601569550918,,,0.09805128011923693,0.03423826180151256,-0.012024663364831462,,0.03907265279358723,0.031044308326493207,0.02456000353903776,0.0591569019296604,0.1240514242991359,-0.0012580912134386925,0.043258632759300544,0.025744159990317764,0.023501487029311634,-0.005924586874190246,0.020689998856161785,0.03408251934270869,-0.05185756231971873,-0.023302982288673113,,0.021580982504428307,,,,,,,,,,0.06050917327427498,0.06460166358677324,0.0431624480451324,0.04423659560147383,-0.07608241367079144,0.027130441779855675,0.002560937112000334,0.02520408885619232,-0.012982065829047514,0.06386537241468368,0.056233309025040666,0.014650211113897827,0.11732608520309779,0.06330246606878294,-0.03643267909836043,0.038227298527408304,0.06389390018752587,0.04054815505721073,,,,,,,
2004-06-01,0.021421126498773507,0.022519179402632174,0.022515715800096044,0.019641389816652935,0.016259185459909727,0.027190313689810078,0.015058570470051187,0.01444110334068672,,0.004203071228621255,0.0008175803107883623,0.007673013246191036,0.03117841736631944,0.028600723241726602,,,0.012422553349877349,-0.05827981975695464,0.034918963347989565,0.030196534917732238,0.01707293073223781,0.027633057076693314,-0.010034039552908046,0.02583378273550565,-0.002968460226175613,0.020265205097288463,0.02653743816257175,0.0058624392451318945,0.008831310590543534,0.01878669336513267,0.038212228691969864,0.02573021033117001,,0.011194681639281728,0.008938000327488,,0.015129820196274847,-0.021021300160015344,0.008661469999250507,0.01294950747650229,0.013323044979596506,0.018568678094821395,-0.032001461489347315,0.02072263200860137,,0.019112872318714152,0.026742213743508804,,,,-0.003019517250956957,,0.02750600230281986,,,0.012140145663130587,0.02339461400562043,-0.02272995078978534,,0.020817066564541704,0.028727963128923163,0.03250998806876406,0.021739684966913957,0.02749134828858828,-0.013753178259413128,0.020936090634799388,0.020817496932417846,0.023128285757898943,0.009786564178052607,0.005982400449003859,-0.0633106280071398,-0.040854340509971075,-0.059288684880881716,,0.026203148013190722,,,,,,,,,,0.022260831279026436,0.026236026610734715,0.02757083415762334,0.026968589379360072,-0.06599556102839577,0.02138453597412409,0.0021787830921293563,0.022867091094720498,0.019188960302831355,0.04919360978556641,0.032092250231205724,0.0012057244457639065,0.010326378670414723,0.05179139991800656,-0.07106620435306618,0.01920243896822364,0.048673341123024676,0.022542660134474663,,,,,,,
2004-09-01,0.026445918758158986,0.05840937980107169,0.03149942443550691,0.014603355051184397,0.009472433729088152,0.041729002196619694,0.015753015544289383,0.0030734193484064647,,-0.003601125661885742,0.01451869395134901,-0.01015917344266915,0.034063643233991414,0.018898854891112482,,,0.025304000401869163,-0.012576406694445139,0.05503367130503528,0.04951776909154387,0.005062972135497763,0.032286630699207494,0.02494248558206873,0.039169768799759704,0.040340064582166206,0.02455336920941641,0.012715149064991152,-0.011727990165505846,0.0008882358824696857,0.03376582764954895,0.024039957129910628,0.040414203190949405,,0.03505183124997699,0.025557540089171257,,0.029901243138748694,0.002145342664313223,0.0026394015355410264,0.005071978620932592,-0.011862008016630251,0.06425584816637334,0.01735042373490596,0.02863202684927105,,0.026997901907674232,0.001928588443771517,,,,0.012678068592617836,,0.03662853681150135,,,0.05839429692962492,0.03660758769558115,0.01605244404145038,,0.04859335085848535,0.18701769129054413,-0.09578804339194054,0.011960022260784964,0.05897175591124727,0.0037559742073163625,0.05466897959202034,0.031390139282165365,0.00972654775847739,0.06522767546099771,0.03911833745468013,-0.07751726841935105,0.011173922504891815,-0.0171406710335545,,0.03619592899465099,,,,,,,,,,0.03942544935049984,0.04591564811549568,0.04221016971407269,0.004300863544645227,0.013885790890512995,0.01943911474099383,0.014975302415853209,0.040032445377240204,0.023864892165230956,0.06381886806675098,0.06616197759104271,0.021042635564137564,0.11077094766897008,0.0687178165762385,-0.07646670496242487,0.014183216160631913,0.07030993343570978,0.053696539738283866,0.05639275427619527,,,,,,
2004-12-01,0.02639903882298447,0.051159346867907775,0.049095329697933336,0.0015726398406401977,0.027522383758939988,0.029443992884795624,0.012460144623677272,-0.005855122149576465,,0.013346728346004673,0.002268199120988058,0.023920401515993527,0.04399129155305197,0.02832488377792396,,,0.020724698428192433,-7.902560669170513e-05,0.09148729901988491,0.054639519825840956,0.009097977955762292,0.0292212204294098,0.03381605282716363,-0.00903978829767784,-0.006600626101085242,0.03845194202283846,0.008986505895843462,0.00046913541144919923,0.0007202017791926589,0.047397498856514265,0.04037853871921758,0.026098367553838316,,0.04807669067889634,0.03855593419934866,,0.028802968059193194,0.006826185863644104,0.10223307033635164,-0.0008378361640996595,0.03482445331873303,0.015521234061789456,-0.014013768389071719,0.037073450380337214,,0.018187036973102522,-0.03478212347267115,,,,0.07007280208327966,,0.03359778487922781,,,0.028818077795411595,0.027097058740804484,-0.05550689924202815,,0.04427941837655784,0.04981049693971684,-0.04718821662830885,0.05700057178133686,0.05267140879180618,0.03039573682768692,0.03197340336149311,0.03376515447831679,0.016436171190449343,0.020294660858400402,0.04930177795727061,-0.13200147975456414,0.008680078561799857,-0.08531694322128777,,0.04153226943803522,,,,,,,,,,0.05278066589353732,0.052812445132522194,0.05032049753146524,0.0033209569125279416,-0.08753506163880384,0.005295851176299191,0.011546089865714732,0.05305536043072485,0.004202782885167054,0.04379459693258277,0.12839884227936985,0.010885195199594445,0.12067040423215218,0.0392352731887402,-0.0315206254890588,0.015366634556152893,0.03984845817773914,0.03782929435634264,0.034774444163893435,,,,,0.06397348651494864,
2005-03-01,0.02730976093979968,0.04228417229386864,0.006392486630892498,-0.005920301858651852,-0.005920301858651852,0.015467714717705602,0.030841500432261807,0.02436306565788351,,0.02282721806038888,0.012114114965207716,0.02587637252681225,0.015016477926958401,0.031926313725924915,,,-0.003412342521276172,0.005641860245277959,0.025617908057723834,0.03828406108274994,0.022136842902686905,0.03738184845028523,0.034551748782675445,0.011644424176363827,0.008406641975438505,0.03806598635421679,0.029555468385028615,0.07044095327538345,0.026919241353005774,-0.018822572330217682,0.04604267049252463,0.03110623228229938,,0.034613085463152685,0.008992541969533242,,0.022670795642232087,0.01148492870068607,0.06951531668897926,0.034994697016431625,0.035845942497659926,0.030033907837213908,0.05392445053904438,0.03597935480230019,,0.03496108635239669,0.016856972111428052,,,,0.036810013091141146,,0.04029389921818456,,,0.02676415512367771,0.0413439045044056,0.009046029072090732,,0.032933730725577544,0.0002961460910920429,-0.039985982042097495,0.037227699693345946,-0.00413815600634902,0.028297615622329745,0.0343641020893692,0.03657070325807775,0.026716969821408757,0.04168762036581836,0.016161963646550575,0.014670773123747018,0.01369082552565079,-0.051229067096295745,,0.02874716465357348,,,,,,,,,,0.043772847521483,0.03179868669490097,0.033103060301286465,0.03042073194878822,-0.005213669423359517,0.0302735508382172,0.024763159976049116,0.029030059114009778,0.011889527427545453,0.05328020581593552,0.016739891498264683,0.009928911217689082,0.06952994342141158,0.061621974331740784,-0.005920301858651852,0.029768136619632277,0.030226142083919914,0.041383875863347214,0.029677238337563937,,,,,0.035260400092948174,
2005-06-01,0.028317872644182784,0.04168324283367015,0.039149315134515986,0.029718421969199046,-0.019152527745050198,0.029359964097644766,0.02308005482346504,0.033539701368258186,,0.009256775200061868,0.04273842119026181,0.026654802996648057,0.03769431330509351,0.03366733289276028,,,-0.005446428127347893,0.028317872644182784,0.08178427036424572,0.04099994483672594,0.010859690232081418,0.03366733289276028,0.04457712745236253,0.01572494253538924,0.017146986163582397,0.0245949825608708,0.02946068177919007,0.014789126888016937,0.022710199589447155,0.029218339339291594,0.05341680908546269,0.026654802996648057,,0.046236996341900885,0.04327153356653892,,0.041886136193877876,0.009047251113750248,0.0963575873891345,0.01504066365913181,0.03521984407543409,0.03661140178321183,0.014110302107926808,0.03366733289276028,,0.02305651051516549,0.04356412333056405,,,,0.02832760481051361,,0.04003219499568235,,,0.06152922752278997,0.02323896443577303,0.02180451419868339,,0.030838386252601067,0.029757497477269607,0.026704368321013323,-0.056122228639630255,0.008741951004172684,0.03700197649488111,0.03366733289276028,0.03366733289276028,0.024565997068692093,0.05699676040769087,0.04298002872553714,-0.048571713189003704,0.025860911450761505,-0.05723502807743815,,0.03453410072516055,,,,,,,,,,0.0510198402059792,0.03366733289276028,0.031037505069004875,0.026775712919087417,0.0064670254565809635,0.02308005482346504,0.021360767845871993,0.048743188954997935,0.015343684023215384,0.05051369856544661,0.053718550126583144,0.021249534287217604,0.08541252060377638,0.026372929569663996,-0.022438353696540656,-0.004101724732918212,0.0343341924221629,0.03150280294463855,0.03168271227220895,,,,,0.031833327538793255,
2005-09-01,0.030542333214236734,0.028883810486989233,0.023821083529521593,0.01799322380879236,0.009433031713627889,0.0289720967089659,0.02303253338520126,0.010337506377175383,,0.04887450677659189,0.04485592611518509,0.022666179928303852,0.04354230755092919,0.03261230433497903,,,-0.004964944916178014,-0.003927648454486689,0.03339702350682395,0.03791250337846738,0.008902644429534203,0.03261230433497903,0.016272125767705054,0.020505579906996713,0.005824809121948191,0.04159542835898793,0.009253438252471666,0.025965012449580396,0.019540871379758247,0.007309563048508234,0.03642447364694505,0.023821083529521593,,0.038280292096897574,0.030699611555375293,,0.026953874003346937,0.0018411610688267256,0.10649987160532737,0.025347209543579784,0.01716088567091698,0.022491178578845677,0.026417662633315974,0.03261230433497903,,0.022916233483980315,-0.0017971185267630324,,,,0.030326560287175165,,0.03261230433497903,,,0.058704143875017274,0.03380112513439989,0.008512016400119424,,0.03176776450671261,0.05953956845452954,0.011530397508396245,-0.037507701839093945,-0.008189378674047459,0.030976695791203233,0.029856160012264786,0.03263644341874321,0.011178354439995396,0.052601752719797334,0.021106650229953335,-0.07046574575633742,0.0034234548352030745,0.009357829813830671,,0.018327386549464243,,,,,,,,,,0.04550587421112083,0.030350198945245384,0.028913680227423008,0.03564556977640552,-0.09366932162027874,0.02303253338520126,0.019791185229447655,0.049621253469830366,0.01597204123635507,0.045515654074063876,0.08538109727697969,0.024851901716744507,0.11578126288705562,0.030913460504938747,0.01134475984227496,-0.005270861774473625,0.028869573466511617,0.01020444375310575,0.02744853666619562,0.06893414206592903,,,,0.02520522675673435,
2005-12-01,0.0071874139249934145,0.010297153694592482,0.016689608443312166,-0.006016125054217629,-0.036542333586709976,0.002522384941118395,0.0075926018634271016,0.013205071041907896,,0.053165117717236754,-0.003809563002490202,-0.027724310815620434,0.02222585156710285,0.03506367685716778,,,0.001641624411388581,0.017015750569619122,0.012966334221390331,0.036884427530864135,0.015047778203852946,0.029273378939209036,0.061317662725630794,0.038587156120786004,0.026601509402965476,0.032628215400697824,0.01128139932025508,0.015976953248125928,-0.00452908323080103,-0.030786458025926375,0.03149363540955307,0.01573780094187595,,0.01861845480394696,0.04530574247813886,,-0.00226503616069299,-0.03224350785887923,0.07534406009068438,0.016318158115214462,0.03342860843461277,0.061445264982642724,0.06419621126965147,0.021110990989036876,,0.008768973227700809,0.0006417282331107827,,,,0.020680476358007297,,0.035494934659055725,,,0.040837363746509175,0.011436125541060667,-0.0007640846362542936,,0.03518465148232948,-0.07221544155340298,-0.006687680624994041,0.041344789146449124,-0.05820230252883833,0.01583277747596997,0.030948419348668172,0.05024555041021135,0.015325175871676226,0.019842509836053467,0.0005475365642330193,-0.0016954530305927787,-0.004911437519371804,-0.016929897045858122,,0.016644998569536582,,,,,,,,,,0.05687597683684772,0.03671335177708891,0.02820505883760656,0.015787406765333065,,0.009125687935537205,0.010635498705612288,0.04619238940254691,0.004743780163219568,0.05560881434851308,0.018250430831169225,0.001869416957186191,0.13546713267621685,0.06447449671800921,0.0026340528706716784,-0.04321060484129957,0.03920514065484479,0.02874429518147501,0.02147975491168752,0.1021972552797953,,,,0.031668312977378786,
2006-03-01,0.032082112797512635,0.029348499724007663,0.02539706547743791,0.008850875887435657,0.005812948398115541,0.03471376154870468,0.007549656723494277,-0.0016023503780112087,,0.025246126593123763,0.015197778821538723,0.010336697229406574,0.030453565367845388,0.034014759686397764,,,0.009117603252619923,0.025603783239786314,0.032942543719801806,0.031179960377134937,0.023003275710363248,0.044715432826481924,0.03748331208804198,0.041281821234526166,-0.028857747283613407,0.03434485706273216,0.02144757395961231,0.02012481364222436,0.02326707765317603,0.0035034324473989333,0.03465280404537704,-0.018616659363797146,,0.011148744246578532,0.015488425193300202,,0.02897876520025667,-0.013191329626337542,0.03543248962257959,0.029093324457016515,-0.006933771523212095,0.014681164986597967,0.026012665994193822,0.010053576852292127,,0.02539706547743791,-0.010693462647373694,,,,0.016390818120968695,,0.034014759686397764,,,0.005977143973098254,0.02539706547743791,-0.04504016121842209,,0.03395138763319595,0.004588448068078195,-0.0004048146231504156,0.03867815160620966,0.0517710854971192,0.03434485706273216,0.034014759686397764,0.030683926734215255,0.03373780441795511,0.03717123598396374,0.01751226550973018,-0.0340347543849551,0.05868608817997035,-0.0016023503780112087,,0.030215596735354868,,,,,,,,,,0.03404396254450888,0.030164120709180283,0.034014759686397764,0.05210410138543947,,0.02539706547743791,0.030003033013517227,0.038429662257881976,0.03522930995203689,0.0621754041351442,0.01150230520481249,0.04531216800366253,0.03530280368434241,0.02729667824316673,0.005812948398115541,0.008691330061948756,0.034014759686397764,0.03414026186786537,0.01568599671301897,0.07475113056115952,,,,0.023689293926797812,
2006-06-01,0.023716691659110962,0.03539670677221715,0.02423934508816003,-0.013362327178886226,-0.01552634509112833,0.03128843179417413,0.0161458317082544,-0.015797761051704474,,0.02774182728399109,0.009032354573119702,-0.04158179322192293,0.015021440659465684,0.03600795601095143,,,0.015331361879806825,0.019543620571739813,0.03802592609499694,0.016666735190306422,0.023505340197458292,0.04216902020355517,0.05681592265892602,0.04616259599469297,0.061548037465639735,0.06521303667281926,0.025057934629480944,0.03996572744846181,0.016771203489532503,-0.07124387555419641,0.027995381286628172,0.030615891004871987,,0.03456744066440887,0.01140769152125099,,0.025706783229611983,-0.07271939923393823,-0.11580445617061672,0.008162019168433359,0.007352302214929498,-0.06395028866740811,0.017480255910404426,0.031527900867517604,,0.024593568969739864,-0.0018315412851565866,,,,-0.007008819071885651,,0.05781387438768628,,,0.019937280210169602,0.02989650996543652,-0.028574951946736673,,0.011693503271801822,-0.1300807186368417,0.008068936220728035,0.04021546715382614,-0.046503237921560074,0.04040670546726827,0.015299154820558521,0.03528424956029392,0.036214834553154135,0.054090576450558474,0.014478199535164903,-0.01827103568892797,-0.06854982143767141,,,0.033876505469816076,,,,,,,,,,0.0366254697256999,0.03016061570590385,0.03323426455754052,-0.0022983074978313173,-0.08757070905799283,0.02323657519949089,0.00702594465580416,0.04628654462557189,0.02342069851648865,0.07617176986050356,-0.020781659316157327,-0.021218171651315523,0.1119474918891905,0.032257057336668116,-0.038755354179201784,-0.07318079931501448,0.02060390985926642,0.03408119348629312,0.0313618137228056,-0.00020916179751054903,,,,0.02613666528922454,
2006-09-01,0.017280474198383564,0.04434031689525034,0.02508473086632233,-0.0032486709767340564,0.004339505432949195,0.039520916283316596,0.005180777763159859,-0.042079775187450257,,0.022567955911623343,0.05596259476672436,-0.007991414711158672,0.056192541157302794,0.03985843992262038,,,-0.0021100380973213986,0.02316913052910017,0.04883415378873591,0.0429790216207319,0.015831762030510534,0.04217421539100763,0.050029660171696806,0.04302211802817788,0.08659121026132388,0.03977985643937018,0.03638044446368085,0.032246137263863425,0.030941075876879866,0.01775764286809832,0.03308653854597977,0.031315162349413936,,0.06653049962585801,0.011390099908723434,,0.0375202336332656,-0.024561458044670477,-0.23325006081413455,0.032941248843140265,0.017165518349694146,-0.022079699188761535,0.037240562416511254,0.040044721760571035,,0.013424024960859862,0.0076597582870794306,,,,0.018503039138889885,,0.04038224539987482,,,0.07910632843489103,0.030278437841409243,-0.025037723710642237,,0.048934053743998625,-0.09335700449516167,0.024107581165707735,0.0319177580550593,0.045955817197021076,-0.03904771377526454,0.037943354542915544,0.03988511644976208,0.03320469624367929,0.031245783513666435,0.028786677131362813,0.1976048592640382,-0.019924540714957046,,,0.030132931248674336,,,,,,,,,,0.05011717751043269,0.04455803885671921,0.04029692974264754,0.008959314868046752,-0.09983390008707343,0.005180777763159859,-0.006751298636605247,0.04403445614717186,0.04517936730018066,0.07416385208860492,-0.02691758869236852,0.0773382019255843,0.021769226662821106,0.03304713132770205,0.02194022389888102,-0.02146745824775474,0.014578709766005027,0.040260020798679505,0.017280474198383564,-0.0011477331123223584,,,,0.03309298722537159,
2006-12-01,0.023179197354933404,0.06805303557795088,0.01687246306140683,0.0054520332435948555,0.005346474305795576,0.023766271798557902,0.005346474305795576,-0.03880471045093111,,0.011924502450109965,0.057541835538699855,-0.06240282692854058,0.037551419192489825,0.03302992773286127,,,0.005346474305795576,0.023766271798557902,0.04656389168313685,0.03474303201812108,0.022289090749383393,0.026551916371931782,0.02678191644828934,0.08071805934960195,0.016154964386952297,0.03343717539352829,0.02813259613931408,0.029114481609518177,0.02553525813228491,0.01869094688213328,0.027784094453964982,0.026385089409083733,,0.06770006183841175,0.019911026089007283,,0.029846485013417332,-0.07133797113643067,-0.20284291608670596,0.02851095246838269,,0.020121136097681153,0.0785223317991446,0.02770088704507544,,-0.028359724665539095,0.00046204788167181595,,,,0.03961380648813789,,0.03666330205247178,,,0.0035471873635593005,0.04033653389936296,0.049993098149790055,,0.035584962084420496,-0.021835280250432507,0.020659951961848208,0.02825955950095573,0.02119454441132268,0.050691217028593215,0.02871437542744875,0.06311164932895075,0.02845605679737866,0.05773804064965484,0.034248769145643225,0.22782621875802642,0.0005790353542921682,,,0.03276217694511243,,,,,,,,,,0.047721751133119814,0.03209885231897441,0.030262783982644096,0.02472207180211424,-0.11000800751072523,0.024717794727102557,-0.0043052983646757565,0.055276296415012055,0.02784347098365092,0.07288977678567835,-0.01571368150728517,0.016740785973765132,0.043944306308970185,0.0290907494503106,-0.0221552986723576,-0.06819376856295038,0.05844073145085039,0.03881421726879461,0.02784347098365092,-0.003791053002740372,,,,0.04455087796710955,
2007-03-01,0.013045255898166647,0.045647604726335334,0.03229162730957993,0.006306343693008581,0.006225783913297643,0.03229162730957993,-0.0026580933142868876,-0.013673304495248843,,0.026393857354885503,0.02123706259249875,0.04459619129775703,0.057707440303957046,0.036060585652742734,,,0.006306343693008581,0.027199826319251264,0.04155563077954566,0.03669801566090111,0.029976777787797795,0.035835604062781926,0.025104417813599175,0.05427843525719594,-0.015410474720780241,0.02991448244334757,0.032700776334888555,0.01918622244735906,0.026171125982562587,-0.022120301510359087,0.022019620231111037,0.04726638019015036,,0.038235793249552126,0.021423868274230033,,0.030388611200218237,0.03742994793684605,-0.074324201004523,0.03719056160043588,,-0.03093873359849,0.0969774276707596,0.03286929553839367,,0.006306343693008581,0.06176268359824754,,,,0.018883926321849338,,0.012449815538829897,,,-0.021535382610813596,0.051044978845422896,0.030806953794613106,,0.030517436302963795,0.039812273207451024,0.02759715052211844,0.03645055219889824,0.03893032909389183,-0.003856157443662185,0.03439011790055632,0.04400156070778789,0.03800454153017126,-0.0403010497402661,0.03977941313442954,0.03885758049097295,-0.014578009453481788,,,0.02702053845459488,,,,,,,,,,0.049526196364726695,0.036060585652742734,0.039093091730557715,0.028063395300163406,-0.06779921491202735,0.038208985442027575,-0.013523598426458304,0.046933552074740426,0.03387040666966596,0.06656767151658863,0.025740757965256867,0.030518369990967083,0.03541354368423831,0.03712510189588012,0.006225783913297643,0.04172559536963757,0.04552930580992775,0.039093091730557715,0.027197321085869162,0.0014574990226023587,,,,0.02725002278251469,
2007-06-01,0.017700413071575525,0.07200823618917387,0.024284197641326007,0.02751055152371954,0.0011835341419414083,0.019529032064209334,-0.0005555468979762043,0.00775776570005481,,0.01985226607037589,0.034721296576082666,0.023570070022625695,0.02404205489173977,0.03813792461677102,,,0.0006286892956139736,0.016805453017931286,0.03746627407712611,0.04900039362146657,0.02369344449989418,0.062196036913851664,0.01818132848903255,0.038693240279874086,0.01606135239785593,0.0535361718861997,0.033855386401272045,0.04190887444676559,-0.017753211809287173,-0.011211326551371397,0.0368414519321227,0.053018576132839564,,0.04242319939329923,0.01611170492719126,,0.03620750231977202,-0.0061964189415970325,-0.03788077707001632,0.017422147074039874,-0.0002952763482745658,0.09664557702237156,0.01565709304616405,0.027345898415106987,,0.003944934825123595,0.03802424678064723,,,,0.025399556050048143,,,,,-0.04506125426374855,0.08264214515060213,0.027662331971995167,,0.03046354144245008,0.07342547170176282,0.021594099796653946,0.032130239165280655,0.07342911129965436,0.03447184931000475,0.03746421300318413,0.05021706639577478,0.0338942413624925,0.049019736751935473,0.04840228122361639,-0.03942775815398075,-0.0013563273090309701,,,0.06196737105668006,,,,,,,,,,0.029473970582175386,0.03189428828639722,0.024981163799624357,0.006035270992660026,-0.12034267955233166,0.04792850317315537,-0.00983275059711833,0.03883111576269049,0.026470079895802832,0.07179637397816974,0.004798236377277708,0.028868197838675863,0.046697540362637076,0.033313353390126116,0.004064312616031921,0.10955883251077128,0.05812657820261539,0.04147420015214227,0.012692291335288684,0.027110131293803776,,,,0.046926356889186324,
2007-09-01,0.01815517531728612,0.0349898722376451,0.009920894916501461,0.019579093559160852,0.0014553602550110706,0.013546136382346183,-0.0022180690878689374,-0.003943655802941927,,0.012607356338850035,0.005134721316837627,0.06548728730418556,0.056118205683499595,0.03453387242196048,,,0.015921643403800253,0.014897482005871456,-0.02491802488800585,0.04225880148471673,0.009972890800956015,0.0354584190899834,0.017941707308384736,0.057378361514699876,-0.014273257554021715,0.025590013985234708,0.009066395683129771,0.032315729085960344,-0.005236176530252295,-0.00835729367708501,0.03245219523443189,0.06419679049321939,,0.04365663962252941,0.012045583952330017,,0.03788483889680455,-0.013083314348268088,-0.11465030535076295,0.016151292006812472,0.006992392373904172,0.025035992312858718,-0.049080620154567205,0.024940254605205908,,0.00902833616999792,0.016177827045412062,,,,0.03368536097574604,,,,,0.08392406419230887,0.07245924130837467,-0.020027835241954162,,0.029625948208020166,-0.02759255876510733,0.018942459678829574,0.03903826183164433,0.06810217249712874,0.03935308011851857,0.008596914943700806,0.050572182661275764,0.025537728810552253,0.03129096857220791,0.09126262323945024,-0.1121791378784879,-0.01988144023918566,,,0.04776644219152066,,,,,,,,,,0.04096239071860342,0.05866919524031657,0.029158711382374157,-0.004527351252281972,-0.0415276452911047,0.06717606049730918,-0.0049185646415973415,0.03885356170989833,0.02655966559413401,0.06875942409110088,0.0023545651928950665,0.013381820004248843,0.0025151557362061996,0.0568502370488461,-0.001423762767218258,0.09790795188599599,0.03662889857880847,0.048459128259643186,0.009925873303314557,0.04557493465582599,,0.009620116585113919,,0.037693882095017735,
2007-12-01,0.025277543936445115,0.04593794570737274,0.03537132413665044,0.01778711062978969,0.013123093637856957,0.026077176988339848,0.004226950640412458,0.00785925417416581,,0.032681504448524606,0.01623215329407674,0.06097250506976687,0.0802300515781363,0.0351454171973843,,,0.013209416025701276,0.02804403366048138,0.011808698152795033,0.02935659007236274,0.02162950526935809,0.040983125501709496,0.028071167968178393,0.04575608822897048,-0.0007708609125600091,0.017270008078458236,0.020140142159825798,0.0341616212052975,0.013123093637856957,0.006240843608974336,0.048823832023845215,0.0625346537933084,,0.08481551744199013,0.020409274113006703,,0.03694338093004887,0.022169843277329543,0.042318654761292165,0.015367568909078741,0.017652329160761718,0.009519777387238013,0.06834907085761503,0.025277543936445115,,0.013123093637856957,0.05112595225122132,,,,0.03795021638617553,,,,,0.04023557498263288,0.053746971522953706,-0.013509636407426879,,0.04203612598104681,-0.01538505675410863,0.0031319153577646945,0.03767526111502643,0.04353534407743975,0.0750180931573473,0.029228480795978562,0.0395037760386443,0.026914877380420525,0.03277489433444614,0.0517493141103073,-0.05564918043346251,0.022031514558720662,,,0.01471227873206157,,,,,,,,,,0.048598939105995956,0.039062399574929164,0.0365650418040738,0.015680799334253644,-0.008501398434212418,0.03823439830250308,0.005048476782505626,0.05917022020933581,0.0365650418040738,0.057751819753410275,0.013144079686426268,0.022317753816930214,0.012116213890204843,0.04534382937580188,0.0035211842093305435,0.06717357815937555,0.04285159661488045,0.035046984175054974,0.019450467725185373,0.008258840071476497,,0.02054697601809818,,0.03693541116991827,
2008-03-01,0.02559368907714772,0.060422882639845854,0.0331393442865004,0.032643610077135156,0.019650465603666095,0.02725752660601719,0.01061267732778388,0.006143631411044656,,0.02554134369966725,0.02411557134668548,0.06434407824354478,0.04051931887339786,0.037943724374230076,,,0.02189575463473635,0.02559368907714772,0.09319849271037474,0.04167819736703187,0.0025386378678406,0.06695157789791668,0.022152909910713066,-0.023425614761908107,0.0410385971141542,0.034330919502627295,0.02707928168309608,0.04787969670626294,0.017453058798143937,0.028210460122698088,0.04380726288102722,0.031747445254638997,,0.06675874627357838,0.020509108977834346,,0.03183072835548015,0.008455098735098124,-0.00713250033530078,0.041424106066624444,0.011662482991144234,0.017986026987812972,0.0662226392367941,0.026047636811191745,,0.019650465603666095,0.012113766148071074,,,,0.010340352854281889,,,,,0.010245967468587086,0.06396357780755045,0.010034951989000871,,0.026449940428402943,0.03315687301940367,0.027618847631731704,0.031786252025553144,0.04460208657020634,0.049452544869166844,0.032156408104822794,0.04846481769571889,0.032156408104822794,0.050011999616797045,0.048806112746442955,-0.021928212250482162,0.04256224883125491,,,0.014970054726647516,,,,,,,,,,0.03876218109277821,0.03745778658065158,0.03871297805271813,-0.004882418676018024,-0.007404951801170136,0.028967786352146314,0.018554706726113365,0.03735009865422171,0.031786252025553144,0.05701257075801866,0.034790565235577775,0.03484217564233057,0.02052175211146547,0.07317364401037396,0.035325175432615014,0.09280519711479968,0.043658122969780944,0.03903348162472757,0.025949737330252385,0.03265503257167043,,0.018124664492967027,,0.05779508236509231,
2008-06-01,0.019327830640593107,0.04716936826294149,0.02962177026985307,0.03060137312896664,0.010996175335938238,0.019327830640593107,0.019566743386704836,-0.003155837219897283,,0.03219500392940321,0.018684691275695667,0.04613031597515604,0.0450722358305982,0.04674362558379043,,,0.021064300224701082,0.02950696517029814,0.04613031597515604,0.030952888237185186,0.02950696517029814,0.039951425912490096,0.04691424679395072,-0.00850446410682841,0.05059774008167974,0.04876268382426222,0.02322060811029471,0.0386279588251505,-0.011948847359745418,0.07670306595338984,0.024235731945481693,0.041371341587141286,,0.08317707266421585,0.02950696517029814,,0.04288052339192517,-0.0303601874508972,-0.05508429445477067,0.04066146331044843,0.016049962951322726,0.029291394940192447,0.03634634518057726,0.02638132760994108,,0.02038564485986686,0.07579675040161102,,,,0.008119337750507606,,,,,0.04013781129339265,0.04946329945804822,0.0072861956748192565,,0.0353566567275346,0.037517824696940476,0.011283723692545097,0.03609212084043115,0.03684207792877266,0.0740588966690288,0.03751050085873404,0.05345984760165231,0.038215571829316834,0.05109467121981943,0.04910225370360931,-0.048793919223369696,0.030552895951725733,,,0.03594473152316189,,,,,,,,,,0.033384757995175464,0.038842187208437524,0.03063993348037992,0.022645118920757774,0.035457753836772084,0.02312876362639857,0.015995343268531113,0.05038786271602067,0.032714176989174275,0.05514150709591552,0.027991435273777576,0.016790757845998653,0.02282935421749346,0.06691074093098913,0.015995343268531113,0.06593670090169582,0.062486586092835326,0.06177823821872054,0.020520932838349788,0.18700259208004405,,0.02950696517029814,,0.02585375841120411,
2008-09-01,0.02375292440338126,0.0523267141898336,0.026445513673347718,0.037635867237041674,0.010092982418339542,-0.00209208843487997,0.028219787582263373,0.026032824759359353,,0.03319157972731132,0.04079306746947994,0.05280264407098922,0.04939775212165045,0.04730189753114196,,,0.021946297261107157,0.027372008635827273,0.05062753195783639,0.03036413352382467,0.02016235345454349,0.05942474066878774,0.044046416114801396,-0.019702428480422005,0.02810854472859215,0.04740462659495231,0.027179067666915562,0.0360282481303186,0.01874747286191169,0.04576195638012813,0.04536283042902591,0.04552889027819239,,0.02040103631359617,0.026962639591520045,,0.048261844010995925,-0.00958670953404017,-0.042074392761418375,0.03128706532924801,0.02181041427066304,0.031068180199650155,0.0329500110430537,0.03202289265832803,,0.02311648864439417,0.08938771190374233,,,,0.04850590432747657,,,,,0.029001884708407113,0.05668804458735043,0.019241428916028227,,0.03338660059410043,-0.008323902064860214,0.02668090193439312,0.03202289265832803,0.03512286606110633,0.05214942022175352,0.030741552815220438,0.03930091306121281,0.02879517919054901,0.05780649505948585,0.06419534680130959,-0.04191723396431399,0.03895040340159992,,,0.04274405318404873,,,,,,,,,,0.04273240842181804,0.03973210798060706,0.03410798780684827,0.016931896423284215,0.08712951404652677,0.03419932348413602,0.012038111854696337,0.050493916172577244,0.0320983956678819,0.05250294171793267,0.05819193551672226,0.026072577527232,0.00799144157218448,0.0753412621021594,0.023257167013183498,0.05916713007267906,0.05985195074438517,0.059811985634373586,0.025014910297739768,0.13991570428406283,,0.027368181459782096,,0.03277614915819588,
2008-12-01,0.023403935072307695,0.0639475881702731,0.03738087036695895,0.027118087263831643,0.022474423898610763,0.020429035321932593,0.022364049045935624,0.03899844539925273,,0.03613350963127889,0.04695412946072541,0.07408753265745817,0.13679133461750537,0.0419053340712073,,,0.022364049045935624,0.02171872822025899,0.06878743964340353,0.03204684409905591,0.02482172096648631,0.06276772250565157,0.03405433241035792,0.03575839029384335,0.042479997136106895,0.034908497091793174,0.024722208385857834,0.037410909435697526,0.02786316659369267,0.04970532906937395,0.0464386661627924,0.07477001248111799,,0.05629815826757931,0.0276531191801598,,0.03467232204962018,0.034910357774446885,-0.07556027975628114,0.03951821495846619,0.013006377444830778,-0.014660095737537232,0.03118225295778036,0.027519972217318257,,0.031536208713377464,0.03738639577297343,,,,0.044854883709822074,,,,,0.023986837059377968,0.07100192209761702,0.03530787393182261,,0.03720651544931869,-0.03081635587186447,0.02975526998730132,0.010919891115046708,0.037105753017454356,0.046221158222436345,0.02748728115167984,0.051674375635095644,0.03043680432992748,0.0480606794647792,0.10008520141492688,-0.06771175769370667,0.022563184310248393,,,0.04065264144798849,,,,,,,,,,0.04523822095879615,0.03869708787854227,0.04084663481177475,0.026397530681248338,0.055160951818320404,0.02674495661985615,0.023591250431310582,0.04921582380273792,0.04326813479685378,0.05218963143244453,0.04377192826555022,0.05308370698308277,0.027495676478256792,0.08087554840229913,0.02540683975484654,0.10358024648656206,0.05358815796452281,0.04753396239196915,0.02705252538670531,0.16159318706625944,,0.024817440401465548,,0.02535773662494671,
2009-03-01,0.026676373897324388,0.042495456554253276,0.041259877101472095,0.026653428826174646,0.01557299290734529,0.032683957037975005,0.030060366097709488,0.027878505703607136,,0.04193719929119068,0.022599165185669855,0.05541384050251557,0.093111472783633,0.04153925638207615,,,0.02495857615758768,0.014423830297817337,0.06611230175140656,0.027627924304202064,0.038485283163348954,0.05448781254412049,0.041259877101472095,0.03600065312067924,0.09562301461625682,0.056221605638761794,0.023283538630642153,0.03875186743951612,0.033873827030530844,0.05999965810511158,0.05102788649877953,0.05459891637609337,,0.058217258557697514,0.029815557349404616,,0.03924834514060383,0.01196880544388357,0.056132761288602395,0.0334048094366853,,0.03587328734726382,0.053799276349596574,0.03756244112595445,,0.028350217960717298,0.08571703005007882,,,,0.06799707352462499,,,,,-0.009581401543862462,0.0973445280083744,0.017515530703708263,,0.03961968772559315,0.019565763468380248,0.02879917987666596,0.028511812981154003,0.038707379732814,0.05117510599324168,0.04242545450725281,0.03625658446661483,0.04641991688668796,0.05249504734397805,0.07325254850793231,0.09571417678534774,-0.006354231321377629,,,0.047420016782747106,,,,,,,,,,0.07395225088979053,0.0435455515739872,0.058685694245846055,0.041259877101472095,0.04124066330756271,0.02879917987666596,0.028350217960717298,0.05188130511639209,0.02612713889242976,0.04380249455789831,0.06904424015769486,-2.8405003929179176e-06,0.03034447992628541,0.10194062028114793,0.05302511829203778,0.08886771181810507,0.06747670154427714,0.11040752924901982,0.04261261558720147,0.16273094843708702,-0.06105517872887717,0.03718216230761238,,0.07632495915212376,
2009-06-01,0.02569096234632595,0.038811893035117236,0.02569096234632595,0.02569096234632595,0.01906495253469736,0.024828205139913212,0.01906495253469736,0.03503831860802863,,0.02547209894607955,0.02281475567583753,0.0416272845661169,0.05702732384133487,0.02547209894607955,,,0.02569096234632595,0.02663778555681287,0.038811893035117236,0.024643534122344213,0.021619259949527146,0.04121353101650652,0.02663778555681287,0.04143565531598828,0.06959185382900682,0.04527672427633474,0.02547209894607955,0.02663778555681287,0.02810124865388073,0.043996664041261395,0.043798146335904134,0.04054402007604404,,0.05010969491697251,0.02663778555681287,,0.02900737497616293,0.028472407526601837,0.061789261417373474,0.03210919393310243,,0.026530671343116072,0.0528249585616808,0.02547209894607955,,0.01935008891614301,0.05143139347442292,,,,0.0246536958287752,,,,,0.030419255113145634,0.06341015284816728,0.03648740330042298,,0.027861980292641468,-0.05120014137390058,0.025775416567688836,0.02663778555681287,0.02725836456430209,0.028021188399393833,0.02663778555681287,0.026170988877135586,0.03591102766377564,0.04092839463506088,0.04093246372874693,0.058815664120232286,0.022580838988459015,,,0.03425245294635227,,,,,,,,,,0.03319130815613627,0.02663778555681287,0.029007344196392434,0.02663778555681287,0.044835785028719335,0.025113341521358863,0.02569096234632595,0.03531847315910519,0.024498689799479893,0.03825528101665548,0.03319776851631073,0.04092839463506088,0.02268977015739765,0.06311001494936619,0.045830908572557116,0.044231392413192024,0.0499893572584746,0.0644048213033757,0.02663778555681287,0.07736935088794607,-0.046962065613516554,0.02547209894607955,,0.05841482814346153,
2009-09-01,0.02896171753662506,0.07715924589029431,0.03673801786369072,0.03492216055588708,0.01729681610428221,0.02896171753662506,-0.025044267383249573,0.08293987194299161,,0.045261047541892585,0.0739140874623503,0.07283252522752069,0.01790162896545084,0.02606224195922288,,,0.023301451528215947,0.03686006082198882,0.05397351584025182,0.02606224195922288,0.02606224195922288,0.07145734172728709,0.03686006082198882,0.03744688543503794,0.09023098385836054,0.05117162473385227,0.02606224195922288,0.02606224195922288,0.032023805072119715,0.09011428296359361,0.08298317451407485,0.07715924589029431,,0.07797784839850204,0.036536868043226686,,0.037762837847790824,0.029124329494717546,0.02807245030707181,0.0361189836945578,,0.018249726186845464,0.058174401487591086,0.02606224195922288,,0.014212581788075515,0.07583626437703296,,,,0.024027179277841496,,,,,0.021011984794020964,0.0672648601171193,0.060234043696516366,,0.0261910983390057,-0.05524485121899609,0.022225992201207117,0.02606224195922288,0.032367260886515134,0.038093272403030065,0.02606224195922288,0.027616300301334593,0.02606224195922288,0.028916895329534665,0.08441141913957599,0.06247732241409862,0.016274607562738175,,,0.04558236235885384,,,,,,,,,,0.04377086471833666,0.036967714831900214,0.029069371546536455,0.032238404506732314,0.04143752602612736,0.02896171753662506,0.01729681610428221,0.07233803451989877,0.0013092914329517098,0.041846108378072164,0.04995180489544641,0.02606224195922288,0.012939181075628912,0.020731098672426843,0.06771494813848176,0.1077020631193947,0.0729836232369469,0.09983197525020256,0.012939181075628912,0.09207121465541881,-0.0646238983174614,0.02606224195922288,,0.10278303371448375,
2009-12-01,0.02685822990648402,0.07217678157257988,,-0.007863481399454381,-0.009998590157802516,0.02617966462336766,-0.00983315697111791,0.057454339476947336,,0.04449277914337972,0.06429258434210422,0.006245440703887377,0.0608630385195458,0.026370883981624415,,,-0.007863481399454381,0.03310328984210112,0.023599201379852327,0.02617966462336766,0.03783574086479954,0.09171793598128179,0.03310328984210112,0.018903230891274374,0.04992279554492638,0.05762896557046557,0.026305893810203613,0.02620160856209301,0.026305893810203613,0.07591570446475712,0.07598395303358531,0.06941492602055986,,0.03267617676223422,0.026305893810203613,,0.03640896415288173,0.013555070188153814,0.07266559765893416,0.04173742370828676,,0.0254592835994828,0.07275890750250767,0.026370883981624415,,-0.00983315697111791,0.09400992815047436,,,,0.02694946833433603,,,,,-0.052967645770226154,0.09016273754977623,0.05685166425924297,,0.02646775899596361,-0.04272287971463085,0.02685822990648402,0.026370883981624415,0.028267201248118903,0.035997455665846265,0.026370883981624415,0.026212541131068613,0.026370883981624415,0.0327941492344731,0.10087400441490646,-0.011486964235604578,-0.030104563430366157,,,0.027981699633741218,,,,,,,,,,0.030806828059533213,0.026461902974421147,0.030806828059533213,0.02617966462336766,0.023657032077279226,0.02685822990648402,0.020902465658268053,0.07688862482180812,0.02236555494489588,0.04592065572396959,0.018389123012124867,0.030751825947717158,0.014685959824045396,0.06463660253642478,0.02617966462336766,0.10824293933055182,0.06288942147162217,0.09655487131281586,0.026305893810203613,0.10640759479820619,-0.05506157492001211,0.014388128712510941,0.04508340957717518,0.07767306636157834,
2010-03-01,0.01662812398853473,0.016117614809417494,,0.01662812398853473,-0.0280102402746949,0.0023125644792482206,0.012771774356945377,0.039522777616503746,,0.016814087311121103,0.041093132965042405,0.024219647325473867,-0.01835937974911156,0.01608085681310843,,,-0.027770773104751106,0.029184431738422213,0.009529842362650842,0.016008526951233126,0.016971212564731507,0.049311417155193805,0.025522473721468743,0.011599176068123428,0.010951806383206097,0.018723277205490413,0.01662812398853473,,0.01662812398853473,0.05207855991770432,0.016334626991303638,0.049311417155193805,,0.049311417155193805,0.016971212564731507,,0.025718139473997797,0.008557279371420949,0.013277032417872515,0.025022986150893566,,0.021160616320844296,0.052350623340763465,0.016971212564731507,,-0.027770773104751106,0.06953461311986844,,,,0.03770722867368254,,,,,0.009801879572579098,0.09439750420364265,0.06120026576242236,,0.016971212564731507,-0.061034864177528084,0.04085847248904469,0.016971212564731507,0.0351418665796104,0.03575189927356899,0.04120156106524148,0.01633736272707973,0.016971212564731507,0.01688189416672994,0.049311417155193805,0.034542328377865694,-0.02013466118234045,,,0.016971212564731507,,,,,,,,,,0.01662812398853473,0.01607040771139467,0.01662812398853473,-0.03441153781046238,0.04585922152584274,-0.027449482086094663,-0.03219259804815388,0.060770007054487915,0.016971212564731507,0.03164821575122139,0.010473464332635374,0.01688189416672994,0.01276187024457098,0.03743715098092431,0.012749976799405035,0.08053643384374813,0.04305607182983432,0.06480301705724056,0.01662812398853473,0.110292588678989,-0.08867517399925796,0.016971212564731507,0.019266121635967786,0.012627287697166027,
2010-06-01,0.014277186764396725,0.03267899305223968,,0.011489580489105346,0.0009219065353198323,-0.02080344435795706,0.008765144857267817,0.010556552116385839,,0.019136426611746846,0.03267899305223968,0.021396260336945465,0.06327511968149238,0.015383318110473724,,,0.011489580489105346,0.02811648917803699,-0.04524530609272132,0.007642430225302249,0.02602991212472658,0.019136426611746846,0.00814874791926151,0.021265914664740586,0.030211655765780943,0.034887469055368374,0.019136426611746846,,0.011168285551441838,0.055391589371766296,0.04197704917252155,0.03267899305223968,,0.037492846489544956,0.014277186764396725,,0.024222308446225752,-0.014739880722681842,0.018584121960960594,0.015601214471599218,,0.019136426611746846,0.015094125660270751,0.019136426611746846,,0.011168285551441838,0.02285172503811929,,,,0.014600887963340178,,,,,0.010596288590976671,0.06504210094294756,0.027315770604016208,,0.019136426611746846,-0.03711323708560789,0.011168285551441838,0.0042604592447271295,0.033689230860428035,0.04057302190174611,0.019136426611746846,0.010542787805942483,0.019136426611746846,0.019136426611746846,0.05091890441915419,-0.02849995030910358,-0.004336429567276821,,,0.019136426611746846,,,,,,,,,,0.019136426611746846,0.019136426611746846,0.019136426611746846,0.0038038379854881507,0.007083140872716115,0.011168285551441838,0.011284023536716332,0.04061477682042137,0.019136426611746846,0.042416662057986394,0.023298374814808884,0.008055950505094799,0.008055950505094799,0.03269070562302197,0.028479311983565583,0.0769496471355852,0.04770095578158097,0.0891833118990781,0.013862012493777267,0.06729226988028843,-0.03450905890650763,0.014277186764396725,0.04429101500786691,0.004369290278770617,
2010-09-01,0.022137970674143154,0.046443600531078565,,0.023750352996485567,0.018230570611505865,0.030518214748087785,-0.01700763479626419,0.03171843540215863,,0.031064351948558142,0.028688377874971072,0.02280159493666928,0.025366807185243253,0.022137970674143154,,,0.019215481680033446,0.028707738647369283,0.01766844298986016,0.020801970230051137,0.030518214748087785,0.033518643507178654,0.02105126890798959,0.032699013939692094,0.06806374815492534,0.041837466904213874,0.030518214748087785,,0.022137970674143154,0.03881992096637852,0.023777874331629086,0.033518643507178654,,0.022137970674143154,0.019407566535322655,,0.028162113627617103,0.006643646676181157,0.0217007882271756,0.02432979879510349,,0.021191220480785936,0.026558726015866594,0.022137970674143154,,0.019215481680033446,0.02766554576150685,,,,0.02625107224560279,,,,,0.007858419581734635,0.02743275591229262,0.02249466452262153,,0.022137970674143154,0.0007446857019830376,0.030518214748087785,0.013259865060329801,0.03174434515650772,0.02438941607611776,-0.009199852935932312,0.02153661665063504,0.022137970674143154,0.022137970674143154,0.059019372181911056,0.08793947586105963,0.021337023393322788,,,0.022041113274043837,,,,,,,,,,0.023240370289739302,0.02153661665063504,0.022137970674143154,0.011314437293959772,0.02105126890798959,0.030518214748087785,0.015127335212736048,0.041820645980322535,0.028688377874971072,0.0360682439741038,0.023023762179362296,0.02105126890798959,0.021027872676547772,0.029931182799250066,0.019407566535322655,0.052026248504041826,0.03834331384747087,0.02432979879510349,0.018327428011605182,0.029548206411857285,0.009829772842867837,0.022041113274043837,0.04035796989425779,0.00930482446133026,
2010-12-01,0.012291136590936697,0.029483269687179826,,-0.004930636801044152,-0.013566101823001603,0.025848022197627746,-0.013873883684927467,0.018851196525456738,,0.041024901274806916,0.028102773011589116,0.04020214432742755,0.062260343335934366,0.04023880050916409,,,-0.00957699444991772,0.034338430744763886,0.00654730376701171,0.012777779419243296,0.02458729707382817,0.036237071184303464,0.018132840275039676,0.03554557898642287,0.04361952758003181,0.045813576196797726,0.027566635343489746,,0.014933577434394512,0.03249573743415432,0.03098784867930538,0.03314996853791037,,0.02458729707382817,0.005956188810299519,,0.047929731926813546,-0.04155562323940032,0.036348880232747516,0.03243527038399753,,0.025512870437764124,0.04168659295429657,0.0250148846039869,,-0.012827006841934512,0.04405053352125844,,,,0.052718753710953914,,,,,0.03798170137451871,0.09825114597385634,0.023791794694207516,,0.024477433473632956,-0.015615469328544187,0.013247742007561198,0.011691821859552098,0.04054950812743759,0.0755630695174215,0.024728654670073687,0.024794065507095484,0.024589789880368484,0.013675767741624894,0.061334746864866466,0.009733354105508851,0.023324132180253743,,,0.02717694631164631,,,,,,,,,,0.03397493189619919,0.014093834701716157,0.023062051093328387,0.0076402563443258575,0.025054987718916347,0.014832042951069373,-0.028316482005700836,0.05260236256010174,0.04107366317571846,0.06373325573936753,0.029713336710285386,-0.019856545665509543,0.014335761124803557,0.036681565111035395,0.017063534445795874,0.07422921530495259,0.04999494385788461,0.05385743357870517,0.016012317769025727,0.029299158333476905,-0.03572849303970245,0.020218878557884283,0.039132607625565155,0.03404284293759799,
2011-03-01,0.019424082531545466,0.06583629383788485,,0.021185795503127276,-0.02445424499032722,0.018258523363688377,0.0020804122559084943,0.010493910410611304,,0.022880505555876403,0.02137654522819367,0.02195382832494738,0.026484181400388943,0.019877438366813906,,,0.007764126562735238,0.030998686425205504,0.0017733696759979739,0.005773444783722661,0.03691053887119303,0.03630699893976663,0.0025184852143709624,0.02896257175245586,0.017216403240816733,0.052676910439706036,0.01999758463582094,,0.01573891063691205,0.08647455420418083,0.07231419048386689,0.02944602008801648,,0.019882387933502194,0.017142704782271905,,0.028540358831510463,0.008591146838412111,0.010303402172852682,0.03457482341166454,,0.022276482843237733,0.046420478710261136,0.023745419002360848,,-0.01443274268742128,0.03809767112190794,,,,0.024436999212667076,,,,,0.003302111650256758,0.09334986748269025,0.016353399621762132,,0.014701907119499273,-0.02084010478125974,0.007764126562735238,0.018486553986152617,0.04125314356296097,0.05034469276003871,0.022917084059878357,0.02458997938149419,0.02355085808416794,0.010243981134533531,0.06384443355815579,0.06697756770419548,-0.009503797767536334,,,0.018959835642981298,,,,,,,,,,0.017242339784233066,0.005158521186268396,0.0173624860532401,-0.00013385722012406587,0.02026529026658856,0.014197221842215798,-0.032568215655044745,0.06733061224765621,0.023894543537505523,0.04528313080790347,0.06428502286784472,0.006968493773057396,0.0063144586175673855,0.032930991753487925,-0.010490371188137873,0.08591055204781763,0.053064839200312464,0.07283875845278022,0.014561648964880743,0.015401281937011187,-0.029453912867062268,0.02523259374246776,0.04173805108655589,0.02676322256588736,
2011-06-01,0.01896888849429037,0.04597574847802794,,0.04659913906777552,-0.03315394520972573,0.030571031740896978,0.010377972802013864,-0.008502708973698864,,0.0581499410091655,0.042956072672505764,0.031500881667828495,0.09367348195482206,0.019253969616967938,,,0.033086670139258326,0.054282925956159994,-0.02863286397041869,0.03878825286861847,0.02115485806694832,0.031200938491095488,0.02184707941600669,0.02206600728418934,0.053030990686386226,0.040364753932423905,0.02193425630296881,,0.015029597412330857,0.03778282522631268,0.07747151214103436,0.05149654169809254,,0.055571230069822494,-0.0323953528453299,,0.03287371437567985,,0.007619933555608598,0.01842375343695757,,0.025333860658234193,0.03586026865333315,0.027866232654851737,,0.02430643728215472,0.0007849532658859826,,,,0.03122610375865407,,-0.14819608939548184,,,0.007781865978612232,0.11434806608542204,0.06808582372787714,,0.021755267001064133,-0.04601151469782358,0.010679803561018351,0.010377972802013864,0.04304979832109666,0.02424719572971726,0.03592101569702141,0.02195528565144443,0.02412048749050499,0.0016009463906679626,0.10010879032438502,0.0025926521805442154,-0.09340342606469301,,,0.020528247432289187,,,,,,,,,,0.021960464305460347,0.026730848576554143,0.026492603038153584,-0.004968825198334502,-0.059488511009958875,-0.024975708615651925,-0.016861283184114666,0.0755851906083488,0.025102125005607885,0.04863586571515137,0.06315706929133835,0.028751267066155786,-0.052067864471029957,0.04311405450398629,0.013741073422665609,0.08878983633990498,0.053233597958183866,0.010643513992771773,0.022632171069788248,-0.0037773535257427863,-0.14270297077317412,0.01941320319019551,0.027899059017655582,0.011405517852383532,
2011-09-01,0.025700224025091433,0.026569075768724807,,0.010685480989436268,-0.005892680743719395,0.007929397016610112,-0.0008946119753174776,0.019285422594825533,,0.023643915008714222,0.022752725449036445,0.01481513313090968,0.03838577486037369,0.01635257483660587,,,0.008638549883779535,0.029387219806932385,-0.0014864703668750713,0.020951392865530515,0.029789739841324818,0.019306743597204395,0.023643915008714222,0.02715230641028493,0.03184622861203353,0.024974877101228695,0.019127703404384255,,0.008638549883779535,0.02978952184986857,0.02978952184986857,0.022752725449036445,,0.025700224025091433,0.0020933988421273026,,0.021528150987218452,,-0.010239808557138857,0.025080230387900398,,0.019083144883623775,0.009304403883093615,0.019127703404384255,,0.0018881589422443132,0.02294808024565376,,,,0.036164267541195436,,-0.03551974166360791,,,-0.03770047334569893,0.0335666124061725,0.029185134220316676,,0.019127703404384255,-0.08201011979610193,-0.002352381547906608,0.0009515317793544035,0.032744045465153845,0.03179122574199816,0.019127703404384255,0.017810077229986315,0.019127703404384255,0.004201049784712773,0.04676524799611071,-0.07945134999257247,0.0004656573832660342,,,0.019127703404384255,,,,,,,,,,0.019306743597204395,0.01922881226078514,0.019306743597204395,-0.00337546729286023,-0.00459094696835269,0.010243510704222535,-0.006393218583282251,0.02592667044594729,0.029286110950531498,0.03611107538330467,0.026849696841501746,0.01922881226078514,-0.01064553299492936,0.020034450277858235,0.012973788731286719,0.02981811842744232,0.04181130041582742,0.013186309908356161,0.01635257483660587,-0.011108314994897636,-0.0495775533055917,0.025700224025091433,0.024215292180937993,0.030523461899267825,
2011-12-01,-0.001959719529686322,0.03784674356108705,,0.01046223951002661,-0.014622981309682292,0.013283699222034389,0.00125679943439431,0.022316370033534743,,0.018606953508988413,-0.009829681583294763,0.020432590539877366,0.07484013428714689,0.017157596136289567,,,0.0047281575897710265,0.036167637328812355,-0.026058538105658592,0.04145801610707202,0.03733041237512095,0.03533954644997224,0.0170576820690087,0.06351681351743431,0.07896266994774133,0.045515833345521985,0.018560363019416548,,0.018057209773373484,0.08292767672152832,0.08155722803531139,0.0367913710826183,,0.05378445952425594,0.012663861397609085,,0.03259570151037997,,0.10681281708264474,0.004850187365560972,,0.017767330443534957,0.04598682323863269,0.019269824985342122,,-0.020665914765048442,0.029921127587159965,,,,0.03432890208918901,,-0.02154801334070743,,,-0.06360942616747264,0.07706485802475332,,,0.013575120592004494,0.034200706047641645,-0.019519092954826858,-0.022346090242172774,0.056465598463011614,0.058891308024186295,0.01888999030656211,0.008166143734167328,0.018173793555987697,0.0027905990534549774,0.03553919780587376,0.022655564205126644,-0.03931906918313604,,,0.019491074318428236,,,,,,,,,,0.020873601483570065,0.0487887210576019,0.01708004600109051,0.0026628740435794846,-0.07523683561696959,0.020860802632932076,-0.03031527621440123,0.03903998937865395,0.03733041237512095,0.047735093317684614,0.053831794036813825,0.019851420378173314,0.002572838497880631,0.07015740491087746,0.013245456790440278,0.06343696847352522,0.057269677293347636,0.13614629640822357,-0.0029836461889056584,-0.029886215346818554,-0.13890966755375414,0.0372799357130034,0.04465884310191044,0.02261220083703907,
2012-03-01,0.02454055970019788,0.03627763040259293,,0.010603418680379312,0.005216406180520304,0.01883123782465916,0.016560853037412008,0.0256916093329336,,0.02151380860457349,0.039644970602295604,0.08493414884691403,0.04633667252256709,0.020611734456039626,,,0.008789755053686217,0.02842248187730458,0.001698340448121959,0.02958649183662516,0.03627685972155688,0.03287441321231577,0.02151380860457349,0.025190931217113396,-0.013750184511792945,0.022805448847313295,0.02151380860457349,,0.03216482549836822,0.035719274454101294,0.03530578443070328,0.03480069854459074,,0.03711649131979059,0.006275250822653929,,0.028502437268886897,,0.0066585337430081215,0.02366650546413349,,0.02151380860457349,0.029858438371179984,0.015219765748230191,,-0.0032266746436348873,0.006718648757239239,,,,0.02314980699278359,,-0.07740695417127393,,,0.005369926779285539,0.03759571386847252,,,0.015219765748230191,0.03699196472670973,0.005216406180520304,0.010985731633449777,0.038794644121424623,0.0967381768633655,0.0354506416614801,0.021013340797368673,0.02152540666971942,0.008921024278287332,0.06772101115007588,-0.03151993733627899,0.001286418148057016,,,0.017509085632044192,,,,,,,,,,0.016006808539930948,0.03726847581931566,0.020667035942134974,0.01158878069644305,-0.05015413945759588,0.023042855325071214,0.0019312883699938465,0.02482131978809125,0.02151380860457349,0.035225416372062834,0.019814832681164823,0.03822424448741615,0.015890513022074948,0.02152085787896,0.01989156144934933,0.038437318792165866,0.041765312922314925,0.02923855089081683,-0.0036848334542473778,0.0032851297200903514,-0.09902674216556637,0.03655542855992237,0.026048240221278916,0.03216943957395728,
2012-06-01,0.026606985676282228,0.037853042179682876,,0.03633600995696848,0.020601798721178753,0.019997373759436263,0.026606985676282228,0.05274716085208828,,0.028966635928383375,0.038177294549456064,0.06426185650011816,0.02762213914882813,0.026810027046845094,,,0.03633600995696848,0.04160760269976302,0.06263381026462428,0.0040560192577320684,0.04218204633698258,0.026810027046845094,0.026810027046845094,0.02762213914882813,0.017739716827513297,0.02762213914882813,0.026810027046845094,,0.026810027046845094,0.029656539503093306,0.029276902285151007,0.038177294549456064,,0.039553971452881614,0.020601798721178753,,0.04218204633698258,,0.017739716827513297,0.026237944544245974,,0.026810027046845094,0.02762213914882813,0.02659342365440132,,0.020601798721178753,0.032771699565888296,,,,-0.049000640309672924,,0.024122876059161313,,,-0.012194900374145709,0.04563512209010683,,,0.02659342365440132,0.026810027046845094,0.019576661475615462,0.020601798721178753,0.026818735882245703,0.04104743715541831,0.04160760269976302,0.029998694807960743,0.026810027046845094,0.020601798721178753,0.05274716085208828,-0.05907540152115614,0.0018645842804089826,,,0.026237944544245974,,,,,,,,,,0.026237944544245974,0.029998694807960743,0.026810027046845094,0.020601798721178753,-0.012194900374145709,0.026606985676282228,0.026606985676282228,0.026810027046845094,0.026810027046845094,0.03769412397374118,0.03577146044790226,0.026810027046845094,0.026810027046845094,0.026237944544245974,0.03757749912536473,0.04081216339334229,0.03613203573573124,0.026810027046845094,0.026810027046845094,-0.0005979633747445533,0.028921851731234495,0.026810027046845094,0.026810027046845094,0.020601798721178753,
2012-09-01,0.01348968375477948,0.04544549713846937,,0.035690707351106424,-0.0021344388172300057,0.038727101542301266,0.037244733740466426,0.020822958199653283,,0.022201027244918937,0.04108057998172981,0.05939383594793294,0.055681848373096005,0.023318012118559037,,,0.013144666070955859,0.040942301455854396,0.007487473768657482,,0.0455819998410066,0.023600593910674282,0.02366053346422931,0.030234611199721664,0.01508062126733308,0.025091879841217687,0.04531500756554126,,0.023318012118559037,0.03953573531367351,0.024387315349184036,0.038488413767303886,,0.04277189252782053,0.016079717321896923,,0.022201027244918937,,0.029222000175441132,0.021556034468534924,,0.023590726551700875,0.03039639682095993,0.023600593910674282,,0.01983546829858601,0.024373947631758576,,,,0.019614274197914186,,-0.059940817936677986,,,-0.010296531020030917,0.06299089247501614,,,0.021188416220638405,0.0049422758328609324,-0.00220424572975844,-0.0021344388172300057,0.024239208326302348,0.044342841645620114,0.02366053346422931,0.022659341942358125,0.02366053346422931,-0.0284506851556533,0.05002318799813176,-0.09686915525670381,0.01759541071837972,,,0.026083440832425708,,,,,,,,,,0.02842466778564884,0.0270726689918748,0.02366053346422931,0.01513460958744978,-0.011798189229805425,0.01983546829858601,0.008689539120432943,0.026658626696281287,0.026658626696281287,0.03367151347359463,0.01578495459283538,0.029647010184478174,0.022131220332390504,0.021556034468534924,0.04103199820125785,0.0589105216584677,0.04401449215470265,0.03700407369515927,0.010966701593437054,-0.003656179400202132,-0.12340778393613076,0.023318012118559037,0.02366053346422931,0.04005008280997022,
2012-12-01,0.011877868229836736,0.05317614116066779,,0.013566848266384327,-0.01235617378294931,0.013566848266384327,0.02205421668586534,-0.008830014952228411,,0.012610260943805091,0.03310722161418583,0.09667411557726738,0.020304897040410115,0.018621868460797112,,,0.011877868229836736,0.0377634010687478,0.017390460192660624,,0.017264912704618624,0.018252853501079597,0.018982314319726058,0.045130216273416936,0.0032040674214684935,0.018982314319726058,0.018982314319726058,,0.018621868460797112,0.021633207919618484,0.018861514090419737,-0.00026752782647990805,,0.021291219637853208,0.013566848266384327,,0.020284776180168076,,0.022533471885113017,0.018982314319726058,,0.018982314319726058,0.017344439269474488,0.020117725999328446,,0.02205421668586534,0.024526648659940187,,,,0.02230912618405132,,-0.1194186717131217,,,-0.03150207015796618,0.031700218538516525,,,0.017357510736365087,0.005299138204080053,-0.01235617378294931,-0.01235617378294931,0.01689485825938134,0.0507702624878481,0.03767710994333758,0.025112961195027744,0.020284776180168076,0.012403373603773526,0.03760337275667396,-0.0026793677402522013,-0.009133305201160805,,,0.018982314319726058,,,,,,,,,,0.022719593136570397,0.018744669376905262,0.021291219637853208,0.011877868229836736,-0.0315513076765871,0.013763292838112704,-0.01235617378294931,0.022567378101220226,0.044248121809793046,0.03713807061033583,0.018487821164522616,0.018288184205730623,0.02235066373976304,0.03281545516535805,0.011877868229836736,0.05214692318263247,0.010249929760390877,0.014211902677215884,0.020284776180168076,0.0025767086105492154,-0.06359267396538015,0.011877868229836736,0.020470701627975513,0.021824330411600115,
2013-03-01,0.00014452283278348904,0.01977858707855439,,0.01176788432103845,-0.010802694505363052,0.011844041759373047,0.02891811995419926,-0.012545176002823776,,0.020219151446278456,0.006856887097562556,0.038930247885275174,0.020714491094076484,0.019798690024168918,,,0.011474389243586288,0.0191984818239122,-0.022876070495277574,,0.03189796157686459,0.030158613939049197,0.020431675950951075,0.0205429074905608,0.02061585952679107,0.020431675950951075,0.02116681418098057,,0.019253557094686492,0.015438559077827754,0.03783517515607304,0.019272175444850534,,0.03877337707448363,0.01112267609853391,,0.02115592406802004,,0.04349525339127619,0.020336567205233066,,0.020431675950951075,0.038433699205922274,0.04123575105385354,,0.025246800264532777,0.028906282171149766,0.08470031181480928,,,0.006571746451258261,,-0.13074775146264492,,,-0.002832397318461886,0.038150179871102544,,,0.017154451869025953,0.037882073079744845,-0.016828407737427758,-0.016139733268896554,0.017154451869025953,0.021898644464679692,0.04353829122179921,0.022428185090629094,0.02115592406802004,0.01693734233541353,0.06695200377564836,0.07204646172747975,-0.011251504010553526,,,0.023613995969219485,,,,,,,,,,0.02279442009594045,0.015834314605953657,0.020091261554008213,0.018151078725136036,-0.01588485144143983,0.013691406637996712,-0.013269598261514292,0.02563094781376827,0.02027469198919978,0.03451319251819297,0.02093116684568436,0.020711771815512467,0.016463207608708955,0.022878650935418646,0.012201274518494827,0.033329422403171834,0.014773305168089744,0.009079583416352,0.02331461311088025,0.059805330288823615,-0.13074775146264492,0.010550871723990362,0.025562277017255178,0.036182260423218225,
2013-06-01,0.019657534637395783,0.044434188553078034,,0.0013288712278669197,0.008214424807075361,0.014065368832764347,0.017756747765415856,0.000510632606440127,,0.0113734299091246,0.008075474501502509,0.03377432690055935,0.025940414131203966,0.015771622926229883,,,0.016293311639738184,0.009608638077933667,-0.007247920281973509,,0.046093963257376656,0.015093055836729995,0.019657534637395783,0.016482992829932094,0.026974595446646658,0.020179223350904083,0.043396013809261225,,0.015560337230761886,0.02276033700727911,0.02223864829377081,0.021977232628908477,,0.018749392381519195,0.015771622926229883,,0.02469645241724813,,0.029072252307057633,0.020179223350904083,,0.01499423298641095,0.04700589164251097,0.0113734299091246,0.0152158522998311,0.027805101125751564,0.04558315853708218,0.0157375410133394,,,0.012524751601807462,,-0.10151163746356198,,,0.0036727576183867203,0.04882819965001819,,,0.023557358714009286,0.03220189671517225,0.0036727576183867203,0.008214424807075361,0.019355590417684764,0.04842430732831245,0.03080761225525301,0.01995864066371716,0.02469645241724813,0.03962196115670018,0.0712398434615642,-0.09951589829379949,-0.09951589829379949,,,0.02469645241724813,,,,,,,,,,0.025940414131203966,0.014117348726626447,0.02417476370373983,0.016293311639738184,-0.003665173084999364,0.019048732754221035,0.009111756688402075,0.020935770225525806,0.02469645241724813,0.045709532573176004,0.03885540997036408,0.019355590417684764,0.010289383689250517,0.018742581683974833,0.025254932910877815,0.05709830055298073,0.0242760233659504,0.03645263177037134,0.005839969612585999,0.0573165117534573,-0.09951589829379949,0.01503864851725359,0.04163913865619352,0.018465650916597406,
2013-09-01,0.027121191325347963,0.02807047426875673,,0.011390679221443652,0.032783413519751184,0.024341754992173382,0.019243104058469834,0.0040419937963269625,,0.02808206463553294,0.020651447734244623,0.01997684256388305,0.02821177327413764,0.024341754992173382,,,0.024341754992173382,0.03512725703568363,0.007325572381692802,,0.027718248241865827,0.025779285476366254,0.02808206463553294,0.02808206463553294,0.03165318788174042,0.02808206463553294,0.02808206463553294,,0.024341754992173382,0.027310645660303855,0.027462948810012447,0.02761909641721921,,0.021512922853160376,0.024341754992173382,,0.02808206463553294,,0.053693775396826994,0.02808206463553294,,0.022985117444235714,-0.0025727574806614587,0.02808206463553294,0.017082388963717672,0.011390679221443652,0.031214847926911714,0.018293187230285148,-0.046514059388854834,,0.020070284949403605,,-0.046514059388854834,,,0.007494230661217225,,,,0.02808206463553294,0.018976858592744533,0.005086881493921394,0.005086881493921394,0.02729297734740759,0.05743803937170398,0.026871266368965464,0.025365913007750013,0.026871266368965464,0.030123032613171133,0.025798444673493008,-0.02508835438730808,-0.02508835438730808,,,0.02808206463553294,,,,,,,,,,0.02821177327413764,0.028102107770791904,0.029033965987561396,0.010965408326985412,0.022985117444235714,0.023689158729416043,0.005086881493921394,0.028468381646641124,0.02808206463553294,0.04026549713702793,0.03181726845434018,0.02808206463553294,0.021964543828009636,0.026845637208309955,0.024341754992173382,0.025795875317157966,0.031045522413708348,0.01762715389310613,0.022316700156335002,0.06921635395447334,-0.02508835438730808,0.024341754992173382,0.02808206463553294,0.02858924294140653,
2013-12-01,0.03217058411922865,0.042316043011160424,,0.04941012387999911,0.028356451288210488,0.025256605922457757,0.028356451288210488,0.02392163482867565,,0.033806019924749735,0.023764573784182143,0.03103531300990757,0.03217058411922865,0.028356451288210488,,,0.028356451288210488,0.0341730858995943,0.023005225983332805,,0.02899126944176518,0.030568331868143554,0.033806019924749735,0.03217058411922865,0.02761676199458343,0.03217058411922865,0.030330546388719157,,0.028356451288210488,0.028674376414261984,0.026326187112520494,0.029210060857951935,,0.029145553444079975,0.02899126944176518,,0.033486214716359805,,0.0326246134099282,0.02990450391014057,,0.05812697343657579,0.03587520623430203,0.033486214716359805,0.026301131397452236,0.029196213497043173,0.03226880669915482,0.027936567202973352,-0.02258279970645696,,0.03521717167928719,,-0.02258279970645696,,,0.03770811899834185,,,,0.03925617162027191,0.008303692140843913,0.025301479994828527,0.028356451288210488,0.025301479994828527,0.03810047867929515,0.033486214716359805,0.03005457104533947,0.033486214716359805,0.028503031095628555,0.027794222108059274,0.019694749761772566,-0.02258279970645696,,,0.02990450391014057,,,,,,,,,,0.03704681115683734,0.029035398169087356,0.030109447965418562,0.04877530572644444,0.0509799139538433,0.03303770151950225,0.025301479994828527,0.038284374408834324,0.02990450391014057,0.03312232443314453,0.03226880669915482,0.03613234865302974,0.025301479994828527,0.04306256216407375,0.028356451288210488,0.0426363129015688,0.04484397462832344,0.013861422157572757,0.032883751737594474,0.03881167169730904,-0.02258279970645696,0.028356451288210488,0.03217058411922865,0.028140832608085614,
2014-03-01,0.03207469150176913,0.053869868247415874,,0.02843396295649873,0.03147343456880068,0.028794434055454822,0.027688786235910593,0.050278234338574146,,0.029450352117099,0.04630337037336241,0.027205121565599573,0.030130521036311794,0.02827554015986173,,,0.028501822984856776,0.028832315719086246,0.027205121565599573,,0.02827554015986173,0.027070760075367288,0.028946689699441384,0.030917932193521822,0.040302717073242504,0.03207469150176913,0.02827554015986173,,0.02827554015986173,0.027865984444414783,0.027865984444414783,0.022900904375261565,,0.023591075786619228,0.02827554015986173,,0.028803433053401818,,0.04838805237474747,0.02900225677107662,,0.03184749247244052,0.03886182653063589,0.03264118370691822,0.029733288206548546,0.02843396295649873,0.03195875210426535,0.030956162187525105,-0.020537268705463164,,0.04599891227149061,,-0.013777559099922985,,,0.028816149507043576,,,,0.02824556179513511,0.011446068068254234,0.04550179097479606,0.04085312556704783,0.02827554015986173,0.04250635818809258,0.03510380894881916,0.022633262935486235,0.03199226518327982,0.047358416267473044,0.03592558697342463,-0.020537268705463164,-0.020537268705463164,,,0.0573486516180454,,,,,,,,,,0.02824556179513511,0.028207680131503685,0.02791506906090564,0.032102168977080625,0.011446068068254234,0.028262937785514874,0.028501822984856776,0.03451705502486803,0.027688786235910593,0.03955052667836238,0.0416430381148021,0.028889500600917727,0.03268604648737698,0.02827554015986173,0.04550179097479606,0.04398887059962897,0.04182695711365701,0.048205680757601975,0.03351031002668758,0.02110895823835791,-0.017995782573268667,0.027688786235910593,0.032259974813923606,0.027297042900362334,
2014-06-01,0.03926064365885173,0.03825565745243394,,0.030360083777917615,0.030360083777917615,0.03246370735824935,0.030360083777917615,0.030412740102416853,,0.03120443891693371,0.03825565745243394,0.02920679167364809,0.030412740102416853,0.03246370735824935,,,0.03246370735824935,0.03246370735824935,0.0392156822048664,,0.03246370735824935,0.030360083777917615,0.03246370735824935,0.03584756206307036,0.02831692050755117,0.03675950159603658,0.03246370735824935,,0.02987019853749022,0.030412740102416853,0.030412740102416853,0.030360083777917615,,0.03246370735824935,0.03246370735824935,,0.03548476340046845,,0.034434262121258656,0.03330806249726545,,0.03246370735824935,0.037470400021241135,0.03675950159603658,0.0331656839528579,0.030360083777917615,0.035272502065254105,0.03310364897812783,0.0300174684816723,,0.0470145972578389,,0.0300174684816723,,,0.03246370735824935,,,,0.030360083777917615,-0.0061194555431482575,0.030412740102416853,0.030412740102416853,0.03825565745243394,0.048080911376568766,0.03675950159603658,0.02622708301982281,0.03548476340046845,0.09001846133140325,0.031222958534203742,-0.0016415808497633677,0.031584852852079986,,,0.04404098536245279,,,,,,,,,,0.030360083777917615,0.03246370735824935,0.030360083777917615,0.044673643238102495,0.035688867291031386,0.030360083777917615,0.03246370735824935,0.034434262121258656,0.03225494019614351,0.03822287514423211,0.030412740102416853,0.03246370735824935,0.030360083777917615,0.03330806249726545,0.07299132838457144,0.03825565745243394,0.04130608324252259,0.04927000690800518,0.03675950159603658,0.014173239724379864,0.013842896624553581,0.031410585057127405,0.03675950159603658,0.02920679167364809,
2014-09-01,0.0347781295328921,0.03540483548944699,,0.032281831235072535,0.014306931710342037,0.012361308551512361,0.03782231965734726,0.027345551324923025,,0.03534857935856343,0.03708571806215747,0.026918808906049533,0.036356816471109034,0.027629466991065527,,,0.03233379248446315,0.027629466991065527,0.02719432674212038,,0.032819178849203,0.03007587186057488,0.027629466991065527,0.0347781295328921,0.03976982222436806,0.03513934266542267,0.03303167725016636,,0.027838703684206264,0.027345551324923025,0.02777432068709077,0.031164700567202615,,0.03233379248446315,0.027629466991065527,,0.035006255630296995,,0.04405808162470892,0.03513934266542267,,0.03050851471519578,-0.0068868432417832,0.03513934266542267,0.0347781295328921,0.03220070544933747,0.030799844088446684,0.029032915367871517,0.0182725354245649,,0.03498736622603286,,0.019394849332171057,,,0.03213128564879552,,,,0.027496379955939836,0.014026878346734231,0.03115210516785991,0.027345551324923025,0.036139974951446024,0.05115604201798381,0.0347781295328921,0.025710267871986933,0.034645042497766426,0.012770010070686214,0.03739208111216427,0.01996290827485879,0.01996290827485879,,,0.07562711745825604,,,,,,,,,,0.03086876965520072,0.027629466991065527,0.027496379955939836,0.027629466991065527,0.03254745758875956,0.03086876965520072,0.03073333822213052,0.035006255630296995,0.03151544919697461,0.044436599579485064,0.07973820279676715,0.03513934266542267,0.027838703684206264,0.031306212503833857,0.027345551324923025,0.03506843793991687,0.027858058373214357,0.027496845240683795,0.03513934266542267,0.02475418054495448,0.026952149106809476,0.027496379955939836,0.03513934266542267,0.012767076283710078,
2014-12-01,0.03583091211839293,0.03509662054139474,,0.044641344739032675,0.031431417140496506,0.031431417140496506,0.03601137882999655,0.031431417140496506,,0.03583091211839293,0.0354444654531652,0.029979765796801987,0.039007247293392756,0.031431417140496506,,,0.0366505005292556,0.031431417140496506,0.03242765100379504,,0.031431417140496506,0.029979765796801987,0.031431417140496506,0.0398487972365467,0.029979765796801987,0.03583091211839293,0.03164793987720451,,0.031431417140496506,0.031431417140496506,0.03428440773258843,0.03503567885225218,,0.03387930234748956,0.0335969831111794,,0.03583091211839293,,0.03583091211839293,0.031431417140496506,,0.056341398979805946,0.07183173700661771,0.03583091211839293,0.03583091211839293,0.03601137882999655,0.07352181014336948,0.024832411467984036,0.013451903649364366,0.03405567781518172,0.035540082873332164,,0.016396557088985766,,,0.056341398979805946,,,,0.024832411467984036,0.012459462146711085,0.029891117049360743,0.031431417140496506,0.02941237315748408,0.04119662473914632,0.03583091211839293,0.029979765796801987,0.03583091211839293,0.023861548189600918,0.03844478991667855,0.0285750540426947,0.026132755516604298,,,0.07352181014336948,,,,,,,,,,0.03768802651801919,0.031431417140496506,0.0335969831111794,0.031939639859649364,0.05645494900802005,0.0315917949478789,0.02925199535010169,0.02268812448750743,0.03583091211839293,0.037268363049859934,0.062012345288382606,0.031431417140496506,0.04936124166015103,0.03583091211839293,0.031431417140496506,0.03541443258864395,0.02872019290224428,0.021044715046906148,0.03583091211839293,0.0351831050297203,0.06005121184427651,0.03366092641848018,0.03580291768798865,0.027877405081603367,
2015-03-01,0.03463787745739951,0.031169750368556137,,0.06234880991099713,0.0346782232906426,0.03488743590880739,0.0618344774893834,0.03363042569983242,,0.03354826475235595,0.031169750368556137,0.03022414346229698,0.03463787745739951,0.03408172992155241,,,0.03488743590880739,0.03354826475235595,0.035483929277897584,,0.06087512842333286,0.03408172992155241,0.03576890844524832,0.03036404438130113,0.02580066211873928,0.034475532026445384,0.03408172992155241,,0.03354826475235595,0.035483929277897584,0.035483929277897584,0.03488743590880739,,0.035483929277897584,0.03354826475235595,,0.03463787745739951,,0.03463787745739951,0.033982361715444866,,0.0618344774893834,0.07039130771889543,0.03463787745739951,0.03463787745739951,0.035483929277897584,0.048255584419735584,-0.002047937993635905,0.02575069050183502,0.034475532026445384,0.034475532026445384,0.04924980974619627,0.02479061374050847,,,0.03653658207445753,,,,0.034375900996120055,0.023029474689744665,0.035483929277897584,0.0343117882376818,0.03576890844524832,0.07131403101962881,0.03354826475235595,0.03022414346229698,0.03463787745739951,0.02774842805847656,0.035483929277897584,0.022154484218496785,-0.0001460945262124818,,,0.03422962729020533,,,,,,,,,,0.03354826475235595,0.03408172992155241,0.03488743590880739,0.037753823338449156,0.03429966517982435,0.03576890844524832,0.035483929277897584,0.03463787745739951,0.03619642811382296,0.038961785362022466,0.060735446533613124,0.03354826475235595,0.03363042569983242,0.03422962729020533,0.035483929277897584,0.036906541595676245,0.035814703182896826,0.02527815280307231,0.03354826475235595,0.05205791749098563,0.04430205546400196,0.03354826475235595,0.03422962729020533,0.03288585451768483,
2015-06-01,0.03568576313417068,0.04039609560414347,,0.08052488836318651,0.03383339895211339,0.03242168015509406,0.03383339895211339,0.032306325196346755,,0.02543580445641808,0.027282006978536156,0.03189353467735605,0.026933963748275315,0.03242168015509406,,,0.032727589271422504,0.03242168015509406,0.03568346207409138,,0.021149645939122493,0.032727589271422504,0.03115702803379228,0.02491154517654351,0.026306327093115135,0.02948393355297334,0.03115702803379228,,0.03242168015509406,0.03352748983578494,0.027282006978536156,0.035894537594729777,,0.03383339895211339,0.032727589271422504,,0.03115702803379228,,0.02948393355297334,0.03089003852417133,,0.043198485310510154,0.0015941515450629171,0.02948393355297334,0.02948393355297334,0.03352748983578494,0.08236004092389605,0.025109144755407306,0.019500021905741644,0.02948393355297334,0.02948393355297334,0.04213813842223755,0.019497805603136218,0.007589512544007233,,0.046941682793420675,,,,0.026373796876709082,0.016038580294739608,0.039293564437473255,0.021620073330194393,0.05454475985078432,0.09676106935910343,0.032727589271422504,0.025342142703778818,0.03670250695899203,0.02379757895206603,0.0279801182328282,0.005810714685293844,0.02302397367468321,,,0.038474188251863446,,,,,,,,,,0.03242168015509406,0.035671810394012765,0.032727589271422504,0.09593473839333494,0.04572051815398249,0.03242168015509406,0.03383339895211339,0.03115702803379228,0.029766400518893045,0.032584910114900514,0.08976447732255168,0.03242168015509406,0.041987826690162225,0.02740270100951936,0.07629004853396625,0.038876372539868635,0.029170993517118295,0.026382301071704573,0.03242168015509406,0.008806910164108636,0.03878166691445563,,,0.032108740119239025,
2015-09-01,0.03416206127814578,0.03702419208530396,,0.06461292007326125,0.0269838647292357,0.0337626395880794,0.034478178554050214,0.034478178554050214,,0.02379999126654374,0.023216871079540697,0.033759322320771404,0.03332249690459884,0.0337626395880794,,,0.0337626395880794,0.0337626395880794,0.03443464745622408,,0.03334919381902179,0.034478178554050214,0.03334919381902179,0.03334919381902179,0.02618721961035327,0.03374861550908816,0.0337626395880794,,0.0337626395880794,0.034478178554050214,0.034478178554050214,0.03655467325532875,,0.03451839238456835,0.0337626395880794,,0.03334919381902179,,0.03374861550908816,0.015735596808277873,,0.034562453655573463,0.013188167070379316,0.03338124629281121,0.0400702353320221,0.034478178554050214,0.02899531840915987,0.021806419946159145,0.02682158724980653,0.05499717724954479,0.03338124629281121,0.07322287888909232,0.027834961107547327,0.03017531973536438,0.03374861550908816,0.03207751601694669,,,0.05194099792904896,0.033537246250643846,0.028260593530785725,0.03569041557805862,0.0340647327849926,0.045716950772284715,0.03921022239099607,0.03334919381902179,0.02198828218576856,0.03338124629281121,0.047383396554547326,0.03498791121454357,0.034562453655573463,0.022132861619702553,,,0.029798518022070893,,,,,,,,,,0.0337626395880794,0.03334919381902179,0.0337626395880794,0.06461292007326125,0.034857840005370525,0.0337626395880794,0.03498791121454357,0.0337626395880794,0.03384557728813485,0.033571348047915235,0.03569041557805862,0.0337626395880794,0.034857840005370525,0.027137546637622117,0.02544320942898971,0.03826495999582022,0.03411853018031964,0.033719108490253266,0.0337626395880794,0.008881862163848116,0.03430346119469394,,,0.033719108490253266,
2015-12-01,0.03684953869269605,0.03538816105636735,,0.06158674322743628,0.017395854211758217,0.04658559914479013,0.03538816105636735,0.03538816105636735,,0.03516454661204452,0.03538816105636735,0.03516454661204452,0.035346921329371866,0.03516454661204452,,,0.03516454661204452,0.03516454661204452,0.03538816105636735,,0.03516454661204452,0.03516454661204452,0.03684953869269605,0.04162849447146149,0.06312768769515506,0.03684953869269605,0.03516454661204452,,0.03516454661204452,0.03538816105636735,0.03538816105636735,0.03538816105636735,,0.03538816105636735,0.03516454661204452,,0.035346921329371866,,0.03751383818081584,0.03516454661204452,,0.017400433783208977,0.02091895031738223,0.035346921329371866,0.034768719512913146,0.03538816105636735,0.03514814138362547,0.02926981019790409,0.017489057101723455,0.034768719512913146,0.034768719512913146,0.05159807748600817,0.016193062794889208,0.016410171924344293,0.03684953869269605,0.03879143956221459,,,0.07412820433089057,0.024364718706756088,0.03494884124777494,0.03648236846644218,,0.031453863143831466,0.03813375102681654,0.03516454661204452,0.03516454661204452,0.034768719512913146,0.017395854211758217,0.03538816105636735,0.020826927861022172,0.04136700399764182,,,0.055318056866971166,,,,,,,,,,0.03516454661204452,0.03516454661204452,0.03516454661204452,0.06158674322743628,0.021496719241685502,0.03130530826544143,0.03538816105636735,0.03516454661204452,0.03635839052167108,0.035405676362376376,0.041050498935762875,0.03516454661204452,0.03901813163135519,0.03185527445773564,0.03516454661204452,0.03538816105636735,0.03312892146762563,0.03516454661204452,,0.016028127226144544,0.04002752068221764,,,0.03516454661204452,
2016-03-01,0.03545881795325006,0.03545881795325006,,0.045952211260582174,0.035317177230309194,0.035317177230309194,0.035317177230309194,0.03545881795325006,,0.018313175932887855,0.0352729789085144,0.03545881795325006,0.035317177230309194,0.0352729789085144,,,0.03545881795325006,0.03545881795325006,0.03545881795325006,,0.035317177230309194,0.03545881795325006,0.035317177230309194,0.035131338185573534,0.07552447407128463,0.04981477764330569,0.03545881795325006,,0.03545881795325006,0.03545881795325006,0.03545881795325006,0.03545881795325006,,0.03545881795325006,0.035131338185573534,,0.035317177230309194,,0.035317177230309194,0.035131338185573534,,0.07910850029590279,0.02712825158793586,0.035317177230309194,0.035317177230309194,0.03545881795325006,0.030804034747682556,0.03545881795325006,0.030654352054886754,0.035317177230309194,0.035317177230309194,0.02468078677371414,0.02147627803175755,0.0070600485447905445,0.035317177230309194,0.04389178994390747,,,0.0750800365297143,0.028654911280539486,0.03209184243147444,0.03545881795325006,,0.028843702779763947,0.03624675662025365,0.035131338185573534,0.03545881795325006,0.035317177230309194,0.031221073273050893,0.03545881795325006,0.07982820521123057,0.026704681893000407,,,0.03500742482818088,,,,,,,,,,0.03545881795325006,0.03258511167636261,0.03545881795325006,0.035039289647316944,0.035317177230309194,0.03827714443721744,0.03545881795325006,0.03545881795325006,0.035317177230309194,0.05981719403291035,0.04118211824298855,0.03545881795325006,0.05739006172121024,0.016260137797710728,0.035131338185573534,0.03545881795325006,0.03545881795325006,0.03545881795325006,,0.034305028495192035,0.030144197166470005,,,0.03545881795325006,
2016-06-01,0.03708097651748942,0.04401871611271219,,0.02364208946173978,0.0377505977531009,0.04423806157152376,0.03804098659846628,0.03708097651748942,,0.03708097651748942,0.0377505977531009,0.03821970182709065,0.039185703609808595,0.0377505977531009,,,0.0377505977531009,0.03708097651748942,0.04107601532150862,,0.03804098659846628,0.0377505977531009,0.03708097651748942,0.03708097651748942,0.04753939320496636,0.03708097651748942,0.03708097651748942,,0.03858610535756865,0.0377505977531009,0.0377505977531009,0.0377505977531009,,0.0377505977531009,0.0377505977531009,,0.03708097651748942,,0.04329536509679117,0.0354828464735428,,0.04949423508486006,0.028877022606494353,0.03591038074447567,0.03708097651748942,0.0377505977531009,0.03675993842001944,0.03089977557769494,0.038427856361667574,0.03708097651748942,0.03708097651748942,0.02715337114891171,0.04167377548864167,-0.003936930270318862,0.00552335414361516,0.0377505977531009,,,0.09165190334291193,0.03324349431571855,0.041828444199225684,0.04162552179179871,0.04159534509377931,0.04028175173991234,0.03708097651748942,0.0377505977531009,0.03708097651748942,0.0377505977531009,0.02972462139576265,0.0377505977531009,0.04980683710006713,-0.004042925626963878,,,0.04495545615295062,,,,,,,,,,0.03708097651748942,0.03708097651748942,0.0377505977531009,0.02927302661852872,0.03708097651748942,0.03708097651748942,0.03804098659846628,0.03708097651748942,0.03708097651748942,0.03708097651748942,0.060994268066163204,0.03708097651748942,0.051035268935117895,0.03593432197369949,0.03708097651748942,0.04289117553354085,0.04741811074213243,0.03708097651748942,,0.06256674858535763,0.014951878368980735,,,0.03708097651748942,
2016-09-01,0.03696267808949511,0.04058052473488711,,0.034733715961430524,0.03730945495825414,0.042065409118142376,0.03730945495825414,0.03933468505369654,,0.036981566238757445,0.03730945495825414,0.03730945495825414,0.03887153346014775,0.036981566238757445,,,0.03730945495825414,0.036981566238757445,0.036981566238757445,,0.036981566238757445,0.036981566238757445,0.036981566238757445,0.03696267808949511,0.04153478152577019,0.037254730217530334,0.036981566238757445,,0.036981566238757445,0.036981566238757445,0.036981566238757445,0.03730945495825414,,0.03730945495825414,0.03730945495825414,,0.036981566238757445,,0.04157076784102147,0.036981566238757445,,0.039578675379562174,0.0335803782937936,0.036981566238757445,0.037254730217530334,0.03730945495825414,0.04174141767083607,0.036981566238757445,0.04342951123944187,0.042141381193408003,0.037254730217530334,0.0519939922858917,0.04342951123944187,0.026908772751049703,,0.04035129137941663,,,0.0614017555772592,0.04342951123944187,0.03583330437208917,0.041509768748597076,0.04218630163817043,0.03008247867872861,0.04153478152577019,0.036981566238757445,0.036981566238757445,0.03696267808949511,0.041579566434585796,0.03730945495825414,0.03940012752344665,0.03197681002628251,,,0.036981566238757445,,,,,,,,,,0.036981566238757445,0.036981566238757445,0.03730945495825414,0.013375904875936038,0.03704700870850755,0.036981566238757445,0.03823869897196411,0.036981566238757445,0.037254730217530334,0.03814823860994952,0.04668651650076924,0.036981566238757445,0.03481581175005419,0.036981566238757445,0.03629568791003373,0.03977506885072824,0.037254730217530334,0.037254730217530334,,0.039484264492110586,0.02460677196097418,,,0.04058052473488711,
2016-12-01,0.03488903368292538,0.035052105325572784,,0.03974266154995512,0.029626121808858,0.046031935469489256,0.029626121808858,0.026675206500589282,,0.03848524244803306,0.035052105325572784,0.02989025224238193,0.04307519804701059,0.02989025224238193,,,0.032841167550650634,0.02989025224238193,0.029626121808858,,0.02989025224238193,0.032841167550650634,0.02989025224238193,0.026180360978951357,0.09424940308496978,0.03709763830484319,0.02989025224238193,,0.032841167550650634,0.029626121808858,0.032841167550650634,0.035052105325572784,,0.035052105325572784,0.032841167550650634,,0.02989025224238193,,0.03615502574923411,0.029451933426972103,,0.03492326194908076,0.0362925366149386,0.029451933426972103,0.03848524244803306,0.035052105325572784,0.0322152774384263,0.032841167550650634,0.036167701059245216,0.0322152774384263,0.035528505025554394,0.03521232959541061,0.016084893856971493,-0.01755497235045913,,0.04075032650150754,,,0.09424940308496978,0.02989025224238193,0.00856694697592257,0.0401068362470956,0.031180408612102146,0.0401068362470956,0.030990839705433017,0.02989025224238193,0.032841167550650634,0.03189012851401693,0.006780329483695094,0.0401068362470956,0.04186889408987927,0.021398870658613175,,,0.02989025224238193,,,,,,,,,,0.02989025224238193,0.032841167550650634,0.032841167550650634,0.03809239958372204,0.03664003919419052,0.032841167550650634,0.0401068362470956,0.02989025224238193,0.037743545959977094,0.037743545959977094,0.0467122092456129,0.02989025224238193,0.04167304890088936,0.029451933426972103,0.02989025224238193,0.0401068362470956,0.03758739640242005,0.02989025224238193,,0.029527397215245405,-0.01690977524703228,,,0.032841167550650634,
2017-03-01,0.03920099782506965,0.03717803571493322,,0.04480894199522454,0.04462715278270457,0.04597921665357955,0.03034671570795919,0.020628990286035053,,0.029360900446067567,0.0443025500060902,0.03034671570795919,0.033120742355086406,0.03218734311664815,,,0.03717803571493322,0.03034671570795919,0.04138644504100102,,0.03034671570795919,0.03257276515790366,0.02010059367220077,0.0475863422168581,0.08799977055843208,0.03333523359748627,,,0.03218734311664815,0.03717803571493322,0.03717803571493322,0.04462715278270457,,0.044879902269807606,0.030022112931344824,,0.03034671570795919,,0.03947030178194464,0.023704370412787754,,0.03346746015531215,0.028864675356706466,0.021289448746339038,0.03333523359748627,0.04462715278270457,0.03333523359748627,0.03218734311664815,0.019945588279437855,0.03238923627329248,0.03238923627329248,0.034504792084856295,0.024580186428119512,0.0005569933733257225,,0.043641337520812944,,,0.08799977055843208,0.003245144456738914,0.03073439233391462,0.04462715278270457,0.04215486832794436,0.04474744470794097,0.032259706148065566,0.02010059367220077,0.03768158151890873,0.033120742355086406,0.04730072709580758,0.025778860131042254,0.03424507169358062,0.035429986775110674,,,0.03034671570795919,,,,,,,,,,0.03126687800548668,0.03627198953791396,0.03717803571493322,0.04274605728257745,0.03073439233391462,0.03218734311664815,0.04462715278270457,0.022947423004583814,0.03238923627329248,0.03387580614060868,0.019698608977203005,0.03126687800548668,0.031349868420978935,0.021444955532865587,0.03034671570795919,0.053396347248152544,0.046969015816073906,0.040093909703329995,,0.048709191697912345,0.009864839289141957,,,0.03717803571493322,
2017-06-01,0.030771079469381724,0.0358027225120132,,0.030676360986059064,0.02842247261738178,0.030771079469381724,0.030676360986059064,0.02842247261738178,,0.03422014318851235,0.02842247261738178,0.030676360986059064,0.030771079469381724,0.02842247261738178,,,0.02842247261738178,0.03395043122481757,0.0315791690738944,,0.030676360986059064,0.02842247261738178,0.02842247261738178,0.030771079469381724,0.047734862831019985,0.030771079469381724,,,0.02842247261738178,0.02842247261738178,0.02842247261738178,0.02842247261738178,,0.02842247261738178,0.02842247261738178,,0.02842247261738178,,0.03484243297349357,0.02842247261738178,,0.03450344953118135,0.027995372851728716,0.02842247261738178,0.030771079469381724,0.02842247261738178,0.030771079469381724,0.02842247261738178,0.02842247261738178,0.030771079469381724,0.03422014318851235,0.053015598781773705,0.03363924987238512,0.015488153421557613,,0.03450344953118135,,,0.02861952773924938,0.0331623081219462,0.03450344953118135,0.030676360986059064,0.02842247261738178,0.029325280705217116,0.030771079469381724,0.02842247261738178,0.02842247261738178,0.030771079469381724,0.0358027225120132,0.038385175162407435,0.021988653575626484,0.019925297181056376,,,0.02842247261738178,,,,,,,,,,0.02842247261738178,0.029325280705217116,0.02842247261738178,0.027516809064295548,0.03450344953118135,0.02842247261738178,0.030676360986059064,0.02909842852293467,0.030771079469381724,0.030771079469381724,0.03934163772305991,0.02842247261738178,0.03450344953118135,0.03450344953118135,0.02842247261738178,0.038385175162407435,0.030771079469381724,0.047734862831019985,,0.024715375157333627,0.042864737890499445,,,0.02842247261738178,
2017-09-01,0.03317599713811187,0.032735435760697894,,0.03275740497135091,0.03275740497135091,0.032735435760697894,0.029844923143527262,0.028348853539214583,,0.03317599713811187,0.03275740497135091,0.03275740497135091,0.03275740497135091,0.032735435760697894,,,0.032735435760697894,0.032735435760697894,0.032735435760697894,,0.032735435760697894,0.032735435760697894,0.032735435760697894,0.03317599713811187,0.05065184877895672,0.03317599713811187,,,0.032735435760697894,0.032735435760697894,0.032735435760697894,0.03275740497135091,,0.03275740497135091,0.032735435760697894,,0.032735435760697894,,0.03317599713811187,0.0321375322872645,,0.032735435760697894,0.029825196297710098,0.035589996571815746,0.032735435760697894,0.032735435760697894,0.03317599713811187,0.032735435760697894,0.028348853539214583,0.03317599713811187,0.03317599713811187,0.035866509140913744,0.023100990303933883,0.006411018981032824,,0.03275740497135091,,,0.030127895937051574,0.030447043239372962,0.025218957013490785,0.03275740497135091,0.022488245879755023,0.03275740497135091,0.03317599713811187,0.032735435760697894,0.032735435760697894,0.03317599713811187,0.035557324568702114,0.03275740497135091,0.024839913399123833,0.020734838324515264,,,0.032735435760697894,,,,,,,,,,0.032735435760697894,0.032735435760697894,0.032735435760697894,0.032735435760697894,0.032735435760697894,0.032735435760697894,0.03275740497135091,0.035589996571815746,0.032735435760697894,0.03317599713811187,0.03916821294173352,0.032735435760697894,0.032735435760697894,0.028140983222910858,0.032735435760697894,0.03275740497135091,0.03628343901598137,0.035589996571815746,,0.040399000211412565,0.05741975921187916,,,0.032735435760697894,
2017-12-01,0.032413661068412064,0.030104002278594978,,0.03512646636909428,0.0328906964144585,0.027315657758877097,0.031646740702559975,0.020113393280230166,,0.02680446444034278,0.0328906964144585,0.027315657758877097,0.0328906964144585,0.027315657758877097,,,0.030104002278594978,0.02680446444034278,0.019752576736409202,,0.027315657758877097,0.030104002278594978,0.009638836859683635,0.02898281911114318,0.08634292066071109,0.032413661068412064,,,0.030104002278594978,0.031646740702559975,0.030104002278594978,0.0328906964144585,,0.0328906964144585,0.027315657758877097,,0.027315657758877097,,0.02898281911114318,0.02680446444034278,,0.03239802804063386,0.003342493962610957,0.027315657758877097,0.02680446444034278,0.031627137535421714,0.03094004228421889,0.02959280896006066,0.027315657758877097,0.03094004228421889,0.0327194236987032,0.04796140134670776,0.022586434687773976,-0.00936614228556647,,0.033931961839867734,,,,0.0021887171703806486,0.016435430328587308,0.0328906964144585,0.027315657758877097,0.03316987595938672,0.030404556378605965,0.027315657758877097,0.030104002278594978,0.02898281911114318,0.027315657758877097,0.0328906964144585,0.01864209597473694,0.02865706813980516,,,0.02865706813980516,,,,,,,,,,0.029063096168601983,0.027315657758877097,0.027315657758877097,0.03512646636909428,0.020113393280230166,0.030104002278594978,0.0328906964144585,0.025890801553284916,0.027716673131844383,0.035163865009754235,0.016368557193109663,0.030104002278594978,0.03239802804063386,0.03054542434117152,0.030104002278594978,0.0328906964144585,0.042289187455729,0.009663738186226381,,0.044894328084839216,0.03989832995688725,,,0.0328906964144585,
2018-03-01,0.009078931724045013,0.028447985145587915,,0.0156332479411036,,0.009078931724045013,0.025294320762082545,0.02591119870042251,,0.008645216312093706,0.028205356796596633,0.026868321094034163,0.0267929304997191,0.02499352321400675,,,0.014278571155373714,0.008645216312093706,0.03032278302561533,,0.009078931724045013,0.03032278302561533,0.009078931724045013,0.029115204905955056,0.06845188559660009,0.03802088640032313,,,0.01432389803028297,0.01432389803028297,0.028205356796596633,0.03246039182922645,,0.03246039182922645,0.026728055950246028,,0.026822994219124905,,0.03298509127957227,0.026173374723977606,,0.011210195220997062,0.01839282014781233,0.0267929304997191,0.021596141837847513,0.03246039182922645,0.029115204905955056,0.02096512495181418,0.03032278302561533,0.029978325813793383,0.03802088640032313,0.011434158252864745,0.02870648898807218,-0.011710486869239367,,0.02706078385926231,,,,-0.016449000818014845,0.022361597294092234,0.01927696969950069,0.02464069344063314,0.010349436983834386,0.03118289368678936,0.024948196339097492,0.03246039182922645,0.0399580206652352,0.029598761940720687,0.028447985145587915,0.02806154131442955,-0.0060611165201875745,,,0.020919798076904923,,,,,,,,,,0.032256358094028825,0.02499352321400675,0.010577541461681559,-0.010798247333081625,0.021596141837847513,0.03032278302561533,0.028447985145587915,0.029851443242884676,0.02651949914696266,0.026457877179685875,0.018132396762166367,0.010512666912208484,0.02226534218996703,0.021333965814292418,0.03246039182922645,0.03246039182922645,0.03298509127957227,0.026822994219124905,,0.04685294654026199,0.03293315492999905,,,0.028447985145587915,
2018-06-01,0.024856447531185245,0.03018413506275035,,0.03506518538667557,,0.024856447531185245,0.017752786284990205,0.034849268465964124,,0.018911850450917284,0.029859501809580476,0.025377376770300785,0.019182267981432827,0.024856447531185245,,,0.024856447531185245,0.018911850450917284,0.051403752044001834,,0.024856447531185245,0.024856447531185245,0.030264422260785767,0.027589505343695475,0.06258453729639883,0.038279770388804944,,,0.024856447531185245,0.024856447531185245,0.02068706414288571,0.025377376770300785,,0.02966320582363481,0.02068706414288571,,0.024856447531185245,,0.017593299724039516,0.018218053698916235,,0.03448155574972063,0.009684778029043722,0.030264422260785767,0.03493648402622805,0.024856447531185245,0.038047937822205204,-0.0071300480894286545,0.024441541582624876,0.03024505217473765,0.01728740440075438,0.02084772796169713,0.03794247838390739,-0.11817006878752333,,0.026965889161637023,,,,0.02222470852298446,0.028447527263101048,0.03901823913996409,0.024441541582624876,0.030114734154261615,0.02702992794265279,0.024962470821740416,0.024856447531185245,0.02809813950801073,0.017752786284990205,0.025377376770300785,0.04987111498184208,0.022954819076563816,,,0.030395685489737215,,,,,,,,,,0.0303501462461363,0.024856447531185245,0.024856447531185245,0.0066043566458794285,0.030395685489737215,0.024856447531185245,0.025377376770300785,0.029088871740621546,0.030244892318953328,0.030281196639419437,0.02922015468017303,0.024441541582624876,0.042687399645026006,0.019553024161999832,0.024856447531185245,0.034297983968078566,0.05019896387774851,0.03092692132903219,,0.045862580734905026,0.02515253339022076,,,0.024856447531185245,
2018-09-01,0.026426147677300522,0.03776706418883252,,0.04106711902331849,,0.026426147677300522,0.027611584915680693,0.03652935831825609,,0.031932065357833904,0.03785741180872487,0.09405984328209513,0.026426147677300522,0.027611584915680693,,,0.027611584915680693,0.002178690953560981,0.062328085092175134,,0.026426147677300522,0.031731111826430215,0.02611665180798763,0.031932065357833904,0.023489820968684058,0.04128964225523286,,,0.027611584915680693,0.016568017709720106,0.027254474577015155,0.03152608245700781,,0.031121202041724985,0.02752685609636787,,0.027611584915680693,,0.02611665180798763,0.026031922988674808,,0.029810746002126208,0.01304694876634063,0.03644824337630698,0.03420068001122832,0.027611584915680693,0.04033890009877573,-0.03454745986159479,0.02752685609636787,0.031932065357833904,0.031932065357833904,-0.061944714525760045,0.04495367446683239,-0.04190359682323182,,0.02871584580192805,,,,0.049059993979041365,0.03570578441175027,0.02944567506808763,0.026069037338634984,0.03399310715340953,0.031932065357833904,0.027611584915680693,0.02995398334272794,0.024781519440909804,0.02830238773756754,0.027611584915680693,0.035835848624622725,0.005836183393353422,,,0.026944978707702263,,,,,,,,,,0.04310320045724289,0.02992409148782011,0.026426147677300522,0.029741727613101496,0.03094109047718534,0.027611584915680693,0.029946054720268695,0.0387569739674259,0.0340157109804081,0.034015719235524,0.0021565969763213773,0.02752685609636787,0.037046878333384346,0.0231815826152902,0.027611584915680693,0.03764682471403232,0.026426147677300522,0.03161596681518456,,0.10741556446692752,-0.05879100373684902,,,0.03152608245700781,
2018-12-01,0.025348258428362365,0.03113374778281528,,0.034213639716562945,,0.025348258428362365,0.01652922561483723,0.03488950230097826,,0.025566771698603517,0.03113374778281528,0.08681051246210088,0.024280228752943042,0.025348258428362365,,,0.02562148918738313,0.022944670034268897,0.032041775622988655,,0.02800566707836015,0.029292210024020625,0.022944670034268897,0.030811831378643916,0.023387620641954814,0.03387146895332382,,,0.02562148918738313,0.025348258428362365,0.02562148918738313,0.03113374778281528,,0.03113374778281528,0.025348258428362365,,0.025348258428362365,,0.022944670034268897,0.022924762763588367,,0.03417448815288824,0.018825768962242206,0.028635964475737997,0.03746638224217782,0.03318425515836855,0.0314423529086352,-0.010251570772430817,0.025348258428362365,0.023161176911945067,0.03136784338576508,-0.025440608555272335,0.040620794293143365,-0.06228524956104435,,0.03124228736770031,,,,0.04007475920428698,0.018146344439454367,0.03579198709609061,0.016052163121621284,0.031833480198515035,0.03311594663906335,0.025348258428362365,0.026908032133043606,0.026629161680588445,0.01903445027319456,0.03374147972053735,0.044750359503224015,-0.001957206089664736,,,0.025553764496635815,,,,,,,,,,0.02801062101377584,0.025348258428362365,0.025348258428362365,-0.004505765127525921,0.03156022311923054,0.02562148918738313,0.03113374778281528,,0.028946555470248766,0.021582162853614494,0.012039733514745382,0.025348258428362365,-0.10099732692646567,0.018465890372052002,0.025348258428362365,0.03113374778281528,0.025348258428362365,0.03318425515836855,,0.054261991505682894,-0.060275853928128266,,,0.03113374778281528,-0.05966679964823151
2019-03-01,0.025794833790444418,,,0.031435203876873624,,0.025794833790444418,0.025794833790444418,0.029348113019318608,,0.031313437488422864,0.025744608781668028,0.08963493995576685,0.025794833790444418,0.025794833790444418,,,0.03337766383203515,0.016256676346513985,0.02859611191189164,,0.025794833790444418,0.01707233278526785,0.025794833790444418,0.023870678409019776,0.07403056169225705,0.026350288872482707,,,0.03311976301429096,0.025794833790444418,0.03337766383203515,0.03337766383203515,,0.03337766383203515,0.026000075628274263,,0.02823906237849075,,0.025794833790444418,0.035915406733583434,,0.03395343267508873,0.00026370106758131443,0.031170557189890424,0.029384854286461624,0.03456872344840144,0.032706077434452044,0.04915572806527249,0.026000075628274263,0.031292497556610975,0.03673820355350451,-0.05846192690375555,0.042819521069349865,-4.3618960352571936e-05,,0.014447943790920605,,,,0.04221318636423827,0.02482024844030944,0.033753841727968734,0.024499474437404408,0.027871051044811017,0.028815812530276545,0.025794833790444418,,0.023870678409019776,0.022715826915906765,0.033753841727968734,0.027763075549237553,0.0013491626617061396,,,0.025794833790444418,-0.09118642518865203,0.037449765708589225,,,,,,,,0.055428553250383455,0.048982487497056734,0.025794833790444418,0.02266916813829696,0.017600949874380285,0.03337766383203515,0.03337766383203515,,0.02894392197631996,0.025114489706490852,0.02290009757104629,0.025794833790444418,-0.07752999445327238,0.01697071912371106,0.022715826915906765,0.03337766383203515,0.02148220295605327,0.033480308300631624,,0.03958794646491974,-0.08609380900311846,,,0.03337766383203515,-0.0692074369135414
2019-06-01,0.028694460304292315,,,0.03269046805359313,,0.028694460304292315,0.02148291308946162,0.027781743236856254,,0.0341761205360402,0.030001927474867195,0.08334232814096396,0.029361936394301413,0.028694460304292315,,,0.02922945364411818,0.01957111208494113,0.041417383562617066,,0.029731881106139064,0.07120511018486747,0.02922945364411818,0.036766546459274914,0.008707116160093622,0.032893817326201405,,,0.03145640404422745,0.03145640404422745,0.03145640404422745,0.023731748496812064,,0.029329292546880645,0.02963400153282206,,0.028977906696452765,,0.028690836471030934,0.02795454574638982,,0.031201658736472106,0.0025152116081412668,0.03135954473464807,0.03415520983891578,0.02922945364411818,0.020020575452156852,0.052878273667998445,0.027259757691333285,0.03196479410514327,0.027153718323168787,-0.0668841073669881,0.05311711177044948,-0.025148569491767272,,-0.0034638814197176454,,,,0.03099865588627915,0.03205310400098128,0.027781743236856254,0.02853496893421119,0.030585885039387337,0.03273526159120839,0.02922945364411818,,0.03096758823419982,0.02403605858898763,0.03241417595599803,0.031937427431970956,0.022850492842323232,,,0.02922945364411818,-0.07854728726728138,0.032029690349553774,,,,,,,,0.027642025597563222,0.021976461761804116,0.028339450620603054,0.03269046805359313,0.027724620907328065,0.02922945364411818,0.031825340254034225,,0.031110542494392508,0.029440108587942913,0.013658354057762794,0.02922945364411818,-0.08387703010561681,0.02047916603445036,0.02922945364411818,0.031690345276463465,0.06122704123249481,0.030154581708467996,,0.025411754933831545,0.04235959124403004,,,0.023731748496812064,
2019-09-01,0.0288132037073446,,,0.035059674179585325,,0.028847612884036235,0.028080344037780973,0.027699230849308233,,0.05385893761787399,0.0517744952337848,0.04571726955686655,0.03823620633227118,0.028847612884036235,,,0.028847612884036235,-0.017822735461191626,0.04718238349890315,,0.027800560836630777,0.048229799535606015,0.029509671563962846,0.036627663640389926,0.04687076589748193,0.04493240962767411,,,0.031725426157754436,0.031725426157754436,0.03512403044351651,0.031478948323543025,,0.03231340092699088,0.017721283612521607,,0.028847612884036235,,0.028847612884036235,0.0288132037073446,,0.034452096521677085,0.01596337452258655,0.027800560836630777,0.04260933723496932,0.03214203690074259,0.02999048972958663,0.04671010933026773,0.027800560836630777,0.029578821734069817,0.02832943105807079,0.04671010933026773,0.04542697783506881,0.014748728690218598,,-0.02726800499124418,,,,0.025187512866906153,0.041810883061780005,0.02712120757622109,0.028254384433212622,0.031134933794749346,0.028254384433212622,0.0288132037073446,,0.026296523840517907,0.020554875940588763,0.0335219956242369,0.037649114447549946,0.029008229436757633,,,0.02981313232905663,-0.0668090483788515,0.06720932708172121,,,,,,,,0.038900075893168816,0.028988683909204456,0.028847612884036235,0.031914123372134895,-0.030721756693326715,0.028847612884036235,0.03577118625959585,,0.028847612884036235,0.039473571825156435,0.040599122729249475,0.028847612884036235,-0.010809106254280025,0.019546429972220586,0.028847612884036235,0.03512403044351651,0.058609118920186554,0.03569945359385255,,0.04311765473437301,-0.010106709202020728,,,0.031478948323543025,
2019-12-01,0.030950451417731114,,,0.03365059344094457,,0.0312484230100998,0.0365982249985757,0.023879686702307588,,0.04839539491131903,0.04498226066398471,0.026163382767501107,0.03472895402701,0.033117693981665496,,,0.0365982249985757,0.03055951586805672,0.035975649875986455,,0.033117693981665496,0.038507389115053546,0.03323926234290371,-0.020839238106097793,0.026163382767501107,0.03861356283373023,,,0.0365982249985757,0.0365982249985757,0.0365982249985757,0.038515681735663866,,0.0365982249985757,0.03075509359517853,,0.033117693981665496,,0.03323926234290371,0.030950451417731114,,0.036896196590944376,0.03673222269209047,0.03346847085912109,0.03878913715229805,0.0365982249985757,0.020893334537001276,0.03803577534572686,0.03281972238929682,0.03734129700355016,0.03834283866865542,0.037988873779168514,0.03803577534572686,0.0199134014554764,,0.0034595337421143525,,,,0.033352621848575896,0.033117693981665496,0.036143816768804564,0.030950451417731114,0.029303037306647534,0.03346847085912109,0.03281972238929682,,0.043886587593663165,0.026803839237048797,0.03907085118165569,0.0312484230100998,0.005786387109590849,,,0.04746591261270806,-0.020839238106097793,0.07133305162537965,,,,,,,,0.03218582986975936,0.03323926234290371,0.030950451417731114,0.033352621848575896,0.036896196590944376,0.0365982249985757,0.033352621848575896,,0.03323926234290371,0.03274890743518347,0.036896196590944376,0.03510853331446941,0.034618178406749175,0.02847891204627079,0.0365982249985757,0.03907085118165569,0.03250541895571331,0.04006690363745855,,0.06888957587864605,-0.009471210019840625,,,0.040212753709000675,
2020-03-01,0.03331952409524758,,,0.032692408855881205,,0.028651742131518106,0.03558941991598723,0.03030580634404943,,0.0031825671117075936,0.041440368541205905,0.02043279512258353,0.03248627464672634,0.033989958503644425,,,0.03418781758742483,0.04024051781959005,0.028296078961980293,,0.033989958503644425,0.05101398996152641,0.03406334888930685,0.02968727206094876,0.02043279512258353,0.026280719074726948,,,0.036266076016411714,0.032692408855881205,0.032692408855881205,0.0327541608097285,,0.0333545681389036,0.027102635347361816,,0.033989958503644425,,0.03293967895084963,0.03331952409524758,,,0.033989958503644425,0.03331952409524758,0.03577355882247811,0.0333545681389036,0.04549164644691058,0.039423971616315404,0.027102635347361816,0.032927003925158696,0.03774709053462335,0.05303369320878856,0.03626704573777712,0.029469132812365136,,0.033488766905923915,,,,0.018512645419352856,0.03277339022209982,0.03030580634404943,0.024837484190745985,0.0313863258875391,0.04132055959428296,0.033989958503644425,,0.02968727206094876,0.027644239035451365,0.0327541608097285,0.03331952409524758,0.029893177300969416,,,0.03759711387408799,-0.02310763036377545,0.0461993956466377,,,,,,,,0.02414888054774731,0.03397078748315127,0.03055307643901786,0.0366201460872767,0.028875574621233375,0.03418781758742483,0.032692408855881205,,0.03331952409524758,0.03607795784261519,0.03277339022209982,0.03418781758742483,0.03277339022209982,0.010223569418855005,0.0333545681389036,0.032849002203977955,0.03377292839937086,0.034249569541272125,,0.07832377431017978,-0.02310763036377545,,,,
2020-06-01,0.03230700409792777,,,0.05556129425735318,,0.032432848854981614,0.03969482467258783,0.03472193388050968,,0.03409614687188299,0.03552057063747144,0.023194716619297426,0.023407328519790525,0.033566562756331464,,,0.03408689202410234,0.04464556872425413,0.045215593924571584,,0.03437250492353375,0.03264778910619382,0.03230700409792777,-0.06567513457614979,0.13166933295154684,0.03953058969396975,,,0.03408689202410234,0.0462122857172658,0.046732614985036676,0.03969482467258783,,0.03552057063747144,0.00905601623488935,,0.034219539142192,,0.03230700409792777,0.03230700409792777,,,0.03401132680648117,0.037496041132809306,0.0483471635601147,0.03442767703236839,0.06388663947647637,0.03373682065461955,0.03378925360120893,0.03378593045047789,0.04168319833327023,0.0873745665771456,0.0334886694534867,0.07509416940266868,,0.031534362812244636,,,,0.05541016824141263,-0.0014270633182576521,0.03306860688281441,0.0361125055129431,0.032432848854981614,0.033315240404622255,0.04587002191917674,,0.04929202988149495,0.0356532177555611,0.046732614985036676,0.04683151003920731,-0.001696530353286808,,,0.0424364044544727,-0.06567513457614979,0.060609620574598504,,-0.06567513457614979,,,,,,0.11514756338907325,0.03230700409792777,0.05132324631209798,0.04316575078883039,0.038362471949867125,0.03264778910619382,0.05556129425735318,,0.03230700409792777,0.056343124252894686,0.034897179442297394,0.03408689202410234,-0.0009543941622037629,0.05098080005039505,0.03442767703236839,0.027713385961960213,0.023748113528056555,0.03421273678115618,,0.021224446927032695,-0.06567513457614979,,,,
2020-09-01,0.03309378366177078,,,0.03922987379148126,,0.03309378366177078,0.03562644648572872,0.03257659673696994,,0.020492895716010442,0.03963310371260384,0.0568205446855698,0.033117678690265946,0.03427075823779806,,,0.034294653266293225,0.03933979706054056,0.03355291223466316,,0.035651685362154316,0.033348426504361775,0.03309378366177078,0.04394961206536786,0.042760733423975135,0.040564633829615865,,,0.03335619583297113,0.03404136615939691,0.03408775318879525,0.03471795934184127,,0.033348426504361775,0.028757360288277,,0.04353831681371708,,0.03309378366177078,0.03309378366177078,,,0.005717982049017091,0.045417945506806785,0.03694224754004706,0.03427075823779806,0.03595064112270222,0.03902521597787087,0.03335619583297113,0.028365065357128832,0.03189477669638857,0.06690719871997727,0.05872478694929511,0.021865738452363483,,0.02330562905371529,,,,0.014199330227047018,0.03278784527636955,0.03471795934184127,0.03443223772120617,0.03309378366177078,0.03009465384975971,0.03427075823779806,,0.030890800936977155,,0.03257659673696994,0.055457037287228034,0.0034935482155599882,,,0.010836532168570091,-0.0712293187978746,0.047750981125917025,-0.09136630998785365,-0.09136630998785365,,,,,,0.054302058392411034,0.03237593765863588,0.020492895716010442,0.03418673858789375,0.03606755455293353,0.035651685362154316,0.0358457044614636,,0.05220917728540931,0.02024615774892724,0.005717982049017091,0.03427075823779806,0.005717982049017091,0.004185223390471499,0.03427075823779806,0.036593575387915585,0.03309378366177078,0.037573126881832036,,0.029980467520370258,0.023901125600503163,,,,
2020-12-01,0.033555525466400365,,,0.04790711106523156,,0.02974170038032597,0.031509452043439544,0.030382377093351884,,0.02974170038032597,0.0355225298383012,0.05808578520798579,0.034636462420864114,0.031509452043439544,,,0.03545871015527084,0.03469759985520294,0.03545871015527084,,0.033678849712203696,0.034700282103894475,0.030079555198168666,0.0454823786628003,0.048400151557747115,0.03399173965969812,,,0.03163277628924288,0.030829972142497122,0.030382377093351884,0.030578041958956605,,0.039977181503456645,0.008984142352912847,,-0.008052440160301273,,0.029618376134522627,0.029618376134522627,,,-0.008052440160301273,0.03675145733024347,0.03382976818670968,0.03545871015527084,0.02974170038032597,0.031935863445013736,0.0244765609335885,0.01446821894166203,0.02502263321507718,0.048474051242711626,0.03765119753851034,-0.0024280169650651284,,0.017873843679043978,,,,0.007388083229803707,-0.008052440160301273,0.030829972142497122,0.028353889952912374,0.02974170038032597,0.024678981701167373,0.03044062386892938,,0.020662536975347246,,0.030382377093351884,0.028815574971139842,-0.02866778374213718,,,0.03829099878779419,-0.08622378169071503,0.03890540203526055,-0.09874174417347285,-0.09874174417347285,,-0.02334122480161226,-0.09874174417347285,,,0.05355218946291272,0.034636462420864114,0.029618376134522627,0.04818802310263084,0.031660623019733394,0.03703537140686318,0.04835470611437678,,0.033678849712203696,0.03322249815813532,-0.02334122480161226,0.031509452043439544,-0.008052440160301273,-0.02548570360379722,0.03044062386892938,0.031061856994294302,0.03014337488119903,0.03558203440107418,,0.032741704132652226,0.05081092541677983,,,,
2021-03-01,0.03306158208288176,,,0.048045029276462946,,0.030773981930797452,0.03394880839565155,0.03429378030096257,,0.03074190920002393,0.034964792006898525,0.048441535177888274,0.03459276419224432,0.034701833740947916,,,0.03660331812286415,0.04533289394091492,0.04399959641615334,,0.03306158208288176,0.03466537596200308,0.024439442686759346,0.042197748411593586,0.04945493370829178,0.034597513109416916,,,0.03394880839565155,0.03386642897696009,0.03461945432225646,0.03390922406608259,,0.03703066944686663,0.014658297902223293,,0.020354566670921486,,0.030806449322353886,0.030773981930797452,,,0.006284457234491345,0.037605022865209024,0.036431299497714835,0.034736081147476366,0.03286110671188612,0.04044584179405515,0.021882376352447205,0.010362168956715635,0.02500551886482737,0.07209577128293827,0.037228932065668165,0.05412673584752923,,0.023770735478741076,,,,-0.0008162631368990492,0.020388814077449934,0.03398305580218,0.023057275215540785,0.03074190920002393,0.03310195883782402,0.03281700325297376,,0.0403919452156424,,0.025605697142062782,0.030773981930797452,-0.00827233137923405,,,0.02032209927936505,-0.07956258767814098,0.037750082893561444,-0.09376248723460776,-0.09376248723460776,,0.0062646135745285615,-0.09376248723460776,,,0.06600619682057667,0.03736375091309524,0.030806449322353886,0.03376401068443579,0.02009701701408821,0.03660331812286415,0.047759960798147275,,0.033431887852346444,0.03286110671188612,0.006381240399748467,0.03398305580218,-0.0032570682146971014,0.0010864048538087305,0.029645092548091865,0.03390922406608259,0.01988640641867012,0.03398305580218,,0.04049009791371671,0.04443729460014866,,,,
2021-06-01,0.02596794966911162,,,0.02760337311809325,,0.026911862527611786,0.027459648965782655,0.024746891616405562,,0.026733863627496413,0.02683745915970846,0.02672779492993387,0.026877302718146635,0.027781372018208624,,,0.02596794966911162,0.011817431636959981,0.02696428468583984,,0.026364195491159988,0.026103206716770303,0.02596794966911162,0.030948187234353473,0.02725922203099427,0.03196939969485966,,,0.02683745915970846,0.02683745915970846,0.024761527945596145,0.02683745915970846,,0.02596794966911162,,,0.027781372018208624,,0.02596794966911162,0.026911862527611786,,,0.013489189611635139,0.02596794966911162,0.027977590264180837,0.026811385860801444,0.022859481422229558,0.02424565652951265,0.02683745915970846,0.01610194119386061,0.028254712427835314,0.04206921849212112,0.03039208292634127,0.017480815988833723,,0.025691415362030613,,,,0.01066387192728022,0.027781372018208624,0.02760337311809325,0.02725922203099427,0.02599317737597905,0.02725922203099427,0.02683745915970846,,0.027557213624785862,,0.024052620889183036,0.02707102021373607,0.013489189611635139,,,0.007579482633717139,-0.026092929408827716,0.02910392832023197,-0.026092929408827716,-0.013899605431356809,0.01100867278012552,0.013489189611635139,-0.01842189425750692,,,0.02725922203099427,0.02599317737597905,0.026103206716770303,0.03325155240382018,0.02734089324929318,0.027391288300240128,0.02683745915970846,,0.03058831542989585,0.027977590264180837,0.013489189611635139,0.02683745915970846,0.007879033656754778,0.02532998995999526,0.02596794966911162,0.02417944641531442,0.02596794966911162,0.027908197544340006,,0.02355060624454554,0.022466432159097847,,,,
2021-09-01,0.03264242996005002,,,0.03891114974237666,,0.033379056613299776,0.03321375510359985,0.04813394268369601,,0.036256047001873196,0.02965562393552704,0.029490426313481297,0.028634755209096828,0.03436694439067308,,,0.03264242996005002,-0.04256290280783832,0.02965562393552704,,0.03425114876396268,0.028660473533437317,0.03102424252407338,0.0714514033453927,0.03186303770478265,0.039607713674645335,,,0.03264242996005002,0.03167158880136806,0.028906587606928397,0.03224291394491789,,0.028865989368421708,,,0.028906587606928397,,0.02942438977620216,0.03102424252407338,,,0.028662309525299436,0.031797001167503516,0.040177747622111015,0.03264242996005002,0.029460420543844488,0.03891114974237666,0.03264242996005002,-0.012726028677182191,0.031797001167503516,0.07091021947335595,0.029490426313481297,0.05010776828723102,,0.042933124995215455,,,,-0.0012515530707763798,0.03425114876396268,0.02891419956721733,0.017239220413942283,0.031797001167503516,0.03514342940174156,0.021562401767918807,,0.02440589124302979,,0.029485524710767097,0.033379056613299776,-0.010823404796808385,,,0.03266909331816642,-0.07905786449412815,0.011193626984185552,-0.07905786449412815,0.05010776828723102,0.0025043829392661144,0.0007660663170913129,-0.07905786449412815,0.05043102008071643,,0.03514342940174156,0.029504790481391555,0.02942438977620216,0.04611985237650215,0.0025043829392661144,0.03221860470151011,0.02942438977620216,,0.02894837444292207,0.04189508998415066,-0.0012515530707763798,0.03167158880136806,4.99933012982769e-05,0.032300477328395666,0.03266909331816642,0.029485524710767097,0.030886382612777756,0.03479581054939611,,0.03245174464377214,-0.04506645130354209,,,,
2021-12-01,0.03154121419044588,,,0.034302819719582246,,0.03031739881387284,0.03460326862261735,-0.007553979418290316,,0.03133675790850226,-0.00012688834136198203,0.04590619757887751,0.03077197294396119,0.03489817619704293,,,0.0310885401449735,0.03279833562600782,0.03353357847309754,,0.03283476436234491,0.029543234856860594,0.029609179473273017,0.05361012158790876,0.02961920511943449,0.04805405911692173,,,0.034302819719582246,0.026106487396169234,0.022849768896087988,0.031588877716720073,,0.031894008154923444,,,0.0050509111149978385,,0.029069023287622973,0.02961920511943449,,,0.0014711899277137744,0.029069023287622973,-0.019305979408045536,0.035673717257340525,0.026107424158708616,0.03503933962903584,0.034302819719582246,0.01767098117381012,0.03031739881387284,0.05392783314341335,0.03430911953339514,0.023990415022178118,,0.0040600847772114135,,,,-0.02679388552826507,0.032382090316872544,0.031046101219500986,0.023660908244400668,0.02961920511943449,0.03382495079663732,0.03489817619704293,,0.021885563917305423,,-0.0018773721268000485,0.03031739881387284,0.006199869735454284,,,0.03387561040078485,-0.004367415454581941,0.007997976592009957,0.09201019327572567,-0.08570286086059427,0.03204394430018067,-0.006801800096823181,-0.08570286086059427,0.05818562140189713,,0.02957634131104503,0.03167757864558199,0.029069023287622973,0.011407470351508369,,0.0313889890480086,0.00874380759318502,,0.039062542504866654,0.03900745423503433,-0.000540826095174227,0.03484559621680134,-4.06986780832811e-05,-0.013420180272675906,0.03168389662243418,-0.007553979418290316,0.030393865591707203,0.031346550122536086,,0.026107424158708616,-0.004367415454581941,,,,
2022-03-01,0.03458189118116708,,,0.012065167740785235,,0.03300930893695225,0.03443566326437487,-0.00520311651988983,,0.004455590261737571,0.026000870060291864,0.024600470972582528,0.024600470972582528,0.02719763180885196,,,0.03225612546743456,-0.02321744026083115,0.006655479999721509,,0.029996598671002843,0.0339983796836363,0.03238747780873785,0.08316098239213611,0.04249011980575407,0.03225612546743456,,,0.03443566326437487,0.02719763180885196,0.012065167740785235,0.02733767137810048,,0.028342749979578315,,,0.015485069803998953,,0.02430171558241093,0.03225612546743456,,,0.008613869216927816,0.04411110327549988,-0.0008458968657413899,0.02719763180885196,0.03787236377270561,0.03452830061262766,0.03443566326437487,0.02104020488300787,0.03300930893695225,0.08356212670060356,0.034910094498476436,0.025774435297201054,,0.028447805477546106,,,,-0.0007058572964928894,0.0321512097788221,0.032705502851949425,0.03397401860301857,0.03300930893695225,0.032040301986800024,0.03443566326437487,,0.036062859723088175,,0.02150251455213429,0.03418962966370815,-0.014561178929338057,,,0.03505231250253021,0.026306809243137746,0.012065167740785235,0.05902253458657514,0.03430910874020638,0.018389210384584683,0.017433844950295336,-0.06904288304307536,0.0453175402305472,,0.03541189297980639,0.04428189585604191,0.024600470972582528,0.012065167740785235,,0.0436213743562967,0.010231358314834394,,0.038264625290164535,0.03175763800092448,0.008613869216927816,0.029067831790525914,0.021136936836205617,-0.0073971680336266474,-0.01228648208395931,0.02733767137810048,0.0339983796836363,0.02719763180885196,,0.03538534745143608,0.018389210384584683,,,,
2022-06-01,0.030660226592175946,,,0.01478302752066714,,0.03021120374584026,0.02902050211623494,-0.027193810406927848,,0.030660226592175946,0.014226930709923829,0.015287118078721908,0.033901306429064304,0.02902050211623494,,,0.030660226592175946,0.010710939581144465,0.0038747525216714152,,-0.016375743455672505,0.03492093762581393,0.030660226592175946,0.07454922150276197,0.033617693245464084,0.029385782961226153,,,0.02902050211623494,0.02902050211623494,0.023536455221034987,0.010710939581144465,,0.022044148282099624,,,0.023229868828703343,,0.030660226592175946,0.030660226592175946,,,0.004291020421838456,0.03127154072762721,0.031228441291053982,-0.027185118859884002,0.02262332817887932,0.030707624570628266,0.02683832394552477,-0.016470982161153957,0.03379892915954156,0.07938799768493088,0.038391101098646664,0.039221316167073306,,0.023967792379063366,,,,0.00016082090852134138,0.030517612486428727,0.03160541669972772,0.02399950241797119,0.03042401918584466,0.023005428809264157,0.03181823213973212,,0.03250839202248668,,0.02282154562992444,0.02672445685984761,0.05161839584238157,,,0.030594645221356537,0.028099999649150883,0.04361945550396708,0.07938799768493088,-0.08203906895620415,-0.021880864973034177,0.002447312540548594,-0.08203906895620415,0.03502293562651992,,0.029479774777174686,0.034239896754562404,0.03250839202248668,0.03432475600308475,,0.030860040855058207,0.02596976969672624,,0.030660226592175946,0.02364902862641477,0.009243551013136973,0.02902050211623494,0.023229868828703343,0.01974390034960988,0.023005428809264157,0.010710939581144465,0.032644781898464835,0.028305592525124393,,0.007748068669841131,0.015525099855281312,,,,
2022-09-01,0.03252125779472212,,,0.03823953273237123,,0.03072907978747411,0.03283571290714926,0.033151475334520654,,0.027731640912200917,-0.0081691580574903,0.021206393069414547,-0.0081691580574903,0.03252125779472212,,,0.03252125779472212,0.008335776354822697,0.04275060284474145,,0.0296872653288691,0.03566114791470027,0.03216829247238333,0.05767916145124025,0.04517297696613759,0.029201739948027428,,,0.03252125779472212,0.03252125779472212,0.020004517666717604,0.025028563988365886,,0.031141749295571505,,,0.03252125779472212,,0.023376107363418632,,,,0.03374806260180262,0.03428004204914396,0.03229501534235428,0.03092587920760815,0.031097089383874548,0.03364067887205217,0.03291689466186524,0.0296872653288691,0.030390287664945802,0.07242719993822982,0.03303915522183288,0.048636088356202735,,-0.055634649815248446,,,,0.03259560712166443,0.032186547095849366,0.033214968103954405,0.020444979678204266,0.03072907978747411,0.025271955394736523,0.032153248198321674,,0.02716936132099796,,0.026711549455297117,0.029737069900166797,0.02416134485178314,,,0.03252125779472212,0.04355158273879304,0.03283571290714926,0.06791053267706312,-0.023936423945271183,-0.009133411923818042,0.02682901191675777,-0.023936423945271183,0.03160774306440505,,0.03326754123604727,0.03303915522183288,0.031141749295571505,0.032856701721672266,,0.03283571290714926,0.027306859832518557,,0.03252125779472212,0.03246659355373943,0.03815185331545705,0.025271955394736523,0.0324677033107488,0.030747223331287078,0.009597539520244551,-0.0081691580574903,0.02432401234346364,0.03323134977429239,,0.037887572335655956,0.04479954517483351,,,,
2022-12-01,0.035095155571891315,,,0.03393764973789084,,0.03201483340754576,0.03324948772025485,0.0343804212651055,,0.037599510402827496,0.019894892252102985,0.03339340952159686,0.019894892252102985,0.035095155571891315,,,0.035095155571891315,0.015909662869012374,0.03324948772025485,,0.02212268021304187,0.03324948772025485,0.03468647624426773,0.03942861007943681,0.04560978952135235,0.038212025512024135,,,0.035095155571891315,0.035095155571891315,0.03324948772025485,0.035095155571891315,,0.03339340952159686,,,0.035095155571891315,,0.03639379222820137,,,,0.035095155571891315,0.03201483340754576,0.03393764973789084,0.03074799524370035,0.03468647624426773,0.03393764973789084,0.03324948772025485,0.03528674586626977,0.03468647624426773,0.05215485754651766,0.03324948772025485,0.04032384800012881,,0.0023632934298071077,,,,0.033385048608925244,0.035095155571891315,0.01179241675130338,0.018845792882647167,0.03468647624426773,0.03639379222820137,0.033802088849220445,,0.04560978952135235,,0.035095155571891315,0.03468647624426773,0.058936594538548576,,,0.039909220168125266,0.04113552147236391,0.035095155571891315,0.05215485754651766,-0.007758111024021218,0.03677313841289016,0.035095155571891315,-0.007758111024021218,0.039852360673391436,,0.03942861007943681,0.03339340952159686,0.03339340952159686,0.03393764973789084,,0.035095155571891315,0.03324948772025485,,0.0347796081537818,0.03652533366884396,0.035095155571891315,0.03324948772025485,0.035095155571891315,0.035095155571891315,0.03324948772025485,0.019894892252102985,0.035857468022287335,0.035095155571891315,,0.03950054084050168,0.04113552147236391,,,,
2023-03-01,0.03312999673375561,,,0.03298860227199511,,0.03370407485788498,0.031562739879654696,0.013512580663116046,,0.0330443534125805,0.02281634488651221,0.0252047073035439,-0.016082506855181516,0.03312999673375561,,,0.03312999673375561,0.012169562319062547,0.033420905863651915,,0.032829251338328445,0.03220690776229424,0.03312999673375561,0.035001799983612705,0.03600214102932709,0.033687765511846955,,,0.03282670182118564,0.03312999673375561,0.03297382363093593,0.03267052871836596,,0.03220690776229424,,,0.03312999673375561,,0.0337681485472586,,,,,0.021339878732587383,0.03282112360599453,0.030290113744493755,0.03295891590202018,0.03322074542060775,0.032710657497628845,0.027801212070706148,0.032595099895471165,0.048521233912079104,0.03252257170342054,0.04290824285166635,,0.0025672954030375858,,,,0.03361493452191575,0.033877884959974666,0.03361022811119248,0.02990305643579676,0.032829251338328445,0.032330263040199154,0.031847505321563385,,0.03472969890072592,,0.033030152381102254,0.031153752641958334,0.03324380418024903,,,0.03489294328211289,0.038967131955291306,0.03361022811119248,0.04998428149410416,-0.016082506855181516,0.038967131955291306,0.03588740829902983,0.01835750741706513,0.038470811379397604,,0.035001799983612705,0.03139434815382235,0.031261994484227534,0.012056207101408844,,0.031562739879654696,0.03361493452191575,,0.03312999673375561,0.03245710761038071,0.033430152678140375,0.03220690776229424,0.03358606482582625,0.029882878836476553,0.024979124708014337,0.02281634488651221,0.031118652478802543,0.0334540550083728,,0.029356879568246456,0.01835750741706513,,,,
2023-06-01,0.02777280694897819,,,0.028668296848843925,,0.027425140381309752,0.02777280694897819,-0.005995967874372479,,0.01717731875327336,0.02556197373807106,0.0327089753141953,-0.02345366632260147,0.02777280694897819,,,0.02777280694897819,0.029111386745505684,-0.005995967874372479,,0.02777280694897819,0.029419637168110278,0.02777280694897819,0.029192083756401213,0.03733467860372412,0.02806144038530208,,,0.029111386745505684,0.02777280694897819,0.024566499494386253,0.024566499494386253,,0.02556197373807106,,,0.033932333502369405,,0.02806144038530208,,,,,0.026701264091257525,0.028668296848843925,0.02556197373807106,0.02851342518044077,0.028668296848843925,0.02777280694897819,0.02482787571913453,0.02777280694897819,0.04312978478654295,0.024566499494386253,0.04543125089417948,,0.024566499494386253,,,,0.029111386745505684,0.033932333502369405,0.033932333502369405,0.028348094310389614,0.02777280694897819,0.02585060717439495,0.02777280694897819,,0.03420239800204427,,0.024566499494386253,0.025620004904916966,0.042611288326754405,,,0.03030491236365008,0.0009595376289964904,0.025620004904916966,0.042611288326754405,0.010003150997575743,0.018834702718469487,0.033932333502369405,0.0117661774792808,0.02880205861676466,,0.030753906501817783,0.02851342518044077,0.02556197373807106,0.029111386745505684,,0.02556197373807106,-0.005995967874372479,,0.02777280694897819,0.02912258909719876,0.02838197086573618,0.02556197373807106,0.025620004904916966,0.029111386745505684,0.02556197373807106,0.024566499494386253,0.029419637168110278,0.024566499494386253,,0.028668296848843925,-0.007441327934120437,,,,
2023-09-01,0.023324399241785594,,,0.024051396034205443,,0.017946103929432515,0.02081152306552898,-0.011977092648031368,,0.024143450551274113,0.013698129227559287,0.023730956581838495,-0.02929530465434514,0.023324399241785594,,,0.023324399241785594,0.019480942629587633,0.013698129227559287,,0.023324399241785594,0.023730956581838495,0.019219739785311822,0.027495462627694717,0.02258388716138053,0.025140918141275666,,,0.02081152306552898,0.023324399241785594,0.02081152306552898,0.02046890873463034,,0.021114037770447996,,,0.02081152306552898,,0.024156070647189935,,,,,0.025140918141275666,0.024051396034205443,0.023324399241785594,0.023324399241785594,0.024051396034205443,0.02258388716138053,0.019219739785311822,0.023324399241785594,0.018566528010568916,0.02046890873463034,-0.0031858095868337105,,0.0206238605871366,,,,0.02081152306552898,0.02081152306552898,0.02081152306552898,0.025140918141275666,0.023324399241785594,0.025140918141275666,0.02258388716138053,,0.025140918141275666,,0.020404120554705033,0.023324399241785594,0.04163977747362431,,,0.024051396034205443,0.04163977747362431,0.01074407325861783,0.04163977747362431,-0.022788060015515244,0.022466781774302714,0.019823556960486273,0.008798228135327057,0.025140918141275666,,0.027495462627694717,0.021114037770447996,0.021114037770447996,0.019823556960486273,,0.021114037770447996,-0.013169661790332356,,0.023324399241785594,0.024051396034205443,0.011172695774637184,0.021114037770447996,0.019219739785311822,0.019480942629587633,0.021114037770447996,0.020404120554705033,0.0253031400676479,0.020404120554705033,,0.024051396034205443,0.018150123921961334,,,,
2023-12-01,0.022547783898461536,,,-0.023455335959441832,,0.03500217621317751,0.00203615461711651,-0.03798363911397487,,0.030030146796428167,-0.03964749717370653,0.011691149266907501,0.016950573457564545,0.017994382436347232,,,0.022547783898461536,0.03845024750353945,-0.03446126109356523,,0.022819411767172657,0.01718885980217086,0.022100846475029023,0.03341500108425249,0.020664890329344304,0.02386918134724556,,,0.015804739742510947,0.0222495126012165,-0.037062305801338714,0.005577194056836688,,0.014780843310897676,,,-0.0027922541533710616,,0.023760478296048777,,,,,0.027764241974217674,0.023940664462626406,0.015686376529018834,0.02748857366395948,0.02322879757879913,0.020088473561345372,0.013300810039112534,0.02632065472370161,0.022552863065160692,0.01435634979874634,0.045423925124030935,,-0.20053136708341296,,,,-0.00220138783197283,0.0005269952359020254,-0.06501471089228246,0.03989735728955556,0.022819411767172657,0.01855204436631594,0.013024980390403229,,0.02284480877376934,,-0.0025025309315504,0.02694211974642147,0.08758565398195693,,,0.01865204704310441,0.08651742558280157,0.01962924911839436,0.08651742558280157,0.036185754312643974,-0.009165482150199305,-0.010008348188571726,-0.014239243825016432,0.023816929839560474,,0.05058288555893562,0.017868583718777847,0.0211517341109251,0.020120899381277247,,0.01925187526978471,-0.03857840994802735,,0.024010843978376894,0.02643935533387689,0.008964980237596225,0.019385459782766384,0.02015694156149458,-0.011830734960973529,0.01601507020995936,-0.011682639078127714,0.04989221292247697,0.01866121353582637,,0.026217045905275037,-0.03139014821303497,,,,
2024-03-01,0.025478660976118304,,,0.022155281519336496,,0.0412579126466947,0.023685505965948542,-0.10878605101643879,,0.05109328985352703,-0.006019980356005012,0.0422729909866032,-0.23665426168120443,0.0256543080365793,,,0.025478660976118304,-0.06361129799182434,0.019982705895606613,,0.02372393047999276,0.02593859485428834,0.0017247077703329088,0.06467998961952391,0.020660376261211776,0.02227228398764952,,,0.01082206105119134,0.016696150674039005,-0.048809663490254895,0.019407172831345895,,0.01957364273448407,,,-0.03621953170599703,,0.025676763002497438,,,,,0.025957479428517588,0.02067993219051606,0.00178210561622534,0.024443459559804193,0.023770831569194042,0.02020438482405795,0.022870206908842144,0.02538497367445003,0.030395716398268362,0.03050922709052324,-0.04117003124205929,,-0.2640158252922401,,,,-0.005957709204405348,-0.01282988598868972,-0.019712127667621423,0.01944105608186147,0.02448886486912514,0.021539561213487258,0.020976135471888722,,0.03262024667935027,,0.01667011458944445,0.02794034441898972,0.0943616921601789,,,0.021582193410483314,0.08781257264009765,0.02839791390311966,0.020895830955241,0.028387522933891865,-0.07160637068557581,-0.029246521342009266,-0.04451378899459549,0.048094404916114206,,0.08779428392902305,0.01954293226367089,0.017685629659617254,0.018468132113421333,,0.027038299954057734,0.006761483718932812,,0.02635839917739969,0.025754241771628487,-0.028938856889097676,0.02191356535472333,0.02668269374340983,0.01015430473207334,0.020255505968851752,-0.008145495856362178,0.031150017442450537,0.020174495607605727,,0.012371618802856895,-0.06215477002354304,,,,
2024-06-01,0.01984983146386519,,,0.007695204209022223,,0.024019909330793714,0.020848426258711007,-0.020190883247400794,,0.009387589989800877,-0.008974356591938681,0.03509365986878475,-0.14848278255599506,0.02007780508594681,,,0.01984983146386519,-0.0051239905142247775,-0.012860078419296997,,0.01984983146386519,0.01495097122817187,0.014594744238025155,0.020576433734153934,0.02002185925979549,0.017280299348956436,,,-0.009281966968707122,0.02007780508594681,-0.009623904415941582,-0.008861837636770545,,0.014594744238025155,,,0.0029403860506128903,,0.018050920521720634,,,,,0.014291504294164432,0.01984983146386519,0.014594744238025155,0.01984983146386519,0.021185168722758652,0.01281917494427443,0.02324345597109055,0.01984983146386519,0.0321406315292953,0.015756144858331458,-0.023051708546281278,,-0.14848278255599506,,,,0.008501163304281262,-0.01811070516420985,0.017280299348956436,0.022591213784593073,0.019247934320767178,0.01984983146386519,0.014594744238025155,,0.014594744238025155,,0.013427029890750846,0.01984983146386519,0.05812779402527228,,,0.017280299348956436,0.05812779402527228,0.02576933157386101,0.05812779402527228,0.04540808259995333,0.025720744654600492,-0.03468443888842412,0.010048367354804069,0.030207407723952816,,0.020576433734153934,0.014594744238025155,0.014594744238025155,0.010358864614631305,,0.014594744238025155,-0.012860078419296997,,0.01984983146386519,0.01984983146386519,-0.02086281122190278,0.01104007749893553,0.02324345597109055,0.008551163061225399,0.014594744238025155,0.009798343526222135,0.025787239525489166,0.014917490753240949,,0.021185168722758652,0.025142039919202726,,,,
2024-09-01,0.018847557578225257,,,0.01800082769492903,,0.019544942832866143,0.019012885746433075,-0.042962388304567264,,0.028120342769468922,-0.012490260024750701,0.041534284048100965,-0.14086617847906507,0.017938850368102863,,,0.018847557578225257,-0.011220215201155105,0.00711585590491728,,0.01865061164625489,0.01610045047095239,0.018847557578225257,0.051504517187947664,0.021647402754033682,0.009009692468693679,,,0.011790349252509016,0.019090408917830155,-0.0008127276076400482,0.011790349252509016,,0.01382521357322772,,,0.00991347903579741,,0.018923068042190662,,,,,0.00653380339110229,0.018847557578225257,0.013663790686951685,0.018562806649444145,0.02015255198006798,0.017986947687230657,-0.14086617847906507,0.018771603696618552,0.019165413556292536,0.021414133795362125,-0.02164633537245006,,-0.12117919989802901,,,,0.009691529001163199,-0.015986725021836082,0.019090408917830155,-0.007327099556480737,0.014561299368803966,0.018562806649444145,0.017185419041257203,,0.0024889640222202736,,-0.006644992624299219,0.019544942832866143,-0.007499411750243162,,,0.017938850368102863,0.016950875964358056,0.03190625325535599,0.028181860642387844,0.02325874477380118,-0.016786192523473097,-0.032324463453358654,-0.03138347866582693,0.020458750479713694,,0.044605416345732195,0.014290326849057613,0.016482579333786957,0.009423068349260525,,0.014080806643653786,0.00711585590491728,,0.01892508074962233,0.01888855932409143,-0.0014238354117612785,0.014080806643653786,0.014561299368803966,0.01068038001153059,0.013663790686951685,-0.006644992624299219,0.02330009302794538,0.011790349252509016,,0.0241588272700767,-0.006476161097551581,,,,
2024-12-01,0.012531328605406513,,,0.007954723041562257,,0.004730832163189338,0.010960832169350489,-0.04439649674740967,,-0.09983153808281367,0.01245178662074194,0.021602893359321272,0.009417507368276554,0.007389232387524442,,,0.012401225333987749,0.007954723041562257,0.001021639095180907,,0.016343914947021112,0.010586010051745014,0.012531328605406513,0.006466563356773761,0.016343914947021112,0.010606052821603594,,,-0.015320133743079969,0.012531328605406513,-0.011775914483686058,0.012142792368233256,,0.009417507368276554,,,0.00590442271611706,,0.012112933511032856,,,,,0.03319705353495082,0.012531328605406513,0.016343914947021112,0.01106001938824239,0.016549348578078677,0.010960832169350489,0.015648237836699386,0.013184361039189801,-0.01597942376150818,0.01245178662074194,0.0017096707518149767,,-0.029777154300631315,,,,-0.009471145611388778,-0.024122354710177478,0.010960832169350489,-0.008860957171865242,0.00865599383503651,0.012531328605406513,0.009333315926043667,,0.009646983928273664,,-0.015320133743079969,0.00865599383503651,-0.04134563140040466,,,0.012531328605406513,0.03383342020068195,-0.12590382433044742,-0.035340101706923366,-0.0003123801075047875,-0.0040284797594449286,-0.035340101706923366,-0.04940425194042754,0.01928949784264493,,-0.00025807617965583257,0.0173255916452118,0.009417507368276554,-0.006507741919689575,,0.010960832169350489,0.00020386216220556782,,0.012531328605406513,0.013395974890281676,-0.005073850756541905,0.009417507368276554,0.009569437787707502,-0.001262379085442555,0.009417507368276554,-0.015320133743079969,0.01779361135358534,0.01245178662074194,,0.01773383306736966,-0.0015121488760338018,,,,
2025-03-01,0.01224436728167197,,,0.010734036804561031,,0.009780184324553314,0.008729194693261994,-0.009078651652867791,,-0.12196950953042582,0.014177339231184995,0.02516247442109322,0.007526589230165453,0.009331010825678094,,,0.01224436728167197,-0.007269016546867113,0.012263932368438904,,0.012993090960134963,0.011530383899130555,0.01224436728167197,-0.0023961180921716887,0.017719119840871402,0.01621334350150669,,,0.006425063250410805,0.014685402837254682,0.006425063250410805,0.01080777560661683,,0.007855505575160834,,,0.006425063250410805,,0.008457321707576935,,,,,0.029061629301790383,0.01224436728167197,0.010854947021464523,0.012563262326828643,0.006100961355622308,0.008457321707576935,,0.012563262326828643,0.0002573384742196223,0.011526069846538384,0.004707802112767434,,-0.0010777864461414964,,,,0.006425063250410805,0.006001275747702103,0.015766277476619083,0.00038103120041942334,0.012563262326828643,0.007526589230165453,0.008457321707576935,,0.0063763204279756345,,0.011697832968176126,0.015004297882411356,0.017273624616482457,,,0.010734036804561031,0.0481856550747756,0.010102916357810268,0.015912417295215076,0.02926571348809466,-0.06129510786187204,-0.009419591752273164,-0.034424067749112,0.012385809436133382,,0.00450095420509572,0.012644283499564353,0.007855505575160834,-0.015676948173415955,,0.008457321707576935,0.01020595947420073,,0.01224436728167197,0.012563262326828643,-0.023231024423747366,0.008457321707576935,0.01083930480443026,0.012705665864445805,0.008457321707576935,-0.05161706104116498,0.020792182032425027,0.015166206185156586,,0.0002694380189344022,0.0002573384742196223,,,,
2025-06-01,0.00955238205707715,,,0.007280153967867196,,0.009640392112411356,0.007242267798521861,0.008356275388963438,,-0.004142591824700834,0.008356275388963438,0.013608816270032935,0.007242267798521861,0.008453433926357381,,,0.00955238205707715,-0.004737488551927954,0.015925869340711673,,0.00955238205707715,0.008453433926357381,0.008453433926357381,-0.0038291318433944206,0.00955238205707715,0.009640392112411356,,,0.007280153967867196,0.00955238205707715,-0.053645553023195514,0.007280153967867196,,0.007242267798521861,,,0.00955238205707715,,0.008453433926357381,,,,,0.008453433926357381,0.00955238205707715,0.008453433926357381,0.00955238205707715,0.017555457809325638,0.008453433926357381,,0.00955238205707715,0.005398395212841214,0.001088702925475337,-0.011022859678947994,,0.0037404840718203557,,,,0.007280153967867196,0.00658677939371804,0.00955238205707715,0.008453433926357381,0.00955238205707715,0.008453433926357381,0.008453433926357381,,,,0.008356275388963438,0.00955238205707715,0.021196286563374543,,,0.00955238205707715,0.021196286563374543,0.000358801643363605,0.0033894401201144952,0.006159922206335279,0.02234499911851472,-0.0038291318433944206,-0.003644675372414106,0.017555457809325638,,0.01027618772621492,0.008321097814617134,0.007242267798521861,0.007280153967867196,,0.008453433926357381,0.001088702925475337,,0.00955238205707715,0.00955238205707715,0.00658677939371804,0.008453433926357381,0.00955238205707715,0.0025404625446295973,0.00955238205707715,0.008356275388963438,0.00955238205707715,0.015925869340711673,,0.006851160200116959,-0.0048305367061163935,,,,
2025-09-01,0.007193411841800138,,,-0.004383967181101515,,0.007193411841800138,0.003475904283238077,0.0010938415057856518,,0.007403194783472075,0.005643908059084563,0.007475510606618926,0.003475904283238077,0.007193411841800138,,,0.007110982021473658,-0.0051206429638059195,0.006317895561188433,,0.007193411841800138,0.005839392212831568,0.0063390758713001505,-0.00677843611638677,0.007193411841800138,0.0063390758713001505,,,0.005043896444307113,0.0076486605315985905,-0.04659046885536305,0.005043896444307113,,0.003914706149662306,,,0.007193411841800138,,0.005839392212831568,,,,,0.005464925211737505,0.007193411841800138,0.005043896444307113,0.007193411841800138,0.001837723175545052,0.0063390758713001505,,0.007193411841800138,-0.009326420384670983,0.005806975135002377,-0.007315605180257671,,-0.0046990188544671725,,,,0.005043896444307113,0.005043896444307113,0.008475306952938702,0.007063477783251125,0.007193411841800138,0.003475904283238077,0.00539217600558553,,,,0.005643908059084563,0.007193411841800138,0.005615781035712736,,,0.00539217600558553,0.02121993511876729,0.008652264155353959,-0.008102121896178151,-0.0029147565685859293,,-0.0011260203675312122,0.003359824895692169,0.005412866176696264,,0.007937628442813774,0.007414691283830402,0.003475904283238077,0.005043896444307113,,0.005839392212831568,0.005806975135002377,,0.007193411841800138,0.007193411841800138,-0.005499673776975814,0.005839392212831568,0.007193411841800138,0.007403194783472075,0.005839392212831568,0.005643908059084563,0.011346957662318953,0.005554816870493169,,0.006475053786778937,-0.013692772374217824,,,,
2025-12-01,0.00803770772541312,,,0.006886883288972967,,0.0010619698580646834,0.006511430609066607,-0.0120604976109874,,0.007613796111293163,0.005883615406674539,0.005915169004763205,0.004807751608560342,0.007654172015744365,,,0.008271380940824085,0.006207559850570961,0.0073881324480576695,,0.008151017818009483,0.004042661724626038,0.008151017818009483,-0.0169228638974342,0.008151017818009483,0.0048412009557603644,,,0.005076922826369672,0.0010355534145413193,-0.08717056937756977,0.005190232918966033,,0.007808452206463198,,,0.005076922826369672,,0.003738857870602808,,,,,0.04773821326200106,0.00803770772541312,0.0036012811114601163,0.009764517846589455,0.01193088815260281,0.0043560667956825255,,0.009764517846589455,-0.041996298836766116,0.00626608973896006,-0.047270357393780014,,-0.009827879107333347,,,,0.003702006514635125,0.005076922826369672,0.010388866195554042,0.009494292229517065,0.00803770772541312,0.007654172015744365,0.005076922826369672,,,,-0.06576892430602656,0.008151017818009483,-0.013412167099890043,,,0.005076922826369672,0.05707738604881712,-0.047822111800400406,0.010474034380356042,-0.024283366202652857,,-0.048795007602214516,-0.04801989433714879,0.009433055787172889,-0.014436440195802406,0.01578577899989837,0.012451182356829356,0.004318425411655272,0.0035667679650635484,,0.0043560667956825255,-0.006876322115055474,,0.00803770772541312,0.00803770772541312,-0.0022413990096280733,0.003738857870602808,0.008151017818009483,0.014198347669195055,0.008532605872727621,0.005868917969734549,0.01298616765674511,0.008399264241002893,,0.004810229438167065,,,,,
