,1078,1177,1478,1602,2044,2086,2111,2220,2226,2403,2547,2751,3504,3735,5885,6096,6266,6730,7171,7186,7228,7241,7257,7637,7750,8530,9372,9459,10115,10407,10530,10903,10948,11032,11115,11288,11376,12233,12589,12850,13365,13599,13619,13700,13721,14960,15414,16101,17928,20228,20904,21841,22260,22604,22734,23812,23877,23945,23986,24197,24344,24468,24782,24856,25279,25313,25356,25880,27845,27914,29127,30137,31166,31229,31887,34164,34410,35649,35714,36860,36885,36911,38821,40488,61325,61483,61494,61574,62263,64166,65772,65967,126554,133366,136725,137131,138205,141384,144559,145046,145552,152149,160255,162887,166430,177264,183257,260778,278239
2001-03-01,0.02406880632042885,0.021631089970469475,0.026374127715826035,0.023045958951115608,0.020444268360733986,0.02406880632042885,0.020449383184313774,0.02203984372317791,0.025950705632567406,0.02406880632042885,0.02324269711971283,0.023010695353150368,0.023297589272260666,0.020449383184313774,0.03920977935194969,,0.02406880632042885,0.02406880632042885,0.023101454600691795,,0.023045958951115608,0.023487824946641922,0.02406880632042885,0.025047946721315384,0.02271265909075737,0.02223799377679825,0.023487824946641922,0.02406880632042885,0.028317579999566078,0.023189788684248924,0.006444225553423166,0.023487824946641922,,0.016824575141072273,0.027809174731373787,,0.017033463343977928,0.024457447230815887,0.02271265909075737,0.01602150686085224,0.028317579999566078,0.021832719445228577,0.016844699159264565,0.023698216304183006,,0.023501167073845863,0.029391514137387276,,,,0.028638621792197227,,0.023101454600691795,,,0.04389018937945366,0.023590415716171265,0.026374127715826035,,0.025448573753237724,0.014660948887467384,0.020211150869727135,0.023159591481089592,0.019969355314970016,0.023756353184580803,0.020449383184313774,-0.0020214729011058807,0.02523818239569664,0.020837174728512764,0.01893497258424759,0.02198878675699234,-0.0017169122584164143,0.02223799377679825,,0.028317579999566078,,,,,,,,,,0.022998236119747162,0.023189788684248924,0.023106569424271584,0.02223799377679825,0.016844699159264565,0.01986301690340042,0.02406880632042885,0.020449383184313774,0.020449383184313774,0.03563443198800087,0.06547428667545319,0.028317579999566078,0.016844699159264565,,,,,,,,,,,,
2001-06-01,0.03528761863708496,0.03383977711200714,0.03210490942001343,0.024523908272385597,0.026727566495537758,0.03118196129798889,0.026727566495537758,0.026727566495537758,0.03118196129798889,0.03210490942001343,0.026727566495537758,0.0207594595849514,0.03112616576254368,0.025820618495345116,0.018651291728019714,,0.026727566495537758,0.03210490942001343,0.026727566495537758,,0.024523908272385597,0.025820618495345116,0.046740882098674774,0.03112616576254368,0.0207594595849514,0.03118196129798889,0.026799578219652176,0.03210490942001343,0.024523908272385597,0.026727566495537758,0.018863435834646225,0.026727566495537758,,0.026727566495537758,0.025820618495345116,,0.026727566495537758,0.018651291728019714,0.009054028429090977,0.026637893170118332,0.025820618495345116,0.02297571673989296,0.032053928822278976,0.026727566495537758,,0.025820618495345116,0.033958550542593,,,,0.026637893170118332,,0.026727566495537758,,,0.021757887676358223,0.026727566495537758,0.03210490942001343,,0.026799578219652176,0.026020202785730362,0.033958550542593,0.03112616576254368,0.03273538127541542,0.026727566495537758,0.026727566495537758,0.025820618495345116,0.026799578219652176,0.026727566495537758,0.026727566495537758,0.03789365291595459,0.07013250887393951,0.03118196129798889,,0.03528761863708496,,,,,,,,,,0.026799578219652176,0.026727566495537758,0.025820618495345116,0.024523908272385597,0.021796949207782745,0.025820618495345116,0.03210490942001343,0.025820618495345116,0.021896502003073692,0.039145901799201965,0.026637893170118332,0.025820618495345116,0.05397960916161537,0.03069338947534561,,,,,,,,,,,
2001-09-01,0.03669638931751251,0.027140215039253235,0.035123903304338455,0.03331253305077553,0.03420637920498848,0.035123903304338455,0.03420637920498848,0.03313320130109787,0.03473542630672455,0.04017074778676033,0.03313320130109787,0.03522295504808426,0.03664623945951462,0.03420637920498848,0.02848001942038536,,0.04017074778676033,0.03349112719297409,0.03429935872554779,,0.03331253305077553,0.035462550818920135,0.03280026465654373,0.036889657378196716,0.035525575280189514,0.04041839390993118,0.03202459216117859,0.04041839390993118,0.04041839390993118,0.03420637920498848,0.02138919197022915,0.035462550818920135,,0.031330402940511703,0.03320368379354477,,0.030167190358042717,0.03844434395432472,0.01976071484386921,0.032003335654735565,0.04041839390993118,0.08490034937858582,0.02508537285029888,0.03420637920498848,,0.033043187111616135,0.03256982937455177,,,,0.034453459084033966,,0.03400935232639313,,,0.04239526018500328,0.035462550818920135,0.03934285789728165,,0.033043187111616135,0.053044140338897705,0.03090895153582096,0.031115395948290825,0.046882133930921555,0.03302193060517311,0.031115395948290825,0.033723894506692886,0.033043187111616135,0.03715929388999939,0.031330402940511703,0.04176950827240944,0.07156645506620407,0.04041839390993118,,0.05357212573289871,,,,,,,,,,0.031449127942323685,0.03420637920498848,0.03420637920498848,0.04041839390993118,0.022151654586195946,0.03246772289276123,0.03319097310304642,0.033671677112579346,0.03427810221910477,0.03569583222270012,0.07355741411447525,0.03320368379354477,0.02508537285029888,0.03536323457956314,,,,,,,,,,,
2001-12-01,0.038817211985588074,0.10187569260597229,0.03970126062631607,0.03687605634331703,0.04137168452143669,0.04679960757493973,0.04137168452143669,0.03816261887550354,0.04499417543411255,0.04798363149166107,0.030285142362117767,0.05122566223144531,0.04721437022089958,0.04137168452143669,0.046321991831064224,,0.04568663612008095,0.013172783888876438,0.03830065205693245,,0.04809863492846489,0.03900867700576782,0.019994769245386124,0.04721437022089958,0.013172783888876438,0.06951744109392166,0.027926191687583923,0.0541241317987442,0.045746397227048874,0.04137168452143669,0.03830065205693245,0.04621013626456261,,0.03628542274236679,0.03861306235194206,,0.03628542274236679,0.02808210998773575,-0.14603348076343536,-0.00020857108756899834,0.03869255259633064,0.12590180337429047,0.04863948002457619,0.04137168452143669,,0.03915148973464966,0.04294576495885849,,,,-0.003564216662198305,,0.04137168452143669,,,0.14632147550582886,0.0453592985868454,0.05259068310260773,,0.04137168452143669,0.05199059471487999,0.10077637434005737,0.04137168452143669,0.15902315080165863,0.027684658765792847,0.031718309968709946,0.03809724748134613,0.03915148973464966,0.04721437022089958,0.020537910982966423,0.04721437022089958,0.11794727295637131,0.0541241317987442,,0.06005893275141716,,,,,,,,,,0.04137168452143669,0.04137168452143669,0.04137168452143669,0.051702383905649185,0.04155239462852478,0.03830065205693245,0.028376102447509766,0.03830952197313309,0.04137168452143669,0.07588481903076172,0.054522641003131866,0.04393993318080902,0.03201071172952652,0.11068123579025269,0.04605664685368538,,,,,,,,,,
2002-03-01,0.04713267832994461,0.04713267832994461,0.04713267832994461,0.0459708534181118,0.04713267832994461,0.04713267832994461,0.04713267832994461,0.04713267832994461,0.04713267832994461,0.04713267832994461,0.0390256829559803,0.04713267832994461,0.04713267832994461,0.042774077504873276,0.04343981668353081,,0.042774077504873276,0.03511028736829758,0.04713267832994461,,0.042774077504873276,0.04713267832994461,0.04713267832994461,0.04713267832994461,0.03589706867933273,0.04713267832994461,0.04713267832994461,0.0459708534181118,0.04713267832994461,0.04713267832994461,0.04713267832994461,0.04713267832994461,,0.0459708534181118,0.042774077504873276,,0.04713267832994461,0.03621349483728409,-0.046169232577085495,0.03315693885087967,0.04713267832994461,0.05230569839477539,0.04460164159536362,0.04713267832994461,,0.04713267832994461,0.04024304077029228,,,,0.07143472135066986,,0.0459708534181118,,,0.11321920156478882,0.04713267832994461,0.04831657186150551,,0.04713267832994461,0.04713267832994461,0.019844476133584976,0.04713267832994461,0.054678596556186676,0.04397978633642197,0.04713267832994461,0.04713267832994461,0.04713267832994461,0.04713267832994461,0.04713267832994461,0.04713267832994461,0.11418116092681885,0.04713267832994461,,0.042774077504873276,,,,,,,,,,0.04460164159536362,0.04713267832994461,0.04713267832994461,0.04713267832994461,0.10332247614860535,0.04713267832994461,0.044037140905857086,0.04460164159536362,0.04713267832994461,0.06877495348453522,0.05250327289104462,0.04713267832994461,-0.09494297951459885,0.07825682312250137,0.04713267832994461,0.04713267832994461,-0.005101371090859175,,,,,,,,
2002-06-01,0.04315488412976265,0.033601704984903336,-0.003987513016909361,0.034464169293642044,0.03666175901889801,0.04315488412976265,0.03666175901889801,0.03666175901889801,0.035985495895147324,0.04315488412976265,0.02936776541173458,0.012530971318483353,0.033155012875795364,0.03463340550661087,-0.0022969054989516735,,-0.0019664347637444735,0.0025705487933009863,0.03666175901889801,,0.010780313052237034,0.03666175901889801,0.03666175901889801,0.033500973135232925,0.012776616029441357,0.04795173555612564,0.04440340772271156,0.03954285755753517,0.04315488412976265,0.03666175901889801,0.03666175901889801,0.03666175901889801,,0.03666175901889801,0.03139461949467659,,0.03666175901889801,0.020262913778424263,-0.04690154269337654,0.006056593731045723,0.03666175901889801,0.16679997742176056,0.023291919380426407,0.03666175901889801,,0.03463340550661087,0.027648136019706726,,,,0.06603458523750305,,0.03427496179938316,,,0.015197904780507088,0.03666175901889801,-0.0016638700617477298,,0.03463340550661087,0.037348583340644836,-0.08191826194524765,0.03666175901889801,0.05614330992102623,0.035985495895147324,0.03666175901889801,0.03463340550661087,0.03463340550661087,0.03666175901889801,0.03666175901889801,0.03247802332043648,0.06577801704406738,0.04315488412976265,,0.04315488412976265,,,,,,,,,,0.030619876459240913,0.03666175901889801,0.03463340550661087,0.035985495895147324,-0.12933816015720367,0.03463340550661087,0.029726199805736542,0.020983397960662842,0.040585488080978394,0.06740349531173706,0.008580104447901249,0.03666175901889801,0.04295176640152931,0.02933381497859955,0.04315488412976265,0.03666175901889801,0.06740349531173706,,,,,,,,
2002-09-01,0.04468240216374397,0.042721014469861984,0.04468240216374397,0.04785075783729553,0.04399950057268143,0.04468240216374397,0.04399950057268143,0.04399950057268143,0.033744823187589645,0.04468240216374397,0.030879028141498566,0.04481169953942299,0.03686044365167618,0.04399950057268143,,,0.04468240216374397,0.04308730736374855,0.04399950057268143,,0.04468240216374397,0.04399950057268143,0.04468240216374397,0.04399950057268143,0.002956945914775133,0.04468240216374397,0.03686044365167618,0.04399950057268143,0.04468240216374397,0.042404405772686005,0.04399950057268143,0.04468240216374397,,0.04399950057268143,0.04206161946058273,,0.04399950057268143,0.032746728509664536,0.014245915226638317,0.032746728509664536,0.04399950057268143,0.09172548353672028,0.047167856246232986,0.04399950057268143,,0.04468240216374397,0.04785075783729553,,,,0.06997882574796677,,0.04213179275393486,,,0.012133942916989326,0.04399950057268143,0.007445498835295439,,0.04399950057268143,0.04399950057268143,0.21147693693637848,0.04399950057268143,0.05483025312423706,0.02440917119383812,0.04399950057268143,0.04399950057268143,0.04468240216374397,0.04399950057268143,0.04399950057268143,0.04399950057268143,0.07556957751512527,0.04399950057268143,,0.04399950057268143,,,,,,,,,,0.04399950057268143,0.021451877430081367,0.04399950057268143,0.04468240216374397,0.024808114394545555,0.04468240216374397,0.04399950057268143,0.04399950057268143,0.04399950057268143,0.07262750715017319,0.032963257282972336,0.04399950057268143,0.03293875977396965,0.019777899608016014,0.04468240216374397,0.04399950057268143,0.07262750715017319,,,,,,,,
2002-12-01,0.03511844575405121,0.01810217835009098,0.03511844575405121,0.025648528710007668,0.03511844575405121,0.03511844575405121,0.03511844575405121,0.03511844575405121,0.03511844575405121,0.03511844575405121,0.014700330793857574,0.034772489219903946,0.03511844575405121,0.03511844575405121,,,0.03511844575405121,0.034772489219903946,0.03511844575405121,,0.012579575181007385,0.03511844575405121,0.03511844575405121,0.03511844575405121,-0.014911632053554058,0.03511844575405121,0.03511844575405121,0.03511844575405121,0.013245207257568836,0.03511844575405121,0.03511844575405121,0.03511844575405121,,0.03511844575405121,0.034849684685468674,,0.03511844575405121,0.034849684685468674,0.03511844575405121,-0.003286037826910615,0.03511844575405121,0.028134014457464218,0.05595552548766136,0.03511844575405121,,0.03511844575405121,0.0426647812128067,,,,0.05595552548766136,,0.03511844575405121,,,-0.017177481204271317,0.03511844575405121,0.03511844575405121,,0.03511844575405121,0.0426647812128067,0.15300078690052032,0.03511844575405121,0.11977896839380264,0.03511844575405121,0.03511844575405121,0.03511844575405121,0.03511844575405121,0.03511844575405121,0.03511844575405121,0.09529765695333481,0.019543537870049477,0.03511844575405121,,0.03511844575405121,,,,,,,,,,0.03511844575405121,0.03511844575405121,0.03511844575405121,0.03511844575405121,-0.010798930190503597,0.03511844575405121,0.03511844575405121,0.03511844575405121,0.01810217835009098,0.05595552548766136,-0.03883467987179756,0.03511844575405121,0.035844143480062485,-0.03883467987179756,0.03511844575405121,0.03511844575405121,0.05595552548766136,,,,,,,,
2003-03-01,0.03939797356724739,0.03841487690806389,0.03939797356724739,0.048119910061359406,0.03939797356724739,0.03939797356724739,0.03939797356724739,0.03939797356724739,0.03675704449415207,0.03939797356724739,0.02448183298110962,0.03123508021235466,0.03939797356724739,0.03939797356724739,,,0.03939797356724739,0.02593698352575302,0.03939797356724739,,0.03939797356724739,0.03939797356724739,0.008913476951420307,0.03947630897164345,0.018872639164328575,0.03939797356724739,0.03939797356724739,0.03939797356724739,0.03939797356724739,0.03939797356724739,0.03939797356724739,0.03939797356724739,,0.03939797356724739,0.01921064406633377,,0.03939797356724739,0.034935202449560165,0.03841390088200569,0.03130650520324707,0.03947630897164345,0.0715375617146492,0.07796934992074966,0.03939797356724739,,0.03939797356724739,0.04501495137810707,,,,0.08283126354217529,,0.03939797356724739,,,-0.041780874133110046,0.03939797356724739,0.03947630897164345,,0.03939797356724739,0.033977821469306946,0.17383962869644165,0.03939797356724739,0.07739073038101196,0.01921064406633377,0.03939797356724739,0.03939797356724739,0.03939797356724739,0.03939797356724739,0.038719430565834045,0.06490422040224075,0.042635947465896606,0.03939797356724739,,0.03947630897164345,,,,,,,,,,0.03939797356724739,0.03939797356724739,0.03939797356724739,0.03939797356724739,-0.03963819146156311,0.03939797356724739,0.03939797356724739,0.03939797356724739,0.03939797356724739,0.06894870847463608,0.049611207097768784,0.03939797356724739,0.07142578810453415,0.0626017153263092,0.03939797356724739,0.03939797356724739,-0.03368160501122475,,,,,,,,
2003-06-01,0.03585934638977051,0.03585934638977051,0.03585934638977051,0.006131851114332676,0.03585934638977051,0.03585934638977051,0.03585934638977051,0.03585934638977051,0.03585934638977051,0.03585934638977051,0.03571800887584686,0.023750627413392067,0.03585934638977051,0.03585934638977051,,,0.0191316157579422,0.010750861838459969,0.03585934638977051,,0.03585934638977051,0.03585934638977051,0.023750627413392067,0.03585934638977051,0.010463861748576164,0.0351686030626297,0.03585934638977051,0.03585934638977051,0.03585934638977051,0.03585934638977051,0.03585934638977051,0.03585934638977051,,0.03585934638977051,0.03585934638977051,,0.06439856439828873,0.02067362703382969,0.07414908707141876,0.06415101885795593,0.03585934638977051,0.05862860009074211,0.11491987109184265,0.03585934638977051,,0.03585934638977051,0.029675301164388657,,,,0.06439856439828873,,0.03585934638977051,,,0.0351686030626297,0.03585934638977051,0.02067362703382969,,0.03585934638977051,0.03585934638977051,0.18563257157802582,0.03585934638977051,0.03743138909339905,0.02067362703382969,0.03585934638977051,0.03585934638977051,0.03585934638977051,0.03585934638977051,0.03585934638977051,0.2291160672903061,0.023750627413392067,0.03585934638977051,,0.03585934638977051,,,,,,,,,,0.029675301164388657,0.03585934638977051,0.03585934638977051,0.03585934638977051,-0.0037757346872240305,0.03585934638977051,0.03585934638977051,0.03585934638977051,0.03585934638977051,0.04671632498502731,0.03028211183845997,0.03585934638977051,0.11491987109184265,0.03585934638977051,0.03585934638977051,0.03585934638977051,0.06439856439828873,,,,,,,,
2003-09-01,0.017154797911643982,0.0290061142295599,0.0290061142295599,0.010174285620450974,0.0290061142295599,0.017154797911643982,0.0290061142295599,-0.017346274107694626,0.0290061142295599,0.0290061142295599,0.0290061142295599,0.01723071187734604,0.0290061142295599,0.0290061142295599,,,0.0290061142295599,0.01723071187734604,0.0290061142295599,,0.027641093358397484,0.0290061142295599,-0.007331530563533306,0.025063438341021538,0.0290061142295599,0.0290061142295599,0.0290061142295599,0.017154797911643982,0.0290061142295599,0.0290061142295599,0.0290061142295599,0.0290061142295599,,0.0290061142295599,0.0290061142295599,,0.0290061142295599,0.0290061142295599,0.05696280673146248,0.04952520132064819,0.0290061142295599,0.0369107723236084,0.025063438341021538,0.0290061142295599,,0.0290061142295599,0.025063438341021538,,,,0.04952520132064819,,0.0290061142295599,,,0.04978492483496666,0.0290061142295599,0.0290061142295599,,0.0290061142295599,-0.02378358319401741,0.14667515456676483,0.017154797911643982,0.0290061142295599,0.017154797911643982,0.0290061142295599,0.0290061142295599,0.0290061142295599,0.0290061142295599,0.0290061142295599,0.04952520132064819,0.023592360317707062,0.0290061142295599,,0.0290061142295599,,,,,,,,,,0.0290061142295599,0.0290061142295599,0.0290061142295599,0.0290061142295599,-0.0207629706710577,0.0290061142295599,0.0290061142295599,0.0290061142295599,0.0290061142295599,0.0369107723236084,0.04952520132064819,0.0290061142295599,0.04952520132064819,0.0290061142295599,0.0290061142295599,0.0290061142295599,0.0369107723236084,,,,,,,,
2003-12-01,0.02036973461508751,0.02343040518462658,0.020447399467229843,0.002309228293597698,0.02343040518462658,0.02343040518462658,0.02343040518462658,0.02036973461508751,0.02340909093618393,0.02343040518462658,0.022480960935354233,0.01102887187153101,0.02343040518462658,0.02343040518462658,,,0.02036973461508751,0.00822417065501213,0.02343040518462658,0.02343040518462658,0.02036973461508751,0.02343040518462658,0.02036973461508751,0.023205585777759552,-0.04676784947514534,0.02343040518462658,0.022480960935354233,0.02343040518462658,0.01986600086092949,0.02036973461508751,0.02343040518462658,0.02343040518462658,,0.02343040518462658,0.02343040518462658,,0.02343040518462658,0.02036973461508751,0.021327124908566475,0.03395441547036171,0.019543975591659546,0.015685228630900383,0.013533037155866623,0.02343040518462658,,0.02343040518462658,0.07737431675195694,,,,0.036966193467378616,,0.02343040518462658,,,0.0009787388844415545,0.02343040518462658,0.021255262196063995,,0.02340909093618393,0.021213972941040993,0.10728617012500763,0.02343040518462658,0.00825380440801382,0.013913518749177456,0.02343040518462658,0.02343040518462658,0.02343040518462658,0.02343040518462658,0.02343040518462658,0.01995522901415825,-0.03508739173412323,0.019447118043899536,,0.02343040518462658,,,,,,,,,,0.023675912991166115,0.02343040518462658,0.02343040518462658,0.02343040518462658,-0.02167547680437565,0.02343040518462658,0.02343040518462658,0.023675912991166115,0.015837261453270912,0.036278918385505676,0.047266460955142975,0.02343040518462658,0.02061668038368225,0.023836027830839157,0.010951206088066101,0.02343040518462658,0.036278918385505676,0.02343040518462658,,,,,,,
2004-03-01,0.0065101683139801025,0.030127404257655144,-0.005297581199556589,-0.013957692310214043,0.0001401992776663974,0.03313260152935982,0.005896235816180706,-0.017297225072979927,,0.03228744864463806,0.02291402779519558,0.012453556060791016,0.031876981258392334,0.033218126744031906,,,0.010897895321249962,-0.020118553191423416,0.029509926214814186,0.04109576717019081,0.005202277097851038,0.030158912762999535,0.05767331272363663,0.016534700989723206,-0.04728567972779274,0.019176891073584557,0.034158751368522644,0.030703408643603325,0.019175298511981964,0.022245464846491814,0.041085436940193176,0.03313260152935982,,0.030158912762999535,0.015651695430278778,,0.030158912762999535,-0.015118472278118134,0.0458848662674427,0.009612430818378925,0.0032352288253605366,0.024197377264499664,-0.014631260186433792,0.030158912762999535,,0.029509926214814186,0.04515216499567032,,,,0.05246863514184952,,0.030158912762999535,,,0.028452767059206963,0.030158912762999535,0.05067118629813194,,0.032635100185871124,0.04557281732559204,0.05057845264673233,0.03258457034826279,0.04013892635703087,0.019656585529446602,0.030158912762999535,0.030158912762999535,0.03163845092058182,0.00783657468855381,0.030158912762999535,0.05315156653523445,-0.028182372450828552,-0.05014227703213692,,0.0316455252468586,,,,,,,,,,0.03688552603125572,0.03551754355430603,0.033218126744031906,0.03587622940540314,-0.04950763285160065,0.03295242041349411,0.01190866157412529,0.032635100185871124,0.012559826485812664,0.06824062019586563,0.021978141739964485,0.029509926214814186,0.06445378065109253,0.052855271846055984,-0.08061657100915909,0.03289855644106865,0.0699036717414856,0.030158912762999535,,,,,,,
2004-06-01,0.018679164350032806,0.01880049705505371,0.01880049705505371,0.017128000035881996,0.018679164350032806,0.01880049705505371,0.018679164350032806,0.015277517028152943,,0.01880049705505371,0.01880049705505371,0.005689132958650589,0.01880049705505371,0.01880049705505371,,,0.018679164350032806,-0.005680575966835022,0.01880049705505371,0.01880049705505371,0.018679164350032806,0.01880049705505371,0.018679164350032806,0.005744516849517822,0.014221259392797947,0.01880049705505371,0.01880049705505371,0.01880049705505371,0.018679164350032806,0.018679164350032806,0.01880049705505371,0.01880049705505371,,0.01880049705505371,0.018679164350032806,,0.01880049705505371,0.014221259392797947,0.018641678616404533,0.01880049705505371,0.018679164350032806,0.020336754620075226,0.005744516849517822,0.01880049705505371,,0.01880049705505371,0.044221214950084686,,,,0.03243006765842438,,0.01880049705505371,,,0.005903337150812149,0.01880049705505371,0.003166728187352419,,0.01880049705505371,0.01880049705505371,0.017269400879740715,0.01880049705505371,0.005903337150812149,0.014221259392797947,0.01880049705505371,0.01880049705505371,0.01880049705505371,0.018679164350032806,0.01880049705505371,0.0014506832230836153,0.06670653820037842,-0.005680575966835022,,0.01880049705505371,,,,,,,,,,0.01880049705505371,0.01880049705505371,0.01880049705505371,0.01880049705505371,-0.0037505188956856728,0.018679164350032806,0.018679164350032806,0.01880049705505371,0.01880049705505371,0.011307122185826302,0.032270338386297226,0.018679164350032806,0.04304439201951027,0.014342592097818851,-0.00817579310387373,0.018679164350032806,0.03243006765842438,0.01880049705505371,,,,,,,
2004-09-01,0.026629874482750893,0.036588817834854126,0.02872214838862419,0.019455553963780403,0.019455553963780403,0.03933803737163544,0.019455553963780403,0.01654958911240101,,0.02872214838862419,0.0269386637955904,0.0788397490978241,0.02872214838862419,0.02304539643228054,,,0.02118411473929882,-0.0005963047151453793,0.02872214838862419,0.02872214838862419,0.01724926009774208,0.02872214838862419,0.02118411473929882,0.020301012322306633,0.01654958911240101,0.02872214838862419,0.027133578434586525,0.036543089896440506,0.019455553963780403,0.01654958911240101,0.026629874482750893,0.029362782835960388,,0.02872214838862419,0.027133578434586525,,0.02872214838862419,0.01525866985321045,0.01982489973306656,0.026629874482750893,0.026629874482750893,0.028390124440193176,-0.001172505784779787,0.02872214838862419,,0.02872214838862419,0.07989770919084549,,,,0.026629874482750893,,0.02872214838862419,,,0.023710358887910843,0.036588817834854126,-0.02487032487988472,,0.029233209788799286,0.03933803737163544,-0.06820518523454666,0.026629874482750893,0.007983420975506306,0.017806485295295715,0.02915254794061184,0.026629874482750893,0.026759447529911995,0.02872214838862419,0.036588817834854126,-0.030784359201788902,0.036701999604701996,0.01525866985321045,,0.026629874482750893,,,,,,,,,,0.020301012322306633,0.029362782835960388,0.02872214838862419,0.01724926009774208,0.001378572778776288,0.02872214838862419,0.020746475085616112,0.026629874482750893,0.026629874482750893,0.053531382232904434,0.03696113079786301,0.016987228766083717,0.05247845873236656,0.027563977986574173,-0.004555981140583754,0.020746475085616112,0.053109146654605865,0.02872214838862419,0.037683695554733276,,,,,,
2004-12-01,0.027965718880295753,0.027965718880295753,0.027965718880295753,0.012460616417229176,0.025268545374274254,0.027965718880295753,0.025960436090826988,0.022949332371354103,,0.027965718880295753,0.027965718880295753,0.025960436090826988,0.027965718880295753,0.027965718880295753,,,0.025268545374274254,0.012693509459495544,0.026628317311406136,0.027965718880295753,0.023086704313755035,0.0250919871032238,0.027965718880295753,0.022166825830936432,0.025960436090826988,0.027965718880295753,0.0250919871032238,0.02495461516082287,0.0216603334993124,0.027965718880295753,0.0250919871032238,0.027965718880295753,,0.027965718880295753,0.027965718880295753,,0.027965718880295753,0.021874045953154564,0.03670153021812439,0.0250919871032238,0.027965718880295753,0.013562220148742199,0.010637057945132256,0.027965718880295753,,0.025960436090826988,0.010288109071552753,,,,0.04315236583352089,,0.027965718880295753,,,0.016087008640170097,0.027965718880295753,0.025960436090826988,,0.027965718880295753,0.025463908910751343,0.001293934416025877,0.027965718880295753,0.013872605748474598,0.0250919871032238,0.027965718880295753,0.027965718880295753,0.0250919871032238,0.02495461516082287,0.027965718880295753,0.03888484090566635,0.027641449123620987,-0.004274469800293446,,0.0250919871032238,,,,,,,,,,0.027965718880295753,0.027965718880295753,0.027965718880295753,0.023086704313755035,0.018565969541668892,0.025960436090826988,0.025960436090826988,0.027965718880295753,0.02495461516082287,0.04315236583352089,0.040227197110652924,0.025960436090826988,0.04315236583352089,0.02495461516082287,0.012693509459495544,0.025960436090826988,0.027965718880295753,0.027965718880295753,0.027965718880295753,,,,,0.027965718880295753,
2005-03-01,0.03254643827676773,0.03254643827676773,0.03254643827676773,0.011121141724288464,0.011121141724288464,0.026152117177844048,0.03254643827676773,0.03254643827676773,,0.026152117177844048,0.03254643827676773,0.026539301499724388,0.026152117177844048,0.03254643827676773,,,0.011121141724288464,0.03254643827676773,0.0320509634912014,0.03254643827676773,0.026539301499724388,0.03254643827676773,0.03254643827676773,0.0037473617121577263,0.0320509634912014,0.03254643827676773,0.026539301499724388,0.03254643827676773,0.026539301499724388,0.03254643827676773,0.03254643827676773,0.03254643827676773,,0.03254643827676773,0.026152117177844048,,0.026539301499724388,0.03254643827676773,-0.02298678830265999,0.03254643827676773,0.03254643827676773,0.026152117177844048,0.002092082751914859,0.03254643827676773,,0.03254643827676773,0.002092082751914859,,,,0.026539301499724388,,0.03254643827676773,,,0.0025271628983318806,0.03254643827676773,0.0320509634912014,,0.026539301499724388,0.0320509634912014,0.011121141724288464,0.03254643827676773,0.0033601780887693167,0.026539301499724388,0.03254643827676773,0.03254643827676773,0.026539301499724388,0.03254643827676773,0.026539301499724388,0.049202967435121536,0.011998960748314857,-0.0014232273679226637,,0.026539301499724388,,,,,,,,,,0.03254643827676773,0.026539301499724388,0.026539301499724388,0.03254643827676773,0.049202967435121536,0.03254643827676773,0.03254643827676773,0.026539301499724388,0.026152117177844048,0.04864809289574623,0.03248972073197365,0.026152117177844048,0.04864809289574623,0.026152117177844048,0.011121141724288464,0.026539301499724388,0.026539301499724388,0.03254643827676773,0.026539301499724388,,,,,0.03254643827676773,
2005-06-01,0.02992229163646698,0.02992229163646698,0.02992229163646698,0.02992229163646698,0.018768059089779854,0.02761964127421379,0.02992229163646698,0.02992229163646698,,0.02761964127421379,0.02992229163646698,0.02992229163646698,0.02761964127421379,0.02992229163646698,,,0.02162575162947178,0.02992229163646698,0.02992229163646698,0.02761964127421379,0.02761964127421379,0.02992229163646698,0.02992229163646698,0.02761964127421379,0.02761964127421379,0.02761964127421379,0.02761964127421379,0.02761964127421379,0.02761964127421379,0.02992229163646698,0.02992229163646698,0.02992229163646698,,0.02992229163646698,0.02992229163646698,,0.02992229163646698,0.02761964127421379,0.02992229163646698,0.02761964127421379,0.02992229163646698,0.02761964127421379,0.02992229163646698,0.02992229163646698,,0.02992229163646698,0.02992229163646698,,,,0.02761964127421379,,0.02992229163646698,,,0.03438302502036095,0.02992229163646698,0.02761964127421379,,0.02761964127421379,-0.16051733493804932,0.02761964127421379,0.02992229163646698,0.02761964127421379,0.02992229163646698,0.02992229163646698,0.02992229163646698,0.02761964127421379,0.02992229163646698,0.02992229163646698,0.031216492876410484,0.027460364624857903,0.0005414190236479044,,0.02761964127421379,,,,,,,,,,0.02992229163646698,0.02992229163646698,0.02761964127421379,0.02992229163646698,0.017351653426885605,0.02992229163646698,0.02761964127421379,0.02992229163646698,0.02761964127421379,0.03910781443119049,0.03910781443119049,0.02761964127421379,0.03910781443119049,0.02761964127421379,0.018768059089779854,0.02162575162947178,0.02992229163646698,0.02992229163646698,0.02992229163646698,,,,,0.02761964127421379,
2005-09-01,0.030536480247974396,0.030536480247974396,0.030536480247974396,0.023447945713996887,0.023447945713996887,0.030536480247974396,0.030536480247974396,0.015850309282541275,,0.030536480247974396,0.030536480247974396,0.030536480247974396,0.030536480247974396,0.030536480247974396,,,0.023447945713996887,0.030536480247974396,0.030536480247974396,0.027807021513581276,0.027807021513581276,0.030536480247974396,0.027807021513581276,0.027807021513581276,0.030536480247974396,0.030536480247974396,0.027807021513581276,0.030536480247974396,0.027807021513581276,0.015850309282541275,0.030536480247974396,0.030536480247974396,,0.027807021513581276,0.027807021513581276,,0.030536480247974396,0.015785468742251396,0.030536480247974396,0.027807021513581276,0.027807021513581276,0.027807021513581276,0.030536480247974396,0.030536480247974396,,0.030536480247974396,0.027807021513581276,,,,0.027807021513581276,,0.030536480247974396,,,0.030536480247974396,0.030536480247974396,0.030536480247974396,,0.027807021513581276,0.030536480247974396,0.027807021513581276,0.030536480247974396,0.027807021513581276,0.027807021513581276,0.027807021513581276,0.030536480247974396,0.027807021513581276,0.030536480247974396,0.030536480247974396,0.017482835799455643,0.041536323726177216,0.015850309282541275,,0.027807021513581276,,,,,,,,,,0.030536480247974396,0.027807021513581276,0.027807021513581276,0.030536480247974396,0.01821279153227806,0.030536480247974396,0.027807021513581276,0.030536480247974396,0.027807021513581276,0.039323799312114716,0.039323799312114716,0.027807021513581276,0.030536480247974396,0.027807021513581276,0.015850309282541275,0.023447945713996887,0.027807021513581276,0.030536480247974396,0.030536480247974396,0.03188242018222809,,,,0.027807021513581276,
2005-12-01,0.02528773434460163,0.028704695403575897,0.028704695403575897,0.021440446376800537,0.021440446376800537,0.02528773434460163,0.02528773434460163,0.028704695403575897,,0.028704695403575897,0.028704695403575897,0.021720975637435913,0.02528773434460163,0.028704695403575897,,,0.021440446376800537,0.028704695403575897,0.02528773434460163,0.02528773434460163,0.028704695403575897,0.02528773434460163,0.028704695403575897,0.02528773434460163,0.028704695403575897,0.02528773434460163,0.02528773434460163,0.02528773434460163,0.02528773434460163,0.021440446376800537,0.02528773434460163,0.028704695403575897,,0.02528773434460163,0.028704695403575897,,0.02528773434460163,0.012919076718389988,0.02528773434460163,0.02528773434460163,0.028704695403575897,0.022587833926081657,0.01736687682569027,0.028704695403575897,,0.028704695403575897,0.016903217881917953,,,,0.02528773434460163,,0.028704695403575897,,,0.01772783324122429,0.028704695403575897,0.028704695403575897,,0.02528773434460163,0.028704695403575897,0.02528773434460163,0.02528773434460163,0.016903217881917953,0.028704695403575897,0.02528773434460163,0.028704695403575897,0.02528773434460163,0.02528773434460163,0.02528773434460163,0.017170274630188942,0.043842364102602005,0.01326554175466299,,0.02528773434460163,,,,,,,,,,0.028704695403575897,0.028704695403575897,0.02528773434460163,0.02528773434460163,,0.028704695403575897,0.028704695403575897,0.028704695403575897,0.028704695403575897,0.03771541640162468,0.02528773434460163,0.02528773434460163,0.028704695403575897,0.028704695403575897,0.021440446376800537,0.021440446376800537,0.028704695403575897,0.02528773434460163,0.02528773434460163,0.029019854962825775,,,,0.028704695403575897,
2006-03-01,0.031150296330451965,0.031150296330451965,0.031150296330451965,0.024237127974629402,0.024237127974629402,0.031150296330451965,0.024526847526431084,0.01595214195549488,,0.031150296330451965,0.031150296330451965,0.024237127974629402,0.028565572574734688,0.031150296330451965,,,0.024237127974629402,0.031150296330451965,0.031150296330451965,0.028565572574734688,0.028565572574734688,0.031150296330451965,0.031150296330451965,0.031150296330451965,0.031150296330451965,0.031150296330451965,0.028565572574734688,0.028565572574734688,0.028565572574734688,0.024237127974629402,0.031150296330451965,0.024237127974629402,,0.028565572574734688,0.028565572574734688,,0.031150296330451965,0.01595214195549488,0.031150296330451965,0.028565572574734688,0.0320642851293087,0.011776505969464779,0.029965905472636223,0.031150296330451965,,0.031150296330451965,0.027381181716918945,,,,0.028565572574734688,,0.031150296330451965,,,0.029965905472636223,0.031150296330451965,0.02348572202026844,,0.028565572574734688,0.031150296330451965,0.028565572574734688,0.031150296330451965,0.031150296330451965,0.031150296330451965,0.031150296330451965,0.028565572574734688,0.031150296330451965,0.028565572574734688,0.028565572574734688,-0.15943053364753723,0.045216213911771774,0.01595214195549488,,0.028565572574734688,,,,,,,,,,0.028565572574734688,0.031150296330451965,0.031150296330451965,0.031150296330451965,,0.031150296330451965,0.031150296330451965,0.031150296330451965,0.031150296330451965,0.04003959521651268,0.031150296330451965,0.031150296330451965,0.028565572574734688,0.028565572574734688,0.024237127974629402,0.024237127974629402,0.031150296330451965,0.031150296330451965,0.028565572574734688,0.0320940725505352,,,,0.028565572574734688,
2006-06-01,0.023082761093974113,0.03532962501049042,0.03137614205479622,0.0006654959870502353,0.0006654959870502353,0.03361950069665909,0.014114492572844028,-0.0059885624796152115,,0.03361950069665909,0.026393093168735504,0.01998700201511383,0.02879920043051243,0.03361950069665909,,,0.010252583771944046,0.03113478608429432,0.037007298320531845,0.02879920043051243,0.027272863313555717,0.03361950069665909,0.038902439177036285,0.03361950069665909,0.038902439177036285,0.038902439177036285,0.01774587295949459,0.03361950069665909,0.018625643104314804,-0.01888597384095192,0.02879920043051243,0.03532962501049042,,0.038902439177036285,0.01774587295949459,,0.03361950069665909,-0.013612261973321438,0.05214255675673485,0.02879920043051243,0.013179472647607327,-0.026976672932505608,0.02544204704463482,0.029162384569644928,,0.029441406950354576,0.015633760020136833,,,,0.02879920043051243,,0.038902439177036285,,,0.0385378859937191,0.029441406950354576,-0.017579009756445885,,0.02879920043051243,0.014876168221235275,0.021855825558304787,0.03361950069665909,0.018121322616934776,0.03361950069665909,0.02879920043051243,0.02879920043051243,0.03361950069665909,0.03972683846950531,0.03136331960558891,-0.649599552154541,0.007285994943231344,,,0.02879920043051243,,,,,,,,,,0.02879920043051243,0.028538541868329048,0.02879920043051243,0.023720907047390938,0.01493764203041792,0.023082761093974113,0.0024504296015948057,0.03361950069665909,0.02879920043051243,0.056773047894239426,0.019858574494719505,0.01774587295949459,0.04290040209889412,0.03751259297132492,0.0035923991817981005,0.01242111623287201,0.02879920043051243,0.02879920043051243,0.03361950069665909,-0.04730754718184471,,,,0.03136331960558891,
2006-09-01,0.02024177461862564,0.03872353956103325,0.03582364693284035,-0.005742490757256746,-0.0026610929053276777,0.0396425761282444,0.00808020867407322,-0.10266721248626709,,0.039800211787223816,0.038475941866636276,-0.06401164829730988,0.04055454209446907,0.040532611310482025,,,0.00808020867407322,0.026977378875017166,0.040625300258398056,0.03485475480556488,0.02129952609539032,0.041590385138988495,0.04696483165025711,0.040532611310482025,0.05207332596182823,0.040532611310482025,0.040532611310482025,0.033796995878219604,0.027373164892196655,0.02016189694404602,0.033796995878219604,0.04239808768033981,,0.04869799315929413,0.013426292687654495,,0.039800211787223816,-0.016880035400390625,-1.091698408126831,0.033796995878219604,0.0033822546247392893,-0.02492598257958889,0.01706628128886223,0.040532611310482025,,0.009792990051209927,0.016714567318558693,,,,0.02463098242878914,,0.040532611310482025,,,0.04142928123474121,0.02958572842180729,0.018244421109557152,,0.041590385138988495,-0.024344874545931816,0.020048603415489197,0.033796995878219604,0.033796995878219604,0.013481360860168934,0.033796995878219604,0.03485475480556488,0.03485475480556488,0.05036599934101105,0.03315725922584534,0.3039795458316803,-0.029506893828511238,,,0.025026768445968628,,,,,,,,,,0.04092840105295181,0.040532611310482025,0.041590385138988495,0.01291520707309246,-0.09989814460277557,0.007184622809290886,0.0028856033459305763,0.041590385138988495,0.04685631021857262,0.08348128944635391,0.007517160847783089,0.05793766304850578,0.024384036660194397,0.04309071972966194,0.02055768296122551,-0.07412328571081161,0.0259365513920784,0.041590385138988495,0.02024177461862564,-0.007088143844157457,,,,0.033889658749103546,
2006-12-01,0.027697788551449776,0.042445387691259384,0.02878456749022007,0.002251878147944808,0.002251878147944808,0.02878456749022007,0.002251878147944808,0.000713869696483016,,0.025076402351260185,0.04061027616262436,0.008065720088779926,0.026911526918411255,0.03267648443579674,,,0.002251878147944808,0.02878456749022007,0.03346503898501396,0.033424828201532364,0.02878456749022007,0.033424828201532364,0.027742216363549232,0.04061027616262436,0.032320573925971985,0.03267648443579674,0.03158969804644585,0.03158969804644585,0.027697788551449776,0.027965061366558075,0.03158969804644585,0.030769886448979378,,0.04061027616262436,0.027965061366558075,,0.03158969804644585,-0.014849727042019367,0.040242236107587814,0.03158969804644585,,0.024811934679746628,0.03920698165893555,0.03158969804644585,,0.002251878147944808,0.03347693383693695,,,,0.032320573925971985,,0.03267648443579674,,,0.0212081465870142,0.03061969205737114,0.02484315074980259,,0.033424828201532364,-0.013220317661762238,0.02381954714655876,0.03158969804644585,0.031794607639312744,0.020990002900362015,0.03158969804644585,0.03451159596443176,0.033424828201532364,0.03867926821112633,0.01503153145313263,0.11495611816644669,-0.003950242884457111,,,0.03158969804644585,,,,,,,,,,0.03267648443579674,0.03267648443579674,0.033424828201532364,0.030543116852641106,0.0041110399179160595,0.02199782244861126,-0.0002017214719671756,0.04051437973976135,0.03158969804644585,0.06570550054311752,0.024977797642350197,0.024906326085329056,0.03125186264514923,0.032320573925971985,0.026331940665841103,-0.003970250487327576,0.05482795834541321,0.03451159596443176,0.03158969804644585,0.02651483751833439,,,,0.03361523151397705,
2007-03-01,0.02902374230325222,0.03385625779628754,0.030803393572568893,0.005310807377099991,0.005310807377099991,0.030803393572568893,-0.0030076659750193357,0.00010252771608065814,,0.03328791260719299,0.023263385519385338,0.03678913787007332,0.03947754576802254,0.03444555029273033,,,0.005310807377099991,0.02688215859234333,0.03585334122180939,0.03444555029273033,0.02971593849360943,0.03444555029273033,0.02688215859234333,0.04293696954846382,0.04504818469285965,0.031178012490272522,0.03444555029273033,0.030524296686053276,0.027535874396562576,0.00010252771608065814,0.034747932106256485,0.030803393572568893,,0.03444555029273033,0.025412198156118393,,0.031178012490272522,0.018727386370301247,0.046039607375860214,0.03444555029273033,,-0.013288082554936409,0.03986801952123642,0.03444555029273033,,0.005310807377099991,0.02721213363111019,,,,0.030524296686053276,,0.06201086565852165,,,-0.01164341438561678,0.03385625779628754,-0.08634966611862183,,0.031178012490272522,0.018156155943870544,0.020953740924596786,0.03444555029273033,0.01939297281205654,0.043280553072690964,0.03444555029273033,0.03444555029273033,0.03444555029273033,0.04633340612053871,0.03585334122180939,0.16999448835849762,-0.006833519320935011,,,0.031178012490272522,,,,,,,,,,0.03444555029273033,0.03444555029273033,0.03444555029273033,0.02971593849360943,-0.08218073844909668,0.030803393572568893,0.0009436956024728715,0.03444555029273033,0.03444555029273033,0.06359350681304932,0.026292499154806137,0.028679730370640755,0.030750956386327744,0.03986801952123642,0.007930527441203594,0.0777290016412735,0.03444555029273033,0.03444555029273033,0.031178012490272522,0.01864912547171116,,,,-0.017155721783638,
2007-06-01,0.021698376163840294,0.04339225962758064,0.02536068856716156,0.0270586796104908,0.002257391344755888,0.025019051507115364,0.0025484124198555946,-0.00767352432012558,,0.03284965083003044,0.027126489207148552,0.01855907402932644,0.03878556564450264,0.03731083869934082,,,0.007126401178538799,0.020557863637804985,0.027919668704271317,0.04137098044157028,0.024557773023843765,0.03816039860248566,0.025019051507115364,0.033716652542352676,0.04183262214064598,0.03765247389674187,0.03731083869934082,0.03765247389674187,-0.007310700602829456,-0.008015161380171776,0.015914803370833397,0.044836003333330154,,0.03816039860248566,0.018256843090057373,,0.03731083869934082,-0.004693364724516869,0.03955785930156708,0.033738747239112854,0.009560968726873398,0.01405153889209032,0.034445375204086304,0.03731083869934082,,0.0006220125942490995,0.03556031361222267,,,,0.028859393671154976,,,,,0.030074432492256165,0.03915839642286301,0.0019157539354637265,,0.0333564318716526,0.0333564318716526,0.020273489877581596,0.03592772036790848,0.042940862476825714,0.03193747252225876,0.03816039860248566,0.03906669840216637,0.03731083869934082,0.03816039860248566,0.037538014352321625,0.1872461885213852,-0.00978261511772871,,,0.033209871500730515,,,,,,,,,,0.03284965083003044,0.03731083869934082,0.03284965083003044,0.01888219639658928,0.09989061951637268,0.0270586796104908,-0.0013016524026170373,0.03816039860248566,0.03319128602743149,0.08694647252559662,0.01982043869793415,0.024366246536374092,0.04147918522357941,0.03451354801654816,-0.0076018706895411015,0.09843095391988754,0.09207972139120102,0.04221940040588379,0.03253207728266716,0.012732724659144878,,,,0.022343672811985016,
2007-09-01,0.025333143770694733,0.04347514733672142,0.024427440017461777,0.025683175772428513,-0.0036896872334182262,0.024427440017461777,-0.006044397130608559,-0.007714895531535149,,0.030753446742892265,0.023665767163038254,0.018936699256300926,0.03787652403116226,0.03512832894921303,,,0.005119642708450556,0.024427440017461777,-0.0020797846373170614,0.030753446742892265,0.02270221896469593,0.04394012689590454,0.025333143770694733,0.03512832894921303,0.03523445129394531,0.030753446742892265,0.023479590192437172,0.03512832894921303,-0.005159110762178898,-0.007714895531535149,0.031822461634874344,0.03944139927625656,,0.03512832894921303,0.023479590192437172,,0.03512832894921303,-0.007963815703988075,-0.6339223980903625,0.029722150415182114,0.022321561351418495,0.029722150415182114,0.026569318026304245,0.03512832894921303,,-0.0028543758671730757,0.02440878003835678,,,,0.030753446742892265,,,,,0.03250572457909584,0.04347514733672142,-0.0026803885120898485,,0.030753446742892265,0.021523183211684227,0.02404678240418434,0.030753446742892265,0.03512832894921303,0.03787652403116226,0.029722150415182114,0.03512832894921303,0.030753446742892265,0.03512832894921303,0.028566673398017883,0.02929813228547573,-0.0034579583443701267,,,0.030753446742892265,,,,,,,,,,0.03512832894921303,0.03603740781545639,0.03512832894921303,0.021621080115437508,0.03025568276643753,0.03858696296811104,-0.007197380997240543,0.04259360581636429,0.03512832894921303,0.06350906193256378,0.022031627595424652,0.024560311809182167,0.02823803946375847,0.030753446742892265,-0.007414544932544231,0.04560425877571106,0.030753446742892265,0.03512832894921303,0.029722150415182114,0.06083294004201889,,0.014125333167612553,,0.025957677513360977,
2007-12-01,0.027155695483088493,0.042188860476017,0.02516561932861805,0.025073667988181114,0.013426504097878933,0.024772120639681816,-0.0015452639199793339,-0.001599669922143221,,0.03523055091500282,0.0314159169793129,0.04296204447746277,0.051769837737083435,0.02516561932861805,,,0.013426504097878933,0.027155695483088493,0.025589533150196075,0.029279813170433044,0.02325284667313099,0.037015385925769806,0.027438195422291756,0.03527216985821724,0.03950557857751846,0.03048819489777088,0.02325284667313099,0.03523055091500282,0.01054294127970934,-0.001599669922143221,0.024524876847863197,0.042188860476017,,0.035386379808187485,0.02325284667313099,,0.03553013876080513,0.02442876435816288,0.11399345844984055,0.030734095722436905,0.024106642231345177,-0.012349328026175499,0.0317801833152771,0.027155695483088493,,-0.016919590532779694,0.025937529280781746,,,,0.035386379808187485,,,,,0.039723001420497894,0.042188860476017,0.004694506525993347,,0.03442351147532463,-0.1598379760980606,-0.002711051842197776,0.03527216985821724,0.036556534469127655,0.0497380867600441,0.033519163727760315,0.03775257244706154,0.03350137919187546,0.033621303737163544,0.029837975278496742,0.01938849687576294,0.01058891136199236,,,0.03228410705924034,,,,,,,,,,0.036995626986026764,0.036995626986026764,0.036995626986026764,-0.00039436641964130104,-0.016233233734965324,0.03174378722906113,-0.0017481897957623005,0.05720315873622894,0.036995626986026764,0.06250975281000137,0.024630030617117882,0.02531413920223713,0.03275611624121666,0.03365474194288254,-0.0025081259664148092,0.0417369119822979,0.03713938593864441,0.03523055091500282,0.02142108604311943,-0.004662619903683662,,0.021675754338502884,,0.024451151490211487,
2008-03-01,0.023034412413835526,0.054519787430763245,0.03499308601021767,0.04826606437563896,0.019509440287947655,0.01741383597254753,0.018561767414212227,0.060091082006692886,,0.03557026386260986,0.022473406046628952,0.054519787430763245,0.043778058141469955,0.03140264004468918,,,0.019509440287947655,0.023034412413835526,0.05911683663725853,0.03604752942919731,0.011788974516093731,0.05133616179227829,0.025103384628891945,0.026880893856287003,0.04535822942852974,0.03557026386260986,0.0297867264598608,0.04300065338611603,0.008246253244578838,0.011551412753760815,0.04826606437563896,0.03080473281443119,,0.04499909281730652,0.019765224307775497,,0.032639846205711365,-0.010168333537876606,0.16075578331947327,0.03660891577601433,0.018218502402305603,0.036313246935606,0.053745705634355545,0.026051057502627373,,0.018948432058095932,0.028043381869792938,,,,0.02002282440662384,,,,,0.028702357783913612,0.05911683663725853,0.009849428199231625,,0.033068809658288956,0.03991948068141937,0.023034412413835526,0.03557026386260986,0.036600787192583084,0.044924359768629074,0.03557026386260986,0.04630718752741814,0.03557026386260986,0.043968565762043,0.045282844454050064,-0.0033641785848885775,0.050442904233932495,,,0.0316011942923069,,,,,,,,,,0.036600787192583084,0.036600787192583084,0.036600787192583084,0.004743965342640877,-0.04895762354135513,0.03499308601021767,0.004743965342640877,0.03557026386260986,0.03557026386260986,0.07078082859516144,0.025703269988298416,0.014906288124620914,0.028702357783913612,0.04148997738957405,0.014906288124620914,0.12887731194496155,0.0348239429295063,0.036600787192583084,0.025103384628891945,0.06955331563949585,,0.022086741402745247,,0.054519787430763245,
2008-06-01,0.024770217016339302,0.044621650129556656,0.03187643364071846,0.03530217707157135,0.021484972909092903,0.02248021401464939,0.018987048417329788,0.0157344788312912,,0.03648368641734123,0.03157349303364754,0.044621650129556656,0.036927562206983566,0.03193997964262962,,,0.021484972909092903,0.028595663607120514,0.044621650129556656,0.03662828356027603,0.028206082060933113,0.041715629398822784,0.03779499605298042,0.028782561421394348,0.04758678004145622,0.03779499605298042,0.0243806354701519,0.03648368641734123,0.015161577612161636,0.0243806354701519,0.031476713716983795,0.03779499605298042,,0.03823887184262276,0.028206082060933113,,0.03779499605298042,0.0119090024381876,0.07545362412929535,0.03648368641734123,0.0243806354701519,0.03400591015815735,0.03813047707080841,0.03157349303364754,,0.018987048417329788,0.03648368641734123,,,,0.028782561421394348,,,,,0.03779499605298042,0.04240348935127258,0.020940274000167847,,0.03648368641734123,0.028032302856445312,0.025760984048247337,0.03648368641734123,0.03648368641734123,0.036927562206983566,0.03648368641734123,0.04627547040581703,0.03648368641734123,0.03648368641734123,0.044621650129556656,0.030540933832526207,0.03662828356027603,,,0.03648368641734123,,,,,,,,,,0.03648368641734123,0.03648368641734123,0.03648368641734123,0.0243806354701519,0.04758678004145622,0.031476713716983795,0.018987048417329788,0.036927562206983566,0.03648368641734123,0.057458002120256424,-0.026026902720332146,0.0192276444286108,0.03648368641734123,0.04627547040581703,0.0157344788312912,0.08007027208805084,0.05901496857404709,0.036927562206983566,0.024978138506412506,0.040868643671274185,,0.03187643364071846,,0.041715629398822784,
2008-09-01,0.02617441676557064,0.042624581605196,0.026781423017382622,0.03010373003780842,0.017011525109410286,0.013429747894406319,0.017011525109410286,0.015269629657268524,,0.033111147582530975,0.03449741378426552,0.07018710672855377,0.03488849475979805,0.02757844515144825,,,0.017011525109410286,0.026781423017382622,0.04330999031662941,0.034470342099666595,0.024216894060373306,0.044401928782463074,0.03309746831655502,0.03488849475979805,0.049547284841537476,0.033111147582530975,0.02757844515144825,0.033111147582530975,0.026781423017382622,0.028014300391077995,0.03194361552596092,0.03488849475979805,,0.034937359392642975,0.02617441676557064,,0.03355109319090843,0.011472219601273537,0.08919435739517212,0.033111147582530975,0.024216894060373306,0.031383659690618515,0.049547284841537476,0.032657522708177567,,0.017011525109410286,0.03355109319090843,,,,0.03488849475979805,,,,,0.033111147582530975,0.03627476096153259,0.013429747894406319,,0.033111147582530975,0.03478625416755676,0.02617441676557064,0.032657522708177567,0.033111147582530975,0.03488849475979805,0.031383659690618515,0.04693889245390892,0.031383659690618515,0.03627476096153259,0.044401928782463074,0.01131310686469078,0.036518778651952744,,,0.033111147582530975,,,,,,,,,,0.03355109319090843,0.03355109319090843,0.033111147582530975,0.017011525109410286,0.049547284841537476,0.03010373003780842,0.017011525109410286,0.03488849475979805,0.032657522708177567,0.05654580891132355,0.03309746831655502,0.022173715755343437,0.024216894060373306,0.049547284841537476,0.013429747894406319,0.04514988139271736,0.05654580891132355,0.03488849475979805,0.02689477615058422,0.12763255834579468,,0.026781423017382622,,0.031383659690618515,
2008-12-01,0.02007630653679371,0.043628059327602386,0.03518099710345268,0.029403021559119225,0.01794486679136753,0.011190987192094326,0.019768953323364258,0.07089012861251831,,0.037634171545505524,0.044722411781549454,0.029105529189109802,0.01895470730960369,0.041764017194509506,,,0.02071162685751915,0.0223243348300457,0.03929824009537697,0.03111908584833145,0.026616796851158142,0.060851432383060455,0.03461505472660065,0.04090867191553116,0.04919316992163658,0.033899128437042236,0.020009825006127357,0.03380555287003517,0.02723599784076214,0.025491181761026382,0.05458279326558113,0.05327734351158142,,0.045111846178770065,0.01986740715801716,,0.037634171545505524,0.019729798659682274,0.014552622102200985,0.03472868725657463,0.019729798659682274,0.02623721770942211,0.05735185742378235,0.030284155160188675,,0.018389737233519554,0.033239610493183136,,,,0.03881432116031647,,,,,0.030973227694630623,0.048327695578336716,0.03446495160460472,,0.035980626940727234,0.04690690338611603,0.029180075973272324,0.023525340482592583,0.039029672741889954,0.04044623672962189,0.030284155160188675,0.057172127068042755,0.029134908691048622,0.0464790016412735,0.08182216435670853,0.021376710385084152,0.022879714146256447,,,0.033239610493183136,,,,,,,,,,0.03784676641225815,0.0370737686753273,0.03784676641225815,0.021471813321113586,0.044099610298871994,0.027784569188952446,0.016565650701522827,0.042547982186079025,0.03959561511874199,0.0558352954685688,0.02705196477472782,0.03570875898003578,0.0231509767472744,0.04693048819899559,0.021164460107684135,0.10315448045730591,0.06147942692041397,0.04309967905282974,0.02801230363547802,0.17769385874271393,,0.026721350848674774,,0.04731680080294609,
2009-03-01,0.027528930455446243,0.040496230125427246,0.031117254868149757,0.029299242421984673,0.01719650998711586,0.027528930455446243,0.01690099574625492,0.05923854559659958,,0.03188946470618248,0.024667790159583092,0.03909749165177345,0.0521957129240036,0.03463153913617134,,,0.027528930455446243,0.021439755335450172,0.034186046570539474,0.0361635647714138,0.031117254868149757,0.040496230125427246,0.031117254868149757,0.04301881790161133,0.29326218366622925,0.06136496737599373,0.027235085144639015,0.04051244258880615,0.028431035578250885,0.03479626774787903,0.038339875638484955,0.040496230125427246,,0.03942864388227463,0.03050231747329235,,0.04051244258880615,0.004967367742210627,0.10685168206691742,0.027193518355488777,,0.02622702158987522,0.05261756107211113,0.031117254868149757,,0.02467147819697857,0.05499466508626938,,,,0.04301881790161133,,,,,0.040915265679359436,0.0443723089993,0.00616498664021492,,0.041414547711610794,-0.0466240830719471,0.029839051887392998,0.03050231747329235,0.03233375400304794,0.04301881790161133,0.03313678503036499,0.03417572006583214,0.041954368352890015,0.038339875638484955,0.040496230125427246,0.08671481907367706,0.00597511138767004,,,0.040915265679359436,,,,,,,,,,0.0443723089993,0.03365978226065636,0.041954368352890015,0.03201936557888985,0.04015719145536423,0.02839713729918003,0.014244171790778637,0.0368451289832592,0.04060087725520134,-0.007393678184598684,0.041516732424497604,0.03525999188423157,0.030816704034805298,0.05169783532619476,0.03479626774787903,0.11226755380630493,0.055045414716005325,0.0443723089993,0.03201936557888985,0.1916607916355133,-0.014597275294363499,0.03082997538149357,,0.04301881790161133,
2009-06-01,0.025826619938015938,0.03478129580616951,0.025826619938015938,0.025826619938015938,0.022593870759010315,0.025826619938015938,0.022593870759010315,0.019836414605379105,,0.025826619938015938,0.027247818186879158,0.03478129580616951,0.029056888073682785,0.025826619938015938,,,0.025826619938015938,0.025826619938015938,0.03491878882050514,0.025826619938015938,0.0216598529368639,0.03478129580616951,0.025826619938015938,0.029056888073682785,0.03197860345244408,0.029056888073682785,0.025826619938015938,0.025826619938015938,0.025826619938015938,0.03491878882050514,0.03491878882050514,0.03478129580616951,,0.011665306985378265,0.025826619938015938,,0.029056888073682785,0.019836414605379105,0.03523850813508034,0.029056888073682785,,0.025826619938015938,0.03197860345244408,0.025826619938015938,,0.022593870759010315,0.027470316737890244,,,,0.019549161195755005,,,,,0.026578422635793686,0.039934687316417694,0.022593870759010315,,0.029056888073682785,0.027394142001867294,0.025826619938015938,0.025826619938015938,0.025826619938015938,0.026578422635793686,0.025826619938015938,0.025826619938015938,0.029056888073682785,0.03478129580616951,0.03478129580616951,0.02706582099199295,0.019149594008922577,,,0.029056888073682785,,,,,,,,,,0.029056888073682785,0.025826619938015938,0.029056888073682785,0.025826619938015938,0.03197860345244408,0.025826619938015938,0.025826619938015938,0.029056888073682785,0.026578422635793686,0.029056888073682785,0.029056888073682785,0.03478129580616951,0.0216598529368639,0.03197860345244408,0.03491878882050514,0.03491878882050514,0.029056888073682785,0.029056888073682785,0.025826619938015938,0.03197860345244408,-0.004865250550210476,0.025826619938015938,,0.039934687316417694,
2009-09-01,0.026530249044299126,0.028545673936605453,0.026530249044299126,0.026530249044299126,0.02168925106525421,0.026530249044299126,0.02168925106525421,0.06389569491147995,,0.030387455597519875,0.028545673936605453,0.028545673936605453,0.03050278313457966,0.026530249044299126,,,0.026530249044299126,0.026530249044299126,0.026530249044299126,0.026530249044299126,0.026530249044299126,0.028545673936605453,0.026530249044299126,0.030387455597519875,0.03156546130776405,0.030387455597519875,0.026530249044299126,0.026530249044299126,0.026530249044299126,0.03854040428996086,0.03854040428996086,0.028545673936605453,,0.028545673936605453,0.026530249044299126,,0.030387455597519875,0.026530249044299126,0.030665798112750053,0.030387455597519875,,0.022952724248170853,0.030283480882644653,0.026530249044299126,,0.02168925106525421,0.03903336450457573,,,,0.03026106022298336,,,,,0.030387455597519875,0.030470971018075943,0.03710480406880379,,0.026530249044299126,0.02413707785308361,0.026530249044299126,0.026530249044299126,0.026530249044299126,0.030387455597519875,0.026530249044299126,0.026530249044299126,0.026530249044299126,0.028545673936605453,0.028545673936605453,0.022895218804478645,0.02108972705900669,,,0.030387455597519875,,,,,,,,,,0.026530249044299126,0.026530249044299126,0.026530249044299126,0.026530249044299126,0.02956032007932663,0.026530249044299126,0.02168925106525421,0.028545673936605453,0.026530249044299126,0.030387455597519875,0.030387455597519875,0.026530249044299126,0.022952724248170853,0.030582282692193985,0.03854040428996086,0.036986276507377625,0.030645938590168953,0.04214607551693916,0.022952724248170853,0.030840765684843063,-0.00947914645075798,0.026530249044299126,,0.04214607551693916,
2009-12-01,0.02913287654519081,0.033185265958309174,,0.02464183047413826,0.02464183047413826,0.02464183047413826,0.02464183047413826,0.044471099972724915,,0.02913287654519081,0.033185265958309174,0.02761339768767357,0.03355757147073746,0.02913287654519081,,,0.02464183047413826,0.02913287654519081,0.02464183047413826,0.02913287654519081,0.02913287654519081,0.033185265958309174,0.02913287654519081,0.03355757147073746,0.02913287654519081,0.03355757147073746,0.02913287654519081,0.02913287654519081,0.02913287654519081,0.03533003479242325,0.03533003479242325,0.033185265958309174,,0.033185265958309174,0.02913287654519081,,0.03054152801632881,0.023862160742282867,0.042550668120384216,0.030248144641518593,,0.02913287654519081,0.035088296979665756,0.02913287654519081,,0.02464183047413826,0.037674497812986374,,,,0.03355757147073746,,,,,0.03054152801632881,0.03661347180604935,0.02464183047413826,,0.02913287654519081,-0.018758920952677727,0.02913287654519081,0.02913287654519081,0.02913287654519081,0.03355757147073746,0.02913287654519081,0.02913287654519081,0.02913287654519081,0.033185265958309174,0.033185265958309174,0.03117694891989231,0.015031328424811363,,,0.02913287654519081,,,,,,,,,,0.02913287654519081,0.02913287654519081,0.02913287654519081,0.02913287654519081,0.02835320681333542,0.02913287654519081,0.02464183047413826,0.033185265958309174,0.02835320681333542,0.03355757147073746,0.02835320681333542,0.033185265958309174,0.02835320681333542,0.035088296979665756,0.02913287654519081,0.05766336992383003,0.03512519225478172,0.03355757147073746,0.02913287654519081,0.04570113122463226,0.02464183047413826,0.02835320681333542,0.033185265958309174,0.033185265958309174,
2010-03-01,0.01766621507704258,0.01766621507704258,,0.01766621507704258,0.012338591739535332,0.01121105533093214,0.012338591739535332,0.028232865035533905,,0.01766621507704258,0.026409536600112915,0.026409536600112915,-0.05687091499567032,0.01766621507704258,,,0.012338591739535332,0.026409536600112915,0.012338591739535332,0.012338591739535332,0.01766621507704258,0.026409536600112915,0.026409536600112915,0.017078377306461334,0.017078377306461334,0.017078377306461334,0.01766621507704258,,0.01766621507704258,0.027757227420806885,0.02679305709898472,0.026409536600112915,,0.026409536600112915,0.01766621507704258,,0.02095266617834568,0.01566888391971588,-0.21988050639629364,0.02095266617834568,,0.01766621507704258,0.029376203194260597,0.01766621507704258,,0.012338591739535332,0.05361386016011238,,,,0.03253136947751045,,,,,0.005659349728375673,0.1157551258802414,0.018701037392020226,,0.01766621507704258,-0.019392868503928185,0.02254333533346653,0.01766621507704258,0.03106526844203472,0.03253136947751045,0.02925744466483593,0.01766621507704258,0.01766621507704258,0.01766621507704258,0.02254333533346653,-0.021598657593131065,0.0006895123515278101,,,0.01766621507704258,,,,,,,,,,0.01766621507704258,0.01766621507704258,0.01766621507704258,0.01121105533093214,0.03106526844203472,0.012338591739535332,-0.010017341002821922,0.027823418378829956,0.01766621507704258,0.029376203194260597,0.02601926028728485,0.01766621507704258,0.01647300086915493,0.029376203194260597,0.012338591739535332,0.12508484721183777,0.03253136947751045,0.03253136947751045,0.01766621507704258,0.010501101613044739,0.001713662059046328,0.01766621507704258,0.01782936230301857,0.01676955819129944,
2010-06-01,0.02014829032123089,0.023165537044405937,,0.01835598796606064,0.01835598796606064,0.011223646812140942,0.017085375264286995,0.03077094256877899,,0.0203974898904562,0.023165537044405937,0.0203974898904562,0.026690972968935966,0.0203974898904562,,,0.01835598796606064,0.023165537044405937,0.0034237164072692394,0.01835598796606064,0.021894924342632294,0.0203974898904562,0.019079742953181267,0.0203974898904562,0.023165537044405937,0.026690972968935966,0.0203974898904562,,0.01835598796606064,0.046563368290662766,0.0355016365647316,0.023165537044405937,,0.023165537044405937,0.02014829032123089,,0.0203974898904562,0.015813343226909637,-0.0360167920589447,0.01932475157082081,,0.0203974898904562,0.02509085088968277,0.0203974898904562,,0.01835598796606064,0.02509085088968277,,,,0.01932475157082081,,,,,0.011223646812140942,0.032268889248371124,0.01835598796606064,,0.0203974898904562,-0.004138421267271042,0.01835598796606064,0.01835598796606064,0.023165537044405937,0.026690972968935966,0.0203974898904562,0.02014829032123089,0.0203974898904562,0.0203974898904562,0.023165537044405937,0.03063790127635002,0.011223646812140942,,,0.0203974898904562,,,,,,,,,,0.0203974898904562,0.0203974898904562,0.0203974898904562,0.01835598796606064,0.01741223782300949,0.01835598796606064,0.01835598796606064,0.0203974898904562,0.0203974898904562,0.02509085088968277,0.012675824575126171,0.019079742953181267,0.019079742953181267,0.0203974898904562,0.01835598796606064,0.061956603080034256,0.026690972968935966,0.026690972968935966,0.02014829032123089,0.02509085088968277,0.0710320696234703,0.02014829032123089,0.011223646812140942,0.019079742953181267,
2010-09-01,0.021153781563043594,0.03438342362642288,,0.02303391695022583,0.015856105834245682,0.02310817688703537,0.015856105834245682,0.02494894154369831,,0.02310817688703537,0.02310817688703537,0.021153781563043594,0.036919549107551575,0.021153781563043594,,,0.017810501158237457,0.02310817688703537,0.015856105834245682,0.021079521626234055,0.02310817688703537,0.02310817688703537,0.021153781563043594,0.03632918745279312,0.06366513669490814,0.036919549107551575,0.02310817688703537,,0.021079521626234055,0.027477670460939407,0.027477670460939407,0.02310817688703537,,0.021153781563043594,0.021079521626234055,,0.036919549107551575,0.021079521626234055,-0.4303613305091858,0.021153781563043594,,0.021153781563043594,0.03192887455224991,0.021153781563043594,,0.017810501158237457,0.03045598790049553,,,,0.03632918745279312,,,,,0.010216901078820229,0.03632918745279312,0.02303391695022583,,0.021153781563043594,0.00830933265388012,0.02310817688703537,0.015856105834245682,0.03192887455224991,0.03632918745279312,0.010216901078820229,0.021153781563043594,0.021153781563043594,0.021153781563043594,0.04090418666601181,0.06165212765336037,0.0049192216247320175,,,0.021153781563043594,,,,,,,,,,0.021153781563043594,0.021153781563043594,0.021153781563043594,0.015856105834245682,0.021153781563043594,0.02303391695022583,0.013327382504940033,0.036919549107551575,0.02310817688703537,0.03188350424170494,0.027477670460939407,0.021153781563043594,0.021153781563043594,0.03192887455224991,0.021079521626234055,0.08769147098064423,0.03776809573173523,0.021153781563043594,0.015856105834245682,0.03627727925777435,0.021312613040208817,0.021153781563043594,0.0324290432035923,0.02310817688703537,
2010-12-01,0.020466847345232964,0.029491249471902847,,0.01813141256570816,-0.029923507943749428,0.023321492597460747,0.005107181146740913,-0.010922233574092388,,0.031310003250837326,0.029491249471902847,0.031310003250837326,0.05161011591553688,0.031310003250837326,,,0.013095632195472717,0.028864387422800064,0.015431070700287819,0.020466847345232964,0.023321492597460747,0.02394835464656353,0.019739724695682526,0.03165249153971672,0.037769753485918045,0.053584326058626175,0.023321492597460747,,0.022204218432307243,0.05419422313570976,0.08198492974042892,0.029491249471902847,,0.023321492597460747,0.012985492125153542,,0.053584326058626175,0.01026116032153368,-0.5505917072296143,0.027793103829026222,,0.023321492597460747,0.039716627448797226,0.023321492597460747,,0.005107181146740913,0.04255618527531624,,,,0.053584326058626175,,,,,0.0016743905143812299,0.06199793890118599,0.013095632195472717,,0.023321492597460747,0.012526443228125572,0.018021272495388985,0.015431070700287819,0.04443695768713951,0.058985479176044464,0.023321492597460747,0.023321492597460747,0.023321492597460747,0.018151573836803436,0.052221670746803284,0.007634448818862438,-0.028467249125242233,,,0.023321492597460747,,,,,,,,,,0.028864387422800064,0.020875917747616768,0.023321492597460747,0.008977534249424934,0.01760811358690262,0.02600974217057228,-0.005528714507818222,0.054851531982421875,0.031310003250837326,0.045038167387247086,0.0760493353009224,0.0016743905143812299,0.017034301534295082,0.03183385729789734,0.018021272495388985,0.09824125468730927,0.058345142751932144,0.054211195558309555,0.011946993879973888,0.03959845378994942,0.011198221705853939,0.028864387422800064,0.018034180626273155,0.031310003250837326,
2011-03-01,0.025145839899778366,0.025145839899778366,,0.030715255066752434,-0.0011832371819764376,0.02484223060309887,0.01603027991950512,0.051749736070632935,,0.025145839899778366,0.030715255066752434,0.025145839899778366,0.04004060477018356,0.025145839899778366,,,0.01918998919427395,0.030715255066752434,0.01918998919427395,0.01918998919427395,0.030715255066752434,0.030715255066752434,0.009149083867669106,0.026157347485423088,0.025145839899778366,0.042542558163404465,0.025145839899778366,,0.02484223060309887,0.06731441617012024,0.06862343847751617,0.030715255066752434,,0.025145839899778366,0.01918998919427395,,0.026157347485423088,0.017880966886878014,0.030715255066752434,0.02874906361103058,,0.02383681759238243,0.032856229692697525,0.025145839899778366,,0.01603027991950512,0.033156804740428925,,,,0.031146826222538948,,,,,0.009149083867669106,0.04510350152850151,0.025324681773781776,,0.025145839899778366,0.004103620070964098,0.01918998919427395,0.01918998919427395,0.034373581409454346,0.04194092005491257,0.025145839899778366,0.02484223060309887,0.025145839899778366,0.023533208295702934,0.04128938168287277,0.04004060477018356,0.008453741669654846,,,0.025145839899778366,,,,,,,,,,0.025145839899778366,0.025145839899778366,0.025145839899778366,0.01918998919427395,0.02926836907863617,0.02484223060309887,-0.0011832371819764376,0.04510350152850151,0.025145839899778366,0.034373581409454346,0.06892704963684082,0.030715255066752434,0.017880966886878014,0.02971634641289711,0.023533208295702934,0.07794269919395447,0.04194092005491257,0.03570473939180374,0.023533208295702934,0.00028194577316753566,0.024973014369606972,0.025145839899778366,0.025145839899778366,0.030715255066752434,
2011-06-01,0.02489694207906723,0.027999211102724075,,0.02489694207906723,0.023635415360331535,0.02489694207906723,0.023635415360331535,0.030520401895046234,,0.027999211102724075,0.027999211102724075,0.02975855953991413,0.030520401895046234,0.02489694207906723,,,0.023635415360331535,0.027999211102724075,0.023635415360331535,0.02489694207906723,0.027999211102724075,0.027999211102724075,0.027999211102724075,0.027999211102724075,0.027999211102724075,0.027999211102724075,0.02489694207906723,,0.023635415360331535,0.030520401895046234,0.022246485576033592,0.027999211102724075,,0.02489694207906723,0.023137452080845833,,0.027999211102724075,,0.027999211102724075,0.027999211102724075,,0.027999211102724075,0.029025478288531303,0.027999211102724075,,0.023635415360331535,0.030124898999929428,,,,0.027999211102724075,,0.011183535680174828,,,0.027999211102724075,0.027999211102724075,0.030520401895046234,,0.027999211102724075,0.017643453553318977,0.023635415360331535,0.023635415360331535,0.027999211102724075,0.034764256328344345,0.027999211102724075,0.02489694207906723,0.027999211102724075,0.02489694207906723,0.05619420111179352,0.028117213398218155,0.012596022337675095,,,0.027999211102724075,,,,,,,,,,0.027999211102724075,0.027999211102724075,0.027999211102724075,0.023137452080845833,0.01731887273490429,0.023635415360331535,0.023137452080845833,0.027999211102724075,0.02489694207906723,0.030124898999929428,0.030520401895046234,0.027999211102724075,0.023137452080845833,0.027999211102724075,0.023635415360331535,0.030520401895046234,0.034764256328344345,0.027999211102724075,0.02489694207906723,0.026657063513994217,0.01906152442097664,0.02489694207906723,0.027999211102724075,0.027999211102724075,
2011-09-01,0.02659088373184204,0.02744825929403305,,0.018681706860661507,0.013609407469630241,0.01817101426422596,0.01817101426422596,0.030062418431043625,,0.021062787622213364,0.02659088373184204,0.021062787622213364,0.030931202694773674,0.020857712253928185,,,0.01817101426422596,0.02744825929403305,0.01817101426422596,0.020857712253928185,0.02744825929403305,0.021062787622213364,0.021062787622213364,0.02479558438062668,0.02479558438062668,0.02377725951373577,0.021062787622213364,,0.01817101426422596,0.03119269758462906,0.03119269758462906,0.02659088373184204,,0.02659088373184204,0.01817101426422596,,0.029912875965237617,,0.02022242173552513,0.02022242173552513,,0.021062787622213364,0.024967551231384277,0.021062787622213364,,0.017040736973285675,0.02377725951373577,,,,0.02377725951373577,,0.021062787622213364,,,0.013609407469630241,0.02744825929403305,0.03119269758462906,,0.021062787622213364,0.008096043951809406,0.017040736973285675,0.01817101426422596,0.02744825929403305,0.027794018387794495,0.021062787622213364,0.020857712253928185,0.021062787622213364,0.017366888001561165,0.031703390181064606,-0.16604521870613098,0.017075618728995323,,,0.021062787622213364,,,,,,,,,,0.021062787622213364,0.021062787622213364,0.021062787622213364,0.017040736973285675,0.01951240934431553,0.01817101426422596,0.017040736973285675,0.021062787622213364,0.02744825929403305,0.02497895434498787,0.021062787622213364,0.021062787622213364,0.017366888001561165,0.02377725951373577,0.01817101426422596,0.031703390181064606,0.02857748605310917,0.021062787622213364,0.020857712253928185,0.014852091670036316,0.013608780689537525,0.02659088373184204,0.021062787622213364,0.02659088373184204,
2011-12-01,0.019609879702329636,0.022302450612187386,,0.019741075113415718,0.01822119764983654,0.019741075113415718,0.01822119764983654,0.02105891890823841,,0.019815001636743546,0.019815001636743546,0.019815001636743546,0.026137761771678925,0.019815001636743546,,,0.01822119764983654,0.022302450612187386,0.01822119764983654,0.022302450612187386,0.022302450612187386,0.019815001636743546,0.019815001636743546,0.026137761771678925,0.0323367677628994,0.026137761771678925,0.019815001636743546,,0.019815001636743546,0.02105891890823841,0.017296455800533295,0.022302450612187386,,0.022302450612187386,0.019815001636743546,,0.020753400400280952,,0.03607051819562912,0.019609879702329636,,0.019815001636743546,0.023793894797563553,0.019815001636743546,,0.01822119764983654,0.022845985367894173,,,,0.026137761771678925,,0.018358690664172173,,,-0.00854144524782896,0.022302450612187386,,,0.019815001636743546,0.022302450612187386,0.01822119764983654,0.01801607571542263,0.022302450612187386,0.026137761771678925,0.019815001636743546,0.019815001636743546,0.019815001636743546,0.01822119764983654,0.021705513820052147,0.02443530783057213,0.017587531358003616,,,0.019815001636743546,,,,,,,,,,0.019815001636743546,0.022302450612187386,0.019815001636743546,0.01822119764983654,0.010744154453277588,0.022302450612187386,0.01822119764983654,0.020753400400280952,0.022302450612187386,0.0236563328653574,0.02154700644314289,0.019815001636743546,0.019609879702329636,0.02624128758907318,0.019741075113415718,0.02773599699139595,0.026137761771678925,0.026137761771678925,0.016565149649977684,0.01615288108587265,0.01851905882358551,0.022302450612187386,0.020753400400280952,0.022302450612187386,
2012-03-01,0.020566022023558617,0.024736763909459114,,0.02042986825108528,0.02042986825108528,0.020566022023558617,0.02042986825108528,0.025500964373350143,,0.020566022023558617,0.024736763909459114,0.035769589245319366,0.027097856625914574,0.020566022023558617,,,0.02042986825108528,0.024491194635629654,0.02042986825108528,0.024491194635629654,0.024736763909459114,0.024736763909459114,0.020566022023558617,0.020566022023558617,0.007309097331017256,0.020566022023558617,0.020566022023558617,,0.024736763909459114,0.02119406871497631,0.021330222487449646,0.024736763909459114,,0.024736763909459114,0.02042986825108528,,0.020566022023558617,,0.02530893310904503,0.020566022023558617,,0.020566022023558617,0.0188587736338377,0.020566022023558617,,0.02042986825108528,0.024020317941904068,,,,0.027097856625914574,,0.024736763909459114,,,0.018553515896201134,0.024736763909459114,,,0.020566022023558617,0.01910434290766716,0.02042986825108528,0.02042986825108528,0.024736763909459114,0.027097856625914574,0.024491194635629654,0.020566022023558617,0.020566022023558617,0.02042986825108528,0.02119406871497631,0.01879802905023098,0.0072464547120034695,,,0.020566022023558617,,,,,,,,,,0.020566022023558617,0.024736763909459114,0.020566022023558617,0.024736763909459114,0.01376448292285204,0.024736763909459114,0.024736763909459114,0.020566022023558617,0.020566022023558617,0.02530893310904503,0.021330222487449646,0.024736763909459114,0.020566022023558617,0.020566022023558617,0.020566022023558617,0.02119406871497631,0.027097856625914574,0.02340099588036537,0.018553515896201134,-0.011086419224739075,0.0072464547120034695,0.024736763909459114,0.020566022023558617,0.024736763909459114,
2012-06-01,0.020847341045737267,0.035903893411159515,,0.0326368622481823,0.020847341045737267,0.020847341045737267,0.020847341045737267,0.026095565408468246,,0.029881786555051804,0.037675801664590836,0.037675801664590836,0.030153624713420868,0.024842089042067528,,,0.0326368622481823,0.037675801664590836,0.0326368622481823,0.020847341045737267,0.037675801664590836,0.026613982394337654,0.026613982394337654,0.02779899351298809,0.03628472983837128,0.02779899351298809,0.026613982394337654,,0.024842089042067528,0.03934698551893234,0.029064485803246498,0.0326368622481823,,0.037675801664590836,0.020847341045737267,,0.03777167946100235,,0.034170001745224,0.026613982394337654,,0.026613982394337654,0.0236270222812891,0.026613982394337654,,0.020847341045737267,0.03387622535228729,,,,0.006345906760543585,,0.0337599515914917,,,0.0260411836206913,0.037675801664590836,,,0.026613982394337654,0.026613982394337654,0.020847341045737267,0.020847341045737267,0.02779899351298809,0.03827136754989624,0.037675801664590836,0.024842089042067528,0.026613982394337654,0.020847341045737267,0.04174741730093956,0.02397511526942253,0.040295250713825226,,,0.02670985460281372,,,,,,,,,,0.026613982394337654,0.026613982394337654,0.026613982394337654,0.020847341045737267,0.020847341045737267,0.020847341045737267,0.020847341045737267,0.02670985460281372,0.026613982394337654,0.03798487409949303,0.026095565408468246,0.026613982394337654,0.02253788523375988,0.02670985460281372,0.020847341045737267,0.037065982818603516,0.03827136754989624,0.026613982394337654,0.026613982394337654,0.006252828054130077,0.031228039413690567,0.024842089042067528,0.02670985460281372,0.020847341045737267,
2012-09-01,0.024074144661426544,0.03101634420454502,,0.03101634420454502,0.024074144661426544,0.03101634420454502,0.03101634420454502,0.028912460431456566,,0.025454826653003693,0.03101634420454502,0.025454826653003693,0.03101634420454502,0.025454826653003693,,,0.024074144661426544,0.03101634420454502,0.024074144661426544,,0.03101634420454502,0.025454826653003693,0.025454826653003693,0.025454826653003693,0.03101634420454502,0.025454826653003693,0.03101634420454502,,0.025454826653003693,0.03101634420454502,0.030293142423033714,0.03101634420454502,,0.03101634420454502,0.024074144661426544,,0.025454826653003693,,0.025454826653003693,0.025454826653003693,,0.025454826653003693,0.025454826653003693,0.025454826653003693,,0.024074144661426544,0.025454826653003693,,,,0.02888253517448902,,0.03101634420454502,,,0.024074144661426544,0.03101634420454502,,,0.025454826653003693,0.033040907233953476,0.024074144661426544,0.024074144661426544,0.025454826653003693,0.030682438984513283,0.025454826653003693,0.025454826653003693,0.025454826653003693,0.0172077976167202,0.03101634420454502,0.029304075986146927,0.033040907233953476,,,0.025454826653003693,,,,,,,,,,0.025454826653003693,0.025454826653003693,0.025454826653003693,0.024074144661426544,0.024074144661426544,0.024074144661426544,0.024074144661426544,0.025454826653003693,0.025454826653003693,0.02888253517448902,0.028912460431456566,0.03101634420454502,0.025454826653003693,0.025454826653003693,0.03101634420454502,0.03101634420454502,0.030682438984513283,0.033040907233953476,0.0172077976167202,0.00663316436111927,-0.011230379343032837,0.025454826653003693,0.025454826653003693,0.03101634420454502,
2012-12-01,0.017913445830345154,0.03314335644245148,,0.017913445830345154,0.015858203172683716,0.017913445830345154,0.017913445830345154,-0.0127523522824049,,-0.048251617699861526,0.03314335644245148,0.0816170871257782,0.03117321990430355,0.02065431885421276,,,0.017913445830345154,0.03314335644245148,0.03314335644245148,,0.02065431885421276,0.02065431885421276,0.02065431885421276,0.03314335644245148,0.020194029435515404,0.02065431885421276,0.02065431885421276,,0.02065431885421276,0.004206500481814146,0.028432348743081093,0.03314335644245148,,0.02065431885421276,0.017913445830345154,,0.02065431885421276,,0.02065431885421276,0.02065431885421276,,0.02065431885421276,0.02065431885421276,0.02065431885421276,,0.017913445830345154,0.03145073354244232,,,,0.05662406235933304,,0.03314335644245148,,,0.015858203172683716,0.02383737452328205,,,0.02065431885421276,0.02526344731450081,0.015858203172683716,0.015858203172683716,0.02065431885421276,0.03930244222283363,0.02383737452328205,0.017913445830345154,0.02065431885421276,0.017913445830345154,0.03314335644245148,0.021945150569081306,0.015210201032459736,,,0.02065431885421276,,,,,,,,,,0.03117321990430355,0.02065431885421276,0.02065431885421276,0.017913445830345154,0.015858203172683716,0.017913445830345154,0.015858203172683716,0.02065431885421276,0.03314335644245148,0.035014402121305466,0.03117321990430355,0.02065431885421276,0.02065431885421276,0.03314335644245148,0.017913445830345154,0.03314335644245148,0.03240823373198509,0.05662406235933304,0.02065431885421276,0.006372187752276659,0.007383341435343027,0.017913445830345154,0.02065431885421276,0.02065431885421276,
2013-03-01,0.019653918221592903,0.022873759269714355,,0.02208060584962368,0.013906002976000309,0.02208060584962368,0.023686496540904045,0.013906002976000309,,0.023686496540904045,0.025036802515387535,0.028987551108002663,0.022873759269714355,0.022873759269714355,,,0.02208060584962368,0.022873759269714355,0.013906002976000309,,0.028987551108002663,0.028987551108002663,0.022873759269714355,0.022873759269714355,0.022873759269714355,0.022873759269714355,0.022873759269714355,,0.022873759269714355,0.023698678240180016,0.024845091626048088,0.023878207430243492,,0.028987551108002663,0.02208060584962368,,0.022873759269714355,,0.028987551108002663,0.022873759269714355,,0.022873759269714355,0.03053535334765911,0.028987551108002663,,0.02208060584962368,0.02743968740105629,0.10853608697652817,,,0.02049529366195202,,0.007868790999054909,,,0.021683473140001297,0.030146146193146706,,,0.022873759269714355,0.020252825692296028,0.013906002976000309,0.013906002976000309,0.022873759269714355,0.028924597427248955,0.028987551108002663,0.022873759269714355,0.022873759269714355,0.02208060584962368,0.024845091626048088,0.03979967534542084,0.020252825692296028,,,0.022873759269714355,,,,,,,,,,0.024845091626048088,0.022873759269714355,0.022873759269714355,0.02227019891142845,0.02208060584962368,0.02208060584962368,0.01390388235449791,0.023686496540904045,0.022873759269714355,0.02884160540997982,0.022873759269714355,0.022873759269714355,0.022873759269714355,0.022873759269714355,0.02208060584962368,0.025036802515387535,0.027463845908641815,0.028999732807278633,0.022873759269714355,0.03840098902583122,0.0064199515618383884,0.02208060584962368,0.023686496540904045,0.028987551108002663,
2013-06-01,0.026854470372200012,0.030919035896658897,,0.027388930320739746,0.022406233474612236,0.024462252855300903,0.024462252855300903,0.02197328954935074,,0.026854470372200012,0.024462252855300903,0.030919035896658897,0.026854470372200012,0.024462252855300903,,,0.024462252855300903,0.030919035896658897,0.019767049700021744,,0.030919035896658897,0.026854470372200012,0.026854470372200012,0.026854470372200012,0.025925958529114723,0.026854470372200012,0.029996639117598534,,0.024462252855300903,0.024462252855300903,0.024462252855300903,0.030367346480488777,,0.029444949701428413,0.024462252855300903,,0.026854470372200012,,0.029705801978707314,0.026854470372200012,,0.024462252855300903,0.026854470372200012,0.026854470372200012,0.026854470372200012,0.029444949701428413,0.032434623688459396,0.026854470372200012,,,0.025925958529114723,,0.022433795034885406,,,0.02197328954935074,0.031596507877111435,,,0.026854470372200012,0.025925958529114723,0.02197328954935074,0.02197328954935074,0.026854470372200012,0.032434623688459396,0.029705801978707314,0.024462252855300903,0.026854470372200012,0.025374269112944603,0.030367346480488777,-0.020868347957730293,-0.01778358593583107,,,0.026854470372200012,,,,,,,,,,0.026854470372200012,0.024462252855300903,0.026854470372200012,0.024462252855300903,0.023339400067925453,0.026854470372200012,0.02197328954935074,0.027531949803233147,0.026854470372200012,0.032434623688459396,0.026854470372200012,0.026854470372200012,0.025925958529114723,0.023044532164931297,0.029444949701428413,0.03188825771212578,0.032434623688459396,0.030919035896658897,0.023044532164931297,0.05843333527445793,0.040314871817827225,0.024462252855300903,0.026854470372200012,0.024462252855300903,
2013-09-01,0.029109248891472816,0.034594129770994186,,0.029529858380556107,0.03780357167124748,0.029109248891472816,0.029109248891472816,0.029109248891472816,,0.029109248891472816,0.034594129770994186,0.03780357167124748,0.029109248891472816,0.029109248891472816,,,0.029109248891472816,0.034594129770994186,0.029109248891472816,,0.029529858380556107,0.029109248891472816,0.029109248891472816,0.029109248891472816,0.03780357167124748,0.029529858380556107,0.029109248891472816,,0.029109248891472816,0.029109248891472816,0.029109248891472816,0.034594129770994186,,0.034594129770994186,0.029109248891472816,,0.029109248891472816,,0.034594129770994186,0.029109248891472816,,0.029109248891472816,0.020980598405003548,0.029109248891472816,0.029109248891472816,0.029109248891472816,0.035489436239004135,0.029109248891472816,0.031296614557504654,,0.03780357167124748,,0.034594129770994186,,,0.029109248891472816,,,,0.029109248891472816,0.020980598405003548,0.029109248891472816,0.029109248891472816,0.029109248891472816,0.035489436239004135,0.029109248891472816,0.029109248891472816,0.029109248891472816,0.03780357167124748,0.034594129770994186,-0.03060050867497921,-0.03060050867497921,,,0.029109248891472816,,,,,,,,,,0.029109248891472816,0.034594129770994186,0.029109248891472816,0.029109248891472816,0.029109248891472816,0.029109248891472816,0.029109248891472816,0.029109248891472816,0.029109248891472816,0.035489436239004135,0.029109248891472816,0.029109248891472816,0.029109248891472816,0.029109248891472816,0.029109248891472816,0.034594129770994186,0.035489436239004135,0.029109248891472816,0.029109248891472816,0.04548606276512146,-0.03060050867497921,0.029109248891472816,0.029109248891472816,0.034594129770994186,
2013-12-01,0.03409848362207413,0.038516052067279816,,0.03409848362207413,0.03409848362207413,0.03409848362207413,0.03409848362207413,0.026401787996292114,,0.03409848362207413,0.038516052067279816,0.038516052067279816,0.03409848362207413,0.03409848362207413,,,0.03409848362207413,0.038516052067279816,0.03409848362207413,,0.03409848362207413,0.03459976613521576,0.03409848362207413,0.03409848362207413,0.03409848362207413,0.03409848362207413,0.03459976613521576,,0.03409848362207413,0.03409848362207413,0.03409848362207413,0.038516052067279816,,0.03409848362207413,0.03409848362207413,,0.03409848362207413,,0.03459976613521576,0.03409848362207413,,0.03409848362207413,0.03409848362207413,0.03409848362207413,0.03409848362207413,0.03409848362207413,0.03409848362207413,0.03409848362207413,0.039024922996759415,,0.038516052067279816,,0.038516052067279816,,,0.03409848362207413,,,,0.03409848362207413,0.026401787996292114,0.03409848362207413,0.03409848362207413,0.03409848362207413,0.03476935625076294,0.03409848362207413,0.03409848362207413,0.03409848362207413,0.03409848362207413,0.038516052067279816,0.042155735194683075,-0.02596360072493553,,,0.03409848362207413,,,,,,,,,,0.03409848362207413,0.03409848362207413,0.03409848362207413,0.03409848362207413,0.03409848362207413,0.038516052067279816,0.03409848362207413,0.03409848362207413,0.03409848362207413,0.03955337405204773,0.03409848362207413,0.03409848362207413,0.03409848362207413,0.03409848362207413,0.03409848362207413,0.038516052067279816,0.03955337405204773,0.03409848362207413,0.03409848362207413,0.034751009196043015,0.039024922996759415,0.03409848362207413,0.03409848362207413,0.038516052067279816,
2014-03-01,0.0325324609875679,0.03811423107981682,,0.029889848083257675,0.0384087897837162,0.029889848083257675,0.029889848083257675,0.03613296151161194,,0.029889848083257675,0.03811423107981682,0.029889848083257675,0.03828893601894379,0.029889848083257675,,,0.029889848083257675,0.029889848083257675,0.03129909932613373,,0.029889848083257675,0.029889848083257675,0.029889848083257675,0.0325324609875679,0.04534204304218292,0.0325324609875679,0.029889848083257675,,0.029889848083257675,0.03613296151161194,0.03613296151161194,0.0384087897837162,,0.029889848083257675,0.029889848083257675,,0.029889848083257675,,0.04534204304218292,0.03129909932613373,,0.03129909932613373,0.03330261632800102,0.0325324609875679,0.0325324609875679,0.029889848083257675,0.03189334273338318,0.029889848083257675,0.05780913680791855,,0.04534204304218292,,0.0206392053514719,,,0.03129909932613373,,,,0.029889848083257675,0.01782943122088909,0.029889848083257675,0.018044795840978622,0.029889848083257675,0.046191442757844925,0.0325324609875679,0.029889848083257675,0.0325324609875679,0.022586632519960403,0.02060537040233612,0.0022066086530685425,-0.4202915132045746,,,0.0325324609875679,,,,,,,,,,0.029889848083257675,0.029889848083257675,0.029889848083257675,0.029889848083257675,0.01782943122088909,0.0311150923371315,0.029889848083257675,0.0325324609875679,0.029889848083257675,0.04454628750681877,0.03828893601894379,0.029889848083257675,0.029889848083257675,0.029889848083257675,0.029889848083257675,0.03613296151161194,0.04799716919660568,0.04534204304218292,0.033941734582185745,0.04294706881046295,-0.05306289717555046,0.029889848083257675,0.0325324609875679,0.029889848083257675,
2014-06-01,0.03567338362336159,0.03937331587076187,,0.025994613766670227,0.025994613766670227,0.025994613766670227,0.025994613766670227,0.19420796632766724,,0.027828704565763474,0.03937331587076187,0.021837323904037476,0.03311272710561752,0.025994613766670227,,,0.029479142278432846,0.025994613766670227,0.03376259282231331,,0.025994613766670227,0.025994613766670227,0.025994613766670227,0.05458482727408409,0.07366694509983063,0.03288931027054787,0.025994613766670227,,0.025994613766670227,0.018184160813689232,0.018184160813689232,0.023968007415533066,,0.03478514030575752,0.025994613766670227,,0.03288931027054787,,0.03288931027054787,0.027828704565763474,,0.025994613766670227,0.035280756652355194,0.0333017073571682,0.03288931027054787,0.025994613766670227,0.03516405448317528,0.027680687606334686,-0.008580164052546024,,0.11556115001440048,,-0.008580164052546024,,,0.025994613766670227,,,,0.025994613766670227,-0.027244597673416138,0.018184160813689232,0.018184160813689232,0.03830130025744438,0.023642180487513542,0.03304960951209068,0.015043159015476704,0.03304960951209068,0.16217508912086487,0.040230054408311844,-0.09631284326314926,0.03171815723180771,,,0.04323375225067139,,,,,,,,,,0.025994613766670227,0.024735189974308014,0.025069767609238625,0.031082812696695328,0.01486157812178135,0.029197588562965393,0.025994613766670227,0.03288931027054787,0.030773065984249115,0.04537849873304367,0.031056970357894897,0.025994613766670227,0.025994613766670227,0.02769017592072487,0.027098294347524643,0.04250359535217285,0.04456501081585884,0.03334188833832741,0.03288931027054787,0.04953136667609215,0.047354377806186676,0.025994613766670227,0.03304960951209068,0.02842540107667446,
2014-09-01,0.03651873394846916,0.03487727418541908,,0.034419573843479156,0.027806058526039124,0.027806058526039124,0.034419573843479156,0.03436167165637016,,0.03651873394846916,0.03487727418541908,0.034419573843479156,0.03651873394846916,0.034419573843479156,,,0.034419573843479156,0.034419573843479156,0.034419573843479156,,0.034419573843479156,0.034419573843479156,0.034419573843479156,0.03651873394846916,0.047825973480939865,0.03651873394846916,0.034419573843479156,,0.034419573843479156,0.034419573843479156,0.034419573843479156,0.034419573843479156,,0.034419573843479156,0.034419573843479156,,0.03651873394846916,,0.039725176990032196,0.03651873394846916,,0.0391320139169693,0.03365035355091095,0.03651873394846916,0.03651873394846916,0.034419573843479156,0.03365035355091095,0.034419573843479156,0.03120535798370838,,0.03651873394846916,,0.03120535798370838,,,0.034419573843479156,,,,0.034419573843479156,0.0320313386619091,0.034419573843479156,0.034419573843479156,0.03487727418541908,0.05075230821967125,0.03651873394846916,0.03363603353500366,0.03651873394846916,0.027806058526039124,0.034419573843479156,-0.005795612465590239,0.025017857551574707,,,0.03829094022512436,,,,,,,,,,0.034419573843479156,0.034419573843479156,0.034419573843479156,0.034419573843479156,0.036099158227443695,0.034419573843479156,0.034419573843479156,0.03651873394846916,0.03651873394846916,0.03771378472447395,0.04187849536538124,0.03651873394846916,0.034419573843479156,0.03651873394846916,0.034419573843479156,0.0403786227107048,0.034904323518276215,0.034904323518276215,0.03651873394846916,0.03814380615949631,0.06040354445576668,0.034419573843479156,0.03651873394846916,0.027806058526039124,
2014-12-01,0.03704752400517464,0.03546275198459625,,0.03546275198459625,0.03417119011282921,0.03417119011282921,0.03546275198459625,0.03417119011282921,,0.03704752400517464,0.03546275198459625,0.03417119011282921,0.03704752400517464,0.03417119011282921,,,0.03546275198459625,0.03417119011282921,0.03417119011282921,,0.03417119011282921,0.03417119011282921,0.03417119011282921,0.04006679728627205,0.03417119011282921,0.03704752400517464,0.03417119011282921,,0.03417119011282921,0.03417119011282921,0.03417119011282921,0.03546275198459625,,0.03417119011282921,0.03546275198459625,,0.03704752400517464,,0.03704752400517464,0.03417119011282921,,0.03734032064676285,0.036901988089084625,0.03704752400517464,0.03704752400517464,0.03546275198459625,0.036901988089084625,0.03417119011282921,0.03397906944155693,0.04050498828291893,0.03632644563913345,,0.03397906944155693,,,0.03734032064676285,,,,0.03417119011282921,0.040969569236040115,0.03828470781445503,0.03417119011282921,0.03546275198459625,0.040257543325424194,0.03704752400517464,0.03417119011282921,0.03704752400517464,0.040969569236040115,0.03546275198459625,0.03397906944155693,0.03417119011282921,,,0.036901988089084625,,,,,,,,,,0.03704752400517464,0.03417119011282921,0.03546275198459625,0.03417119011282921,0.03734032064676285,0.03417119011282921,0.03546275198459625,0.039345718920230865,0.03704752400517464,0.03818295896053314,0.03704752400517464,0.03417119011282921,0.03734032064676285,0.03704752400517464,0.03417119011282921,0.03546275198459625,0.03704752400517464,0.03632644563913345,0.03704752400517464,0.0393935889005661,0.07195915281772614,0.03417119011282921,0.036901988089084625,0.03417119011282921,
2015-03-01,0.03827330470085144,0.034640345722436905,,0.034640345722436905,0.034640345722436905,0.034640345722436905,0.034640345722436905,0.034640345722436905,,0.034640345722436905,0.034640345722436905,0.034640345722436905,0.03827330470085144,0.034640345722436905,,,0.034640345722436905,0.034640345722436905,0.034640345722436905,,0.034640345722436905,0.034640345722436905,0.034640345722436905,0.034640345722436905,0.03324179723858833,0.03827330470085144,0.034640345722436905,,0.034640345722436905,0.034640345722436905,0.034640345722436905,0.034640345722436905,,0.034640345722436905,0.034640345722436905,,0.03827330470085144,,0.03827330470085144,0.034640345722436905,,0.03670598566532135,0.03762607276439667,0.03827330470085144,0.03827330470085144,0.034640345722436905,0.03762607276439667,0.009330919943749905,0.032729391008615494,0.03324179723858833,0.03324179723858833,0.027677856385707855,0.032729391008615494,,,0.03670598566532135,,,,0.034640345722436905,0.03202705830335617,0.034640345722436905,0.034640345722436905,0.034640345722436905,0.036452602595090866,0.034640345722436905,0.034640345722436905,0.03827330470085144,0.03202705830335617,0.034640345722436905,-0.028963565826416016,0.02696380764245987,,,0.034640345722436905,,,,,,,,,,0.034640345722436905,0.034640345722436905,0.034640345722436905,0.034640345722436905,0.03670598566532135,0.034640345722436905,0.034640345722436905,0.03827330470085144,0.03324179723858833,0.03762607276439667,0.034640345722436905,0.034640345722436905,0.03670598566532135,0.034640345722436905,0.034640345722436905,0.034640345722436905,0.03827330470085144,0.03827330470085144,0.034640345722436905,0.03927277401089668,0.019584817811846733,0.034640345722436905,0.034640345722436905,0.034640345722436905,
2015-06-01,0.03589460626244545,0.03756216913461685,,0.04292957857251167,0.03575192391872406,0.035605981945991516,0.03575192391872406,0.045353665947914124,,0.034425560384988785,0.03768613934516907,0.03575192391872406,0.03589460626244545,0.035605981945991516,,,0.03575192391872406,0.035605981945991516,0.03575192391872406,,0.03756216913461685,0.03575192391872406,0.035605981945991516,0.012724725529551506,0.03441712632775307,0.035748664289712906,0.035605981945991516,,0.035605981945991516,0.035605981945991516,0.03768613934516907,0.03790651634335518,,0.03575192391872406,0.03575192391872406,,0.035605981945991516,,0.035748664289712906,0.035605981945991516,,0.03738509118556976,0.03298225253820419,0.035748664289712906,0.035748664289712906,0.035605981945991516,0.03762026131153107,0.034425560384988785,0.03298225253820419,0.035748664289712906,0.035748664289712906,0.04146108776330948,0.03298225253820419,0.021775320172309875,,0.03738509118556976,,,,0.034425560384988785,0.0225966926664114,0.036275528371334076,0.035726577043533325,0.03756216913461685,0.04146108776330948,0.03575192391872406,0.03768613934516907,0.03589460626244545,0.03832646831870079,0.04549960792064667,-0.02856782078742981,0.023251859471201897,,,0.03686148673295975,,,,,,,,,,0.035605981945991516,0.03832646831870079,0.03575192391872406,0.04292957857251167,0.03738509118556976,0.035605981945991516,0.03575192391872406,0.035605981945991516,0.03700416907668114,0.03700416907668114,0.03322529047727585,0.035605981945991516,0.03612958639860153,0.03700416907668114,0.04292957857251167,0.03756216913461685,0.035748664289712906,0.035605981945991516,0.035605981945991516,0.03825544938445091,0.023034444078803062,,,0.035605981945991516,
2015-09-01,0.034894559532403946,0.034894559532403946,,0.03185838460922241,0.03652682155370712,0.034894559532403946,0.034894559532403946,0.05062175542116165,,0.03652682155370712,0.03544720262289047,0.034894559532403946,0.034894559532403946,0.034894559532403946,,,0.034894559532403946,0.034894559532403946,0.034894559532403946,,0.034894559532403946,0.034894559532403946,0.034894559532403946,0.034894559532403946,0.03652682155370712,0.034894559532403946,0.034894559532403946,,0.034894559532403946,0.034894559532403946,0.034894559532403946,0.034894559532403946,,0.034894559532403946,0.034894559532403946,,0.034894559532403946,,0.034894559532403946,0.03289088234305382,,0.034894559532403946,0.0323304645717144,0.034894559532403946,0.03652682155370712,0.034894559532403946,0.0323304645717144,0.009208660572767258,0.0323304645717144,0.045456480234861374,0.034894559532403946,0.03779420256614685,0.0323304645717144,0.0505279041826725,0.034894559532403946,0.0323304645717144,,,0.0549747459590435,0.034894559532403946,0.03652682155370712,0.03865515813231468,0.05062175542116165,0.03652682155370712,0.04558124020695686,0.034894559532403946,0.009208660572767258,0.034894559532403946,0.008173832669854164,0.05062175542116165,0.034894559532403946,0.03652682155370712,,,0.0323304645717144,,,,,,,,,,0.034894559532403946,0.034894559532403946,0.034894559532403946,0.03185838460922241,0.034894559532403946,0.034894559532403946,0.034894559532403946,0.034894559532403946,0.034894559532403946,0.034894559532403946,0.03865515813231468,0.034894559532403946,0.034894559532403946,0.0323304645717144,0.03652682155370712,0.03652682155370712,0.034894559532403946,0.034894559532403946,0.034894559532403946,0.04409828037023544,0.0323304645717144,,,0.034894559532403946,
2015-12-01,0.03673672303557396,0.03799312561750412,,0.04567163437604904,0.032771624624729156,0.04545516520738602,0.037303611636161804,0.03673672303557396,,0.03673672303557396,0.03723454102873802,0.03673672303557396,0.037303611636161804,0.037303611636161804,,,0.037303611636161804,0.03673672303557396,0.037303611636161804,,0.036277011036872864,0.03677244111895561,0.03673672303557396,0.03805559501051903,0.03756033256649971,0.03673672303557396,0.03673672303557396,,0.03673672303557396,0.037303611636161804,0.037303611636161804,0.03799312561750412,,0.037303611636161804,0.037303611636161804,,0.036277011036872864,,0.03673672303557396,0.03374894708395004,,0.03756033256649971,0.03374894708395004,0.03673672303557396,0.036277011036872864,0.037303611636161804,0.03374894708395004,0.016551006585359573,0.03374894708395004,0.036277011036872864,0.036277011036872864,0.040671151131391525,0.03374894708395004,0.039724234491586685,0.03673672303557396,0.037303611636161804,,,0.03731900453567505,0.03374894708395004,0.03908872976899147,0.037303611636161804,,0.03805559501051903,0.04121764376759529,0.036277011036872864,0.016551006585359573,0.036277011036872864,0.030457371845841408,0.037303611636161804,0.04060787335038185,0.032771624624729156,,,0.03826194629073143,,,,,,,,,,0.03673672303557396,0.03673672303557396,0.037303611636161804,0.04567163437604904,0.032771624624729156,0.03805559501051903,0.037303611636161804,0.03673672303557396,0.03673672303557396,0.03677244111895561,0.03924960643053055,0.03673672303557396,0.04258083924651146,0.03374894708395004,0.036277011036872864,0.037303611636161804,0.03673672303557396,0.03673672303557396,,0.022021302953362465,0.03189874440431595,,,0.03673672303557396,
2016-03-01,0.03746047616004944,0.03767765685915947,,0.04053033888339996,0.0360126830637455,0.0360126830637455,0.0360126830637455,0.037806686013936996,,0.037366852164268494,0.038716137409210205,0.03746047616004944,0.0360126830637455,0.03767765685915947,,,0.03767765685915947,0.03746047616004944,0.03767765685915947,,0.0360126830637455,0.03767765685915947,0.0360126830637455,0.0360126830637455,0.0435754731297493,0.0435754731297493,0.03746047616004944,,0.03767765685915947,0.03767765685915947,0.03767765685915947,0.03767765685915947,,0.03767765685915947,0.0360126830637455,,0.0360126830637455,,0.0360126830637455,0.0334143303334713,,0.04053033888339996,0.0334143303334713,0.0360126830637455,0.0360126830637455,0.03767765685915947,0.0334143303334713,0.03746047616004944,0.0334143303334713,0.0360126830637455,0.0360126830637455,0.031163163483142853,0.0334143303334713,-0.015224792063236237,0.0360126830637455,0.03767765685915947,,,0.041889533400535583,0.0334143303334713,0.037366852164268494,0.03767765685915947,,0.037366852164268494,0.0435754731297493,0.0360126830637455,0.03767765685915947,0.0360126830637455,0.037366852164268494,0.037806686013936996,0.02412627823650837,0.04053033888339996,,,0.0360126830637455,,,,,,,,,,0.03767765685915947,0.037366852164268494,0.03767765685915947,0.04053033888339996,0.0360126830637455,0.0378945954144001,0.03767765685915947,0.03746047616004944,0.0360126830637455,0.06100737303495407,0.03974933177232742,0.03746047616004944,0.03746047616004944,0.0334143303334713,0.0360126830637455,0.037806686013936996,0.03746047616004944,0.03746047616004944,,0.0334143303334713,0.06296940892934799,,,0.03746047616004944,
2016-06-01,0.038416530936956406,0.03977816924452782,,0.03399020805954933,0.03858155384659767,0.04121699184179306,0.039890628308057785,0.03897764906287193,,0.03802737966179848,0.033039893954992294,0.039890628308057785,0.03975296765565872,0.03858155384659767,,,0.03858155384659767,0.03802737966179848,0.0403255820274353,,0.03936381638050079,0.03858155384659767,0.038416530936956406,0.038416530936956406,0.044624172151088715,0.038416530936956406,0.038416530936956406,,0.03897764906287193,0.03858155384659767,0.03855419158935547,0.03858155384659767,,0.03858155384659767,0.03805474191904068,,0.03802737966179848,,0.038416530936956406,0.037241529673337936,,0.04124150425195694,0.03523659706115723,0.03685237839818001,0.038416530936956406,0.03858155384659767,0.037915389984846115,0.03802737966179848,0.03523659706115723,0.038416530936956406,0.038416530936956406,0.03523659706115723,0.03523659706115723,0.03523659706115723,0.03918810561299324,0.03897764906287193,,,0.03768552839756012,0.03523659706115723,0.03683139756321907,0.039890628308057785,0.03977816924452782,0.03977816924452782,0.038416530936956406,0.03805474191904068,0.0324857197701931,0.03844389319419861,0.03735820949077606,0.03858155384659767,0.04675286263227463,0.024383267387747765,,,0.04071469232439995,,,,,,,,,,0.03802737966179848,0.03802737966179848,0.03858155384659767,0.04159797728061676,0.03855419158935547,0.03802737966179848,0.039890628308057785,0.03802737966179848,0.038416530936956406,0.03883998841047287,0.03772184997797012,0.03802737966179848,0.04514946788549423,0.03685237839818001,0.03855419158935547,0.03977816924452782,0.044624172151088715,0.03802737966179848,,0.04617517814040184,0.08986233174800873,,,0.03855419158935547,
2016-09-01,0.03770678862929344,0.039367012679576874,,0.03933316841721535,0.03908499702811241,0.04173200577497482,0.03908499702811241,0.03913625329732895,,0.03597210720181465,0.03908499702811241,0.03616902232170105,0.03844695910811424,0.03888808190822601,,,0.03908499702811241,0.03597210720181465,0.03908499702811241,,0.03888808190822601,0.03888808190822601,0.03597210720181465,0.03770678862929344,0.04120961204171181,0.038250043988227844,0.03597210720181465,,0.03908499702811241,0.03908499702811241,0.03908499702811241,0.03908499702811241,,0.03908499702811241,0.03908499702811241,,0.03597210720181465,,0.038532059639692307,0.03575469180941582,,0.03913625329732895,0.03391092270612717,0.03575469180941582,0.038250043988227844,0.03908499702811241,0.03819175437092781,0.03597210720181465,0.03391092270612717,0.042479127645492554,0.038250043988227844,0.04006512463092804,0.03391092270612717,0.040304772555828094,,0.03933316841721535,,,0.040304772555828094,0.03391092270612717,0.03848015144467354,0.03803993761539459,0.03939461708068848,0.03939461708068848,0.04120961204171181,0.03597210720181465,0.03597210720181465,0.03770678862929344,0.03803993761539459,0.04062851145863533,0.03622027859091759,0.04557289555668831,,,0.03616902232170105,,,,,,,,,,0.03597210720181465,0.03597210720181465,0.03908499702811241,0.006411380134522915,0.03888808190822601,0.03908499702811241,0.03908499702811241,0.03597210720181465,0.038250043988227844,0.038409169763326645,0.009341899305582047,0.03888808190822601,0.03913625329732895,0.03575469180941582,0.03939461708068848,0.03939461708068848,0.038250043988227844,0.038250043988227844,,0.039205871522426605,0.03391092270612717,,,0.03939461708068848,
2016-12-01,0.03682588413357735,0.03420836478471756,,0.035886067897081375,0.033327095210552216,0.035559382289648056,0.033327095210552216,0.03299292176961899,,0.035559382289648056,0.03420836478471756,0.03299292176961899,0.035559382289648056,0.03299292176961899,,,0.033327095210552216,0.03299292176961899,0.033327095210552216,,0.03299292176961899,0.033327095210552216,0.03299292176961899,0.03682588413357735,0.04009566828608513,0.035559382289648056,0.03299292176961899,,0.033327095210552216,0.033327095210552216,0.033327095210552216,0.03420836478471756,,0.03420836478471756,0.033327095210552216,,0.03299292176961899,,0.03591945022344589,0.03283380717039108,,0.0346706248819828,0.0345115102827549,0.03283380717039108,0.035559382289648056,0.03420836478471756,0.035559382289648056,0.033327095210552216,0.02807730995118618,0.035559382289648056,0.035559382289648056,0.01484224945306778,0.02807730995118618,0.01829979009926319,,0.035886067897081375,,,0.022293703630566597,0.03373440355062485,0.023550929501652718,0.03420836478471756,0.03966614976525307,0.03263531252741814,0.035559382289648056,0.03299292176961899,0.033327095210552216,0.035559382289648056,0.02453574538230896,0.03420836478471756,0.0346706248819828,0.028607776388525963,,,0.03299292176961899,,,,,,,,,,0.03299292176961899,0.033327095210552216,0.033327095210552216,0.03500479832291603,0.03299292176961899,0.033327095210552216,0.03420836478471756,0.03299292176961899,0.03662106394767761,0.03662106394767761,0.00274473219178617,0.03299292176961899,0.0346706248819828,0.03283380717039108,0.03299292176961899,0.03420836478471756,0.035559382289648056,0.03299292176961899,,0.036094825714826584,0.02476610243320465,,,0.033327095210552216,
2017-03-01,0.03384324908256531,0.03446925804018974,,0.04353505000472069,0.03750387951731682,0.035237375646829605,0.03245193138718605,0.03377732262015343,,0.03245193138718605,0.03750387951731682,0.03245193138718605,0.03384324908256531,0.03446925804018974,,,0.03446925804018974,0.03245193138718605,0.03296082094311714,,0.03245193138718605,0.03440052270889282,0.03377732262015343,0.0361470989882946,0.05701197683811188,0.03384324908256531,,,0.03446925804018974,0.03446925804018974,0.03446925804018974,0.04360378533601761,,0.0374351441860199,0.03245193138718605,,0.03245193138718605,,0.035168640315532684,0.03354993462562561,,0.03245193138718605,0.03280027210712433,0.03215861693024635,0.03384324908256531,0.03750387951731682,0.03384324908256531,0.033928610384464264,0.03377732262015343,0.03384324908256531,0.03384324908256531,0.03583890572190285,0.03146708011627197,0.02481912076473236,,0.03750387951731682,,,0.040286291390657425,0.030183644965291023,0.03245193138718605,0.03750387951731682,0.033867981284856796,0.0374351441860199,0.03384324908256531,0.03377732262015343,0.03440052270889282,0.03384324908256531,0.037643469870090485,0.03460884839296341,0.03245193138718605,0.032428279519081116,,,0.03245193138718605,,,,,,,,,,0.033928610384464264,0.03446925804018974,0.03446925804018974,0.03479574993252754,0.03245193138718605,0.03446925804018974,0.03750387951731682,0.03377732262015343,0.03384324908256531,0.03384324908256531,0.008430051617324352,0.033928610384464264,0.033075131475925446,0.03215861693024635,0.03245193138718605,0.050842951983213425,0.038517069071531296,0.0361470989882946,,0.0385468527674675,0.08204571157693863,,,0.03446925804018974,
2017-06-01,0.031048113480210304,0.027171572670340538,,0.03045329451560974,0.029105277732014656,0.031048113480210304,0.03045329451560974,0.029105277732014656,,0.03108275681734085,0.029105277732014656,0.03045329451560974,0.031048113480210304,0.029105277732014656,,,0.029105277732014656,0.027171572670340538,0.03178827464580536,,0.03045329451560974,0.029105277732014656,0.029105277732014656,0.031048113480210304,0.0853157788515091,0.031048113480210304,,,0.029105277732014656,0.029105277732014656,0.029105277732014656,0.029105277732014656,,0.029105277732014656,0.029105277732014656,,0.029105277732014656,,0.03108275681734085,0.029105277732014656,,0.029105277732014656,0.029105277732014656,0.029105277732014656,0.031048113480210304,0.029105277732014656,0.031048113480210304,0.029105277732014656,0.029105277732014656,0.031048113480210304,0.03498675301671028,0.04626225680112839,0.026516208425164223,0.02582589164376259,,0.029105277732014656,,,0.030923917889595032,0.026516208425164223,0.029105277732014656,0.03045329451560974,0.029105277732014656,0.03024475835263729,0.031048113480210304,0.029105277732014656,0.029105277732014656,0.031048113480210304,0.027171572670340538,0.03159279003739357,0.027171572670340538,0.02405848167836666,,,0.029105277732014656,,,,,,,,,,0.029105277732014656,0.03024475835263729,0.029105277732014656,0.02599218674004078,0.029105277732014656,0.029105277732014656,0.03045329451560974,0.029105277732014656,0.031048113480210304,0.031048113480210304,0.03268153592944145,0.029105277732014656,0.029105277732014656,0.029105277732014656,0.029105277732014656,0.03159279003739357,0.031048113480210304,0.04274778813123703,,0.03498675301671028,0.11478491127490997,,,0.029105277732014656,
2017-09-01,0.03347963094711304,0.0325368270277977,,0.0325368270277977,0.0325368270277977,0.0325368270277977,0.02761230245232582,0.0325368270277977,,0.03347963094711304,0.0325368270277977,0.0325368270277977,0.0325368270277977,0.0325368270277977,,,0.0325368270277977,0.0325368270277977,0.0325368270277977,,0.0325368270277977,0.0325368270277977,0.0325368270277977,0.03347963094711304,0.06577763706445694,0.03347963094711304,,,0.0325368270277977,0.0325368270277977,0.0325368270277977,0.0325368270277977,,0.0325368270277977,0.0325368270277977,,0.0325368270277977,,0.03347963094711304,0.0325368270277977,,0.0325368270277977,0.030596399679780006,0.0325368270277977,0.0325368270277977,0.0325368270277977,0.03347963094711304,0.0325368270277977,0.0325368270277977,0.03347963094711304,0.03347963094711304,0.038933321833610535,0.026944221928715706,0.011120752431452274,,0.0325368270277977,,,0.03081880882382393,0.030596399679780006,0.0325368270277977,0.0325368270277977,0.02761230245232582,0.0325368270277977,0.03347963094711304,0.0325368270277977,0.0325368270277977,0.03347963094711304,0.02761230245232582,0.0325368270277977,0.025231245905160904,0.020603811368346214,,,0.0325368270277977,,,,,,,,,,0.0325368270277977,0.0325368270277977,0.0325368270277977,0.0325368270277977,0.0325368270277977,0.0325368270277977,0.006614216603338718,0.0325368270277977,0.0325368270277977,0.03347963094711304,0.03321367874741554,0.0325368270277977,0.0325368270277977,0.0325368270277977,0.0325368270277977,0.0325368270277977,0.03347963094711304,0.0325368270277977,,0.046695277094841,0.02967003919184208,,,0.0325368270277977,
2017-12-01,0.031068185344338417,0.029502706602215767,,0.02985469438135624,0.03320177644491196,0.0291257556527853,0.027922606095671654,0.0291257556527853,,0.0291257556527853,0.03320177644491196,0.0291257556527853,0.03320177644491196,0.0291257556527853,,,0.029502706602215767,0.0291257556527853,0.0291257556527853,,0.0291257556527853,0.029502706602215767,0.0291257556527853,0.031068185344338417,0.07161043584346771,0.031068185344338417,,,0.029502706602215767,0.029502706602215767,0.029502706602215767,0.03320177644491196,,0.03320177644491196,0.0291257556527853,,0.0291257556527853,,0.031068185344338417,0.0291257556527853,,0.029502706602215767,0.027875415980815887,0.0291257556527853,0.0291257556527853,0.03320177644491196,0.031068185344338417,0.029502706602215767,0.0291257556527853,0.031068185344338417,0.031068185344338417,0.05533990263938904,0.025612346827983856,-0.20147158205509186,,0.03320177644491196,,,,0.025612346827983856,0.0291257556527853,0.03320177644491196,0.0291257556527853,0.03320177644491196,0.031068185344338417,0.0291257556527853,0.029502706602215767,0.031068185344338417,0.0291257556527853,0.03320177644491196,0.0291257556527853,0.0291257556527853,,,0.0291257556527853,,,,,,,,,,0.031068185344338417,0.0291257556527853,0.0291257556527853,0.02985469438135624,0.0291257556527853,0.029502706602215767,-0.004162123426795006,0.031068185344338417,0.0291257556527853,0.031068185344338417,0.02906600758433342,0.029502706602215767,0.029502706602215767,0.029502706602215767,0.029502706602215767,0.03320177644491196,0.031068185344338417,0.0291257556527853,,0.013152665458619595,0.0350944884121418,,,0.03320177644491196,
2018-03-01,0.02644805610179901,0.030008239671587944,,0.024025795981287956,,0.02644805610179901,0.02644805610179901,0.02644805610179901,,0.02644805610179901,0.030008239671587944,0.02644805610179901,0.02644805610179901,0.02644805610179901,,,0.02644805610179901,0.02644805610179901,0.030008239671587944,,0.02644805610179901,0.030008239671587944,0.02644805610179901,0.028374332934617996,0.07587543874979019,0.03250124305486679,,,0.02644805610179901,0.02644805610179901,0.030008239671587944,0.030008239671587944,,0.030008239671587944,0.02644805610179901,,0.02644805610179901,,0.028374332934617996,0.02644805610179901,,0.02644805610179901,0.023659471422433853,0.02644805610179901,0.02644805610179901,0.030008239671587944,0.028374332934617996,0.02644805610179901,0.030008239671587944,0.03250124305486679,0.03250124305486679,0.0775008425116539,0.021966058760881424,-0.20415262877941132,,0.030008239671587944,,,,0.021966058760881424,0.02644805610179901,0.030008239671587944,0.02644805610179901,0.02644805610179901,0.03250124305486679,0.02644805610179901,0.030008239671587944,0.03250124305486679,0.02644805610179901,0.030008239671587944,0.02644805610179901,0.01146623119711876,,,0.02644805610179901,,,,,,,,,,0.03250124305486679,0.02644805610179901,0.02644805610179901,0.02788989245891571,0.02644805610179901,0.030008239671587944,-0.00684320367872715,0.03250124305486679,0.02644805610179901,0.03250124305486679,0.030008239671587944,0.02644805610179901,0.02644805610179901,0.02644805610179901,0.030008239671587944,0.030008239671587944,0.028374332934617996,0.02644805610179901,,0.043860308825969696,0.033652398735284805,,,0.030008239671587944,
2018-06-01,0.028297411277890205,0.028297411277890205,,0.029189441353082657,,0.028297411277890205,0.026180537417531013,0.03160538524389267,,0.028297411277890205,0.028297411277890205,0.028297411277890205,0.028297411277890205,0.028297411277890205,,,0.028297411277890205,0.028297411277890205,0.026180537417531013,,0.028297411277890205,0.028297411277890205,0.02994551882147789,0.02994551882147789,0.04201981797814369,0.03187897428870201,,,0.028297411277890205,0.028297411277890205,0.028297411277890205,0.028297411277890205,,0.028297411277890205,0.028297411277890205,,0.028297411277890205,,0.028297411277890205,0.029189441353082657,,0.029189441353082657,0.029189441353082657,0.02994551882147789,0.029189441353082657,0.028297411277890205,0.02994551882147789,0.026987340301275253,0.028297411277890205,0.02994551882147789,0.03383974730968475,0.03000963106751442,0.0298395324498415,-0.20253682136535645,,0.029189441353082657,,,,0.0298395324498415,0.029189441353082657,0.03160538524389267,0.028297411277890205,0.029189441353082657,0.02994551882147789,0.028297411277890205,0.028297411277890205,0.02994551882147789,0.026180537417531013,0.028297411277890205,0.027072567492723465,-0.005227361805737019,,,0.029189441353082657,,,,,,,,,,0.02994551882147789,0.028297411277890205,0.028297411277890205,0.029189441353082657,0.029189441353082657,0.028297411277890205,-0.005227361805737019,0.02994551882147789,0.029189441353082657,0.02994551882147789,0.029189441353082657,0.028297411277890205,0.029189441353082657,0.028297411277890205,0.028297411277890205,0.03160538524389267,0.03187897428870201,0.028297411277890205,,0.03854821249842644,0.012231316417455673,,,0.028297411277890205,
2018-09-01,0.030049948021769524,0.030049948021769524,,0.030049948021769524,,0.030049948021769524,0.030049948021769524,0.030049948021769524,,0.03090093843638897,0.030049948021769524,0.049369897693395615,0.030049948021769524,0.030049948021769524,,,0.030049948021769524,0.027973324060440063,0.027973324060440063,,0.030049948021769524,0.017910564318299294,0.030049948021769524,0.03090093843638897,0.03090093843638897,0.03449466824531555,,,0.030049948021769524,0.027973324060440063,0.030049948021769524,0.030049948021769524,,0.030049948021769524,0.030049948021769524,,0.030049948021769524,,0.030049948021769524,0.030049948021769524,,0.030049948021769524,0.026569094508886337,0.03449466824531555,0.030049948021769524,0.030049948021769524,0.03090093843638897,0.032988809049129486,0.030049948021769524,0.03090093843638897,0.03090093843638897,0.0355762243270874,0.03296419605612755,0.023910272866487503,,0.030049948021769524,,,,0.03296419605612755,0.030049948021769524,0.030049948021769524,0.030049948021769524,0.030049948021769524,0.03090093843638897,0.030049948021769524,0.030049948021769524,0.03449466824531555,0.027973324060440063,0.030049948021769524,0.030049948021769524,-0.00439973222091794,,,0.030049948021769524,,,,,,,,,,0.03449466824531555,0.030049948021769524,0.030049948021769524,0.030049948021769524,0.027973324060440063,0.030049948021769524,-0.00439973222091794,0.03449466824531555,0.030049948021769524,0.03090093843638897,0.030049948021769524,0.030049948021769524,0.030049948021769524,0.030049948021769524,0.030049948021769524,0.030049948021769524,0.030049948021769524,0.030049948021769524,,0.041353125125169754,0.02038118615746498,,,0.030049948021769524,
2018-12-01,0.027659354731440544,0.030017632991075516,,0.03196645900607109,,0.027659354731440544,0.0277799554169178,0.03196645900607109,,0.027659354731440544,0.030017632991075516,0.03871253877878189,0.027659354731440544,0.027659354731440544,,,0.027659354731440544,0.027659354731440544,0.027659354731440544,,0.027659354731440544,0.02960817888379097,0.027659354731440544,0.02955467253923416,0.034081753343343735,0.02955467253923416,,,0.027659354731440544,0.027659354731440544,0.030017632991075516,0.030017632991075516,,0.030017632991075516,0.027659354731440544,,0.027659354731440544,,0.027659354731440544,0.028609177097678185,,0.027659354731440544,0.019811231642961502,0.02955467253923416,0.030397433787584305,0.030017632991075516,0.028555255383253098,0.03166331350803375,0.027659354731440544,0.034081753343343735,0.02966652624309063,0.024425074458122253,0.03133377060294151,0.022036436945199966,,0.03196645900607109,,,,0.03133377060294151,0.019811231642961502,0.030017632991075516,0.0277799554169178,0.03055800125002861,0.02966652624309063,0.027659354731440544,0.027659354731440544,0.02955467253923416,0.0277799554169178,0.030017632991075516,0.03198184072971344,0.018508000299334526,,,0.029083186760544777,,,,,,,,,,0.02955467253923416,0.027659354731440544,0.027659354731440544,0.03196645900607109,0.030072737485170364,0.027659354731440544,0.030017632991075516,,0.03055800125002861,0.02626899443566799,0.02031485177576542,0.027659354731440544,-0.20301276445388794,0.021322425454854965,0.027659354731440544,0.030017632991075516,0.027659354731440544,0.030017632991075516,,0.034555282443761826,-0.03433842584490776,,,0.030017632991075516,0.11762647330760956
2019-03-01,0.02821241319179535,,,0.029039477929472923,,0.02821241319179535,0.02821241319179535,0.028374912217259407,,0.029493149369955063,0.029039477929472923,0.04132143408060074,0.02821241319179535,0.02821241319179535,,,0.029039477929472923,0.02821241319179535,0.02821241319179535,,0.02821241319179535,0.025496086105704308,0.02821241319179535,0.02898983657360077,0.03513085097074509,0.0336015447974205,,,0.029039477929472923,0.02821241319179535,0.029039477929472923,0.029039477929472923,,0.029039477929472923,0.02821241319179535,,0.02821241319179535,,0.02821241319179535,0.029528122395277023,,0.029039477929472923,0.009073293767869473,0.029493149369955063,0.02821241319179535,0.029039477929472923,0.029528122395277023,0.030986705794930458,0.02821241319179535,0.029493149369955063,0.029493149369955063,0.05719038471579552,0.030986705794930458,0.021573591977357864,,0.029039477929472923,,,,0.030986705794930458,0.029039477929472923,0.029039477929472923,0.02898983657360077,0.02821241319179535,0.029493149369955063,0.02821241319179535,,0.02898983657360077,0.027547847479581833,0.029039477929472923,0.02821241319179535,0.016855822876095772,,,0.02821241319179535,-0.028112685307860374,0.03744308277964592,,,,,,,,0.0336015447974205,0.0336015447974205,0.02821241319179535,0.029039477929472923,0.025496086105704308,0.029039477929472923,0.029039477929472923,,0.02821241319179535,0.029528122395277023,0.029039477929472923,0.02821241319179535,-0.20320942997932434,0.02821241319179535,0.027547847479581833,0.029039477929472923,0.02821241319179535,0.029039477929472923,,0.0336015447974205,0.006055849604308605,,,0.029039477929472923,0.024379225447773933
2019-06-01,0.03177933767437935,,,0.03177933767437935,,0.03177933767437935,0.030732622370123863,0.03128284960985184,,0.03611075505614281,0.03126983717083931,0.039798106998205185,0.03177933767437935,0.03177933767437935,,,0.03177933767437935,0.026614848524332047,0.030732622370123863,,0.03177933767437935,0.039798106998205185,0.03177933767437935,0.03611075505614281,0.039798106998205185,0.03228496015071869,,,0.03177933767437935,0.03177933767437935,0.03177933767437935,0.03177933767437935,,0.03177933767437935,0.028321607038378716,,0.03177933767437935,,0.03177933767437935,0.03177933767437935,,0.03177933767437935,0.03177933767437935,0.03228496015071869,0.03177933767437935,0.03177933767437935,0.033372215926647186,0.03512900695204735,0.03126983717083931,0.03228496015071869,0.03611075505614281,0.03678726777434349,0.03512900695204735,0.022864114493131638,,0.026434868574142456,,,,0.02250094898045063,0.03177933767437935,0.03128284960985184,0.03228496015071869,0.03177933767437935,0.03228496015071869,0.03177933767437935,,0.03228496015071869,0.030732622370123863,0.03177933767437935,0.03177933767437935,0.030732622370123863,,,0.03177933767437935,-0.028371520340442657,0.03105042688548565,,,,,,,,0.03228496015071869,0.03228496015071869,0.03177933767437935,0.03177933767437935,0.03126983717083931,0.03177933767437935,0.03177933767437935,,0.03177933767437935,0.03177933767437935,0.03177933767437935,0.03177933767437935,0.054697729647159576,0.03126983717083931,0.03177933767437935,0.03177933767437935,0.039798106998205185,0.03177933767437935,,0.03611075505614281,0.035275351256132126,,,0.03177933767437935,
2019-09-01,0.03219228237867355,,,0.03219228237867355,,0.03219228237867355,0.03219228237867355,0.03219228237867355,,0.03711481764912605,0.03219228237867355,0.03205908462405205,0.03219228237867355,0.03219228237867355,,,0.03219228237867355,0.029223747551441193,0.03219228237867355,,0.03219228237867355,0.03711481764912605,0.03219228237867355,0.03711481764912605,0.03205908462405205,0.03711481764912605,,,0.03219228237867355,0.03219228237867355,0.03219228237867355,0.03219228237867355,,0.03219228237867355,0.029223747551441193,,0.03219228237867355,,0.03219228237867355,0.03219228237867355,,0.03219228237867355,0.03219228237867355,0.03219228237867355,0.03219228237867355,0.03219228237867355,0.034642480313777924,0.03343437612056732,0.03219228237867355,0.03205908462405205,0.03205908462405205,0.047495145350694656,0.03343437612056732,-0.006849310360848904,,0.029223747551441193,,,,0.03219228237867355,0.03219228237867355,0.03219228237867355,0.03205908462405205,0.03219228237867355,0.03205908462405205,0.03219228237867355,,0.03205908462405205,0.03219228237867355,0.03219228237867355,0.03219228237867355,3.4391123335808516e-05,,,0.03219228237867355,-0.024457355961203575,0.04233386367559433,,,,,,,,0.034340694546699524,0.03219228237867355,0.03219228237867355,0.03219228237867355,0.029223747551441193,0.03219228237867355,0.03219228237867355,,0.03219228237867355,0.03219228237867355,0.03219228237867355,0.03219228237867355,0.03219228237867355,0.029223747551441193,0.03219228237867355,0.03219228237867355,0.03711481764912605,0.03219228237867355,,0.03711481764912605,0.03343437612056732,,,0.03219228237867355,
2019-12-01,0.03456263616681099,,,0.03456263616681099,,0.03456263616681099,0.03456263616681099,0.03456263616681099,,0.03697725757956505,0.03456263616681099,0.0411272868514061,0.03456263616681099,0.03456263616681099,,,0.03456263616681099,0.031455378979444504,0.03456263616681099,,0.03456263616681099,0.03456263616681099,0.03456263616681099,0.02768639288842678,0.0411272868514061,0.039158307015895844,,,0.03456263616681099,0.03456263616681099,0.03456263616681099,0.03456263616681099,,0.03456263616681099,0.031455378979444504,,0.03456263616681099,,0.03456263616681099,0.03456263616681099,,0.03456263616681099,0.03456263616681099,0.03485170379281044,0.03456263616681099,0.03456263616681099,0.03528590500354767,0.03782098740339279,0.03456263616681099,0.03899373114109039,0.03899373114109039,0.039158307015895844,0.03782098740339279,-0.004535122308880091,,0.031455378979444504,,,,0.03456263616681099,0.03456263616681099,0.03456263616681099,0.03456263616681099,0.03456263616681099,0.03485170379281044,0.03456263616681099,,0.0411272868514061,0.03456263616681099,0.03456263616681099,0.03456263616681099,-0.0009762721019797027,,,0.03456263616681099,0.021972233429551125,0.031235137954354286,,,,,,,,0.03485170379281044,0.03456263616681099,0.03456263616681099,0.03456263616681099,0.03456263616681099,0.03456263616681099,0.03456263616681099,,0.03456263616681099,0.03456263616681099,0.03456263616681099,0.03456263616681099,0.03456263616681099,0.031455378979444504,0.03456263616681099,0.03456263616681099,0.03485170379281044,0.03456263616681099,,0.0423506423830986,0.06887940317392349,,,0.03456263616681099,
2020-03-01,0.03463301435112953,,,0.03463301435112953,,0.03463301435112953,0.03463301435112953,0.03463301435112953,,0.027041496708989143,0.03675924241542816,0.03151634335517883,0.03463301435112953,0.03463301435112953,,,0.03463301435112953,0.037927255034446716,0.03463301435112953,,0.03463301435112953,0.03675924241542816,0.03463301435112953,0.03504175692796707,0.03151634335517883,0.03996773436665535,,,0.03463301435112953,0.03463301435112953,0.03463301435112953,0.03463301435112953,,0.03463301435112953,0.027041496708989143,,0.03463301435112953,,0.03463301435112953,0.03463301435112953,,,0.03463301435112953,0.03463301435112953,0.03463301435112953,0.03463301435112953,0.03684106841683388,0.03675924241542816,0.027041496708989143,0.037927255034446716,0.03996773436665535,0.03996773436665535,0.03675924241542816,-0.011572211049497128,,0.027041496708989143,,,,0.03463301435112953,0.03463301435112953,0.03463301435112953,0.03996773436665535,0.03463301435112953,0.03996773436665535,0.03463301435112953,,0.03504175692796707,0.03675924241542816,0.03463301435112953,0.03463301435112953,0.037927255034446716,,,0.03463301435112953,0.022867949679493904,0.03232989087700844,,,,,,,,0.03441665321588516,0.03463301435112953,0.03463301435112953,0.037927255034446716,0.027041496708989143,0.03463301435112953,0.03463301435112953,,0.03463301435112953,0.03463301435112953,0.03463301435112953,0.03463301435112953,0.03463301435112953,0.027041496708989143,0.03463301435112953,0.03463301435112953,0.03463301435112953,0.03463301435112953,,0.03993683308362961,0.12399972230195999,,,,
2020-06-01,0.03899872675538063,,,0.03736419603228569,,0.03899872675538063,0.03736419603228569,0.03736419603228569,,0.03667374700307846,0.03899872675538063,0.04267691448330879,0.03899872675538063,0.03899872675538063,,,0.03899872675538063,0.03667374700307846,0.03899872675538063,,0.03899872675538063,0.03899872675538063,0.03899872675538063,0.02542470581829548,0.06851078569889069,0.04045254364609718,,,0.03899872675538063,0.03736419603228569,0.03736419603228569,0.03736419603228569,,0.03899872675538063,0.03396565839648247,,0.03899872675538063,,0.03899872675538063,0.03899872675538063,,,0.03899872675538063,0.04331403225660324,0.03899872675538063,0.03899872675538063,0.039985932409763336,0.03899872675538063,0.03899872675538063,0.03701261430978775,0.04045254364609718,0.057921502739191055,0.03899872675538063,0.0027175697032362223,,0.03503921627998352,,,,0.03736419603228569,0.03736419603228569,0.03736419603228569,0.03972070291638374,0.03899872675538063,0.03929264470934868,0.03899872675538063,,0.04331403225660324,0.03899872675538063,0.03736419603228569,0.03899872675538063,0.03503921627998352,,,0.03899872675538063,-0.008148021064698696,0.03646004572510719,,0.05308422073721886,,,,,,0.05721307545900345,0.03899872675538063,0.04349371790885925,0.03899872675538063,0.03667374700307846,0.03899872675538063,0.028208060190081596,,0.03899872675538063,0.03899872675538063,0.03899872675538063,0.03899872675538063,0.03736419603228569,0.03873349726200104,0.03899872675538063,0.03503921627998352,0.03899872675538063,0.03899872675538063,,0.037202220410108566,0.1189325600862503,,,,
2020-09-01,0.03538611903786659,,,0.03538611903786659,,0.03538611903786659,0.03538611903786659,0.03538611903786659,,0.03538611903786659,0.03538611903786659,0.03559281304478645,0.03538611903786659,0.03538611903786659,,,0.03538611903786659,0.03538611903786659,0.03538611903786659,,0.03538611903786659,0.03538611903786659,0.03538611903786659,0.041295234113931656,0.03872496634721756,0.03559281304478645,,,0.03538611903786659,0.03538611903786659,0.03538611903786659,0.03538611903786659,,0.03538611903786659,0.03206641599535942,,0.03538611903786659,,0.03538611903786659,0.03538611903786659,,,0.027923090383410454,0.03559281304478645,0.03538611903786659,0.03538611903786659,0.03538611903786659,0.03538611903786659,0.03538611903786659,0.03206641599535942,0.03538611903786659,0.040606074035167694,0.03538611903786659,-0.19652195274829865,,0.03206641599535942,,,,0.03538611903786659,0.03538611903786659,0.03538611903786659,0.03538611903786659,0.03538611903786659,0.03559281304478645,0.03538611903786659,,0.03559281304478645,,0.03538611903786659,0.03538611903786659,-0.0002854888734873384,,,0.03538611903786659,0.07150334864854813,0.03494272008538246,0.016222933307290077,0.07150334864854813,,,,,,0.042278021574020386,0.03538611903786659,0.03538611903786659,0.03538611903786659,0.03538611903786659,0.03538611903786659,0.03538611903786659,,0.03538611903786659,0.03538611903786659,0.027923090383410454,0.03538611903786659,0.027923090383410454,0.027923090383410454,0.03538611903786659,0.03538611903786659,0.03538611903786659,0.03538611903786659,,0.027923090383410454,0.016222933307290077,,,,
2020-12-01,0.03166217356920242,,,0.03166217356920242,,0.03166217356920242,0.03166217356920242,0.03192345052957535,,0.03166217356920242,0.03192345052957535,0.03413661569356918,0.03166217356920242,0.03166217356920242,,,0.03166217356920242,0.031418632715940475,0.03166217356920242,,0.03166217356920242,0.03192345052957535,0.03166217356920242,0.03721947222948074,0.03340895473957062,0.03340460732579231,,,0.03166217356920242,0.03166217356920242,0.030244572088122368,0.03166217356920242,,0.03192345052957535,0.029927758499979973,,0.03166217356920242,,0.03166217356920242,0.031418632715940475,,,0.017605537548661232,0.032066710293293,0.03166217356920242,0.031418632715940475,0.03166217356920242,0.031418632715940475,0.031418632715940475,0.030823195353150368,0.029927758499979973,0.03725128993391991,0.03166217356920242,-0.0322691984474659,,0.027055295184254646,,,,0.03166217356920242,0.03166217356920242,0.03166217356920242,0.032066710293293,0.03166217356920242,0.029788199812173843,0.03166217356920242,,0.03264693543314934,,0.03166217356920242,0.03166217356920242,0.023314934223890305,,,0.03166217356920242,0.000315928366035223,0.02640468068420887,0.030830197036266327,0.030496366322040558,,0.03161622956395149,0.014367835596203804,,,0.04154805466532707,0.03166217356920242,0.03166217356920242,0.030244572088122368,0.031418632715940475,0.03166217356920242,0.03166217356920242,,0.03166217356920242,0.03166217356920242,0.01535865943878889,0.03166217356920242,0.03166217356920242,0.027055295184254646,0.03166217356920242,0.03166217356920242,0.03192345052957535,0.03166217356920242,,0.028000252321362495,0.038002047687768936,,,,
2021-03-01,0.03291207179427147,,,0.03291207179427147,,0.03291207179427147,0.03291207179427147,0.03336900472640991,,0.03291207179427147,0.03336900472640991,0.038195714354515076,0.03291207179427147,0.02624795213341713,,,0.03291207179427147,0.032422687858343124,0.03291207179427147,,0.03291207179427147,0.03336900472640991,0.03291207179427147,0.033193688839673996,0.03888099268078804,0.03375766798853874,,,0.03291207179427147,0.03291207179427147,0.02624795213341713,0.03291207179427147,,0.03336900472640991,0.028742246329784393,,0.03291207179427147,,0.03291207179427147,0.03291207179427147,,,0.027353357523679733,0.033193688839673996,0.03291207179427147,0.02624795213341713,0.03291207179427147,0.03291207179427147,0.028742246329784393,0.028742246329784393,0.032422687858343124,0.04566605016589165,0.03291207179427147,-0.19916115701198578,,0.02624795213341713,,,,0.03291207179427147,0.03291207179427147,0.03291207179427147,0.03197148069739342,0.03291207179427147,0.033193688839673996,0.03291207179427147,,0.03375766798853874,,0.03291207179427147,0.03291207179427147,0.026148969307541847,,,0.03291207179427147,-0.011569884605705738,0.025615781545639038,-0.0007010912522673607,0.06706194579601288,,0.027353357523679733,0.0030844679567962885,,,0.060069214552640915,0.03291207179427147,0.03291207179427147,0.029928412288427353,0.028742246329784393,0.03291207179427147,0.03291207179427147,,0.03291207179427147,0.03291207179427147,0.027353357523679733,0.03291207179427147,0.03291207179427147,0.02246852219104767,0.03161357715725899,0.03291207179427147,0.03336900472640991,0.03291207179427147,,0.02496279962360859,0.11718345433473587,,,,
2021-06-01,0.02576007880270481,,,0.02794022113084793,,0.02794022113084793,0.02794022113084793,0.02794022113084793,,0.02794022113084793,0.02576007880270481,0.02576007880270481,0.02576007880270481,0.02794022113084793,,,0.02576007880270481,0.023254191502928734,0.02576007880270481,,0.02794022113084793,0.02576007880270481,0.02576007880270481,0.03994521498680115,0.028897717595100403,0.028897717595100403,,,0.02576007880270481,0.02576007880270481,0.02794022113084793,0.02576007880270481,,0.02576007880270481,,,0.02794022113084793,,0.02576007880270481,0.02794022113084793,,,0.02794022113084793,0.02576007880270481,0.02794022113084793,0.02576007880270481,0.02794022113084793,0.02576007880270481,0.02576007880270481,0.023254191502928734,0.02794022113084793,0.0423198938369751,0.02576007880270481,0.11142051219940186,,0.023254191502928734,,,,0.02576007880270481,0.02794022113084793,0.02794022113084793,0.028897717595100403,0.02576007880270481,0.028897717595100403,0.02576007880270481,,0.028370728716254234,,0.02794022113084793,0.02794022113084793,0.013939399272203445,,,0.025575676932930946,0.004873975180089474,0.11142051219940186,0.032525721937417984,0.016471171751618385,0.03197110444307327,0.013939399272203445,0.004873975180089474,,,0.028897717595100403,0.02576007880270481,0.02576007880270481,0.02794022113084793,0.02794022113084793,0.02794022113084793,0.02576007880270481,,0.02794022113084793,0.02794022113084793,0.013939399272203445,0.02576007880270481,0.02794022113084793,0.023254191502928734,0.02576007880270481,0.02794022113084793,0.02576007880270481,0.02794022113084793,,0.03253747150301933,0.11142051219940186,,,,
2021-09-01,0.032539304345846176,,,0.032539304345846176,,0.03388948366045952,0.032539304345846176,0.03489118441939354,,0.03292904421687126,0.03233668580651283,0.03233668580651283,0.03233668580651283,0.03388948366045952,,,0.032539304345846176,-0.013328814879059792,0.03233668580651283,,0.03489118441939354,0.03233668580651283,0.032539304345846176,0.046226244419813156,0.032539304345846176,0.03679722920060158,,,0.032539304345846176,0.032539304345846176,0.03388948366045952,0.032539304345846176,,0.03233668580651283,,,0.03489118441939354,,0.03233668580651283,0.032539304345846176,,,0.03489118441939354,0.032539304345846176,0.03489118441939354,0.032539304345846176,0.019107528030872345,0.032539304345846176,0.032539304345846176,0.027668746188282967,0.032539304345846176,0.046226244419813156,0.03233668580651283,-0.19856487214565277,,0.03375653922557831,,,,0.019107528030872345,0.03489118441939354,0.03388948366045952,0.0320608913898468,0.032539304345846176,0.03628746420145035,0.032539304345846176,,0.03155112639069557,,0.03489118441939354,0.03489118441939354,0.032272737473249435,,,0.032539304345846176,0.005295619368553162,-0.013328814879059792,0.0707424208521843,0.01255709771066904,-0.00794086791574955,0.019107528030872345,0.032865479588508606,0.03679722920060158,,0.03628746420145035,0.032539304345846176,0.03233668580651283,0.03388948366045952,-0.00794086791574955,0.032539304345846176,0.03233668580651283,,0.032539304345846176,0.03489118441939354,0.019107528030872345,0.032539304345846176,0.03489118441939354,0.032539304345846176,0.032539304345846176,0.03388948366045952,0.032539304345846176,0.03489118441939354,,0.019107528030872345,0.01255709771066904,,,,
2021-12-01,0.0329490564763546,,,0.03239011391997337,,0.03242690861225128,0.03239011391997337,0.01790643483400345,,0.03242690861225128,0.01790643483400345,0.03221810609102249,0.031031932681798935,0.03239011391997337,,,0.0329490564763546,0.03239011391997337,0.03745259344577789,,0.0329490564763546,0.03050977736711502,0.03242690861225128,0.04488019272685051,0.03242690861225128,0.03413522616028786,,,0.03239011391997337,0.03239011391997337,0.03239011391997337,0.03239011391997337,,0.031031932681798935,,,0.02026863396167755,,0.03242690861225128,0.03242690861225128,,,0.02721088007092476,0.03242690861225128,0.012235180474817753,0.03239011391997337,0.03094802424311638,0.03303472697734833,0.03239011391997337,0.0329490564763546,0.03242690861225128,0.04625292122364044,0.06257063895463943,-0.20041851699352264,,0.02754124626517296,,,,0.012235180474817753,0.0329490564763546,0.03239011391997337,0.030979273840785027,0.03242690861225128,0.03269940987229347,0.03239011391997337,,0.030782291665673256,,0.02754124626517296,0.03242690861225128,0.03348850831389427,,,0.03348850831389427,0.059132080525159836,0.03239011391997337,-0.0035354788415133953,-0.20041851699352264,0.022755298763513565,0.005818239878863096,0.02359926328063011,0.03413522616028786,,0.03269940987229347,0.0329490564763546,0.03050977736711502,0.02490135282278061,,0.0329490564763546,0.02490135282278061,,0.03303472697734833,0.03303472697734833,0.019832611083984375,0.03239011391997337,0.027646902948617935,-0.003402987029403448,0.0329490564763546,0.02754124626517296,0.03242690861225128,0.03239011391997337,,0.03094802424311638,0.0400429368019104,,,,
2022-03-01,0.032772812992334366,,,0.020672060549259186,,0.032772812992334366,0.03236070275306702,0.006317436695098877,,0.032772812992334366,-0.0064226132817566395,0.03027276322245598,0.03027276322245598,0.03236070275306702,,,0.032772812992334366,0.019587114453315735,0.029151545837521553,,0.032772812992334366,0.032772812992334366,0.032772812992334366,0.07149744033813477,0.032772812992334366,0.032772812992334366,,,0.03236070275306702,0.03236070275306702,0.020672060549259186,0.03236070275306702,,0.03027276322245598,,,0.030703656375408173,,0.03027276322245598,0.032772812992334366,,,0.030703656375408173,0.032772812992334366,0.019576361402869225,0.03236070275306702,0.032772812992334366,0.032772812992334366,0.03236070275306702,0.032772812992334366,0.032772812992334366,0.049298740923404694,0.03236070275306702,0.07256066054105759,,0.032178845256567,,,,0.019576361402869225,0.03236070275306702,0.03236070275306702,0.032772812992334366,0.032772812992334366,0.032772812992334366,0.03236070275306702,,0.03027276322245598,,0.03236070275306702,0.032772812992334366,0.007887720130383968,,,0.031272150576114655,0.05123266950249672,0.020672060549259186,0.02652178518474102,0.02652178518474102,0.004978882614523172,0.030862048268318176,0.016809120774269104,0.032772812992334366,,0.032772812992334366,0.032772812992334366,0.03027276322245598,0.020672060549259186,,0.032772812992334366,0.020144855603575706,,0.032772812992334366,0.032772812992334366,0.030703656375408173,0.03236070275306702,0.030703656375408173,0.007887720130383968,0.008177678100764751,0.03236070275306702,0.032772812992334366,0.03236070275306702,,0.032772812992334366,0.02540624514222145,,,,
2022-06-01,0.03002800978720188,,,0.03260622173547745,,0.03002800978720188,0.030191507190465927,0.03209059685468674,,0.03002800978720188,-0.07760671526193619,0.027623290196061134,0.03002800978720188,0.030191507190465927,,,0.03002800978720188,0.030191507190465927,0.03169018775224686,,0.03002800978720188,0.03002800978720188,0.03002800978720188,0.04840904474258423,0.03002800978720188,0.03002800978720188,,,0.030191507190465927,0.030191507190465927,0.030191507190465927,0.030191507190465927,,0.027623290196061134,,,0.02546202950179577,,0.03002800978720188,0.03002800978720188,,,0.02546202950179577,0.03002800978720188,0.03002800978720188,0.030191507190465927,0.03002800978720188,0.03002800978720188,0.030191507190465927,0.03002800978720188,0.03002800978720188,0.04255499690771103,0.03410489112138748,-0.20320744812488556,,0.02192256972193718,,,,0.002934729214757681,0.030191507190465927,0.030191507190465927,0.03002800978720188,0.03002800978720188,0.027623290196061134,0.030191507190465927,,0.027623290196061134,,0.030191507190465927,0.03002800978720188,0.03002800978720188,,,0.02546202950179577,0.0028730863705277443,0.03002800978720188,0.0530923567712307,-0.20320744812488556,0.030191507190465927,0.02546202950179577,0.014907973818480968,0.03002800978720188,,0.03002800978720188,0.027623290196061134,0.027623290196061134,0.03260622173547745,,0.03002800978720188,0.03260622173547745,,0.03002800978720188,0.03002800978720188,0.02546202950179577,0.030191507190465927,0.02546202950179577,0.030191507190465927,0.027623290196061134,-0.07760671526193619,0.03002800978720188,0.030191507190465927,,0.03002800978720188,0.03002800978720188,,,,
2022-09-01,0.030878787860274315,,,0.030878787860274315,,0.030878787860274315,0.030878787860274315,0.03250005468726158,,0.0322810523211956,-0.07437584549188614,0.029417144134640694,0.02145439013838768,0.030878787860274315,,,0.030878787860274315,0.02589878998696804,0.023815523833036423,,0.0038952152244746685,0.030878787860274315,0.030878787860274315,0.0432874970138073,0.030878787860274315,0.030878787860274315,,,0.030878787860274315,0.030878787860274315,0.029581230133771896,-0.016368210315704346,,0.029417144134640694,,,0.029581230133771896,,0.030878787860274315,,,,0.030878787860274315,0.030878787860274315,0.030878787860274315,-0.00480616232380271,0.030878787860274315,0.030878787860274315,0.030878787860274315,0.031409572809934616,0.030878787860274315,0.04586763679981232,0.029417144134640694,-0.03143725171685219,,0.033002473413944244,,,,0.029581230133771896,0.029581230133771896,0.030878787860274315,0.030878787860274315,0.030878787860274315,0.029417144134640694,0.030878787860274315,,0.029417144134640694,,0.029581230133771896,0.030878787860274315,0.030878787860274315,,,0.030878787860274315,0.045484088361263275,0.030878787860274315,0.04249031841754913,-0.009878147393465042,0.01861610822379589,0.030878787860274315,0.03859448805451393,0.030878787860274315,,0.030878787860274315,0.029417144134640694,0.029417144134640694,0.029581230133771896,,0.030878787860274315,0.02968807891011238,,0.030878787860274315,0.030878787860274315,0.030878787860274315,0.029417144134640694,0.030878787860274315,0.030878787860274315,0.029417144134640694,-0.07437584549188614,0.030878787860274315,0.029581230133771896,,0.030878787860274315,0.030878787860274315,,,,
2022-12-01,0.03491842374205589,,,0.03491842374205589,,0.03728387504816055,0.03491842374205589,0.033965811133384705,,0.03603585064411163,0.027187529951334,0.03491842374205589,0.03329671546816826,0.03491842374205589,,,0.03491842374205589,0.03161196410655975,0.03491842374205589,,0.029649831354618073,0.03491842374205589,0.03491842374205589,0.04260487109422684,0.03728387504816055,0.03728387504816055,,,0.03491842374205589,0.03491842374205589,0.03491842374205589,0.03491842374205589,,0.03491842374205589,,,0.03491842374205589,,0.03668024763464928,,,,0.03491842374205589,0.03728387504816055,0.03491842374205589,0.025225946679711342,0.03491842374205589,0.03491842374205589,0.03491842374205589,0.029649831354618073,0.03491842374205589,0.03825784847140312,0.03491842374205589,0.02748560905456543,,0.023868447169661522,,,,0.03491842374205589,0.03491842374205589,0.025225946679711342,0.02861550822854042,0.03491842374205589,0.03668024763464928,0.03491842374205589,,0.03728387504816055,,0.03491842374205589,0.03491842374205589,0.026294533163309097,,,0.03491842374205589,0.054314710199832916,0.03491842374205589,0.04877886176109314,0.03845611587166786,0.025225946679711342,0.03491842374205589,0.0446828193962574,0.03728387504816055,,0.04260487109422684,0.03491842374205589,0.03491842374205589,0.03491842374205589,,0.03491842374205589,0.03491842374205589,,0.03491842374205589,0.03491842374205589,0.03491842374205589,0.03491842374205589,0.03491842374205589,0.03491842374205589,0.03491842374205589,0.027187529951334,0.03491842374205589,0.03491842374205589,,0.03491842374205589,0.027311351150274277,,,,
2023-03-01,0.03327944129705429,,,0.03327944129705429,,0.03354709967970848,0.03327944129705429,0.033572450280189514,,0.031668491661548615,0.04179418832063675,0.03327944129705429,-0.19973568618297577,0.03327944129705429,,,0.03327944129705429,0.01861852966248989,0.03327944129705429,,0.03327944129705429,0.03327944129705429,0.03327944129705429,0.04114780202507973,0.03354709967970848,0.03354709967970848,,,0.03327944129705429,0.03327944129705429,0.03327944129705429,0.03327944129705429,,0.03327944129705429,,,0.03327944129705429,,0.03327944129705429,,,,,0.031624168157577515,0.03327944129705429,0.03327944129705429,0.03327944129705429,0.03327944129705429,0.03327944129705429,0.032177817076444626,0.03327944129705429,0.0451522059738636,0.03327944129705429,0.031668491661548615,,0.026462525129318237,,,,0.03327944129705429,0.03327944129705429,0.03327944129705429,0.031624168157577515,0.03327944129705429,0.03354709967970848,0.03327944129705429,,0.03354709967970848,,0.03327944129705429,0.03327944129705429,0.03598665073513985,,,0.03327944129705429,0.049843430519104004,0.03327944129705429,0.03069697879254818,0.040211230516433716,0.023184942081570625,0.03327944129705429,0.049843430519104004,0.034926630556583405,,0.04114780202507973,0.03327944129705429,0.03327944129705429,0.03108285926282406,,0.03327944129705429,0.03327944129705429,,0.03327944129705429,0.03327944129705429,0.03327944129705429,0.03327944129705429,0.03327944129705429,0.03108285926282406,0.03327944129705429,0.029682902619242668,0.03327944129705429,0.03327944129705429,,0.031668491661548615,0.020509077236056328,,,,
2023-06-01,0.02856985293328762,,,0.02856985293328762,,0.02856985293328762,0.02856985293328762,0.02685290016233921,,0.02856985293328762,0.02554156817495823,0.02554156817495823,0.026706550270318985,0.02856985293328762,,,0.02856985293328762,0.020906217396259308,0.020557530224323273,,0.02856985293328762,0.02856985293328762,0.02856985293328762,0.029115790501236916,0.02554156817495823,0.02856985293328762,,,0.023590300232172012,0.02856985293328762,0.023590300232172012,0.026540886610746384,,0.02554156817495823,,,0.023590300232172012,,0.02856985293328762,,,,,0.02856985293328762,0.02856985293328762,0.02554156817495823,0.02856985293328762,0.02856985293328762,0.02856985293328762,0.024613946676254272,0.02856985293328762,0.01928047090768814,0.02731289342045784,0.024613946676254272,,0.023590300232172012,,,,0.022468389943242073,0.023590300232172012,0.023590300232172012,0.02856985293328762,0.02856985293328762,0.02554156817495823,0.02856985293328762,,0.02554156817495823,,0.04011135175824165,0.02856985293328762,0.029115790501236916,,,0.02856985293328762,0.054290156811475754,0.02856985293328762,0.029115790501236916,0.05749158561229706,0.020775102078914642,0.021674633026123047,0.005460868589580059,0.02554156817495823,,0.029115790501236916,0.02554156817495823,0.02554156817495823,0.027727659791707993,,0.02554156817495823,-0.016357071697711945,,0.02856985293328762,0.02856985293328762,0.02856985293328762,0.02856985293328762,0.02856985293328762,0.023590300232172012,0.02554156817495823,0.026540886610746384,0.02856985293328762,0.027727659791707993,,0.02856985293328762,0.005460868589580059,,,,
2023-09-01,0.023602597415447235,,,0.023602597415447235,,0.023602597415447235,0.020136700943112373,0.018730254843831062,,0.023602597415447235,0.030831066891551018,0.02437809482216835,0.02107132598757744,0.023602597415447235,,,0.023602597415447235,0.02239980548620224,0.01655576005578041,,0.023602597415447235,0.02437809482216835,0.023602597415447235,0.028844483196735382,0.023602597415447235,0.02437809482216835,,,0.020136700943112373,0.023602597415447235,0.020136700943112373,0.020695187151432037,,0.023602597415447235,,,0.01861044205725193,,0.02437809482216835,,,,,0.023602597415447235,0.023602597415447235,0.023602597415447235,0.023602597415447235,0.023602597415447235,0.023602597415447235,0.023602597415447235,0.023602597415447235,-0.004099221434444189,0.020695187151432037,0.01101883128285408,,-0.13652682304382324,,,,0.020136700943112373,0.01936015672981739,0.01655576005578041,0.023602597415447235,0.023602597415447235,0.023602597415447235,0.023602597415447235,,0.02437809482216835,,-0.08083583414554596,0.023602597415447235,0.03880580887198448,,,0.023602597415447235,0.03880580887198448,0.02437809482216835,0.03880580887198448,-0.0013638517120853066,0.02091287076473236,0.015909768640995026,-0.0013638517120853066,0.023602597415447235,,0.028844483196735382,0.023602597415447235,0.02437809482216835,0.009231587871909142,,0.023602597415447235,0.01655576005578041,,0.023602597415447235,0.023602597415447235,0.01861044205725193,0.023602597415447235,0.023602597415447235,0.004342448431998491,0.023602597415447235,0.030831066891551018,0.02437809482216835,0.02451159618794918,,0.023602597415447235,0.02091287076473236,,,,
2023-12-01,0.02162158489227295,,,-0.03639419749379158,,0.02162158489227295,-0.015678495168685913,0.01412292756140232,,0.019401296973228455,-0.1865287572145462,0.019401296973228455,0.019401296973228455,0.02095167338848114,,,0.02162158489227295,-0.020950039848685265,-0.010010961443185806,,0.02162158489227295,0.02177678979933262,0.02162158489227295,0.01945442706346512,0.019401296973228455,0.02162158489227295,,,0.01388561725616455,0.02162158489227295,0.011240514926612377,0.01388561725616455,,0.019401296973228455,,,0.011240514926612377,,0.02177678979933262,,,,,0.019401296973228455,0.02162158489227295,0.019401296973228455,0.02162158489227295,0.02162158489227295,0.019401296973228455,0.019401296973228455,0.02162158489227295,0.022715633735060692,0.012373663485050201,0.02162158489227295,,-0.049283985048532486,,,,0.01388561725616455,0.01388561725616455,0.019775373861193657,0.02162158489227295,0.02162158489227295,0.019401296973228455,0.019401296973228455,,0.02177678979933262,,0.023112917318940163,0.02162158489227295,0.027050627395510674,,,0.019401296973228455,0.027050627395510674,0.02162158489227295,-0.006028005853295326,-0.0037028957158327103,0.04303841292858124,0.02162158489227295,-0.02414708584547043,0.0895356684923172,,0.027050627395510674,0.019401296973228455,0.02177678979933262,0.011240514926612377,,0.021134033799171448,-0.019872933626174927,,0.02162158489227295,0.02162158489227295,0.01388561725616455,0.019401296973228455,0.02162158489227295,0.012495444156229496,0.019401296973228455,0.01388561725616455,0.023997079581022263,0.01388561725616455,,0.02162158489227295,0.007775797974318266,,,,
2024-03-01,0.020756542682647705,,,0.018881885334849358,,0.020259728655219078,0.023080063983798027,0.02266080118715763,,-0.008058668114244938,0.02266080118715763,0.020628856495022774,0.02187642641365528,0.020756542682647705,,,0.020756542682647705,-0.008058668114244938,0.008459045551717281,,0.020756542682647705,0.023080063983798027,0.020628856495022774,0.024666519835591316,0.020628856495022774,0.020628856495022774,,,0.018840555101633072,0.020628856495022774,0.018840555101633072,0.018881885334849358,,0.020628856495022774,,,0.016444578766822815,,0.023080063983798027,,,,,0.020628856495022774,0.020756542682647705,0.020628856495022774,0.020756542682647705,0.020628856495022774,0.020628856495022774,0.020132042467594147,0.020756542682647705,0.045242663472890854,0.018881885334849358,0.020259728655219078,,0.02187642641365528,,,,0.018840555101633072,0.016444578766822815,0.008491648361086845,0.020756542682647705,0.020756542682647705,0.020628856495022774,0.020628856495022774,,0.023080063983798027,,-0.08319058269262314,0.020756542682647705,0.0030373388435691595,,,0.020628856495022774,0.016616936773061752,0.020756542682647705,0.045242663472890854,0.02250530757009983,-0.00634482316672802,0.020756542682647705,-0.007867023348808289,0.0030373388435691595,,0.024666519835591316,0.020628856495022774,0.020628856495022774,0.018881885334849358,,0.023080063983798027,0.008459045551717281,,0.020756542682647705,0.020756542682647705,0.016444578766822815,0.020628856495022774,0.020756542682647705,0.008459045551717281,0.020628856495022774,0.02266080118715763,0.02320775017142296,0.018881885334849358,,0.020259728655219078,0.004759971983730793,,,,
2024-06-01,0.01703055575489998,,,-0.01134935300797224,,0.01703055575489998,0.017283346503973007,0.014482340775430202,,-0.06841831654310226,0.012611854821443558,0.01701856032013893,0.016548609361052513,0.01703055575489998,,,0.01703055575489998,-0.01134935300797224,0.0009070755913853645,,0.01703055575489998,0.01701856032013893,0.016765769571065903,0.025802113115787506,0.01703055575489998,0.016765769571065903,,,0.012611854821443558,0.01703055575489998,0.012611854821443558,0.012611854821443558,,0.016765769571065903,,,0.012611854821443558,,0.01701856032013893,,,,,0.016765769571065903,0.01703055575489998,0.016765769571065903,0.01703055575489998,0.01703055575489998,0.016765769571065903,0.014942803420126438,0.01703055575489998,0.022694164887070656,0.02811766415834427,0.015207587741315365,,0.016548609361052513,,,,0.012611854821443558,0.012611854821443558,0.016765769571065903,0.01703055575489998,0.015207587741315365,0.01703055575489998,0.016765769571065903,,0.01701856032013893,,0.012611854821443558,0.01703055575489998,0.013163658790290356,,,0.016765769571065903,0.026648923754692078,0.015460380353033543,0.026228247210383415,0.05085650831460953,-0.002432354725897312,0.015207587741315365,-0.013507035560905933,0.016765769571065903,,0.019475825130939484,0.016765769571065903,0.01701856032013893,0.012611854821443558,,0.016765769571065903,0.0009070755913853645,,0.01703055575489998,0.01703055575489998,0.012611854821443558,0.012611854821443558,0.015207587741315365,-0.01134935300797224,0.016765769571065903,0.012611854821443558,0.017283346503973007,0.012611854821443558,,0.01703055575489998,0.02509954385459423,,,,
2024-09-01,0.015862973406910896,,,0.04082757607102394,,0.0129428431391716,0.015862973406910896,0.01450774073600769,,-0.18134705722332,0.01450774073600769,0.01939374767243862,0.01589491032063961,0.01584535464644432,,,0.015862973406910896,-0.06978496164083481,0.010885446332395077,,0.015862973406910896,0.014068654738366604,0.015862973406910896,0.031726762652397156,0.015862973406910896,0.014068654738366604,,,0.010885446332395077,0.015862973406910896,0.010885446332395077,0.011020294390618801,,0.01390503253787756,,,0.010885446332395077,,0.01584535464644432,,,,,0.014068654738366604,0.015862973406910896,0.01390503253787756,0.015862973406910896,0.01939374767243862,0.01584535464644432,-0.012030855752527714,0.015862973406910896,-0.022467702627182007,0.016139095649123192,-0.002210131846368313,,0.015694163739681244,,,,0.010885446332395077,-0.00155517621897161,0.015862973406910896,0.0129428431391716,0.0129428431391716,0.015862973406910896,0.01584535464644432,,0.01390503253787756,,0.012089347466826439,0.0129428431391716,-0.002210131846368313,,,0.01584535464644432,0.01844773441553116,0.0129428431391716,0.013674343936145306,0.012795878574252129,-0.0055970787070691586,-0.002210131846368313,-0.0029826301615685225,0.01939374767243862,,0.0005364578682929277,0.01939374767243862,0.01390503253787756,0.011020294390618801,,0.014068654738366604,0.010885446332395077,,0.015862973406910896,0.015862973406910896,0.010885446332395077,0.014068654738366604,0.0129428431391716,0.014295283704996109,0.01390503253787756,0.01450774073600769,0.015862973406910896,0.011020294390618801,,0.019411366432905197,-0.022467702627182007,,,,
2024-12-01,0.011155841872096062,,,0.009974533692002296,,0.009350367821753025,0.009908880107104778,-0.005541366524994373,,-0.0744471624493599,0.010758879594504833,0.012045230716466904,0.009067020379006863,0.004604735411703587,,,0.011155841872096062,0.0010536834597587585,0.004604735411703587,,0.011155841872096062,0.009350367821753025,0.011155841872096062,0.01019222754985094,0.011155841872096062,0.009350367821753025,,,0.005792011506855488,0.011155841872096062,0.005007666070014238,0.010758879594504833,,0.009067020379006863,,,0.005007666070014238,,0.009908880107104778,,,,,0.006675177253782749,0.011155841872096062,0.011155841872096062,0.011155841872096062,0.012045230716466904,0.009908880107104778,0.006675177253782749,0.011155841872096062,-0.006517502013593912,0.010758879594504833,0.0031390239018946886,,0.007081139367073774,,,,0.005792011506855488,-0.004757021088153124,0.009908880107104778,0.0031390239018946886,0.006675177253782749,0.011155841872096062,0.009067020379006863,,0.009350367821753025,,0.005792011506855488,0.006675177253782749,0.006675177253782749,,,0.011155841872096062,0.012911558151245117,0.014671719633042812,0.008938592858612537,0.014671719633042812,0.014671719633042812,0.008938592858612537,0.006154761649668217,0.012328578159213066,,0.008938592858612537,0.012628210708498955,0.009067020379006863,0.005007666070014238,,0.009908880107104778,0.005792011506855488,,0.011155841872096062,0.011439189314842224,0.004604735411703587,0.009067020379006863,0.006675177253782749,0.011155841872096062,0.009067020379006863,-0.08234928548336029,0.011155841872096062,0.010758879594504833,,0.012911558151245117,0.02913951501250267,,,,
2025-03-01,0.009581760503351688,,,0.006029794458299875,,0.005682134069502354,0.006515907123684883,0.016888322308659554,,-0.07610253244638443,0.013880319893360138,0.017590053379535675,0.007180948741734028,0.0074531761929392815,,,0.009581760503351688,0.006058692932128906,0.005752393510192633,,0.009581760503351688,0.007192553952336311,0.009581760503351688,-0.00376959890127182,0.009581760503351688,0.009593365713953972,,,0.006029794458299875,0.009581760503351688,0.0058915321715176105,0.006070214789360762,,0.007180948741734028,,,0.006070214789360762,,0.007180948741734028,,,,,0.005682134069502354,0.009581760503351688,0.0074531761929392815,0.009541340172290802,0.010799601674079895,0.008077793754637241,,0.009581760503351688,-0.029137415811419487,0.010808869265019894,0.02901058830320835,,0.008743030950427055,,,,0.006070214789360762,-0.00022151941084302962,0.009581760503351688,0.005682134069502354,0.009581760503351688,0.0071405284106731415,0.007180948741734028,,0.007192553952336311,,0.013880319893360138,0.009581760503351688,0.005682134069502354,,,0.0074531761929392815,0.04093984141945839,0.005682134069502354,-0.00376959890127182,0.028352394700050354,-0.02657773345708847,-0.00376959890127182,0.005757382605224848,0.010811206884682178,,0.005682134069502354,0.010799601674079895,0.007180948741734028,0.006058692932128906,,0.008077793754637241,0.005752393510192633,,0.009581760503351688,0.009581760503351688,0.00036895324592478573,0.007180948741734028,0.005682134069502354,0.009581760503351688,0.007180948741734028,-0.18890289962291718,0.009593365713953972,0.006070214789360762,,0.010854821652173996,-0.029137415811419487,,,,
2025-06-01,0.00897698849439621,,,0.006393461488187313,,0.009017345495522022,0.007303320802748203,0.0019781391602009535,,-0.07503623515367508,0.0019781391602009535,0.0033848662860691547,0.007418115623295307,0.00897698849439621,,,0.00897698849439621,0.006278666667640209,0.009966745041310787,,0.00897698849439621,0.007458473555743694,0.00897698849439621,0.006443432532250881,0.00897698849439621,0.009017345495522022,,,0.006278666667640209,0.00897698849439621,0.00020192909869365394,0.006393461488187313,,0.007418115623295307,,,0.00897698849439621,,0.007418115623295307,,,,,0.009433703497052193,0.00897698849439621,0.007418115623295307,0.009017345495522022,0.009851949289441109,0.00897698849439621,,0.008625421673059464,0.019041484221816063,0.009966745041310787,-0.009333401918411255,,-0.07503623515367508,,,,0.006393461488187313,0.006393461488187313,0.00897698849439621,0.009017345495522022,0.00897698849439621,0.007303320802748203,0.007418115623295307,,,,0.011990235187113285,0.009017345495522022,0.01864262856543064,,,0.00897698849439621,0.01688924804329872,0.006443432532250881,0.00903109461069107,0.005966338329017162,0.00903109461069107,-0.0037601501680910587,-0.009690914303064346,0.01864262856543064,,0.009239193983376026,0.009966745041310787,0.007458473555743694,0.006393461488187313,,0.007418115623295307,0.009966745041310787,,0.00897698849439621,0.00897698849439621,0.006278666667640209,0.007303320802748203,0.00897698849439621,0.00897698849439621,0.00897698849439621,0.011990235187113285,0.009017345495522022,0.006393461488187313,,0.012258886359632015,0.00903109461069107,,,,
2025-09-01,0.006373378448188305,,,0.0046640438959002495,,0.0066685802303254604,0.005828357767313719,0.011013993993401527,,0.005493540782481432,0.006389106158167124,0.00517240772023797,0.005828357767313719,0.005453810561448336,,,0.006373378448188305,0.0050816526636481285,0.007113262545317411,,0.006373378448188305,0.005828357767313719,0.006373378448188305,0.0025507803075015545,0.006373378448188305,0.0066685802303254604,,,0.005839083343744278,0.006373378448188305,-0.0036973010282963514,0.005839083343744278,,0.005828357767313719,,,0.006373378448188305,,0.005828357767313719,,,,,0.021233106032013893,0.006373378448188305,0.005839083343744278,0.003646970959380269,0.0061936951242387295,0.006373378448188305,,0.0066685802303254604,-0.0005304515361785889,0.007113262545317411,0.019484365358948708,,-0.06092927232384682,,,,0.005839083343744278,0.005839083343744278,0.006373378448188305,0.006314341444522142,0.006373378448188305,0.005828357767313719,0.005839083343744278,,,,0.006389106158167124,0.0066685802303254604,0.020305169746279716,,,0.005839083343744278,0.024215249344706535,0.004935559816658497,0.019484365358948708,-0.009374852292239666,,-0.0026257457211613655,0.0024023624137043953,-0.02908017858862877,,0.0016886588418856263,0.007113262545317411,0.005828357767313719,0.0046640438959002495,,0.005828357767313719,0.007113262545317411,,0.006373378448188305,0.006373378448188305,0.003176647238433361,0.005828357767313719,0.006373378448188305,2.181528543587774e-05,0.005828357767313719,0.006389106158167124,0.003646970959380269,0.005839083343744278,,0.005494262557476759,-0.03071180358529091,,,,
2025-12-01,0.0037330531049519777,,,0.0035418057814240456,,0.004637519828975201,0.0035748786758631468,0.011458768509328365,,0.004897124599665403,0.002692565554752946,0.0035748786758631468,0.0035748786758631468,0.0035748786758631468,,,0.0035748786758631468,-0.0014673173427581787,0.0035418057814240456,,0.0037330531049519777,0.0006016024271957576,0.0037330531049519777,0.007193276192992926,0.0037330531049519777,0.004897124599665403,,,0.0035418057814240456,0.003491052193567157,0.0010944383684545755,0.0035418057814240456,,0.0035748786758631468,,,0.0035418057814240456,,0.0035748786758631468,,,,,0.009631133638322353,0.0037330531049519777,0.0035418057814240456,0.004897124599665403,0.0012108738301321864,0.0035748786758631468,,0.004897124599665403,-0.026897594332695007,0.0035418057814240456,-0.013658946380019188,,0.003087420482188463,,,,0.0035418057814240456,0.0035418057814240456,0.0037330531049519777,0.004738951101899147,0.0037330531049519777,0.0035748786758631468,0.0035418057814240456,,,,-0.009661689400672913,0.0037330531049519777,-0.0009026543120853603,,,0.0035418057814240456,0.02154240757226944,0.00994261633604765,-0.006105233449488878,0.006664495915174484,,0.0035237723495811224,-0.009594015777111053,0.004738951101899147,0.002046470530331135,0.004897124599665403,0.0035748786758631468,0.004738951101899147,0.0035418057814240456,,0.0035748786758631468,0.0035418057814240456,,0.0037330531049519777,0.0037330531049519777,0.0017564137233421206,0.0035748786758631468,0.0037330531049519777,0.0017236215062439442,0.0037330531049519777,0.002692565554752946,0.00314875110052526,0.0037330531049519777,,0.004897124599665403,,,,,
