,1300,1598,1891,2285,2574,2817,3062,3650,3835,3851,4058,4199,4321,4423,4494,4598,5046,5047,5256,5492,5764,5783,5878,5959,6216,6223,6268,6774,7085,7435,7921,7923,7985,8253,8358,8402,8463,9203,9225,9771,9778,9882,10016,10519,10795,10867,10920,10983,14225,14477,15267,20116,23546,24617,26590,28192,29901,30098,35077,36190,36191,43197,45169,60979,65609,66065,66446,112168,122380,143912,148349,163036,165123,176928,180652,183736,186310,189491,316056
2001-03-01,0.025169664863034142,0.020384115453845584,0.008955660022206562,0.008955660022206562,0.027319382287437927,0.023873040954949177,0.016470347885025532,0.03192697806083287,0.021808772593958668,0.02325945087973362,0.02912243643563698,0.02363730893338685,0.02116006552804635,0.02282370104662096,0.02607035862407734,0.022497924491314655,0.021446765727832908,0.040015773683156786,0.022247017470666645,0.030610329603950465,0.02739867714283857,0.02812520195117858,0.02357393339047046,0.020683299862283448,0.017943281044166433,0.025260087834081773,0.02695215847917106,0.017911910794059734,0.013806619649507485,0.009473526901055795,0.03663651573055942,0.01754258241338721,0.026653024029023687,0.026488290666721512,0.01561033422088158,0.02785864412641771,0.02553344882661842,0.022751655110455137,0.018003017810635083,0.020364488871981935,0.023234697448079364,0.01728267155352639,0.024224993274709096,0.015521192587903639,0.017788395350881843,0.022847548502881593,0.010305788903392201,0.02642507446729133,0.024250937749719655,0.01806943397434494,0.031001870112543913,,,0.021467933422088234,,,0.03924751532361533,0.020846001476567424,,,,,,0.013262593303966777,0.023222006260303917,0.02720468055907647,0.023430770186640158,0.026269047198244338,0.03060634735035992,,,,,,,,,,
2001-06-01,0.016078306401280797,0.022390922481333425,0.01788532504995812,0.007714890119715369,0.014869783062624629,0.01420912461357984,0.01124602360205173,0.028943299094840256,0.024524333149181374,0.016078306401280797,0.03047889243367085,0.010786230007218768,0.019097231651038868,0.013248719516836895,0.014524702826986825,0.021962212970450135,0.020796467610762953,0.027069062919660596,0.029218942327675693,0.029273824635630014,0.023959800919987884,0.02033943255112586,0.010381958958722093,0.01820468594694912,0.013099031733650192,0.033264750545817734,0.02044028236685028,0.02073940235363899,0.029488642708511672,0.006111562135938264,0.016375359497635515,0.012917997999365834,0.01608501214328128,0.025430218066378046,0.01761147815873698,0.00968570981457301,0.031912604473225144,0.021974298886801788,0.020879521730601355,0.031912604473225144,0.01804055503290838,0.027823447173238806,0.01764106681338031,0.02602143611549754,0.01922325029216161,0.023222651273966596,0.04069124284125908,0.019147123731984954,0.02209136719740289,0.029273824635630014,0.03329157273557343,,,0.02053945068340845,,,0.02874409628104977,0.025588964116482576,,,,,,0.031912604473225144,0.03349159086785601,0.01651266822192055,0.025588964116482576,0.027823447173238806,0.03159955501054485,,,,,,,,,,
2001-09-01,0.018454614154992173,0.022280445639676943,0.014522188048981444,0.0005251701318993542,0.012754955424541402,0.010487026577228324,0.014522188048981444,0.01581217657127628,0.019787112530455904,0.022057705134979032,0.015935350150179967,0.025210157106061466,0.01131526695766082,0.01131526695766082,0.014522188048981444,0.02201443307501795,0.01131526695766082,0.02207301267871355,0.02201443307501795,0.039108348349729635,0.01131526695766082,0.02409365865653497,0.01131526695766082,0.017617718036219747,0.02813470499962222,0.020649787743300837,0.02169176210901832,0.014076922864738117,0.005569923068935152,0.0005251701318993542,0.022280445639676943,0.029672129080847976,0.003884087780162332,0.0211305709572224,0.014076922864738117,0.015242153445023714,0.014136399812648756,0.020352181172355394,0.019119172876612307,0.020649787743300837,0.014136399812648756,0.02611692746114881,0.020352181172355394,0.014076922864738117,0.024576969139791238,0.012754955424541402,0.008674268158132294,0.01131526695766082,0.014841626625816916,0.01131526695766082,0.005569923068935152,,,0.021971191810796355,,,0.014090676584915038,0.039108348349729635,,,,,,0.029672129080847976,0.03665232672564353,0.03012146613238434,0.01711370363562557,0.005569923068935152,0.019246964126649443,0.014841626625816916,,,,,,,,,
2001-12-01,0.007267149226174213,0.02844287132722072,0.03587263678399467,0.029468071564456324,0.007677310795797746,0.00834383145258536,0.027075794615769252,0.02458978423359952,0.013525747113251368,0.0005361274032518282,0.004441199796576995,-0.0054426115811715,0.024197752876626132,0.019970419834797543,0.04952383374795031,0.008251619937127985,0.01232708735152492,0.04497690719933429,0.006233733147211365,0.02976321981544269,0.022598583129050588,0.028794860931141017,0.003602101295959993,-0.0019550062999601184,0.02680740744048662,0.03689298462456232,0.011606236873561035,0.02335798529498251,0.04710420543256513,0.008436203918965426,-0.01927268196114281,-0.02033963792927257,-0.006420866575772878,0.017969716746001917,0.02734482377079712,0.027038748077792097,0.006034539997910664,0.023334790646297558,0.023269410048437314,-0.010578209980734467,-0.00515917474475416,0.04242902431499696,0.01240381365184457,0.007267149226174213,0.014154589184906747,0.002230550460900007,-0.004780904606242787,0.030026519184750355,0.019004787648957373,0.03824386224648844,-0.013822261985636346,,,0.008184398807441845,,,0.025233380656685032,0.017008100173345225,,,,,,-0.0006623828930404581,-0.0012781341229007371,0.005680293782811363,0.003611710946640079,0.00328240580900854,0.0177824507577384,0.003823715692240277,,,,,,,,,
2002-03-01,0.03995964974407567,0.018685148620456414,-0.007389860446539439,0.021741603892897286,0.019960652815661024,0.017136670343399506,0.014936500365127585,0.02722338819921065,0.010740799990992584,0.03476066735673143,0.012521596814475726,0.009533215475882767,-0.004499971809489738,0.01601531397693045,0.027977593293596097,-0.0149006369410426,0.012162228279479327,0.02841153524231495,0.027604634961049354,0.016969217958668178,0.013431827372865444,0.03894026045175183,0.009895414354098568,0.02200711409014168,-0.0014863894218781857,0.03663052093807528,0.021499671250183216,0.024203768245271814,0.024185849365545384,-0.0149006369410426,0.020093788458629903,0.01899543924679444,-0.0149006369410426,0.02471607362925515,-0.011789281360846922,0.019704795414410142,0.03133220210647128,0.05496631709635908,-0.009934362739550243,0.013361205180302198,0.013415011306363812,0.021297491096513074,0.019102360500166317,0.012672087312748482,0.018808288013201457,0.00989167240664113,0.006622197814234939,0.021666342024880464,0.0026084652458404824,-0.004767480115300166,-0.006343551222749272,,,0.04051175397082332,,,0.005312177344238119,0.02751828376190259,,,,,,0.040402187124884054,0.05076883845051855,0.02226233075847481,0.013597896644212517,0.020152619301128313,0.046721076642293,0.0446831108841866,,,,,,,,,
2002-06-01,0.027340787688056308,0.016449859652147316,0.011917737649988625,0.011289903656313735,0.012368988376063756,0.014557327255552463,0.019560808827874098,0.024104442178967306,0.019284051026874357,0.017896273395679625,0.01999489308277994,0.01822736241748268,0.01694719117867526,0.020441416372725098,0.026607353117334375,-0.0004737473458725236,0.018559000591316505,0.022143545563441606,0.014693802134982854,0.008606195396980288,0.013833117548989393,0.010879140280045402,0.013160673463917279,0.012368988376063756,0.023259971596652582,0.02500736536214341,0.010312713741096739,-0.003139444061525677,0.023155867838446097,0.00028736266983859626,0.0261826883561485,0.014707683953691184,-0.003139444061525677,0.012963472090744192,0.014207619009370788,0.009030388130564913,0.014868090873750345,0.02706899906869805,0.020103212766854818,0.025662480904226907,0.020097344547872154,0.027899548861759105,0.010732606831524346,0.020416308398480423,0.018076292910623685,0.009219491665363164,0.012678847665699742,0.019632585579624752,0.022552274295045284,0.027653676271051864,0.01495100423525829,,,0.025904746549133446,,,0.03395233576436165,0.018412587387148904,,,,,,0.01656550122617987,0.027301480668179615,0.013879661516159334,0.029970063338133804,0.02952822677612201,0.019645054844798344,0.024589671056248097,,,,,,,,,
2002-09-01,0.02005408934004973,0.018789320258946203,0.022554142738834392,0.020387192489132996,0.020942846974148253,0.019675724855949206,0.02310691612386378,0.021499675859482086,0.023469346791808853,0.02895800187914291,0.023311439517145913,0.025100009217789817,0.021406775254257833,0.011093132978543262,0.03297121191324432,0.015377308522031665,0.0171501020508504,0.02624625600781828,0.013940784731260319,0.027192213111006516,0.024181405490186395,0.020101432672396603,0.027831812447860635,0.02053680928121735,0.02333199765418691,0.02877047703627746,0.018993758593345796,0.0053060588940520865,0.018166496522938516,0.015720911621083144,0.013468141609663784,0.028912489518233407,0.012511594301493071,0.023700995832638697,0.017590605336914245,0.026614355209772612,0.0258623530562235,0.023460539127053318,0.023076576111429093,0.030367905343223544,0.023720897661823677,0.025427575045595986,0.02437635701440288,0.021430448879759992,0.033709340801796606,0.019476539448910094,0.002096741574462006,0.024594187240812453,0.025040088487352827,0.012276506542325556,0.01857837331743286,,,0.025559673697768882,,,0.026666153582816404,0.031686545040165014,,,,,,0.02628241396261752,0.03566980271320301,0.024791213756469317,0.025517791089561585,0.014566209362911779,0.021257158462173478,0.0242786549398959,,,,,,,,,
2002-12-01,0.015597025445737591,0.017833918469318262,0.01055833105563796,0.02175443114279948,0.02134354899395714,0.01791643967052006,0.010485972535578753,0.03465810958079021,0.0074719088836437695,0.029517170814320003,0.02546787160596073,0.025873037022544457,0.002217549366930376,0.006386366020505355,-0.013389260399121338,-0.002081053371453558,0.02308519922588673,0.020497121466082995,0.023117114278043874,0.023803945670343735,0.010469154559842977,0.019838540822830913,0.010235186271475018,0.03238624383340608,0.010696573078565839,0.01976961952469442,0.014451708685478362,-0.002081053371453558,0.020363901009889315,-0.002081053371453558,0.003198924617527119,-0.011679652770878918,-0.0336829152719814,0.0158464749840868,0.026370722125361592,0.004137227677215181,0.025899134523974996,0.02151785064922388,0.004039186708840403,0.026378090560646238,0.014062472064212196,0.028778019606888697,0.007394184619461246,0.022373173933971556,0.02643104467610872,-0.0023319255106202526,-0.002081053371453558,0.015639823590540048,0.01206699099455965,0.008464704554360871,0.030696211275238354,,,0.00589539473645661,,,0.05544738170173119,0.041124648050018794,,,,,,0.03168062531889744,0.04238808305249407,0.029517170814320003,0.0299458660695962,-0.0028566211800810266,0.008438160161967283,0.05544738170173119,,,,,,,,,
2003-03-01,0.03042810158871219,0.006566373686005656,0.020210235951605572,0.03132977763606462,0.023901869703895542,0.022702986907024512,0.00238732224170491,0.01660661061930538,0.019069550975578966,0.020523149775288654,0.02119699671641909,0.02828770297773801,0.01737134438144353,0.021152964534059075,0.02777250812239468,-0.009444787512488057,0.0284598041455728,0.017106069235642014,0.008479656478621308,0.020503705140118837,0.015112938577813293,0.023289993317857874,0.025227483731400255,0.025529470126230757,0.021634432209627553,0.024966034777847923,0.029490252570491954,-0.0010629849538519465,0.024248354339276815,-0.02159529400075782,0.027413347404125914,0.0028050204515736045,0.029557545636101697,0.022416142565608466,0.020085229565449662,0.03378391750987614,0.029007243534051673,0.044174887889231726,0.01371202063837865,0.023378523221992905,0.022443808141625887,0.06809234295967385,0.010911582548370696,0.019310982287264442,0.048459908542409454,-0.005611554760953934,0.0056309246410358406,0.019096414118373935,0.02068063607898203,0.018157250108311106,0.04169601245361839,,,0.03783054718977938,,,0.06783060881452042,0.0480838992574784,,,,,,0.029093758662954602,0.022122254134661058,0.040896817246516816,0.06083161459678235,-0.006440441314106052,0.05530739503405881,0.05935663590193467,,,,,,,,,
2003-06-01,0.02939313591863145,0.02939313591863145,0.021852448955637867,0.03301992536232123,0.053221542233177266,0.03985695222997905,0.00624178761169854,0.053221542233177266,0.030922633706526034,0.03248151513360856,0.03344554865830385,0.02815153869626996,0.0028684661586216935,0.014278495997683409,0.03431139168918604,0.008518930952968004,0.03503881407679647,0.02843286332632886,0.03405314736618716,0.035476841689484825,0.011331517474663239,0.0397411218051955,0.03236084386266811,0.0323130137689072,0.03615974488489097,0.04296757878549925,0.026597335886949038,0.02753697618832327,0.02939313591863145,-0.0024108911316137495,0.03985695222997905,0.04164731418859692,0.025845369304830616,0.03021572211311201,0.03615974488489097,0.02885224178249006,0.0323130137689072,0.02939837096200057,0.038256240352132945,0.03177460354019453,0.028296787215527835,0.061776594927955675,0.03985695222997905,0.053221542233177266,0.06172499839118545,0.036566261609249376,-0.0009251380222489432,0.019354388279680744,0.03578384447892967,0.039891412948098594,0.03412845185370999,,,0.03615974488489097,,,0.05438357418063191,0.04449846039091298,,,,,,0.023228037655882945,0.04082251424499995,0.050856055831288105,0.07259553286430487,-0.0057942557262380835,0.04296757878549925,0.05614598448242754,,,,,,,,,
2003-09-01,0.029337172825455293,0.027384635478892784,0.017092985168440447,0.017432215198296908,0.06014359408673839,0.02078816194830013,0.03048047138421632,0.03235185650779619,0.022659314613640794,0.01858493674189213,0.017861215429776197,0.03089000855073195,0.01914437535045282,0.025230446307763624,0.014610719408638858,0.002527544474925674,0.02596759261845887,0.00821743205525158,0.025920374977511512,0.016220985390829445,0.016042353966560525,0.04736138560799411,0.026701886678887465,0.025848538595551324,0.03734531714957701,0.02149827697648861,0.021001904580983013,0.026263585146647887,0.028441461770359302,0.0012731074279476787,0.013899432172126677,0.048215922275004215,0.023435893881535583,0.01981296082238435,0.015275583273817688,0.019556926509538716,0.027495011397529148,0.028355267121186172,0.01906921989982773,0.02948950965315785,0.01723992034190746,0.07085487013960734,0.006285087603028401,0.021001786265679116,0.06084300343908694,0.004454915276902838,0.0030916368755345685,0.01639722648525196,0.028232592078075908,0.03393071143802038,0.027121373068983344,,,0.03634584187891912,,,0.05704300836741371,0.0520800042020529,,,,,,0.01933260316510427,0.023272589048694184,0.0419405488582146,0.060591446637132895,0.009780128316180895,0.027411268834896422,0.03995599100391449,,,,,,,,,
2003-12-01,0.012577523008417354,0.012288234034844856,0.013727615178364084,0.009092854243327939,0.036930970372459924,0.01578865410581718,0.007014947699296139,0.012577523008417354,-0.0041669554763133,-0.023839496412831472,0.0005015264024700193,0.012577523008417354,0.016060273342564303,0.011409788245983531,0.006057967893339334,0.0037999732089278103,0.009092854243327939,-0.0041669554763133,0.012347071937988221,0.015308677246427952,0.0007405515999981784,0.027456899924680672,0.002461872697950994,0.012577523008417354,0.015377493898697877,0.01875091457797673,0.012108419982815094,0.009092854243327939,0.012577523008417354,0.0037999732089278103,0.01203435916910029,0.03715009467230406,0.009092854243327939,0.012487874278835461,0.00725725725582899,0.0036977886984283894,0.016060273342564303,0.016060273342564303,0.004768806755972277,0.01875091457797673,0.0009898111767275353,0.007708631506302278,0.007219608586513594,0.01875091457797673,-0.023839496412831472,0.012577523008417354,0.0037999732089278103,0.01584636771011665,0.007014947699296139,0.012577523008417354,0.015308677246427952,,,0.01562425233398526,,,0.02757724314662799,0.01562425233398526,,,,,,0.00936875644647951,0.006150063402590647,0.018999064878420763,0.003793520259860799,-0.00579776398090102,0.012397708956387591,0.02757724314662799,,,,,,,,,
2004-03-01,0.009140494209935256,0.011487734372682409,0.017189985309751115,0.017901580152665048,0.012247973614341358,0.02296783473706461,0.01696430842088412,0.009214181524467947,-0.023146967031786782,-0.0433087975643962,0.006073866443169295,0.011652529322517816,0.00292287409958903,0.019945488889345234,0.013778279680599834,-0.014813876949022352,0.017901580152665048,-0.023146967031786782,0.017901580152665048,0.016006512174849996,0.01950529622505804,0.02509184610738036,0.01920195329587375,0.012142093685631069,0.026353270807521773,0.016336114651973974,0.011084262613191618,0.007383991201142775,0.019124137773456604,-0.0007416944066584221,-0.004638000975856259,0.009101398005623491,0.017901580152665048,0.018004857305104444,0.004047643132697786,0.011151819379253712,-0.013271001542407913,-0.004391172256747912,0.01252977675458854,0.015303626865865524,0.005029465421774376,-0.010802976018196535,0.009452497732707028,0.02296783473706461,-0.0433087975643962,-0.0006338228312104762,-0.0007416944066584221,0.012013622475407455,-0.0013144686910545025,0.0014898988851984429,0.016849868212005847,,,0.016432409869111455,,,0.004345044007734063,0.021625236439657552,,,,,,0.018476204670665172,0.012054811167881489,-0.0433087975643962,0.0317284484046734,0.0002400575074068582,0.018042987219550163,0.06809508063903454,,,,,,,,,
2004-06-01,-0.0009268726275625137,0.014900708571483142,-0.0001851237512700365,0.012489947422416563,0.0539376674063254,0.013232636349219106,0.024320851398583237,0.021254305936555203,-0.0180579074351933,-0.05066514765755569,-6.519472782110831e-05,0.0030250944814268184,-0.0008058417077478373,0.014860929462597866,0.014656577233518452,-0.002450365162248408,0.014167779106796587,-0.011774935679734247,0.018439755564804188,0.009789870324188382,0.0031023472284859295,0.020315931486496325,0.004441934278390248,-0.0014347252973466438,0.028987691786659248,0.054540237934547424,0.00435792365470052,0.012489947422416563,-0.001293812052196602,-0.0014917608319039207,-0.005629239232671402,-0.001700527675855241,0.0124227283436399,0.012880537694932552,-0.001245282403367511,0.013851372272192033,0.012375724976231234,0.0016397903493855766,0.01145419449140845,0.02489727232876585,-0.000321223131639796,0.0160860328684667,-0.0011587031516856836,0.017127144565173922,-0.05066514765755569,0.003145933227732739,-0.0014917608319039207,-0.0010788919468636999,0.00023283087446048471,0.00014205034085242515,-0.003849402979358731,,,0.03219874047185433,,,-0.019555815732270918,0.02415130606009233,,,,,,0.013171291028274757,0.019225575721047713,0.05092512762883789,0.04978043505244789,0.011737391897952518,-0.05066514765755569,0.0010955922215817103,,,,,,,,,
2004-09-01,0.0024926584429685486,0.0012253346975636744,0.006325041385439072,0.009700156416108555,0.07561581417137893,0.014814995535124331,0.021879509754271203,0.024675521788070368,0.008265581317284377,-0.04898250680604799,0.001986276596727555,0.007129776263312481,0.004458879423618331,0.02203469349738857,0.00824454756553991,0.005208291822910595,0.010281080700315755,9.537414272965745e-05,0.005985335538823786,0.016057576437931667,0.0011694363753758793,0.032143357057899155,0.01240303946008779,0.012085330096161865,0.02709133746174786,0.02126927910288394,0.019733778920886735,0.014134461032288137,0.010875116138804774,0.005036988790224502,0.016034060321144676,0.0016770774086773861,-0.010153633756913248,0.018966410226678092,0.011190974699297434,0.008995938849550123,-0.0014545411185690645,-0.00412462065995161,0.020556087869149264,0.021047687827697406,0.006315298993803437,0.02028087742711124,0.008707893275020098,0.018798270093054962,-0.04898250680604799,0.020212629635174655,0.005036988790224502,0.006113527873905918,0.010898304069620477,0.011318391479361258,0.016072148345238305,,,0.03510891866556208,,,0.009721720713732078,0.0245356451092528,,,,,,0.02873836522662582,0.019636296961206817,0.03467344073409371,0.08380367548334859,-0.004304040180590654,0.020566309818032227,-0.0014312494543839527,,,,,,,,,
2004-12-01,0.009613853734050498,0.01274820583239716,0.023409806379232095,0.01905327467732519,0.06294695474288561,0.026241974873183544,0.04216756731553702,0.0208002981231409,0.008354673339340321,-0.033323320343690746,0.005998211894304593,0.016664379730932533,0.018023123438654864,0.019888788579663183,0.02457476144815718,0.006669709487334008,0.016935495257262553,-0.001614582979329195,0.007191986119115722,0.018536731346834093,0.00954367273304856,0.026788343594791708,0.019606140310015178,0.019850819118257992,0.032558602031421476,0.0761198826504941,0.022861354875329896,0.006669709487334008,0.008611936277178987,0.006746807372645313,0.020630800814900336,0.006093505859631675,-0.007003043652311516,0.02150117484536855,0.009296869175411296,0.010104516573710401,0.009900138085115327,0.00954367273304856,0.021895342866861112,0.01657120492988236,0.009583848436690768,0.02051810091075257,0.018556326501010363,0.024746381566676547,-0.033323320343690746,0.01767024803165489,0.006738399176265279,0.017256953652835708,0.01396868671562767,0.019105763858280347,0.020118320996439253,,,0.030602457156055897,,,0.024660582250120362,0.023610476345758722,,,,,,0.018672581974780174,0.02500650537666913,0.02399932809139312,0.0761198826504941,0.007893728475808392,0.048465697383896444,0.004448559417185816,,,,,,,,,
2005-03-01,0.007613623042913647,0.03610188110115669,-0.01643730667569165,-0.0036010453587882246,0.010209043583670079,0.023031550359752184,0.04144262282746124,0.036925579872842604,0.001730534219995351,-0.004834041230146886,0.009474451936839963,0.025994547362223914,0.007369728204239394,0.021573384294326946,0.014629514512105242,0.0027800610246080546,0.00518111097579611,0.018411228217342278,0.00807736331440543,0.0281677687256583,0.0024834977464600803,0.027909785006645378,0.0247421683372959,0.02257859886573438,0.04074750302038681,0.016740682148277085,0.00012094104302285956,-0.0057515967166142995,-0.011424169418368171,0.012000286713435917,0.016055052291046115,0.00913355898348165,-0.0009604597182974685,0.019159890314265033,-0.020575358180076844,0.02012834885276969,-0.025724740084156938,-0.007000548225171896,0.028433984983739495,0.032353792504107026,0.010225285116380173,0.008104393181688261,0.02076555684511404,0.02989254994142208,-0.004834041230146886,0.025193441812226183,0.001768181165120712,-0.0005352650167182844,0.009088234769632816,0.011731775086987764,0.009124255157114644,,,0.048802538750672766,,,0.09596688679280033,0.038153678527286246,,,,,,0.0287844931000185,0.026477174018900172,0.028820183362006525,0.07578757775529509,0.023646126523176818,0.01564602066084451,0.03149596545968332,,,,,,,,,
2005-06-01,0.011247471348180797,0.0013319634397666025,0.008963005783456858,-0.00980679268464432,0.006371806618182111,0.02256443087543779,0.033268490475684545,0.04223300683357459,-0.007981057572983395,0.01598559211837741,0.00918920702370454,0.016710540691665426,0.013412485344173771,0.002095571671630572,0.052594509997923734,0.006788022584749318,0.0008632926334423071,0.0021237347087825946,0.005085021892503426,0.023111064239863928,-0.0009807871300752677,-0.0025965611474012824,0.016802915468269872,0.005092422898162046,0.03987495801349013,0.031645668821049765,0.020030331796323363,-0.00037122341974149374,-0.010223322214859058,0.00946192501018815,0.03232403016892572,0.014691658657987924,-0.004148149417975327,0.012477876552243167,0.02224758244361664,0.025158757049409834,-0.025885064134611956,-0.0012521847158984097,0.04275994294676607,0.03332063188105851,0.014243425933676944,0.03243562706540835,0.015379370023362923,0.012759336949278317,-0.014658447833943215,0.021540902189062922,0.006187503649733046,0.002501652661233942,0.028462049229068524,0.04018684900651003,0.02719487931063272,,,0.04840474883621007,,,0.13081945580979984,0.030886060214264977,,,,,,0.033903133395162016,0.03467245687891501,0.017076744026487234,0.04916325371097214,0.016920315406131904,0.03985564450463997,0.02985808158440066,,,,,,,,,
2005-09-01,0.02063947511894855,0.007033063834956004,0.003880548958570125,0.0027000682652895867,0.020221705959914835,0.020942355154432962,0.043024803642067455,0.03876265766881097,0.00994667005705174,-0.01497751847388325,0.019091076766239917,0.03745545224580509,0.03100223870026382,-0.005699898690981982,0.026929739488457678,0.011351150572469666,0.0040671628159991,0.014497059934053164,0.00047408058642081966,0.018087956452071858,0.025738316633855268,-0.000620480889094207,0.023441742904654363,0.02041818895274063,0.034180036767217786,-0.010116130615010795,0.02017837831292818,0.005469088025471833,0.026149849886746252,0.017644058288652172,0.03577166178277101,0.014763662559157321,-0.001141741556201182,0.02064907421279955,0.019088907011571114,0.02168100808354771,-0.015617269560070679,0.010156565371685583,0.022856742588131387,0.045604016818534765,0.015305137496710508,0.05660915165202761,0.020276693907813826,0.02576366646349449,-0.020678693125366663,0.03570732618704075,0.017644058288652172,-0.0030752870311466915,0.04818248057082186,0.031095438878222508,0.0294953103704062,,,0.05752117806667035,,,0.03948812486919967,0.028162884439722865,,,,,,0.035854115121066975,0.03177888606381312,0.01929843985472649,0.03137668344964577,-0.008999318555428234,0.03115950784015182,0.016422021738340863,,0.022139887602863374,,,,,,,
2005-12-01,0.01940362599235834,0.008406469777183899,-0.010287213071579246,0.011497229456458575,0.02057244752599069,-0.019763279920690532,0.04192983248917251,0.04137165766397731,0.015236488696031869,-0.09675504208564652,-0.0076279101217626615,0.020766017093925223,0.018737097650295444,0.00930682173873461,0.02892765231520237,0.01109030392782212,0.008898460657153093,0.022396040327181288,0.011358383992953703,0.01662616422705428,0.019247164036470466,0.02769791484048269,0.022896949376845784,0.017418049193746298,0.025205180152963993,0.017193339133388424,0.01891402137231467,0.009784380867692778,0.028839235642750944,0.012815866097381532,0.015476198513705462,-0.0003473696549665775,0.007004271604431364,0.016183872634200413,0.01763059634384263,-0.01095061049173669,-0.013926161552213368,0.000949236914283891,0.0344863113262651,0.03886248070189087,0.01922030236209735,0.019444643765898353,0.014581340924884967,0.019375798381046402,-0.09675504208564652,0.026818359412364143,0.012815866097381532,0.0005589332112907914,0.027507367792976713,0.03349940020060463,0.051488443185817724,,,0.04485025541158842,,,0.11820892023444247,0.033095443310717995,,,,,,0.035187360618246205,0.015753051201933974,0.006111410497050032,0.05934668416875971,-0.0005666740376650382,0.042301818498550685,0.02730208875107195,,0.0370324823860359,,,,,,,
2006-03-01,0.02826218604342716,0.02335651118884729,0.0018355485686555853,0.016812306125809633,0.015108033601532485,0.010978574230760697,0.05415706285631947,0.05629241890814694,0.01654946254903878,0.003631312731079684,0.018825764694792645,0.02847340953818688,0.002261657774596435,-0.019512039305283158,0.012370075725394829,0.01446650317239839,0.015288807208126287,0.023143973671060237,0.02241300058920064,0.012006890866614772,0.029540336270273082,0.015065904011417134,0.021335308632752216,0.024052440755693443,0.0218092536815975,0.03469433295702711,0.013216588809173247,0.023922362160933696,0.0373804370831564,0.023415360844455065,0.026823096532277563,0.024719337471835637,0.01558304965252327,0.025486144492150496,0.02757508791832926,-0.006659298241198623,0.022317254993829857,0.009581434972226204,0.0047942127913497895,0.03350219458073182,0.027072565256887567,-0.007827233409675689,0.02770164856371695,0.03265515066527177,0.003631312731079684,0.020361699380211352,0.012296615783620077,0.010596590743334444,0.0006293180133917127,0.0350362574978658,0.0362067407556274,,,0.07062159943309833,,,0.08638264163720999,0.051300901051394454,,,,,,0.03558086177058338,0.020430344118054375,0.025378220699965606,0.043786578569015376,0.027304481086433116,0.03954713949564787,0.1319454852165825,,0.039323278891712624,,,,,,,
2006-06-01,0.015228165071503215,0.032964356756479754,0.017316767486393932,0.009750988120019679,0.013923970558685848,-0.010338033412846179,0.03491803380109136,0.0485329304130681,0.008421486696776462,-0.010645269390694361,0.011116918549045588,0.017296644267803647,0.013101944510896083,0.004308244197031258,-0.019516239913617294,0.015214588491879842,0.013740865349997966,0.00684100656625829,0.016538175352449738,0.019734855761397784,0.01867942216151799,0.02263456566993999,0.01599607699823749,0.01368095929620341,0.004767837365221075,0.04149189162948786,0.020373463117045864,0.012402737474761836,0.02437715423322636,0.013820167342167735,0.03823588437715442,0.015702448023374664,-0.00013976582975289652,0.025633159476908626,0.010593985117004105,-0.01039425369166938,0.005473747028427579,0.008067735171033362,0.04399172090285494,0.04525146109335256,0.015209791974337817,-0.008475372982756833,0.004517361926045371,0.010155732548226928,0.029684368191696158,0.021079533136854123,0.01881433339271889,0.0051719667185194124,0.008665060920227521,0.007894375505669265,0.02337561407624531,,,0.06595144496437003,,,0.0804085160317518,0.022025510317791062,,,,,,0.025052858545749103,0.0035347260068396198,-0.02776528510727323,0.030798539631708057,0.0009830393424869442,0.030735779813488434,0.09642773558503424,0.019377229286985164,0.031608668918017516,,,,,,,
2006-09-01,0.02191707575964919,0.024826073233434207,0.004980969884201955,-0.0013317911334856738,0.020589394009319244,-0.0012840016510031267,0.038975925564384985,0.04553496510581799,0.010726790803184632,-0.02331981806404291,0.009731737556919633,0.021898351160245844,0.008934062083631459,0.0016546590247940483,-0.020614333853829134,0.011500788629619766,0.01046218741384842,0.01431260911419081,0.008536519704797366,0.010327488683083762,0.016102318843371873,-0.013376866660459053,0.00858528281568303,0.0022507105992604463,0.024512476443800554,0.04502885884425461,0.0049613171633060725,0.01251025543605314,0.04835929040499676,0.010608598518346966,0.03485806291228288,0.0012840433887795779,0.002896505313527843,0.02070098874809421,-0.006210913345804309,0.009073634921061575,0.01564645580305923,0.007645863459946741,0.030423496330922055,0.06165470033003697,0.00906747367458708,0.023598295120052667,0.02201449221610038,0.02263569296703922,0.04910925713310845,0.027364788712409868,0.010608598518346966,0.008641075061038932,0.09050062084346719,0.012159487627642698,0.01282909956118243,,,0.030504191189548883,,,0.023597858294012758,0.014453508816979084,,,,,,0.047223999105881216,-0.025190121409318495,-0.002326176813612062,0.028389217055958666,0.006220324889802116,0.06428427647053336,0.13050026102517565,0.02991284649151892,0.043142654693039496,,,,,,,
2006-12-01,0.021000496268056973,0.028712750365820838,0.008265309231805438,0.0010379805681888835,0.021215325961155093,0.006500957790224729,0.03449096107672045,0.04694513093795649,0.0060396802009804115,-0.11228519120623155,0.014040774912214386,0.021000496268056973,0.01398077212032548,-0.0034553845934520958,-0.029669231356456088,0.01269474938012941,0.0013369255541280144,0.0031479613711241626,0.012066881743776464,0.014017149519273304,0.019067477652917587,0.019643148493883825,0.01340266851589931,0.010261678744647175,0.028213292321728308,0.04421267353758355,0.008561915458371799,0.01269474938012941,0.0460612666480265,0.012859286054540692,0.035661567018967624,0.015342796558080235,0.009619762393998327,0.020084127477093695,0.00954246748347604,-0.010581452868613901,0.050871422938988296,0.012423297216854942,0.030937281247323912,0.023083337492047645,0.017925509281925885,0.018250901221727713,0.012446753565342087,0.023207094523238044,0.04415138586928976,0.02461973191441546,0.012759501633412313,0.012033186635327193,0.026330320684789132,0.01340266851589931,0.034790671274923274,,,0.03329186787063488,,,0.05423987202048071,0.01658147573983717,,,,,,0.03119282246800812,0.004142443158705545,0.018686861051952244,0.03266605184456812,0.03312607488858835,0.05628402105454106,0.021934766821886068,0.011665729274628672,0.022243550781639785,0.012853002831229001,,,,,,
2007-03-01,0.010677115133527768,0.038858341831464846,0.017414566895458772,0.011380312595566554,0.03510764067576378,0.017271360065258007,0.033368098281044554,0.05710888053698896,0.011947762439203069,-0.05280436951549083,0.020139878692510153,0.02392026679357616,0.016880490188483418,-0.003885931677706626,-0.023430441317609164,0.014610339232799368,0.02128082368751731,0.006500195013280996,0.02144142700201836,0.020269342447857684,0.020123834725843462,0.02851927319133504,0.020139878692510153,0.012421781522688307,0.02245665409152568,0.052900342904885954,0.020616485220374035,0.021461872098221597,0.03881573170635392,0.020113247727841663,0.018995894112001456,0.01954184731974273,0.02121807175340252,0.00357305716646906,0.015238210376348057,-0.028285655727058424,0.044668615768197216,0.01682111602460702,0.016811229745697348,0.0652697928738163,0.015918185775669266,0.017791674733007905,0.02118697303002324,0.025877464451080794,0.0014199023042548015,0.03940436799339582,0.01990538670417121,0.02031050311945699,0.07438822065512336,0.01681307576998683,0.02036732551836312,,,0.03545032100827459,,,0.04073842592775243,0.021677859942232862,,,,,,0.02973246814185773,0.014596161933905333,0.048753406968121304,0.05073150691824867,0.0204528719115795,0.053322876412500574,0.06028257103536208,0.03174688604754073,0.0308689947908636,0.018940177216881002,,,,,,
2007-06-01,0.016858460144154305,0.031407200016679904,0.023264381678478722,0.021126482525626093,0.02374376608659051,0.01887980832017929,0.02899379894260574,0.030082815024450475,0.007208860842956469,0.12718458728796853,0.018897410442811846,0.030438669197675496,0.020660409031484816,0.006360813713106136,-0.01742547721781364,0.025097665950701873,0.021977522930062488,0.012912680645430046,0.024771272111811047,0.023679899086330218,0.0264061454077737,0.02828247678695367,0.016239692869719425,0.008575453071001566,0.028060036787936244,0.03697556741289869,0.01914847559431609,0.02280698801820127,0.0429576857500858,0.020835335520495026,0.02220744764225574,0.017993345507770146,0.023035918445957114,0.011489467997803404,0.01715438569422647,-0.01157937041027519,0.03882476126949435,0.02258415312203718,0.022500146662360165,0.047344180439490506,0.02628924115753829,0.017063282095860118,0.02280698801820127,0.018892334255635655,0.0027736809589190433,0.028831479580090934,0.01748341474182053,0.011863934154186344,0.04311909598432578,0.015493002913598793,0.019604292504955597,,,0.039151663201311034,,,0.0616797335225111,0.013613721017241473,,,,,,0.028086020372098165,0.011468284092292651,0.04411597471389261,0.040714792256349476,0.011983805275798915,-0.005411413784885117,0.031805618767313686,-0.001486865646250366,0.034737975571175556,0.0024806737409938523,0.038699990392703124,,,,,
2007-09-01,0.001042738541174708,0.041765411190233234,0.016549246955088113,0.011281862634450374,0.038481595823995754,0.024191407733737784,0.03518930941424892,0.025946013299161567,0.014715096256157176,0.07944360410401193,0.023133088103709745,0.027587279767207935,0.02446683656239861,0.016296635874069244,0.01585061682455966,0.027240916423685868,0.024821131730288295,0.014009186544417714,0.025134852715776743,0.019117148192966126,0.021361989717645077,0.0012509943232345258,0.02251894645783591,0.004389554149259571,0.021508256411735843,0.02135971075905931,0.03137722287802729,0.025946013299161567,0.0494819539722621,0.025978088470479128,0.025222023844160103,0.02446683656239861,0.00880297203233275,0.016829698863314594,0.012018726226083023,-0.006205814920917607,0.01612140629541363,0.02618570842648428,0.029411107255917838,0.03427432400835218,0.021339648811516867,0.033223211614594086,0.023309879822207776,0.023605429310678546,-0.005087545570417026,0.030865519109951247,0.02446683656239861,0.023309879822207776,0.04904614226461361,0.023157576151582246,0.023157576151582246,,,0.04993408818980973,,,0.04103302893406612,0.022605906617891205,,,,,,0.03599737600295761,0.023673091014767843,0.016604956288206213,-0.020425051501130064,-0.009063896239406696,0.032476852101121625,-0.027632964715313693,-0.003716789986309991,0.018865563014490497,0.01809946487511586,0.09654550240501979,,,,,
2007-12-01,0.020256226419947333,0.04511950054751233,0.020136320781905317,0.008844145548977693,0.030542742507902416,0.021894661855509125,0.03962658529922363,0.022993997164254425,0.01598122845356251,0.06707714723362217,0.022964391839858246,0.0229084381070077,0.020256226419947333,0.01693860919746746,-0.008991313621912576,0.023440922701420584,0.021108862261266688,0.019983388465277314,0.01236378633034158,0.017206124156501416,0.021108862261266688,0.023713551109545053,0.021108862261266688,0.0038668776649827545,0.02405567847200762,0.030554691336008945,0.020361017878049403,0.022993997164254425,0.0473580577757429,0.021108862261266688,0.033930140791761675,0.020256226419947333,0.012503705899431608,0.005332598127471848,0.010083811211737808,-0.006244276029462855,0.009604800573271002,0.020256226419947333,0.04040149266559971,0.03932264357014056,0.023670528720215384,0.042832961599994494,0.02205580226568835,0.025466462504385622,0.019912824115951865,0.03588531498882835,0.021108862261266688,0.021108862261266688,0.03825458309051195,0.02024959855871344,0.020081915263795543,,,0.043891381653069356,,,0.05756123721290638,0.02073876413680931,,,,,,0.06742236210244565,0.020039025414308458,0.01529992669635789,0.04224866543497693,-0.004094675265271269,0.02372125446387245,-0.00845489174352706,0.005944966779689973,0.04199345580816064,0.010903975770862785,0.04324857495848901,,,,,
2008-03-01,0.025516207760199295,0.03279042727639175,0.020173262370092294,0.025770108776885448,0.03172731559885711,0.022911756449578564,0.0356749657499626,0.025770108776885448,0.020137788552712154,0.04530572992482469,0.025516207760199295,0.025960192668064735,0.020173262370092294,0.025516207760199295,0.00684951830063488,0.025770108776885448,0.025516207760199295,0.025438943143909522,0.025770108776885448,0.025516207760199295,0.025516207760199295,0.015343146902639973,0.025516207760199295,0.025516207760199295,0.020173262370092294,0.0519700180780494,0.022556097520625987,0.025770108776885448,0.03632357566423303,0.025516207760199295,0.03268252576576555,0.01863915591637996,0.025770108776885448,0.019766003626291148,0.018129463051656008,0.028448444852719502,0.019067290085763088,0.025516207760199295,0.015271036216377251,0.014479246894066282,0.025960192668064735,0.03528221466157552,0.025960192668064735,0.025480733942819155,0.022237034794587593,0.03225388657599509,0.021688162616671003,0.025516207760199295,0.050645424639238636,0.01863915591637996,0.020173262370092294,,,0.03940853531504933,,,0.04987243150660231,0.025960192668064735,,,,,,0.035852592533307456,0.019377476428104848,0.050559548210410976,0.033051410916968796,0.008645929533227462,0.025960192668064735,-0.004689225554392208,0.020173262370092294,0.09385256530228943,0.028066856794527185,0.0028409943330036185,,,,,
2008-06-01,0.02175171073153806,0.03995083819928692,0.02094500629883931,0.024401201144494827,0.030865487384562962,0.022196245947840827,0.03366432932349639,0.028767763351863165,0.021602170324194835,-0.05545354151211779,0.020140828533811057,0.026060176553819873,0.02327363243183205,0.0230093659320445,0.010960323106061856,0.01712120153864292,0.02327363243183205,0.017910215552634733,0.02587197284178686,0.024902776628524245,0.028767763351863165,0.007126398140246821,0.019573664156727497,0.019573664156727497,0.026622092913371205,0.0361261247677551,0.028737204533107026,0.028767763351863165,0.0317617120007424,0.02327363243183205,0.009680088507260627,0.018753230294712153,0.023390549609419022,0.027924270130902425,0.01983524952541948,0.018463583066471473,0.021725504287605186,0.02327363243183205,0.029634944087830243,0.035110956685452686,0.028767763351863165,0.02536615028668962,0.028767763351863165,0.02173731287600866,-0.016413508965401183,0.03152740196169565,-0.016224271288172665,0.02327363243183205,0.046411961319860924,0.0225721445935534,0.03247719212929581,,,0.03579996050276905,,,0.05710776997292761,0.021297721642291885,,,,,,0.037364607145531394,0.02320837305133505,0.07123698651262847,0.02006297226138909,0.020397245292793326,0.017529074363810866,0.012041492384109854,0.01893080908558107,0.013726757983242336,0.02092956438449887,0.047843320809210714,,,,,
2008-09-01,0.027896414080000348,0.03379356225035087,0.012361401125337432,0.029481484843397163,0.03258148644638504,0.02608911888850484,0.038517870875476534,0.025319281953674257,0.01797141036174236,-0.1194632806708942,0.03238897382981649,0.03237093530257415,0.02388465738802416,0.023253836191481445,0.009294142124438128,0.027303879212537206,0.027896414080000348,0.019796763682250272,0.027896414080000348,0.02512813549916732,0.03238897382981649,0.008677908538771522,0.023038585311555133,0.022815738486956987,0.023492806217758726,0.04445744533488887,0.03663657488765755,0.027896414080000348,0.04345572548976735,0.02388465738802416,0.022401556598207948,0.023659460947394025,0.02608911888850484,0.03302468346366134,0.027896414080000348,0.007460047082355561,0.028039154110242444,0.03238897382981649,0.009962558780870028,0.030210927051957135,0.027896414080000348,0.06734384641249036,0.02776364012533757,0.029550948826599633,-0.15288867895004085,0.02273323802825778,-0.03250558086754146,0.027896414080000348,0.057230018700692914,0.02355168380805678,0.02388465738802416,,,0.03565552407943911,,,0.048083899206208335,0.02388465738802416,,,,,,0.047120727495874336,0.024085341085221867,0.04787582672428619,0.019966148084954755,0.002237522495158123,0.04129214015189873,0.035009022146250464,0.023128611364043178,0.1585496169334099,0.026697866398756327,0.05107988919141602,,,,,
2008-12-01,0.03210375919339701,0.044047143378581906,0.014668306327686348,0.02881900943780581,0.0311330319093207,0.025810008511411853,0.034340321216066776,0.032225806468092075,0.021959615858328563,-0.0514160925112496,0.03228862579608776,0.04957493980766832,0.028211506161157616,0.023995168042387813,0.0200063943120957,0.03207767065782725,0.03207767065782725,0.022867090170973683,0.03207767065782725,0.030396106869573548,0.03203744267851208,0.013654636357725979,0.02839637276384838,0.025591094666323616,0.03207767065782725,0.038769184019406544,0.003296247971728509,0.03207767065782725,0.052682911410108085,0.02453607476798372,0.04281231783092292,0.0247439904007337,0.03207767065782725,0.024897433184762834,0.031826487540251566,0.02362037912304928,0.021744498632512932,0.03228862579608776,0.008341947044854888,0.022056082237633824,0.0316922844771435,0.03516217822068632,0.03210375919339701,0.029877587965990812,-0.13646225128801667,0.024586076281980146,0.010395177541786765,0.03207767065782725,0.04246613047353183,0.015206813087851424,0.039379342531537805,,,0.03387938026458853,,,0.04612037918996914,0.03252141762741701,,,,,,0.03984972653756821,0.023687692206074577,0.09368678808586826,0.03769073005865674,0.015967601482576727,0.03203744267851208,0.030845341212032695,0.02410168183703351,0.09846924084196944,0.03257927402318484,0.03458227925618285,,,,,
2009-03-01,0.03040451304167895,0.015416974583700787,0.01722788071178871,-0.01336657984452294,0.043034852509769295,0.026926525405692164,0.03166507932691243,0.050013375437434913,0.01996128378720019,-0.14726862293747373,0.03244195615414135,0.043426571171445605,0.024710092020254773,0.03237806220223322,0.02135535191885792,0.025543969010083063,0.024114540502723998,0.018806676536395898,0.025329130855310734,0.027065125834505415,0.02993865618073749,0.020326580102011497,0.028517259960876788,-0.1301063873128607,0.029198415404712127,0.050409027553855824,0.02237303228214277,0.00881824086183716,0.022221066674698114,0.02083691103091924,0.03754656109386359,0.02083691103091924,-0.03173567191146523,0.04401564011671099,0.019494165329515537,0.023282054351151875,0.019567674616074483,0.010602943053113021,-0.009152558598104293,0.037842551236552356,0.028517017499687394,0.01831700104312188,0.01326930110968497,0.03466807102113085,-0.14503328664626214,0.03892876677555783,0.012754150282700551,0.025301327136912206,0.07104037939985354,0.021633380555161754,0.026930322366846643,,,0.03153189560973067,,,0.04515223863058197,0.08397457902320857,,,,,,0.03826789126941838,0.01745173499443403,-0.14503328664626214,0.05398112990387087,0.019578142938277605,0.0036176836271822246,0.05701539370221097,0.03350534457330473,0.11809681269813531,0.025089933343650617,0.0411944785492482,,,,,
2009-06-01,0.039537737551168205,0.009974373776642443,0.008926192136418749,-0.04101536926588797,0.024375167550991915,0.058249860666707946,0.04417978471125327,0.051448418394344754,0.011489111491005458,0.16325739564971714,0.03771307103089527,0.058565422716336746,0.040849201585351755,0.03809659804909139,0.07692060544145349,-0.01424455817408908,0.015566946195937691,0.010929113920180637,0.02385672151398739,0.02521798907511819,0.04717225987704726,0.018021167677024302,0.06661370948714848,0.05864569390013183,0.03143273583822882,0.06815318749754339,0.02323204455716523,0.02178438785775975,0.17063858476597676,0.008386516586972243,-0.013542976590944127,0.010085037872250478,-0.029090034548460476,0.05449236092663758,0.006689975484034176,0.020621502870429374,0.12181188523630354,0.020274311585939477,-0.012404621658763455,0.03535452477639156,0.032168573175859326,0.09910485444646112,0.04176194490518138,0.12649430155793642,0.03192311653785245,0.03219990782968354,0.01640959558900827,0.02260979644141786,0.07360729617700563,0.04414544453094231,0.04930846791300909,,,0.10052708189284205,,,0.06136351757919914,-0.20297547144844783,,,,,,0.06231144597605048,0.020566976350635865,0.03691525200977786,0.024181971941614325,0.06512513863492163,0.025256424918639782,0.11146831631887764,0.0006759964363630259,0.24585459844872615,0.005147458306430994,0.022455999146789828,,,,,
2009-09-01,0.05376271772286507,0.020214701824886272,0.007579388569903868,0.006908221139261786,0.053868300828099056,0.029900237460993517,0.05408175254365109,0.017364333018512423,0.005210979940655542,0.07618125664181438,0.0291390380441311,-0.014320183382197732,0.009015704914201833,0.0313021685571947,-0.01784662036508644,-0.0065298129494527415,0.02312502692457432,0.0070286771525812945,0.028045958850264303,0.03725332127720314,0.009735889618653897,0.011005716139198549,0.018181402665596494,0.03875513412828128,0.040659720098929666,-0.033980514475306055,0.01714023764163741,0.004156473498669187,0.004046938103177497,0.008510555746457035,0.02193216494217042,0.0103927115706467,-0.030338407350361078,0.0038752100948325732,0.016915362772744254,0.04436862555655058,0.05729756216786817,-0.007044045358585577,0.03365380242324957,0.050538488489329896,0.02829639165675796,0.06086761273606984,0.03254203321097467,0.09338369840110292,-0.02498050623095286,0.03164063437449743,0.01899874527236954,0.020526856781893643,0.0677752507692336,0.037784481791029625,0.0354867583833745,,,0.0703607133977792,,,0.055361652451682834,-0.18010604633441255,,,,,,0.06049481953252004,0.01800466301880004,0.017927316121897463,0.03713164508034954,-0.00605077931928186,0.009571138209041095,0.06442361890544276,-0.01916371808232012,0.1407046371506384,0.021170089049829043,0.07979577539807531,,,,,
2009-12-01,0.01692366492537242,0.035175776507682895,0.00597354459656077,-0.05488661317143867,0.041346022222784065,0.006440426220794227,0.03130187433735591,0.01563945780212076,-0.03673444461628706,0.06160600903591282,0.011715434880147377,0.048665382861268744,0.008012138587189634,0.019810704315026025,-0.014219223033092934,-0.025171929029108666,0.012170183459836151,-0.005041437431519933,0.012553083935986786,-0.002578963790385494,0.016993963490561714,-0.02096997837284185,0.008563911477467483,0.027848848479507575,0.02827521347153342,0.08696348219100544,0.0032153699323980356,0.010003242867630284,0.06666213041896808,0.005888037025586312,-0.13742003915063422,0.007064284955206286,-0.013549826181047107,-0.017365857866430367,0.009551739698649532,0.024369523111232486,0.0609667076382448,-9.583492504368715e-06,0.037886390403458654,0.08504785313116313,0.01530904075237596,-0.016303127767588403,0.0069244508238803975,0.09198711015424912,0.006025962828640528,0.029325066979256655,0.007387998288350144,0.00910609274121708,0.05783701520141894,0.05116052070891486,0.03429570974205366,,,0.04798240786500152,,,0.04629997806645713,-0.1704290930881337,,,,,,0.05202440664169031,0.007387998288350144,0.06068276408343649,0.06109027460964746,0.05058164175648158,0.02931378919397789,0.13725010883520503,-0.014824019902687783,0.173162955114745,0.006192682391982178,0.03494251006593666,,,,,
2010-03-01,-0.015681826328916258,0.005724279153069683,-0.006698378401194409,-0.07978784820644574,0.026217957947688855,0.002048506513656596,0.00810796818534335,-0.04733982040819328,-0.009956718932989073,0.030312592931291564,-0.0011270515598372933,-0.008364921185772157,-0.00035442933062638593,0.01941591240214837,0.000130704443668672,-0.026394320286118152,-0.03376991745019312,-0.04742535108738648,0.001409833568830634,-0.030120117179319696,0.0005700483535937356,-0.03477442625027723,0.0006459006276398386,-0.022108969288382737,0.04180920113383453,0.048130152837081885,0.022361285586906518,-0.0376097302928693,-0.032390396641355144,-0.00010109127546608415,0.055585582553580634,-0.0014006295327949256,-0.03461363244581969,0.007771082281392352,0.003624217876430111,0.006181361875207165,0.005040606134824868,-0.001742825956406748,0.029190915700032505,0.07849970909465108,0.0066665926837029925,-0.044147561596977344,0.004818585859404754,0.06941022977492715,-0.1991646881528325,-0.015811432710500676,0.0058530502428562935,0.006147888219302449,-0.044379440343497924,0.005696907904527984,0.023658073431471773,,,0.07876724290183354,,,0.053869725086073766,-0.13337724285589247,,,,,,0.04588101988508723,0.004953237540881776,-0.034105556254686704,0.09163492435465016,-0.017557782217537423,-0.0036639988070789335,0.15971309417331353,-0.01940590009721374,0.05481462534289899,0.01715543741300017,0.03787591181233002,-0.01288402185150152,,,,
2010-06-01,0.002275235898453215,0.034642286604653856,-0.01529935685934274,-0.05982997979739546,0.003542839441115632,-0.002492615609371844,0.03076723691636869,-0.0027354270777547977,-0.028980553084470496,-0.0521063606835467,-0.003309788374487464,-0.004399028987615117,-0.0059165622778185436,-0.0020666762824457403,-0.05457598882308358,-0.0001240359160010243,0.005895631102905279,-0.036481878109539664,-0.0011280789831256814,-0.05466484568090092,-0.003309788374487464,-0.01919059644530877,-0.003309788374487464,-0.05648431036943986,0.044122012372701025,0.11386792675922308,0.005901574101280578,0.005661274005108164,0.05184766921392772,-0.004009147343446398,-0.01668299299331929,-0.008738012072535132,0.0032852648873535795,-0.002874012505636152,0.001727990976274771,0.007944925297448478,-0.00442354250665892,-0.004926931904498083,0.018690438750124223,0.0862665652719217,-0.01909301984512297,-0.044715315589437275,-0.06932222603235942,0.03958843799992122,-0.06635035108982502,-0.003346081118254803,-0.003033454976976604,-0.003999256654925237,0.01873083423707085,0.003369395374493,0.00807162543342412,,,0.08075027739656934,,,0.07195423740157084,-0.003309788374487464,,,,,,0.05002242241171568,0.004631134139544246,-0.05120468742321518,-0.0024633775016571994,0.006919322806436014,-0.022606119408981343,0.09427971640571402,-0.026686402262893684,0.06204073446313513,0.008081206274465548,0.013985934467113085,-0.04216768756548357,-0.01715867352704957,,,
2010-09-01,0.010584615502206908,0.028187391730314912,-0.008036693538035584,-0.08184033217213943,0.01805801945747294,0.010897405582061587,0.07380741944953,0.0039498736060080515,-0.02871042085677385,0.12702180674017272,-0.0044104711087079515,0.009735270174460893,-0.0024077075538407855,0.015659613572406313,-0.0025928970042682254,0.009478085222044744,-0.06710512897155022,-0.034064876582553735,0.002950308258707318,-0.06253381149922194,-0.05364885277500039,-0.023608200687899386,-0.0025907486979554833,0.005657788760824093,-0.0002223432856902907,0.08624264158405046,0.01813421164836627,-0.05363440200928563,0.025906765631279707,-0.001994072669619441,0.14914891566589797,-0.002724626707205514,-0.06084200397070604,-0.024715760561163907,-0.07543303913116735,0.015959796683092064,-0.03318619600131096,-0.00300653188848957,0.02222673008605642,0.06003767102244258,0.005962539896304946,0.010499980352356771,-0.08215162876282556,-0.0008159272008791952,-0.016517444559263926,-0.0033234510418542985,0.0028161417970465844,0.002529404668935974,0.09193806339080474,0.016486546281506805,0.019898653858407514,,,0.046148517137623996,,,-0.007033865698967717,-0.0024419293765471097,,,,,,0.0314925986158628,0.009970884260403002,0.024600362015166154,0.04823269281851929,0.009470195814441196,0.010356368047737114,0.01565019838995934,-0.010392432407638284,0.23465907431336167,0.011974456458574626,0.0575566377812592,-0.0037324963695858286,0.06281903489748314,,,
2010-12-01,0.018922258704283317,0.02900171334927983,0.002648791315119505,0.010983446785020636,0.051719427703972976,0.0031102871704273586,0.0993946023104022,-0.0006623993158578861,-0.007964748611786471,0.08545406786220434,0.00253532228928411,0.008442588029122584,0.0003557129968084274,0.020551874220521904,-0.013674618096041423,0.010652601647734846,-0.07633361015156624,-0.0066505636692516055,-0.0017398963350586793,-0.038109691741495436,-0.03527771266268761,0.0222092512993666,0.0011930489459664802,-0.016033476322571665,0.0767891125770115,-0.15803231200861345,-0.0011166348434046344,0.01254027669108895,-0.021852113653882625,-0.0006835530118095863,-0.006862175320624839,0.0010173119428830283,-0.0657302348736484,-0.021171939695442076,0.01139999068340243,0.0899316704640294,0.009909380367359073,-0.004953113061728949,0.09587451127879344,0.07566630462218427,0.016161666722658573,0.028716371768057445,-0.009397603457435545,0.01999796062801313,0.0453261376971538,0.010446770599436094,0.001259231806372349,0.003515754239257756,0.09198567862223614,0.006904360348274541,-0.0006094560863179103,,,0.031763338683946866,,,0.07754572287359028,-0.012806754693629614,,,,,,0.0389170797164757,0.02528190555321963,0.1913420560978322,0.07567897419896003,0.025080693553514704,0.036705145471860955,0.024001852885620692,-0.002688888495906628,0.19920527139726527,-0.019493812901411178,0.11630762870956607,0.10526462456936113,0.04350350908905023,,,
2011-03-01,0.0008912534840303575,0.03550807976695454,-0.0063795322809052125,-0.035334125541827785,0.04086972951676673,0.0034230751121862124,0.04790068528927149,-0.010460623676474682,0.0030889553486863424,0.11373250756131909,0.007092448483231405,-0.011711141708893015,0.005872521926145812,0.009524911032122996,0.004518153779457202,0.011949955030103557,-0.08329578156043885,0.001994687519773263,-0.010796422494531503,-0.04515318730125933,0.007154236013314445,-0.010868219786400594,0.006359801001116072,0.020463949891520204,0.06812014443350993,-0.05765763745371939,0.015041278632996775,-0.05132468730064372,-0.05155247928285699,-0.010179454421483549,0.003737519329702384,0.006758357905337036,0.006412047961111526,-0.01393514466497252,0.005698654058015311,-0.003885472591682027,0.009249607003121439,0.006583615145135416,0.08829612938661084,0.050270854346168826,0.019221487716750054,0.021145662344365202,0.018626019161775014,0.012978757492060924,0.10861509171406518,-0.038258576248390325,0.004526944672844291,-0.010484803599759134,-0.014589499256052183,0.014145902596251158,0.012820099597030397,,,0.039895467240134055,,,0.052551747596899706,0.001520943881898876,,,,,,0.05634228978805912,0.001555621266425636,0.17445322292908957,0.05862676698785357,0.055586945678506014,0.019935078604660032,0.035666100217115033,-0.046621712283088076,0.29153298147426854,0.047497856080806276,0.02057123269020284,0.18241336226763852,0.0237955676835618,,,
2011-06-01,0.009772065164805858,0.03249893860518442,0.004860130666874538,0.027279577468820128,0.023917721984350562,0.024102471868841097,0.02600021009898471,0.008345162086813985,0.004860512582825898,0.15012545407523617,0.01955076096918317,0.02288379513045492,0.010388897313240702,0.021486765209509425,-0.016959170683057898,-0.004412710996274979,0.026315404771334056,0.02768784263193217,0.02535130009031556,0.015421704533109195,0.019136301655499177,-0.006239147286927767,0.019006929863365992,-0.0022495751261913284,0.0679914878608555,0.1166238880735823,0.012489798553411072,0.02886864390343448,0.2569555522705136,0.024253591137658372,0.03440110435524883,0.018147307854015655,0.045693799345791486,0.006671112528794821,-0.006876892044228491,0.014526618614824188,0.0383219481610807,0.011430854205362516,0.07404961934480023,0.04982770722979452,0.02442372616407208,0.016663910214643238,0.03632764632183052,0.025147452611344902,-0.0524612209735767,0.021821702817368508,0.025909204783413593,0.02320445173276619,0.06415411817597721,0.034852688017214375,0.03778341572897658,,,0.03930193558312713,,,0.04670589487384214,0.002668486793245391,,,,,,0.01517857190625193,0.042826443781466335,0.19612132311107713,0.004042411346705222,0.03361181611445589,-0.010260504481756385,0.07083416953221446,0.021440789714061017,0.29368843086002966,0.040344471682419586,0.04128549487630262,0.2267635731236397,0.014283045679030038,0.046204411294396265,,
2011-09-01,0.0005189108920293071,0.03165807344414904,-0.0009948677424590797,-0.0056292915369121265,0.04403194338949522,-0.0027421885517873988,0.03137294483541917,-0.06182275372987547,-0.008531700582521909,0.04460303568927327,0.002898883554772182,0.010021630638452385,0.0005189108920293071,0.007632764242027449,0.0027963469046367465,0.03338803023411232,-0.03304998825459744,-0.002762522790622805,-0.006714474081254117,-0.03696083785633578,0.002898883554772182,-0.0006572261468824488,0.0009443235722571513,0.030157775262347804,0.09802661480927903,0.07711668002082217,0.000987575084513649,-0.016107159632840717,0.2576367957407497,0.002898883554772182,0.01930241138624227,0.0005189108920293071,-0.05675815255769546,-0.011328953003352914,-0.008744601024102492,0.10113439667118634,0.01883974371047899,0.002898883554772182,0.007884176652757919,0.06289862335282173,0.0036557396202245873,-0.0011904023347469547,0.01143382201170975,0.03180106760973485,0.00398615711821009,0.0021518050730758376,0.002898883554772182,0.0009443235722571513,0.0874175343133319,0.0063118731141585125,0.004303808396043486,,,0.045913703497604166,,,0.1228649172080207,-0.01413407184291294,,,,,,-0.005528696053975126,0.0012842530775070676,0.18573186255831606,0.03989443719132048,0.02571911137874758,0.015683027962851363,0.022035746527537117,-0.0006784929908248765,0.2533010714699825,0.022913449231966167,0.055136881357442415,0.1868986917270937,0.0408323715623402,0.08160741469277968,,
2011-12-01,0.022960966118158198,0.03215307870868343,0.011855036086911172,0.015344067125145326,0.034794419262634976,-0.017758357970101512,0.03881523555664535,-0.015574699535815716,-0.016495836757331604,0.05742935187575244,0.03496638714340076,0.021226087545823176,0.012596211950729234,0.05662486666338961,0.03031811534721032,0.035000333066088185,-0.0021041463969103044,0.013685260840205517,-0.010924013769962734,0.02027240795378461,0.029152106085194654,0.020725620375255546,0.01571173419721581,0.0476123136445238,0.06996583123688797,0.12364923821775847,0.076364541850856,-0.016190946972407666,0.22106574208517046,-0.006863369582238277,0.019273562046559695,-0.004816260813869885,0.02386287905219335,0.05203619551855182,0.00786719708090211,0.08477230909511191,0.03228283218437195,-0.018059161434259216,0.00781149859791248,0.06745296755762997,0.03476239714227529,0.20383569161570864,0.027379919066015636,0.059320769743782614,0.037245496284329827,0.0073555318185077835,0.02594213681326179,0.015899969232484108,0.08974244008706811,0.022900715834045838,0.06821773071627159,,,0.04551141574822846,,,0.14948700990166633,0.0071311691652155475,,,,,,0.05940994991830625,0.05038971757823465,0.17910306290035202,0.024469436825160937,0.044940316769609905,0.03808019795022223,0.029604822145461063,0.01132169805486853,0.22523783818199639,-0.0016797267272330636,0.019343182835010114,0.13283630738389257,0.05515432736547772,0.1250296236898186,,
2012-03-01,0.006527098744628453,0.042016614344150445,0.0090065053531957,-0.0065395187084566035,0.0340406263987879,-0.027423434538202788,0.03691314278956201,0.004429465637907554,0.005395789155185273,0.14176869552135116,0.01853573464852742,-0.00436926593063926,0.010138856312507934,0.021102753592836403,0.03253812355038831,0.05716851927297369,0.0023244891756007725,0.03446442002846591,0.004301412293325628,0.021744316098025848,0.011270872674949178,-0.0031160228676598433,0.03030341517432211,0.06962052579275808,0.15111228990849024,0.06632197497317603,0.04056559167424772,-0.028660751456916576,-0.04524485247020031,0.004815108861637556,0.018829575975276923,-0.0022276130737923826,0.018883608385957696,0.02652825210594939,0.02252426472300571,0.07464015293329652,0.025846899647424794,0.015757043855472087,0.03988581742917432,0.14312121088519605,-0.011482561372688473,0.09885341869122677,0.03764078373982535,0.004841952162305843,0.07601912384392993,0.001449701199058121,0.005358521758794533,0.006092371972169926,0.09517554615941062,0.020572319565365916,0.053716553795928976,,,0.04832656833373884,,,0.1388418090649018,0.002833784981874029,,,,,,0.021422745061400628,0.07747517689034206,0.0828243140788683,0.03949279243608675,0.04641437819996103,0.02931839905891478,0.02028116181815474,0.0072530036903348544,0.11481669200722286,0.03916636990917914,0.012649245814655827,0.10665110611485783,0.034460970509553046,0.05698449077765032,0.04582314945695243,
2012-06-01,0.03690877436229367,0.03123769696605905,0.020651772248859158,0.01366121504786087,0.032293771717177,0.018144527839103093,0.05098159689238405,0.04064274770408437,0.024164627814844297,0.14265434153078632,0.042196233141917526,0.04757922326655566,0.028790212736706747,0.03481408165031577,0.028793983828801998,0.02322356064959608,0.02774296974238258,0.03157200018289219,0.02789371489397168,0.009615572361443796,0.030253532540074762,0.014499734025029807,0.031282715734496556,0.0349051263152199,0.07973460148693726,0.07185228165426512,0.0443929301188927,0.018715787717444102,0.14734495743995174,0.041832862425726314,0.04999046660380051,0.04833893047117243,0.06787967269128058,0.022874597915988833,0.011572928646124456,0.02078605693470385,0.05276473010276033,0.04335373880272423,0.03559744416826725,0.15437465743283307,0.04724694378034819,0.19002718748708666,0.024091466076653478,0.02676112630632278,0.04131914331331938,0.017560472104856208,0.030482667234919856,0.02183070942385608,0.09887280753344779,0.021519664908284834,0.0536965065250822,,,0.039316136092217714,,,0.11234364789078044,0.025497184448224217,,,,,,0.034422089398234844,0.08896974257087653,0.02449564293157675,0.04159262181027917,0.022352016404254313,0.0269177687451115,0.044270258550503316,0.026772323494472578,0.15015903882692944,0.05933705763283154,0.028362428566179505,0.12413006972698186,0.18308462581126664,0.12272934122911515,0.041840171239262466,
2012-09-01,0.03766118617426589,0.018507294340231434,0.017811587227231813,0.014145698926481907,0.014214771787585128,0.011092059182570307,0.04114807676628941,0.01836274236512209,-0.0026980781308005414,0.03676327860041191,0.048429410664053534,0.02595469318354107,0.020090425959342913,0.018898440547937934,0.02377866808472786,0.03231063568241973,0.02963983980669692,0.021237944330716126,0.0037886623485148397,0.008675861699254387,0.03218898567302919,0.012860765278510683,0.03148335956890776,0.01317079832162457,0.06405151556646588,0.07449372607768541,0.03868815024024793,0.010665312540467436,0.026383202433221724,0.027618819775137252,0.018645386962213715,0.01648304800840588,0.044546652807667855,0.044733944313961715,0.00317246090849772,0.013563674821774426,0.05158383338135442,0.0407013398769954,0.021491742435837954,0.1185515353472257,0.03257315008428879,0.15971550856266822,0.03017445270862057,0.028716926725164665,0.013668576551911612,0.012904165150074438,0.028262260955163567,0.042836518649009885,0.10991210703955301,0.026837541362152363,0.03571956271886732,,,0.03875535920670645,,,0.09740326671938872,0.02490628548427889,,,,,,0.027904051180731335,0.07039100164382814,0.017537541747651597,0.04710959488509341,0.03328775175359217,0.020494909363108806,0.07501577036383314,0.03761678603336321,0.07234962762654089,0.0776177137255747,0.060495408902189074,0.013250621520655329,0.1125428295427033,0.042515947427054494,0.05276696890486878,
2012-12-01,0.01160921578443234,0.012654670080625145,0.006805780018503104,0.01150728968672903,0.04721419673198375,-0.015246778314738987,0.04409376320012963,-0.011637155129539235,-0.000710706229844726,0.054918611155285096,0.017597169057936294,0.01088604654848653,0.0058404254676809,0.008349066824772074,0.024974248265475903,-0.0014082083093482898,-0.004372342211546264,-0.012501420475202975,0.004662682761897653,0.01371971207438565,0.004557951804766933,0.007971613039112403,0.004922235411466288,-0.006662001185626648,0.05625636405973432,0.051016993367394556,0.03333990703561283,-0.00799107510454955,0.04912387171055583,-0.006525044546315167,0.005817191625771586,0.00417048206496578,0.0058199515883667445,0.04742065201503062,-0.012279600629751449,0.012565267313634883,0.01179854453323726,-0.011929590693680102,0.05042640893553538,0.09130222748111592,-0.004722233480919849,0.20264705006352807,-0.011057516780339617,0.03616225247093755,-0.009113974402110852,0.004824057975854926,0.01368119999374187,-0.007137526958370097,0.10460753850353781,0.022816882698289954,0.032235293292274224,,,0.04017400157675941,,,0.1330216401377832,0.003163131088800084,,,,,,0.024932567975034955,0.023380418336601243,-0.004706283739431977,0.05210411018371686,0.05201404050148289,0.012837594528249577,0.04706706951156523,1.9697593114692124e-05,0.027099748307095908,0.02099458020292677,0.014726239147073857,-0.02839351621331523,0.16044387783413777,0.013096548047231605,0.04388070077520567,
2013-03-01,0.011308010735629032,0.009722420715031377,0.011305850546023156,0.01701874176822228,0.07628373465164975,0.0005119059422489048,0.042867451879144106,0.0033359523407502927,7.945945970752876e-05,0.04552913090447312,0.016713612046000376,0.020907338414020895,0.013123906466980301,0.008653197998564536,0.0185444155316534,0.012652211578797309,0.02951832413248649,0.004532268561733842,0.013026690959097007,0.062339658199481326,0.004333636049068769,0.007014256303371488,0.04279041681546409,0.016357706995309616,0.04955632841551551,0.06177677601729537,0.017912313758423865,-0.009351543267109162,-0.002317766696398433,0.0155800390989733,0.023920150178376332,0.01572901656573624,0.04313457690974867,0.02778737913158047,-0.0011397482930455862,0.013220200204794209,0.03433377493355798,-0.004790779602120059,0.040703653878490446,0.09215757536724134,0.0007041958357274389,0.06316640587245813,0.013333298209788687,0.02279300682686607,0.03208581043515092,0.016092255583612266,0.015057060170212674,0.013846003580597831,0.09282661278983122,0.022722736534601655,0.03233117588078149,,,0.045009568357539845,,,0.055838989708262336,-0.00025654902841383564,,,,,,0.02126158049151029,0.025051653003137688,0.01684833373640634,0.06523341525058558,0.03267091778678857,0.013607011054821308,0.0012463510658890457,-0.011473006429357389,0.09344686786473,0.04817126408930172,0.03729548595747006,-0.007693712901339032,0.01189330870092265,0.035358551406583505,0.0557252004983241,
2013-06-01,0.005383963721092276,0.006910562493298908,0.020976347366847954,0.016938380062492098,0.016583034436502643,0.004632349624345399,0.08276367413491754,0.010238798568014804,0.04157039123712051,0.12015915034693334,0.0023900084315516693,0.019437813433886317,0.011630989899339212,0.010226902723160694,0.026119778758947637,0.051455549232241736,-0.0034024947088572752,0.011704343938101547,0.026379349282672875,0.025977857314989583,0.004523676025591173,0.00460745047147861,0.04715647919237011,0.011143608535944554,0.04037117301337908,0.026472479442368562,0.010574590427422413,0.006446008607248979,0.07535320427520083,0.010477102801700942,0.01139496450063275,0.005882767339660347,0.05680168723759382,0.016024093414194186,0.017596246690798442,0.01288444943703892,-0.0040676890574230275,0.010219219300287432,0.009223051556494968,0.04158147684355619,0.00894447499028621,-0.00540095672694276,0.008579968126231173,0.02352348813564558,0.07062737757639774,0.014573071108987593,0.0019379265411263783,0.004206233913596994,0.09737629749428806,0.017251520374203314,0.003614798564557831,,,0.04366628637597733,,,0.08101210222707371,0.005488851262551566,,,,,,0.0088187365007274,0.047236542966179365,0.01395809891525045,0.05148385809334542,0.021990522951450927,0.005268027673720993,0.024987967935431017,0.010122399611489693,0.09927742970108316,0.007508170087046175,0.03972701805692758,0.03495978648746217,0.027618898980821694,0.020622858191747206,0.02079700846759712,
2013-09-01,0.007318263088167946,0.008373078166169855,0.01079004600790821,0.01261694900564168,0.03841373717959753,0.013176077879129723,0.04290849803698231,0.010298189388473844,0.04256524764097785,0.04934369367145171,0.006391693401643065,0.0030922249524001034,-0.004888811520124259,0.008183739337990128,0.030911806631270803,0.0309700566988802,0.004228495286118197,0.011021300872148967,0.013931234773370832,0.01992372161144363,0.008188441620096564,0.009579183002486492,0.00945807281257276,0.00921448909288946,0.038495003562272305,0.05350577685064751,0.01828252691595349,0.004716277887547918,0.11227744979743007,0.0014117724944976272,0.010359431980802533,0.012413237690569956,0.026085563234156423,0.01906853329382245,0.010979963405162838,0.01109781403864927,0.008250300220515528,0.006772291529330171,0.04148262321065253,0.06754260807042635,0.0035722490946130123,0.026671124746484524,0.0031886104385029676,0.025397982156931082,0.061421930009563336,0.015471966038172448,0.004096723229126267,0.004665995474438315,0.1007253154191028,0.009144087626132736,0.011687503178089467,,,0.03574229510187788,,,0.017044056448288852,-0.006416331353567072,,,,,,0.005663358550538576,0.028047384663533115,0.005313357336144038,0.0490703037264556,0.007499418257087346,0.014871737494001358,0.03300267826146591,0.0015722687677292041,0.23556794586052734,-0.016419889911562506,0.039472856941512396,0.008221351782984818,0.01822496708197861,0.021057567495719045,0.04706900247539965,
2013-12-01,0.009067596221211402,0.009659193076471662,0.012637719159882323,0.008648324857277909,0.030761323674705174,0.009393300945690571,0.035651417004753924,0.017087518810554304,0.015599471276730328,0.04262433241746689,0.005952418841870868,0.016608932138636467,0.015404176311725708,0.018251958159758146,0.011147242260972239,0.017104728867521034,0.020311839107304174,0.0021061438492532164,0.01545205148958101,0.01810981747985564,0.017858076363404415,0.01178209398366055,0.01272010729912264,0.014102519397969535,0.060465894892698914,0.01663106977559109,-0.0030792983273103536,0.012438012340562988,0.07379155929315459,0.014368122675561186,0.01589091817292069,0.009001193548605574,0.01679374797805644,0.008829874526337479,0.014673026868331326,0.01785719547382331,0.015978967662923584,0.005623737388790052,0.025961333490549948,0.05557439958422091,0.014096244853669752,0.012022453251964235,-0.005113568132898726,0.014725645696480457,0.06632168401757658,0.008300188800150734,0.014018865596756264,0.007873159513327354,0.11067760959659444,0.02606402870582317,0.02590140011998889,,,0.03726425580217562,,,0.03056338055413806,-0.005882824590017992,,,,,,0.010390376099365049,0.02452078461298733,0.013343764944825656,0.05753699717448465,0.03034814454516915,0.008346837018602312,0.025978535198577662,-0.02095272513033426,0.10623149438679798,0.029914633350381598,0.028688560226042447,0.0030478022941418854,0.025272871716108418,0.01972995815801905,0.04309665181432007,
2014-03-01,0.006388596413998203,0.007075295173010274,0.010057178991643169,0.020887316458198617,0.029777539714236512,0.022095346264976858,0.0549987062068138,0.016796329444483664,0.008369096448898095,0.03439801362518374,0.005049000910592188,0.009406758686143763,0.007964862062559029,0.01007983246648759,0.02134725421847579,0.016204510283346275,0.01814927453668677,0.0285179569697397,0.01787410327271399,0.025499147329610096,0.013808320322750688,0.00513470130742956,0.009581897185325374,0.010687749528012234,0.01529478090723362,0.047676332962727615,0.007465341769671736,0.018685611937939963,0.20178131766232776,0.029869873449833786,0.013166444032300405,0.01856414487630976,0.01896739487014547,0.010195590297948575,0.013067036418767282,0.011518526040389459,0.009411878109612559,0.004913616154548926,0.0177059835034658,0.05740805222828678,0.01602647428541005,0.011939711506573617,0.0011415773107667252,0.012120472883239196,0.031357195229081807,0.012055385252807997,0.008882830496921502,0.006323267155749658,0.08962717091423314,0.019122872012553974,0.014364657835227482,,,0.052844032927079496,,,0.027825415977746886,,,,,,,0.0042137103407337275,0.03402242987608305,0.00510188314185273,-0.005451856825119043,0.054818540370411735,0.012649201511383138,0.044677502980299266,0.00865648792437062,0.11508853763464864,0.026789192869590594,0.03919182368747983,0.014933995272407888,0.017873782723747334,0.03265298577833178,0.01442986402096468,-0.003452894252340096
2014-06-01,0.007891231556053136,0.010986057666732349,0.014844039134083421,0.01365230888210879,0.0366129527275158,0.011201475559881683,0.048117886707875326,0.016581302374229463,0.050732486151124745,0.061014504776511914,0.00826988921414172,0.01149400898089197,0.024082789875795454,0.0208494473642931,0.02393842700983782,0.03740146160980499,0.014981978267686193,0.010637747195496101,0.0321383152070228,0.01784462786017406,0.02191269856940617,0.01831473812396203,0.010408031018341849,0.005279655929630127,0.020189676780633416,0.017070457219227134,0.011063231857901208,0.013085438420690826,0.2137682321734244,0.024534263898527104,0.01647702744032213,0.014401533785670788,0.015236875348406217,0.020885023585508762,0.012671575333715835,0.04060163053834046,0.011122690888408103,0.013986349008903488,0.005508567669471929,0.035298779459377136,0.01647702744032213,0.010441654120712919,0.016099680413384342,0.018842988626246424,0.04799372468736049,0.014259203519601468,0.016929876643516133,0.008977209518603257,0.09026064213164062,0.031789986378797784,0.020935763357184993,,,0.034115836288686606,,,0.05914627084694321,,,,,,,0.014289770436011233,0.03481948757202914,0.015631510721054113,0.032745117006939425,0.030782446918154783,0.008629802789694075,0.0016963321080020982,0.017131431148270163,0.037628766344860676,0.03207392307635559,0.021269709262880385,0.02372994688980183,0.029631423881691252,0.040808115904301445,0.019026982751958924,0.08132338186872241
2014-09-01,0.0025858462790029385,0.01737123056147783,0.020726120898564952,0.012616275678524877,0.03323620126870315,0.0103739131297179,0.04234251735825309,0.028206615162649946,0.017606580117240117,0.06106444749658536,0.01116626689253763,-0.00042222250146115893,0.010266879096188017,0.017689816966583147,0.009238345392273934,0.018623424850482784,0.019525493364855644,0.01826473180585245,0.01565318563634948,0.02088429956244237,0.016828737362123265,0.017824667850592207,0.02812721838797587,0.03589428303863747,0.02635023719336741,0.007753812202819336,0.039345193693696455,0.02037863088449605,0.13766543495842043,0.024806353950785943,0.02351262654782793,0.011794286388538605,0.019797715828993687,0.023586351062005836,0.02271079770227929,0.011970670665825503,0.004604201813890612,0.016019344459084463,0.027154351592874562,0.04559852843476192,0.02506448706060714,0.03213527732480394,0.016055852286112008,0.03194782989213661,0.06259094019634007,0.021982775960961556,0.021982775960961556,0.004956858130404305,0.0700093774792642,0.0431826220180485,0.026752611150463946,0.06819643941952609,,0.033892807889754704,,,0.0391539468912253,,,,,,,0.014499349588619368,0.041264999865939955,0.010059313715686004,0.004380256965719817,0.02728450336955052,0.008673087615454468,0.004348158632995036,-0.02507794464695815,0.166955742884078,0.0414716490857579,0.03744567037865955,0.014736194846647016,0.0316245327968184,0.025377578439207512,0.023362652787868945,0.04163635790262569
2014-12-01,0.01631122417998665,0.028751181914534813,0.014973906760841496,0.03912908183490475,0.030385846093054406,0.01960144687379503,0.05191111008128821,0.042519007041674904,0.025271090097768695,0.03508031939169602,0.02626909089168532,0.04168495446782659,0.020282576396278187,0.01801638521495213,0.033274482200407844,0.018569655102486506,0.020605205278952415,0.010593369159213828,0.023373217354823526,0.02703176928881828,0.02111377734246528,0.019111226762404104,0.040671955500130766,0.04180824653085846,0.03762674590639043,0.030337578054309228,0.024642290051881045,0.020668350498003127,0.0813021956675942,0.02127282681550232,0.016807794408669603,0.02045147126724923,0.022732707407874298,0.03599946643910716,0.034304407206464695,0.024021598135480812,0.011964326879336431,0.031185386402991913,0.03810916878185333,0.04862892371396822,0.030790800428249467,0.03427038435510139,0.03277071254485224,0.04365688545787186,0.09512981015944429,0.020087539226020405,0.020000234704137004,0.016917685819024707,0.06715529830998236,0.05098832358728822,0.03269917855394908,0.05283304577080003,,0.07421165832897941,,,0.029471441830060997,,,,,,,0.02626909089168532,0.03599721026520319,0.015757524112865993,0.013303970211398439,0.03828715128064913,0.017479781761426387,0.023984288536359588,0.0487190555103275,0.1558975503993992,-0.0783093705379428,0.03904083875562305,0.034272679289975475,0.04687980115454772,0.03896988754809163,0.04391347584685878,0.04666007189606259
2015-03-01,0.024426685902509824,0.036057725919042286,0.02502596709381684,0.05089265556973725,0.03970470907813604,0.03128128920341767,0.04756494683250682,0.04712932298860757,0.029923659444023126,0.03908576832804477,0.03479493422101555,0.03864189282858829,0.019671412862647824,0.029391536758106046,0.02933875156093234,0.03840374292483993,0.03363071531831568,0.036536425159651366,0.020599338382099267,0.030037509789170035,0.0471682698124726,0.022082676450106375,0.07210664541639564,0.03329440255520703,0.06317736878877349,0.018508827558513928,0.030887559431954217,0.032283448136467746,0.11241750896869944,0.059892752171044034,0.016736780349765154,0.036140269513230905,0.03619277692057723,0.02641462925540116,0.047183193610164244,0.03857721631040643,0.031560944374014306,0.04047611993620116,0.04315965743333586,0.0695671271530944,0.04407909939982493,0.035852678733712194,0.03189657362516852,0.02891785023979418,0.01738767570731032,0.03594833863239565,0.05559144417459068,0.0290747565904065,0.06238599660905131,0.03936938757901767,0.029293511726822454,0.013808236907634608,,0.09127301091002905,,,0.06777044004580296,,,,,,,0.0255138655924155,0.02309316016664485,0.026019554193446398,0.07412212268248332,0.03239373915192707,0.027816957786854706,0.03907845932866383,0.046880173932355676,0.09129280367907076,-0.1016454359804532,0.047065082100526845,0.04611927915010537,0.06239696173511021,0.029080807065092393,0.05061657911327314,0.06394636654165956
2015-06-01,0.025865867057060517,0.023891627676883864,0.033666831182068487,0.05867758498720034,0.02997052070187841,0.03414010721271585,0.04766917578752048,0.03175317107585063,0.030533663473814466,0.05182292116420874,0.026582907598125597,0.022080380618418244,0.02518836313133827,0.023479425759435867,0.014752688239902412,0.052707497281032904,0.03164492253602618,0.08083078741506669,0.017840209387748402,0.04624063347527711,0.03314964925648869,0.024396892680886663,0.031982183148986966,-0.0025155934003584964,0.03916575792162836,0.011461730272257642,0.029137899898345355,0.029931320615103427,0.11171649153834126,0.0549390639470558,0.030435137147228307,0.02670730116626966,0.03478011003995599,0.025820165318788297,0.04514776704393674,0.026209085252577785,0.02704578547648,0.0350114281102962,0.030861481506237565,0.0271581454174223,0.03433755068982626,0.0417769269879693,0.02362841406312251,0.022673313805075687,0.04119807963590596,0.036689918964024223,0.04549575138693919,0.022713348575761832,0.04071122877964072,0.014879653576369223,0.03493727923042659,0.016537593860537585,,0.051287703783754204,,,0.039332389718884614,,,,,,,0.030208779425745465,0.018677898381246654,0.02336655089628872,0.06134724896422153,0.023822830929850144,0.04605647807665806,-0.005166192344278961,0.09111311780858969,0.11242250371985017,0.02154635560175983,0.018385198469666054,0.020230124954760897,0.01418470765647202,0.025635369019107835,0.022717085575549634,0.054596345437131724
2015-09-01,0.026072242745738154,0.035090205425145675,0.030927800141526265,0.02857808305671011,0.0354574974963672,0.02949281049253536,0.029913143549744017,0.05090566066403166,0.02628267513440528,0.05742555081164458,0.03118970647494911,0.025264858949299307,0.030697046961403112,0.025151633618073634,0.027900576305827773,0.04745640846709726,0.033431464287349645,0.047488217333081686,0.04729387531178672,0.04358782599919142,0.033553961357001526,0.02436308460243987,0.05139863782579432,0.022698445699566916,0.055328553144943844,0.023929673246774672,0.027836450112811377,0.033285677952060916,0.14090361274246546,0.06951807114997802,0.03591325874863638,0.029281717069761237,0.036947257471157735,0.020592992654208695,0.04960762883520357,0.026203292411550044,0.030151464068935256,0.0370882960143682,0.03733702286757509,0.0351026946561503,0.04169105533986019,0.03983176812033722,0.030174457190630513,0.02812694401779526,0.0721161333449923,0.03997257256080531,0.040747593070164526,0.02494785183635411,0.04702928204240005,0.011625642073720169,0.031013828467766232,0.011528592328783942,,0.06916752491719186,,,0.038701062908292776,,,,,,,0.013755598147392224,0.032104657272706075,0.026951783987114803,0.06385592062541498,0.03167439320132524,0.034984912463102535,-0.02184634012720453,0.04111224686124324,0.025329073311911074,0.023233213406723824,0.04741046260731314,0.02142418947617952,0.022558016900012013,0.04968704158159171,0.03542269260246067,0.06835503043269472
2015-12-01,0.026116916979773724,0.026387024179304913,0.0305335005492578,0.03910945818985907,0.04203501489996634,0.036771121265068867,0.034253542804201585,0.04974502089897507,0.025047932273468985,0.03271453244157767,0.034791731450510816,0.0402168739863969,0.03075076830753128,0.025088991789435605,0.014173224196802506,0.048177876417216756,0.03479335448120965,0.029873144169671538,0.03343009589107076,0.035373683000233955,0.05038033021575484,0.032960533050305704,0.04060143020625985,0.028958972404338378,0.09675690731185466,0.029760576133967834,0.027632155308353744,0.03479335448120965,0.06600191605960233,0.036173361432379536,0.031554420253414546,0.023781140655180683,0.03479335448120965,0.03543681086420158,0.034797827329182504,0.031247174272172093,0.03189259503134649,0.03643629424454398,0.03274983465897015,0.028981165957031357,0.03084792399444572,0.04638856928191201,0.030601918907035144,0.038662658942713264,0.03351359843045874,0.0381090710421278,0.0362437563711726,0.030526908331224376,0.048919569662602365,0.03133832160435552,0.04313427005076242,0.03566963787030307,,0.048430390216831605,,,0.03394743649549813,,,,,,,0.023860232674168327,0.032150487359563315,0.031509400810959674,0.055226117279053744,0.03874410707990535,0.03231992110417084,0.01916325599270795,0.035907267480227656,0.08200039091835284,0.03626726699780453,0.0259328682836791,0.026745529713071498,0.040745814079521527,0.03688696884572731,0.03841833342349186,0.03676528566235694
2016-03-01,0.03237399177869216,0.03439550733166381,0.03451741617379861,0.03464730649621002,0.04032356768086832,0.03669169977266581,0.03624851075287709,0.034745083244011155,0.030168311583371382,0.03320914118853691,0.03464730649621002,0.03450679034670082,0.029574347295525397,0.03320914118853691,0.03354783688910741,0.03729862138156529,0.034745083244011155,0.0263591193939247,0.034745083244011155,0.0263591193939247,0.03462317440187636,0.034745083244011155,0.033346644630178765,0.03378610632716691,0.04821528001273476,0.03641637963446914,0.03346342577760388,0.03247176852649329,0.04997525442803604,0.034745083244011155,0.03371478989631634,0.03479411888198476,0.034745083244011155,0.036877007554196053,0.034745083244011155,0.03451741617379861,0.0263591193939247,0.03378610632716691,0.036144221188866496,0.03617389893808599,0.033346644630178765,0.03320914118853691,0.03469634213418363,0.03718635117973051,0.03320914118853691,0.034745083244011155,0.034745083244011155,0.0362695672486944,0.03607153915550289,0.03388388307496804,0.034745083244011155,0.03339926338022832,,0.03624851075287709,,,0.0364244711654054,,,,,,,0.03719169312068354,0.034745083244011155,0.03516721576798256,0.06831634344479261,0.03451741617379861,0.03464730649621002,0.036144221188866496,0.030306438918923696,0.03714717047435981,0.0328939010504647,0.03451741617379861,0.030838049723217915,0.03362091093640813,0.034745083244011155,0.03541225617553156,0.034419639425997475
2016-06-01,0.012963005876072319,0.025940836306755765,0.024367805391388678,0.044533340007393694,0.032757127852168895,0.02427941611901859,0.09730703927409731,0.037182646235342585,0.03231643108606374,0.032780258497966175,0.029172820332143495,0.013149141999339744,0.01568977500662905,0.0297941353929264,0.01250582060671744,0.04690054824790254,0.029116595911916943,0.0025333558622214775,0.02979588903187983,0.028487005646261457,0.02724805618527486,0.028476760105605653,0.03371702293906733,0.029013234399076767,0.035137716503734304,0.01908434112604214,0.020387958647509676,0.02333097741979002,0.07961874720985027,0.03177275593057755,0.030944490688246427,0.03335067806800864,0.030895905321893465,0.03966247988515763,0.044630733825174754,0.031121962952906666,0.027533364516866127,0.03147973745629262,0.07236865533419748,0.03173125757378617,0.029507026145930502,0.03687026696803057,0.028477800596940005,0.03379836962409089,0.04954436623398397,0.042671779968993975,0.035202689066917,0.019336266897355698,0.033171818970076775,0.02991656516556496,0.03560278699653875,0.04304377940925701,,0.06003868286374481,,,0.06394671521094342,,,,,,,0.02782168139062349,0.02884253831837302,0.036602068839935234,0.05252606231173264,0.026867565948744263,0.06347036898300479,0.021514368933844803,0.04141577309531569,0.1425355348481043,0.014526040767338152,0.01216406768277074,0.02777245635197888,0.022518124800007748,0.04178813153202947,0.02207914979604623,0.036944348987145124
2016-09-01,0.024759646329784852,0.027336503611100096,0.03266991784901898,0.03193635984585948,0.03764575437187931,0.05506066949407944,0.069934598454131,0.06785107145238015,0.0301502794945497,0.044429064678865315,0.018617656164973063,0.026623443616713822,0.02777044376397241,0.03031772910461921,0.020661114947771564,0.032216323681699105,0.033980177662731516,0.012502700793181241,0.03230047421818234,0.042560459888133034,0.03109398135416493,0.03013171772214448,0.032412666343234336,0.03691294224913853,0.012164316949693436,0.027641085204477424,0.027014290827434978,0.022991413543596323,0.0647943624236863,0.034433692313046535,0.033177566845150754,0.0354793052061016,0.03248641567459877,0.020532724570727356,0.036703385508052244,0.015555027275291925,0.038164217470910256,0.03387813610650632,0.04794523121286427,0.030160108244227837,0.031906992498741175,0.03773022507209514,0.03307858958179109,0.027444299171123798,0.06817646656042316,0.031357581359249334,0.03279913044917638,0.03228860466551268,0.037906218960021956,0.02833145578462444,0.029414897092178382,0.02620149612672896,,0.04185082202702352,0.02850013205596304,,0.05495046977716507,,,,,,,0.02800506490954529,0.03026187551896082,0.025311124168969662,0.049827484386277925,0.02742648822093534,0.02850989087046274,0.04940764671490467,0.04339977120119881,0.12820834039552,0.020499962346577208,0.03722478581842925,0.02963117049330946,0.031782319511225884,0.03460913154265849,0.028445629311324033,0.030985719524095724
2016-12-01,0.01957531871034981,0.020777475443886397,0.02692320497728756,0.04337872157498157,0.03937186684307025,0.026886601851121426,0.03495464257426884,0.02391922187651978,0.03758461391927672,0.03943557252087877,0.012832715566399441,0.01915380555333505,0.024973985490468812,0.02696967320904366,0.019194213478003784,0.03077809636418142,0.030483905370941946,0.018196368966684473,0.03111960000954584,0.02715621672313421,0.019778565564928855,0.027120984676935286,0.030181843205666053,0.02622622810121792,0.020910666330314298,0.02366569574647328,0.020562260015317736,0.030209897197169242,0.06348416037222439,0.030356127426967364,0.026148053613032723,0.024202342541682673,0.0301878884709864,0.015018309700018138,0.02693038693211902,0.026606664035851362,0.03929481279937507,0.020059433714637597,0.03406030613931859,0.025545808138686704,0.0301878884709864,0.042439663058737725,0.019980807877880168,0.04828942086150847,0.04716588943701918,0.02711493941161494,0.0304778601056216,0.02180992125619775,0.03159573487397683,0.02993362813843293,0.027397255763801087,0.02709748919858887,,0.03259329551389313,0.02296694975667189,,0.0741228134148353,,,,,,,0.02456836333090923,0.027787689317864083,0.028106757934473984,0.043642166106845424,0.026901196251104716,0.02419709217359879,0.02910509979713715,0.02151144540453623,0.06699969956930982,0.04812774210090456,0.01909484913607259,0.020181126621374064,0.022731358546212794,0.031220338626807276,0.0186629766827281,0.021143662960207175
2017-03-01,0.008644076388219242,0.014938081031174317,0.022294300092193832,0.05140082706930613,0.02724663542757581,0.0045909727765290715,0.02871553661819586,0.01056012024164437,0.009042347088579863,0.018059886635387237,0.012136740364496764,0.023907136813561887,0.012721734476805835,0.018357964112449353,0.005431042765580304,0.027812282611092604,0.025270320133043957,0.02742599429249346,0.02351864370266098,0.01158601455523851,0.009602735617801372,0.024017288388468404,0.03255206777581096,0.009609852110228802,0.011848109078393875,0.02468542826573863,0.010059436052684213,0.029637962719965834,0.04878622521705921,0.019133229963904663,0.02164742910116156,0.02864814761869282,0.02673312284617952,0.034753933457989675,0.028328237138234545,0.02200792265855279,0.01423609314995846,0.01265404415568484,0.009773280798244906,0.015126760438283813,0.027816867896630508,0.02189887452994381,0.008786028290335555,0.026957654700734714,0.022544830728175307,0.02214811569300182,0.05788609639043563,0.008073408935697109,0.01713927900203791,0.025616476158340135,0.026672144979112362,0.022086841111033345,,0.02044961572758822,0.019760742796640477,0.06582919134887529,0.10734004650240593,,,,,,,0.006219320875708268,0.025451336680160797,0.031854499214911916,0.01317509033284699,0.032408163694822106,0.0349385438484303,0.017233911332447498,0.035248164011196494,0.09935282864781851,0.05767502023464756,0.01977992015000242,0.009181475464356813,0.021620022745750797,0.03481022158460153,0.015997708624035413,0.037917036778078866
2017-06-01,0.01032083614343851,0.0063009121582096135,0.024073454713341356,0.02582147942244825,0.017120562138631695,0.007575191816879258,0.0239922439622306,0.013002402364545132,0.00837475483413609,0.023017225716057545,-0.002849809158320875,0.0036377496712224106,-0.009629702473192711,0.02269118135003647,-0.0063859359428476365,0.028953798021498806,0.01974475712824314,0.006619585104185739,0.023978928285372694,0.049963539590361844,-0.01106768502950383,0.021895387676951757,0.02710939814106332,0.012103306661273149,0.016202014851401915,0.0093417262690535,0.03933443578975995,0.02573531770710462,0.013666122759197954,0.04690292296128937,0.006619162642786709,0.01653097717586464,0.024952367448913746,0.010765194186208027,0.017685674800229388,0.02525486476011171,0.00637149667265659,0.018563823239153076,0.03267482806795958,-0.003418807640829795,0.01744200905891781,0.018393842084747807,0.02090260847753081,0.016615250471586747,0.032964296339402406,0.022485048223057944,0.014952069996415133,0.013171159932816121,0.032701892319553276,0.02269118135003647,0.04972120788589395,0.023103490187189345,,0.04528198919371006,0.011129646061615307,0.04185925428062885,0.105535260394612,,,,,,,-0.002849809158320875,0.025438570682104585,0.015476347326723044,0.009271973459605344,0.023556896480927347,-0.010015759754169021,0.008241326932223132,0.006508620824474381,0.0989522319214238,0.02443000929763217,0.021815975126737885,0.014458756041167814,0.015739841148691824,0.026010339120023762,0.00807854086562819,0.023703371395999772
2017-09-01,0.02016467690144026,0.016348315723657574,0.02854701063259329,-0.004515553378884597,0.03796651161810089,0.029081009591220792,0.04599102657118132,0.016998107866328455,-0.03429483201846201,0.036725617824404755,0.015052090600513334,0.014128282679879459,0.015725897115063215,0.027192324694566287,0.01660741350046316,0.02562370975328705,0.02777557583176185,-0.0246272929741699,0.028621378954365367,0.020977725342411185,0.015424950071803192,0.02533945040799261,0.028195773185926705,0.01588950020931647,0.04693733216989947,0.02418990712674179,0.02358795939533672,0.027395285982690032,0.07667907531994501,0.021394930893663112,-0.03894691266685362,0.026224062913612397,0.027395285982690032,0.01717380249414228,0.01929762357902886,0.024751496701850468,0.03058873853820924,0.0205491277710596,0.0244060140406036,0.012649102513097418,0.027143584009710627,0.021185535728662393,0.004780315645964918,0.023480239835313433,0.038050445601462236,0.025172929367688376,-0.02927937362256152,0.019892900751259147,0.029931132308786336,0.02580790594204188,0.015963864854038234,0.022406166295140483,,0.04599102657118132,0.017826790954742298,0.058276270022276394,0.04019313656243784,0.03825947737509951,,,,,,0.018882197747276758,0.025680803650813298,0.009680856062702324,0.06558255658254301,0.0315030556672843,0.02499200415762438,0.017813040199895682,0.015259854541565305,0.08423461612143426,0.023160991447542256,0.029566557893715824,0.020012023433355144,0.02579799960137681,0.027534620201295996,0.021396769428051125,0.019956911765897326
2017-12-01,0.014796467832496217,0.016086600760499586,0.023107268452277153,0.03418547100490522,0.027319427074939364,0.039489930022171646,0.05056267343750541,0.007604330232777224,0.025399057232453833,0.039507379216096025,0.010713338641938753,0.03420215680917267,0.014037849511719692,0.021969481272097167,0.014068052390120194,0.026277171459334073,0.025065509028728478,-0.10130014873861347,0.04335524731353226,0.019506972857580154,0.015206904152154038,0.024389436473932907,0.02730701707189541,0.020067959075168416,0.018034197616374908,0.01325660271749651,0.08468628924059736,0.025597041622988027,0.08210261525293194,0.015751622867171876,-0.1094919926475933,0.026673501873470357,0.025238054364792102,0.01692260509857156,-0.0009389224385417288,0.02515418554988059,0.002538944387316004,0.015697533575603648,0.019625189630742258,-0.0416328083840199,0.022309296689524954,0.03485618043390602,-0.04279541664305816,0.02245986412504132,0.052319700053861384,0.02677830067974356,-0.11640496548728362,0.018125136979570047,0.0332739895476972,0.022669959782620375,0.03708383124061623,0.02198787591045773,,0.02650969973655851,0.014716003642322345,0.05332322004876725,-0.02265661739362034,0.030812757458843768,,,,,,0.01575512348984108,0.021472088016715612,0.02432984944254162,0.043587107280887195,0.020117504523319344,0.0432450270250347,0.01812444586419426,0.028106325133784797,0.015635373213470652,0.016445798460870447,0.020684687946301468,0.01133225265027927,0.019160462626342946,0.02799130148762977,0.01458609249469353,0.01979719097723239
2018-03-01,0.03139732541458229,0.016389433150241668,0.021623031377270858,0.036534039548172206,0.040888029035821054,0.019291792319363288,0.030093634288854556,0.022337074051324162,-0.1060473273711186,0.020859460803646993,0.020838541251194772,0.019012950935118306,0.014129070002758036,0.02854677855510457,0.011635167038528009,0.03559173934631075,0.020357659807143644,-0.06353443851934336,0.030283276886484644,0.0162628482471002,0.01834972061054782,0.027153362827793827,0.0412870736730662,0.022189093001566754,0.004573473295470495,0.021621648833826362,0.04338760239254266,-0.01255316641581397,0.03487988451997813,0.021573933498827823,0.02159202357282127,0.030718201256517082,0.02139515246317862,0.010904013904763483,0.015429838204447962,0.021414202940922028,0.018303460019352878,0.0007245475851483532,0.015687571041263604,-0.02676619321150816,0.022804231929451493,0.0230393314681921,0.015661760084743234,0.007182767182905947,0.06403605748622267,0.032929851848847225,0.032227811928982074,0.02093412680455143,0.02939443650219063,0.026928107894959065,0.01847145770733539,0.017316187000004715,,0.02564383767265008,0.01870964850035759,0.007164275810306284,-0.031906486219631165,0.05183894868635108,,,,,,0.014733450426623206,0.027112205776193665,0.03450294362997811,0.03882041427655042,0.029100246355520953,0.025115680219521035,0.023578406831581186,0.029474141133412894,0.0753575335570715,0.018932761954425715,0.022618225801459405,0.018390739760928903,0.023343025289931138,0.03141352498599039,0.012274361531865133,0.018438756476921517
2018-06-01,0.038728346829332856,0.020024074922704905,0.02958320342112587,0.011616548149009854,0.06188721367639969,0.029123330009922725,0.02748295352571182,0.0007815938335941066,-0.09714111745239344,0.01942885421262718,0.01341056943545051,0.01829081233789,0.01984747346115156,0.026665799166372264,0.014639907159949036,0.029219378734732248,0.026638546458974385,-0.029885416170398367,0.047772434196853036,0.021724332045507676,0.019813123696820714,0.024556761357375386,0.027318082595615162,0.011291834138661356,0.012993525693865754,0.009331735639049417,0.03351874957562254,0.019266478019103726,0.06276556042072678,0.00796000348248661,0.023482361271236377,0.013881024198448791,0.029062483204951542,-0.0053724738933615575,0.017773457807035493,0.028550508400103605,0.01509876300605915,-0.0031369958675325,0.028442315172169205,-0.0704969829326879,0.02382803481258611,0.024196409832911953,0.011925243158267231,0.028130988571195212,0.01584152477960651,0.027161080078773533,0.0311795518891852,0.01989900532469563,0.03758295221097982,0.02733636611571503,0.01435232867217117,0.02650932476204368,,0.039450456292823434,0.018127372329687693,0.030200064740027247,-0.058212596364849066,0.03279621487486821,,,,,,0.008021123525083036,0.025408310469181652,0.01662858757040539,0.06807936153405716,0.023743167145453773,0.014468908377229339,0.03805462760306454,0.028554272262094525,0.02183925949254907,0.008053877864306402,0.026689492367229433,0.012780161023173704,0.014397107183007282,0.0264856532792478,0.023163283204560344,0.018912360688784057
2018-09-01,0.026770594554696252,0.017059615396874186,0.02701513925426228,0.01622310982951982,0.057303875982830946,0.051088234923700626,0.024830752436012345,0.02161518589621543,-0.07358444923910555,0.0512744782124288,0.008043282755433956,0.034057959333679486,0.020392974951338887,0.02651746037602738,0.016246496713856584,0.024784088174809024,0.038882050692169316,-0.07811715923613229,0.02717525052106979,0.017352024732055958,0.01245763472488393,0.022063797552906734,0.028844228467125848,0.01300137554397958,0.027655787259101693,0.00694861280118766,0.04135309281616226,0.040222653700513415,0.070510987403781,0.04398831645303564,0.02844936350417065,0.007157246164361189,0.023537822137279327,0.032482238012760775,-0.01664915473008281,0.025633493277577434,0.025884460472006866,0.0043341163795947504,0.024248511919785273,-0.01568058847715296,0.013902377307363116,0.02900602373437826,0.012697262885151802,0.03409603118366742,0.04830415918196579,0.027456553796536345,0.02779709552936939,0.03236361070761936,0.036600823001762824,0.025633493277577434,0.04416347476490138,0.02474959689113342,0.020137582372584818,0.02917950125227132,-0.016895826560047896,0.08552777675910353,0.02576125421157949,0.020251151987243633,,,,,,0.019321248774182037,0.035558397452448445,0.0029219503025365557,0.05220827098919619,0.02421481783334118,0.017972657358142092,0.014833975863578657,0.03495642408495562,0.03292303085998705,0.012430310116426504,0.026581365440745294,0.01543339389300739,0.012105353397041725,0.021622184025669892,0.022833256093716125,0.020930625011069123
2018-12-01,0.05466974229230536,0.01873942832029975,0.029950889889273,0.03578189165725413,0.06703947801243094,-0.0013279494400744915,0.022435697999314053,-0.02916807838620046,0.033543471688248006,0.016954487233122068,0.018215644093616867,0.0034188547906949225,0.009384245027938103,0.019533865966917103,0.01934558598127851,0.02738958781738127,0.02343906009989427,-0.08151163749766292,0.008049611721665097,0.036542006847012504,0.024751502837652317,0.024131053570806436,0.030336608742694036,0.015239402758720372,0.05023762335815823,0.010972847365309674,-0.0023742359061574565,0.03352408505419073,0.05959820688868562,-0.018528580743931277,0.028813570546124347,-0.004948696073322057,0.001819736042035024,0.0018543220740147807,0.007469510196976117,0.025593820465684005,0.017187489012819294,-0.007743145975044045,0.030243845735710807,-0.026695256107664968,0.023176556375164192,0.02814137008569884,0.018220162008511315,0.03718358699900255,0.01718139847773767,0.03048191238636176,0.030435151544186686,0.02183189985558835,0.039659572356867734,0.025739124109351728,0.031851847152879774,0.01769939129338427,0.010028646957225983,0.030533658876740383,0.010851949720655086,0.04102351873119431,0.03754017691059532,0.03140099302796178,,,,,,0.03431597469413691,0.026176795516411704,0.008745882091148073,0.1073006364272134,0.02385394419323227,0.024584921283270226,0.0069621498551186295,0.03862305899831004,0.03960870540948022,0.016642148071006724,0.024342172996998156,-0.019141450142468177,0.012250615440062066,0.036108670794872066,0.021714274535526143,0.02393545544682059
2019-03-01,0.03124710152479747,0.015138206053973455,0.031022449599619535,0.03666819792872743,0.0432607123914645,0.0017426427906362992,0.013993204906240987,-0.02495097581629907,0.010925824261530211,0.033452660450736076,0.021586360411511248,0.04519100811913986,0.011150897791752329,0.04049294939105133,0.02869855069520749,0.03601968459411282,0.031899106124348396,-0.03361068249196584,0.028532731193062048,0.022432338820116356,0.007769313186552067,0.031570172818184535,0.03728768016848579,0.017850747558725493,0.060014182120506444,0.03983466079277656,0.014744465692807867,0.035117409296643545,0.07513464979681003,0.00499667430722358,0.02912576342824946,0.014230735675670986,0.020403844098478903,0.06527409850377416,0.042770038545717835,0.028025739256697896,0.010592624804091219,-0.0020990331610251725,0.03531551483376015,-0.009855768991074028,0.027232839734582914,0.034444304915078126,0.028549648539486862,0.0320633743356224,0.04677714243495051,0.033536208312402255,0.03463307257733834,0.021778149470727738,0.04811017877656638,0.03351717426898849,0.034191197172422055,0.028457914656782046,0.02375585327210639,0.049331756937735886,0.031126136249101002,0.11862986832523706,0.039260934175982004,0.04566580009837373,,,,,,0.026172734983137647,0.03290277127409728,0.02093572224130182,0.053737119395578445,0.0372240637779498,0.04704709200019387,0.009754731655318889,0.03483102660775294,0.07567013876739981,0.02997602119468944,0.023944249484349946,0.028709524117286674,0.02763942187406218,0.03332135381790019,0.01576805429157298,0.03686736452312771
2019-06-01,0.027764646360781915,0.027152614374493955,0.03766894923440074,0.028338850104298593,0.03929975169870968,0.024217988730997935,0.032763934805799755,0.029981653730129038,-0.046174575610373046,0.0290064304064818,0.02644095827251806,0.0005264747031092001,0.026727287629705353,0.011724199058223013,0.030136234144049024,0.029971168820504986,0.02314280190414867,-0.019677609876556715,0.03103314600955177,0.033636368050585404,0.027232999718530583,0.030485459214008866,0.031141622374626917,0.027138054360113437,0.03816159109906683,0.021873226371155994,0.01966448551438627,0.030665575654182604,0.05812243086719296,0.02667297158256285,0.029311032945278617,0.022277310138316846,0.02345130357842377,0.011033986671043118,0.03140132739261071,0.03049208402382316,0.01227815851146791,0.027430115712966534,0.0248240181363946,0.027810950210948034,0.027636354319372836,0.030863444971852897,0.03724659552330098,0.03031964274804239,0.024818384669253932,0.029785379727005266,0.031515660371247305,0.02190896211910321,0.03409656350151814,0.030609975732375578,0.0368300213944772,0.029785379727005266,0.01172824898478497,0.031015730978535057,0.027442140086907266,0.033182926588711616,0.03249234334178937,0.029122907391504152,,,,,,-0.05373973605188373,0.029430715596294926,0.016386096867187887,0.05299583798512344,0.030675961652971196,0.03236185561774161,0.012557794394093172,0.03730121810757555,0.044404165922345876,0.023292158923004107,0.03075216850602123,0.02659324427920022,0.027446963236926532,0.0258666250911619,0.026477041818787538,0.027876028242944814
2019-09-01,0.03238423877313733,0.016412356890568684,0.03207448877434475,0.019104108680956376,0.042087541630210196,0.0036541756059022034,0.026848416215074673,-0.05720065231318117,0.02506545657007362,0.03896556512407532,0.012989237355586084,-0.0085680153181842,0.009519990552449436,0.02247180265425109,0.02737439505988326,0.03502695359565335,0.0064029476800488575,-0.06626036570160762,0.03591194067763297,0.035847332372750985,0.014393070180464719,0.025689254954548244,0.026689150183815697,0.012348517416775036,0.023580815968589203,0.020291741274123053,0.03831021670657254,0.03419897808854466,0.05775486598013587,0.007534489818024052,0.027271993110695957,-0.026889918257262602,0.010935596790389789,-0.009937937432134735,0.0009817497281405015,0.022747298700623187,0.024821682501998583,0.015999301721609963,0.0400102396657137,0.02456615563428019,0.010449803987036434,0.04129594899215073,0.025043957504566193,0.017594086524666434,0.03883705373530152,0.029803942809632868,0.027012626605930023,0.027605972482757958,0.038719781648372587,0.02857932446514537,0.06011974426748479,0.021226941099116856,0.01325307577803045,0.01298666889149934,0.01627431186376447,0.04861176153660334,0.04114078466337033,0.020034408208372014,0.029883223497973184,,,,,0.044978461257772,0.028106755768579284,0.005093299214001575,0.03712378419565003,0.026855372162866206,-0.00946813548170485,0.01348158786668826,0.010695335559203349,0.06780443348940926,0.016506969238726105,0.03560482659516246,0.011425749712577293,0.016207249229451385,0.02466436469020575,0.010448749811519872,0.02256482340924525
2019-12-01,0.037162389281424076,0.034008084025392744,0.030950965356024956,0.032236767102197715,0.04697635574984456,0.035318002456729766,0.03741131993696987,0.014885932093562848,0.03435722115022157,0.05119610021236281,0.03132261439748872,0.0289719572257017,0.03244985739056239,0.023728256680195594,0.03189680505201609,0.047106829410001126,0.022634799330447833,0.028366789780139647,0.039997211764311834,,0.03140767836964582,0.03355113801621186,0.03899548567401994,0.03671976636876813,0.019251591511413924,0.028515787231616675,0.048817273621819826,0.03843792748182903,0.04468474317353912,0.037780755031463206,0.03346638666369763,0.029030191406497676,0.023038266645593154,0.028284579702968278,0.04098213712543085,0.03216150035949716,0.03669795037630721,0.03472869957217857,0.037421127803377474,0.037809534082235786,0.019927141662902204,0.041487742415470014,0.023979763430785454,0.03576759734577437,0.06170479090015691,0.039751659232320984,0.03997109736562072,0.018072597499299122,0.04246985583339495,0.03564815147795943,0.034291986288643515,0.03428366989640593,0.0375173392096778,0.02994875740525863,0.023771445161064338,0.046350274244988,0.04125158833524828,0.03396698935996374,0.08072045385036158,,,,,0.03277207647521472,0.034880051751547694,0.02282343812757842,0.05487146956673223,0.03484349105409976,0.032298458293985643,0.024243060055469473,0.042976403151288076,0.05143510604643678,0.031669384416466585,0.0304939966036993,-0.03757002739319644,0.029991224132841596,0.02305130784441264,0.028138162057559323,0.03117140201714193
2020-03-01,0.015398522845849185,0.032218373191243835,0.015389008897428204,-0.007231046950265442,0.038087693058404815,0.00519916894180029,0.03052438642687668,0.012982552588695576,0.01209830929168897,0.03565134770791229,0.029422177567006175,0.01655584089844469,0.01990709254811789,-0.008208627493456076,0.0172752448124937,0.052625562879787265,-0.05043491575601335,-0.0831640298844895,0.02812742505353158,,0.03468079309468876,0.042403574442962104,0.012143742600664082,0.016420039180536167,-0.023980979075371625,0.023768358050303303,0.024048920307652887,0.019705631845601843,0.040254254986417895,0.03288320459716652,0.002849554484021284,0.012300317252881512,-0.05546083718629132,0.018800541859953654,0.001085307717599927,0.02338786669962051,0.02708483374803311,-0.0020744363725516235,0.03391060190508041,0.029043269136300964,-0.037507996480120015,0.04246150152974443,0.013331049814796752,0.0526389496737513,0.038578792929237764,0.033728567074997336,0.043257529848912145,-0.03902681862958236,0.0406488401557416,0.033660011783615745,0.030866347352092288,-0.0029860971978674052,0.02725613501923281,0.03404353431650889,-0.00014997027399720982,-0.07242207451400708,0.026993542024824697,0.01255301133273017,0.11085011258225826,,,,,-0.06960868778954998,0.04365464778067077,0.00273540226038655,0.04545161164737635,0.03407430294764749,0.04166256668497511,-0.04637890396725338,0.03014353828606982,0.09509142441747515,0.04632324895091763,-0.0041368671049632115,0.0050718293022425955,0.028408018133121327,0.03851831005475059,0.015140951879855459,-0.12945764886495978
2020-06-01,0.03153039478665228,0.03325658229339968,0.04214095864246719,0.03944779158917648,0.07351165432706291,0.03036469369514576,0.040873694724477716,0.034331695755220215,0.0319910227312319,0.1600144328665899,0.03212371905936365,0.02919865335285427,0.038499559594698626,0.03633131303963528,0.03234042668366829,0.0609312512004235,0.023699785749953135,-0.04395744797203433,0.03396936293245055,-0.00989058100228039,0.03577691033592463,0.0321982814820937,0.03623277025544024,0.026586606587123144,0.023503049288380654,0.04487323638606964,0.07946312184763812,0.044224874840112505,0.04862264701529259,0.03335670696023442,0.018037022327551742,0.034564199195667444,0.003938428208989997,0.050586178066623466,0.028353678907656853,0.033435055938254715,0.03671883332752178,0.020229860046862447,0.04916985785060706,0.03669855419181199,0.049605729885502055,0.06828772304426786,0.030364218349881743,0.08806552401347528,0.149001626865992,0.03895072987371516,0.033299776484328414,0.020056020474933673,0.05402403967246433,0.034284288845660434,0.03378728603318282,0.023646132364523176,0.0268993945312832,0.030063810673364146,0.020654358449457712,0.06113943147417791,0.04330041243640314,0.016648425323595603,0.09992019647170597,0.04396260205321646,0.07941821624426913,,,0.04748310491592338,0.03397242623640844,0.0454742324912091,0.072825934947829,0.03293398039433281,0.04399541204469967,0.013228106944500946,0.047187954869735774,0.0651197773601334,0.03168179757640163,0.0349484360553382,0.027400532708616056,0.028018368665636492,0.028384083044702392,0.016493492539625745,-0.048426111377963356
2020-09-01,0.03299503060322212,0.03106605742945224,0.03971403745459146,0.027514291085029844,0.04385215549833593,0.01596934683675237,0.031087525492462395,0.013444695702063171,0.023802459441795917,0.0675032184236946,0.03609980080084531,0.02138598427981734,0.03592587695689861,0.029952489647116404,0.027433294634179903,0.04794152150421335,0.019958185273084888,-0.013645919615787651,0.03748871709328788,0.005282592568975396,0.03302036132231655,0.03152039823959285,0.036044341712923714,0.034159074145049276,0.031460301124066906,0.04882401370009767,0.05407298972666523,0.03864871748974712,0.040490600206371956,0.0304465901573054,0.022862346455521827,0.025167302025307297,0.0002963683654165752,0.03029788895890294,0.033180420418009976,0.037148397023001226,0.03704854980402136,0.031871330278208404,0.03795085499140168,0.03012500023379097,-7.252959621242857e-05,0.07254779104718315,0.03151093738292108,0.015561255941468075,0.07483853975745317,0.037258777659952745,0.04460846928623035,0.028003659542939135,0.039618027699893456,0.037217284611256236,0.023200269221502576,0.03240305812525901,0.02117948437556314,0.02980599644954483,0.014924952376596003,0.05975983902842317,0.04385215549833593,-0.011557766584994607,0.08164083449149573,0.047736012048316095,0.04307669597999815,,,0.02847504449679564,0.032122650484353525,0.033953330863240073,0.035666030380028704,0.034604458682882935,0.04609618110266357,0.023626874537920263,0.039857699565490026,0.028206259673330254,0.029588962408127598,0.03926762665264887,0.03489821160764715,0.028036821167161108,0.030530400628262046,0.024423367589087426,-0.08634495889329438
2020-12-01,-0.0013467147210707124,0.028281793987215146,0.026128969092287915,0.013167892154504417,-0.06368890074123973,-0.004082319766917462,0.04013164711756373,-0.03401035452702839,-0.005821843925266392,0.11687694431140432,0.002888301839895917,0.023388195460901397,0.032171067108281756,0.025360134864114238,0.023948730749808085,0.03667486179557275,0.03829133508879828,0.033995875373403185,0.017900297079262145,-0.015923392002651183,0.00027940493182654515,0.026180054479858276,0.023372196597807843,0.0024776824611012567,-0.01199739623414296,0.02123969566336246,0.020633630973468046,0.031230247944482013,0.07395505269030309,0.029646006211371506,-0.030480363080897695,-0.0013484803528772313,0.024423589455497163,0.023628084686458422,0.023432102634850554,0.02828524715895423,0.0367843896730514,0.005181481462234128,0.021093169301736464,0.028289415436158448,0.0034931218019097006,0.09142793697289318,0.012080167149962438,0.01792826337728888,0.09497678087186556,0.025452343254166843,0.02914086640365605,0.048524047698735556,0.026282259801135344,0.031623332570171324,0.013115704124764541,0.006101599287348026,0.017097614952388256,0.029115711959610206,-0.02591744846864045,0.038488667529771106,0.0206830373219385,0.016712894000007177,0.09940335489446854,0.04764717200731132,0.039994982496172234,,,0.05200270241086622,0.02863466165045726,0.03527023994790811,0.06581411905343634,0.026157626324732928,0.039417635747858885,0.008421418664883157,0.040198330405812,0.06675019587902235,0.04846177670867537,0.015120423912166695,0.027285931940209493,-0.004614344858245001,0.04180092188464511,-0.0036558755163304474,0.028926438991498375
2021-03-01,0.018127416298757266,0.03323643840759749,0.03300489314633172,0.021765457676548063,-0.0757263447536858,0.005460961421478818,0.03473442527113126,-0.01361928793912298,0.012352342879437034,0.04748455974795591,0.034634609873996955,0.03337967977786257,0.026310847865931193,0.03389416005354307,0.024956627769103613,0.030453674572749754,0.033881228767501465,0.02352702774246483,0.034755894333122456,0.007762757906540761,0.034683982886594696,0.03346331178756335,0.030278721384988643,0.00858001440104086,0.021576528036275234,0.024738005111806967,0.0344063945262019,0.03967004033722636,0.046004787497331744,0.03811104207936041,0.018055640433362354,0.025611465407973908,0.023828339581822608,0.02950036371500143,0.021971781879990302,0.028663321227609728,0.03308560715474771,0.03530730825302472,0.029364582410194108,0.0283480114225673,0.012073367598386328,0.020344578478300464,0.026423367635568473,0.03580828288275061,0.015098389192843896,0.03491577451494772,0.03816865166008657,0.01680171526325006,0.035608375371426984,0.036376105241457006,0.02789633625947846,0.033962292489811634,0.02415860863445369,0.040378124864730976,0.033728348212013766,0.03202168538515374,0.035608375371426984,0.025004097968342822,0.020419436511522792,0.036556335427714894,0.052108123766122075,,,0.027295061621117545,0.03306284897584019,0.033673890177730585,0.024848820284392215,0.032682029698427706,0.03824784960711221,0.01680171526325006,0.02256061437354777,0.08042792597469378,0.0383381698235318,0.0286350655637127,0.021066704532442148,0.024664418606011776,0.03288345416538059,0.02911062959515088,0.036011470451300466
2021-06-01,-0.017998383710416517,0.012945982158587561,0.0010051099804635555,-0.01562805675480452,-0.13358548704826892,-0.012291869980333518,0.03866341502929273,-0.034100949491582565,0.008693395555723118,0.0020838781762379114,0.01344989171978732,0.01494106643006352,0.010630024413188591,0.013657410798143166,0.020953555436165498,0.002539688672311033,-0.0013784413236461604,0.0030694170966100508,0.019187923683436123,-0.026890420832717296,0.0055004414484656075,0.018984145079597482,0.0033015643842015233,-0.012552507595844609,0.016250975294136882,0.018903202103470785,0.019803705343222705,0.032665123183341714,0.016815645338505252,0.015003882341072847,0.0030668413897797253,-0.028031410840012545,0.002539688672311033,-0.014391667070394564,-0.02175136701430329,0.019307241556648796,0.020488991263748108,-0.014346970970965411,0.028168269587201346,0.016815176584722945,-0.01313581799957506,0.014006443324078218,-0.03685644853272526,0.019971382960525693,0.0020838781762379114,-0.006203432604122413,0.03023155701448162,0.009695484053497547,0.025558029493087064,0.015871251073263034,-0.00648787312695843,-0.006361364441280435,0.002330602686370585,0.018281708049186506,0.00967829496501613,0.01980441086446256,0.022427211823974412,0.004594895780799552,0.0009227664557076872,0.02016658443191428,0.020387549432389216,,,0.011093332942961488,0.02476944185012774,-0.019162156563191243,0.01117617229903876,0.02258928109594553,-0.0006140938758389999,0.002330602686370585,-0.003443344797174229,0.018409915991990537,0.026046915095186772,0.017195820658567583,-0.09953409807333781,-0.012433533119956078,0.008689646094358548,0.017123189886048485,0.018523613244420332
2021-09-01,-0.01730078089760254,0.018093201822020566,0.004627897775204552,0.005380963342313068,0.05082278492240396,-0.018474953293418406,0.03181633906395049,-0.019988724151574988,0.014855864247544261,-0.0009897365896371973,-0.0017587501363378732,0.009674145114815376,0.015009957504583648,0.0016526088452277587,0.024642150723585575,0.01782804971762674,0.003931732268535807,0.006367289682721851,0.028410856237991267,-0.01508144461589031,-0.0036698209328656895,0.02459724905150576,0.019566891183418905,0.0007941357858102891,0.024338579454957352,0.035508899333853844,0.02589718978685534,0.021852000905586855,0.01858365317996497,0.0006862003909002793,0.01948580050318368,-0.014592780862545065,0.002565236547266266,0.0052563793273422916,-0.023983864721966508,0.031665568752806544,0.023113986769514767,-0.018157462999245217,0.03209008572824,-0.04458546911203757,-0.002940673283651886,0.03681518056106199,-0.014263464696170264,0.006162436061798073,0.006402837688076627,0.00973247535862361,0.025156144527623613,0.02206354939515366,0.016755151410017897,0.019724987143635096,0.011175293907873148,0.0019416196706926506,-0.007721619824521455,0.025001132964808034,0.024559369502209313,0.02979514129341092,0.026997360290370236,0.027691549251448497,0.037200227584817794,0.010895210732445091,0.02998031383313043,,,0.01594646225416053,0.04987368474239428,-0.028847605599686316,0.024506027394653455,0.03129461072342534,0.015071916839062177,0.02247757114546537,0.027491706590208987,0.07437896680908222,0.02630833452637112,0.025870237161261956,-0.060873023050343276,-0.01745584083978781,0.0012537236829059464,0.02095137325458451,0.026223662325670076
2021-12-01,-0.01518110984700005,0.017930613666259452,0.0128245601044511,0.014335995101918025,0.0453223270174749,-0.013544357248321346,0.029484040817953746,0.00043706188320977505,-0.01415067366999362,0.04255317895529315,-0.0014474263004984863,0.006585079709997414,0.01872160375167898,0.00998824154258286,0.014602176163426767,0.02316352969397081,0.015701452989309306,0.020142704683627003,0.02590403100073589,-0.005315435251143184,-0.00026718774633686514,0.020888017543904822,0.025611134318784663,-0.008000408940493363,0.026080142403202777,0.02151232020127215,0.016323942143788885,0.012953474515469326,0.031400865730339324,0.022404360991431865,0.011190711359536589,-0.01114564125038211,0.016109318221603094,0.02522174553031264,-0.00878982602159439,0.028532595561298897,0.0247552352317766,-0.02117395982980825,0.023196833252926572,-0.060851838193500145,0.0025786603451629377,0.03868158655535413,-0.0342070676867781,0.017087041756917727,0.004375354302537253,0.02555223312666664,0.026941247182889587,0.022020365668252845,0.032440264161931215,0.02670987875779133,0.013316553662850903,0.007910348498807727,0.004944541176384141,0.0285463493592376,0.029829450743284865,0.028040902578636083,0.014611417370465233,0.019867372865561717,0.004152780003031459,0.030635338616360083,0.031071372657188845,,,0.026010771666887894,0.04639212937447136,-0.027249628884593147,0.020164725349679193,0.028445843235824605,0.0190930207625781,-0.003595265154191642,0.02030387409660632,0.04998946067598321,0.042545265408205524,0.005123838710734016,-0.08058049169176586,-0.011970603425181338,0.0022040120548773518,0.018312782404825503,0.033248575905480325
2022-03-01,0.02598447542396941,0.008558997690524506,0.022622989605487753,0.0027559464277862947,0.03904403443385039,0.012011598491842608,0.047347857413033184,-0.022756382582967114,0.02476288776534092,0.0522803053967795,0.015050252671559843,-0.0007843307876950464,0.023206364665577302,0.02354112811236995,0.009707529749011715,-0.005828206142439,0.028037810839266358,0.004969087037427622,0.019445679444994975,-0.0002244422934377103,-0.010090083341816125,0.016409334487337276,0.0288800989719497,0.02598447542396941,0.030517351970475396,0.021655719098388485,0.016842768043032797,-0.00535962285907537,0.03216473494617457,0.026949951571883894,0.02388229755462475,-0.01633795094790331,-0.02544549503976009,0.010895745921873258,0.01945755204519147,0.03112505635230095,0.023325955682689824,0.020910229935628372,0.021085200222967754,-0.07219746066297937,-0.019359165204999154,0.03448970771984539,0.00799845552122099,0.012164134624561949,0.008127391988250379,0.027145537280792886,0.023143621802416088,0.029500473772157733,0.02910447485262815,0.02381258471347933,0.016095575393457056,0.03675425228165321,0.02165388008766281,0.016992572858451578,0.02073231189102731,0.036290530652125945,0.028386823570875862,0.014669655686625831,0.012941695440069423,0.029277597467704194,0.03298495122931732,,,0.03893941822161003,0.04502485773594876,-0.03697611199527645,0.023947961299308044,0.027247096373976917,0.025713531773374498,0.014489831037404225,0.029846763485727866,0.047888711420912194,0.03488570962255159,0.02553655642684734,0.014870919536382076,0.009074150090288403,-0.026624778213670364,0.02073515876880688,0.0327692198749063
2022-06-01,0.02775783157299601,0.012218302464804966,0.033942803335647226,0.021109925499988944,0.053841344437981935,0.027506121152813357,0.0336926919925566,-0.005012902200444547,-0.04911605769107459,0.06432795425364872,0.025136834914566426,-0.0181178266334139,0.01593915244520476,0.015213006414133775,0.002073579049677372,0.019354933795191546,0.018364032182523433,0.032102175597440274,0.023147630158086234,0.01980698587343469,-0.00605421598730561,0.02017286653497655,0.02570524700605766,0.01297480858675333,0.010375309972709499,0.023784014292409016,0.026228046525254352,0.02048585238036252,0.03796472322049637,0.029149899468673017,0.005583099428432414,0.03196977114501074,0.02087999368549247,0.01668353167088925,0.0308317947062234,0.030058155245138548,0.025511834310132552,0.005033977935862586,0.03669948928323565,0.029067369594404625,0.030656371512518224,0.037522326376630256,0.036824863132890434,0.026544822081000452,0.05747589400972912,0.02820330091952763,0.03187561807173674,0.012549621347599951,0.03528547071296555,0.012580495606196371,0.033173393317471385,0.010870731104932887,0.03412016153862584,0.032997954435562075,0.023353961439820707,0.03326925874765975,0.03046557348774176,0.02083258967482484,0.0725724559039177,0.031688620326637024,0.040883206498314645,,,0.04228943861827465,0.0343794293763254,0.004989605407667428,0.013083540239923698,0.03356743568430943,0.03507252971549672,0.027704678007515027,0.02960940462642988,0.04324708552777521,0.03376704322035697,0.023999310128596164,0.027339839423882316,0.025555108086099447,0.03477417564773188,0.014986503515345214,0.032007180898108584
2022-09-01,0.025089772125216896,0.0264988255159448,0.030493293344254647,0.03802015693759902,0.03824798845528575,0.027133876338423367,0.030709553239463682,0.026787355202370956,0.027227220883061436,0.03710474196837078,0.028745502336299494,0.01647896346663541,0.0015512144504733277,0.02453361632141257,0.02462953295001023,0.038680778998389904,0.020595747299874106,0.01218956371833727,0.016844909622232774,0.014881526713871765,-0.008494505883635727,0.020692885186523954,0.03269826234055419,0.036738160855951385,-0.028436323075130828,0.040939912298077245,0.03248161819241426,0.0031331388382194922,0.04915553843405395,0.031454138998944475,0.02535074779196144,0.025536898130911583,0.010438367511907272,0.02383358641374558,0.029371143540100765,0.03386288523895601,0.03431375061108475,0.029429579824920702,0.03006282018875484,0.029726839115815872,0.033647309372385005,0.0783305507630719,0.046721585052184995,0.03347892806123552,0.08523238649457435,0.030079523360506965,0.04388352339466775,0.0377067980012323,0.028537022281939696,0.03273344291325974,0.03596573969426082,0.023952372159035906,0.024372598959846115,0.04024240213420446,0.028737466977486577,0.0345437136314858,0.03958804567282922,0.05143723482719497,0.10658554561511745,0.04726654486444028,0.048122061551913384,,,0.0394493168262235,0.04134352892426752,0.0035322043806365142,0.01733538104248195,0.0349069672526993,0.04597637199430506,0.03149662921558117,0.03571797517904368,0.05509448004135146,0.03303063574588182,0.03573629460721918,0.022382216757728196,0.021903667815300957,0.03913660558241763,0.03010809116830192,0.035100665355066535
2022-12-01,0.027243097211319848,0.03314676084873512,0.034955341438071476,0.01956172675233739,0.05563443054637925,0.030844171975809274,0.032185529317418235,0.01612068081089074,0.0003193174881266764,0.05832758660294979,0.04001104731693129,0.02236965344090244,0.027646340704634544,0.029770232227152197,0.07842676722353678,0.038992156744594025,0.018830222528465577,-0.028484871692916185,0.03162484418107598,0.006715740637522082,0.001801205968628114,0.028954528763225865,0.0339417852910062,0.04394499341891681,0.04938624494481679,0.04724327177724088,0.010953835517371988,0.01090148516713455,0.012179640499845134,0.03300821372408055,0.017547999990049277,0.020921551967075007,0.010665394561904889,0.0132286300545287,0.029282502395535835,0.037521372527971955,0.04861165706589842,0.029016998451308156,0.03845498997223801,0.038756028768612685,0.03421930719921949,0.05431163446951661,0.04668333537793498,-0.0064106771759694535,0.061813254817004594,0.02542561152786766,0.031764957674962055,0.02396878929266829,0.04187249791322576,0.02583862582627724,0.038563700112725544,0.020060971457340274,0.027129330160608423,0.04355672617414886,0.037072251805509715,0.02923324677717694,0.03902982302579726,0.030149454236437445,0.07498389871457913,0.03607611027259607,0.06652354870821317,,,0.029937922343321027,0.05147262593456454,0.0008584929986868278,0.024744447963732392,0.03647595219527314,0.035108331479696726,0.02934522353461774,0.03220685850237322,0.07299564524505543,0.03423028175290238,0.021646632782221092,0.02261431115353905,0.023167496623055086,0.020269197634476096,0.022242631091139265,0.04145828964479942
2023-03-01,0.034621150244999614,0.03312262914660771,0.03340492841138106,0.01007839890312775,0.050652196561518086,0.032388156857620275,0.04043019918388427,-0.011124835888924827,0.027970618679056723,0.06776312712463525,0.032385643323753224,0.008302278048037971,0.018225462149290144,0.02839036604738339,0.040662473540516185,0.02549586554442622,-0.009397482347125284,0.03992233814880061,0.019026035236327007,0.01729383865981718,0.018994399038913735,0.029555032332475757,0.032087122504132856,0.03188152245935392,-0.021916926459600056,0.04687582778629824,0.029297509622758136,0.02481507451880377,0.02979495205097668,0.036179500251462875,0.01598062131442803,0.01139269276079188,0.002809440499095156,0.011114329463207298,0.022693583551220226,0.03481745341273805,0.03406699917711136,0.03315830407005995,0.030781340781333183,0.04427768767916699,0.035046909278905615,0.062097669912778646,0.04069992396400748,0.0006616274676617493,0.07806165493348775,0.033732071709453824,0.03876378583257683,0.014430194708495447,0.03455526447332487,0.03391217416152363,0.026732122048505023,0.050363625032587636,-0.002131600344720273,0.03706617732050329,0.03284583580184138,0.0336930674273115,0.03361175982740293,0.037886729390169356,0.06903370163598906,0.02767542393844475,0.036857656810415536,,,0.017194722437518847,0.023960191279948247,-0.017991578961645535,0.032167862166708985,0.036161203615450846,0.02457371233082882,0.029405047751918472,0.024344006768825838,0.05497395768675908,0.03205424814823445,0.024363403699059524,0.03353776390120608,0.035746198141294525,-0.002283540510752515,0.036915646168513054,0.035979942084415184
2023-06-01,0.021935401426786724,0.028673391916531985,0.025737508543249108,0.0011364026509033903,0.04125885492859852,0.02137793448899496,0.021515231376162087,0.024420690164420687,0.014832052973538536,0.06877433813016348,0.025442287873559667,-0.001122748138095227,0.023368164851985042,0.005582346387528026,0.03206704089209566,0.033472625938487904,0.01618854732667211,0.024301616058114872,0.019074647852201296,0.011033170337380186,0.008798859443830472,0.0037576118108001003,0.025433397691496853,0.007596396672806148,0.03327198979472651,0.015496573019326668,0.02420873818687379,0.021026167579242284,0.02589036427285636,0.03373541319248669,0.0090710098826144,0.01819484712689713,0.017437979670144245,0.014437755157509174,0.016425888036128773,0.03166385111203436,0.030347050195577045,0.018676653293801842,0.037973654869705616,0.031096282532122616,0.024810229657840233,0.06322699925116984,0.03856967922225121,0.029140421508200127,0.04554099436200545,0.027489917089983842,0.025290384408119905,0.03782018897794463,0.018645361909712967,0.02201418854266007,0.02064344285066688,0.027295318419420248,0.04421755344978062,0.018223636544287,0.019315653248344878,0.03248500072163018,0.02757819213986093,0.021566174574576758,0.06476904625153085,0.03207974012769854,0.02900483387492595,,,0.03798515511726253,0.032684562296832816,0.0064990693259497564,-0.004076708333146279,0.0357249027614818,0.021412951689285437,0.010570582557777944,0.0208164487363136,0.03665662873254497,0.03346351583847961,0.030897122881488995,0.019130606221156074,0.03538236856294941,0.02420008016286501,0.00856123287112674,0.03422057967425371
2023-09-01,0.011174464316742442,0.0218195806486371,0.020157422463056286,-0.02454655357189202,0.03459943480103302,0.012685274376839662,0.019734718147047636,0.02145182869599221,0.024306987449760356,0.012647680186936692,0.019913077266136038,-0.0005747927934340171,0.03494174554046615,-0.005701130104977547,0.030163756303300728,0.036528562380100715,0.010950930565281956,0.021971740101327478,0.019749818338319576,0.007479890409894222,0.015378290988755374,0.012098980215600661,0.018004199826917255,-0.0002167690581496232,0.014713251659506158,0.01331451661685818,0.036146373432227256,0.018341270096158064,0.04317950666586558,0.012629765295280449,0.01330551028108052,-0.00898485609341492,0.013833698948234116,-0.006054530582010784,-0.003162627425843529,0.0312417090512854,0.032608779815761005,-0.0013504062172897493,0.02327472318524799,0.03426640582034356,0.013622476641409196,0.05342079988786062,0.03247050018623352,0.025652777917677876,0.05800486245702044,0.018861899320914647,0.0192821623066534,0.02868441778639577,0.024273749425263925,0.011833671491735838,0.025018973840305686,7.692385736479969e-06,0.04491171802590539,0.00043626383246775184,0.016536918960358155,0.03054740860143518,0.02394744822777036,-0.01612870632474575,0.0325293069913977,0.023645747537118626,0.029726046641162934,,,0.017619885201143343,0.028420505788408854,0.011025041570746703,-0.004662134815021156,0.01405288223792404,0.03257957987998654,-0.0004479373941622008,0.005487458264233728,0.049035399402212416,0.03202461576114271,0.01822260788768903,0.0147703923550078,-0.012426185428651267,0.013733858527009094,-0.010657161194342622,0.029426010320398082
2023-12-01,0.011578840675118034,0.02597513802243474,0.015159684637212152,-0.0432718421526941,0.03779623215302645,0.016487306830174315,-0.04955873576470346,0.022002382606674923,0.022070913617909027,0.05659557285983723,0.019091970081930764,0.002836784309547168,0.0355579328710719,0.0064047086420385745,0.028780097200866033,0.01818280079136,0.00020724621279636545,-0.014636069825742582,0.01425659716390856,-0.006138431358098363,0.0062593104010807464,-0.00916890134301857,0.021181155022263354,0.009400878239121195,0.020150963193094576,0.0215372967520803,0.03326949458616025,0.022148087402905883,0.03557407962191977,-0.018741648714616407,0.01887967646420327,0.017098443079979132,0.018574171294751148,0.012120941165998302,-0.011096755085890593,0.02992422783558733,0.027878298382373837,0.009805489376221633,0.027827579840097916,0.03656004339358656,0.023445482377760608,0.06434970405676375,0.0031912145549357162,0.023043222857330015,0.06442934772430416,0.021791951668671938,0.018952836129124323,0.004837583457697829,0.027147653202097128,0.0188164579652971,0.02208231329210629,-0.006629054601172539,-0.020821382879460722,0.011637657591717223,0.0157779942663195,0.03164161897945747,0.01874014668906147,0.026099701639933637,0.02589639217505309,0.015872759142086443,0.018580033174375572,0.025829730688023002,,0.017281135798183453,0.02664559955509481,-0.009413914600066717,0.0013847354990484293,0.022343803941746055,0.01623441439325256,-0.01195312091945759,0.03158116443584998,0.010894877641616948,0.015493065651461795,0.006970154667466979,0.02288189252523611,0.028400395098011885,0.0029092181390904352,0.01130436021598171,0.03589379901462217
2024-03-01,0.022944600108139653,0.013605726304600598,0.013230355595476528,-0.01257882232945437,0.03163062634393117,0.029237340365473624,-0.06326413204030266,0.015091904117544606,0.009729619634759231,0.048093721095876216,0.018106385303970532,0.007909154428344372,0.003854279284657746,-0.03795229743039209,0.02944826465162588,0.024352468457019907,0.020103720900550202,0.00467930686798515,0.01621424244166531,-0.050009906574073185,0.011395639937869212,-0.015921137456578964,0.022987765861266985,0.019964046591990473,0.022388058231613467,0.027660180885518842,0.024851317753616674,0.028594488831757227,0.0370552501213487,0.032673736971487406,0.018366867317128152,0.02892360986189572,0.001785208246812759,0.021635674336954926,0.016746866222338612,0.028241876802111723,0.033079271310876235,-0.02387652980425246,0.031960727139021004,0.021017591961444045,0.024111472593186616,0.0744669283337432,-0.004788613412569456,0.022950653706194354,0.07504036199817359,0.022181554575112457,0.025007576317798118,0.03940281465718187,0.025454832361178747,0.013383766870202074,-0.009978824032970375,0.0143868046335938,0.02861925218772649,-0.004430923442262712,0.03811123064361988,0.029225732335472206,0.010334417943695367,0.005330219021191825,0.03380646779761941,0.020225804360164724,0.030028700973044935,0.026861391383583122,,-0.09243647440997926,0.03531881464207423,0.02641925411310718,-0.02665699077071962,0.011711968556628337,0.018160843686376504,-0.025547163009140592,0.016120832717545264,0.0027997156427945363,0.03947167929396535,0.005298899636169592,0.015973425330626997,0.012486483524997894,0.03670740331557999,0.027030836164451066,0.02693616266077055
2024-06-01,0.011906118124607594,-0.009729868891628768,0.021275163373489708,-0.02011132917940438,0.02519153402163441,0.010143983899428817,-0.044579358670080935,0.029119190755747103,0.006209826326885591,0.02064720840922944,0.018459367499464165,-0.04916416382373047,0.026338398544144017,-0.03661706127270482,0.02799574014246895,0.03344424547200744,0.009757200796899871,0.02406374159130102,0.014039108743939828,-0.060686960025263005,-0.050677299981818164,-0.05009251179890332,0.011456838280639385,-0.04443224889329941,-0.055718450623873324,0.002772486073930784,0.013305191457966171,0.0177772422922732,0.027470586695630603,0.030403059555569444,0.007467564232756189,-0.026158297222365356,0.019193332156299734,0.01951158044041546,0.007892169447766455,0.026799328310322414,0.026645506096811742,0.009344738904071824,0.022237925548439175,-0.055519194372962107,0.026109530687195827,0.07454993020747258,0.015382172461585963,0.0214349506427861,0.044596912935779026,0.010590597961701557,0.025174847557336778,0.02943756179776105,0.020924528017376834,0.013613563925061252,-0.005706470669522538,0.02190213720994928,0.03593769168070511,0.0022524455303468867,-0.05803712191352172,0.027069359594442295,0.02340918904249801,0.012098781664650544,0.0330505722740885,0.027071837671758713,0.024096683001742444,0.027401758623641213,-0.013037202001411653,-0.1072451339935644,0.02722291781785083,0.01807635786542154,-0.04969873210219999,0.0028544802644726655,0.006229042773030292,0.009022840791128476,0.008805623797499877,0.002526869529371226,0.0328266398394489,0.007708471726846234,0.020350837566582094,0.00624452913650038,0.005483903141769326,-0.02116491888533239,0.0253760043852895
2024-09-01,0.020178379016411795,0.0173484534428158,0.01932967608180543,-0.01575999904693618,0.0369153198139942,0.03014813068137359,-0.006810228082348542,0.031555584014278,0.023969444479106577,0.03634031976608414,0.016671192858657573,0.01578198563009839,0.02176499182849768,-0.012007402347545604,0.02674685998259217,0.019431793635964756,0.01856669279582339,0.020964188921996845,0.02156457763888585,0.012754675764699124,0.013623792628808055,0.01664737854977279,0.02214864503905605,0.019806660751713594,-0.03903896801510719,0.02065968943799924,0.04496016912790606,0.024226454545853433,0.04447186251945639,0.05001301800344291,0.021933439784916506,0.021272163283624006,0.023260715514917943,0.0177224653505854,0.012105460700272975,0.029616822740401685,0.03467899043504668,-0.0010700961094131896,0.031307773594338506,0.036746420889565284,0.03151148966434587,0.0555709411916074,-0.024763462954628324,0.01374348766293705,0.06474104366034147,0.023024215912518246,0.025599068871733827,0.027642185188764434,0.028628577297077924,0.02045438745359674,0.03024558920576517,0.012066309107062302,-0.001115207966336541,0.01881241287168186,0.023803604723827854,0.02577767218297823,0.03100993543695063,0.002912145941985866,0.016919329564359417,0.026232664374381823,0.014935805074771153,0.029848437740753256,0.034374970207035754,0.017249193837938534,0.02492622151882029,0.020731367842606648,-0.0027615246945593163,0.018758960863490038,0.020634238306101647,-0.001664905999539605,0.011959438041202178,0.030591515888453907,0.033675028563202196,0.02252460382870308,0.020315420595894952,0.003612838287808792,0.02355791835562625,-0.034437180557352724,0.03516165049193248
2024-12-01,0.01646538147524913,0.01899169771371864,0.017495807205859026,0.02143044853094564,0.025097778501807024,0.015647774721005012,-0.014644153187976886,0.02130604328668529,0.011005612959315274,-0.024499926312492874,0.0128920876012165,0.013658567557785462,0.023841007393943542,-0.054882542342348656,0.024488386745606116,0.017621890792527226,0.015580484367177025,0.0182553357435958,0.020217596413441404,0.015353921854100701,0.01892949064184202,0.00034204978163656285,0.017380266369864235,-0.009954675516851015,0.013806938294212303,0.012398329634299446,0.0255767485228446,0.015616495123681814,0.0235179317094773,0.03444414552225944,0.01653003597933908,0.02502203830167184,0.009556073131022637,0.01627149508046114,-0.0009549214558585193,0.02585463348529131,0.024875866768239274,0.016374419782106155,0.03562016120729667,-0.019514566530492095,0.020847655236015894,0.0707788217115873,0.013813518371381141,0.015597158552179136,0.05983331867109747,0.015562485443902754,0.023895919597671376,0.019724124815444707,0.013759723565618498,0.018361930767203126,-0.018435969976649067,-0.0009601498729196996,0.0362851814534774,0.0077441497292079125,0.025097754615342038,0.02377213539206446,0.03589544093172673,-0.005387790842335494,0.03423725618589442,0.022981209612483545,0.021689758589318216,0.02517516058786534,0.01575811570812775,0.01695017704884261,0.023864521957333136,0.007619501659790396,-0.05529231347705316,0.008067518005927496,0.016811678254003332,-0.009463241858045297,-0.006916889836019777,0.015458503363768349,0.027943257565680328,0.015930558825108788,0.01498332512098704,0.02234354038179033,-0.0011237958136354593,-0.05397201336091387,0.02546532415460007
2025-03-01,0.022289176088559806,0.022289176088559806,0.018694022760059503,0.018694022760059503,0.023020438819845748,0.022289176088559806,0.02057368861033377,0.022289176088559806,0.012187007474320461,0.006883017130834632,0.022289176088559806,0.022289176088559806,0.022789841342310685,0.012187007474320461,0.022789841342310685,0.022289176088559806,0.022289176088559806,0.022289176088559806,0.022289176088559806,-0.009153785230772711,0.022289176088559806,0.022289176088559806,0.022289176088559806,0.023584636755598597,0.022789841342310685,0.022289176088559806,0.00816571025203723,0.012187007474320461,0.022294075996819224,0.022789841342310685,0.018694022760059503,0.022289176088559806,0.022289176088559806,0.022789841342310685,0.022289176088559806,0.018694022760059503,0.022789841342310685,0.012187007474320461,0.02057368861033377,0.022789841342310685,0.022289176088559806,0.03294898984752586,0.02077886015825292,0.022789841342310685,0.006883017130834632,0.022289176088559806,0.022789841342310685,-0.009153785230772711,0.02057368861033377,0.022289176088559806,0.022289176088559806,0.006883017130834632,0.01045606095272912,0.02057368861033377,0.0029330017932024544,0.00816571025203723,0.00816571025203723,0.00816571025203723,0.022789841342310685,0.023584636755598597,0.022789841342310685,0.022789841342310685,0.012187007474320461,0.00816571025203723,0.022789841342310685,0.022289176088559806,0.012187007474320461,0.022289176088559806,0.022289176088559806,0.012187007474320461,0.023584636755598597,0.022789841342310685,0.022789841342310685,0.012187007474320461,0.012187007474320461,0.022289176088559806,0.022289176088559806,-0.009153785230772711,0.022789841342310685
2025-06-01,0.023958528132894622,0.019988867418216438,0.024375004356929558,0.0037489630041447654,0.032110449375833884,0.023892847956522204,-0.0023984398093653387,0.03277349720459937,0.022653187499494454,0.030624396731021433,0.02214626091361529,0.019671057029037473,-0.007878597566903988,-0.018396818771366487,0.009411620427960723,0.04812646173296183,0.022702264968526488,0.024075388814207056,0.025534727904492047,0.022107641490485233,0.014770607514498359,0.029607982199615777,0.023868734569822875,0.024017463138160236,0.008757456492644387,0.01187518969400559,0.02444837124261402,0.03111295971761886,0.027065852804739145,0.026400220489452564,0.019945833555368015,0.024244475868173476,-0.021577910078109375,0.02631950113751609,0.02004335280801095,0.0023288914437952367,0.022525735645988688,0.02419435054568302,0.023401111393978352,0.020877742979890025,0.018942974185668655,0.05447107910259325,0.026615610573031783,-0.0018988592496346312,0.04965783568936705,0.025013485048090246,0.024954630995955903,-0.017337985987953327,0.02567280969545652,0.018329477443985217,0.01897126884378197,-0.012036916874587767,0.005524477416366363,0.029140249540036703,-0.03336198538202893,0.01972470928367801,0.03381145870153612,0.0008612148404454048,0.02928804619708183,0.01823189833939984,0.025055796718932176,0.02637146651701467,-0.030878415974893787,0.0016231541649007455,0.025018624318131115,0.024032766842084406,-0.018200197753519644,-0.017652730842173982,-0.021366201052020313,0.02084910216407056,0.020544833645411154,0.0355919366584003,0.031228733569220936,0.024145249590269553,0.022606939870163763,0.03996583716251014,0.046656822620813755,-0.0004916273584381391,0.02637146651701467
2025-09-01,0.01981479877362793,0.017120024963654064,0.019739062286943915,0.003933844650087204,0.02614233349406231,0.019593482579234336,0.02391716184896179,0.02441134933091199,0.0156335838804756,0.015316518243566307,0.013958506783239441,-0.01082191995026674,0.018836020929556264,0.005823968785125893,0.017107476085915098,0.023584122781276973,0.012481096363519694,0.019739062286943915,0.01936242031868005,0.012077515736777674,0.0114896041559913,0.022839524023128045,0.019739062286943915,0.019803058214946292,0.01595068538254825,0.01604788754217691,0.021321026592340774,0.0109803637017988,0.0245039541088019,0.019917405725599385,0.01850263507537924,0.01908467539997667,0.024577353883575764,0.00740184355134729,0.010502227693083739,0.020757991136138756,0.0223632252793284,0.01981479877362793,0.025436886835611638,0.021662174954005006,0.0206467324538318,0.0390277628198478,0.014052809638833624,0.004433251931100328,0.040662681718056815,0.020862442632502854,0.02156703037526867,0.024927662947691883,0.017799704911007203,0.019803058214946292,0.019649585413388463,0.0017539007719524942,0.012575804969731999,0.015888601704247225,0.0206965949836932,0.007095996638577724,0.023948473024543712,0.0205128308184926,0.006976923834708672,0.02310812668853202,0.021155079999243997,0.021771323837348304,0.006745488480485676,0.011267048935110937,0.020282544427333137,0.01972479272863672,-0.022297048961119004,0.008731251875524863,0.020151626648858185,0.019372210488314584,0.019541054294608694,0.021091049078456957,0.0245540418625848,0.01981479877362793,0.02435465553960329,0.012650897560116748,0.01997533095468656,0.016476304768927832,0.021697397339578692
