,1300,1598,1891,2285,2574,2817,3062,3650,3835,3851,4058,4199,4321,4423,4494,4598,5046,5047,5256,5492,5764,5783,5878,5959,6216,6223,6268,6774,7085,7435,7921,7923,7985,8253,8358,8402,8463,9203,9225,9771,9778,9882,10016,10519,10795,10867,10920,10983,14225,14477,15267,20116,23546,24617,26590,28192,29901,30098,35077,36190,36191,43197,45169,60979,65609,66065,66446,112168,122380,143912,148349,163036,165123,176928,180652,183736,186310,189491,316056
2001-03-01,0.025169664863034142,0.020384115453845584,0.008955660022206562,0.008955660022206562,0.027319382287437927,0.023873040954949177,0.016470347885025532,0.03192697806083287,0.021808772593958668,0.02325945087973362,0.02912243643563698,0.02363730893338685,0.02116006552804635,0.02282370104662096,0.02607035862407734,0.022497924491314655,0.021446765727832908,0.040015773683156786,0.022247017470666645,0.030610329603950465,0.02739867714283857,0.02812520195117858,0.02357393339047046,0.020683299862283448,0.017943281044166433,0.025260087834081773,0.02695215847917106,0.017911910794059734,0.013806619649507485,0.009473526901055795,0.03663651573055942,0.01754258241338721,0.026653024029023687,0.026488290666721512,0.01561033422088158,0.02785864412641771,0.02553344882661842,0.022751655110455137,0.018003017810635083,0.020364488871981935,0.023234697448079364,0.01728267155352639,0.024224993274709096,0.015521192587903639,0.017788395350881843,0.022847548502881593,0.010305788903392201,0.02642507446729133,0.024250937749719655,0.01806943397434494,0.031001870112543913,,,0.021467933422088234,,,0.03924751532361533,0.020846001476567424,,,,,,0.013262593303966777,0.023222006260303917,0.02720468055907647,0.023430770186640158,0.026269047198244338,0.03060634735035992,,,,,,,,,,
2001-06-01,0.016078306401280797,0.022390922481333425,0.01788532504995812,0.007714890119715369,0.014869783062624629,0.01420912461357984,0.01124602360205173,0.028943299094840256,0.024524333149181374,0.016078306401280797,0.03047889243367085,0.010786230007218768,0.019097231651038868,0.013248719516836895,0.014524702826986825,0.021962212970450135,0.020796467610762953,0.027069062919660596,0.029218942327675693,0.029273824635630014,0.023959800919987884,0.02033943255112586,0.010381958958722093,0.01820468594694912,0.013099031733650192,0.033264750545817734,0.02044028236685028,0.02073940235363899,0.029488642708511672,0.006111562135938264,0.016375359497635515,0.012917997999365834,0.01608501214328128,0.025430218066378046,0.01761147815873698,0.00968570981457301,0.031912604473225144,0.021974298886801788,0.020879521730601355,0.031912604473225144,0.01804055503290838,0.027823447173238806,0.01764106681338031,0.02602143611549754,0.01922325029216161,0.023222651273966596,0.04069124284125908,0.019147123731984954,0.02209136719740289,0.029273824635630014,0.03329157273557343,,,0.02053945068340845,,,0.02874409628104977,0.025588964116482576,,,,,,0.031912604473225144,0.03349159086785601,0.01651266822192055,0.025588964116482576,0.027823447173238806,0.03159955501054485,,,,,,,,,,
2001-09-01,0.018454614154992173,0.022280445639676943,0.014522188048981444,0.0005251701318993542,0.012754955424541402,0.010487026577228324,0.014522188048981444,0.01581217657127628,0.019787112530455904,0.022057705134979032,0.015935350150179967,0.025210157106061466,0.01131526695766082,0.01131526695766082,0.014522188048981444,0.02201443307501795,0.01131526695766082,0.02207301267871355,0.02201443307501795,0.039108348349729635,0.01131526695766082,0.02409365865653497,0.01131526695766082,0.017617718036219747,0.02813470499962222,0.020649787743300837,0.02169176210901832,0.014076922864738117,0.005569923068935152,0.0005251701318993542,0.022280445639676943,0.029672129080847976,0.003884087780162332,0.0211305709572224,0.014076922864738117,0.015242153445023714,0.014136399812648756,0.020352181172355394,0.019119172876612307,0.020649787743300837,0.014136399812648756,0.02611692746114881,0.020352181172355394,0.014076922864738117,0.024576969139791238,0.012754955424541402,0.008674268158132294,0.01131526695766082,0.014841626625816916,0.01131526695766082,0.005569923068935152,,,0.021971191810796355,,,0.014090676584915038,0.039108348349729635,,,,,,0.029672129080847976,0.03665232672564353,0.03012146613238434,0.01711370363562557,0.005569923068935152,0.019246964126649443,0.014841626625816916,,,,,,,,,
2001-12-01,0.007267149226174213,0.02844287132722072,0.03587263678399467,0.029468071564456324,0.007677310795797746,0.00834383145258536,0.027075794615769252,0.02458978423359952,0.013525747113251368,0.0005361274032518282,0.004441199796576995,-0.0054426115811715,0.024197752876626132,0.019970419834797543,0.04952383374795031,0.008251619937127985,0.01232708735152492,0.04497690719933429,0.006233733147211365,0.02976321981544269,0.022598583129050588,0.028794860931141017,0.003602101295959993,-0.0019550062999601184,0.02680740744048662,0.03689298462456232,0.011606236873561035,0.02335798529498251,0.04710420543256513,0.008436203918965426,-0.01927268196114281,-0.02033963792927257,-0.006420866575772878,0.017969716746001917,0.02734482377079712,0.027038748077792097,0.006034539997910664,0.023334790646297558,0.023269410048437314,-0.010578209980734467,-0.00515917474475416,0.04242902431499696,0.01240381365184457,0.007267149226174213,0.014154589184906747,0.002230550460900007,-0.004780904606242787,0.030026519184750355,0.019004787648957373,0.03824386224648844,-0.013822261985636346,,,0.008184398807441845,,,0.025233380656685032,0.017008100173345225,,,,,,-0.0006623828930404581,-0.0012781341229007371,0.005680293782811363,0.003611710946640079,0.00328240580900854,0.0177824507577384,0.003823715692240277,,,,,,,,,
2002-03-01,0.013741211762428865,0.015585692642226203,0.016631461334882247,0.0020437428947479757,0.011568433713705067,0.01659032014543486,0.04403588488673869,0.024312875995725167,0.026326826854500576,0.026587007754856725,0.012693290714617032,0.013063656272905472,0.00021899031766628945,0.02003506047516425,0.03906306815818144,0.0013985388583805608,0.004101197287239478,0.009410809901709564,0.013521049350602976,0.044296495220097466,0.021357041158304148,0.03077471950574592,0.01354599137817992,0.011689485053247186,0.021838195944125328,0.028603072038146986,0.01741338367222343,0.007331253468784795,0.02303388503684746,-0.0014934154858642773,0.005032222328878032,0.006434077059005805,0.0035265325458985947,0.023110115889519736,0.009660504520950434,0.013100554516776323,0.023445655927898486,0.030875421447445373,0.01746189054627577,0.020717094455734785,0.016955527156322668,0.02923178936774566,-0.0017893715015098888,0.021035116022826747,0.030058329290172124,0.0031919590989328717,0.013801445410988246,0.004862777231132276,0.04495598684374579,-0.0026302738500705307,0.010491969688154044,,,0.028362503510597648,,,0.05699152466103698,0.030346470559429392,,,,,,0.02871686682081688,0.04276978471016145,0.010817698306769003,0.03382445920713014,0.015846493181867295,0.03415371201081865,0.05333129064333469,,,,,,,,,
2002-06-01,0.0027055672806932996,-0.0020973579886806224,0.009421900211482646,-0.008129063343565817,0.015708587255387853,0.004215553671879481,0.01638143094136586,0.01882971512321253,0.003597208841077669,0.015325087040766747,0.006326762859792104,0.0025451364275394716,0.006296991931174877,0.03628540671115522,0.04883637413629681,0.003752869664720956,-0.028504160870608503,0.007866998261639372,0.009051235042381542,0.029433035842898046,0.020090394664742512,0.04878572963261711,0.005388355588505046,-0.00238336793854921,0.021398003531159795,0.030317273392665767,0.01376825498210292,-0.029419041362968877,0.019399864164166735,-0.039202030874631255,-0.00994678417484866,-0.0029113305549529882,-0.014675909248342172,-0.005937207002582025,-0.011318726580182568,-0.005536307503671469,0.020949064399800824,0.026361475706040558,0.020722385725790958,0.049859313195903004,0.007628485849649142,0.04366133989316315,-0.02583325847950321,0.011680581947226988,0.02432220614674292,-0.008437178849109312,-0.005829241859105411,-0.009738537901479888,0.05722211771446587,0.012608424994010775,0.02321610663788921,,,0.05752668533406922,,,0.07619420960050431,0.04329093186592457,,,,,,0.03395341393239138,0.04629980149258741,0.0067268771245307816,0.051472364482197074,0.028982287634488152,0.02992819859111327,0.07317165145953969,,,,,,,,,
2002-09-01,0.011313012228823532,0.009614225213395621,0.008692492231890524,0.0033704210868683404,0.018237192853203636,0.008713740409465804,0.045070498630149135,0.034531113253231396,0.012346754677234615,0.03490238067977248,0.010902901653050696,0.016078147845361636,0.010641045362783286,0.008062645030856743,0.05275625778260607,0.009860805044891573,-0.02636012911760621,-0.00311910550859027,-0.0008649186118014933,0.032177598000144546,0.02156606630463676,0.0508300062357606,0.0006143819717291439,0.017572031068905317,0.032084029567660786,0.041035431715160525,0.018451529923033113,-0.02767366927264181,0.026916898451589986,-0.02606698149257197,-0.01181215824367484,0.007407099012494759,-0.0036433355768647735,0.017626862267295457,0.005482807958279861,0.029764726829777478,0.019624713305528327,0.029978765199292635,0.029942547524920947,0.05247937586491013,0.014046234958553793,0.045821914664879164,-0.004874327321911653,0.03033882880187909,0.03934104706818224,0.0026746306852968417,-0.020726213749691615,0.00671606931847216,0.07102362569225876,0.009696736718338506,0.008053109043189587,,,0.03848888717503503,,,0.0709722055259521,0.04111234636925094,,,,,,0.03615223746177897,0.05389256842546459,0.0308422572066084,0.0565204841697397,0.03181610821235123,0.03691391639758206,0.08237073014662816,,,,,,,,,
2002-12-01,0.01732984185218811,0.015668818727135658,0.011260167695581913,0.011260167695581913,0.01732984185218811,0.013460420072078705,0.012447739019989967,0.017306629568338394,0.013460420072078705,0.0049830046482384205,0.01702192798256874,0.01732984185218811,0.019061140716075897,0.015706336125731468,-0.005570892710238695,0.0059968456625938416,0.011260167695581913,-0.0009563027997501194,0.011260167695581913,0.010899877175688744,0.018269123509526253,0.01732984185218811,0.011260167695581913,0.026491327211260796,0.013460420072078705,0.01732984185218811,0.013460420072078705,0.0059968456625938416,0.01702192798256874,0.0022942298091948032,0.013001451268792152,0.015318233519792557,0.007940762676298618,0.013460420072078705,0.01702192798256874,0.011260167695581913,0.01702192798256874,0.01002255454659462,0.01732984185218811,0.040444616228342056,0.013460420072078705,0.02189771644771099,0.018269123509526253,0.026491327211260796,0.01865166611969471,0.0029232592787593603,0.0022942298091948032,0.018269123509526253,0.012447739019989967,0.015318233519792557,0.01702192798256874,,,0.013460420072078705,,,0.036300282925367355,0.033562418073415756,,,,,,0.012540570460259914,0.025086626410484314,0.013356036506593227,0.005198250059038401,0.014568052254617214,0.002086602384224534,0.036300282925367355,,,,,,,,,
2003-03-01,0.02130795642733574,0.009516021236777306,0.01922326162457466,0.024583159014582634,0.02130795642733574,0.02130795642733574,0.022527530789375305,0.02130795642733574,0.028578540310263634,0.02158976159989834,0.01922326162457466,0.02130795642733574,0.019842881709337234,0.024291856214404106,0.033871568739414215,0.005701691377907991,0.016945481300354004,0.0217656958848238,0.012993995100259781,0.011611237190663815,0.01922326162457466,0.030380917713046074,0.01922326162457466,0.02130795642733574,0.02130795642733574,0.02130795642733574,0.02158976159989834,0.012993995100259781,0.02130795642733574,0.011229883879423141,0.0279669389128685,0.010360928252339363,0.0263459924608469,0.02130795642733574,0.016945481300354004,0.019842881709337234,0.02130795642733574,0.028578540310263634,0.019842881709337234,0.02130795642733574,0.024583159014582634,0.01710163615643978,0.01922326162457466,0.02130795642733574,0.02158976159989834,0.009516021236777306,0.014303364790976048,0.0263459924608469,0.022725652903318405,0.010642735287547112,0.024156443774700165,,,0.024156443774700165,,,0.03083723410964012,0.024156443774700165,,,,,,0.0279669389128685,0.010923267342150211,0.02130795642733574,0.05117390677332878,0.009516021236777306,0.031192077323794365,0.04424064978957176,,,,,,,,,
2003-06-01,0.026594528928399086,0.026594528928399086,0.030782397836446762,0.026967503130435944,0.03711375966668129,0.03144935518503189,0.030472615733742714,0.021185308694839478,0.026967503130435944,0.026967503130435944,0.030472615733742714,0.026967503130435944,0.026594528928399086,0.0204246137291193,0.029702797532081604,0.021087076514959335,0.027290228754281998,0.03187921643257141,0.028651030734181404,0.030472615733742714,0.027071304619312286,0.030472615733742714,0.027071304619312286,0.026967503130435944,0.030472615733742714,0.031822334975004196,0.026967503130435944,0.027071304619312286,0.026594528928399086,0.018391897901892662,0.03055787831544876,0.016288215294480324,0.020810524001717567,0.026967503130435944,0.030472615733742714,0.023897502571344376,0.026967503130435944,0.026594528928399086,0.03144935518503189,0.026967503130435944,0.026967503130435944,0.0505506694316864,0.03144935518503189,0.016288215294480324,0.046087659895420074,0.03050246834754944,0.021087076514959335,0.030782397836446762,0.029702797532081604,0.03144935518503189,0.030472615733742714,,,0.030472615733742714,,,0.03007614053785801,0.03007614053785801,,,,,,0.026967503130435944,0.029702797532081604,0.017407095059752464,0.1870950609445572,0.026594528928399086,0.031822334975004196,0.0505506694316864,,,,,,,,,
2003-09-01,0.029337172825455293,0.027384635478892784,0.017092985168440447,0.017432215198296908,0.06014359408673839,0.02078816194830013,0.03048047138421632,0.03235185650779619,0.022659314613640794,0.01858493674189213,0.017861215429776197,0.03089000855073195,0.01914437535045282,0.025230446307763624,0.014610719408638858,0.002527544474925674,0.02596759261845887,0.00821743205525158,0.025920374977511512,0.016220985390829445,0.016042353966560525,0.04736138560799411,0.026701886678887465,0.025848538595551324,0.03734531714957701,0.02149827697648861,0.021001904580983013,0.026263585146647887,0.028441461770359302,0.0012731074279476787,0.013899432172126677,0.048215922275004215,0.023435893881535583,0.01981296082238435,0.015275583273817688,0.019556926509538716,0.027495011397529148,0.028355267121186172,0.01906921989982773,0.02948950965315785,0.01723992034190746,0.07085487013960734,0.006285087603028401,0.021001786265679116,0.06084300343908694,0.004454915276902838,0.0030916368755345685,0.01639722648525196,0.028232592078075908,0.03393071143802038,0.027121373068983344,,,0.03634584187891912,,,0.05704300836741371,0.0520800042020529,,,,,,0.01933260316510427,0.023272589048694184,0.0419405488582146,0.060591446637132895,0.009780128316180895,0.027411268834896422,0.03995599100391449,,,,,,,,,
2003-12-01,-0.001667491483215628,0.011326580021407615,-0.005905304466615785,-0.029699937896779004,0.011331210716901248,-0.00994510678392311,0.02595847549552839,0.00671223605300044,-0.011866170548067087,-0.01305541257692909,-0.018398718374264652,0.008711963983613936,0.0019810673464145116,0.005875574955753109,0.015409094513597909,-0.01701853205397417,-0.0030282647888424095,-0.025216429359128413,0.01612453829698697,0.019778973977596113,0.00420949561389368,0.023360386727719624,0.010354873569860751,0.008309968041307774,0.042384907903892384,0.022731569371944968,0.02158442709453958,0.005606620885127668,0.02149040096780409,-0.02138607138738208,-0.01076961551971015,0.011227004174327093,0.012807903833848576,0.00034255240553932796,0.0050849838631377604,-0.0282384329410567,0.013378256786710747,0.00972741951880635,0.029920882997886474,0.053529666435488565,0.021612006835940098,0.01407240108745699,-0.013383908472811004,0.01818656982761374,0.006775212534331846,0.011576679555652024,-0.009001929619231875,-0.007006913618158803,0.03305135711198705,-0.00534431037543394,0.00800666411418563,,,0.05697690303677692,,,0.0482570739618978,0.04126107201421151,,,,,,0.043780527650895566,0.02498770599656497,-0.013285706302182421,0.037796261048609774,0.0025952685112156826,0.03715590938041546,0.034223113679004255,,,,,,,,,
2004-03-01,-0.006222472671456408,0.01728264464214453,-0.009265257343971763,-0.012599740081491268,0.023484631792394697,-0.012552102742643106,0.027236256305224887,0.02143061892668018,-0.028728390192604033,-0.012865059251679639,-0.014537599553992905,0.010858141743178165,-0.015624404819036364,-0.004975699176476516,0.01664774248290242,-0.018123154455359777,-0.006626016304140564,-0.018131310820755107,0.013384244618737688,0.018519284341801605,-0.005080058110540517,0.030709909132779812,0.0001170556755740898,-0.007265467463807189,0.041362308349974314,0.025619804189992358,0.027042442466253792,-0.00974265714895708,0.02032099436414571,-0.02149139289451515,-0.001661459419199488,-0.002349323101126667,0.008738924415499229,0.005939432293702891,-0.016131405556828085,-0.01919954545381396,0.014010964322234637,-0.014133865954208158,0.020020029951416034,0.05046299394669278,0.023042100057692888,0.015604176211756733,-0.019736784048658845,0.0141855322928033,0.004262678202191514,0.00909754860964877,-0.009647127068058958,-0.024523810911511554,0.023095403551005717,-0.019711332312993893,0.01627492586173948,,,0.03469160464101955,,,0.04166572454621735,0.03472495314413621,,,,,,0.03125800174797193,0.021846782050566334,-0.024472200580127064,0.05042523571359865,0.013325283263249285,0.04249654806860109,0.043658317236705386,,,,,,,,,
2004-06-01,-0.009282518014771559,0.03385507018784326,-0.02176444703192261,-0.017930798603230526,0.021596010107138675,-0.015330728760019912,0.018785250454731756,0.008616835179136213,-0.01602953668054569,-0.006830266173874021,-0.018367370953694128,0.0015681656152878825,-0.010115593566357516,-0.0022011765325123367,0.017186453061255907,0.010206760143314125,-0.010058700198858931,-0.026822417182238417,0.004380413267945738,0.0012821829170711477,-0.008940001621287033,0.03256494791165768,-0.01678632607645782,-0.01913285695420647,0.033540802203622586,0.04134892369578194,0.020167619982968725,9.635820112807246e-05,-0.00023403522260195827,-0.019194649896791618,-0.002726506039439031,-0.006615501626279545,0.007255089001026277,0.0033592597869587693,-0.005892003022009339,-0.029578911107577648,-0.006983386843748259,-0.0255002959140206,0.042238976105041764,0.05043560632264578,0.014604252402731005,0.015759559751342897,-0.02088327672576598,0.005426653025273113,-0.005941061303658799,-0.003383521682137839,-0.014694522699760165,-0.03086241927693248,0.027827080699831905,-0.017167943036881347,0.005578494499907842,,,0.050915853820919156,,,0.038277537694322454,0.038904246039627985,,,,,,0.05604427181603715,0.020271031641765243,-0.03541391424463768,0.039741255910871125,0.00425822109593385,0.003442341744264535,0.02052901696357805,,,,,,,,,
2004-09-01,-0.017192507888717963,0.007354860125253547,-0.009013049398750687,-0.015381981276361988,0.02707092606086158,-0.002999963681782987,0.03007463159033876,0.022159222818084783,-0.001252927644596865,0.02163931373762905,-0.020586844391250195,-0.00650819439807003,-0.012435846565799036,0.012056306829330628,0.018657749067132152,0.0007631274057156582,-0.005052970261779739,-0.007465904029776313,-0.000906747284811775,0.014540875551162315,-0.005073396341355546,0.015239029236213763,0.00022471766624184897,0.0003425485266991686,0.03745635721375046,0.019776485563420626,0.031289437621640964,-0.004393898953469694,0.011093614240564032,-0.01490547223624844,0.0067108498137971925,-0.0063512623842135576,0.0052881375529192625,0.012279892932307341,-0.00372175085393754,-0.002527603074403167,-0.020389841894525307,-0.012573247526420613,0.014769293186832497,0.07018835475215199,0.007976319654028416,0.014834188430641887,-0.008806237669417736,0.0015000162487285255,0.01596832044892257,0.014709340762931322,-0.002159254262831903,-0.0139022064712146,0.03855836555693766,-0.019281244598022454,0.0034588251757098707,,,0.03331380518946253,,,0.041500751615491153,0.024115778628551993,,,,,,0.04445542070145769,0.025095025735316988,-0.014254778919993634,0.09226583839327315,0.002764216148103512,0.015003127892628821,0.030296145397760117,,,,,,,,,
2004-12-01,0.009613853734050498,0.01274820583239716,0.023409806379232095,0.01905327467732519,0.06294695474288561,0.026241974873183544,0.04216756731553702,0.0208002981231409,0.008354673339340321,-0.033323320343690746,0.005998211894304593,0.016664379730932533,0.018023123438654864,0.019888788579663183,0.02457476144815718,0.006669709487334008,0.016935495257262553,-0.001614582979329195,0.007191986119115722,0.018536731346834093,0.00954367273304856,0.026788343594791708,0.019606140310015178,0.019850819118257992,0.032558602031421476,0.0761198826504941,0.022861354875329896,0.006669709487334008,0.008611936277178987,0.006746807372645313,0.020630800814900336,0.006093505859631675,-0.007003043652311516,0.02150117484536855,0.009296869175411296,0.010104516573710401,0.009900138085115327,0.00954367273304856,0.021895342866861112,0.01657120492988236,0.009583848436690768,0.02051810091075257,0.018556326501010363,0.024746381566676547,-0.033323320343690746,0.01767024803165489,0.006738399176265279,0.017256953652835708,0.01396868671562767,0.019105763858280347,0.020118320996439253,,,0.030602457156055897,,,0.024660582250120362,0.023610476345758722,,,,,,0.018672581974780174,0.02500650537666913,0.02399932809139312,0.0761198826504941,0.007893728475808392,0.048465697383896444,0.004448559417185816,,,,,,,,,
2005-03-01,0.007613623042913647,0.03610188110115669,-0.01643730667569165,-0.0036010453587882246,0.010209043583670079,0.023031550359752184,0.04144262282746124,0.036925579872842604,0.001730534219995351,-0.004834041230146886,0.009474451936839963,0.025994547362223914,0.007369728204239394,0.021573384294326946,0.014629514512105242,0.0027800610246080546,0.00518111097579611,0.018411228217342278,0.00807736331440543,0.0281677687256583,0.0024834977464600803,0.027909785006645378,0.0247421683372959,0.02257859886573438,0.04074750302038681,0.016740682148277085,0.00012094104302285956,-0.0057515967166142995,-0.011424169418368171,0.012000286713435917,0.016055052291046115,0.00913355898348165,-0.0009604597182974685,0.019159890314265033,-0.020575358180076844,0.02012834885276969,-0.025724740084156938,-0.007000548225171896,0.028433984983739495,0.032353792504107026,0.010225285116380173,0.008104393181688261,0.02076555684511404,0.02989254994142208,-0.004834041230146886,0.025193441812226183,0.001768181165120712,-0.0005352650167182844,0.009088234769632816,0.011731775086987764,0.009124255157114644,,,0.048802538750672766,,,0.09596688679280033,0.038153678527286246,,,,,,0.0287844931000185,0.026477174018900172,0.028820183362006525,0.07578757775529509,0.023646126523176818,0.01564602066084451,0.03149596545968332,,,,,,,,,
2005-06-01,0.021807705983519554,0.02564176172018051,0.027011247351765633,0.0214555487036705,0.02564176172018051,0.02735232375562191,0.03223607316613197,0.02564176172018051,0.021715683862566948,0.018931686878204346,0.021807705983519554,0.02214878238737583,0.021807705983519554,0.021807705983519554,0.02564176172018051,0.0214555487036705,0.0214555487036705,0.022055238485336304,0.0214555487036705,0.021807705983519554,0.0214555487036705,0.02564176172018051,0.021807705983519554,0.021807705983519554,0.02564176172018051,0.02564176172018051,0.02564176172018051,0.0214555487036705,0.021807705983519554,0.02218194305896759,0.02564176172018051,0.021807705983519554,0.021355390548706055,0.02564176172018051,0.02214878238737583,0.021807705983519554,0.021807705983519554,0.02218194305896759,0.02564176172018051,0.02564176172018051,0.024791518226265907,0.02564176172018051,0.021972378715872765,0.011119527742266655,-0.007247537840157747,0.02564176172018051,0.0214555487036705,0.0214555487036705,0.03223607316613197,0.021807705983519554,0.02564176172018051,,,0.02564176172018051,,,0.03223607316613197,0.02564176172018051,,,,,,0.02564176172018051,0.02564176172018051,0.02564176172018051,0.02564176172018051,0.02564176172018051,0.02564176172018051,0.03223607316613197,,,,,,,,,
2005-09-01,0.02063947511894855,0.007033063834956004,0.003880548958570125,0.0027000682652895867,0.020221705959914835,0.020942355154432962,0.043024803642067455,0.03876265766881097,0.00994667005705174,-0.01497751847388325,0.019091076766239917,0.03745545224580509,0.03100223870026382,-0.005699898690981982,0.026929739488457678,0.011351150572469666,0.0040671628159991,0.014497059934053164,0.00047408058642081966,0.018087956452071858,0.025738316633855268,-0.000620480889094207,0.023441742904654363,0.02041818895274063,0.034180036767217786,-0.010116130615010795,0.02017837831292818,0.005469088025471833,0.026149849886746252,0.017644058288652172,0.03577166178277101,0.014763662559157321,-0.001141741556201182,0.02064907421279955,0.019088907011571114,0.02168100808354771,-0.015617269560070679,0.010156565371685583,0.022856742588131387,0.045604016818534765,0.015305137496710508,0.05660915165202761,0.020276693907813826,0.02576366646349449,-0.020678693125366663,0.03570732618704075,0.017644058288652172,-0.0030752870311466915,0.04818248057082186,0.031095438878222508,0.0294953103704062,,,0.05752117806667035,,,0.03948812486919967,0.028162884439722865,,,,,,0.035854115121066975,0.03177888606381312,0.01929843985472649,0.03137668344964577,-0.008999318555428234,0.03115950784015182,0.016422021738340863,,0.022139887602863374,,,,,,,
2005-12-01,0.01940362599235834,0.008406469777183899,-0.010287213071579246,0.011497229456458575,0.02057244752599069,-0.019763279920690532,0.04192983248917251,0.04137165766397731,0.015236488696031869,-0.09675504208564652,-0.0076279101217626615,0.020766017093925223,0.018737097650295444,0.00930682173873461,0.02892765231520237,0.01109030392782212,0.008898460657153093,0.022396040327181288,0.011358383992953703,0.01662616422705428,0.019247164036470466,0.02769791484048269,0.022896949376845784,0.017418049193746298,0.025205180152963993,0.017193339133388424,0.01891402137231467,0.009784380867692778,0.028839235642750944,0.012815866097381532,0.015476198513705462,-0.0003473696549665775,0.007004271604431364,0.016183872634200413,0.01763059634384263,-0.01095061049173669,-0.013926161552213368,0.000949236914283891,0.0344863113262651,0.03886248070189087,0.01922030236209735,0.019444643765898353,0.014581340924884967,0.019375798381046402,-0.09675504208564652,0.026818359412364143,0.012815866097381532,0.0005589332112907914,0.027507367792976713,0.03349940020060463,0.051488443185817724,,,0.04485025541158842,,,0.11820892023444247,0.033095443310717995,,,,,,0.035187360618246205,0.015753051201933974,0.006111410497050032,0.05934668416875971,-0.0005666740376650382,0.042301818498550685,0.02730208875107195,,0.0370324823860359,,,,,,,
2006-03-01,0.02826218604342716,0.02335651118884729,0.0018355485686555853,0.016812306125809633,0.015108033601532485,0.010978574230760697,0.05415706285631947,0.05629241890814694,0.01654946254903878,0.003631312731079684,0.018825764694792645,0.02847340953818688,0.002261657774596435,-0.019512039305283158,0.012370075725394829,0.01446650317239839,0.015288807208126287,0.023143973671060237,0.02241300058920064,0.012006890866614772,0.029540336270273082,0.015065904011417134,0.021335308632752216,0.024052440755693443,0.0218092536815975,0.03469433295702711,0.013216588809173247,0.023922362160933696,0.0373804370831564,0.023415360844455065,0.026823096532277563,0.024719337471835637,0.01558304965252327,0.025486144492150496,0.02757508791832926,-0.006659298241198623,0.022317254993829857,0.009581434972226204,0.0047942127913497895,0.03350219458073182,0.027072565256887567,-0.007827233409675689,0.02770164856371695,0.03265515066527177,0.003631312731079684,0.020361699380211352,0.012296615783620077,0.010596590743334444,0.0006293180133917127,0.0350362574978658,0.0362067407556274,,,0.07062159943309833,,,0.08638264163720999,0.051300901051394454,,,,,,0.03558086177058338,0.020430344118054375,0.025378220699965606,0.043786578569015376,0.027304481086433116,0.03954713949564787,0.1319454852165825,,0.039323278891712624,,,,,,,
2006-06-01,0.02438237890601158,0.026397522538900375,0.02438237890601158,0.02433476224541664,0.026397522538900375,0.02415131777524948,0.03207237273454666,0.026397522538900375,0.022502528503537178,0.053862642496824265,0.02438237890601158,0.02438237890601158,0.02438237890601158,0.02438237890601158,0.01502208225429058,0.02433476224541664,0.02433476224541664,0.022609636187553406,0.02433476224541664,0.02438237890601158,0.02433476224541664,0.031473707407712936,0.02438237890601158,0.02438237890601158,0.02448948659002781,0.026397522538900375,0.026367025449872017,0.02433476224541664,0.02438237890601158,0.02433476224541664,0.026397522538900375,0.02433476224541664,0.02415131777524948,0.026367025449872017,0.02433476224541664,0.02438237890601158,0.02438237890601158,0.02433476224541664,0.026397522538900375,0.026524489745497704,0.02438237890601158,0.026397522538900375,0.02433476224541664,0.02438237890601158,0.02438237890601158,0.026397522538900375,0.02433476224541664,0.02433476224541664,0.02379739284515381,0.02438237890601158,0.02438237890601158,,,0.03159477189183235,,,0.03253112733364105,0.02438237890601158,,,,,,0.03207237273454666,0.021572833880782127,0.022502528503537178,0.026844626292586327,0.024312699213624,0.024464258924126625,0.0242561437189579,0.026844626292586327,0.026397522538900375,,,,,,,
2006-09-01,0.021150654181838036,0.029704736545681953,0.018562160432338715,-0.06501267850399017,0.02967216819524765,0.02068256214261055,0.03168654814362526,0.030571456998586655,0.014347582124173641,0.0829581767320633,0.016262056306004524,0.023507382720708847,0.021331671625375748,0.021150654181838036,0.010216337628662586,0.015403246507048607,0.013034478761255741,0.013790040276944637,0.016004452481865883,0.021150654181838036,0.016443073749542236,0.023660575971007347,0.021150654181838036,0.021150654181838036,0.020917430520057678,0.0306925717741251,0.023539461195468903,0.01707099936902523,0.02958362177014351,0.016004452481865883,0.03168654814362526,0.014111622236669064,0.01707099936902523,0.023660575971007347,0.017115067690610886,0.013329808600246906,0.023551451042294502,0.012891189195215702,0.02967216819524765,0.030316084623336792,0.014723501168191433,0.029704736545681953,0.023507382720708847,0.026466475799679756,0.030571456998586655,0.029704736545681953,0.013072209432721138,0.016004452481865883,0.03311213105916977,0.021150654181838036,0.032012876123189926,,,0.0306828785687685,,,0.03311213105916977,0.021150654181838036,,,,,,0.03269726783037186,0.010945544578135014,0.02200167067348957,0.030715446919202805,0.023660575971007347,0.0306925717741251,0.053399890661239624,0.030715446919202805,0.0306925717741251,,,,,,,
2006-12-01,0.022524263709783554,0.02891170047223568,0.022746408358216286,0.022746408358216286,0.02891170047223568,0.022524263709783554,0.02891170047223568,0.02891170047223568,0.020021850243210793,0.021961737424135208,0.022524263709783554,0.022524263709783554,0.022524263709783554,0.022524263709783554,0.02083837427198887,0.022524263709783554,0.020306555554270744,0.022031834349036217,0.022524263709783554,0.022524263709783554,0.022524263709783554,0.024480458348989487,0.022524263709783554,0.022524263709783554,0.028090229257941246,0.02891170047223568,0.024480458348989487,0.022524263709783554,0.02891170047223568,0.022524263709783554,0.02891170047223568,0.022524263709783554,0.02083837427198887,0.024480458348989487,0.022524263709783554,0.02083837427198887,0.02891170047223568,0.022524263709783554,0.02891170047223568,0.024480458348989487,0.02083837427198887,0.022477854043245316,0.022524263709783554,0.028090229257941246,0.02891170047223568,0.02891170047223568,0.022524263709783554,0.022524263709783554,0.02895635925233364,0.022524263709783554,0.02891170047223568,,,0.02895635925233364,,,0.02895635925233364,0.022524263709783554,,,,,,0.02895635925233364,0.02083837427198887,0.024480458348989487,0.02895635925233364,0.02891170047223568,0.02891170047223568,0.022988734766840935,0.02895635925233364,0.02895635925233364,0.022746408358216286,,,,,,
2007-03-01,0.026181578636169434,0.0296672023832798,0.027379905804991722,0.02039947174489498,0.0296672023832798,0.026181578636169434,0.0296672023832798,0.0296672023832798,0.02190064638853073,0.0003267506544943899,0.026181578636169434,0.026181578636169434,0.021691586822271347,0.021691586822271347,0.023319974541664124,0.021691586822271347,0.026181578636169434,0.020300304517149925,0.026181578636169434,0.026181578636169434,0.020452704280614853,0.02633153460919857,0.026181578636169434,0.026181578636169434,0.023319974541664124,0.0296672023832798,0.026441972702741623,0.026181578636169434,0.0296672023832798,0.026181578636169434,0.02633153460919857,0.026181578636169434,0.026181578636169434,0.02633153460919857,0.026181578636169434,0.021691586822271347,0.0296672023832798,0.021691586822271347,0.02633257582783699,0.026441972702741623,0.026181578636169434,0.02633257582783699,0.026181578636169434,0.028005501255393028,0.026181578636169434,0.0296672023832798,0.026181578636169434,0.026181578636169434,0.0296672023832798,0.021691586822271347,0.026181578636169434,,,0.0296672023832798,,,0.03262840211391449,0.026181578636169434,,,,,,0.0296672023832798,0.023319974541664124,0.0296672023832798,0.0296672023832798,0.02633153460919857,0.0296672023832798,0.029293768107891083,0.0296672023832798,0.02633257582783699,0.023319974541664124,,,,,,
2007-06-01,0.0026869613849996084,0.028916659356456053,0.019365370426759752,-0.0030534074348405353,0.047133009204661756,0.005125017959792805,0.03789948018477367,0.04908632048756673,0.006368749187517952,0.019809630024309365,0.011510732448626437,0.026558311436588294,0.0051370120039040115,0.0011352629635173288,0.017879419679361935,0.03214254341853718,0.007289637097032978,-0.005286047150625566,0.025533369445667548,0.017652309529523628,0.022966139543980888,0.014599428864011103,0.004597572905095416,-0.01181275040657841,0.03789806040876015,0.043359464304452186,0.026270849332041695,0.011300392579000855,0.04720545409739066,0.005614830691432665,0.011324772380764524,0.01671651757004476,0.028125118573055944,0.005556999183479946,0.038048508152968966,-0.012305862763885685,0.043015206777706254,0.010205427706342484,0.025175971847565967,0.0738660129418041,0.01785204326300611,0.022004349192054004,0.01760887272258907,0.023170638273386956,0.0008176505151124363,0.01972338834664499,0.000162379004973512,-0.0027610855872625033,0.05260069260557431,0.0050378564397104315,0.014448409103805022,,,0.06597534104297723,,,0.07013724416250353,0.04348900264177193,,,,,,0.039355257814082556,0.031025119166408186,0.049479048109349485,0.05123985312312528,0.003674976079775274,0.017591243259203086,0.04502029009110663,0.022819331665903393,0.04925970789667674,0.0486219611891104,0.036031571403901654,,,,,
2007-09-01,0.021960768848657608,0.0326511412858963,0.021834321320056915,0.024601608514785767,0.0326511412858963,0.02313581109046936,0.0326511412858963,0.02481716312468052,0.02349911816418171,0.04494409263134003,0.023642120882868767,0.02481716312468052,0.023642120882868767,0.020829321816563606,0.02174934558570385,0.023642120882868767,0.024601608514785767,0.021875793114304543,0.02481716312468052,0.022089339792728424,0.023642120882868767,0.02949792705476284,0.023642120882868767,0.015333781950175762,0.021834321320056915,0.020914297550916672,0.02451968565583229,0.02481716312468052,0.0326511412858963,0.02481716312468052,0.02949792705476284,0.023642120882868767,0.02451968565583229,0.022920256480574608,0.02233079820871353,0.019147969782352448,0.016801588237285614,0.02401215024292469,0.0326511412858963,0.02949792705476284,0.021960768848657608,0.0326511412858963,0.023642120882868767,0.02451968565583229,0.02141229808330536,0.0326511412858963,0.023642120882868767,0.023642120882868767,0.0326511412858963,0.0235571451485157,0.0235571451485157,,,0.0326511412858963,,,0.0326511412858963,0.023642120882868767,,,,,,0.0326511412858963,0.02174934558570385,0.0235571451485157,0.0326511412858963,0.02949792705476284,0.0235571451485157,0.0326511412858963,-0.08923884481191635,0.0326511412858963,0.024477168917655945,0.03466183319687843,,,,,
2007-12-01,0.022982871159911156,0.038041990250349045,0.01986531913280487,0.022982871159911156,0.03178885579109192,0.022395657375454903,0.03178885579109192,0.022982871159911156,0.020332474261522293,0.04985987767577171,0.022982871159911156,0.022982871159911156,0.022982871159911156,0.021030090749263763,0.019712170585989952,0.022982871159911156,0.022982871159911156,0.020332474261522293,0.022395657375454903,0.021818099543452263,0.022982871159911156,0.026156341657042503,0.022982871159911156,0.01484978012740612,0.021030090749263763,0.02916501834988594,0.016802562400698662,0.022982871159911156,0.03257899731397629,0.022982871159911156,0.02744525857269764,0.022982871159911156,0.022395657375454903,0.022285254672169685,0.022395657375454903,0.019278105348348618,0.016802562400698662,0.022982871159911156,0.03178885579109192,0.03178885579109192,0.022982871159911156,0.03178885579109192,0.022982871159911156,0.022982871159911156,0.022982871159911156,0.030453933402895927,0.022982871159911156,0.022982871159911156,0.03178885579109192,0.022982871159911156,0.022982871159911156,,,0.03178885579109192,,,0.03178885579109192,0.022982871159911156,,,,,,0.09699972718954086,0.021030090749263763,0.022982871159911156,0.03257899731397629,0.013685007579624653,0.022982871159911156,0.03178885579109192,-0.08988767862319946,0.03178885579109192,0.021818099543452263,0.029978252947330475,,,,,
2008-03-01,0.02354532852768898,0.03199322149157524,0.021957242861390114,0.02354532852768898,0.03199322149157524,0.021160481497645378,0.03199322149157524,0.02354532852768898,0.019249452278017998,0.14362096786499023,0.02354532852768898,0.02354532852768898,0.0216342993080616,0.02354532852768898,0.020931493490934372,0.02354532852768898,0.02354532852768898,0.021160481497645378,0.02354532852768898,0.02354532852768898,0.02354532852768898,0.02568473294377327,0.02354532852768898,0.02354532852768898,0.0216342993080616,0.03199322149157524,0.016735421493649483,0.02354532852768898,0.03199322149157524,0.02354532852768898,0.03199322149157524,0.021160481497645378,0.02354532852768898,0.01738588511943817,0.018646450713276863,0.028704537078738213,0.018646450713276863,0.02354532852768898,0.03199322149157524,0.028973421081900597,0.02354532852768898,0.03199322149157524,0.02354532852768898,0.018646450713276863,0.0193010400980711,0.030561285093426704,0.0193010400980711,0.02354532852768898,0.03750420734286308,0.018646450713276863,0.02228476293385029,,,0.03199322149157524,,,0.03199322149157524,0.02354532852768898,,,,,,0.03199322149157524,0.021957242861390114,0.04711092263460159,0.03199322149157524,0.02568473294377327,0.02354532852768898,0.03199322149157524,-0.08514560014009476,0.04711092263460159,0.02354532852768898,0.028973421081900597,,,,,
2008-06-01,0.024737780913710594,0.028861723840236664,0.024593500420451164,0.024737780913710594,0.028861723840236664,0.024593500420451164,0.028861723840236664,0.024737780913710594,0.024593500420451164,-0.056427039206027985,0.024737780913710594,0.024593500420451164,0.024737780913710594,0.024737780913710594,0.024737780913710594,0.024737780913710594,0.024737780913710594,0.024593500420451164,0.024593500420451164,0.024737780913710594,0.024737780913710594,0.024593500420451164,0.024737780913710594,0.024737780913710594,0.024737780913710594,0.028861723840236664,0.024593500420451164,0.024737780913710594,0.028861723840236664,0.024737780913710594,0.028861723840236664,0.024737780913710594,0.024593500420451164,0.028861723840236664,0.024593500420451164,0.024593500420451164,0.024593500420451164,0.024737780913710594,0.028861723840236664,0.028861723840236664,0.024737780913710594,0.028861723840236664,0.024737780913710594,0.024593500420451164,0.020089613273739815,0.028861723840236664,0.017520608380436897,0.024737780913710594,0.028861723840236664,0.024737780913710594,0.028861723840236664,,,0.028861723840236664,,,0.028861723840236664,0.024737780913710594,,,,,,0.028861723840236664,0.024737780913710594,0.0362233892083168,0.028861723840236664,0.028861723840236664,0.024737780913710594,0.028861723840236664,-0.021438170224428177,0.022145532071590424,0.024737780913710594,0.028861723840236664,,,,,
2008-09-01,0.025668906047940254,0.03187268227338791,0.020236993208527565,0.025668906047940254,0.031667426228523254,0.024313155561685562,0.031667426228523254,0.025668906047940254,0.024313155561685562,-0.23994144797325134,0.025668906047940254,0.025668906047940254,0.025668906047940254,0.025668906047940254,0.01927761361002922,0.025668906047940254,0.025668906047940254,0.024313155561685562,0.025668906047940254,0.025668906047940254,0.025668906047940254,0.020236993208527565,0.025668906047940254,0.024313155561685562,0.021592743694782257,0.03187268227338791,0.02890361286699772,0.025668906047940254,0.031667426228523254,0.025668906047940254,0.024313155561685562,0.025668906047940254,0.024313155561685562,0.026896821334958076,0.025668906047940254,0.020236993208527565,0.024313155561685562,0.025668906047940254,0.02663101628422737,0.030054112896323204,0.025668906047940254,0.045672457665205,0.025668906047940254,0.024313155561685562,-0.04732881486415863,0.025668906047940254,0.007492531090974808,0.025668906047940254,0.031667426228523254,0.024313155561685562,0.025668906047940254,,,0.031667426228523254,,,0.031667426228523254,0.025668906047940254,,,,,,0.03187268227338791,0.021592743694782257,0.03051692619919777,0.01927761361002922,0.02452113665640354,0.03187268227338791,0.031667426228523254,0.025668906047940254,0.35596635937690735,0.025668906047940254,0.02986588515341282,,,,,
2008-12-01,0.028971807237996014,0.03476236070359388,-0.004047575681365845,0.011616824692265201,0.03601193905822357,0.01756667919572458,0.07039190940033832,0.0470340508890323,0.00664035560566464,0.054628066536861725,0.04602485544366585,0.04758362881319656,0.02556142270580673,0.020006491086688342,0.04306147268472853,0.042537441656215626,0.03345841078013092,-0.007335037480777027,0.039931183305960745,0.024787388474951905,0.04540682301599631,0.010480199199186014,0.028329623465442162,0.04027979565871893,0.04688364875572128,0.06167820854379578,0.01869510770314755,0.02563557408829885,0.04600612314006069,0.018208995829239877,0.040414786834060044,0.01991649463419604,0.04032194375455713,0.015220681184893803,0.04288860628894506,0.004537016548606801,0.034059275462458814,0.03559586297941353,0.02508643923634105,0.053883848530988286,0.03746126741428734,0.05508056691472698,0.04221532024978042,0.029696198822321763,0.02194451308844668,0.012756250363299765,0.008504103940522787,0.03484214918294478,0.03914806183920269,0.025262355699368286,0.028813521077523916,,,0.07240030564235064,,,0.06683693968925812,0.055730165327685696,,,,,,0.047505103817864276,0.021781082970387625,0.04607055613147576,0.04932629404871765,-0.0030518265216067965,0.03669117034300602,0.05467760991769459,0.03719027331813571,0.07317397350587379,0.05616951350402747,0.03911341410308653,,,,,
2009-03-01,0.025152022564747863,0.036579310360535786,-0.005645359712418507,0.014716001093898508,0.05155818944956704,0.022161782896106815,0.07072717018088558,0.049240405349773676,0.007646260414413769,0.02551886125493371,0.04462417816363529,0.050648279091349016,0.013540651765148633,0.034032305749094174,0.02663268791155309,0.04075131927372315,0.027961745968217776,-0.00018293267798740468,0.03270993335260342,0.030119489852073186,0.03821165250716874,0.01623459403253325,0.034245531803336934,0.02782542787084527,0.05022073168654631,0.050687116448760554,0.03806983540308783,0.02232974792093014,0.04561007080224736,0.0061930005637676625,0.022733330383271064,0.01973365973737441,0.027618140320182796,0.02001570566855759,0.03667562635471184,0.009201217669367745,0.038028586265969465,0.03094537389989749,0.021087429364101823,0.05408246721969199,0.03425369509557496,0.06325669495117872,0.03384110093378373,0.0246060294134093,-0.0004958336765858304,0.03659181622254778,0.008956624745463345,0.028725871434483387,0.04921495941912184,0.010763315356176395,0.03610268055863969,,,0.06361382374791594,,,0.06467072477086683,0.057808526526794066,,,,,,0.04208220426655528,0.02581064133103566,0.043853563715815065,0.06052479367043861,-0.0017962182386527894,0.018016299936729166,0.0716374066488823,0.027143012899804742,0.08494605647716906,0.05420113488703786,0.05130679544156202,,,,,
2009-06-01,0.039537737551168205,0.009974373776642443,0.008926192136418749,-0.04101536926588797,0.024375167550991915,0.058249860666707946,0.04417978471125327,0.051448418394344754,0.011489111491005458,0.16325739564971714,0.03771307103089527,0.058565422716336746,0.040849201585351755,0.03809659804909139,0.07692060544145349,-0.01424455817408908,0.015566946195937691,0.010929113920180637,0.02385672151398739,0.02521798907511819,0.04717225987704726,0.018021167677024302,0.06661370948714848,0.05864569390013183,0.03143273583822882,0.06815318749754339,0.02323204455716523,0.02178438785775975,0.17063858476597676,0.008386516586972243,-0.013542976590944127,0.010085037872250478,-0.029090034548460476,0.05449236092663758,0.006689975484034176,0.020621502870429374,0.12181188523630354,0.020274311585939477,-0.012404621658763455,0.03535452477639156,0.032168573175859326,0.09910485444646112,0.04176194490518138,0.12649430155793642,0.03192311653785245,0.03219990782968354,0.01640959558900827,0.02260979644141786,0.07360729617700563,0.04414544453094231,0.04930846791300909,,,0.10052708189284205,,,0.06136351757919914,-0.20297547144844783,,,,,,0.06231144597605048,0.020566976350635865,0.03691525200977786,0.024181971941614325,0.06512513863492163,0.025256424918639782,0.11146831631887764,0.0006759964363630259,0.24585459844872615,0.005147458306430994,0.022455999146789828,,,,,
2009-09-01,0.05376271772286507,0.020214701824886272,0.007579388569903868,0.006908221139261786,0.053868300828099056,0.029900237460993517,0.05408175254365109,0.017364333018512423,0.005210979940655542,0.07618125664181438,0.0291390380441311,-0.014320183382197732,0.009015704914201833,0.0313021685571947,-0.01784662036508644,-0.0065298129494527415,0.02312502692457432,0.0070286771525812945,0.028045958850264303,0.03725332127720314,0.009735889618653897,0.011005716139198549,0.018181402665596494,0.03875513412828128,0.040659720098929666,-0.033980514475306055,0.01714023764163741,0.004156473498669187,0.004046938103177497,0.008510555746457035,0.02193216494217042,0.0103927115706467,-0.030338407350361078,0.0038752100948325732,0.016915362772744254,0.04436862555655058,0.05729756216786817,-0.007044045358585577,0.03365380242324957,0.050538488489329896,0.02829639165675796,0.06086761273606984,0.03254203321097467,0.09338369840110292,-0.02498050623095286,0.03164063437449743,0.01899874527236954,0.020526856781893643,0.0677752507692336,0.037784481791029625,0.0354867583833745,,,0.0703607133977792,,,0.055361652451682834,-0.18010604633441255,,,,,,0.06049481953252004,0.01800466301880004,0.017927316121897463,0.03713164508034954,-0.00605077931928186,0.009571138209041095,0.06442361890544276,-0.01916371808232012,0.1407046371506384,0.021170089049829043,0.07979577539807531,,,,,
2009-12-01,0.01692366492537242,0.035175776507682895,0.00597354459656077,-0.05488661317143867,0.041346022222784065,0.006440426220794227,0.03130187433735591,0.01563945780212076,-0.03673444461628706,0.06160600903591282,0.011715434880147377,0.048665382861268744,0.008012138587189634,0.019810704315026025,-0.014219223033092934,-0.025171929029108666,0.012170183459836151,-0.005041437431519933,0.012553083935986786,-0.002578963790385494,0.016993963490561714,-0.02096997837284185,0.008563911477467483,0.027848848479507575,0.02827521347153342,0.08696348219100544,0.0032153699323980356,0.010003242867630284,0.06666213041896808,0.005888037025586312,-0.13742003915063422,0.007064284955206286,-0.013549826181047107,-0.017365857866430367,0.009551739698649532,0.024369523111232486,0.0609667076382448,-9.583492504368715e-06,0.037886390403458654,0.08504785313116313,0.01530904075237596,-0.016303127767588403,0.0069244508238803975,0.09198711015424912,0.006025962828640528,0.029325066979256655,0.007387998288350144,0.00910609274121708,0.05783701520141894,0.05116052070891486,0.03429570974205366,,,0.04798240786500152,,,0.04629997806645713,-0.1704290930881337,,,,,,0.05202440664169031,0.007387998288350144,0.06068276408343649,0.06109027460964746,0.05058164175648158,0.02931378919397789,0.13725010883520503,-0.014824019902687783,0.173162955114745,0.006192682391982178,0.03494251006593666,,,,,
2010-03-01,-0.015681826328916258,0.005724279153069683,-0.006698378401194409,-0.07978784820644574,0.026217957947688855,0.002048506513656596,0.00810796818534335,-0.04733982040819328,-0.009956718932989073,0.030312592931291564,-0.0011270515598372933,-0.008364921185772157,-0.00035442933062638593,0.01941591240214837,0.000130704443668672,-0.026394320286118152,-0.03376991745019312,-0.04742535108738648,0.001409833568830634,-0.030120117179319696,0.0005700483535937356,-0.03477442625027723,0.0006459006276398386,-0.022108969288382737,0.04180920113383453,0.048130152837081885,0.022361285586906518,-0.0376097302928693,-0.032390396641355144,-0.00010109127546608415,0.055585582553580634,-0.0014006295327949256,-0.03461363244581969,0.007771082281392352,0.003624217876430111,0.006181361875207165,0.005040606134824868,-0.001742825956406748,0.029190915700032505,0.07849970909465108,0.0066665926837029925,-0.044147561596977344,0.004818585859404754,0.06941022977492715,-0.1991646881528325,-0.015811432710500676,0.0058530502428562935,0.006147888219302449,-0.044379440343497924,0.005696907904527984,0.023658073431471773,,,0.07876724290183354,,,0.053869725086073766,-0.13337724285589247,,,,,,0.04588101988508723,0.004953237540881776,-0.034105556254686704,0.09163492435465016,-0.017557782217537423,-0.0036639988070789335,0.15971309417331353,-0.01940590009721374,0.05481462534289899,0.01715543741300017,0.03787591181233002,-0.01288402185150152,,,,
2010-06-01,0.005615029949694872,0.016704417765140533,0.002129547530785203,0.010220836848020554,0.016704417765140533,0.005421833135187626,0.016704417765140533,0.005421833135187626,0.0010940913343802094,0.011309657245874405,0.005421833135187626,0.005615029949694872,0.005421833135187626,0.005421833135187626,0.005421833135187626,0.010220836848020554,0.010220836848020554,0.002129547530785203,0.005421833135187626,-0.005515002645552158,0.005421833135187626,0.002129547530785203,0.005421833135187626,-0.051593247801065445,0.013131549581885338,0.016704417765140533,0.01274507399648428,0.010220836848020554,0.016704417765140533,0.005421833135187626,0.005421833135187626,0.005421833135187626,-0.009951340034604073,0.011656601913273335,0.005615029949694872,0.014562412165105343,0.005035358481109142,0.005421833135187626,0.016704417765140533,0.016704417765140533,0.005615029949694872,0.016704417765140533,8.439892553724349e-05,0.016704417765140533,0.023910852149128914,0.005421833135187626,0.005421833135187626,0.005421833135187626,0.016704417765140533,0.005421833135187626,0.005421833135187626,,,0.016704417765140533,,,0.016704417765140533,0.005421833135187626,,,,,,0.016704417765140533,0.005615029949694872,0.023910852149128914,0.016704417765140533,0.011656601913273335,8.439892553724349e-05,0.016704417765140533,0.005421833135187626,0.34999191761016846,0.013131549581885338,0.016704417765140533,0.014562412165105343,0.016704417765140533,,,
2010-09-01,-0.013318053193235625,0.03670171074253791,-0.01673234426768245,-0.012916248591384866,0.03101664044779908,-0.012459789323678281,0.06712876148974707,-0.007999308810514433,-0.03702898729496042,-0.012873957357885385,0.004793478167965105,-0.0014163550817759608,-0.015591522015467601,0.03220666767471737,0.00804913056515774,0.01702695112993997,-0.00899667832025919,-0.029766073685291907,-0.006595191105642793,-0.013231318907209388,0.0013171552023433502,-0.0029475265020584697,-0.009891512894172541,0.009057261220533255,0.028733483023365848,0.05843976636014107,0.031317433836253815,-0.01800690499299485,0.05203892874111992,-0.00849513118146933,-0.0040396423175926835,-0.007746291390392703,-0.0005142075731035272,-0.005270542449820072,-0.008778709910121552,0.011025644508141128,-0.0034155879758703545,-0.007151648512738548,0.026344288247696353,0.041452473470294265,0.00627350625449098,0.056601803962530325,0.014324563501043617,0.02080339807773027,0.007664420181512588,-0.009463992572104504,0.0035320300196037225,-0.006076155027798526,0.04025623135350922,0.013396821223750313,0.03540820752957984,,,0.06400211466942789,,,0.05298932957998991,0.0007034652868054894,,,,,,0.04478304006795848,0.0037094930698803054,0.02184057452728736,0.040936476349865636,0.0016076922289525023,-0.0021679927632353474,0.04973514168660104,0.0019509406878691043,0.07275802106344251,0.018217577263303336,0.044036332598361164,-0.0024049811074555783,0.05250914887479536,,,
2010-12-01,0.0020565359265839315,0.03340682719469526,0.009963227161750556,-0.011723097573396776,0.03435199773361898,-0.0011948852408565837,0.07827136010654678,-0.00767943067571829,-0.014802150145192563,0.03119771999140677,0.0031570182854927286,0.004790849432199999,-0.008314441983517913,0.03524240585372023,0.016075038360041927,0.01793108217276985,-0.004315439050534296,0.005902745646145561,-0.0058495299708578525,0.004854999174402267,0.006724793533627467,0.017827181541557675,0.0036607420647764757,0.03605927833273064,0.04108011505433216,0.06937487344055612,0.010316825864796588,-0.00018381800615829244,0.08414573515063266,0.003032263895536937,0.0016358815720721712,-0.005776117307672799,0.013914642060999677,0.015203230161234932,0.009215648549237142,0.017660820578704876,0.02086431149869892,-0.005291987263521622,0.041632864566323036,0.04154887954293451,0.009628323739193747,0.07437878636291897,0.03837755161342227,0.049982162942688715,0.025068841426766263,0.006956786460155819,0.005813748851848044,-0.003650676295458055,0.03948637913910626,0.017078970759469916,0.025301638594603482,,,0.06092161148880637,,,0.06087256939443061,0.010085650450229213,,,,,,0.04077580599229135,0.008131487754469122,0.041933854699608704,0.0647424430071527,0.032489597528566984,0.011869024588194723,0.06069840721783075,0.007996365096521577,0.09455701379616957,0.033315618122238,0.0374226678111856,0.013656436981810028,0.06427286864170591,,,
2011-03-01,-0.003136963485814591,0.03346799107958245,0.002199553135793472,0.0035986544954421476,0.03654594961055977,-0.0018293123161530892,0.05994676674902183,-0.0031289171179458004,-0.0037187689006235457,0.03409424993190407,0.005641025207071036,0.011172910153521037,0.00026075720324640134,0.021757304767605158,-0.0016363563000958501,0.01883345968443988,0.008026470816342364,0.009095140486917593,-0.006554224650248474,0.01974650313522824,0.009704938719795404,0.00816405739132532,-0.0023860894363765114,0.025318670515368236,0.041642534291686434,0.0749296222607527,0.025389939060106705,0.014416335573699361,0.056529541678079,0.001936743886617129,0.001777593273173997,0.012103371843229715,0.031058291588285332,-0.00037000285680734277,0.009022402752556032,0.01555359326747401,0.016934649066262852,0.013203358641597955,0.05067108896223483,0.05402745119498412,0.015661936645145754,0.07460683383699716,0.03306941322708412,0.045126991431533224,0.03825883177731123,0.01664290582139983,0.012933568748248974,-2.4144466716195223e-05,0.029603199879238914,0.018666591086209303,0.005582024035048571,,,0.06505906053295687,,,0.06072365500505555,-0.0032133360362689516,,,,,,0.039573102995988936,-0.001686819529104691,0.04112562928004183,0.056120574676033014,0.039621582397237884,0.004194516852274826,0.06912671800355455,0.013112079102882868,0.10723705703891885,0.048353211020327545,0.041264849858900846,0.0032705894866250627,0.0526489018239093,,,
2011-06-01,0.02547403797507286,0.03249678015708923,0.02547403797507286,0.02547403797507286,0.03309013694524765,0.02547403797507286,0.03309013694524765,0.02547403797507286,0.02547403797507286,0.08846025168895721,0.02547403797507286,0.02547403797507286,0.02547403797507286,0.02547403797507286,0.02547403797507286,0.02547403797507286,0.02547403797507286,0.02547403797507286,0.02547403797507286,0.02547403797507286,0.02547403797507286,0.02547403797507286,0.02547403797507286,0.016581721603870392,0.02547403797507286,0.03249678015708923,0.02547403797507286,0.02547403797507286,0.01754971221089363,0.02547403797507286,0.02547403797507286,0.02547403797507286,0.02547403797507286,0.02547403797507286,0.02547403797507286,0.02547403797507286,0.02547403797507286,0.02547403797507286,0.03309013694524765,0.03249678015708923,0.02547403797507286,0.03249678015708923,0.02547403797507286,0.03249678015708923,0.0693638026714325,0.02547403797507286,0.02547403797507286,0.02547403797507286,0.03309013694524765,0.02547403797507286,0.02547403797507286,,,0.03309013694524765,,,0.03309013694524765,0.02547403797507286,,,,,,0.02547403797507286,0.02547403797507286,0.013191860169172287,0.03249678015708923,0.03249678015708923,0.016581721603870392,0.03309013694524765,0.02547403797507286,0.013191860169172287,0.02547403797507286,0.03249678015708923,0.05369818955659866,0.03249678015708923,0.02547403797507286,,
2011-09-01,0.02297222800552845,0.028723493218421936,0.02297222800552845,0.023493699729442596,0.028723493218421936,0.02297222800552845,0.028723493218421936,0.020655427128076553,0.023493699729442596,0.0290734451264143,0.02297222800552845,0.023493699729442596,0.02297222800552845,0.02297222800552845,0.02297222800552845,0.02839193306863308,0.022670928388834,0.02297222800552845,0.02297222800552845,0.022670928388834,0.02297222800552845,0.02297222800552845,0.02297222800552845,0.023493699729442596,0.02839193306863308,0.028723493218421936,0.02839193306863308,0.027569161728024483,0.05147881805896759,0.02297222800552845,0.02297222800552845,0.02297222800552845,0.022670928388834,0.02297222800552845,0.023493699729442596,0.028723493218421936,0.023493699729442596,0.02297222800552845,0.028723493218421936,0.028723493218421936,0.02297222800552845,0.028723493218421936,0.023493699729442596,0.028723493218421936,0.0290734451264143,0.02297222800552845,0.02297222800552845,0.02297222800552845,0.028723493218421936,0.02297222800552845,0.02297222800552845,,,0.028723493218421936,,,0.028723493218421936,0.02297222800552845,,,,,,0.02297222800552845,0.02297222800552845,0.19144780933856964,0.028723493218421936,0.028723493218421936,0.023493699729442596,0.028723493218421936,0.02297222800552845,0.028866078704595566,0.02839193306863308,0.028723493218421936,0.021855680271983147,0.028723493218421936,0.027569161728024483,,
2011-12-01,0.022901950404047966,0.037458498030900955,0.022901950404047966,0.021190647035837173,0.0334232859313488,0.018564436584711075,0.03803489729762077,0.018564436584711075,0.020275739952921867,0.049655430018901825,0.021190647035837173,0.021190647035837173,0.021190647035837173,0.037167035043239594,0.022901950404047966,0.022901950404047966,0.018564436584711075,0.022901950404047966,0.020275739952921867,0.021190647035837173,0.021190647035837173,0.022901950404047966,0.021190647035837173,0.037458498030900955,0.021190647035837173,0.040999170392751694,0.037458498030900955,0.018564436584711075,0.0356043316423893,0.020275739952921867,0.022901950404047966,0.021190647035837173,0.018564436584711075,0.037458498030900955,0.021190647035837173,0.042895250022411346,0.022901950404047966,0.018564436584711075,0.03803489729762077,0.03803489729762077,0.021190647035837173,0.07617506384849548,0.022901950404047966,0.03284688666462898,0.04226226359605789,0.018564436584711075,0.022901950404047966,0.022901950404047966,0.03803489729762077,0.022901950404047966,0.037167035043239594,,,0.03803489729762077,,,0.043471649289131165,0.021190647035837173,,,,,,0.037458498030900955,0.022901950404047966,0.0316602997481823,0.037458498030900955,0.037458498030900955,0.03284688666462898,0.03803489729762077,0.022901950404047966,0.10380436480045319,0.01203975547105074,0.037458498030900955,0.016649698838591576,0.037458498030900955,0.08601588755846024,,
2012-03-01,0.025624806061387062,0.0373787060379982,0.027796555310487747,0.01705971173942089,0.03426286578178406,0.01705971173942089,0.03801191970705986,0.038056496530771255,0.027796555310487747,0.08905285596847534,0.023437481373548508,0.03128790110349655,0.029343249276280403,0.029343249276280403,0.027483658865094185,0.024619000032544136,0.02018588036298752,0.031099781394004822,0.038056496530771255,0.029741205275058746,0.02149283140897751,0.029343249276280403,0.03895033895969391,0.03585616126656532,0.032469332218170166,0.0373787060379982,0.029741205275058746,0.01705971173942089,0.029911216348409653,0.038056496530771255,0.04590680077672005,0.01705971173942089,0.024619000032544136,0.0358319990336895,0.03128790110349655,0.042631927877664566,0.028750887140631676,0.03700569272041321,0.04712831228971481,0.056545864790678024,0.023437481373548508,0.08038054406642914,0.030922625213861465,0.029911216348409653,0.03752543032169342,0.01705971173942089,0.03700569272041321,0.01705971173942089,0.08346743881702423,0.027796555310487747,0.03128790110349655,,,0.03801191970705986,,,0.056337472051382065,0.02149283140897751,,,,,,0.029343249276280403,0.08324410766363144,0.042631927877664566,0.03568032756447792,0.0358319990336895,0.027796555310487747,0.03631354123353958,0.029343249276280403,0.02799198031425476,0.02756945602595806,0.0373787060379982,0.011015772819519043,0.03366026654839516,0.03365381434559822,0.0373787060379982,
2012-06-01,0.03221138228285003,0.03650825114218817,0.013270357341442409,0.020503633029708267,0.04331384690794,0.018734610597645026,0.07841057970964656,0.03432786346968614,0.009945226550440028,0.028097801753888735,0.046075953288445104,0.03909859396042466,0.02542789731020361,0.04396818932641375,0.018594438780765332,0.05883897632974129,0.03488135129002789,0.03233462374469754,0.008406782953207402,0.032049885119183344,0.03712413485012398,0.01689602041609489,0.03483832399612566,0.04950160340351097,0.06539941158605254,0.08548037782587885,0.05326530297801861,0.03543546327065561,0.07401774363165843,0.043300071810202484,0.03600277010855812,0.033400558225854124,0.055278016616822204,0.026876252280645593,0.032981011238081316,0.01761335355105872,0.04095550123079989,0.034914504657589045,0.048958966542044145,0.0764592740749189,0.04373861693881251,0.11152845000877859,0.03426743574351271,0.03659368604271587,0.053540816114264596,0.015882563167485785,0.03611941513263104,0.022485718833420956,0.029108287359737098,0.022004854108963467,0.050410694421633664,,,0.04945799328726041,,,0.07819750254029884,0.04048298375765417,,,,,,0.05146349924800544,0.03503033748969484,0.023165400447339037,0.05231811947191867,0.04218595367874694,0.024038974122439268,0.07250230446916885,0.03603447555573729,0.09042681574946493,0.05529664100047309,0.04281404138086789,0.00506550511813593,0.06847155877090079,0.0630930787088209,0.06076525449928651,
2012-09-01,0.02709166460279916,0.01502073317625593,0.00201931445490244,0.006907097122671879,0.038220183007009294,0.01572062143718659,0.06534736842245342,0.02214383051330437,0.003743035680387743,0.0034205650029782773,0.04523930461782786,0.047956361573953665,0.02205822708349636,0.03473826413744274,0.02322841931987091,0.05630443230204569,0.03118173933647615,0.019496668101045708,0.013517309641594413,0.03787541284393656,0.03076782119879762,0.010540804879830562,0.028596012905062043,0.051726569024916236,0.0888379496497811,0.10953618119928075,0.09390279758645148,0.020187272173861594,0.04605794784598992,0.03405521976440133,0.019161020888850393,0.015325906891597076,0.05527317507243975,0.030092286963025565,0.026146676734806137,0.00824897552057683,0.05145492133084571,0.030163012531033293,0.04606193447518471,0.06287322600297283,0.038559396039569954,0.10544553751458773,0.04555159744148759,0.04454113969894436,0.04689996263720057,0.008440738992953379,0.02677736832434745,0.036218996548102886,0.04333765326128918,0.019881353067672723,0.04229197442135835,,,0.05814337043481995,,,0.0656319777143442,0.03395094756072527,,,,,,0.03391073539436926,0.03180166601081685,0.014069274750526339,0.059571790048783546,0.058002220184865484,0.029458964063937772,0.05768444880431139,0.026140808128753953,0.08167551089390851,0.06405698156330478,0.06697567964259912,0.0006220992022130819,0.025972443854430798,0.052671563140708,0.06756668757537002,
2012-12-01,0.005746213498703545,0.012811109380160859,0.003085926632986684,0.005957826388456754,0.044953575919629285,0.005842334670151448,0.04425990842641868,0.005855139759181442,0.002125238450108674,0.040763842696140584,0.019888323331972716,0.02616886220975044,0.0020152030072743995,0.013355464740644009,0.014157580704628898,0.03982923997470012,0.02901486345139136,0.02650140409133754,0.002526953254373209,0.021908287777506197,0.0036169494462957295,0.01647372273251449,0.006234439913894019,0.02689095865827687,0.04131723427072063,0.0662086970156804,0.061035585894513474,0.010078309903164634,0.03781444608634962,0.001068946941187544,0.011595326468062722,0.018377593553667273,0.03559923324320003,0.0395815044030303,0.015881492554787466,0.007289937802669866,0.038795915955975396,0.005051975376685622,0.03677937531714717,0.0426729099948513,0.010919149401348725,0.06882671396901767,0.01766583996689216,0.040793576835163235,0.03896864605138574,0.0016539321933432796,0.0057077671288993095,0.0016730399627039217,0.032087307907731205,0.015836594530913024,0.03003551048348696,,,0.0372447049636234,,,0.04025548843809083,0.017040313840717858,,,,,,0.00958952065423371,0.014060986519789811,0.02816012228261318,0.06385376494897463,0.055979651059156574,0.01728228759185822,0.047101893881731506,0.007099380590507883,0.05459559180495243,0.05573649813289508,0.03886790225967845,0.005141195442588741,0.03378295239480658,0.036451715805771716,0.05684561249305653,
2013-03-01,-0.0024562687584405492,0.0008056145203811564,0.010326173870392977,0.010243941361220721,0.061029934438780194,0.0005925924619735063,0.07107632574473097,0.027448996938886902,-0.0005879014040803307,0.035441532053893644,0.014268236634883564,0.017809179152361986,0.0025831934924511126,0.010197235959271996,0.012704088787988127,0.036324037368189496,0.03066083585462717,0.010817619393023285,0.00886112454154028,0.027939206194705773,0.022306488807311255,0.006431058061127068,0.032268572135926064,0.018679180641729905,0.0625929292498691,0.06416315398715977,0.033165689085594634,0.01185587747573955,0.04317321738906855,0.020612503841352336,0.0054087432337436925,0.02346086221608606,0.028916863883443486,0.02379308836297485,0.011760092077305146,0.009438007266675083,0.028767787693492988,0.016404117078090443,0.05530681643612674,0.05394450567487705,0.025768121766273955,0.0748111738781696,0.010025572428005076,0.045845052230132195,0.053933864817686486,0.009593240347028065,0.023220734656502765,0.004385399993812628,0.036344572808121284,0.020014117621787633,0.03763890968554387,,,0.03936898040691348,,,0.05263791544260429,0.007665069580751671,,,,,,0.009027652466568448,0.014596444283536538,0.014311861442365978,0.06692719829229574,0.04086355877023622,0.010325257529032067,0.034322755722489086,0.012895428476007819,0.07276630366327126,0.049376933842443266,0.034404111106339376,-0.0007648756785755998,0.012074342598577167,0.045915891663401404,0.057555246846221264,
2013-06-01,0.005383963721092276,0.006910562493298908,0.020976347366847954,0.016938380062492098,0.016583034436502643,0.004632349624345399,0.08276367413491754,0.010238798568014804,0.04157039123712051,0.12015915034693334,0.0023900084315516693,0.019437813433886317,0.011630989899339212,0.010226902723160694,0.026119778758947637,0.051455549232241736,-0.0034024947088572752,0.011704343938101547,0.026379349282672875,0.025977857314989583,0.004523676025591173,0.00460745047147861,0.04715647919237011,0.011143608535944554,0.04037117301337908,0.026472479442368562,0.010574590427422413,0.006446008607248979,0.07535320427520083,0.010477102801700942,0.01139496450063275,0.005882767339660347,0.05680168723759382,0.016024093414194186,0.017596246690798442,0.01288444943703892,-0.0040676890574230275,0.010219219300287432,0.009223051556494968,0.04158147684355619,0.00894447499028621,-0.00540095672694276,0.008579968126231173,0.02352348813564558,0.07062737757639774,0.014573071108987593,0.0019379265411263783,0.004206233913596994,0.09737629749428806,0.017251520374203314,0.003614798564557831,,,0.04366628637597733,,,0.08101210222707371,0.005488851262551566,,,,,,0.0088187365007274,0.047236542966179365,0.01395809891525045,0.05148385809334542,0.021990522951450927,0.005268027673720993,0.024987967935431017,0.010122399611489693,0.09927742970108316,0.007508170087046175,0.03972701805692758,0.03495978648746217,0.027618898980821694,0.020622858191747206,0.02079700846759712,
2013-09-01,0.007318263088167946,0.008373078166169855,0.01079004600790821,0.01261694900564168,0.03841373717959753,0.013176077879129723,0.04290849803698231,0.010298189388473844,0.04256524764097785,0.04934369367145171,0.006391693401643065,0.0030922249524001034,-0.004888811520124259,0.008183739337990128,0.030911806631270803,0.0309700566988802,0.004228495286118197,0.011021300872148967,0.013931234773370832,0.01992372161144363,0.008188441620096564,0.009579183002486492,0.00945807281257276,0.00921448909288946,0.038495003562272305,0.05350577685064751,0.01828252691595349,0.004716277887547918,0.11227744979743007,0.0014117724944976272,0.010359431980802533,0.012413237690569956,0.026085563234156423,0.01906853329382245,0.010979963405162838,0.01109781403864927,0.008250300220515528,0.006772291529330171,0.04148262321065253,0.06754260807042635,0.0035722490946130123,0.026671124746484524,0.0031886104385029676,0.025397982156931082,0.061421930009563336,0.015471966038172448,0.004096723229126267,0.004665995474438315,0.1007253154191028,0.009144087626132736,0.011687503178089467,,,0.03574229510187788,,,0.017044056448288852,-0.006416331353567072,,,,,,0.005663358550538576,0.028047384663533115,0.005313357336144038,0.0490703037264556,0.007499418257087346,0.014871737494001358,0.03300267826146591,0.0015722687677292041,0.23556794586052734,-0.016419889911562506,0.039472856941512396,0.008221351782984818,0.01822496708197861,0.021057567495719045,0.04706900247539965,
2013-12-01,0.009067596221211402,0.009659193076471662,0.012637719159882323,0.008648324857277909,0.030761323674705174,0.009393300945690571,0.035651417004753924,0.017087518810554304,0.015599471276730328,0.04262433241746689,0.005952418841870868,0.016608932138636467,0.015404176311725708,0.018251958159758146,0.011147242260972239,0.017104728867521034,0.020311839107304174,0.0021061438492532164,0.01545205148958101,0.01810981747985564,0.017858076363404415,0.01178209398366055,0.01272010729912264,0.014102519397969535,0.060465894892698914,0.01663106977559109,-0.0030792983273103536,0.012438012340562988,0.07379155929315459,0.014368122675561186,0.01589091817292069,0.009001193548605574,0.01679374797805644,0.008829874526337479,0.014673026868331326,0.01785719547382331,0.015978967662923584,0.005623737388790052,0.025961333490549948,0.05557439958422091,0.014096244853669752,0.012022453251964235,-0.005113568132898726,0.014725645696480457,0.06632168401757658,0.008300188800150734,0.014018865596756264,0.007873159513327354,0.11067760959659444,0.02606402870582317,0.02590140011998889,,,0.03726425580217562,,,0.03056338055413806,-0.005882824590017992,,,,,,0.010390376099365049,0.02452078461298733,0.013343764944825656,0.05753699717448465,0.03034814454516915,0.008346837018602312,0.025978535198577662,-0.02095272513033426,0.10623149438679798,0.029914633350381598,0.028688560226042447,0.0030478022941418854,0.025272871716108418,0.01972995815801905,0.04309665181432007,
2014-03-01,0.03204457461833954,0.03204457461833954,0.03204457461833954,0.03541714325547218,0.038319703191518784,0.03576473146677017,0.038319703191518784,0.03204457461833954,0.03576473146677017,0.038319703191518784,0.03204457461833954,0.03204457461833954,0.03204457461833954,0.03541714325547218,0.03204457461833954,0.03541714325547218,0.03576473146677017,0.04400006681680679,0.03541714325547218,0.03576473146677017,0.03541714325547218,0.03541714325547218,0.03204457461833954,0.03204457461833954,0.03204457461833954,0.04400006681680679,0.03204457461833954,0.03541714325547218,0.06848929077386856,0.03541714325547218,0.03204457461833954,0.03576473146677017,0.03576473146677017,0.03204457461833954,0.03541714325547218,0.03541714325547218,0.03204457461833954,0.03204457461833954,0.038319703191518784,0.038319703191518784,0.03204457461833954,0.038319703191518784,0.03204457461833954,0.03204457461833954,0.03541714325547218,0.03541714325547218,0.03541714325547218,0.03204457461833954,0.08551495522260666,0.03576473146677017,0.03541714325547218,,,0.038319703191518784,,,0.038319703191518784,,,,,,,0.03204457461833954,0.03541714325547218,0.03576473146677017,0.04400006681680679,0.04400006681680679,0.03541714325547218,0.038319703191518784,0.03293653205037117,0.038319703191518784,0.03204457461833954,0.03541714325547218,0.03541714325547218,0.03541714325547218,0.03576473146677017,0.03204457461833954,0.031029190868139267
2014-06-01,0.007166965196245738,0.009698095037993263,0.013823275613859234,0.015721314141962848,0.046127069056146136,0.010473019992561873,0.061296756006902264,0.024078397284827694,0.01704468376198499,0.017521201756022634,0.016155620876057295,0.018436242002054355,0.009342057886387914,0.013746247792980459,0.029778266341511837,0.03572133099590031,0.016752099472522628,0.019484180405461012,0.013333471633969331,0.020564821994440822,0.021578809851842778,0.019196777225308125,0.020456263288206537,0.015653341446057633,0.042916541021674436,0.049225527877343495,0.012690458411858894,0.021243093454568703,0.060152520510598134,0.016092749722080173,0.025480243593265978,0.016884261254461807,0.02840934594560351,0.006976328343916657,0.021470641117329544,0.021442801973795788,0.012215147447352484,0.024567061863266054,0.03464806798540447,0.059212264766112625,0.019972110734838452,0.04338505287775413,0.020387655797680936,0.017593254138691353,0.04763675065192904,0.015969268700522465,0.02865153475863726,0.006078035307211349,0.03800873953792254,0.031384936415753024,0.02568324974842566,,,0.03756967853541736,,,0.05148479168778272,,,,,,,0.020269366873323633,0.0336420222968901,0.013869585816481069,0.03160611369895443,0.0268908315051309,0.011921299600232948,0.04556271528357675,0.038676374222959886,0.08016840069099482,0.04848764304499914,0.03675860795046384,0.020732184319203508,0.03382644048510453,0.03164517084418632,0.02623052954678649,0.0566355439216419
2014-09-01,0.016632876291564326,0.0043636961644535335,0.013920046046216177,0.021895790070642174,0.0386210143136104,0.01614213646083402,0.061705210895135386,0.027506153220548633,0.022471899300335555,0.027534441394336303,0.023300170777434594,0.011490781686262776,0.010403542362004088,0.013118096427286625,0.0183497724121747,0.040754946958229364,0.0213358282920445,0.022367363506369496,0.011847154480084216,0.025475886827774002,0.020977338143211642,0.026168027772708415,0.035419678121586105,0.02636933700923783,0.059771049149316184,0.058034045014744094,0.011345263567907535,0.02805170512626763,0.06010237960806621,0.023979680202041286,0.02983657701693749,0.027376334077350507,0.03620195665527601,0.010234660182562211,0.026761364507694185,0.020576307844219315,0.010433172132769725,0.0272949613208808,0.041814589825777994,0.05354725313701322,0.027957412172616172,0.04192638251518646,0.02440324108354909,0.020405041685752287,0.05791816626124369,0.02605115275801098,0.030624090614959548,0.013591674589151425,0.040382666130360366,0.024252547507002387,0.02566209097976867,0.05743629131329368,,0.03752989164835412,,,0.055067766043598906,,,,,,,0.016913244618449272,0.03892763467493747,0.013874164217560245,0.03314616694294059,0.02389013227893563,0.013266114128746292,0.04548191384106547,0.036050732067256806,0.07780249899752407,0.05662551849094322,0.04097836010838468,0.02004352877045198,0.039134787837,0.042660277433452354,0.029275748077225314,0.056411293386516626
2014-12-01,0.018850569506702324,0.023999661566663815,0.019072835546841155,0.036399075798378734,0.05307437274355573,0.02154782056298927,0.06461686362388044,0.04305362759413951,0.024882408360514325,0.02488472916349238,0.03709776165348002,0.0396171561688068,0.017149104819579826,0.01085752428518283,0.03450386663868717,0.036466562047260086,0.025871801424571225,0.024825149523187144,0.013742241970876166,0.026554848818197245,0.031054446899548383,0.011989954415685587,0.04468928203077912,0.024823310934084485,0.07139632125341387,0.06760557386137922,0.02296173134158804,0.02674637457615753,0.06147080633429873,0.023511661016891585,0.013135660167299223,0.030420317999646975,0.03507899538524589,0.014124288166105704,0.043533249518631315,0.017117118004712578,0.019952265256713078,0.04301679601940039,0.035803518759393055,0.06255052753230797,0.029384786726800942,0.030933901200134173,0.027455852367802014,0.027596109502988558,0.051232715300662306,0.02848785936849355,0.03238724859829973,0.011148168209227254,0.04809585704647013,0.032446140624535665,0.03679691711763462,0.05072454095717227,,0.03691041869255614,,,0.060098728425342474,,,,,,,0.01970162109792461,0.031588653409317775,0.023928776288546404,0.03561274356018359,0.03154029984136592,0.01300143365471757,0.0468220237386503,0.03582191526171532,0.08511670922959756,0.04902121389598862,0.038890535361332544,0.029224331776430076,0.04536579981685849,0.04771584395332471,0.05032983915947311,0.04568026231421218
2015-03-01,0.028156783118025868,0.03426423076085328,0.02898776831977124,0.039724668793387784,0.04728374954956972,0.030281782168313384,0.05372295772670533,0.044565572920516286,0.012651487959894929,0.0295368145589624,0.02713649661070068,0.03743647031045676,0.01278944863317218,0.013084175314198612,0.03498330395136579,0.04330761366555697,0.024762492405510976,0.03430686832308073,0.02015795703474407,0.043322870723680997,0.0400150492322124,0.023556475303142265,0.040666392232174976,0.031943667672053554,0.08081933192920493,0.06238385628019915,0.021196819848240962,0.025117517139964265,0.059332726972670904,0.03936444286203443,0.013397070466739412,0.03262578227140376,0.037722466565700156,0.012495050018780816,0.045836477762139186,0.020951528727917952,0.03189138750582643,0.042521475009526855,0.042721489426151144,0.057232461143394996,0.03479237319074507,0.027306308137001026,0.024766030443101678,0.031920770821124045,0.038249880231921114,0.03144821881451689,0.040758849089953295,0.01659267107331836,0.04105879699672243,0.038437157884862634,0.038652056313060595,0.048438137216074255,,0.04238364644799061,,,0.06030683069306322,,,,,,,0.038262582152358636,0.03649643172624379,0.03345795942420904,0.06777318435635944,0.029920714707381866,0.02894154039924985,0.04502830888027043,0.032238823640480495,0.07328734890822786,0.046791869900535146,0.0391557418390324,0.027161216582955693,0.04845161868055699,0.044354924640511,0.04536068080012479,0.038572038223566626
2015-06-01,0.016922739506550363,0.02185271673446302,0.029209968989863833,0.04111540527062443,0.045691739823607774,0.03915212306233407,0.05368266056571235,0.04099936172912906,0.02880350519950308,0.04220226890887812,0.01709232176513952,0.02761185674720804,0.025461052728042128,0.013979808969833024,0.029449858908799687,0.052493497113705566,0.02619579523429283,0.03074235546906441,0.02135658754285051,0.03458530434538871,0.03570619176966319,0.015392082266636058,0.03032177461523928,0.011126110573051289,0.0791748257946886,0.04954183822218265,0.025115950555225804,0.033234495976097816,0.04485435477136874,0.0370801935263678,0.021795614013073967,0.018322959732815468,0.03193916668835717,0.015463137819341837,0.04791100479779975,0.019178620642900757,0.031843785545214734,0.03864596738903346,0.036625955656373714,0.036637056315680636,0.0302493026974954,0.031397084032606985,0.020217722163185594,0.023955690413027423,0.041618214019243205,0.02676432612376012,0.03894871042874946,0.0139566529174407,0.03194964260972741,0.036295216936231,0.035298372873694556,0.03892697033282523,,0.03640059052411343,,,0.061840997251906886,,,,,,,0.023519314188907115,0.027116678095876,0.027691337670187353,0.06005854007659383,0.032628518270942874,0.016398936935572785,0.035564698151348585,0.030190431823161185,0.08230010804840406,0.04837469983092858,0.024367419219815858,0.02212935282579525,0.030473623220174634,0.04222615217907518,0.036869046124931894,0.02845298386758293
2015-09-01,0.01738948916088202,0.024508962400067478,0.03186769173511566,0.024037419525895654,0.05645103856199725,0.0248941882447564,0.04441383373735816,0.04128539752415902,0.023729390605798532,0.046822790653529366,0.029220327490375328,0.02506657344121767,0.02174780191099254,0.025056736107173704,0.033408462468784976,0.047944810008642494,0.031310908928667266,0.019957527664730954,0.047303479582639515,0.03356258807550138,0.038678185162130466,0.018490203187921633,0.04270196670124593,0.011488193146170637,0.0885636780717828,0.05169684637098677,0.02185021485728138,0.030150806960009505,0.06392988590409991,0.04556038391792217,0.031013781739372165,0.031184915763172765,0.04044581980018285,0.014429610018856393,0.047162659375019,0.02252465950418354,0.030510791613065594,0.03801533897305873,0.04335830912777508,0.03949982160194275,0.03126276694940652,0.046888415636079234,0.028278367141019334,0.029895656847225904,0.05104262840130725,0.03659146062935948,0.04505010603069903,0.012630535988294127,0.04069697757204348,0.025189689046192777,0.04052881542771166,0.03976979376793172,,0.039482831004493193,,,0.061561733716018745,,,,,,,0.02268016988041057,0.03644657317891629,0.026580690116898554,0.05928111104892086,0.03758884080502967,0.02210191114599381,0.027658142079614915,0.03587313695818724,0.07241556902853998,0.039891199230806224,0.03785130459925369,0.0146604221346821,0.036776491584991175,0.05376370904397728,0.03642268263840676,0.034306370217165184
2015-12-01,0.016450497391068297,0.02161592259051632,0.031147957290488883,0.0323858181360579,0.05916367594866814,0.024273753732152556,0.04601581222030233,0.044900743176346604,0.02680061107459269,0.03695765903418226,0.03263199960052553,0.03197156653384491,0.027761378357596348,0.014721399436614631,0.03104211768331524,0.05212291816454694,0.024472902098276662,0.032157456205065806,0.030190383576878047,0.02969405709763328,0.040427313831453586,0.02132376548999232,0.03961005520220544,0.036941420255760464,0.07327399226104034,0.055791431772982174,0.024530382239557707,0.02679366126336372,0.06056122956326027,0.02761836806835074,0.023336549486243724,0.030641213670369632,0.028032010013712257,0.011208663339880309,0.04453471086268251,0.02399732158418628,0.023057555923986454,0.032358670765213315,0.044338198364180834,0.03109593961000395,0.02670645918181836,0.038661527536558764,0.021023097436117952,0.03442307665546715,0.0566824876163757,0.022933580663198495,0.044404890282453584,0.017314100106451152,0.04473198957321942,0.021334340197034122,0.040750565217950285,0.03061127607400166,,0.03701569527839364,,,0.04714930783128282,,,,,,,0.02468869325292288,0.028452630372831925,0.02673290763179303,0.08685270658057269,0.034475645639286734,0.024647743698132104,0.038112712255772736,0.0446407327341312,0.0853866213811238,0.03872827132030333,0.030491155969098252,0.007599046448871463,0.037752140115404946,0.04673838025359829,0.04023378145874406,0.038534701814284124
2016-03-01,0.01093854748730386,0.018779619827466988,0.032907247658533895,0.036084371798148746,0.06302412140076599,0.032576802551403605,0.052604670563850264,0.04830563676035748,0.019037871116071806,0.03384468251961203,0.017561897146672924,0.04061765564236055,0.013102227733278024,0.018935649300431588,0.030449572298184135,0.04607228600623559,0.025748408342234498,0.03232268968496723,0.025596178330105825,0.022758618319502166,0.03131979464851059,0.024828253624726484,0.03924092984213798,0.027410127900714967,0.06273856451416161,0.05547992243498533,0.01673715295776857,0.027323265732620686,0.04869709971809944,0.026327108756357867,0.022797889494284754,0.04338998715183059,0.03299832551641456,0.029262066514246073,0.04158131917657635,0.025849273610039244,0.016244965697919205,0.032072815582444875,0.047104910589561635,0.033304593792830024,0.026262453147591503,0.042793977629378636,0.019937611006850195,0.040068688875814884,0.05265912508103173,0.038199988419500015,0.04927786718499064,0.024739525167815343,0.043598832045811255,0.02721762274579311,0.03620896849111981,0.0370795842782173,,0.03921059970983725,,,0.05595949515912386,,,,,,,0.040551036861815506,0.03209304206414489,0.03978566359082167,0.08156738307730466,0.03616600687747604,0.030842191762227925,0.042997488417698466,0.03135068676554681,0.09128087176366735,0.04746068080228274,0.028916299723584102,0.012260986306582188,0.0377068327565198,0.03638612817609485,0.04404494151565001,0.04049374247015698
2016-06-01,0.010132569238477093,0.015630816482725077,0.027509471540700742,0.03684605205717593,0.05382839101275661,0.023892482044967845,0.04595991392939913,0.041953748075827885,0.03082667597419146,0.027380005927555184,0.00854934606157503,0.02586775171919216,0.014874168870583324,0.012996632521904486,0.031367083350544424,0.04829875369837231,0.02344198671114122,0.022922293054337253,0.026048755724391044,0.03968700970423966,0.027346830167539738,0.025877868961715796,0.03390496406888343,0.014847515911661833,0.06970519512445154,0.05201135285577931,0.019398707718199956,0.02439480766944403,0.05126880270895482,0.029272310848436855,0.025329012627942758,0.029751562011338724,0.028287991372469422,0.02675950885862962,0.03741730669697083,0.027297449969044426,0.03397357912005783,0.028947848552825044,0.056227264429853256,0.029180108934314837,0.01898606596832901,0.035736425058338905,0.014827994102425262,0.03978987437615165,0.039530228300700736,0.033566090899188245,0.04297701893763974,0.01731300714519242,0.040480653703482014,0.019287439026342917,0.025778818339280588,0.04701251387905622,,0.035945753045217625,,,0.05951333820233195,,,,,,,0.03230096146199545,0.03172193413507627,0.028595752009204955,0.07439501108529385,0.01842510667382309,0.025494219842952425,0.04887303334919994,0.034863204016368755,0.09474378204969942,0.031085979262865607,0.02572899257500524,0.009663350955358259,0.02663795498007299,0.0456273417920725,0.02346482027513962,0.03266018924458738
2016-09-01,0.010798303252089518,0.016205375683043102,0.02592896469772189,0.0393538218814764,0.0535399794603087,0.028248150997674745,0.046062128471677226,0.0345491587084851,0.024318859603919264,0.0447933354936037,0.005107326430819781,0.024579816014941476,0.017272573260220966,0.011495494089054972,0.02336561727443425,0.04034636415348314,0.020833973009535517,0.011091086025969634,0.02386535443594467,0.026102194588913597,0.030078059181700544,0.019428677025954005,0.0337572887090945,0.024529908284851618,0.05770458183078841,0.05736658210972077,0.02380841995603327,0.01939450167627389,0.056331455129498956,0.023029492832956522,0.022303534927788343,0.03690142168903523,0.02302395830295434,0.03975578580081595,0.0412350214420895,0.014586078547036179,0.02981483281856234,0.026063087114276965,0.04687164808032044,0.026121989686331615,0.01742287610104397,0.04426750821120629,0.01778251998195902,0.0406447728673672,0.06600209287924778,0.028264670370611564,0.04213002784550016,0.013861396502757679,0.044168422879449346,0.015544760380341083,0.026569100068354425,0.032804683975203315,,0.04211047456880507,0.019390493441940004,,0.061757216380015655,,,,,,,0.02364789570475427,0.02714246915525999,0.02767228702060283,0.078880706833214,0.01488221376305784,0.02506301303404379,0.05223432816589237,0.035957478089585396,0.09160277070484076,0.03686243117647514,0.03618666645368224,0.014214117331450164,0.02537101565565198,0.04077546177095257,0.019538815824768564,0.0348306374978021
2016-12-01,0.01957531871034981,0.020777475443886397,0.02692320497728756,0.04337872157498157,0.03937186684307025,0.026886601851121426,0.03495464257426884,0.02391922187651978,0.03758461391927672,0.03943557252087877,0.012832715566399441,0.01915380555333505,0.024973985490468812,0.02696967320904366,0.019194213478003784,0.03077809636418142,0.030483905370941946,0.018196368966684473,0.03111960000954584,0.02715621672313421,0.019778565564928855,0.027120984676935286,0.030181843205666053,0.02622622810121792,0.020910666330314298,0.02366569574647328,0.020562260015317736,0.030209897197169242,0.06348416037222439,0.030356127426967364,0.026148053613032723,0.024202342541682673,0.0301878884709864,0.015018309700018138,0.02693038693211902,0.026606664035851362,0.03929481279937507,0.020059433714637597,0.03406030613931859,0.025545808138686704,0.0301878884709864,0.042439663058737725,0.019980807877880168,0.04828942086150847,0.04716588943701918,0.02711493941161494,0.0304778601056216,0.02180992125619775,0.03159573487397683,0.02993362813843293,0.027397255763801087,0.02709748919858887,,0.03259329551389313,0.02296694975667189,,0.0741228134148353,,,,,,,0.02456836333090923,0.027787689317864083,0.028106757934473984,0.043642166106845424,0.026901196251104716,0.02419709217359879,0.02910509979713715,0.02151144540453623,0.06699969956930982,0.04812774210090456,0.01909484913607259,0.020181126621374064,0.022731358546212794,0.031220338626807276,0.0186629766827281,0.021143662960207175
2017-03-01,0.0025913598848362695,0.018858366402644502,0.022522684367133016,0.03935017114415267,0.042599308331167325,0.03927694223743385,0.02998684173618737,0.0059029845897829135,0.00747799995491636,0.02905155897531048,0.002709205647643998,0.017951031662902378,0.01288939731991273,0.013286685376948439,0.012959112276863386,0.03041219352812351,0.01619231145690852,0.016414394560923418,0.015071007433721823,0.011194701132797226,0.019321919323458468,0.012664842084438157,0.024130438571166982,0.005180583249984049,0.04005980350557867,0.03063149556496736,0.03957454760391489,0.02158503895279099,0.0445581024210007,0.01422001783163963,0.00993774265355514,0.023714854207701808,0.022586806617174538,0.03165124332999071,0.027120227397068715,0.014595688769660952,0.00782358066370731,0.010906230708880287,0.03869012401649464,0.01768647644499477,0.012292029663421388,0.03170624424806247,0.014404848489653219,0.02351132157260173,0.04254535748827962,0.01974910833666565,0.04866962894446899,0.0039044499974071113,0.024539310891473782,0.016484056485723143,0.01997513826995195,0.033287112213265725,,0.020119049996326934,0.012047304671441416,0.08088898863155002,0.04041745225870223,,,,,,,0.011498292315417425,0.020119299457503115,0.029981965407305335,0.03518834137976472,0.014211983068268059,0.027655010888708333,0.03427166371295884,0.04280989862423934,0.06511979221389687,0.01649215102016226,0.010793379864947408,0.01012838759949915,0.02278537270379958,0.03725581829201996,0.006956817143445463,0.03306096632197504
2017-06-01,0.01032083614343851,0.0063009121582096135,0.024073454713341356,0.02582147942244825,0.017120562138631695,0.007575191816879258,0.0239922439622306,0.013002402364545132,0.00837475483413609,0.023017225716057545,-0.002849809158320875,0.0036377496712224106,-0.009629702473192711,0.02269118135003647,-0.0063859359428476365,0.028953798021498806,0.01974475712824314,0.006619585104185739,0.023978928285372694,0.049963539590361844,-0.01106768502950383,0.021895387676951757,0.02710939814106332,0.012103306661273149,0.016202014851401915,0.0093417262690535,0.03933443578975995,0.02573531770710462,0.013666122759197954,0.04690292296128937,0.006619162642786709,0.01653097717586464,0.024952367448913746,0.010765194186208027,0.017685674800229388,0.02525486476011171,0.00637149667265659,0.018563823239153076,0.03267482806795958,-0.003418807640829795,0.01744200905891781,0.018393842084747807,0.02090260847753081,0.016615250471586747,0.032964296339402406,0.022485048223057944,0.014952069996415133,0.013171159932816121,0.032701892319553276,0.02269118135003647,0.04972120788589395,0.023103490187189345,,0.04528198919371006,0.011129646061615307,0.04185925428062885,0.105535260394612,,,,,,,-0.002849809158320875,0.025438570682104585,0.015476347326723044,0.009271973459605344,0.023556896480927347,-0.010015759754169021,0.008241326932223132,0.006508620824474381,0.0989522319214238,0.02443000929763217,0.021815975126737885,0.014458756041167814,0.015739841148691824,0.026010339120023762,0.00807854086562819,0.023703371395999772
2017-09-01,0.02016467690144026,0.016348315723657574,0.02854701063259329,-0.004515553378884597,0.03796651161810089,0.029081009591220792,0.04599102657118132,0.016998107866328455,-0.03429483201846201,0.036725617824404755,0.015052090600513334,0.014128282679879459,0.015725897115063215,0.027192324694566287,0.01660741350046316,0.02562370975328705,0.02777557583176185,-0.0246272929741699,0.028621378954365367,0.020977725342411185,0.015424950071803192,0.02533945040799261,0.028195773185926705,0.01588950020931647,0.04693733216989947,0.02418990712674179,0.02358795939533672,0.027395285982690032,0.07667907531994501,0.021394930893663112,-0.03894691266685362,0.026224062913612397,0.027395285982690032,0.01717380249414228,0.01929762357902886,0.024751496701850468,0.03058873853820924,0.0205491277710596,0.0244060140406036,0.012649102513097418,0.027143584009710627,0.021185535728662393,0.004780315645964918,0.023480239835313433,0.038050445601462236,0.025172929367688376,-0.02927937362256152,0.019892900751259147,0.029931132308786336,0.02580790594204188,0.015963864854038234,0.022406166295140483,,0.04599102657118132,0.017826790954742298,0.058276270022276394,0.04019313656243784,0.03825947737509951,,,,,,0.018882197747276758,0.025680803650813298,0.009680856062702324,0.06558255658254301,0.0315030556672843,0.02499200415762438,0.017813040199895682,0.015259854541565305,0.08423461612143426,0.023160991447542256,0.029566557893715824,0.020012023433355144,0.02579799960137681,0.027534620201295996,0.021396769428051125,0.019956911765897326
2017-12-01,0.0010869460936291937,0.01299892652016019,0.02003930501504454,0.025920532233955372,0.035355751639919,-5.7488245623407446e-05,0.02547422001019634,-0.0002438837587477823,0.008342335583966945,0.0334132134834532,-0.001968479320719387,0.02637405437973848,0.0031676325164743946,0.01349873404201316,0.012811068554527278,0.032026766753387004,0.008654802942041177,-0.0009839282289548278,0.030786109980695232,0.01507083250302791,0.009603017013840115,0.015476867691548778,0.02932465194311169,0.0044451732507431,0.03442894899980496,0.033008987944073975,0.026655872716328067,0.024163446821332712,0.03422786126291965,0.017963792672637657,-0.0013404795065704391,0.010437876336785551,0.021549665779985863,-0.0024588788916225825,0.005216963973211182,0.012874996364645508,-0.00410793551042169,0.011153714147241351,0.030173022059733916,0.011117251735841693,0.0059083515007969135,0.022746436482450654,0.005392624654029618,0.02102700268115817,0.05997153758304452,0.023838030335827334,0.012609130153958197,0.0072585606839394076,0.036673687420441,0.018911364075855343,0.028353899146611093,0.023266244274786612,,0.016277803293053533,0.007834432933656758,0.053226189356083385,0.03359834902797566,0.03404906522290002,,,,,,-0.011025070840335445,0.027437959410525074,0.007243524309998692,0.0409079560918869,0.01643557901505521,0.028005821527160912,0.0420561754124257,0.013527599604862675,0.0449899155053936,0.007673276502396592,0.01959892142076964,0.007418891584467141,0.00868404711420956,0.02575102888560648,-0.0002034357914700112,0.02644992999985547
2018-03-01,0.01766438273369592,0.013117194109537409,0.031235613588250527,0.037657479302286107,0.049518566615526644,0.011455315299404942,0.031210441420454114,0.013310825587992984,0.017788867671313692,0.021685535640657113,0.006760199269411685,0.015309645828765617,0.0063204449002565045,0.015139734295418325,0.01773874792759609,0.03800405292036014,0.006452336343750035,0.02840498702788652,0.027477557903697616,0.018517168372794556,0.01691793417843116,0.024603608671909402,0.042879342261219484,0.01245300786237219,0.035681553107699514,0.02710931048213627,0.037647134572847366,0.019292225970924743,0.03581944623081037,0.020156151233801323,0.006777287000210444,0.02593296587091373,0.024442070354201893,0.01168965245961962,0.013236787664907965,0.021449580010894774,-0.008472798239094305,0.033623373346004105,0.035998678734149275,0.008405698035695179,0.006887599583391186,0.03734154837128679,0.00648611082043431,0.02888132237844775,0.05326879424828486,0.032736471938035284,0.04124827516442224,0.004603141987354739,0.031484177421642945,0.028180282418191233,0.017603460412606596,0.03391960725440877,,0.023268588704724032,0.005807619353800916,0.06117017310448317,0.021049146512698673,0.03192754632481509,,,,,,-0.005981066301056555,0.026861467375066558,0.025634173843373298,0.05232144211929461,0.029450357589811457,0.03519011292569424,0.04994324133650013,0.021785644339911914,0.0774242103464958,0.017119126988834672,0.023019299421649896,0.015426823833324626,0.025407575653803593,0.02633278923375144,0.00511170497787014,0.023599404558932016
2018-06-01,0.030943814665079117,0.0291841272264719,0.0291841272264719,0.0291841272264719,0.03211120888590813,0.030943814665079117,0.0291841272264719,0.030943814665079117,0.02743912860751152,0.0291841272264719,0.0291841272264719,0.0291841272264719,0.0291841272264719,0.0291841272264719,0.0291841272264719,0.0291841272264719,0.0291841272264719,0.02743912860751152,0.0291841272264719,0.0291841272264719,0.0291841272264719,0.0291841272264719,0.0291841272264719,0.0291841272264719,0.031219447031617165,0.030587928369641304,0.032093197107315063,0.02939710021018982,0.03211120888590813,0.0291841272264719,0.0291841272264719,0.0291841272264719,0.0291841272264719,0.0291841272264719,0.0291841272264719,0.0291841272264719,0.0291841272264719,0.0291841272264719,0.03211120888590813,0.0291841272264719,0.0291841272264719,0.0291841272264719,0.0291841272264719,0.030943814665079117,0.030587928369641304,0.0291841272264719,0.0291841272264719,0.0291841272264719,0.03211120888590813,0.0291841272264719,0.0291841272264719,0.0291841272264719,,0.0291841272264719,0.0291841272264719,0.03211120888590813,0.03211120888590813,0.03211120888590813,,,,,,0.0291841272264719,0.0291841272264719,0.0291841272264719,0.0372396744787693,0.0291841272264719,0.02939710021018982,0.03211120888590813,0.02939710021018982,0.03226850554347038,0.0291841272264719,0.0291841272264719,0.0291841272264719,0.0291841272264719,0.0291841272264719,0.0291841272264719,0.0291841272264719
2018-09-01,0.026770594554696252,0.017059615396874186,0.02701513925426228,0.01622310982951982,0.057303875982830946,0.051088234923700626,0.024830752436012345,0.02161518589621543,-0.07358444923910555,0.0512744782124288,0.008043282755433956,0.034057959333679486,0.020392974951338887,0.02651746037602738,0.016246496713856584,0.024784088174809024,0.038882050692169316,-0.07811715923613229,0.02717525052106979,0.017352024732055958,0.01245763472488393,0.022063797552906734,0.028844228467125848,0.01300137554397958,0.027655787259101693,0.00694861280118766,0.04135309281616226,0.040222653700513415,0.070510987403781,0.04398831645303564,0.02844936350417065,0.007157246164361189,0.023537822137279327,0.032482238012760775,-0.01664915473008281,0.025633493277577434,0.025884460472006866,0.0043341163795947504,0.024248511919785273,-0.01568058847715296,0.013902377307363116,0.02900602373437826,0.012697262885151802,0.03409603118366742,0.04830415918196579,0.027456553796536345,0.02779709552936939,0.03236361070761936,0.036600823001762824,0.025633493277577434,0.04416347476490138,0.02474959689113342,0.020137582372584818,0.02917950125227132,-0.016895826560047896,0.08552777675910353,0.02576125421157949,0.020251151987243633,,,,,,0.019321248774182037,0.035558397452448445,0.0029219503025365557,0.05220827098919619,0.02421481783334118,0.017972657358142092,0.014833975863578657,0.03495642408495562,0.03292303085998705,0.012430310116426504,0.026581365440745294,0.01543339389300739,0.012105353397041725,0.021622184025669892,0.022833256093716125,0.020930625011069123
2018-12-01,0.05466974229230536,0.01873942832029975,0.029950889889273,0.03578189165725413,0.06703947801243094,-0.0013279494400744915,0.022435697999314053,-0.02916807838620046,0.033543471688248006,0.016954487233122068,0.018215644093616867,0.0034188547906949225,0.009384245027938103,0.019533865966917103,0.01934558598127851,0.02738958781738127,0.02343906009989427,-0.08151163749766292,0.008049611721665097,0.036542006847012504,0.024751502837652317,0.024131053570806436,0.030336608742694036,0.015239402758720372,0.05023762335815823,0.010972847365309674,-0.0023742359061574565,0.03352408505419073,0.05959820688868562,-0.018528580743931277,0.028813570546124347,-0.004948696073322057,0.001819736042035024,0.0018543220740147807,0.007469510196976117,0.025593820465684005,0.017187489012819294,-0.007743145975044045,0.030243845735710807,-0.026695256107664968,0.023176556375164192,0.02814137008569884,0.018220162008511315,0.03718358699900255,0.01718139847773767,0.03048191238636176,0.030435151544186686,0.02183189985558835,0.039659572356867734,0.025739124109351728,0.031851847152879774,0.01769939129338427,0.010028646957225983,0.030533658876740383,0.010851949720655086,0.04102351873119431,0.03754017691059532,0.03140099302796178,,,,,,0.03431597469413691,0.026176795516411704,0.008745882091148073,0.1073006364272134,0.02385394419323227,0.024584921283270226,0.0069621498551186295,0.03862305899831004,0.03960870540948022,0.016642148071006724,0.024342172996998156,-0.019141450142468177,0.012250615440062066,0.036108670794872066,0.021714274535526143,0.02393545544682059
2019-03-01,0.030591004396603654,0.00878564265120636,0.030885653002801963,0.03901982869797466,0.04964360010460884,0.01050173327223362,0.0267045694271133,0.021090465453550453,0.002516119350434213,0.03676492788438469,0.01703339924770555,0.02276564896824795,0.00675417128799174,0.016204432349752725,0.02516042572784322,0.03734229905984775,0.01884467017915888,0.03198208422373678,0.03190982505248343,0.019816669327134273,0.0273694099005129,0.020017951886232673,0.03474711765689307,0.009463924609200963,0.04614355760534603,0.0625001815522409,0.04287031394643098,0.03507666369463383,0.047591943294452425,0.0331727088912068,0.013454575980982,0.025198781330232022,0.02366221205305433,0.024118086323160495,0.023962611887349317,0.020182595645382908,0.008634607247680502,0.017933864988602274,0.03139891469060222,0.028921423497803463,0.007503614401088376,0.041524166789037656,0.02632751055545788,0.035142758666116075,0.04904413707222443,0.028726472088435907,0.04062369280834116,0.012523562563365445,0.03875369289264753,0.029860763773815985,0.0319526347610541,0.02472796684918513,0.017502490015780837,0.02712167076101701,0.013367341553192134,0.09032198768102756,0.029580230665534245,0.05043184246437365,,,,,,0.019865448307429135,0.03951311112612641,0.026259913307404025,0.07198752222338879,0.02662756588233584,-0.014732360873605816,0.008872762853520922,-0.010701178534937666,0.08181946224317736,0.03136544585338813,0.02797995268620866,0.02177776945987493,0.032170612058450156,0.03688084986431547,0.012885771543964744,0.03604139464220128
2019-06-01,0.020286023104526797,0.012502727183725233,0.038691605063144285,0.03474798797231246,0.04358825052767318,0.0019373554917019248,0.0252064815720081,0.014409879367348022,0.0016857601360714797,0.029375105485188815,0.014815531332744132,0.006527583576743563,0.011767492577190397,0.03393578562823741,0.027074845920384068,0.05433594254185512,0.010918859854275606,0.01067989002875101,0.03253784126254972,0.019007546944715847,0.021430801572688746,0.01807721208749139,0.03034336782925254,0.015113212203394238,0.02503943503308073,0.04926528211545863,0.03304899209861777,0.03141029160165848,0.028431094894747447,0.025173323345055468,0.01659778734402755,0.011821906768813251,0.01956488861200526,0.008024548092070767,0.011304666646791866,0.022758144659809538,0.014125074478298194,0.026820275254492598,0.04127765795512271,0.019672628907062867,-0.0017003319215227956,0.02401333358456167,0.009680238901379536,0.020162033487028493,0.04042735880038864,0.028325834805761292,0.03688639245346251,0.006868474783322075,0.03515520575203964,0.02715604913648285,0.02651406313675121,0.02731001664130432,0.02269857742479876,0.019484477098309416,0.012495211039023573,0.049758050291255004,0.030401039411304485,0.031124304688220947,,,,,,0.01959531407208721,0.03258063733281649,0.01630386212585445,0.06687133843517255,0.025216636335329386,-0.009418259529744413,-0.004073621621981328,-0.014520054316308482,0.07533743595802607,0.01899146481684173,0.0304293055315897,0.0112282200833266,0.017237181716442684,0.027672131181302594,0.01074594155073351,0.023492459707785462
2019-09-01,0.03238423877313733,0.016412356890568684,0.03207448877434475,0.019104108680956376,0.042087541630210196,0.0036541756059022034,0.026848416215074673,-0.05720065231318117,0.02506545657007362,0.03896556512407532,0.012989237355586084,-0.0085680153181842,0.009519990552449436,0.02247180265425109,0.02737439505988326,0.03502695359565335,0.0064029476800488575,-0.06626036570160762,0.03591194067763297,0.035847332372750985,0.014393070180464719,0.025689254954548244,0.026689150183815697,0.012348517416775036,0.023580815968589203,0.020291741274123053,0.03831021670657254,0.03419897808854466,0.05775486598013587,0.007534489818024052,0.027271993110695957,-0.026889918257262602,0.010935596790389789,-0.009937937432134735,0.0009817497281405015,0.022747298700623187,0.024821682501998583,0.015999301721609963,0.0400102396657137,0.02456615563428019,0.010449803987036434,0.04129594899215073,0.025043957504566193,0.017594086524666434,0.03883705373530152,0.029803942809632868,0.027012626605930023,0.027605972482757958,0.038719781648372587,0.02857932446514537,0.06011974426748479,0.021226941099116856,0.01325307577803045,0.01298666889149934,0.01627431186376447,0.04861176153660334,0.04114078466337033,0.020034408208372014,0.029883223497973184,,,,,0.044978461257772,0.028106755768579284,0.005093299214001575,0.03712378419565003,0.026855372162866206,-0.00946813548170485,0.01348158786668826,0.010695335559203349,0.06780443348940926,0.016506969238726105,0.03560482659516246,0.011425749712577293,0.016207249229451385,0.02466436469020575,0.010448749811519872,0.02256482340924525
2019-12-01,0.018131260545349043,0.03098743734281221,0.03933670927062884,0.02718272992539369,0.047911307499958145,0.012958867285663199,0.030899207409582588,0.020028660825685222,0.01987929519325006,0.04442514127812289,0.014180812485105256,0.008442515382048378,0.016270246686040882,0.019328190102811425,0.0356085115913484,0.03660119884273019,0.01912506163710279,0.03355528743585443,0.036190128148692595,,0.02627328907023166,0.027809923648986525,0.034427096630830135,0.013543728513986206,0.02073277288111824,0.03872581859433325,0.023725953140972856,0.03860807840911372,0.04425404705306156,0.0368719688597865,0.02175179338531474,0.015003962815222361,0.027585911789059465,0.014786350910282086,0.035866458980778025,0.023539696945842417,0.023774364149505674,0.036220201864712004,0.041579315829030496,0.021345343678487682,0.019943283936756904,0.04856246959288852,0.013868619871181119,0.04376297795123725,0.06841905578411464,0.030800394681572887,0.04450024467499211,0.006287409666570154,0.03718045110087804,0.03233807864983275,0.0294819413344633,0.03430482304197689,0.018993963162203052,0.03265538606492908,0.010930724552346872,0.026402774583347752,0.02897971588976722,0.02804450762855173,0.04740872932832791,,,,,0.02596929208479072,0.03737051581735524,0.02739477099389072,0.07344307021244155,0.031969995107016945,0.02608742531957569,0.014374308966706823,0.02819261444829459,0.07503793748594469,0.02153019629872466,0.025909617967273105,0.017881255679308417,0.023322250895902927,0.030447271132465818,0.005933898856602642,0.03322447181205435
2020-03-01,0.034087397158145905,0.03397725895047188,0.034087397158145905,0.03491736575961113,0.036300137639045715,0.034087397158145905,0.03397725895047188,0.0368041954934597,0.034087397158145905,0.0368041954934597,0.03478347510099411,0.03397725895047188,0.03397725895047188,0.03392484039068222,0.03381529822945595,0.0368041954934597,0.03210368752479553,0.031077364459633827,0.033390723168849945,,0.03397725895047188,0.0368041954934597,0.034087397158145905,0.03381529822945595,0.03210368752479553,0.03553883358836174,0.03536050021648407,0.034087397158145905,0.035613443702459335,0.034249357879161835,0.028970632702112198,0.035699512809515,0.012894759885966778,0.03553883358836174,0.02918301150202751,0.03478347510099411,0.03381529822945595,0.034087397158145905,0.036300137639045715,0.03381529822945595,0.012894759885966778,0.0368041954934597,0.03000946156680584,0.0368041954934597,0.0368041954934597,0.034249357879161835,0.0368041954934597,0.025585899129509926,0.036300137639045715,0.03494543582201004,0.03397725895047188,0.033390723168849945,0.03494543582201004,0.03397725895047188,0.03381529822945595,0.034129153937101364,0.03536050021648407,0.03536050021648407,0.04793249070644379,,,,,0.025585899129509926,0.0368041954934597,0.0368041954934597,0.038964007049798965,0.03397725895047188,0.03491736575961113,0.03381529822945595,0.03405873104929924,0.036300137639045715,0.0368041954934597,0.03408680111169815,0.033228762447834015,0.03397725895047188,0.0368041954934597,0.03381529822945595,0.033466510474681854
2020-06-01,0.03153039478665228,0.03325658229339968,0.04214095864246719,0.03944779158917648,0.07351165432706291,0.03036469369514576,0.040873694724477716,0.034331695755220215,0.0319910227312319,0.1600144328665899,0.03212371905936365,0.02919865335285427,0.038499559594698626,0.03633131303963528,0.03234042668366829,0.0609312512004235,0.023699785749953135,-0.04395744797203433,0.03396936293245055,-0.00989058100228039,0.03577691033592463,0.0321982814820937,0.03623277025544024,0.026586606587123144,0.023503049288380654,0.04487323638606964,0.07946312184763812,0.044224874840112505,0.04862264701529259,0.03335670696023442,0.018037022327551742,0.034564199195667444,0.003938428208989997,0.050586178066623466,0.028353678907656853,0.033435055938254715,0.03671883332752178,0.020229860046862447,0.04916985785060706,0.03669855419181199,0.049605729885502055,0.06828772304426786,0.030364218349881743,0.08806552401347528,0.149001626865992,0.03895072987371516,0.033299776484328414,0.020056020474933673,0.05402403967246433,0.034284288845660434,0.03378728603318282,0.023646132364523176,0.0268993945312832,0.030063810673364146,0.020654358449457712,0.06113943147417791,0.04330041243640314,0.016648425323595603,0.09992019647170597,0.04396260205321646,0.07941821624426913,,,0.04748310491592338,0.03397242623640844,0.0454742324912091,0.072825934947829,0.03293398039433281,0.04399541204469967,0.013228106944500946,0.047187954869735774,0.0651197773601334,0.03168179757640163,0.0349484360553382,0.027400532708616056,0.028018368665636492,0.028384083044702392,0.016493492539625745,-0.048426111377963356
2020-09-01,0.03299503060322212,0.03106605742945224,0.03971403745459146,0.027514291085029844,0.04385215549833593,0.01596934683675237,0.031087525492462395,0.013444695702063171,0.023802459441795917,0.0675032184236946,0.03609980080084531,0.02138598427981734,0.03592587695689861,0.029952489647116404,0.027433294634179903,0.04794152150421335,0.019958185273084888,-0.013645919615787651,0.03748871709328788,0.005282592568975396,0.03302036132231655,0.03152039823959285,0.036044341712923714,0.034159074145049276,0.031460301124066906,0.04882401370009767,0.05407298972666523,0.03864871748974712,0.040490600206371956,0.0304465901573054,0.022862346455521827,0.025167302025307297,0.0002963683654165752,0.03029788895890294,0.033180420418009976,0.037148397023001226,0.03704854980402136,0.031871330278208404,0.03795085499140168,0.03012500023379097,-7.252959621242857e-05,0.07254779104718315,0.03151093738292108,0.015561255941468075,0.07483853975745317,0.037258777659952745,0.04460846928623035,0.028003659542939135,0.039618027699893456,0.037217284611256236,0.023200269221502576,0.03240305812525901,0.02117948437556314,0.02980599644954483,0.014924952376596003,0.05975983902842317,0.04385215549833593,-0.011557766584994607,0.08164083449149573,0.047736012048316095,0.04307669597999815,,,0.02847504449679564,0.032122650484353525,0.033953330863240073,0.035666030380028704,0.034604458682882935,0.04609618110266357,0.023626874537920263,0.039857699565490026,0.028206259673330254,0.029588962408127598,0.03926762665264887,0.03489821160764715,0.028036821167161108,0.030530400628262046,0.024423367589087426,-0.08634495889329438
2020-12-01,-0.0013467147210707124,0.028281793987215146,0.026128969092287915,0.013167892154504417,-0.06368890074123973,-0.004082319766917462,0.04013164711756373,-0.03401035452702839,-0.005821843925266392,0.11687694431140432,0.002888301839895917,0.023388195460901397,0.032171067108281756,0.025360134864114238,0.023948730749808085,0.03667486179557275,0.03829133508879828,0.033995875373403185,0.017900297079262145,-0.015923392002651183,0.00027940493182654515,0.026180054479858276,0.023372196597807843,0.0024776824611012567,-0.01199739623414296,0.02123969566336246,0.020633630973468046,0.031230247944482013,0.07395505269030309,0.029646006211371506,-0.030480363080897695,-0.0013484803528772313,0.024423589455497163,0.023628084686458422,0.023432102634850554,0.02828524715895423,0.0367843896730514,0.005181481462234128,0.021093169301736464,0.028289415436158448,0.0034931218019097006,0.09142793697289318,0.012080167149962438,0.01792826337728888,0.09497678087186556,0.025452343254166843,0.02914086640365605,0.048524047698735556,0.026282259801135344,0.031623332570171324,0.013115704124764541,0.006101599287348026,0.017097614952388256,0.029115711959610206,-0.02591744846864045,0.038488667529771106,0.0206830373219385,0.016712894000007177,0.09940335489446854,0.04764717200731132,0.039994982496172234,,,0.05200270241086622,0.02863466165045726,0.03527023994790811,0.06581411905343634,0.026157626324732928,0.039417635747858885,0.008421418664883157,0.040198330405812,0.06675019587902235,0.04846177670867537,0.015120423912166695,0.027285931940209493,-0.004614344858245001,0.04180092188464511,-0.0036558755163304474,0.028926438991498375
2021-03-01,0.018127416298757266,0.03323643840759749,0.03300489314633172,0.021765457676548063,-0.0757263447536858,0.005460961421478818,0.03473442527113126,-0.01361928793912298,0.012352342879437034,0.04748455974795591,0.034634609873996955,0.03337967977786257,0.026310847865931193,0.03389416005354307,0.024956627769103613,0.030453674572749754,0.033881228767501465,0.02352702774246483,0.034755894333122456,0.007762757906540761,0.034683982886594696,0.03346331178756335,0.030278721384988643,0.00858001440104086,0.021576528036275234,0.024738005111806967,0.0344063945262019,0.03967004033722636,0.046004787497331744,0.03811104207936041,0.018055640433362354,0.025611465407973908,0.023828339581822608,0.02950036371500143,0.021971781879990302,0.028663321227609728,0.03308560715474771,0.03530730825302472,0.029364582410194108,0.0283480114225673,0.012073367598386328,0.020344578478300464,0.026423367635568473,0.03580828288275061,0.015098389192843896,0.03491577451494772,0.03816865166008657,0.01680171526325006,0.035608375371426984,0.036376105241457006,0.02789633625947846,0.033962292489811634,0.02415860863445369,0.040378124864730976,0.033728348212013766,0.03202168538515374,0.035608375371426984,0.025004097968342822,0.020419436511522792,0.036556335427714894,0.052108123766122075,,,0.027295061621117545,0.03306284897584019,0.033673890177730585,0.024848820284392215,0.032682029698427706,0.03824784960711221,0.01680171526325006,0.02256061437354777,0.08042792597469378,0.0383381698235318,0.0286350655637127,0.021066704532442148,0.024664418606011776,0.03288345416538059,0.02911062959515088,0.036011470451300466
2021-06-01,-0.010922601141574078,-0.0019462075484258606,0.010775244360245653,0.02091080767057314,0.0012226376856578885,-0.0179574726646827,0.0032471246393861947,-0.004748360438043096,-0.013344907968238477,0.039954290673368566,-0.006389530009703163,-0.017059183086714072,-0.00012740486302629473,-0.0007470069251819205,0.023376405358527794,0.02404199976437067,-0.014325457982913474,0.004941607847811691,0.004323068330525052,-0.015471678409003622,-0.0164267257174328,0.0016458673149688016,-0.0013271872344240935,-0.0031233657388182816,0.00789002601824595,0.00643298301869512,-0.009990499996098093,0.020311808909123052,0.02552151503893071,0.008397367639039371,-0.0061451117697527945,-0.011471249141711463,0.005337981797364141,-0.006109994867606692,-0.013977820315124154,0.006382910771292961,0.005952901807003747,-0.007265491166484041,0.03223229814149508,0.0008717866578239486,-0.009528020709020235,0.014413266338921003,-0.008787424439919998,0.007374346259853196,0.036041793476644136,0.002063096907337652,0.027217594250489342,-0.02453397125604149,0.028002869870176413,0.001687663534760043,-0.0007838629579114028,0.00812943556444296,0.012003311437167097,0.01210647992759337,0.00011686208656070386,0.02250768799438176,0.021407697514671822,0.001582368700993025,0.02160521659658662,0.015138038179510316,0.02177101290685452,,,-0.016319779888326325,0.02064489012578691,-0.004472776619595793,-0.004152232121785682,0.007421775190660623,0.009522935216007881,0.0016534881554043743,0.017716468138128515,0.028227501979896576,0.01733041775567547,0.002703108902263204,-0.010440607479738979,-0.00540140401510589,0.005360542092831397,-0.003227794999625985,0.017375424863973258
2021-09-01,0.020804831758141518,0.029494918882846832,0.02301991917192936,0.02486598491668701,0.03873109072446823,0.018695667386054993,0.03044617921113968,0.007296615280210972,-0.2555578351020813,-0.008699626661837101,0.029129622504115105,0.029129622504115105,0.029494918882846832,0.025129083544015884,0.033457495272159576,0.023040974512696266,0.024855561554431915,-0.0034362345468252897,0.024847103282809258,0.007296615280210972,0.026348436251282692,0.026348436251282692,0.024847103282809258,0.02599266543984413,0.03802713751792908,0.033457495272159576,0.029494918882846832,0.026186896488070488,0.018923941999673843,0.024847103282809258,0.026348436251282692,0.007296615280210972,0.023040974512696266,0.026350175961852074,0.007296615280210972,0.029399704188108444,0.029494918882846832,0.019303498789668083,0.031919609755277634,0.029494918882846832,0.007296615280210972,0.037690967321395874,0.03353845700621605,0.029254553839564323,0.026142530143260956,0.026348436251282692,0.027688229456543922,0.03722235560417175,0.030537601560354233,0.029603881761431694,0.025129083544015884,0.01661093160510063,0.023931998759508133,0.030299697071313858,0.029494918882846832,0.029732823371887207,0.030566731467843056,0.03677722066640854,0.03758200258016586,0.01845049485564232,0.029603881761431694,,,0.032206520438194275,0.03356646001338959,0.0032422004733234644,0.030299697071313858,0.03044617921113968,0.02655145339667797,-0.03211769089102745,0.018456997349858284,0.03353286534547806,0.029603881761431694,0.025579065084457397,-0.017463119700551033,0.02327197976410389,0.023040974512696266,0.029603881761431694,0.029603881761431694
2021-12-01,0.028054794296622276,0.030562929809093475,0.029504694044589996,0.031397249549627304,0.03472071513533592,0.00874298345297575,0.03088771179318428,0.026937898248434067,0.010489438660442829,0.034014590084552765,0.014897485263645649,0.030562929809093475,0.030562929809093475,0.028329191729426384,0.03366320952773094,0.026937898248434067,0.025261342525482178,0.028510166332125664,0.030486617237329483,0.025261342525482178,0.026361852884292603,0.029504694044589996,0.029504694044589996,0.028054794296622276,0.03088771179318428,0.03224985674023628,0.030562929809093475,0.028329191729426384,0.0322764627635479,0.030486617237329483,0.028329191729426384,0.028054794296622276,0.026937898248434067,0.02909698896110058,0.025261342525482178,0.02454390749335289,0.030562929809093475,0.00874298345297575,0.03381873294711113,0.030562929809093475,0.026937898248434067,0.03232207149267197,0.03283229097723961,0.029065115377306938,0.027931401506066322,0.029504694044589996,0.030486617237329483,0.030562929809093475,0.03351152315735817,0.03080696612596512,0.028329191729426384,0.02643761597573757,0.03217969089746475,0.03088771179318428,0.030562929809093475,0.03107396513223648,0.024198411032557487,0.030562929809093475,0.02664489485323429,0.030562929809093475,0.03080696612596512,,,0.030562929809093475,0.034060198813676834,0.00874298345297575,0.03088771179318428,0.030562929809093475,0.030415333807468414,0.026097888126969337,0.030415333807468414,0.03398798406124115,0.03216911107301712,0.02643761597573757,0.0007089537684805691,0.00874298345297575,0.025261342525482178,0.030562929809093475,0.03080696612596512
2022-03-01,0.004568225318622083,0.014982275099223497,0.028833095402445972,0.026916695017829742,0.04705405722118982,-0.002924189019363812,0.019110283143169437,0.006169095390821792,-0.008284829207807605,0.06774382779668087,0.004482763685081135,-0.0010049180825352896,0.022742781346183905,0.020968329283905306,0.014723528572842254,0.043910687393822576,0.0023084084735772547,0.005919036331162958,0.019313427568593344,-0.00011003205344363695,-0.0011047998390277564,0.013868125303009037,0.016234324581680774,0.011291494275001084,0.008935804821369403,0.02187859245020337,-0.010874720071027513,0.014487725345817784,0.040304148837481735,0.02346434573686316,0.012261943551464871,0.01487176197096533,0.018207581764346538,0.011663224858305309,0.01734047302972597,0.02087447027599898,0.018373243587019732,0.00450309062534823,0.03902143220026572,0.004029115605270309,0.011958339577849092,0.05071123156187303,0.0015253712158454827,0.01716465972713417,0.06578197954306224,0.02029723561215531,0.03225795097750992,-0.004626245464304722,0.035593213724024186,0.022899822438120214,0.02491781900311353,0.03250535104194869,0.03357949256531246,0.02665080941396157,-0.0027485464407292215,0.041889509103235856,0.027737972957169718,0.011800295441030579,0.02963751447357737,0.027480225324303564,0.030693091233549807,,,0.0027723880390233004,0.03606342539048585,0.011364059711565178,0.004102876991421367,0.02440438063008992,0.024682515652100948,0.02177547751185665,0.0439469913872524,0.03430477506166663,0.03506877951787272,0.022888907909094224,0.015056301868681413,0.007683946110927344,0.020161405721713058,0.009796518982805232,0.03270158183180409
2022-06-01,0.00936654211261388,0.012598896671257935,0.04073397905522054,0.03466150633935296,0.048277734449424806,-0.0025953447092461877,0.01797112081999545,0.01210130046531715,-0.0034876959129348174,0.06848752172423785,0.0006386701451681317,-0.004109341964846386,0.02207561368153268,0.019809526540542362,0.02771869648970836,0.04124532215655738,0.002512153933499376,0.003167577254667189,0.026885529510306476,0.0006212089233305118,0.010650077010164601,0.015581449754860033,0.022423976834191374,0.012388902003073736,0.009252702701846003,0.024750718011250186,0.0016764219903760266,0.019662111639062355,0.022893396414671943,0.024253619993562296,0.009699513058399776,0.023498494275973413,0.013762169182848566,-0.002008913695713322,0.01732797140207276,0.015895227018674615,0.005794947984205626,0.010011780108356605,0.04602897821874158,0.017883715643008644,0.012808162248087163,0.05246540740585415,0.012040883421519984,0.024705249140671324,0.06794572472853239,0.03130370466557781,0.038266556851600804,-0.0027927077393704257,0.03344740614399884,0.027451320514258897,0.027952643197813376,0.03977773745562334,0.04270325833562408,0.03392719799515269,0.008659470001410527,0.039773046085204995,0.03419705680883878,0.01936063665142874,0.057988659546292884,0.02289872576077596,0.04871260619865378,,,0.00897414301184499,0.039032963615251506,0.02164174237367893,0.004075311237936867,0.022858550406173853,0.03058685727349659,0.016296045010845923,0.04215847010507638,0.05112720436839397,0.019367166799974182,0.023140739695150715,0.014341627839401872,0.011813725284082326,0.014687122993563824,0.016141394023833126,0.035286299998307465
2022-09-01,0.025089772125216896,0.0264988255159448,0.030493293344254647,0.03802015693759902,0.03824798845528575,0.027133876338423367,0.030709553239463682,0.026787355202370956,0.027227220883061436,0.03710474196837078,0.028745502336299494,0.01647896346663541,0.0015512144504733277,0.02453361632141257,0.02462953295001023,0.038680778998389904,0.020595747299874106,0.01218956371833727,0.016844909622232774,0.014881526713871765,-0.008494505883635727,0.020692885186523954,0.03269826234055419,0.036738160855951385,-0.028436323075130828,0.040939912298077245,0.03248161819241426,0.0031331388382194922,0.04915553843405395,0.031454138998944475,0.02535074779196144,0.025536898130911583,0.010438367511907272,0.02383358641374558,0.029371143540100765,0.03386288523895601,0.03431375061108475,0.029429579824920702,0.03006282018875484,0.029726839115815872,0.033647309372385005,0.0783305507630719,0.046721585052184995,0.03347892806123552,0.08523238649457435,0.030079523360506965,0.04388352339466775,0.0377067980012323,0.028537022281939696,0.03273344291325974,0.03596573969426082,0.023952372159035906,0.024372598959846115,0.04024240213420446,0.028737466977486577,0.0345437136314858,0.03958804567282922,0.05143723482719497,0.10658554561511745,0.04726654486444028,0.048122061551913384,,,0.0394493168262235,0.04134352892426752,0.0035322043806365142,0.01733538104248195,0.0349069672526993,0.04597637199430506,0.03149662921558117,0.03571797517904368,0.05509448004135146,0.03303063574588182,0.03573629460721918,0.022382216757728196,0.021903667815300957,0.03913660558241763,0.03010809116830192,0.035100665355066535
2022-12-01,0.027243097211319848,0.03314676084873512,0.034955341438071476,0.01956172675233739,0.05563443054637925,0.030844171975809274,0.032185529317418235,0.01612068081089074,0.0003193174881266764,0.05832758660294979,0.04001104731693129,0.02236965344090244,0.027646340704634544,0.029770232227152197,0.07842676722353678,0.038992156744594025,0.018830222528465577,-0.028484871692916185,0.03162484418107598,0.006715740637522082,0.001801205968628114,0.028954528763225865,0.0339417852910062,0.04394499341891681,0.04938624494481679,0.04724327177724088,0.010953835517371988,0.01090148516713455,0.012179640499845134,0.03300821372408055,0.017547999990049277,0.020921551967075007,0.010665394561904889,0.0132286300545287,0.029282502395535835,0.037521372527971955,0.04861165706589842,0.029016998451308156,0.03845498997223801,0.038756028768612685,0.03421930719921949,0.05431163446951661,0.04668333537793498,-0.0064106771759694535,0.061813254817004594,0.02542561152786766,0.031764957674962055,0.02396878929266829,0.04187249791322576,0.02583862582627724,0.038563700112725544,0.020060971457340274,0.027129330160608423,0.04355672617414886,0.037072251805509715,0.02923324677717694,0.03902982302579726,0.030149454236437445,0.07498389871457913,0.03607611027259607,0.06652354870821317,,,0.029937922343321027,0.05147262593456454,0.0008584929986868278,0.024744447963732392,0.03647595219527314,0.035108331479696726,0.02934522353461774,0.03220685850237322,0.07299564524505543,0.03423028175290238,0.021646632782221092,0.02261431115353905,0.023167496623055086,0.020269197634476096,0.022242631091139265,0.04145828964479942
2023-03-01,0.007125053939257407,0.021812505067968422,0.026690707846837504,0.03374807511023531,0.06253977994156058,0.003727054909038853,0.017361080543809842,0.009172343375267017,0.0009426333916567394,0.0764662207712055,0.018725784971578383,-0.002989763084374486,0.010157237259403611,0.02205678909704778,0.04104726020043942,0.04331281941467904,-0.0030213684461395285,-0.004328775843286446,0.012984342192301226,0.00046188997874624144,0.007660740550321304,0.01960750045523289,0.019672888002912035,0.017666728682355606,0.017845935084054892,0.03473426261873449,0.014278545836645734,0.02372529162480067,0.03985183337339037,0.02294388672305701,0.005089882538650313,0.01612530590180403,0.012461191208875611,0.013963367437038686,0.009665677849144122,0.01451676538723218,0.032269504407755195,0.013738117769788527,0.044171861706349826,0.02993398028297983,0.0066285004297022155,0.07585770266765672,0.03613659487852699,0.039630007464627914,0.07726750200235138,0.026557883703258654,0.030351129330576213,-0.005961654398041008,0.0453622504062307,0.027860586853599777,0.025843511852726063,0.03291548271287274,0.037728767187445354,0.02355451128353011,0.02300579356992134,0.040602504107378354,0.0429221860807314,0.03566649956317312,0.06393692598753924,0.022467766261367435,0.03814110498709144,,,0.00853205581816783,0.04813807620012306,0.0147407927154316,0.008532354066782554,0.03313288242232289,0.03391381564894531,0.019449037474950567,0.04111604127609597,0.06198993133500909,0.03552124439948051,0.02818268513134094,0.02249216549454652,0.0322807958742505,0.014526351855769636,0.015319187170489097,0.03650857933797681
2023-06-01,0.021935401426786724,0.028673391916531985,0.025737508543249108,0.0011364026509033903,0.04125885492859852,0.02137793448899496,0.021515231376162087,0.024420690164420687,0.014832052973538536,0.06877433813016348,0.025442287873559667,-0.001122748138095227,0.023368164851985042,0.005582346387528026,0.03206704089209566,0.033472625938487904,0.01618854732667211,0.024301616058114872,0.019074647852201296,0.011033170337380186,0.008798859443830472,0.0037576118108001003,0.025433397691496853,0.007596396672806148,0.03327198979472651,0.015496573019326668,0.02420873818687379,0.021026167579242284,0.02589036427285636,0.03373541319248669,0.0090710098826144,0.01819484712689713,0.017437979670144245,0.014437755157509174,0.016425888036128773,0.03166385111203436,0.030347050195577045,0.018676653293801842,0.037973654869705616,0.031096282532122616,0.024810229657840233,0.06322699925116984,0.03856967922225121,0.029140421508200127,0.04554099436200545,0.027489917089983842,0.025290384408119905,0.03782018897794463,0.018645361909712967,0.02201418854266007,0.02064344285066688,0.027295318419420248,0.04421755344978062,0.018223636544287,0.019315653248344878,0.03248500072163018,0.02757819213986093,0.021566174574576758,0.06476904625153085,0.03207974012769854,0.02900483387492595,,,0.03798515511726253,0.032684562296832816,0.0064990693259497564,-0.004076708333146279,0.0357249027614818,0.021412951689285437,0.010570582557777944,0.0208164487363136,0.03665662873254497,0.03346351583847961,0.030897122881488995,0.019130606221156074,0.03538236856294941,0.02420008016286501,0.00856123287112674,0.03422057967425371
2023-09-01,0.017482148483395576,0.025580301880836487,0.02328910492360592,0.013810893520712852,0.036087729036808014,0.01742829941213131,0.02868722192943096,0.017015976831316948,0.02473370172083378,0.018690137192606926,0.01991773210465908,0.01216866448521614,0.031156478449702263,0.01415564026683569,0.02868722192943096,0.026820756494998932,0.020482752472162247,0.02868722192943096,0.023049967363476753,0.017624584957957268,0.023124990984797478,0.017154889181256294,0.02370297536253929,0.011766367591917515,0.02868722192943096,0.022468367591500282,0.03151748329401016,0.022632906213402748,0.03273256495594978,0.01858077384531498,0.023124990984797478,0.012744531035423279,0.023049967363476753,0.024791687726974487,0.020482752472162247,0.028725437819957733,0.03151748329401016,0.011766367591917515,0.024454930797219276,0.03151748329401016,0.02724890410900116,0.03217644989490509,0.026661375537514687,0.024791687726974487,0.05899309739470482,0.022880690172314644,0.023049967363476753,0.02868722192943096,0.027185922488570213,0.02246681973338127,0.024152638390660286,0.030836692079901695,0.030945943668484688,0.012658919207751751,0.02868722192943096,0.02868722192943096,0.02868722192943096,0.02861740253865719,0.031103888526558876,0.028509357944130898,0.02868722192943096,,,0.02854757383465767,0.02868722192943096,0.018425067886710167,0.012583893723785877,0.02649116888642311,0.026385370641946793,0.008904274553060532,0.021897032856941223,0.02901187725365162,0.03151748329401016,0.022212103009223938,-0.013211740180850029,0.01406656764447689,0.02335193380713463,0.029832491651177406,0.031156478449702263
2023-12-01,0.011578840675118034,0.02597513802243474,0.015159684637212152,-0.0432718421526941,0.03779623215302645,0.016487306830174315,-0.04955873576470346,0.022002382606674923,0.022070913617909027,0.05659557285983723,0.019091970081930764,0.002836784309547168,0.0355579328710719,0.0064047086420385745,0.028780097200866033,0.01818280079136,0.00020724621279636545,-0.014636069825742582,0.01425659716390856,-0.006138431358098363,0.0062593104010807464,-0.00916890134301857,0.021181155022263354,0.009400878239121195,0.020150963193094576,0.0215372967520803,0.03326949458616025,0.022148087402905883,0.03557407962191977,-0.018741648714616407,0.01887967646420327,0.017098443079979132,0.018574171294751148,0.012120941165998302,-0.011096755085890593,0.02992422783558733,0.027878298382373837,0.009805489376221633,0.027827579840097916,0.03656004339358656,0.023445482377760608,0.06434970405676375,0.0031912145549357162,0.023043222857330015,0.06442934772430416,0.021791951668671938,0.018952836129124323,0.004837583457697829,0.027147653202097128,0.0188164579652971,0.02208231329210629,-0.006629054601172539,-0.020821382879460722,0.011637657591717223,0.0157779942663195,0.03164161897945747,0.01874014668906147,0.026099701639933637,0.02589639217505309,0.015872759142086443,0.018580033174375572,0.025829730688023002,,0.017281135798183453,0.02664559955509481,-0.009413914600066717,0.0013847354990484293,0.022343803941746055,0.01623441439325256,-0.01195312091945759,0.03158116443584998,0.010894877641616948,0.015493065651461795,0.006970154667466979,0.02288189252523611,0.028400395098011885,0.0029092181390904352,0.01130436021598171,0.03589379901462217
2024-03-01,0.0009098444752295517,0.01295847144753049,0.02105883474531741,0.016827364725439057,0.040191332027702406,0.007075140500235617,-0.016493079578716565,0.013247244013840608,0.004186248600577634,0.050546370942362334,0.010152576798309627,-0.001032575550653474,0.00864074063039898,0.006604160518558013,0.023720288683237646,0.03137778689604119,0.004782051281947487,0.0023820407161525225,0.008643947306337085,-0.0003572701836147438,0.0028543965155921358,0.005510841901151575,0.014922887154221479,0.011328605613059723,0.016008552629605544,0.019372034222310527,0.024764220853584464,0.02421635690267117,0.02898692313065967,0.01429405763768509,0.006785146104570861,0.01563600082961688,0.01366384354861625,0.012176294255476242,0.006247804718196808,0.015232119856244715,0.02980999958546293,0.0029505948083506633,0.025411286906979896,0.004225905102745863,0.009548033861195983,0.06093423666909075,0.01793981353276598,0.02416586246828362,0.05655866980508839,0.017550041038556338,0.022317865122508482,0.008292889296419092,0.0311106345376168,0.008043616226904436,0.01067156420331659,0.010794602891156118,0.015778362237067696,0.012616118201553617,0.013227770171188709,0.028929827278183672,0.023510543991446253,0.01682282814617237,0.03508237584286666,0.014630571342287053,0.03460038005253883,0.023776103841225096,,-0.009045625374036808,0.025510419500547322,0.013384690811883992,0.002170554926569552,0.014070274461114963,0.02356505276424621,0.006743278491820071,0.01626517728864007,0.01580748861815617,0.03278590336563559,0.01020653981020685,0.01140102900159864,0.016848082252751865,0.020880079776776563,0.003979729920392638,0.021867607252708594
2024-06-01,0.024143986403942108,0.019643936306238174,0.024652346968650818,0.02043490670621395,0.026643939316272736,0.024652346968650818,0.019643936306238174,0.025365041568875313,0.024652346968650818,0.026886403560638428,0.024143986403942108,0.019643936306238174,0.026643939316272736,0.019643936306238174,0.026643939316272736,0.024143986403942108,0.024652346968650818,0.024143986403942108,0.024652346968650818,0.019643936306238174,0.019643936306238174,0.019643936306238174,0.024652346968650818,0.019643936306238174,0.019643936306238174,0.024143986403942108,0.02043490670621395,0.024652346968650818,0.026643939316272736,0.026643939316272736,0.024143986403942108,0.019643936306238174,0.024652346968650818,0.026643939316272736,0.024652346968650818,0.026643939316272736,0.026643939316272736,0.024143986403942108,0.026886403560638428,0.02597440779209137,0.028803976252675056,0.03293474763631821,0.019348537549376488,0.026643939316272736,0.02043490670621395,0.024652346968650818,0.026643939316272736,0.026643939316272736,0.026886403560638428,0.024143986403942108,0.019643936306238174,0.022984081879258156,0.026886403560638428,0.019643936306238174,0.019348537549376488,0.026643939316272736,0.019348537549376488,0.025159455835819244,0.02043490670621395,0.026643939316272736,0.019348537549376488,0.026643939316272736,0.02043490670621395,0.02597440779209137,0.026643939316272736,0.024652346968650818,0.019643936306238174,0.024143986403942108,0.019643936306238174,0.019643936306238174,0.019643936306238174,0.024143986403942108,0.026643939316272736,0.024143986403942108,0.019643936306238174,0.025159455835819244,0.024652346968650818,0.019348537549376488,0.026643939316272736
2024-09-01,0.020178379016411795,0.0173484534428158,0.01932967608180543,-0.01575999904693618,0.0369153198139942,0.03014813068137359,-0.006810228082348542,0.031555584014278,0.023969444479106577,0.03634031976608414,0.016671192858657573,0.01578198563009839,0.02176499182849768,-0.012007402347545604,0.02674685998259217,0.019431793635964756,0.01856669279582339,0.020964188921996845,0.02156457763888585,0.012754675764699124,0.013623792628808055,0.01664737854977279,0.02214864503905605,0.019806660751713594,-0.03903896801510719,0.02065968943799924,0.04496016912790606,0.024226454545853433,0.04447186251945639,0.05001301800344291,0.021933439784916506,0.021272163283624006,0.023260715514917943,0.0177224653505854,0.012105460700272975,0.029616822740401685,0.03467899043504668,-0.0010700961094131896,0.031307773594338506,0.036746420889565284,0.03151148966434587,0.0555709411916074,-0.024763462954628324,0.01374348766293705,0.06474104366034147,0.023024215912518246,0.025599068871733827,0.027642185188764434,0.028628577297077924,0.02045438745359674,0.03024558920576517,0.012066309107062302,-0.001115207966336541,0.01881241287168186,0.023803604723827854,0.02577767218297823,0.03100993543695063,0.002912145941985866,0.016919329564359417,0.026232664374381823,0.014935805074771153,0.029848437740753256,0.034374970207035754,0.017249193837938534,0.02492622151882029,0.020731367842606648,-0.0027615246945593163,0.018758960863490038,0.020634238306101647,-0.001664905999539605,0.011959438041202178,0.030591515888453907,0.033675028563202196,0.02252460382870308,0.020315420595894952,0.003612838287808792,0.02355791835562625,-0.034437180557352724,0.03516165049193248
2024-12-01,0.01646538147524913,0.01899169771371864,0.017495807205859026,0.02143044853094564,0.025097778501807024,0.015647774721005012,-0.014644153187976886,0.02130604328668529,0.011005612959315274,-0.024499926312492874,0.0128920876012165,0.013658567557785462,0.023841007393943542,-0.054882542342348656,0.024488386745606116,0.017621890792527226,0.015580484367177025,0.0182553357435958,0.020217596413441404,0.015353921854100701,0.01892949064184202,0.00034204978163656285,0.017380266369864235,-0.009954675516851015,0.013806938294212303,0.012398329634299446,0.0255767485228446,0.015616495123681814,0.0235179317094773,0.03444414552225944,0.01653003597933908,0.02502203830167184,0.009556073131022637,0.01627149508046114,-0.0009549214558585193,0.02585463348529131,0.024875866768239274,0.016374419782106155,0.03562016120729667,-0.019514566530492095,0.020847655236015894,0.0707788217115873,0.013813518371381141,0.015597158552179136,0.05983331867109747,0.015562485443902754,0.023895919597671376,0.019724124815444707,0.013759723565618498,0.018361930767203126,-0.018435969976649067,-0.0009601498729196996,0.0362851814534774,0.0077441497292079125,0.025097754615342038,0.02377213539206446,0.03589544093172673,-0.005387790842335494,0.03423725618589442,0.022981209612483545,0.021689758589318216,0.02517516058786534,0.01575811570812775,0.01695017704884261,0.023864521957333136,0.007619501659790396,-0.05529231347705316,0.008067518005927496,0.016811678254003332,-0.009463241858045297,-0.006916889836019777,0.015458503363768349,0.027943257565680328,0.015930558825108788,0.01498332512098704,0.02234354038179033,-0.0011237958136354593,-0.05397201336091387,0.02546532415460007
2025-03-01,0.022037290036678314,0.022037290036678314,0.022037290036678314,0.02977726422250271,0.02277560345828533,0.022037290036678314,0.02080683596432209,0.022037290036678314,0.0030397220980376005,0.016894349828362465,0.022363359108567238,0.019618557766079903,0.022037290036678314,0.01607009954750538,0.022037290036678314,0.022037290036678314,0.022037290036678314,0.022037290036678314,0.022037290036678314,-0.004316989798098803,0.022037290036678314,0.022037290036678314,0.022037290036678314,0.020928306505084038,0.021395910531282425,0.022037290036678314,0.020519064739346504,0.01607009954750538,0.02179415337741375,0.022363359108567238,0.006848329212516546,0.022037290036678314,0.022037290036678314,0.022037290036678314,0.022037290036678314,0.022037290036678314,0.022037290036678314,0.01607009954750538,0.02080683596432209,0.022037290036678314,0.022363359108567238,0.025822516530752182,0.020928306505084038,0.02573375403881073,0.01722041703760624,0.022037290036678314,0.022037290036678314,0.00888030230998993,0.0075525203719735146,0.02128634974360466,0.022363359108567238,0.016894349828362465,0.020928306505084038,0.02080683596432209,0.022037290036678314,0.02080683596432209,0.021132905036211014,0.020845133811235428,0.022363359108567238,0.02179415337741375,0.022037290036678314,0.022363359108567238,0.01607009954750538,0.0030397220980376005,0.022037290036678314,0.022037290036678314,0.0030397220980376005,0.022037290036678314,0.022037290036678314,0.01607009954750538,0.021640708670020103,0.022037290036678314,0.022037290036678314,0.016357870772480965,0.016357870772480965,0.022037290036678314,0.02573375403881073,0.00888030230998993,0.022363359108567238
2025-06-01,0.00804720930485868,0.014467448907605289,0.022517522185855805,0.007117163684249529,0.043023618935997286,0.010246160571306687,0.0014212229600187411,0.02620221715695199,0.022066714436950158,0.03980326988475166,0.020286923951404866,0.002635830405386883,0.012834947784487946,0.009161051149968983,0.024866244070606155,0.03413264943148091,0.011090349376781406,0.008409932057136704,0.019493835886960825,0.010759834968298845,0.007708849790344471,0.02112374578658671,0.013389564627959753,0.011791466064665614,-0.01742849766634283,0.011874167413021466,0.02002022129702847,0.028315514727699394,0.007029245048489247,0.02412387586013489,0.020126124749599947,0.01863107610056639,0.004151108454812596,0.00806240937211413,0.012019364220299353,0.0035561001935896365,0.023798449256837394,0.014288218049907365,0.02210975221940933,0.015610053382197673,0.01864163994461661,0.04399463316102103,-0.005585920300167957,0.029659836842434995,0.037326305289658225,0.015753751031322875,0.02328290399443392,-0.01390201414318889,0.027901739310344353,0.008971346728825637,0.024097020015044834,0.021260523557671558,0.0040784130695878966,0.016262179156425274,0.0069573438017495395,0.014916228175394295,0.02222115137504361,0.024327465047269365,0.029781616797965968,0.001944525112142718,0.01525048603154464,0.030505202108415008,0.004543964321106545,0.010742548756088838,0.026402606636917368,0.01965534745150646,0.012213859887700225,0.013183709195771949,0.0014623863459696934,0.018700505789013774,0.020329356719979264,0.023390885415053027,0.03418014494854402,0.016636210526646603,0.016080665199966423,0.013722418382087296,0.03283005548343394,0.013536796789216692,0.02736129698570606
2025-09-01,0.005856051559331381,0.0018824972805208725,0.011421295653577654,0.010591667707775698,0.043932417896180465,0.012302565253407439,-0.0003463848073304673,0.026798675902944668,-0.02497478773598571,0.0325697979039378,0.003664514159594363,-0.011694661817717687,0.001746462558233802,-0.012885987045794602,0.018666757864684583,0.026372092102152734,0.0030745529719960088,-0.0036538266599241685,0.010718578744925131,0.0002813787289538794,0.005419062527038849,0.00577415588166618,0.014606994018976097,0.010302693263912322,-0.024732048612110688,0.011492643959204279,0.014763036458215584,0.0048133371368628925,0.022316605161241582,0.017239871591399527,0.009601199710745353,0.013450062142879965,0.021188209724440753,0.00181038702695244,0.0031602505377916453,0.015015200395882593,0.015303888818089795,0.008429219675204724,0.017735324095375395,0.018074138940986206,0.018269917010541672,0.023643389403076344,-0.015840895955185244,0.012785217304803701,0.025504035029609257,0.012540778942402655,0.025405907221186578,-0.004797953942026696,0.025387489737382998,0.007392010363084994,0.018148067755216747,-0.002631134136355998,0.000877241363378133,0.004614918315478242,-0.0016464570640952801,0.003738056684295124,0.0386027088530612,0.016822001406004306,0.023492125725477445,-0.0013241578839038805,0.02257861093233824,0.02865916047506346,-0.014400954983194655,-0.0009405659302874704,0.02346244802070491,0.017779533457032076,-0.005356910638247007,0.004694507395896482,0.020501890466118777,0.00646519622951856,0.022404701823518607,0.03186943429795927,0.03473627110701639,0.01614311702861956,0.0061259063405941045,0.005330404167405103,0.018295545342386667,-0.006776424046193988,0.02517723543667732
