,1447,1449,1487,2019,2176,2968,3221,3243,4640,4674,4699,4723,4885,4973,5786,6781,7065,7163,7647,7982,8007,8245,8898,9783,10035,10614,11811,11856,12124,12138,12635,13341,13988,14822,14824,15417,20686,21825,24616,26367,28034,28349,29804,30990,34749,39293,61302,61380,61388,61739,62689,63172,114628,124434,133768,139665,141913,143356,144009,145701,149070,149337,157057,160225,163610,164708,165993,176701,177088,178507,179534,179741,184254,184500,184700
2001-03-01,-0.016636170986891664,0.04675293586652466,0.08552604939067375,-0.05863869555697146,-0.0014437975923758935,0.03740830443215034,-0.038275902831281725,0.09956150106043832,-0.05726350660063341,0.053359178341133295,0.057261819807081414,0.06943241608420686,0.11176833409454212,-0.06481668689195912,0.045457508451071264,0.026399611888424924,0.038252717560686836,-0.0043056816689231395,0.05225365334984739,0.02977319541580528,0.05603543295524309,0.04395377779905248,0.08817593000862764,0.06410162225583073,0.07612587437979922,0.10034801177550523,-0.044417644241899104,-0.049677787849578166,0.01568303845270847,-0.015414939786999668,0.062229249429204256,-0.026963224074820307,0.07440438475013297,0.030246164117818875,0.03334714764630816,0.07820903044142657,,,,,0.007491104132464327,0.004144115085525354,-0.049614702871795806,0.06527774404126054,,,-0.018065687541576142,0.08524439353315047,0.010186354463708351,0.07513494304524856,,0.01713343658266251,-0.004968569966656555,-0.049614702871795806,0.03997599876575612,0.052479811640648126,0.06676159023831046,,,,,,,,,,,,,,,,,,
2001-06-01,0.0035167522145475314,0.015617105993847307,0.030379654600109603,-0.03629603751985801,-0.002435091905737277,0.022189871944422585,-0.03457208018595603,-0.0031565081722703487,-0.006607801324678687,0.025197382996419184,0.001140631646431332,0.01355129748033302,0.11221968628012333,0.08530939347352481,0.01610077233422138,0.03398939355758287,0.0030162127323694068,0.024224819507360846,0.061857132620458784,0.0008318067953722664,0.041644811845487247,-0.010191916349054074,0.06892896612656825,0.04711062801915296,0.005905309610452739,0.07687843095549161,0.044113652525092535,-0.027589035812545917,-0.01642892271234048,0.10271860286871133,0.03412865574430261,0.03441212978992394,0.041963815004516514,-0.006683668988165155,-0.0006735428305843238,0.07724370199795103,,,,,0.009096176931526296,-0.0030011447727524582,0.0008903232111228557,-0.015119831254764815,,,0.011186961812384958,0.07766573645618091,0.014657708739862413,0.01972615227290215,,0.03347332003074168,0.05020314830215328,-0.05251918838254627,0.08630011899583528,0.05198301263649576,0.007103473459475997,,,,,,,,,,,,,,,,,,
2001-09-01,0.0014034299608128489,0.0370017219457894,0.0436219786879636,0.010941529815378053,0.01572613004221412,0.038810950262083956,-0.0007899648825425722,0.007284848550227947,0.013556347577166481,0.04123926305931938,-0.021301088176193434,0.03411970447053411,0.058465795688835275,0.055633093827620606,0.03528231140957085,0.0360458008019758,0.031206849552246757,-0.011503832629989311,0.05470143786677562,0.0060880152152556774,0.04716017065056408,-0.023424956460065396,0.05709004757667858,0.04025243852822709,0.005644269772342199,0.04901536043051924,-0.012078229613621365,0.0020937796878418664,0.04944143355507919,0.0338217270901698,0.031639879059244716,0.0038284431904283055,0.08517588894807097,0.010162273749981859,0.00853978431604993,0.09324391954761405,,,,,0.029362446142056898,0.032602635599393734,0.007287297572529133,0.005331597862717907,,,0.05731067420619947,0.06878242631960099,0.016233111647843627,-0.023864638329320557,,-0.00745169246658832,0.05862579556199,-0.007251122671763457,0.015120179641637884,0.0658923376170232,0.04539600228052105,,0.002752725476391877,,,,,,,,,,,,,,,,
2001-12-01,0.04875264532091986,0.05823812353272166,0.05203908007730425,0.03206263204530658,0.04429416186801171,0.03396132114539965,0.03659385451105612,0.02956497533021753,0.053791054460029346,0.06023848196029092,0.03880333398129687,0.05195075732605677,0.050219869712041676,0.02560305291745903,0.05195075732605677,0.04970865147428376,0.04355126281108047,0.08310931892573437,0.06552931847138657,0.05938627630910808,0.0632245720925902,0.05414535877937019,0.04890227887268727,0.058432278028537996,0.05938627630910808,0.06995961883577335,0.050072472839423454,0.027716906211838862,0.05056543090693866,0.07966488179236891,0.024516819414047247,0.027044490061506162,0.053843189301175265,0.045715008803236444,0.022151774312413258,0.05432686500556588,,,,,0.05045558783814242,0.03659385451105612,0.05171161511237128,0.02956497533021753,,,0.05838559333004465,0.033721901025152184,0.05784138228799039,0.053592180876235136,,0.10217616652909815,0.03880333398129687,0.04775966368665221,0.08264971378723143,0.08264971378723143,0.054176035556489345,,0.05959335667071549,,,,,,,,,,,,,,,,
2002-03-01,0.05652104112705287,0.048479739975827045,0.06009465564081114,0.05379084469612583,0.041927069585034,0.0627242012245274,0.04209058975763747,0.07069701753882289,0.04884428644150566,0.0663085886132928,0.052159130427892476,0.056940634667577726,0.04369311213663352,0.018801733441349545,0.056940634667577726,0.08004506182297957,0.07502215946374714,0.05096060539603812,0.06147003557727329,0.04884428644150566,0.06562069778766995,0.0650886952951377,0.05692539651919513,0.04395473100659508,0.04884428644150566,0.06212606590210463,0.052244034409557,0.048973579552617684,0.03801300529571745,0.03294558788670143,0.05913104620165685,0.05096588317906982,0.03536335712727438,0.04634297991420672,0.039200329591381776,0.0787692622791624,,,,,0.04243278017678216,0.063077257119347,0.041165163723257577,0.07069701753882289,,,0.046289489214329314,0.03856014984805831,0.06009465564081114,0.0459832104505434,,0.052244034409557,0.042525679426199746,0.056292433454535336,0.06238201080538273,0.03691717601094225,0.06484046115699998,0.05741532026987628,0.06215095372917562,0.04784515694537159,,,,,,,,,,,,,,,
2002-06-01,0.004028404171818974,0.051179365824535,0.03158069577885215,0.04275507272978784,0.008407284224518433,0.018144965841070084,0.010508828804170771,0.031745629761070905,0.04836605821402421,0.05951402539502334,0.0276715561806017,0.04049795947498946,0.013138304742016061,-0.017150155936311362,0.04446884244040001,0.059729661219835715,0.03995869502950351,-0.01927229383662337,0.0734710238919809,0.05309755996211973,0.056995334649520835,0.004944053310101089,0.04235285565325679,0.051995586287701824,0.012699333098290235,0.06880131364860535,0.059137454982962724,0.025030787309931364,0.010049043476154682,0.013047348505531919,0.018272988778621012,0.08762238292790925,0.01751151967577972,0.06161971045272151,0.011697454156754236,0.012113352533739132,,,,,0.00795815535404209,0.021667342388464992,0.020121035368164605,0.049690350075876265,,,0.046754086219476396,0.0011909346174336936,0.01642183992074328,0.020589394818097437,0.054884303080711024,0.07298819151559653,0.01918200673516741,0.042879728093909227,0.01863165105935196,0.05967649108890345,0.03207019448443252,0.018689618492907185,0.021324943613808506,0.041345683754886356,,,,,,,,,,,,,,,
2002-09-01,0.040784104821558906,0.05260317002825174,0.05504381103062761,0.026303525902779817,0.026226382023499292,0.026226382023499292,0.06671239327895702,0.04977434376742642,0.05252024786787661,0.06778030135391984,0.040985900050504474,0.05373992857969349,0.06497540215464281,0.035965875595078765,0.05373992857969349,0.06732519385923937,0.05004074562710535,0.07378505003427828,0.08027018051332549,0.03148750108312082,0.06439996087516957,0.06621183905804741,0.06495776623835733,0.055959226554535585,0.026226382023499292,0.055346059436098,0.06595685543207076,0.03223562642393149,0.026226382023499292,0.05955370093048593,0.06327748103480894,0.04847055652982093,0.04590512407432417,0.059442629584200206,0.030773871206876784,0.054415722698333134,,,,,0.026226382023499292,0.026226382023499292,0.06591208257968999,0.047387473461106416,,,0.07185170283956253,0.032228086620510694,0.026226382023499292,0.026226382023499292,0.026226382023499292,0.09273339547157797,0.026226382023499292,0.07963392306752366,0.07444421905589309,0.11463422391927167,0.06100331755317098,0.026226382023499292,0.05370019347759288,0.026226382023499292,,,,,,,,,,,,,,,
2002-12-01,0.035488664237631966,0.07884311767829195,0.045654368153126255,0.04441274057215119,0.040104806125105995,0.070807198335817,0.06102417366776629,0.07727061793213945,0.03884394656793641,0.053903076228677134,0.027635804858199102,0.05826986113614282,0.04794577550894127,0.05734035306568743,0.05012657326216145,0.06429254969561198,0.031232686487526248,0.05724816053778596,0.07727061793213945,0.03884394656793641,0.05982039274171885,0.060289130737382575,0.06490499336241455,0.055973353314297904,0.011667967164938804,0.05836452468536752,0.04951547960562412,0.03339709660067556,0.05619948065482281,0.06733614889728892,0.03941426676619273,0.0695355914814335,0.047679768047691355,0.06523232503696784,0.03779066488402125,0.030865634198321768,,,,,0.0245387990252522,0.03779066488402125,0.042762040807312766,0.07727061793213945,,,0.0245387990252522,0.020762219022474764,0.060289130737382575,0.060289130737382575,0.051059274650831356,0.07412313878027614,0.027635804858199102,0.08183588736162226,0.0650816319698858,0.09752150898468684,0.05137945415888095,0.049038667544462886,0.04754502388718427,0.04250763658295334,,0.0721199767582454,,,,,,,,,,,,,
2003-03-01,0.032189400932356484,0.05407077313974682,0.06632870733063144,0.048409889363234725,0.04123941413292749,0.03814942390978344,0.06734984686834061,0.05665358041993742,0.04668466104009103,0.05591028013948194,0.028678102073223296,0.05228726562468886,0.06043035213820845,0.06800134898971107,0.051494425812780006,0.05965015600569948,0.05732192023799743,0.058487138590212415,0.0730547670722903,0.03937004867037142,0.061546007883096096,0.0730547670722903,0.05681064507690597,0.05324170307938578,0.0730547670722903,0.05463043561214682,0.05780248664019205,0.06678934473009512,0.05434981831106925,0.09233543117768733,0.05745824211350041,0.06457853319286648,0.029089595387580644,0.05979967627102478,0.0352049148765542,0.03448051163400321,,,,,0.029089595387580644,0.02098344293105381,0.029089595387580644,0.0695765535505549,,,0.07147659733471601,0.04891359812233389,0.05724803236685382,0.06632870733063144,0.047623758569410354,0.12294996203795462,0.0416784844928212,0.045307403857499116,0.061832848093673266,0.0396159246162954,0.08384989715294008,0.028922696331862296,0.06429296578032803,0.04716447183460296,0.06140549963138971,0.036004279358098856,,,,,,,,,,,,,
2003-06-01,0.021189448478079517,0.06012242988475557,0.04344799246135036,0.04528688635729699,0.031203881982207613,0.07113533873155117,0.06081815773762911,0.06322763654699716,0.021916570717923387,0.05152036318535873,0.02289226791384555,0.038874838252512575,0.06732754541625266,0.07472042187804068,0.03704705633650109,0.06481210467301927,0.020255118203225734,0.051056669747299194,0.06085858241740185,0.06458002302747577,0.04894219789829009,0.0679720859940293,0.05925526675887519,0.048165690492143615,0.025141847927653754,0.05004062792316672,0.11802758705414391,0.04176435155932313,0.005617844598842473,0.07416916664234634,0.06175089365624018,0.06420931700792211,0.05084999684088559,0.06346883470441006,0.03293936958107249,0.09929712652454938,,,,,0.0692866075387933,0.045293862951320776,0.005895257226634375,0.07963635625354788,,,0.07527117191524299,0.011281290042428895,0.054467388357968514,0.045293862951320776,0.04927740031346347,0.18598423568679656,0.03227566744479602,0.08731964708047885,0.08019015943684976,0.12567031017142868,0.12020591806922351,0.06518479411222676,0.0638334287991708,0.040608722722366784,0.05128782176502423,0.05339405862598952,,,,,,,,,,,,,
2003-09-01,0.03160839315789229,0.04777893705823179,0.03325886980933613,0.04066383784772643,0.03317042228612864,0.02134567751432333,0.04647401682466817,0.033394051339572184,0.04230428620562428,0.050432757425396255,0.01023335070258724,0.04636098903961328,0.07472482588251635,0.05827967444020892,0.0439471497805416,0.04922277204097709,0.029402643486529365,0.011696606739016836,0.06585055981114184,0.02498784294996301,0.053376457370739025,0.03976634814560754,0.038260868850562214,0.038317370171146066,0.06535852214221147,0.051608582969472135,0.03275381029961739,0.02134567751432333,0.03388608900850256,0.014704911619215418,0.043097350362803495,0.048690724050178213,0.04001403607576186,0.05637674695714187,0.046822562766364054,0.06647292373616173,,,,,0.053666655909281255,0.02264991057940645,0.020291310126503752,0.05522545038077554,,,0.051445832315076205,0.030930539115626536,0.05522545038077554,0.05473341271184516,0.05473341271184516,0.12574817117450027,0.01023335070258724,0.029933652955605093,0.0654672356394508,0.12637388022945342,0.06444550064760496,0.022080696729728705,0.016612648969252176,0.046494478700296375,0.06776877554069577,0.046168046425539795,,,,,,,,,,,,,
2003-12-01,0.0005819721173571578,0.06910698393938977,0.02801286048968438,0.007188433581365533,0.01850589331750387,0.038955576499343454,0.04351578104239842,0.04489285240535942,-0.010817806490683257,0.04001137232264287,0.01377866504246746,0.04290160586862243,0.06620320399744434,0.05664910651512856,0.02946647570063995,0.022539322163782568,0.0135533387529286,0.055604450244936446,0.04858325253857508,0.00592399412998215,0.05195252362525378,0.04858325253857508,0.03340528285485621,0.03671822409743947,-0.008908034457437456,0.05853148472291628,-0.0055100594503055735,0.01366545946250996,0.02907904235837298,0.01196616509831638,0.035100133488055955,0.06111050194112714,0.010652487090588266,0.05047795951100749,-0.008025840857880417,0.03292294768770666,,,,,0.043349299486464744,0.04132952591709952,-0.006421834340567835,0.049810640660557175,,,0.056623000116807445,0.026301957930429685,0.03657239157555343,0.03585587615146283,0.03577508166449831,0.07873245741695838,0.0618465941295857,0.009898971404564036,0.0669310645761314,0.0930348533484492,0.005682953989895898,-0.016796035740440238,0.03492960624947929,0.0016427284077037562,0.07223293788262476,0.009990594284373622,,,,,,,,,,,,,
2004-03-01,0.029974899127969874,0.013162671330689883,0.02729147944652013,0.012463549017528682,0.02813892104397941,0.033662887706229515,0.05013228488967989,0.03340613975263007,0.03442800148152107,0.0386071763799513,0.026936492717859497,0.04697111954468293,0.03554997500421607,0.022334694679632245,0.03722121067748325,0.04129744838453411,0.034565360800713214,0.05880530089552528,0.06007088472336504,-0.0007722909256453909,0.05126366158237216,0.0399735760276281,0.03180556927768387,0.03813465541268079,0.030794964123956436,0.04926054962670152,0.03705285051823276,0.012094202237056095,0.025436093231947933,0.010207737304876221,0.026093206004167036,0.04945672075562434,0.027991588257833516,0.04594528176375685,0.024063958305687645,0.05030021693637641,,,,,0.04629840063526275,0.04612177848415549,0.027626227927106294,0.03678304142963321,,,0.04772302523637913,0.044059865509940704,0.03556081295986903,0.04127979195845639,0.02914422074839756,0.022369760353941212,0.04523982345664913,0.034466806160298104,0.03953227820907274,0.037260817288360774,0.033885583055454103,0.039131148795967755,0.04178646563073782,0.039683533883714775,0.010207737304876221,0.020185742852195966,,,,,,,,,,,,,
2004-06-01,0.014942676056401857,0.04876335839520275,0.020581656747714738,0.019026885473763726,0.017424224962168982,0.022938160804239036,0.03955208104779857,0.01498894165299425,0.00938524807378672,0.027873721178030726,0.01879715170396689,0.03395564593895059,0.030897862579805375,0.0322604544127969,0.027775932435888766,0.01015836655064737,0.029144218426158004,0.03773933544588733,0.041726214899866415,0.015825659011441482,0.04377786691031392,0.033452311439233,0.04199251538420746,0.027873721178030726,0.01576227431314397,0.03556454509129014,0.0003892127265845418,0.01818921626551826,0.04435663736672456,0.015533022960170605,0.03364470661362217,0.048773185195714754,0.018725642888892155,0.04097597662316957,0.030902763628374914,0.046135728025172885,,,,,0.030248136986429232,0.030902763628374914,0.013081183105561164,0.033452311439233,,,0.04716337364488604,0.0172452540319235,0.03271869729164608,0.03337332393359176,0.02220454665665212,0.06925069098689662,0.03125266967615601,0.05706307596753529,0.030902763628374914,0.032178064897131105,0.015263754483824039,0.0024064829719917026,0.04165502268478072,0.017533478853797888,0.039574638584556045,0.029989729077623414,0.04092666918730083,,,,,,,,,,,,
2004-09-01,-0.00858247189834526,0.0339642347942094,0.02734353354860683,0.01874857886837395,-0.003476113593787885,0.03575420742950136,0.04944156890598246,0.03274688730722401,0.012685867140854023,0.06040222136710129,0.020812186973177188,0.04483477165502676,0.05013253519762668,0.014007837296822817,0.03806731140449155,0.04458860291107923,0.029456378890292522,0.01736920849058719,0.023425457467525838,0.025801906813739457,0.050125564095429315,0.05507760434686598,0.054616302268859156,0.05937045269905013,0.03006891910306545,0.047169237722422076,-0.00946122798326673,0.035565086087446636,0.019914620249257633,0.01110139754560941,0.04432187967709685,0.055088719783355965,0.024724703754800643,0.05971467305174036,0.029831735822249444,-0.003633313110996366,,,,,0.034829670255158145,0.039747370445605626,0.034659480126465,0.050998467266056884,,,0.06861415963208205,0.02033444141383755,0.04861796433706364,0.05322065930599112,0.039747370445605626,0.14415064148304466,0.0692420414996162,0.004069558773962783,0.018014694452212696,0.09097089544512414,0.05811584351107806,0.040803881472112544,0.013207348972473746,0.015389151737185877,0.033493446635029865,0.04050150787491294,0.044883357902372654,,,,,,,,,,,,
2004-12-01,0.01850498757303053,0.044030583231693725,0.028787612417464296,0.02680172756482832,0.022442624591686722,0.014552066950869363,0.04233642206514565,0.03079666337789504,0.02809079271146802,0.01048082909786997,0.012290275546656886,0.04153272702892331,0.044187597374762674,0.021544189873931897,0.03875181349279211,0.04175513585203236,0.028073011246806553,0.060147259708259446,0.04623581889393906,0.017014948628640073,0.04658685100963888,0.02845189309630079,0.04358261967847615,0.029158296958549223,0.021703899535487414,0.04175513585203236,0.01264068636158895,0.01705057121796202,0.04623581889393906,0.01837416660958027,0.04715755871653439,0.04543099694170335,0.04853926936691888,0.04538937982572302,0.02005003623847054,0.01721966207166622,,,,,0.03393318329098747,0.025814277619735326,0.04824665578192923,0.060147259708259446,,,0.046084132046882685,0.017604013428291147,0.022113806803546052,0.04133031068341093,0.029903183073682674,0.02265103000329441,0.04623581889393906,0.02803282225583026,0.04133031068341093,0.009322659609307707,0.029333645520299927,0.04133031068341093,0.02779925100469132,0.007243176521597625,0.025034172467985043,0.014755446057153293,0.04172169749635754,,,,,,,,,,,,
2005-03-01,-0.006457393285118577,0.05173712172762188,0.025425223103463998,0.033778583652014554,0.03939020442253047,0.008213541118278215,-0.003140990249931662,0.0408437899805981,0.01849216829561284,0.02493338303831938,-0.0009243102138499867,0.02640708525847369,0.015385794394957152,0.01911615302527676,0.04524916057577248,0.044658643513306784,0.021575576265618398,0.033960839584752565,0.05700450528342423,0.02865186418925321,0.05312547131772909,0.019704892995425213,0.048755205956579395,0.03151942653557097,-0.0040361355329630874,0.057868825990098655,0.00029770378346767915,0.03145999098250938,0.063123785568428,0.04046475972525045,0.04687910752885772,0.05962725313494558,0.04272195641362598,0.054125558514082656,0.038000681652474014,0.007717146082945778,,,,,0.04449217619964244,0.045881698969698896,0.0029871922014082426,0.0025126731627026708,,,0.06494233068098311,0.02667885069706351,0.010170414289628093,0.04705807161354594,0.0018401333961085423,0.12395882303376314,0.06468799748428875,0.022679362362710932,0.00244456211933604,0.004941630041265212,0.028189141234504906,-0.017366875971823407,0.014779533889727822,0.024379108584870024,-0.02283047584326749,0.0029871922014082426,0.05643465453108614,,,,,,,,,,,,
2005-06-01,0.014040706685862183,0.05060396440787922,0.045376415771980844,0.02610627761313496,-0.013350422171255658,0.012490857400843953,0.052189733554745925,0.03481878874937908,0.009107096642297354,0.016628273272934528,0.027891551755040735,0.04920041671984847,0.05232115023962714,0.005190221192000524,0.0476227835583357,0.04968152086366007,0.022404732652693934,0.018939371108598762,0.044794696655887596,0.013798292485929519,0.052451600991487476,0.04498256621647885,0.0498705113902475,0.03531632236367109,0.005322851094592738,0.05012877907028491,0.07367472963467409,0.00021728906571810718,-0.014604066687241976,0.12475713741946923,0.05649910320391222,0.05761972636918133,0.04817764321187857,0.0568083607328059,0.03549288898002756,0.057721945788228896,,,,,0.044794696655887596,0.04498256621647885,0.050948775680399704,0.036273787298665,,,0.05859564363995445,0.007133437092953785,0.04150578997616277,0.045376415771980844,0.04495157678871925,0.04113828362761566,0.031364284923158466,0.0072961852850167725,0.044794696655887596,0.012274745701374799,0.02681171755256974,0.045376415771980844,-0.004554326655713859,-0.000957369972697866,-0.012691088679733308,0.08616310655276334,0.036766695692355855,,,,,,,,,,,,
2005-09-01,0.0239023244922362,0.05183969251314493,0.044385976536578456,0.023520012084615145,-0.00830030456774291,0.03298817880536125,0.0515433016527262,0.05705824157616227,-0.00046001307425770703,0.012230919141298927,0.036770577439845735,0.05080756329675626,0.05362275272269809,0.05532168898840117,0.03765141592836028,0.052413854564120003,0.01738443417143174,0.03190791839108402,0.04262461863940926,0.005660637439686286,0.0074263792588205235,-0.013857755861719908,0.04832188098292426,0.024204764920076352,0.011129970082595619,0.050764610179002266,0.04828099501119258,-0.003524022843226367,0.05489412510280894,0.09467757085939729,0.05256813268630291,0.056987876604290694,0.05677182220020671,0.06286329118752464,0.03469403790954175,0.04347009695205599,,,,,0.04262461863940926,0.044385976536578456,0.06852665091114166,0.03344475476087285,,,0.05844594932521468,0.025893924103721686,0.044385976536578456,0.044385976536578456,0.04262461863940926,0.08632642432060238,0.056655482999978135,0.02519648639455934,0.03780283616438767,0.007750593127633396,0.08364216695481654,0.03956419406155687,0.05705824157616227,-0.01027230508351117,-0.030809000571847787,0.05250871849865585,0.04263274561660742,,,,,,,,,,,,
2005-12-01,0.0007711796102233197,0.04415171735830019,0.01732960236503973,0.022981450834284326,0.01485236376450576,0.03442269773057354,0.01367741698055541,0.05504628779736245,0.03179482143509375,0.006189654117970508,0.036008245893275725,0.04232153631089888,0.044644481338662806,0.04638655577392906,0.04043259172285923,0.04586808066055979,0.014535479940389515,0.05504628779736245,0.03826642156426983,0.017071382969943847,0.042375037617390414,0.03826642156426983,0.04239348235321695,0.04082659991269633,0.011464912598022004,0.043433283328925196,0.031232479160940643,0.03826642156426983,0.038922873585728546,0.07218330186077146,0.04187455517091293,0.045036027929183035,0.025804365755459545,0.04521665719102373,0.025401907887227404,0.026457334447849146,,,,,0.03826642156426983,0.029917555605998396,0.04492566220491023,0.029917555605998396,,,0.04613552148468449,0.030262393371145536,0.029917555605998396,0.03826642156426983,0.006865809703925525,0.05653930750659986,0.05570273981882117,0.0007711796102233197,0.036132331100486303,0.05653930750659986,0.026043010964410647,0.03826642156426983,0.03492644856370622,0.031086941999263085,0.0007711796102233197,0.04480751345942305,0.03826642156426983,,,,,,,,,,,,
2006-03-01,0.032964402633750875,0.052603908529366,0.017781142269567965,0.025396414225213056,0.04010653641280564,0.030786613884970036,0.016661654685025357,0.06636338641243605,0.036944962440641126,0.031237513215382297,0.029182250572735144,0.04951263528762512,0.01797925343167529,0.04446156884925144,0.04419598493625779,0.03245255880980016,-0.011847907591687506,0.061101293146076846,0.020875119824933577,0.017323309449777433,0.05480164115209845,0.04010653641280564,0.036527457681688795,0.041107205117557166,0.017323309449777433,0.04764570953547803,0.07820755518680231,0.03488452259573376,0.038446771813337464,0.12808028876926678,0.05246218744226318,0.05186353662243801,0.026935151696304116,0.06413938038244156,0.03319333986249075,8.44895669327629e-05,,,,,0.021548886113245014,0.04010653641280564,0.00279868177470563,0.012852471352719552,,,0.05057174801239805,0.021548886113245014,0.04010653641280564,0.024956673909267677,0.012771216782215987,0.05678079075461731,0.0694451927447019,-0.018494343278528176,0.02029751874781987,0.02711592985280812,0.019426156028476242,0.006395454990978364,0.034654388113395336,0.024956673909267677,-0.027190758039053634,0.05326022501090115,0.04010653641280564,,0.02271236144928661,0.0003028374470498156,,,,,,,,,
2006-06-01,0.027829781515900015,0.04764922339345239,0.0010813678147156593,0.016415757845158713,0.02108381219732799,0.034347788118570234,0.016415757845158713,0.06724210854903533,0.016415757845158713,0.010053776785345286,0.009771514400976566,0.04120605630207142,0.024515320664920896,0.05528832086094402,0.048141207527108466,0.04634545418467157,0.0638802100062008,0.03622941043230053,0.034347788118570234,0.0076594383990902185,0.007036626157766723,0.0048149736498486724,0.0472268403537581,0.005673675242056421,0.014463184637445649,0.04399591963364704,0.08201636856988373,0.034347788118570234,0.041973086188146234,0.06691419787425437,0.04712798965914734,0.049581355244048525,0.003540398648268751,0.052433678824656264,0.029549120538702605,0.02099471244468296,,,,,0.034347788118570234,0.034347788118570234,0.057387257412083066,0.034347788118570234,,,0.048340150920758884,0.014069428493735636,0.034347788118570234,0.034347788118570234,0.034347788118570234,0.03335558579655988,0.06724210854903533,-0.026013642956045756,0.0001523924603903151,0.03335558579655988,0.022168047407105554,0.0036301688372368367,0.06724210854903533,0.034347788118570234,-0.026013642956045756,0.005080083543444135,0.034347788118570234,,0.04047453331944912,-0.0012177044181484347,-0.002321808419942805,,,,,,,,
2006-09-01,0.017021242653658362,0.04494190562927879,0.041262878126115315,0.02077359904784871,0.023459462050950515,0.041262878126115315,0.01580674832818499,0.06746528501065271,0.004533004924353009,0.03840284510097772,0.02517042604005721,0.04271134926179207,0.05648792015972252,0.04445168776444197,0.03682106265694869,0.037865824938969554,0.005612115660880079,0.04327756213418561,0.041262878126115315,0.01416025563353313,0.048674136029027405,0.02517042604005721,0.048400712933071716,0.03840284510097772,0.024022438281609826,0.043567579017284086,0.05687842974759166,-0.00045044690323257144,0.06746528501065271,0.07555592797047259,0.04492607282583881,0.049843139399804635,0.0037266494509072736,0.05044375901889739,0.023414537244201426,0.02010544256386333,,,,,0.041262878126115315,0.041262878126115315,0.04398342193553278,0.041262878126115315,,,0.04717092806394411,0.017338163931473947,0.041262878126115315,0.02479116286458688,0.041262878126115315,0.07555592797047259,0.06746528501065271,-0.009821187828682467,0.007249661562907443,0.02063522996071095,0.0998004950962244,0.008833573952465458,0.016225035083433155,0.008833573952465458,0.04327756213418561,0.038542415899119976,0.041262878126115315,0.10037243705623554,0.07439625324308141,-0.0014313115092419088,0.007548412124837193,,,,,,,,
2006-12-01,-0.013359148931206221,0.047590908722312315,0.04391824047357176,0.01919767164288813,0.026657918067718743,0.04391824047357176,0.0190549008900634,0.06661861132547643,0.018445982159843895,0.04333648841573261,0.023788475084033887,0.061737046447657706,0.03953836608510748,0.04756033683924851,0.04112777537339477,0.038176635954879794,0.007929787843811827,-0.014294248470108458,0.04333648841573261,0.0038274626510549784,0.016263140265324407,0.04391824047357176,0.04879101975844731,0.040452040511097506,0.015894147209455103,0.04579513044412334,0.06625857108072,0.01878623641036249,0.06661861132547643,0.09929711994712814,0.05416992471158048,0.04769486809959183,0.0011159818477687801,0.05470673560068137,0.01292135038037279,0.031852138035812355,,,,,0.04391824047357176,0.026213831466975975,0.04672186699209392,0.04391824047357176,,,0.05411409228670379,0.023800584326000893,0.04391824047357176,0.04391824047357176,0.04391824047357176,0.09929711994712814,0.06661861132547643,-0.007526865887486752,0.04391824047357176,0.03661281630108188,0.02692971035425,0.04391824047357176,0.01926562226249485,0.02990317189317685,0.04375329426423636,0.03781978663929797,0.04391824047357176,0.08986114392751489,0.10969921700550844,0.008393777862192036,0.019884957204847918,,,,,,,,
2007-03-01,-0.012833447469902625,0.04859336408672979,0.02550155675344511,0.03475642756220963,0.026356759127966617,0.04515738530020575,0.022773775200732142,0.027972226675847867,-0.006162676957574049,0.03920841180063673,0.025331599538134603,0.051460061766057996,0.03448848660147766,0.05625698168491443,0.04710669429868036,0.026356759127966617,0.020233039839088175,-0.013264387264685576,0.04515738530020575,0.02273756653196413,0.051460061766057996,0.025662252860960234,0.04732116995950646,0.04119264114861341,0.024614626336229448,0.04758426708438512,0.06592239653284203,0.033125010839443976,0.06600378369887375,0.10044343996994169,-0.007621300746675641,0.04971190115411975,0.00345286426792468,0.06084566014796694,0.025149712127499373,0.03693645702945399,,,,,0.026356759127966617,0.026356759127966617,0.049453380798113386,0.0258991333225766,,,0.055884116824874375,0.021687044287840414,0.026356759127966617,0.04515738530020575,0.026356759127966617,0.09888608527537245,0.06427845014154117,0.02027128335476335,0.018848692979717575,0.04303318216529249,0.08551569688720458,0.046882718857538336,0.06427845014154117,0.021821622521432646,0.04410593666853552,0.10556926614994613,0.04515738530020575,0.023969730018724277,0.05507817462542797,0.015064998042063932,0.020426690326300012,,,,,,,,
2007-06-01,-0.013099658481277658,0.047460863099591195,0.04378917933956581,0.017169705453094188,0.026482360448734112,0.04378917933956581,0.019259315113331184,0.025507591326115804,0.019128445283551523,0.020550819846178656,0.01823144883280239,0.015110855916948962,0.07300196442826226,0.06307059899080246,0.051184282249795404,0.0223236101782657,0.08255171985623753,0.1006894232803105,0.04378917933956581,0.01133672332404847,0.01746457093505014,0.06755695954800041,0.044346205257341925,0.04378917933956581,0.019773613857624706,0.047705007993681305,0.06477118457804636,0.01638444450653497,0.06906088449205093,0.11001696294475544,0.014247936626791849,0.04838077244044144,0.014449225477442323,0.05992224810928009,0.0223236101782657,0.06474380121443811,,,,,0.0223236101782657,0.0223236101782657,0.0602823138935563,0.04378917933956581,,,0.0560566770099562,0.0202749725371384,0.0223236101782657,0.04378917933956581,0.0223236101782657,0.11001696294475544,0.06755695954800041,0.01823144883280239,0.04378917933956581,0.07944547692520344,0.0428903888595375,0.04378917933956581,0.06587057166187937,0.02149732910474911,0.05863445331210023,0.046285011482199614,0.06755695954800041,0.09834653054071933,0.013997930691538901,0.02020399322472931,0.0223236101782657,,,,,,,,
2007-09-01,-0.007285321905578513,0.044736524992954094,0.04198708501263686,0.01642993110714101,0.027339304277323867,0.04198708501263686,0.017322031212988857,0.04198708501263686,0.01765475365591259,0.042636887478372645,0.025570994865687927,0.06757481805223367,0.06470891953934774,0.043720172215392906,0.0437787128685575,0.021284155408117855,0.013340233160070733,0.00040715586110057304,0.04198708501263686,0.013076049599248962,0.06771648456024046,0.02582258221802922,0.04290524206692422,0.04189337773827854,0.017682224723773617,0.043712339550336266,0.04985071093381708,0.04198708501263686,0.07183569542751478,0.09640543543417847,0.010590370153884806,0.045498558452268925,0.031553386372298736,0.05657215991986134,0.024275100753841372,0.055273413484697165,,,,,0.024275100753841372,0.024275100753841372,0.06473526585207744,0.04198708501263686,,,0.05385786652108251,0.024275100753841372,0.06779787623220063,0.04198708501263686,0.024275100753841372,0.09598638672917557,0.07183569542751478,0.029368909557104198,0.04198708501263686,0.043712789754527914,0.10422887255315916,0.07183569542751478,0.010757735883617007,0.04198708501263686,0.04476590584443619,0.10441138968056911,0.06779787623220063,0.09061549220397098,0.08839771468109799,0.014513575962162432,0.02186799140564223,0.05567376714330065,0.06151834706975635,,,,,,
2007-12-01,0.015959497656429296,0.04871440661336225,0.027080486946309063,0.013518769948147973,0.024750763847208614,0.0438360938640631,0.018573475003677287,0.013314538564531884,0.02392647866676459,0.043965515526957176,0.027080486946309063,0.04936000497481935,0.040774752724332876,0.05680905563503133,0.04091809388433965,0.023354918847404822,0.03957205525789338,0.05324654844163221,0.02702757113514195,0.014208080719595664,0.018983923171561546,0.027080486946309063,0.042551770206145534,0.019341787900270076,0.015154047379302968,0.04708890316844534,0.028163976715055727,0.0438360938640631,0.06950208877816126,0.09476115088999139,0.05867608426851864,0.0531237273230861,0.06011504223233986,0.05148940648672631,0.031617747321674085,0.05412326084664045,,,,,0.024750763847208614,0.024750763847208614,0.05774142728781134,0.0438360938640631,,,0.058577824154680824,0.020180679888160514,0.05324654844163221,0.0438360938640631,0.024750763847208614,0.09476115088999139,0.06950208877816126,0.029598155623965148,0.030553622806951092,0.06315277945851909,0.06761271304123909,0.04540276438631923,0.017640299237318288,0.018678276382471194,0.042155518533255505,0.10204810940367894,0.06793541825590514,0.10139153084915563,0.053058524488884755,0.018276034197208732,0.03253131183536046,0.0523808455998204,0.012412602436218546,0.10341541415019316,,,,,
2008-03-01,0.020647257871574412,0.04656114650010429,0.03936877080467515,0.020042992621916965,0.02578323335108085,0.03936877080467515,0.02305089383140799,0.041060576800340816,0.04998427138892841,0.04559679079323017,0.021841983750770406,0.04015554995639998,0.05872250790353303,0.04685327377727564,0.053438640894576596,0.02305089383140799,0.039735659731865054,0.06300898000925727,0.028060948580038506,0.020360189587810773,0.04168143632656667,0.021055407398003247,0.04039359281296299,0.04998427138892841,0.019104948905405716,0.04465736135230401,0.057822736089182064,0.040647732412705286,0.041060576800340816,0.06562609156266473,0.008062544648709829,0.04220197776855794,0.08188367037134966,0.051636729056121725,0.028863183662116015,0.03551687809426031,,,,,0.028863183662116015,0.028863183662116015,0.028529077872132106,0.026048960890604718,,,0.0536820230360854,0.023857855545074833,0.025778316494055382,0.03936877080467515,0.028863183662116015,0.0950060688792179,0.06339800840726321,0.02578323335108085,0.03936877080467515,0.05655470740164771,0.11238225781420656,0.027666042908042202,0.02104955342925598,0.01579290117353682,0.028411775710642004,0.10467528421056708,0.025806363473260607,0.06749542116864542,0.034115930625377724,0.027588046253194845,0.028060948580038506,0.04585029312518867,0.05534071843641714,0.06272544633670331,,,,,
2008-06-01,0.05641692901995983,0.0314440036161944,0.03790199014981547,0.019315653733249897,0.02460407642171702,0.018117184452701766,0.019517305807766155,0.03637053181129773,0.049550869587428846,0.05041117330211036,0.038691682080089225,0.0338195135739206,0.03478922559319968,0.04470889776297674,0.06807819228768484,0.02188836242218036,0.035442690929496194,-0.0021419348446932193,0.023441555369301766,0.023063158112011713,0.027792729591109813,0.017291587723778177,0.048582782017562,0.0429483186989167,0.020113928982855966,0.040651718741827124,0.04693619935195192,0.04403199511384051,0.047132089926884536,0.05736349048280873,0.03705673163657593,0.05144269412155687,0.055679525424672124,0.05459138395697449,0.022827097560419413,0.0668658790367998,,,,,0.022525512883527252,0.019315653733249897,0.08131862448736475,0.039158848396086465,,,0.053866922670033124,0.021871909631512303,0.0244491759631719,0.01673123683963323,0.022827097560419413,0.04924749490384884,0.06485733686675517,0.020170998387907434,0.020273044891634468,0.0279152374323009,0.010553070148195043,0.00015795469360399723,0.05641692901995983,0.00502481684021884,0.0303307784847964,0.089784737950457,0.03834704245965879,0.07479920535175662,0.01081694700988223,0.02100990401962651,0.009261654195972155,0.050029799632089714,0.08956441331049893,-0.042322529569348365,0.017910858947020325,,,,
2008-09-01,0.01273214386011878,0.04630230497141831,0.044715635774464066,0.011407979765636395,0.0198745118446673,0.033656963886556576,0.01967133540702516,0.03730792886188142,0.06471982530350319,0.06671527574693537,0.039531943516914414,0.03375569727691809,0.07369475225545806,0.04143689223367733,0.0644388243683231,0.04588363776039805,0.0016176353842098984,0.08502956208675559,0.056900014547439405,0.011665544462791461,0.03602341175766427,0.04954969629685828,0.046509547989042284,0.05227854842140611,0.032642764108931424,0.06386082261406247,0.03867911208913061,0.08431442880333478,0.030451656862835377,0.030711546837323096,0.06630927900308203,0.03638314798600153,0.05725162955073714,0.05357014913011595,0.07500710035328512,0.061713980695900957,,,,,0.036069465227213306,-0.02116861684972047,0.11147964953250795,0.04366009488257069,,,0.05115712276297237,0.0088371548221982,0.04510805606666406,0.05219165071611679,0.04116364505817769,0.03469995668085037,-0.0042749870175094835,0.01740577566604573,0.0444138624374829,0.05383652137495316,0.103319215823388,0.05466274727110982,-0.007357594303254211,0.011824920279214675,0.028907859118789105,0.1034307039118403,0.032642764108931424,0.044660618028274195,0.04012480476452754,0.03977027707965801,-0.019488724954652484,0.0642665775358668,-0.010801030817170702,0.05778402856378244,0.0035070333951031595,,,,
2008-12-01,0.045528476714005506,0.02994004983396288,0.03453081350634098,0.01665000013941931,0.018429773492072296,0.03135612377589706,0.02268163405795412,0.03122930828676686,-0.010473474104793795,0.03430354014593829,0.01851579331793528,0.006885586490773528,0.056226320387888086,0.038257733765691,0.04433949947494831,0.03232107261108611,-0.018807320828551397,0.045040763070461294,0.006107627732732116,0.029512582670050486,0.013556914302720657,0.019399853539127446,0.02565596895603242,-0.010473474104793795,0.008928117419079009,0.03111046974478301,0.03264042939142529,0.017868881625470404,0.044359530945213416,0.02148981636488863,0.019730301866617915,0.08005532235561812,0.04170001105462964,-0.0013400344752616175,0.055859849984548154,0.0378502617906021,,,,,0.018429773492072296,0.033254325317784265,0.08291372389626059,0.03177747388025844,,,0.018843631054036337,0.006107627732732116,0.03717138033082687,0.05587073513392945,0.019860596497452025,0.049335849533111834,0.03717138033082687,0.021843651837638922,0.030587141413984744,0.03323718325482942,0.07063971812626112,0.04835140642413171,-0.014387200830455195,0.010700878377277515,0.024052911142474393,0.027802213715793188,0.026079711486770935,0.019774701305838163,0.04452814447482211,0.0320655668006604,0.0793118901880031,0.0551366000985491,0.05318910069403037,0.04108847088098008,-0.010582717414514727,,,,
2009-03-01,0.054753821385427934,0.013249985241005954,0.06305426488759103,-0.011628097963467317,0.012517723210191845,-0.0028813148869482014,0.01191343167241461,0.04261888557737728,0.08407378157678362,0.08485381809470469,0.002227897662817349,0.013761637159238168,-0.020030925049971234,0.01712410063409963,0.08306807513179436,0.04386579058238495,-0.0006747568645247547,0.048199485749567963,-0.026556647995767065,0.024580398133868055,-0.022872188919536955,0.01635785799714994,0.05922181692968736,0.0796481902482476,0.01971897442984103,0.06222705839020844,0.05720196210831873,0.043181061498699984,,-0.047033145362387896,0.08912654451398272,0.0863068810896222,0.05173134509576066,0.014691677799778952,0.05223156431667493,0.056590054251574914,,,,,0.009066979381726598,0.034660320278437996,0.03895478275565385,0.047190375418700144,,,-0.008889520835461913,0.02277795323043577,0.01283793760884166,0.08724808845640697,0.03479316723698372,0.09169723520999257,,-0.010651607980609205,0.04573282865652603,0.05164730627068148,0.11176684243289083,0.0824214121750449,-0.0021534863387912004,-0.0169352576113667,0.018857935679950606,0.04766886020672578,0.0654433290271279,0.058848849406292855,0.037806048658176175,0.08757481029276905,0.08668011260187995,0.06265701115924063,0.08169821275855027,0.03192725357743944,0.09976613928135593,,,,
2009-06-01,0.0444155956766141,0.04939170230066281,0.05029908815787482,0.004615806378657924,-0.008673771033999954,0.01930690484102053,0.01925523625762686,-0.0008138962442470717,0.010091657917601988,0.032355514791192315,0.01741327025964087,0.01657952249290469,0.05889804587787417,0.01901545914250102,0.03273900627235618,-0.0005791706924552394,0.054863982645850726,0.009331115243105577,0.02884963003635709,0.002170275895745394,0.03849029145245644,0.0409558152716892,-0.00592266044291418,0.03273900627235618,0.03588473502388602,0.06760451713054676,0.0427498174467142,0.028652897999607962,-0.02096381874175908,0.0025760711538655476,0.060594057823946106,0.0674528166931792,0.0344841208242882,0.010091657917601988,0.00038710296188921293,0.06585606790691101,,,,,0.043544393033001304,-0.01629572477633694,0.010128982031608688,-0.0170620522086708,,,0.032270362456894165,0.010737902262259022,0.01662485418201116,0.04439818287982058,0.02633687690735065,0.05764004901966221,0.03583202943496299,-0.0002334330161148636,-0.005256039807446985,0.048722987344697745,0.03537682086667805,0.048520344459418545,0.028379786512899265,0.044788853997616916,0.010160689826426416,0.06253836069721107,0.04196721918472873,0.0634985254664938,0.05071619129510818,0.03712001890110865,0.023572570252991438,0.0281299099959472,0.039787307180709365,0.05049510960662558,0.0529808897504458,,,,
2009-09-01,-0.053262004805250784,0.07118193068610579,0.025758937319035138,-0.0042921634124249205,0.02577645515771565,-0.04380490318934745,-0.000986358217605448,0.004498540581792133,0.03390419357394789,0.031043015174445656,-0.00617984619502341,-0.0028828328462428845,0.08017789507999702,0.030481799573819104,0.036701934484459554,0.05930417675038514,0.03662546094038437,0.025124282162072548,-0.0068248687107163525,-0.0005483369834927786,0.007653709937505782,-0.07223528623144614,0.037853304729737074,0.02483091983390799,0.0063226960532702615,0.0748905446193833,0.006244518537942886,0.0006755108256412598,-0.034145781217919675,-0.013693427177687085,0.04408824806224491,0.04692860922598799,0.03555501313542851,0.04114056958638114,-0.0599859673675345,0.07099505850797183,,,,,0.023608264991537637,0.01638233291510845,0.008827287526075915,-0.044876314184336984,,,0.03984268298332706,-0.004262023345103585,-0.0024631588337989353,-0.0022088168110146918,0.023608264991537637,0.056514890454929474,-0.023521604327901454,-0.0066996779241922195,-0.0037902869520192,0.08984053608943439,0.08024323853220634,0.013594845300129402,0.0333073921047266,0.07038879124881872,-0.0002461625777074616,0.07256563023294817,0.057433142046512356,0.08626498300811138,-0.001157088747783101,0.040623859375396976,0.0400325438353861,0.03580119122419094,-0.03736939576744914,0.10727188352322267,0.037844424082418615,,,,
2009-12-01,0.013057387996409167,0.02266328063608441,-0.050634121658956956,0.02622646631297918,0.021856024749879386,0.007815853295850115,0.008417894121331107,-0.06429791032718449,-0.006936733730803708,0.029462384440618435,0.005040733789256147,0.0019205544384449547,0.06753881925842317,0.02410614789792318,0.04779561621679037,0.017092971928800178,0.03217784064738558,0.05787519551405048,-0.026468093528880878,-0.0007317578198897034,0.015104628681288675,-0.038588028754329366,0.036746052486110396,0.04779561621679037,-0.05807669982835749,0.04152584841807631,0.028411912233210008,0.012444056227863664,0.030095678987995655,0.04143391873718557,0.04412207810921405,0.03323221710792845,0.023547066933513522,0.018045592990292385,0.042757318551293985,0.07418494026579121,,,,,0.01586020360642548,0.009390386515155455,0.01819535803404861,-0.00920513235743602,,,0.02251103748582485,0.01070656176795605,0.01379039686464387,0.01744704698155824,0.01586020360642548,0.02486359075696306,0.017640859639677594,0.013520355528672673,-0.050634121658956956,0.04287053579268142,0.050315027166780595,-0.058050263353950166,0.011517844904620897,0.0347276535312169,0.017345772324255448,0.04198029749943895,0.047927983293791186,0.09094400967272342,0.025167837020487135,-0.028055216160587117,0.019459539765538734,0.02572488750521452,-0.01077450459936028,-0.00022053570933582708,0.015886673049122255,,,,
2010-03-01,0.0010837803747722075,0.01280969887513658,-0.11954224600862369,0.007172761445915074,0.003235453244794012,0.007446009164952615,0.0013002649207628529,-0.013322345594429198,-0.011065738848924455,-0.0008464871864474904,-0.0018123090678346474,0.001515098178085031,0.0031739986889237804,0.0066243719855436,-0.1193281268288393,-0.000626408357208173,0.037566619392000934,-0.004883238366606563,-0.035680427340145544,0.0013002649207628529,-0.007327174109068229,0.013256912792058114,0.012890137541403087,-0.11964277639138898,-0.11962069166421782,0.047815342221456114,0.0652283493978573,-0.005116575280710668,-0.007771302855430521,0.04951062107059003,0.036621539850080896,0.015603271867573296,0.01609710968633142,0.0294710043361509,0.04262646251560718,0.020228431211647153,,,,,0.012705865571803475,0.019178364744879627,-0.00779741506276139,-0.002861130311720579,,,0.0070943155865985956,-0.0002411000186033254,0.012156388266039464,-0.1194739099449216,0.012705865571803475,0.04420491709298113,0.012156388266039464,-0.018038137558483963,-0.119803721986805,0.04896430393865266,0.0036643154776833864,-0.023884403022769698,-0.0009246305773860096,0.012025479441661957,-0.013046605210090803,0.03934846906619168,-0.014044133235273997,0.0558519330727381,-0.014519524961352276,0.013256912792058114,-0.02285728595006247,0.03839282720058042,-0.1197986701475006,-0.016677510995360897,0.03690732501602123,,,,
2010-06-01,-0.002645973814699374,0.03439833096329915,-0.01579181575177136,-0.037195511150862996,-0.0031279685941880925,-0.0019015788832424932,-0.002403802383426665,0.009318680582028166,-0.10701909956504253,-0.16449904361837214,-0.004396968904935173,-0.013853335088777686,0.013331488081589753,0.010938437509591723,0.027952674452058422,0.010959007290969004,0.004766393671823897,-0.0040722009258741185,0.01406658048940654,-0.005364222046831761,-0.003269121161179749,0.0005480230551683036,0.012724798282506684,-0.10701909956504253,-0.04391955179367927,0.02807463051170088,0.004234167284011517,-0.0025652560396513978,0.02203160285881887,-0.00461475887321165,0.011944501616351874,0.015019830571352708,0.0009142297993225153,0.03363269628620319,0.004082196026133609,0.019732200627165124,,,,,0.00178429443111804,-0.02178436069697365,-0.008546378997240416,0.010959007290969004,,,0.013975540816781182,-1.594792426652672e-05,-0.03333783432177539,-0.16449904361837214,0.00178429443111804,0.022596851513052733,0.009044942669940562,-0.0027217789160880017,-0.04391955179367927,0.005305782956284294,0.008151604833852941,-0.0028014444957537485,0.010493546662683883,0.006694785151533129,-0.006323520976959999,0.06171270985226979,0.009305244514178222,0.05131454743363996,0.03103996796978641,0.0018552997773225652,0.0034705038782687986,0.027952674452058422,-0.017876637145299096,0.0068484448437917565,-0.008664104150205538,,,,
2010-09-01,0.01835363513723608,0.06485015546068201,-0.056714703656160256,0.027126636437331195,-0.006935821578662056,0.03202846878573803,-0.0076596780040800744,0.09863185519727814,0.01268746317234602,0.09922494517337643,-0.010352113365410961,-0.05958407636509308,0.037300494892310604,0.007355543179727643,0.04847251369424123,0.03745693121912941,-0.06870169908547893,0.04082118225242208,0.07188827155818146,-0.0005434978000817012,0.036766756042489225,0.02069506003442016,0.026543939838528832,0.04840954342544975,0.02840196708586257,0.050647051272351196,0.006709499777571715,-0.045662035021090494,0.02763470500528059,0.03983459979397187,0.06081806435615646,0.01116492915220423,0.03348600177720523,0.055938965530076115,-0.021765700210834734,0.029472087656141902,,,,,0.011429531670751067,-0.013440914125254836,-0.010638915782791719,0.03291674137448596,,,0.06122015969679211,0.01641047927602515,0.024095376375166434,0.10202482145255025,0.012778905737954814,0.029155347690875612,-0.059950659435324544,-0.005786833057729473,-0.004422776293786073,0.0756046466668017,0.024913544839368706,0.024692339655195867,-0.005093520432149902,0.037057859332282346,0.03861959397047061,0.07154754595241224,0.031630312507398076,0.09212085441370638,0.04789851941704139,0.02540715044539811,-0.0039701871904890915,0.0592614806526609,0.040772960991087764,-0.0653338161190026,0.10668964020707415,,,0.036183126540970646,
2010-12-01,0.016399881857161867,0.045405659246842145,-0.11434073465862905,0.020489428126063136,0.0051621585831777205,0.06453174507169597,0.006897963206236506,0.062088587421459986,0.023602659049427037,0.09405532887157005,0.003716426702658245,0.006027192377146557,0.007071805549217641,0.01651634832393636,0.058225508070051564,-0.009472186071592425,-0.006845480631156808,0.016399881857161867,-0.03003072440799857,0.006897963206236506,0.020791750545957107,0.04510270912436378,0.034515655624785854,0.025902526568562727,0.0223484618550838,0.06708410387865989,0.0583568588024597,-0.01130481510208875,-0.004246877472593384,0.04369644138669184,0.030746733442516584,0.018364717352454277,-0.01428949667578863,0.042966460697792856,0.028429319028510078,0.02763557167132434,,,,,0.014654177421514083,0.06219590231151803,0.026206460004490728,0.022967580170144313,,,0.04800576337048977,0.03997874365768559,0.014654177421514083,0.07641342512752686,0.04276686636418585,0.027341143977622266,0.015881538572212,0.0007797963074435742,0.03504850962773046,0.013589735519736773,0.01946456060401893,0.05420222923834662,0.003585844566780073,0.0713202282921054,0.012672386630063575,0.05797033429638006,0.04510270912436378,0.09214758813936405,0.054129144242547673,0.016286816234059812,0.042781580006422806,0.04970727984793223,0.01760210953946381,0.0029758371296215256,0.053474164588636686,0.04428069941415085,,0.03818842051151205,
2011-03-01,0.009401129128360898,0.03280024339217723,0.05653043063536728,-0.03436265884641301,0.019047021557940604,0.019047021557940604,0.002739324508890939,0.04735609198039238,-0.021578783686906362,0.0627805776249446,0.00026427912754236254,-0.0006686685497443057,0.009508096140593265,0.010689935868736327,0.041467552433985866,0.010677934323669624,0.015416574197479363,0.01800284446421137,0.1252221285392927,0.0012977341591089478,0.013571751121373012,0.019047021557940604,0.026207428172804956,0.07800081293932622,-0.01862362827477243,0.07053311157655205,0.044127673154435325,0.008510732874203912,0.017863553646686483,0.02193466827713463,0.020367073803355406,0.041069217195186816,0.008720032803461031,0.03921850922210262,0.014255937107701943,-0.0030219237513381737,,,,,0.010665854572143004,0.05520954838660228,0.019614841183650134,0.010677934323669624,,,0.06375778303733746,-0.019276801872192238,0.04761303796696675,0.09169524295544582,0.015900386591734286,0.01021175509596859,0.015900386591734286,-0.001111244325297467,-0.029955838313193667,0.02969868541985888,0.014105317523032863,0.023121601870467842,0.0006560335360501623,0.018672813753495675,0.020522397942259532,0.059338526252943904,-0.08036704531685102,0.06279358068413508,-0.022232750762731568,0.016997206864551508,0.015550598732324592,0.07734972664804998,0.035262929397461444,,0.0724475408990477,0.07961825813819975,,0.10617220651755217,-0.01054303868532448
2011-06-01,0.018511464025505082,0.02696998933012084,-0.07003440110770155,-0.029315221636461872,0.0023076062976499635,0.06725684864703682,0.0053713005878126534,0.07531343632814445,0.016001674350813885,0.09724021878226372,0.010660355464818782,0.0175680128838525,0.00682046255324788,-0.03381195273487713,0.08426322005689701,0.025493064992763943,0.011518798139175734,0.04603062144709795,0.0715159570497217,0.004471272110149506,0.024975257709116256,0.04034106576865605,0.02251925616095048,0.014103525600986284,0.023703486781135593,0.013114282259728398,0.036520874383866794,0.006505410113114379,0.06415278242852471,0.022403111459310097,0.027975159711240975,0.03160378635726004,0.01864278927313342,0.03562330335721592,0.03410974609479365,0.030199765978095875,,,,,0.01626837779676216,0.01348076901501212,0.03225170324598525,0.020302252130079475,,,0.030020943044765318,0.04202110697002186,-0.10648231332390137,0.055044698678168406,0.015738690695839098,0.01963401074130796,0.00044541728692942736,0.010070021462139632,0.06363363496419704,-0.014620639492224067,0.0469027285459105,0.07796958504149508,-0.02788434361507112,0.06773892477640395,0.046141076950791074,0.06031804905383144,0.02468474682419345,0.009620527890568411,0.04361559440597816,0.012425238079302863,0.032907652856468676,0.019487121860734105,0.009629503161256272,0.03913178370267326,0.07204769039445175,0.03416821159307884,0.046306049755627854,0.09911381843253954,0.04390679910558189
2011-09-01,0.01682065959830507,0.033462367108376974,0.03533197078160647,0.03281858545745719,0.00967222134460408,0.04517608551198315,0.0030123570902620745,0.03202846569242907,0.04642669110835928,0.09671455981439064,0.01939241242196879,0.01817616467636549,0.00782073733657645,0.012141794808671565,0.10681736676328886,0.02738858188014096,0.010984961724487463,0.005864556680358622,-0.007619093747860799,0.0025842306922592914,0.015060688426131076,0.031167383934871506,0.015791512818788916,0.03527503311347981,0.01682065959830507,0.0603489950344608,0.009699442485404913,0.02537913502859702,0.06461869026861966,0.019437649553834625,0.005032803985537116,0.02200532105518487,0.05200199917973305,0.04732972955729003,-0.036842511475376094,0.01904509207303794,,,,,0.015644277439976918,-0.05596572316558175,0.006742119333263477,0.01675037691872783,,,0.022567138301035964,0.03989488460457875,-0.0008621317307245967,0.06473323795984033,-0.06876027130967487,0.011573129669752697,0.03335321867949015,0.013705320968676042,0.04644547270857278,-0.012715235244193091,0.008031495074204217,0.04517608551198315,0.0028065589602576033,0.03202846569242907,0.025646318895119126,0.042887756608998295,0.031167383934871506,-0.016960704288182207,0.05656968271089442,0.015551272401715444,0.009734653669176297,0.032444778107673496,0.01731193500963645,0.004067852272159701,0.06404374521829231,0.0036573128396821973,-0.056938247805572044,0.12651475811711563,0.01021617358565843
2011-12-01,0.011580121360529019,0.0992294811987766,0.05756643316065214,-0.006490039640237033,0.008176820679880034,0.03082891784339981,0.0015255419602681153,0.07106737189928806,0.04848123195370969,0.026832258354757502,0.025082709039307666,0.04587012970321757,0.009526203944872908,0.0075390965912775915,0.052059743806132985,0.010550670664920141,-0.027712984041064873,0.014751594283969004,0.09422817334989976,0.002647906387093334,0.0413684985590487,0.030644624000683147,0.030626778866147224,0.04751540975461069,0.03082891784339981,0.0647793018061665,0.032257767697457196,-0.006257700036176537,0.07274111443225673,0.005590610388736027,0.03168844903306196,0.019071094462303317,0.014970545906664709,0.05450622722427027,0.047243910849851044,0.03327853384169584,,,,,-0.061832149767493634,0.08226714561337531,0.044065899652445534,0.010657048810669215,,,0.03420450419019507,0.013131562385291248,-0.006734930177084075,0.050546701857368606,0.03053824585493406,0.025606898982757195,-0.06728524965821804,0.020337049079034195,0.05710172450753318,-0.013836752030824859,0.008169182813879494,0.03082891784339981,-0.013046124711711354,0.05121060486569927,0.023096458250667924,0.05097039074734905,0.03005493221652936,-0.021233829805338993,0.05566895098258915,0.03082891784339981,0.0031673956092932256,0.0309096106101579,-0.010223531218158131,0.02091750995939208,0.08584301082411912,-0.0022915436285024745,-0.060451555526945255,0.059009330973062095,0.005681397715664964
2012-03-01,0.013162022335439427,0.08821539482432102,0.03986257340313796,0.052440249669289736,0.010247352757086567,0.05352508009204816,0.0022876518538988665,0.10585900254166511,0.05425866380639678,0.05342394141969376,0.01033014989661529,0.012238292862640958,0.016769433845698532,0.006668660448368373,0.07963478483059033,0.01602413873223477,0.010308664053864379,-0.0042309358010017145,0.06621470660430294,0.0022025145038674183,0.04567561475732975,0.025271616661952843,0.019038158972839926,0.05425866380639678,0.0411474432782768,0.022987208121592103,0.009925232128868273,0.08102157978354292,0.06977000853727648,0.013787756227038215,0.035013532966896896,0.026751934330670198,0.025319286443211016,0.04383682484983358,0.009719374459388598,0.01733946369400092,,,,,0.015127544558976712,0.04303858741427015,0.030780400916058596,0.014088198232756964,,,0.03066810354408001,0.008445975434763237,0.022839204052928486,0.07450980522536955,0.015127544558976712,0.02119710557298458,0.04032568398499994,0.006604382300541989,0.055281962927828596,-0.027539557805485136,0.00957979299560053,0.055281962927828596,-0.008571448928922898,0.08102157978354292,0.017963400918209842,0.040654342165872846,0.0250070091919422,-0.04943656433422494,0.07787079976493848,0.03996751657819597,0.017109031662332873,0.030479095570674145,0.008462123966401558,0.01757204319934537,0.10195559983010276,0.02657585002776842,-0.03808834314241606,0.05116608636374808,0.004042975855456944
2012-06-01,0.004046263469584718,0.15893109716596843,0.0238365169523633,0.08986802554947763,0.011885793694449687,0.06239956759969388,0.004874414028294748,0.06937953872497832,0.06121715131015821,0.02947811898063837,0.008360557995114827,0.016615085803893596,0.011885793694449687,0.003067336615243,0.07802969929086254,0.029080775800527568,0.01621415545744341,0.001619137748410582,0.019155911417555516,0.004076642833797528,0.016615085803893596,0.024034626736819067,0.010419583809437827,0.039428064096864696,0.006076659842840839,0.016943954743445608,0.011885793694449687,0.00990136007835992,0.12993137040944697,0.02989856502856164,0.03166311337949546,0.010501898298517269,0.017806267410791072,0.05372029378104589,0.003834431250807665,0.03398933109242094,,,,,0.02253134997434529,0.015776949831669187,0.030907839493085943,0.022948276624371877,,,0.026849872105592382,0.021295143622012725,0.023205236786517532,0.03653893190282943,0.02361770008679248,0.03146711389493585,0.057996763973003164,0.0016329138208024305,-0.0613963319111821,0.007451763997149872,0.0047898464545977825,-0.07057429598796315,0.016943954743445608,0.056875484688402526,0.02575707875505626,0.0363333552810651,0.026208406069105978,0.01629587300114073,0.13566188564656928,0.004874414028294748,0.02751196367332974,0.03219139148398738,0.010808192013320604,0.03733487019858831,0.01629587300114073,0.06396880212043406,0.051643916871578134,0.0690332120903622,0.002874397019251427
2012-09-01,-0.0003888937355204696,0.1899378779381456,0.06061651052155273,0.0860649976674582,0.01065191395615395,0.09314000916233862,0.0021980123932064926,0.14657323627639632,0.07987401274214014,0.044139170779532486,0.017810490299674783,0.013518407511460809,0.012078212734707976,0.0020296644874163794,0.07469982511200932,-0.001640950114923368,0.020648564618886363,-0.01843018714562337,0.022613167933225955,0.0007593339842556511,0.016817151607728828,0.07747345489894242,-0.0011858198124343256,0.07987401274214014,0.013244318086443677,0.025029674503513278,0.015144808700512836,0.019487131800283573,0.10731904149740017,0.00944612501132482,0.030821925178656652,0.006425134516749097,0.020028449357034173,0.047469868563381035,-0.05481954163845269,0.02436725990021973,,,,,-0.001399218969505327,0.01687278114891328,0.0031597255244146145,0.056470354689258075,,,0.059097120073377314,0.09562901980612759,0.03545604923402976,0.16834190641796123,0.0003385699581552491,0.02679373562212483,0.0917896843436185,0.002487154335045115,0.07262202798358713,0.016082685796664747,0.027972607223611928,0.06963307497896568,0.0016312855817818214,0.15510769298261193,0.05131970671035528,0.04543103664603541,0.03535246258575982,0.023824504749196448,0.24397201758006803,-0.007537672498463076,0.021549293780637878,0.03835973103778044,0.006607609940933079,-0.007965047106879057,-0.055009256501319485,0.10370708095410272,0.0030873448101240404,0.03873317719542506,0.009682941310595817
2012-12-01,-0.0025566907386496605,0.14668821558042555,0.014474836102930879,0.019579397902562853,0.001069407202972355,0.00871640412605706,0.001069407202972355,-0.027471628885150624,0.006717834294170733,-0.006739256006352716,0.008634965515870504,0.002074665372282279,0.001069407202972355,-0.00043306811397883407,-0.0011438511101764814,0.01166981703656408,0.007242819960330212,-0.0016273057444324253,-0.013202329294915839,0.002074665372282279,0.008634965515870504,0.008962909876000007,0.0025547856690689226,0.007181441506635816,0.008634965515870504,0.008948238346753614,-0.0013820178562673519,0.002074665372282279,0.028267457039344822,0.003093271359673209,0.07550588269203787,0.024082589609694432,-0.00011334289370625837,0.013905168044135476,0.0022355892094198786,0.01970431005810562,,,,,0.008948238346753614,0.008948238346753614,-0.010896729537969045,0.008868753119802572,,,0.011826322862993564,0.015208372016707291,0.009276182706883117,0.06868424106566558,0.008948238346753614,0.011417607972216456,0.014596260579071598,0.0008722320538959166,-0.0736455997845925,0.011417607972216456,0.007427274056622129,-0.0736455997845925,-0.01338478490715135,0.11886156385141004,0.004218041108192407,0.029648300415729613,0.014474836102930879,0.011417607972216456,0.11790010391007966,0.0008722320538959166,-0.00043306811397883407,0.02426401772923657,0.021315823135996774,0.009621648470897238,0.009621648470897238,0.07965918422307103,0.06393029955185077,0.011417607972216456,-0.00043306811397883407
2013-03-01,-0.0012561380039377737,0.1552524518724997,0.010387670863966275,0.10258414966368663,0.007460971693479696,0.02801438476036107,0.005276840372208047,-0.006921940625410218,0.018342086939404263,0.003867164774863809,0.019487469254132674,0.00784875276708523,0.009179487154011741,2.863084248670437e-05,0.0033915372301248276,-0.05013626716184088,0.01702212421287344,-0.0028394838306376358,0.004483009295844297,-0.006542935149259833,0.017342637165198082,0.028940300693067442,0.02038502676079359,0.011441923537337867,0.0011596859015556228,0.010510054476594,0.01702212421287344,0.05051163986018698,0.1145378910182981,0.0069953558327400895,0.07481638412452479,0.019620758707917924,-0.0016106325293710807,0.03435526347212603,0.010510054476594,0.03885486508104222,,,,,0.010564756656674999,0.007460971693479696,7.674271019376792e-05,0.004076695051874296,,,0.13896296532075944,0.02580894508595032,0.013283870850508611,0.06142699867019918,0.0046704231238944805,0.017297014809147502,0.020981389251891816,0.007565375668050847,-0.03224007402614163,0.024129597497751586,0.015877234065723295,-0.12002866936795989,-0.052219497432933686,0.05576222796138843,0.009350777991154998,0.033677139351332236,0.02934107834753907,0.0039858648426408854,0.13750447530642668,0.00811325999962713,0.0031617001614936686,0.016995112753600914,0.03406797779191062,0.0037681174098072325,0.017297014809147502,0.015372406676496534,0.07853075241375979,0.017297014809147502,0.0037681174098072325
2013-06-01,0.00047850467646912387,0.21716223432384477,0.04783675961827344,-0.010818440614656637,0.00940264100812883,0.011085626734055136,0.004533640594140514,0.039321352932692136,0.09070893668173129,0.06988240675542028,0.02232083881869441,0.013348067146939886,0.003991487067135312,-0.018570054239067164,0.07338788448255348,0.024906259845711678,0.02595763916801903,0.026994893633836524,-0.00435433786357936,-0.020297333284654294,0.022186201729724155,0.007668825658987862,0.0015691699178227406,0.034036314934635915,-0.0023739580371528526,0.036875553665340136,0.027213616177289873,-0.007663589184519972,0.11455892890835907,0.008037713092485535,0.10006744726109523,0.02456746198374014,-0.008896288090309486,0.03498003736433187,0.007559689786864542,0.034750528850501124,,,,,0.014648085966770351,0.013580959828720941,0.00911564171922226,-0.0007626500705466189,,,0.04047420342023017,0.03809465367826905,0.01632982553951478,0.05314744799375158,0.014535857235149866,0.03050848855115436,0.016771797243057905,-0.004878493066475276,0.06238951416766839,0.05005108651853452,-0.02054867020261005,-0.18062889765989476,0.017203768609991933,-0.03435566911310078,-0.001503950991459884,0.025743449884068768,0.03764922164567103,0.03451339870739402,0.0073172457928169935,0.009246763258522916,0.016859376642162405,0.011804270032073612,0.008024633828352916,0.017390082113334288,0.030006656823607127,0.08341106010704125,0.07635869406367202,0.01913332529434009,0.009886722179556324
2013-09-01,0.00739399521798448,0.0804805511036129,0.023099335407711634,0.05126318169228214,0.008457345418730316,0.009540914930870906,0.008457345418730316,0.03584024984327339,0.060437877762963284,0.018726185299489613,0.009000417514257461,0.00961094292435708,0.009785729529366299,0.008625850458280989,0.016353739770469878,0.012938261427561127,0.008554640107740766,0.01576168789985704,0.015302196230858591,0.0063754448575849415,0.011097814834653677,0.010735926631605493,0.013661635576790732,0.01861301036043021,0.006635219355111997,0.010282813936482256,0.008457345418730316,0.01154417686931507,0.06581262056245284,0.008457345418730316,0.11265715894732625,0.025515385735353252,0.002739275755197447,0.017583245780618578,0.027028222595423472,0.031752978657392975,,,,,0.012252738151227209,0.008717119916257373,0.009205278502659387,0.010922612690841126,,,0.03213355559655593,0.03347592314956178,0.012252738151227209,0.020400992087197443,0.012252738151227209,0.01756841381534049,0.009565002023475927,0.008035464958137372,-0.0005014953649465281,0.01576168789985704,0.02336094167320036,-0.1466568447611691,-0.015761692600251266,-0.01625911887112379,0.008294746452099705,0.04525667856714898,0.013123025116917243,0.019968405267395847,0.0058150018341766455,0.007741815983978617,-0.004750266418318456,0.06314540015629176,0.021923537612352887,0.01756841381534049,0.01756841381534049,-0.00457882089819621,0.007517744319823586,0.01576168789985704,0.008457345418730316
2013-12-01,0.015672445196022625,0.01903500675788516,0.017539490277191216,0.012987229861250576,0.016325339947504604,-0.12641798464826262,0.016325339947504604,0.028271429911243748,0.028521782038492625,0.01727239089740444,0.013700330287185805,0.01321397007903224,0.016325339947504604,0.016325339947504604,0.01447067127102623,0.016096174361939813,0.022665509757896586,0.028109922523855805,0.0004476784667060554,0.01067609346043049,0.014452119906991997,0.014597720845681983,0.1025858970812274,0.015068342352491649,0.010603588993967334,0.016325339947504604,-0.0014622288675426203,0.013051713681504356,0.06018508552685735,0.016325339947504604,0.15060169399393677,0.01982103228367594,0.0230517351395502,0.031119162655016217,0.01321397007903224,0.020190045855152324,,,,,0.018065190946032556,0.016325339947504604,0.016325339947504604,0.014597720845681983,,,0.024384726603362904,0.038399527783885445,0.018065190946032556,-0.003070409576264872,0.018065190946032556,0.028675847963880955,0.00608448799973686,0.016811700155658128,0.006507704592358348,0.022397525890274776,0.028675847963880955,-0.031006731908135726,-0.0510739873666103,-0.012564296755991076,0.000679994030838681,0.03447689440913754,0.018065190946032556,0.028675847963880955,0.00936821859384325,0.013787463328902851,0.016325339947504604,0.06032737700374401,0.026658611618251924,0.016325339947504604,0.004035866871658155,0.07008431907840991,0.03845994354295477,0.028109922523855805,0.01533827138000688
2014-03-01,0.01695758257381884,0.01976601852464995,0.01770206387894824,0.008975541035060534,0.01655784988982839,0.010581823397457994,0.016522145490599206,0.0143278559354155,0.026896840859227913,0.012356512674520051,0.021374230973969364,0.015333930622562322,0.01760579421299972,0.01643567536548194,0.014156701408716594,0.01613262438514817,0.01729218676592323,-0.026592489109266967,0.015794869870129933,0.0009596078576713476,0.015287610208699107,0.014993381128564524,0.01613262438514817,0.01646697773497952,0.010581823397457994,0.016522145490599206,0.008957502370352144,0.015287610208699107,-0.009238802542207441,0.01655784988982839,0.020786162356567786,0.024374227576465225,0.008390115442568189,0.036154501885384965,0.014405464639909115,-0.0161585353347392,,,,,0.019525495316552153,0.019525495316552153,0.01613262438514817,0.014280340767957813,,,0.030788656598340732,0.04918318081539228,0.035720913231061024,0.01749964964462197,0.019525495316552153,0.023151278749891573,0.020349921544826753,0.016937643524657764,0.010581823397457994,0.010914493984776381,0.01729218676592323,-0.10877136951922074,0.008957502370352144,0.010581823397457994,-0.005522985356834406,0.046340023963523526,0.01613262438514817,0.0033771709005247694,-0.029310870792129035,0.012308983142697046,-0.04094526455525884,0.01946706208304473,0.019525495316552153,-0.02721998176728753,0.005073656831996248,0.08124134920340559,0.06678431357763172,0.009584995028372699,0.00914428463784121
2014-06-01,0.0192066165144272,0.02415746270850581,0.035180619691100624,0.013184928228578289,0.022101930513219688,0.014422918706583073,0.022101930513219688,0.03441328690724102,0.023383735593448588,0.01723594357454889,0.019494756972972184,0.0133398399293191,0.022101930513219688,0.00011621517962623717,0.016555915244053643,0.01667723433205618,0.026425285705519556,0.026425285705519556,-0.07433661838422134,0.012068505968116996,0.018190532096390967,0.016173251880603454,0.018663838466154315,0.020371958337839485,0.01564441201562829,0.023511764224251438,0.011211937002672834,0.013075744852405218,0.013009983795363974,0.022441398872791528,0.021421098841489142,0.027771665789212856,0.01634544612371994,0.0451475966325954,0.01514551410895901,0.07035378675906098,,,,,0.022396740895715184,0.021658969411537936,0.017548900141369776,0.016155472260247362,,,0.03574679945618222,0.026718721471506158,0.031000235394810286,0.01816921041345275,0.023819421540271595,0.026425285705519556,0.014572163532553575,0.023387150986569707,0.017848529725583942,0.026425285705519556,0.03612769779084928,-0.021599802674479408,0.026425285705519556,-0.02654352321679934,0.039362412464880994,0.05356541004413097,0.021658969411537936,0.0010349865469860095,0.024670723552026305,0.02025348431913032,0.008360617880493712,0.01891108957735971,0.019570456495660377,0.006658906630822961,0.026425285705519556,0.052166712762788524,0.037636133087747534,0.0028926640801696267,0.014340752655375627
2014-09-01,0.018351052421971065,0.035985739164544346,0.038436475459756314,0.013400354661013743,0.033417997356753985,0.003315004764494976,0.016195995410963934,0.026896514820960192,0.03966379804589408,0.031922555887803766,0.02111420135181542,0.01895154323590552,0.022660576722912433,0.026980159092364214,0.025880269655917217,0.027260357249197602,0.026980159092364214,0.029161706323736256,0.02845195767382398,0.013111689804156295,0.01895154323590552,0.02111420135181542,0.020716090761054004,0.01867501499112961,0.013076369186898456,0.01699394942971891,0.01667848334762092,0.019512734823671784,0.03216736652997678,0.0243281494685722,0.016128625840000608,0.026020356866414976,0.010006003760861932,0.0439979805343196,0.03440137997128408,0.0386640452753894,,,,,0.02215194988065838,0.020408243412887352,0.020716090761054004,0.018916222618647678,,,0.02982648199082021,0.028927929994857368,0.02215194988065838,-0.005440853169562914,0.02215194988065838,0.022450855647467228,0.0038454107520029665,0.020887994286010094,0.0035838830689397944,0.022814119772376504,0.022657277669528658,-0.015018708602595203,-0.0031504902345608175,-0.005257344180191756,0.015658747569303067,0.054252379646634256,0.019185100923092488,0.021134197090953627,0.032081407474998644,0.013380568108601104,0.021387136645123293,0.03362978234132657,0.021004755617911458,0.02317961294844474,0.019318700026031352,0.03229675338653991,0.032253489930580956,0.02186295439193114,0.021104598324931653
2014-12-01,0.02059697740549606,0.03366600409251537,0.03742644869307705,0.012219765062757851,0.02324809127024528,0.0008392407558356936,0.022285848547224398,0.03292736836930227,0.0465560685815038,0.036283020700869605,0.02187142598023635,0.024312604001677545,0.023380580901915318,0.02216913701369799,0.02401576331837539,0.02178486064218494,0.026994974675605105,0.027563795305957015,-0.038031539021164816,0.011912841958355238,0.024312604001677545,0.021913426983383357,0.021871983611295522,0.027238613437092562,0.011912841958355238,0.018905631765826863,0.016169853491389538,0.022220148333974298,0.01198839430711218,0.023171527493264496,0.023745456350343398,0.03599841693817433,0.004873735258344162,0.03794835561384474,0.02710561768790248,0.032529875842386126,0.04673945598557975,0.09199873378718754,,,0.023585165996951936,0.0224802277527517,0.022185394487947548,0.021777136871918276,,,0.030283627776743993,0.027224665365461854,0.023585165996951936,0.012440054518296127,0.02218416032229562,0.025845208684626374,-0.0016607311070892907,0.018668737821228795,0.03995620259557807,0.031112940069041608,0.020287861524367685,-0.008010251524034518,-0.04817927383697967,0.003203797169099528,0.03026774320731205,0.07084282333683589,0.0224802277527517,0.030472955938932136,0.03235239879929704,0.015681325548814344,0.025845208684626374,0.015122294475809359,0.028434608470112387,0.025845208684626374,0.025845208684626374,0.007988285902379459,-0.02046900268623081,0.026994974675605105,0.013640444674246351
2015-03-01,0.013192815385062711,0.048184417385661774,0.05189908497913423,-0.01613016052461068,0.02256818076737988,0.024710830144780965,0.02984760063048502,0.022686149770511133,0.06064143686572352,0.028994559674094148,0.020015591396490052,0.019640612143393146,0.02335616156455158,0.006121282179587043,0.032680776530826634,0.021164469345327258,0.03621313448217559,-0.05825633759541299,0.02216578586977682,0.009511581560244188,0.018415408872170372,0.031151652980994145,0.02041350686747882,0.049915679569813985,0.009667568856417933,0.025312405434370168,0.01743564823293335,0.038583499456163406,-0.13617547495631524,0.03109818900881598,0.02963225730850925,0.05181422171890663,-0.007847976034786253,0.08008088568907704,0.022941273244389115,-0.024451919982336943,0.010951188163756285,0.11366705961925327,,,0.02276938273623861,0.02514317433378259,0.023594185929146475,0.030179477725352392,,,0.05737196515586651,0.01969669934631723,0.05541061698430062,-0.00599543510298786,0.02512306276970157,0.03510203112023077,-0.018390870462495046,0.018176303554602598,0.026380510119077816,0.0290596927999679,0.01739697473848397,-0.13836483739587244,0.032506731552393614,0.0028035379830355796,0.02484201383120278,0.02567184773776882,0.03627486134746945,0.02956369678957427,0.039718105448863936,0.01552428515492879,0.046057835181379694,0.007199124766059696,0.07376631222375479,-0.001990473642788203,0.045867107476033744,0.06802366524854168,0.0432639608680525,0.030172958074762016,0.02574048277033011
2015-06-01,0.011861196783087636,0.0329241328613961,0.03636692244226727,0.01177974738340514,0.025201432536061472,0.013585568709680433,0.02295494928372638,0.026499575261929777,0.032630237951992686,0.02564600658343272,0.020162353130399473,0.014877483734355844,0.028060393427446064,-0.0018741877188771052,0.022504520018111176,0.023549533882893974,0.025765894563009942,0.011107899181168448,0.023675692770205613,0.014924931101553636,0.019636300675227127,0.018609181764516716,0.021905663651905456,0.03186211305458304,0.012054476397369377,0.02276492502409094,0.008511899291342686,0.016491116957078628,0.029834576872023656,0.013067958126640673,0.014040858827773402,0.030118838912421484,-0.03073612222667795,0.0215678952999223,0.015963656781735024,0.023188614209561028,0.01691115046829966,0.06800759798208322,,,0.02489530063507292,0.0241480022066085,0.017436255387180192,0.01377322456374062,,,0.02758468192094796,0.043531273611502656,0.02553106514059957,0.01557986797156529,0.0241480022066085,0.013182933560646886,0.010211340068637392,0.023245706756438004,0.03737613544385806,-0.015607271620066532,0.017944362827861916,0.033773115683027315,0.0274005226070741,0.01270586692939742,0.025166769283069518,0.0370805245133055,0.022903829725101726,0.029522220557627703,0.03314270480531736,0.01890081145536779,-0.011045965235718684,0.062470446605370926,0.02834705242869404,-0.005929290875577939,0.0245981630204355,0.032965206154847264,0.027018772249850238,0.0029449405571357677,0.009212911070152817
2015-09-01,0.017316996431610734,0.04572718694948964,0.02599697873575989,0.013138238832399105,0.02485132778748861,0.0011987280001572154,-0.002865121256262404,0.02260182941072313,0.025667014047815784,0.03117332501588325,0.023308768657708666,0.022480250996382654,0.025635712304347604,0.02499611865739237,0.016787270451055724,0.0230047738131733,0.025164944235909717,0.032768706496447746,0.038639310331305785,0.012636219275172578,0.021551260390846174,0.023110658369960218,0.021119184846660286,0.03117332501588325,0.012636219275172578,0.024518410163523244,0.025635712304347604,0.020853512094895225,0.01214521930290917,0.020758948969140725,-0.009044443672694049,0.03868740714852525,-0.02684322154351444,0.0346020369406506,0.024265103523960305,0.030722579991374968,0.019265790941998585,0.10348212211588292,,,0.0248514141416873,0.02338801946877872,0.02454318654987049,0.017852608268613544,,,0.02752247505085162,0.046058549869389454,0.0338426070478284,0.014236841224976114,0.0237132862351924,0.02211174679806846,-0.020516185213728517,0.024343936884612873,0.0044662789399441665,-0.011618068454771086,0.02630536842825217,0.03680659584238486,0.020502930578373154,0.008589146516621897,0.02023040500159237,0.04030395702751875,0.017087271115371883,0.02211174679806846,0.02584049046845597,0.017667276426441517,0.02655587038175334,0.012360292443779985,-0.0025178047338944814,0.0223406687663888,0.033166454043285463,0.06086663365175941,0.021477886984003623,0.021969987466769255,0.01339783063988932
2015-12-01,0.016296579238640238,0.07686795400770215,-0.009339705902577301,0.012651085199549402,0.03507655334216809,0.01820826058004363,0.026598670239561868,0.031786301351458116,0.031922178616771726,0.03262428290460411,0.02694489008632556,0.020562347882683782,0.02702773150242558,0.03197062398982611,0.027538560957314023,0.028110097949659532,0.028951034940502267,0.0309734604396848,0.03155991078168969,0.013348108260148326,0.019258413734108023,0.027154700269604384,0.020519137971108724,0.03395090645323293,0.012807068088611769,0.023580596791824032,0.019683612770817736,0.02545797350279508,0.021477564107747236,0.006265293797646635,0.03069120373893173,0.019203831448830606,0.00681537020617804,0.03195828930726032,0.02446918478653074,0.03012199842498847,0.014300501606552168,0.05319675363550669,-0.016449121752157892,,0.02513783648703554,0.023723043995281475,0.018549355277916048,0.01974146130589179,,,0.07256263519987267,0.026344874383973694,0.025894751231279583,0.017662659687176088,0.02408316906577504,0.029196221661394416,0.020458549570438442,0.021854458087030328,0.0332029420698771,-0.018286227849234817,0.02160758018489878,0.04234099722749849,0.02315387202865203,0.01974044281527876,0.023541290025447748,0.03883279860441881,-0.036109841878621984,0.027753957751424845,0.0318566675068999,0.01581824196149236,0.02800148549684688,0.0035434656179040617,-0.051608633087445385,0.029809317457550177,0.027753957751424845,0.03827744572814679,0.030220690866580326,0.03307824488207221,0.026358170470776227
2016-03-01,0.017303451528012326,0.031167310312643564,-0.013138072666829391,0.01390737324335285,0.026739842391018426,0.022408351868227875,0.024972757975482346,0.03472693403405177,0.057663334018905096,0.04429640962908639,0.02618269600920446,0.019874480202249356,0.02274427457158467,0.025397288146438404,0.014286226620523779,-0.011724524445318605,0.026038726547435418,0.02914599510570276,0.040484192336104396,0.01390737324335285,0.02823199774667068,0.024309039336535804,0.01780546715224989,0.04001306729502725,0.015928433806057185,0.03877305594735764,0.022155029082170038,0.02211228046429924,0.027729681520050987,0.007921372366791036,0.01906060645979021,0.024456367555013566,-0.002461427054988563,0.05834537242452863,0.02991509165032484,0.027593484689568265,0.022219927349838246,0.10290278470217068,0.023004943745533055,0.023234915927374002,0.027825075352557117,0.026719583413344437,0.025970068524077995,0.02538278369473823,,,0.020675818100871608,-0.0058575033975313655,0.027720081485207475,0.010741993287046885,0.026399850859481856,0.02939152459829044,0.012006084386488092,0.027360810655207273,0.030961275634146853,-0.02016873499842448,0.02072314252956048,0.022293142743614224,-0.06255551028743707,-0.0032343610553431327,0.023810140321691774,0.05290570799517668,0.024181238333800162,0.02566291794839584,0.02841704387581637,0.024173127840947328,-0.005760469539459606,0.002430356839180377,0.026114475417494523,0.02566291794839584,0.029050637459106375,0.0025040086012299797,0.024711898336848066,0.02559418152972613,-0.006045044708103625
2016-06-01,0.024248235292321542,0.03857331950567397,-0.007571541878201311,0.02508971295115724,0.024548392314405917,0.021675929309220233,0.0249582633281853,0.03239536215940221,0.031062704429535775,0.0298770192705162,0.02463395374612726,0.01739670761946841,0.02692806556133136,-0.009108132052303274,0.01988437846346668,0.02588929722423336,0.0281809753076017,0.026013955093628475,0.028204046969589735,0.01630262464404922,0.02477005322448552,0.02504423047938791,0.01770630415686992,0.026836777984267934,0.01428991354181881,0.027717327619959025,0.025405641531572026,0.019789641671752022,0.07672581615533622,0.006950592879025456,0.025681576410917208,0.02174578722435008,0.011922635490103636,0.04344972728402763,0.025453044872333914,0.02472237137504867,0.018818327576342747,0.06727684267296047,0.012481514048551067,0.0009953391027002535,0.023928818893981994,0.01985109722643016,0.014424676936770114,0.02871848649512735,,,0.040573485330494215,0.027862872342221987,0.027555940831895775,0.01363434058014382,0.02714224617582439,0.03123814245660822,0.03299534061927868,0.028710204830714074,0.03747174114803978,-0.03804759911293966,-0.019974295946668354,0.046399233239591435,0.02709787188685189,0.01968518545886991,0.02536385293772962,0.11548228186794078,0.024831189209425654,0.027008831998844775,0.028040116394221985,0.02111613416944133,-0.021554358093884667,0.002670381650498543,0.022685046938842393,0.02002686224612403,0.02940151779772303,0.005149767076067114,-0.02824947916188006,0.019903437669946764,0.023903480936598394
2016-09-01,0.025691451595609132,0.026791291063626876,0.030400771508640224,0.02831627043771881,0.025685061740936637,0.02015616588063255,0.02165577247034866,0.030611638052919603,0.039850457644803036,0.03619107157323178,0.02682735078147539,0.021059631456411317,0.02378356652203943,0.026219557655798736,0.025789745123898693,-0.007664550414032836,0.026892371400725323,0.030385636994118923,0.03794564229523654,0.016643857340418018,0.02831627043771881,0.026368970348682734,0.025778316057868733,0.03753734163288236,0.02422870056895144,0.023082293658411444,0.0260516077962626,0.02342588936402488,0.08779778227701018,-0.002373891682261444,0.023093849420067075,0.01821271077734992,0.022712735262361693,0.038077997424948176,0.023039952629402997,0.022306656533697497,0.027624706497499617,0.08337326243434785,-0.0031431620589819037,0.013002795557417356,0.026406035386183038,0.022160107198807604,0.012414352669954666,0.0331705757731459,,,0.06774787267865572,0.028146601529899878,0.026697844888380468,0.020345464314238542,0.026460674354390673,0.029002152618309802,0.03581749844144058,0.026247147815809408,0.04174928636477557,-0.019144896500012446,-0.002930456000139398,0.03989787282708342,-0.008535831028342758,0.024755166965508422,0.022451159529962756,0.11422041257740223,0.026409658753604622,0.02593524110380119,0.026406035386183038,0.020547341180153892,-0.014932911172349241,0.010698174308752945,0.024733797077245757,0.025939088218644563,-0.012392412636074194,0.03327002129909669,0.09216647136044621,0.025939088218644563,0.025069865495480438
2016-12-01,0.016495177778494945,0.023235591800902785,0.03786078742506666,0.02574858786297578,0.021524693589141105,0.016464372589653404,0.017474396149659944,0.02450856074494709,0.03421744587507953,0.03583533830841147,0.02038973830836897,0.024900392986821212,0.021591813611461036,0.021770015937195575,0.014053657558794643,0.021528580973788233,0.024653844475385125,0.03425442006277074,0.047337172534429886,0.014313798174982807,0.024676906006102874,0.021631899353549016,0.020501798160681463,0.014839047626999812,0.014025181210447232,0.025826651694076334,0.016593208923276363,0.02195845891542017,0.01796861174529223,0.02158400642997209,0.021795320277560024,0.01983354043401995,0.01389008100546929,0.05779611510399274,0.02121844406580014,0.01994402151960683,0.05050405977872041,0.08568399766672967,0.0026087666081865486,0.009668760852078663,0.021601906739192375,0.01777145773471752,0.019747053890451033,0.03194367530559035,,,0.0682506652171095,0.0244487409609673,0.021384714959301134,0.013724758434760688,0.021601906739192375,0.024537304314387977,0.02598721378509249,0.01946586476547006,0.04147134165489884,-0.019221761094409012,-0.011251578575989069,0.047396836461694854,-0.024364326144399307,0.015672712129645393,0.0214616127756471,0.03065528558087876,0.021430293019939248,0.024614619855364925,0.02121844406580014,-0.0018052621988262154,0.0031333808768267252,0.01594871220195825,0.01674021568418813,0.02471400988025337,0.023545046236755282,0.060183360022014104,0.03338408988805654,0.0035532548507452794,0.020737457009390954
2017-03-01,0.011249751552256822,0.027942740460065656,0.043579993005893325,0.015581730814474878,0.018686931355956265,0.0170327733442421,0.017779530161986388,0.030059951257055142,0.02010813252264393,0.019408633038045648,0.017878770419576247,0.018692131616383334,0.018041707146920407,0.026124151225282208,0.024218771752958047,0.018816112819492522,0.029582838428910522,0.07202551795880023,0.05640930948589059,0.007920215697728463,0.009049610838285193,0.017878770419576247,0.014696851397559474,-0.008006329865007376,0.010312831114260181,0.03234487526354484,0.022853265190137785,0.015581730814474878,0.013764266667441499,0.024406513618340755,0.009150737870409997,0.01633699847134003,-0.004558587484502375,0.03399957334784606,0.015445281517154113,-0.015193215781999022,0.017333335434267714,0.024271682145287604,0.019144488396059797,-0.007905592523201865,0.020442964547131057,0.014469500575522517,0.016093835378066457,0.02066633482339892,,,0.0636141831255545,0.024614729899177797,0.011502771551631173,-0.13625895052456363,0.020442964547131057,0.024706811703077997,-0.0009483361019228786,0.010436565434855497,-0.07606114756752146,-0.13008373410732524,,0.010683643337361479,0.019641832434263595,-0.047084139835952867,0.016497484271353908,-0.028842984781879664,-0.004484018584988568,0.024548396212123062,0.01825245669345337,-0.04161418142643014,0.020923704506728043,0.009648299520510484,0.0433058125189164,-0.004762485468564799,0.02149331772314193,0.028312362175545436,0.04772920807205789,0.008207036239488572,0.012585464128032183
2017-06-01,0.011893713071203462,0.03176480112535792,0.022100662172607956,0.008830827295544085,0.012653571127702722,0.005434671504644749,0.004541539366407401,0.030597276601341122,0.0066992948756359905,0.007620093043577658,0.01372150818910365,0.014824826384435568,0.019738917231425766,0.02462458685387292,0.00977832105243582,0.01600129376543165,0.020408963100535655,0.030187635048898362,0.051396673820484226,-0.000330359944975922,0.0033822508602729044,0.013947776528007771,0.012320327149909688,0.011302211533917033,-0.0004402797909719799,0.015037996390993319,0.007768044369067083,0.006445103761232463,0.005502004565890399,0.058173630426061926,0.004173191294993337,0.0170140661150419,-0.0034561698378280364,0.01878111880630833,0.014850415485757842,0.00823132706684583,0.005326942395171098,0.013793339311375998,-0.010985558468744976,0.0602990578813083,0.018470185816565548,0.012702990729817232,0.00901777096405109,0.014942773340062132,,,0.019795686447783335,0.003519281937138615,0.014316468547333523,-0.00843831669060233,0.018911038147819415,0.01923654376157182,-0.0012598290573555765,0.012172870274038555,0.018716797238060554,-0.01872077282243206,-0.02226834066323687,0.030934624387772443,0.024483451659338185,-0.055465779239395906,0.020705351907123293,0.03571951408727514,0.01992103469181757,0.019184980726562394,0.014768844408256102,-0.05960533831346844,-0.0313080340180659,0.014674319907486461,0.016294349872828625,-0.02809719038149827,-0.020848673063182426,0.03796751190142866,0.04001099109293532,-0.01916600286680674,0.018405396768030928
2017-09-01,0.013638285125434644,0.04267131616552625,0.018526838873087745,0.013193137614916858,0.014705660812892861,0.0019832964303581942,-0.07207186650508755,0.01500847017501693,0.0050348473974008,0.02082556992943783,0.015655802908177162,0.009803605560347647,0.018922712757115646,0.013391772296671028,0.019110180294204526,0.0281720645295263,0.021676587863093216,0.0256062985341967,0.055527205185706995,0.001578996958207226,0.009683793325290142,0.012635230671785522,0.011459869086856611,0.02109708176124602,0.0020066254382058884,0.013684078438058326,0.02387532049239522,0.01518513462294725,0.004842266459117374,0.05275804447496166,0.019294318564870017,0.015980462717018636,-0.02169447314628789,0.020943556622512557,0.01532313345943693,0.003208366305459284,0.012335842728667,0.016906068356062384,-0.01639255337667797,-0.04257773947563547,0.019787510818981172,0.01645329905758336,0.010752291120351363,0.01838994501744694,,,0.015989286672087762,0.02563665411941309,0.008889258661161073,-0.12542334194796992,0.01576738349609121,0.019912415835849885,-0.002713137383785307,0.011004851582441804,0.015382256759610476,0.002735976304324373,-0.008746057606550731,0.016996652748968714,-0.005842954419932255,-0.0018590581759111223,0.01865337208799124,0.12409636110243293,0.016589205494409964,0.023727223713621844,0.011864498980892393,-0.0361397346496107,-0.02146421048467218,0.006844497079947604,0.01667879842136625,-0.0012424994127807852,0.025725096447127352,0.04910557058042584,0.02559906018694044,-0.024103797563853828,0.01937174606170417
2017-12-01,0.014307141775415201,0.022082166784507612,-0.0045757832512721575,0.014610943270516064,0.0198917765290769,0.01069426971410314,-0.0020399532115998953,0.016662882605586574,0.03170228952012491,0.019599121534556348,0.023147608231338646,0.019518186253382596,0.01826493540063719,0.02294785551831292,0.011012335559054915,0.021524661230050982,0.02294785551831292,0.023092841940457354,0.021530353710371944,0.010663837039574157,0.020350560369639042,0.023147608231338646,0.014307141775415201,0.021593759186904215,0.010203442981279474,0.02013386208716382,0.02127006192152292,0.014585928362261328,0.007170890291108525,0.007542915309110217,0.009221935920526203,0.01835037086987147,-0.0008604580825991279,0.046640813993042075,0.020710124289221768,0.014673813577347573,0.015891007556592108,0.016095288137251727,0.012288747396854652,-0.002506615235118681,-0.005026466173372966,0.020158876995418556,0.014332156683669937,0.01663942985237907,,,-0.020855008059792436,0.023096222047889817,-0.019559582704204968,-0.008800008359854878,0.020624688819987486,0.02139777932053968,0.007249272214582428,0.019031635233165874,0.009466949290920417,-0.006490881710479565,0.017553439791379154,0.027852554811309025,-0.005026466173372966,0.030776049895719457,0.01005269041669173,0.08172162341448015,-0.060066342681159186,0.02524552723141454,0.018688743489735652,-0.0325911969998567,0.0064937110114871395,0.011605751361579925,0.018561838029125612,0.02530741335179116,0.023395975105590786,0.03437476966251588,0.02057169451344339,0.013385268352416685,0.022230479185402004
2018-03-01,-0.05683579331796603,0.025351328616180595,0.0035465843868977363,0.020726206661221137,0.021727951667167542,0.011227308617214216,-0.006110477307329869,-0.03371710223508915,0.021235756681911768,0.020794366536746916,0.02308070853382363,0.017854744126444708,-0.043855924006021334,0.013970745763411415,0.03972533979367429,0.017101102996138883,0.00679091752234399,0.013970745763411415,0.007457147590347096,0.017169448413224028,0.021026695771579507,0.025520770591008535,0.016058086424515724,0.018827236063546325,0.005342180739829472,0.02056289485530713,0.01992909223661858,0.019145779719981267,-0.009657215475986615,0.018014094666212146,0.015078725990198114,0.01992909223661858,-0.0009598396668490344,0.06016060988397464,0.03422274533128801,0.038997201508839945,0.01992909223661858,0.02058505202102467,0.01699996173050518,-0.018737442072884077,0.024387372979116816,0.02056289485530713,0.02107244487599776,-0.03371710223508915,,,0.03765681299002334,0.013970745763411415,0.022621001838781227,-0.061862484523433806,0.02308070853382363,0.0036381574209868456,-0.03036920911536901,0.02738656480607608,0.022495620740807264,-0.01889827959985459,0.02628329408924343,0.02220043111320244,0.025273868864454728,0.033198881918754385,0.03883176514020595,0.09629752251810618,0.024224061173202808,0.00935119844320165,0.03568014884300091,-0.05190756781354953,0.02107244487599776,-0.0064897768941198876,0.01421620896624976,0.016608351286584097,0.024355747125415616,0.024731737765199838,0.01602976826886498,0.02582402564136477,0.005433889458099897
2018-06-01,0.0208859766791097,0.02137072247221936,0.022943383014771637,0.021220166677676233,-0.026900375921869443,0.0217685039592627,0.022146461651707187,0.022943383014771637,0.022617280955316472,0.024006130533026037,0.024518019504951295,0.0208859766791097,0.030086844243858997,0.026941381009629117,0.030438175900147354,0.01857110780499724,0.025061000731099244,-0.0010164520656691862,0.013560473561968114,0.018536552611587365,0.024608132119742377,0.023391159171015904,0.022105242402771782,0.0223498160342431,0.01004894511487074,0.014418210110255552,0.023487038476432888,0.02137072247221936,0.013217323367070417,0.013437425525477978,0.018329484639283144,0.02137072247221936,0.0011071308054525827,0.02572714180385536,-0.01827666234956499,0.019158156054272398,0.016773559330469295,0.015251219982771784,0.013202567883172804,-0.021807754147225102,0.023391159171015904,0.02405091599541188,0.014394574847831897,0.02422124852157409,,,0.03820524400957315,0.035799838962555515,0.025172047415853004,0.01622529019407216,0.023391159171015904,0.02649582332672117,0.02180017838603156,0.022699178082762828,0.023479781559644412,0.004746781928823506,0.010933418754395522,0.02523536660160998,0.025202280761928333,0.018758315090415513,0.023350985829729148,0.025061000731099244,0.022750088218695588,0.036485143578082496,0.015242335386654388,-0.040142013236991146,0.005521743090224815,0.018179794488212227,0.01415057007505667,0.02527514912138535,0.025272169347112395,0.03348787600853166,-0.05607072281279268,0.02485709070375353,0.022332053094107168
2018-09-01,0.01866987174178612,0.02232089585929472,0.022446215312943482,0.023601395408329357,0.06954538505038162,0.02248219959033223,-0.013943817840766615,0.026827937652633145,0.031254041298076865,0.020005697673738596,0.026068804415800527,0.019449786580563868,0.017988941731235383,0.02725114229995807,0.03443616078758445,0.014509624746853151,0.035349575096743115,-0.03371322998278376,0.020188152062838728,0.01961894033993157,0.022077093744384584,0.026068804415800527,0.025239821016949243,0.027005092587682,0.02248219959033223,0.02409752871400344,0.013523900699603087,0.022152633191048467,0.029312005729730528,0.018272393488447294,0.018382306076625457,0.024060738692733508,0.003945448272609908,0.055127832597650216,0.023817350581602517,0.019422769941019193,0.02473885897008119,0.03073328546132879,0.008535526545066056,-0.03803697629057857,0.0275193618888921,0.029684719928771617,0.059816677217740484,0.02811893943959995,,,0.05292908233884519,0.03726548699674539,0.013737473819451621,0.024505074567677563,0.02560964052887826,-0.03358038307004131,0.019503476031975716,0.015453499929966313,0.015664114827342358,0.001361889042474145,0.023228191065761124,-0.01428865146114985,0.017152392811748927,0.050571723884137214,0.0243259704577097,0.026814086595559727,0.022478677985273605,-0.03517949332338028,0.01674302962863181,-0.06592716583827722,0.01997439930619982,0.011031108623031466,0.018494448846931327,0.001227118176688973,0.027710369293258083,0.07303342460628023,0.0068820067378167924,0.025589127784105648,-0.04152546084824045
2018-12-01,0.023923159358049985,0.028275057769750207,-0.005810872314449971,0.027910217106543622,0.025299033018600786,0.02387277885893141,0.007122976146624687,0.025924939006456475,0.05848267296000537,0.025066111534439228,0.025665584286696134,0.023923159358049985,0.02528626592720086,0.0277484435617802,0.0390010105169064,0.027767056167545642,0.025484724304585784,0.0277484435617802,0.024047611593950968,0.01944564191153525,0.027390930946274688,0.025665584286696134,0.0243770853285157,0.032467087961847975,0.02540565284618754,0.023923159358049985,0.02718575561419451,0.02765086238678328,0.026201709746842286,0.027923972947968365,0.02718575561419451,0.02640688841731681,0.008592993198939308,0.05225807909921605,0.025665584286696134,0.026431885695115797,0.02765086238678328,0.027910217106543622,0.011819104170436003,0.011780996564730774,0.025126233381282274,0.02998837041595071,0.04209398743298078,0.025924939006456475,,,0.02376672680908047,0.028502313480858913,0.030737518468717286,0.028666103540190658,0.025665584286696134,0.026431885695115797,0.02470622497976137,0.023923159358049985,0.02074535246868522,0.003602544503752819,0.025484724304585784,0.022378040112481526,0.013135662037100412,-0.027251651973409414,0.02583917110939191,0.027601542882924365,0.023923159358049985,0.028502313480858913,0.024823929955984533,-0.02707601860096421,0.011819104170436003,0.006936328078020323,0.015360684955617286,0.02260059918744855,0.028502313480858913,0.04902772350069692,0.020073359487153653,0.027601542882924365,0.026847672963845652
2019-03-01,0.029204304020452,0.02546494288878433,-0.0030969875498639632,0.025836637680326152,-0.00483324947001047,0.0255086869383014,0.02546494288878433,0.043613949574314075,0.06522744004332445,0.04453010988134238,0.027799597298897097,0.031061013896019573,0.018542467551776035,0.03146648458790239,0.044469616351139434,0.0036047891881304875,0.010410325567400036,0.031289234779271216,0.0968848823140391,0.027501949923822867,0.031385245909783276,0.030046214114149837,0.025810414201553673,0.042784401767648285,0.02562248140508311,0.02546517682729433,0.023650924694777482,0.031385245909783276,0.03175002897573638,0.02546494288878433,0.0228699412430339,0.022918985181490745,0.017992975711882207,0.05329627679509637,-0.00483324947001047,0.02444637752967843,0.07172879981402963,0.08336738560750848,0.030108733745902977,0.0065682670110340695,0.024704674148646542,-0.01451450751789734,0.0246235727244882,0.04140296866246149,,,0.012033839867578736,0.03146648458790239,0.0074106084196314355,0.02546517682729433,0.025877366443453547,0.03146648458790239,0.04156732008466032,0.02564754024648488,0.03240061370718865,0.019505348668423284,0.020820884389649106,0.07146353856808423,0.03146648458790239,0.02512396953499337,0.02327560253834327,0.08022518656756863,0.006746630915187353,0.020820884389649106,0.025694769085752998,-0.018725247714472874,0.029596911942441833,0.010632771829994727,-0.01155102969499377,0.031269928182185554,0.03016453994371967,0.009031279355908485,-0.05410321859220289,0.03146648458790239,0.03146648458790239
2019-06-01,0.01355266155525835,0.02623619443582612,0.06083755599504378,0.0242135893077619,0.02989675198501795,0.03070360926987772,0.018560344810923772,0.03484010632779587,0.07183232373999374,0.023510706847315554,0.019004538573762476,0.012991968271974033,0.02626312262088433,0.043542592699693725,0.01812616380352148,0.02787409909672624,0.04344318699083774,0.028267125164644535,0.03795131615397203,0.010138298094885667,0.029383481789048024,0.037774920956013175,0.018967510040915906,0.017743962352127832,0.027087632281500212,0.026549009816472326,0.0053137406094365845,0.020164554744692326,-0.0013994312258431695,0.028799429141439563,0.020897688142435693,0.029982378889807863,0.004498995946637614,0.03428322844047218,0.03327367953711623,0.01550963612186385,0.024812757852416514,0.0630427594183639,0.020897688142435693,0.045963630066375986,0.028930492897470662,0.03120281038464326,0.04609710371817825,0.043472095687087674,,,0.028672381691134504,0.03453937369604738,0.030737730059588457,0.028457472765158705,0.03080008479108815,0.03728471131553193,0.03519318989606203,0.013582386193398941,0.022685359176707786,-0.04641811684889473,0.018178599572460874,0.07143216668210572,0.024671621742842667,0.04089642742091739,0.019430882295578832,0.04170648114726154,0.028593598644162433,0.03531959785086058,0.0199227759600853,-0.04537532936135643,0.0011403842866016187,0.02460249823623917,0.010805254415852353,-0.04315002699324745,0.03728471131553193,0.0846236820759635,0.020137025063651566,0.029272669434673406,0.03447552665356342
2019-09-01,0.02539952797505069,0.027668879962329244,0.03689927265467599,0.028522381886716366,0.06121814298130117,0.02736855406629317,0.021931483855358057,0.03400782506211936,0.0932573685866827,0.044870943272252994,0.0235958495599723,0.024791926928009765,0.023856598356288006,0.03464844417092814,0.03835059657426787,0.031394889219000036,0.03341103972368793,0.03512426067225168,0.028175843850501564,0.025099769767669845,0.03620408649928184,0.02530114368376476,0.02608143859623232,0.04409599945300157,0.028645529306464274,0.026030758485175127,0.03465737305243769,0.025555344161407496,0.03331933784690523,0.029627356455564104,0.03302143102654918,0.0320324126438081,0.019218415338670084,0.023898085715639502,0.0291721058303507,0.026688073995877883,0.028473728918668586,0.06915994975646085,0.03302143102654918,0.04052126486119437,0.02530114368376476,0.028538762927499826,0.018467089994021576,0.032995080422286424,,,0.027623646189827267,0.03512426067225168,0.02999870517453119,0.024892651202178408,0.02546453110987869,0.03512426067225168,0.02882849631332453,0.02017005076867618,0.03842434464190522,0.03311740616831583,0.03341103972368793,0.06727190191155144,0.00359923277927392,0.02682131920636681,0.02594034761120224,0.040254456934750486,0.02685266570891463,0.03512426067225168,0.023335913390257694,-0.0037581397498763222,0.032500746060518886,0.029444565433712756,0.02260902778051298,-0.03338085818906438,0.03512426067225168,0.050212525901396375,0.0255225216750958,0.033877927343501923,0.034307986086138484
2019-12-01,0.02812126521638777,0.030520101387206233,0.044243552749620836,0.03107435817962281,0.042993656083382265,0.025440616764732835,0.031769419588425996,0.03530893134617672,0.08763410663274032,0.050021212805051965,0.0280194665338274,0.02509319786025471,0.039949165520045904,0.03532320680475258,0.03726680774324175,0.03247110462058608,0.03547767664019804,0.035259840267543745,0.03381817090815059,0.02451550933935415,0.02754355704733329,0.02701667803543429,0.02635081939620589,0.04933357016609397,0.035275507148429516,0.04082511353679593,0.035008773878786835,0.02701667803543429,0.0332020636293892,0.032757053958387655,0.025725557421910645,0.0286787928867565,0.019490998048097532,0.024721888871436833,0.029161159835352588,0.035051116346476056,0.04227760890263464,0.07228332893358982,0.035008773878786835,0.02323016885054068,0.027283020588878187,0.031445208812584925,0.05574804294759101,0.04465222497966009,,,0.027775388004329857,0.03493491409987014,0.02458229445701612,0.025471878302059936,0.02617972775057159,0.0361551051062331,0.04025678803060973,0.026412359395827218,0.04567525501344575,0.02930158793634083,0.029208871232113593,0.060513089445327926,0.025528466283642127,0.024953331498528433,0.029310511669590256,0.035357267516516036,-0.017670550598958536,0.035979473205605364,0.028946273496077517,0.026792200282528204,0.027902497178605,0.01602700699357195,0.026503712654590155,0.04030890992319864,0.0361551051062331,0.02281418519104271,0.03518730874,0.03547767664019804,0.03699086727655884
2020-03-01,0.02545626247718311,0.033670369387205926,0.05269137027843945,0.02577592489609973,0.0383343023566395,0.021864328225446088,0.031812183183807206,0.02577592489609973,0.02600087341467649,0.036169475375324917,0.023349740408178426,0.023901342029149144,0.0449639214972613,0.029593906913820443,0.024997166835350852,0.03377165166204744,0.03226336018884037,0.031126566475889253,0.02600087341467649,0.021864328225446088,0.02549063550792995,0.02414084151277942,0.024082771953148265,0.03599065120688375,0.02577592489609973,0.029817077907828275,0.03226336018884037,0.02406903320928788,0.02577592489609973,0.028452838371629142,0.025329946075999626,0.03952279516283737,0.023901342029149144,0.02861480158942617,0.03408717336149226,0.03476868069608075,0.024965102624931866,0.07035284763164328,0.034056313920508396,0.028334184261759272,0.0247533197067653,0.03340095727203647,0.046080506677419995,0.040698825176508795,,,0.027095932288414202,0.031344810461371025,0.032722933825293114,0.028935128817017094,0.022542456134299196,0.031344810461371025,0.023511041597131084,0.027901553648787346,0.05744988051689243,0.031126566475889253,0.030190690685919994,0.062499031938714825,0.025512152076538504,0.02406903320928788,0.03226336018884037,0.03318460321253079,0.023616514735072962,0.030891020115933598,0.03065806340835617,0.022712849222951272,0.034372507506469474,0.025931693146757646,0.031005570714026123,0.03209465407222966,0.031344810461371025,0.024150018206389234,0.031005570714026123,0.034056313920508396,0.026544172333152233
2020-06-01,0.028716431298309763,0.014972629403749096,0.12205707849306277,0.07803507423934053,0.023751581597911804,0.02455241097302902,0.038372166428422054,0.06123630110099742,0.0880434632349551,0.04057669455817401,0.04451880653285565,0.013566657467985127,0.03698847903785955,0.04104469692530454,0.03149138661681769,0.03337361696246035,0.039446954546683295,0.045453796356058555,0.050255066955800565,0.03504101267627736,0.06760887184029057,0.04816328951793728,0.03153518243564543,0.03754550642685871,0.05534207194550034,0.05467827997610595,0.044328811397848,0.08066280673732693,0.05917449669136619,0.032720166580167825,0.03347850066007251,0.03676348060613331,0.01505637328879219,0.060498161132573065,0.02217355081944511,0.024453706063172872,0.09443295359338587,0.08986187847806947,0.03656590771905071,0.03762287905119781,0.026000008744652952,0.03699325569592569,0.041221555212878985,0.030040164249301143,,,0.01204474150234147,0.04301459909533219,0.027988018906261784,0.014593026790845636,0.03662799501989466,0.04435584367387834,0.07865831680627133,0.03602491614798347,0.07940373454332746,0.045453796356058555,0.028154798645623487,0.0607210967923205,0.03302180768889002,0.05215132839817405,0.03741689201687974,0.04318827599467975,0.02897263708708063,0.045453796356058555,0.036311047555628764,0.03171203336113139,0.03162329836502338,0.04268269978417669,0.018876540516451698,0.04342897124438184,0.04516793051068927,0.05092022722893708,0.027098915843789734,0.044328811397848,0.04435258074376579
2020-09-01,0.03285179922309787,0.03774297311327422,0.02661366272326457,0.044304018470612536,0.03322702763556485,0.033131253983243056,0.03514428550736853,0.05672206721102027,0.03745682113806717,0.03867250144714013,0.034705055022712754,0.03459668501926544,0.08443752580586236,0.0439729142829841,0.03368714418866807,0.05002781014018937,0.03710019921279059,0.04290155020330299,0.03843223716978719,0.037946863352953324,0.046318783253196036,0.034705055022712754,0.03512296420057575,0.0322382811790017,0.030389667700191456,0.04273159123922744,0.04290155020330299,0.04126133528925038,0.030389667700191456,0.03877627401413606,0.034058959071865964,0.045799669042706215,0.03344355692578984,0.03451098866830113,0.029427821095396135,0.04290155020330299,0.03476907227687181,0.054376052916471074,0.04290155020330299,0.035448261590121204,0.022344926233148234,0.03798113257961769,0.039214457298658946,0.028470768072676417,,,0.03850158792202786,0.04290155020330299,0.036324138789990856,0.040559947359346274,0.035370987064224514,0.04290155020330299,0.04507601587667408,0.035133680659078334,0.0539095385084216,0.04290155020330299,0.03242431192178419,0.028470768072676417,0.035992760820499244,0.04369968416789138,0.037127231327826686,0.04290155020330299,0.033131253983243056,0.04290155020330299,0.03514428550736853,0.032853634076097225,0.028346810983654543,0.04443883930437232,0.030125914338752998,0.04290155020330299,0.04290155020330299,0.050310256886921395,0.027761595133773152,0.04290155020330299,0.04280939236989682
2020-12-01,0.022726551729178982,0.03196789745512591,0.023817880651758817,0.04002572563659385,0.029930670281897446,0.027421577337090636,0.03335999542471433,0.05105301106166428,0.05170925947458997,0.05021694284106502,0.03616615871233836,0.0374511050929417,0.05078861176069486,0.04031525285520827,0.05091291936749247,0.0286916514738908,0.04160055188759631,0.03673258739092006,0.06831710590743173,0.028684993446716014,0.03066608216064484,0.0275158254127809,0.03205262485512254,0.06330910306111266,0.035208043167366296,0.03299236556891271,0.03711599457532987,0.033972715694259345,0.031139514839666753,0.031569517716811,0.028763107855152018,0.03239469620358046,0.02655909043690591,0.026733304629890143,0.031513737293370266,0.04113504000467066,0.017552299584549517,0.06320450027991134,0.0411915543122193,0.023869535199045024,0.026898269601916203,0.04000015551348688,0.05005018346799218,0.009267276273520668,,,0.036577925229036794,0.03821227885699495,0.03370272338342121,0.03439160001118862,0.029597220984959014,0.03622220639544597,0.031469517216522455,0.025321503266104547,0.06535533368171338,0.03673258739092006,0.03939340214219492,0.035149207759083236,0.028169251560822724,0.06260653661293099,0.03119729528027629,0.04243063629499689,0.027832908265069928,0.03673258739092006,0.028296911853375885,0.02474176899655365,0.01004161940933313,0.04959238291395863,0.028842604213719772,0.036686682965989884,0.03622220639544597,0.023496140434605732,0.021362116463301262,0.04833617662728699,0.04151693332149307
2021-03-01,0.031054642828669602,0.03134972049079841,0.038838165784659,0.03800196085699011,0.04755509002171021,0.03224957729369682,0.03527437325322796,0.046859242541687,0.04783027826688875,0.04756325329413387,0.03020761105550254,0.03258541972229978,0.0362951893479452,0.03967514300869962,0.04616714713755683,0.04075577203571552,0.03827578297072131,0.03827578297072131,0.03374490913590203,0.031170948928443493,0.027617228955163654,0.02708297494255045,0.0325213823945922,0.04712666467695364,0.02778557689390506,0.03348649470084313,0.03827578297072131,0.032892073723502085,0.0194656238023169,0.025822085108343613,0.03755402566346313,0.04606169158657262,0.029820984729999913,0.036915222732642396,0.032370348805987714,0.03827578297072131,0.0325213823945922,0.04662296977485658,0.03827578297072131,0.03772818352857118,0.027559060590953356,0.027798862215500954,0.04383620738436279,0.024738583409164835,,,0.034090308502747795,0.037060063405315376,0.026405828238122396,0.038174531106671884,0.029920435849191844,0.03827578297072131,0.030018643435515364,0.031046087399683106,0.0456987449281253,0.03827578297072131,0.03827578297072131,0.039980874018160285,0.036061184141641174,0.039109586781669425,0.033686244824499605,0.03827578297072131,0.031311216693943586,0.03827578297072131,0.036885695377322045,0.028807999751041702,0.02457274152550739,0.05511447331246589,0.03045704281997804,0.03827578297072131,0.03827578297072131,0.047441569576850674,0.036639118660656035,0.03827578297072131,0.03967514300869962
2021-06-01,0.014306480012174841,0.01599429013515103,0.04252707584638948,0.01685328000680008,0.028478459601059623,0.011931448073935846,0.026384992216761056,0.024619906322876674,0.018881190826268556,0.032539031793760574,0.01109704630973967,0.017079056129318496,0.03046824394340806,0.027725790791323354,0.016505887805269747,0.011581814311992733,0.02767247408489554,0.02870709673856398,0.006867611025175096,0.014392631288717355,0.017931306415546716,0.009199997578937875,0.018820564524801957,0.03158073799561935,0.01929704053774566,0.019498924626331612,0.02614206740367036,0.013467627539023844,0.009197186485595489,0.015851865956536322,0.024611424592229342,0.028756432074091134,0.016238459785274672,0.01202785278559048,0.023856790073458548,0.025772178727538182,0.01705407567937346,0.02007289891247133,0.02635415154337609,0.02310825063853109,0.01691072487482102,0.02224330911478337,0.01626159199695057,0.014204887250417153,,,0.020898653833603533,0.024891548729549712,0.027789224249966646,0.0060707553642749155,0.015300223663933495,0.02923100911091597,0.005060971561268003,0.01611359240323005,0.006605911141577274,0.02981329399653347,0.024456784899115857,0.04630877514142116,0.0143722171529176,0.019782090298939653,0.02173722534087289,0.029352304406939804,0.014542505855445286,0.026181660341081815,0.025275446769861362,0.0020195365405124054,0.016317849484017,0.01480134114227497,0.02930600360148685,0.02870709673856398,0.02772560003891225,0.04194753195400664,0.040461907448134056,0.03831454264717979,0.031912910884174375
2021-09-01,0.0015620228137436466,0.030693211835842688,0.021187435230366956,0.016565339355880466,0.024027729052792997,0.024148500293905088,0.030171358589283895,0.043074532246577917,0.020627542278615685,0.030727224446571413,0.025668039479727303,0.02599498788852475,0.03236450919843317,0.028053894081742078,0.020673088850641643,0.03442563708908693,0.032970604883734364,0.03304384687910486,0.025947638496117417,0.02456642300504072,0.02573527432705073,0.02420699940457743,0.0018926753126322264,0.02578513587144024,0.02553101105252092,0.029891889138000192,0.032970604883734364,0.02448457929328988,0.02054779072927044,0.025327219936061737,0.03019661217706939,0.02546221424189168,0.024418618274560214,0.02462445333823871,0.03355084226332733,0.03304384687910486,0.01584657833956284,0.0249585737458776,0.03195427800715375,0.03420427438703435,0.025267285705116497,0.018392365216500273,0.02891002208824497,0.025267285705116497,0.05514533855699916,,0.030402181927926437,0.03304384687910486,0.027151775148613156,0.028543045655473918,0.026902383204568524,0.03289523717491313,0.025036317338536822,0.0260474287906405,0.031067771624603637,0.03311781899817101,0.03355450581932719,0.025267285705116497,0.025975065015082986,0.024022733695305522,0.028058426792894723,0.033793968872678055,0.022358760134381078,0.03311781899817101,0.028058426792894723,0.02519869255177893,0.030151562970224526,0.031155492766723022,0.025327219936061737,0.032969209293979285,0.03304384687910486,0.036247909064581786,0.044448884645326724,0.03304384687910486,0.025424222102518747
2021-12-01,-0.0038370591235609795,0.025319982537318157,0.04882684447925553,0.020931921255527945,0.021326520683918784,-0.002409660111677911,0.06735215828007038,0.052137433723075104,0.02215351720848523,0.04063084883673637,-0.002409660111677911,0.012586597594019994,0.03045098594365822,0.030847461529673353,0.022604484718900357,0.0033942311735118283,0.03472630858908411,0.03302209056724727,0.01943438785498171,0.012734824588135789,0.02313655074047514,-0.08120383554539869,0.005353869523196454,0.02815929702761668,0.019783372481067315,0.034882459922247845,0.030619175993756572,0.020270947693396924,0.018288767490783057,0.006432915648556504,0.03153726461957374,0.02059507084380768,0.01950664900219806,0.005006585944962044,0.023966719163007508,0.03374623508990896,-0.00140173652171901,0.023958089218223285,0.032398763242251494,0.08480199500676319,0.023370920282554882,0.026712801096648062,0.04083803614284371,0.028792586022633675,0.045318452816480836,-0.00256786662508203,0.020867150261214582,0.032398763242251494,0.015469091885190777,0.0055211956281904844,0.018439472123614402,0.032421838149337925,0.023445129042108565,0.021328301615658372,0.022596258789534755,0.034163042216455684,0.03472630858908411,0.014062921268447836,0.017228913974040614,0.01930844337482644,0.02029877359040386,0.03372316018282253,-0.08120383554539869,0.03384573694096443,0.02930652786688491,0.008880215690198645,0.025573890758830507,0.038257636017089536,0.023966719163007508,0.036089936439408804,0.032398763242251494,0.01750129717245575,0.02581513259940093,0.03372316018282253,0.0167401930745119
2022-03-01,-0.0487505706458604,0.02027271643304617,0.04513479999337665,0.01647929106620257,0.015664993034196616,-0.05702556456327908,0.032203882841927385,0.034919694314883655,0.023891244997127473,0.02655072854795442,-0.05910423212827051,0.004508695182632322,0.015243957846137971,0.030261382210158096,0.02259541325402057,0.030234062333596805,0.029755131137040498,0.034491459098619094,0.021965883041452947,0.016179686128377686,0.025201132954229044,-0.05702556456327908,0.02199997002235778,0.03319020326204777,0.01039479636218372,0.024789334153345614,0.03378095446669113,0.017163134867384872,0.013991661622958501,0.021171987840761443,0.032744392691989074,0.023312816749715724,0.0024736514813833202,0.022814232665232213,0.021268122670644343,0.03333104682547115,-0.014145162170555932,0.02989033773325829,0.03680234091239712,0.12159767505439424,0.00816250246835434,0.032438281559798714,0.024977593178671594,0.04172712614709799,0.03544920348278745,0.0040076760542263916,0.01375944696282038,0.03586410169434951,0.03655191581074678,-0.0002621322351577016,0.04227731490212901,0.03524451631790595,0.01251286760679188,0.025995902823354053,0.019953638763179522,0.024567340490020573,0.03849939821355148,0.007796444968642389,-0.050539449782972944,0.02003321079978505,0.025573698400203192,0.0361055887568739,-0.059635918247805175,0.03605524307531459,0.027178157926077556,-0.04958561294466562,0.03204032280529135,0.018046214198000562,0.025381817251727567,0.05385886165901674,0.03524451631790595,0.017800802520861653,0.018521872670339196,0.03721294141574302,-0.04953487036058579
2022-06-01,0.02833863689282936,0.03378753381171032,0.03226813297609471,0.027258686600746197,0.025152156888091005,0.02139630824301621,0.019570218424707506,0.06901544452005237,0.02582421731245427,0.033728431656266995,0.02642816817658641,0.02497275238011174,0.02868929215803072,0.02834749253155902,0.02909345239953252,0.02791267163132823,0.028966776559572235,0.03347528492042529,0.027413183135921438,0.02124858947893819,0.02582421731245427,0.02642816817658641,0.009105368244422367,0.02576018706466701,0.026491612449480128,0.03496562859699351,0.031156278572659544,0.025792763752331714,0.03606287579229568,0.025152156888091005,0.03244833609208485,0.028473194721272875,0.028260497611836674,0.02126390602480119,0.022151826145576068,0.03302097304514668,0.030449890359255032,0.03438859928255915,0.031134252786756068,0.036234620561504054,0.024528153247106804,0.021745275294933163,0.02729739474989857,0.0325249235390494,0.060749174601880666,0.014224384356787556,0.0256543206864052,0.03463826970372964,0.03232705818722266,0.025671601077260155,0.028352304442959685,0.033069171961782544,0.04018904840419815,0.025125983757358597,0.03389703466298794,0.03347528492042529,0.03433505635047544,0.019277831546992984,0.023058166463106124,0.025532250670159715,0.027556535632191924,0.0346100913624662,0.02161071746648965,0.033069171961782544,0.027556535632191924,0.033814687308976646,0.03193518827058744,0.026315661350931822,0.025152156888091005,0.03740117106657206,0.033069171961782544,0.011889874475853832,0.012386730087834854,0.03463826970372964,0.034791344854079205
2022-09-01,0.018799612140157344,0.037885166088775526,0.05893241421558728,0.03357603293271643,0.03034340582740666,0.038054331042256674,0.03180977961635992,0.09310649601492306,-0.017323163267917933,0.019918616564229094,0.025920176242027547,0.029137075184531725,0.03567525180234984,0.03007024411616801,0.03462825006890491,0.0245520755251331,0.03496289688751307,0.03798823684381007,0.032082508719357083,0.008559161019870481,0.0208332494650603,0.01948754478158273,0.009931756283784933,0.019787039582047652,-0.008920626010075951,0.032142137968351726,0.03524930530622797,0.048831592595835215,0.021026520315455897,0.025358464807607322,0.033940787050281675,0.051785949147332144,0.02391423416379457,0.03006531691988929,0.020659467735702233,0.03991946823027196,0.04569867597910194,0.026013901091050805,0.00908541433608277,0.03970069444105847,0.01045138756606953,0.013642265960361463,0.05828813227110527,0.07103387376312849,0.11580853931485212,0.016217356779898086,0.032473068014225295,0.0377028798845517,0.0010333856750268978,0.028376207407999288,0.01045138756606953,0.04062524272597369,0.015573408268953386,0.04144021395231427,0.022941445126980972,0.03780431568074848,0.012967219929915098,0.016249976558416892,0.0368170406623703,0.02462417065225042,0.027312327899549623,0.0498580616239438,0.01950437818513817,0.039618631790140434,0.03382729801995021,0.026334847751809515,0.033874194413147395,0.06650319043736697,0.03658732729002072,0.05161756690284692,0.03809933788495565,0.0076640776068249514,0.003899633287137395,0.020681168550380102,0.05597548793188158
2022-12-01,0.032807774548603404,0.024428826210501693,0.04484414767461467,0.03823519843389989,0.02641634181501658,0.05010865162171116,0.04153564233205783,0.11637161650674886,0.034967378482875615,0.03179919190918426,0.025462832227670575,0.017426768243453804,0.04652914145426675,0.03613955647411387,0.036874572192573035,0.026507747779504324,0.038930324435599184,0.03654675653448763,0.06645825264636727,0.021699776417765382,0.04480603406277721,0.026703820875027588,0.0367825263104972,0.05797680999231753,0.040617733714244465,0.030227287804845834,0.03834208709738624,0.03470001223128351,0.01761477921975128,0.032948084001037534,0.03733084720446236,0.03716894497978932,0.018871447677024172,0.015150407353210906,0.024256974674976353,0.033180530178403694,0.04937394826681847,0.08282940768954765,0.03956783121596975,0.06280575821158885,0.02874617122488472,0.029542560517231746,0.12359936547039597,0.04236622405016146,0.05163304118640234,0.047533710778629036,0.030342206401532665,0.03920173453495111,0.04048296830567312,0.019490741912535196,0.01975292890608676,0.03898585527474002,0.0385370381093084,0.03448628899186278,0.03499429606600447,0.041344098305605995,0.03968828024435804,0.047439761760035296,0.033779829808707536,0.02284677305557358,0.03187824547999017,0.04012861458697011,0.020493909775177187,0.04101958504834842,0.04689846000794715,0.04484784988082187,0.02629917072321692,0.04106502822701614,0.05119414026153944,0.04153564233205783,0.03977880101916809,0.029215504533571003,0.03344790061408338,0.04080269665025187,0.006137683113151145
2023-03-01,-0.022815786920625265,0.021745467706441007,-0.039475690616787705,0.03357371851829202,0.02638833387957181,0.027068589683167665,0.047443846432737385,0.08293851200639189,0.023642685758925627,0.05440882354230461,0.023209423265587316,0.020445140629648816,0.03565008602044688,0.03137409700470893,0.03804087605526538,0.017251471530869204,0.025899636684064486,0.023929305237001746,0.03176169283988996,0.028404268405757875,0.03357371851829202,-0.0418958041256544,0.024151725226286804,-0.0021916391034189926,0.03416101808516358,0.034698629875057556,0.02272429114042035,0.0356144756842347,0.009319515823549345,0.03380457638813491,0.039825370904170286,0.022729810509734473,0.00831898795044455,0.02760557834974506,0.0406721752776485,0.03964150185414971,0.026522614081056602,0.04777458323955075,0.04149363337689708,0.07018028590323325,-0.02918163043106644,0.01748437089524242,0.08383170355344358,0.04902261219347773,0.03574111918663721,-0.009000080650435088,0.03166092190113998,0.02214733139921267,0.03146820239997752,0.01476460875895881,-0.035379354205361785,0.036600514703432514,-0.03597378429938535,0.03661529559327251,0.03086919692636702,0.02598154927042784,0.03474949737560712,0.00565308332689211,0.013210255813626755,0.02611389470989182,0.0375240173691149,0.03926911801547075,0.020371266848629065,0.03724962130216644,0.03805277859592245,-0.04125322504166964,0.027537679006122175,0.0397992216370192,0.02751324525803828,0.047443846432737385,0.03704333944670262,0.03362929911496685,0.027363443213145582,0.03706679643444248,-0.03547304882128038
2023-06-01,0.019398471662593217,0.03334070254604224,0.018085650994679476,0.04195367261565337,0.02344589079233111,0.01446403784593869,0.03843985440601523,0.08866345895282914,0.031430932894750276,0.033399004896993545,0.03996566424399806,0.037430407145027836,0.026875898492164325,0.03401393761030203,0.045014777512055126,0.03205518335508618,0.03608481866927723,0.016648434812319646,0.0487425285959825,0.0278370330239098,0.0529624211927411,0.02939893602604575,0.012811957790233384,0.04368085373733741,0.0279790486830519,0.030515873808776853,0.03393674808185513,0.051717451252280895,0.022597713247062747,0.02788040474217429,0.03263210815513651,0.02426116504059139,0.018974337404074514,0.02881451638182695,0.023712318534104833,0.037695474871147924,0.04173147838394177,0.07264034039584837,0.0377054594543584,0.030721141978187337,0.03722777306175605,0.02324636142810549,0.07743206825081136,0.05039818852457799,0.02369326730411899,-0.013422755381849043,0.029479686524432322,0.018680542535628415,-0.0178720054752118,0.03171850632370263,0.030045415314379473,0.027849008887389632,0.022490700518405987,0.027682478930002297,0.027879884004962496,0.031014961933486095,0.021902745489493836,0.028281866890642042,0.027164277004019605,0.008523803387596724,0.03319199552752406,0.0397609952220735,0.02678453974888497,0.03193817906493077,0.0335516592448542,0.024043487088283685,0.027934059560036993,0.02522073125946636,0.025451043632408413,0.04204140925670237,0.029104973320216932,0.01838582310799603,0.0260228181540621,0.03356808934913096,0.041941668925091914
2023-09-01,0.01246119680273576,0.028354560316370233,0.020424155188051994,0.04253940110073612,0.023144101787561905,0.009162117234921165,0.025296809565201767,0.0514978695450606,0.003382269223768156,0.015277696933178665,0.03609256709768937,0.04206021788089651,0.022471941270677653,0.019836562333318264,0.043301329325004,0.013282365430533244,0.02555435013150589,0.018207971622211133,0.044097282952177935,0.03067018019739614,0.03933069874105736,0.01378550120563929,0.019070104506196006,0.049036139220453426,0.038770015610767476,0.018570245987717005,0.02604526190842305,0.050757644343056046,0.028645030861600904,0.024160338804435084,0.02425570735349855,0.018344997122501445,0.013397176893787603,0.029922157243750132,0.028270742233220195,0.031309599414608986,0.012191662252011298,0.0514978695450606,0.031309599414608986,0.0247138318903885,0.022745079986657334,0.006947014522361975,0.03338496945326583,0.0364195444960077,0.014554153630246324,0.002659319450018074,0.020588425947763694,0.02107253396170157,0.026996753562703316,0.025539918903463354,0.011407809188642386,0.015135561756091662,-0.0010497485667370077,0.022624215377940664,0.026704958387558514,0.021807657657795684,0.030027639121618616,0.016054906629962458,0.01762143309882429,0.018011548181779885,0.024694779588896647,0.03162515734108389,0.023830329352568944,0.02147895901459736,0.024920945132699854,0.01822191857818982,0.020387255337073872,0.02296258888301757,0.017805120582794577,0.03363234386969142,0.026161207050930415,0.023376381127294642,0.028630203122581577,0.02491340194664807,0.015155847559320508
2023-12-01,0.02311075543618463,0.02525695088995498,0.018850947630341376,0.0189932144946627,0.01975881999247315,0.0256286832869716,0.016333774445808337,0.033613046456748494,0.020065267685127317,0.022719562464554435,0.02869196782823339,0.029048296421166898,0.025793513089354646,0.0184286803267929,0.023940814286543606,0.022096529769937843,0.022437177498906224,0.02193272148639354,0.024785519138436057,0.024489767279865186,0.016361689069833586,0.022962491331315973,0.01322568024860493,0.029048296421166898,0.01638142339947006,-0.0006909361558686088,0.02425073396817621,0.03482501134996352,0.014613184964329244,0.020938573855614755,0.01953875366120481,0.02324462873061207,0.014415773267576447,0.02581786672031397,0.026765380872227032,0.02493648831915286,0.022509024806606527,0.03482501134996352,0.024397265430096415,0.022868863739538055,0.021020011215309692,0.013045643868583034,0.018136906267159227,0.024553428366334926,0.025618385763302925,0.012386255917376155,0.024279054177659447,0.015854765869214492,0.025034769246694934,0.024763910645840048,0.021877930089124965,0.02500565861022278,0.01172680960507604,0.022044461712644264,0.024397265430096415,0.02500565861022278,0.00498081022922529,0.028038830246452505,0.02193272148639354,0.021016821550859193,0.022044461712644264,0.02586827592401126,0.021899085856224042,0.015120429753547389,0.016518328723029083,0.01501105506757075,0.025730579361344538,0.014034075876217578,0.023208099245376534,0.02393217431623528,0.023929931123428623,0.024210598241520935,0.012828307258008384,0.024881244963724184,0.014087378074250543
2024-03-01,0.01422827189325682,0.024902506928836332,0.008891758354014123,-0.0065289410872965544,0.024215793738721354,-0.004380112424220447,0.027994814705618445,0.03371037083681014,0.0030664298609071002,0.018895584455307632,-0.010410428085755841,0.02107619703666891,0.026169769594119454,0.006447810536898718,0.01707753426024099,0.021127507504423083,0.019372055935760173,0.021194801791179486,0.029447701457326055,0.0033994024192476237,0.0029259633334218775,-0.0017627444960695458,0.015638045844071132,0.047479502012761396,0.002935900275208457,-0.021759767891907547,0.020729723898080674,0.025350258993439366,0.014762043703509151,0.019367534970323518,0.02182554328785671,0.015567759872731842,0.024863285006559308,0.029997775813591157,0.028433440545100285,0.026588747271967545,0.01869691214493378,0.04123585670516752,0.0245071549291219,0.024612717044860646,0.030284543836751263,0.025862633725134324,0.03542879942309309,-0.00020097917383069756,0.02262614481881178,0.003769799488334507,0.026912425582876234,0.020237303409118793,0.028410782025487108,0.027404294554302443,0.03198329938424805,0.020847442177191908,-0.002006171594958348,0.021194801791179486,0.022859625732569555,0.020673949050817184,0.021767738812587565,0.03070223237159484,0.002586123526999529,0.01844718648771801,0.021194801791179486,0.026655497988180534,-0.0014298242221614426,0.02398752898630603,0.020807006619468504,0.0067647095767787895,0.0036833975248358464,0.03502336690236023,0.02502598118550488,0.027994814705618445,0.02049497887697223,0.011261775645036842,0.02850937333578795,0.020729723898080674,-0.0002575719661181329
2024-06-01,0.014955201976054884,0.020120540384403956,0.013432545109984031,0.01665854002445431,0.01606851586629143,0.008280166317305817,0.02714076509391718,0.03897735972145403,0.009710175659166329,0.010396722604540125,0.013376962420761793,0.016864781517103064,0.021538165035416706,0.008614854555794938,0.018855483262491934,0.022657183098332957,0.014408804943639714,0.012815478679597831,0.018855483262491934,0.017028663853705314,0.015164878489597194,0.016038699314524382,0.019638033862374428,0.018855483262491934,0.016450198565547542,0.012043555639088929,0.021279316396489792,0.01815029399648633,0.016662124307721123,0.0176984911221152,0.019301533727313615,0.01889663930181897,0.01862844855669192,0.018841664053851147,0.02291396845632352,0.024093977325307183,0.010149162322034845,0.01723044859029478,0.023550547675547127,0.019824837447308095,-0.004731426973409408,0.015472862328395447,0.027061362515729475,0.013514808542583285,-0.003693485815148282,0.021294509958164263,0.01585946261348048,0.012648108354008699,0.021658730186076405,0.019486678056853668,0.0021680022430417196,-0.0011879808720041169,0.014025215208875065,0.015721538101930787,0.017499307681885228,0.012648108354008699,0.018899645420756356,0.016246254657574975,0.012812320780143428,0.02009573867090453,0.013241694884246832,0.02328858494709995,0.013471957168980463,0.013850115887901937,0.019349026535901738,-0.010681791994396625,0.02145341657596872,0.017144381332425802,0.017757223332908457,0.02714076509391718,0.012706635667844236,0.017580965679449338,0.01680095572510773,0.016258737358434458,0.01125601829936281
2024-09-01,0.009956760282157917,0.019347043284710905,0.007767468174681828,0.015488611384710544,0.01891786546001957,0.016045302356725556,0.014948543554982477,0.02757811574938165,0.0028052422296633377,0.019365824135389058,0.023978732935502605,0.015738130699909772,0.022862927390770695,-0.00014271113579743825,0.01707944627069242,0.005270738262766235,0.014649230083800164,0.013010538157465107,0.011337298053377349,0.020947477697220863,0.00898480249774898,-0.022747625659216942,-0.01758373072245943,0.015846392668602768,0.02077855513985226,0.024031835949536836,0.014555882039904633,0.028387714604991544,-0.0011222243287428522,0.011122090088690214,0.02137214215869989,0.00801026510486667,0.016096951664574578,0.02027015436681541,-0.005460921740548739,0.021921891632032512,0.007642259027897266,0.00898480249774898,0.02326786860183983,0.019875378637355466,-0.0012430044750301572,-0.010270926986967433,0.032148389839591236,0.01204715051597446,-0.025999497013875494,0.014010035759465762,0.006819136655966791,0.009270407349558333,0.02376102176631979,0.02285172077062138,0.009506093817450066,0.011572047124102553,-0.02532084564157219,0.012530248454565721,0.018056325912768616,0.015337438054806673,0.0177553573947188,0.018720036264981452,0.012422100417886031,0.002601728172421014,0.013942337273282318,0.019134410125861437,-0.00014157329794880542,0.01569057483523937,0.016884760246626856,-0.012126961760621438,0.01930226796980514,0.013763488854696197,0.012610354705924028,0.023551840742871852,0.005446720676533114,-0.001371878568530363,0.0099029778290185,0.02451202913818518,0.014902611870122024
2024-12-01,-0.0020216813305834512,0.010994135054328691,0.007514138933787358,0.011964030786440743,0.01393349297761556,-0.005565059666619456,0.010791934252316494,0.01635595525623731,0.009005859090221046,0.013301397344367045,0.001645443130040385,0.02082151960596538,0.00907626094479298,0.012724974341888465,0.02082151960596538,0.011611576000129735,0.010712685916696189,0.013861310242341603,0.02082151960596538,0.012192827360254847,0.016413926642782777,0.001645443130040385,-0.0022155062703416648,0.021943683158836658,0.016649232064107407,0.01720468821033919,0.016540321427019514,0.006749355050398402,-0.006830840885710045,0.01949281788718238,0.013969952302249905,0.0138907039666296,0.009770642973610001,0.01717018054425703,0.01423168599991916,0.016676625106270597,0.013782441373802579,0.011964030786440743,0.017704389914228968,0.018799879712778644,0.007817457440665837,-0.009023925226964909,0.021222046987640283,0.016649232064107407,0.015245046304826771,0.0024893010460396046,0.01218771137724458,0.010683292192408192,0.014310934335539465,0.012266959712864884,0.007817457440665837,0.013861310242341603,0.001645443130040385,0.013842003839120197,0.007013355126920574,0.010683292192408192,0.013969952302249905,-0.005695304206695773,0.010994135054328691,0.010909625169317988,0.013908212417583624,0.01706153848434873,-0.0020834212152497315,0.015511799992796432,0.013888720562429116,-0.005565059666619456,0.012095110342116733,0.012992686717196607,0.017199889460674814,0.016994134506634923,0.017188149006351742,0.02154400059943552,0.009747831938845689,0.013861310242341603,-0.0021303233904917535
2025-03-01,0.008621368909407274,0.018055128165190927,-0.002298739790184825,0.0008287472771114207,0.017814364545803936,0.007757460492299616,0.015582648232963812,0.01723207268638193,0.011481631287899046,0.013408614432630925,0.00983892800548972,0.012294739970631104,0.017633664377095296,0.012614603429157299,0.014221723115362983,0.014404091575979742,0.01629995832517549,0.010863814251616324,0.012294739970631104,-0.0036812900093709418,0.013227144319949848,0.00983892800548972,0.012076464983022223,0.026414246870381724,0.01524696452315049,0.00566835945582301,0.016153544130425954,0.013958175676858763,0.011484670148836194,0.01632106922478154,0.010863814251616324,0.010863814251616324,0.01599591356189191,0.01673565928896805,0.012614603429157299,0.01586848613689715,0.011235984824824153,0.013958175676858763,0.01572906242771335,0.023503103355246795,0.009013971679407075,0.018055128165190927,0.01506509280237197,0.01124628655694414,0.012357109572638733,0.0018380537083116024,0.013558099779960186,0.015819727531549487,0.011874992456468106,0.01524696452315049,0.018418362422145722,0.010863814251616324,0.00983892800548972,0.0044330921798465504,0.013442925619575961,0.01690927080553672,0.017814364545803936,0.011874992456468106,0.018418362422145722,0.018418362422145722,0.010863814251616324,0.01671371834705016,0.007757460492299616,0.015819727531549487,0.010863814251616324,0.006932504166216978,0.01586848613689715,0.011930430227979984,0.01524883163408735,0.01824840517693255,0.01661981545821051,0.015428006289477492,0.01177229628788479,0.010863814251616324,0.008621368909407274
2025-06-01,0.011341431985929785,0.011341431985929785,0.015281708572584235,0.01643738732047517,0.01587092266770607,0.01572930126004241,0.016595870456116598,0.025994365303285895,0.013593397645890242,0.017611352520434876,0.01572930126004241,0.017611352520434876,0.020119910877816883,0.008400434581254647,0.017611352520434876,0.01587092266770607,0.022857992398793246,0.01572930126004241,0.01975724707813944,0.01572930126004241,0.01643738732047517,0.01572930126004241,0.01572930126004241,0.01975724707813944,0.01572930126004241,0.015697713494283436,0.019640375919213426,0.01643738732047517,0.01572930126004241,-0.011382155864663611,0.01643738732047517,-0.011382155864663611,0.01609494083245859,0.015323781044416663,0.007033455343557598,0.019640375919213426,0.01903020933671852,0.01643738732047517,0.019299332129733716,0.01769382701920081,0.01572930126004241,0.01572930126004241,0.012040015982138982,0.01572930126004241,0.011341431985929785,0.019640375919213426,0.011341431985929785,0.01769382701920081,0.015140087164920572,0.01572930126004241,0.01572930126004241,-0.011382155864663611,0.014926586093390128,0.014830113768655713,0.011341431985929785,0.01769382701920081,0.01587092266770607,0.01572930126004241,0.015140087164920572,0.01643738732047517,0.01572930126004241,0.019640375919213426,0.01572930126004241,0.01769382701920081,0.01643738732047517,-0.011382155864663611,0.022857992398793246,0.01643738732047517,0.016595870456116598,0.01769382701920081,0.01769382701920081,0.011928076916663715,0.016595870456116598,0.011341431985929785,0.011341431985929785
2025-09-01,-0.022688049342893646,0.012719293985610256,0.008413761246414844,-0.009917413543360733,0.011028346693589732,8.408919777400521e-05,0.017699044660454244,0.011058587443889503,-0.003692796167103796,-0.003232055536874583,-0.005502495401693165,-0.0006010934560842068,0.0182085439529182,0.008753593978465172,-0.003692796167103796,0.007215593319189661,0.020605183224789922,0.012199863400759122,-0.0011456038395859529,0.0071025129619971495,0.010481115414599453,-0.014297016349776035,0.011855433163292751,0.014416580456826202,0.019402624801757255,-0.009782973598949746,0.02026016999456232,0.0063466563980320734,0.007203633519803431,-0.010892700126992871,0.01214668861131885,-0.04253718793023095,0.004969346148008673,0.01763250769249231,0.017582995054784098,0.017807099595212525,0.015461949144492487,0.020838852885429412,0.006263364345606704,0.020282247164210853,0.01885488469653357,0.02083878764979471,0.03153143077921419,0.009830566843927434,0.0019980924893612945,0.014612078951628537,0.021190412233424757,-0.022407932655771644,0.0222489748447333,0.020810429123582955,-0.007429390850599571,-0.009334001857786812,-0.002247326619990505,0.010784253191830495,0.012307118063761816,0.016589023292187116,0.0007920390533384428,0.0016860289481413207,-0.015379450977246007,-0.004996719865437341,0.0131401415469986,0.01778502242556399,-0.005023398619255394,0.016559104194068048,0.012719293985610256,-0.0035983810082250837,0.006088504508133686,0.013615855208103043,0.004773944491579762,0.016559104194068048,0.017777180497093457,0.017472848594749495,0.01787465426240474,0.0022062478770886653,-0.016446099564550263
