,1447,1449,1487,2019,2176,2968,3221,3243,4640,4674,4699,4723,4885,4973,5786,6781,7065,7163,7647,7982,8007,8245,8898,9783,10035,10614,11811,11856,12124,12138,12635,13341,13988,14822,14824,15417,20686,21825,24616,26367,28034,28349,29804,30990,34749,39293,61302,61380,61388,61739,62689,63172,114628,124434,133768,139665,141913,143356,144009,145701,149070,149337,157057,160225,163610,164708,165993,176701,177088,178507,179534,179741,184254,184500,184700
2001-03-01,0.02512610920977628,0.052637039314410716,0.026819834988888683,-0.007464764057426472,0.013493154530179345,0.040447664973902946,-0.007634287433817927,0.059009934014971045,-0.005408548249793763,0.08505045173994988,0.033265204614884795,0.08343466626859715,0.059431327507026815,0.019157759915174787,0.06006204948171045,0.01480257504438539,0.02846026287001195,0.04322712981888888,0.08440594242101068,0.015528001513438248,0.08796692503734921,0.04590762521651378,0.08072070466869567,0.08455787503473422,0.0409655888569893,0.0631285315698763,0.008278254678391309,-0.010433974979170611,0.028934540873827626,0.030921749623619103,0.04324691763864327,0.022587706109611704,0.04589295581617188,0.03286145531911639,0.005068766720143455,0.0606485497129492,,,,,0.02824640645006723,0.016785677409385063,-0.0025398609526589232,0.03752212984883283,,,0.03485248034714628,0.04911850266860134,0.012016222301880923,0.042678694473573815,,0.03630201174610174,0.02489573278182244,-0.009866842558767503,0.026072291445890225,0.03887248789529309,0.07937785861678191,,,,,,,,,,,,,,,,,,
2001-06-01,-0.004462759298950494,0.06196368439640563,-0.0001333464937047743,0.006289216368610419,0.01691007923561503,0.023156867561725466,-0.017141721372809986,0.004739884017634695,-0.006895354281753156,0.06292913852013814,0.00321475535100843,0.04469161367127264,0.06393469706249154,0.08460826965293992,0.050213506773637985,0.02538415508375608,0.03106024097782262,0.02570242527168044,0.06293499175792443,0.0061604830532861745,0.06984963902160854,0.01015093836964648,0.06969369799227132,0.060233372950696855,0.014718456771667568,0.05732822765362601,0.03914692117773722,-0.003042432883101876,0.020643156108367575,0.06240811727105012,0.03210506250846917,0.04271719932064576,0.058795675040843494,0.007460694376284728,-0.00551372151933616,0.09246195402618776,,,,,-0.00217924530065683,-0.012127617127290434,0.026911674815147512,0.01891551141005299,,,0.02034481424433526,0.053258741964496675,-0.008709630833777177,0.022069649685581408,,0.040630030303631604,0.05462906545785444,0.03473574424670157,0.050595575536354624,0.07317705533977766,0.025468634223082737,,,,,,,,,,,,,,,,,,
2001-09-01,0.0070883254712830225,0.04068365303779871,-0.0015306843206912427,0.0021948803078366986,0.021055301677255178,0.011778929782447696,-0.004592124297761466,0.015657497031216275,-0.00538209270130365,0.05169899053419478,-0.001261185183059311,0.04354318775349493,0.038077878732087206,0.07159032793532738,0.027275759249326056,0.026380335918040884,0.02540877339676095,0.00594024548001085,0.06645302841423285,-0.004061792563964871,0.05009714200392896,-0.00290323489498042,0.06160779025999551,0.04106107690007702,0.008126855365737776,0.049998043223411406,0.03286786740382604,-0.010212197204155237,0.05006342782404584,0.05272626707467976,0.022188500350839017,0.04000564735678138,0.07946978935577098,0.00495782594750568,-0.0037190373654299074,0.06940312621380429,,,,,0.002602056658359854,-0.014002627794988405,0.014786883406702896,0.015529937060398014,,,0.04500757990486712,0.05450687195510775,0.0042790648473101794,0.01019502615021199,,0.06699005957647577,0.06485100808984716,0.02252961841168021,0.014502242693480896,0.07310444778683448,0.05116384136604812,,0.04155602554785068,,,,,,,,,,,,,,,,
2001-12-01,0.059858711538263866,0.06870820825175178,0.017378905947960793,0.024475761099154662,0.03767295834985346,0.027954109865666196,0.014278561200344698,0.03371914620124864,0.0196543004822513,0.07348848105250302,0.04189595447443339,0.04753540176372231,0.04838983759497737,0.06780862113405317,0.044200544058553455,0.05295129112063492,0.04036299014451324,0.07651594428513535,0.06552155000875624,0.02769621356149949,0.06838345956141782,0.0464738987043442,0.06624327611235314,0.06540991935105384,0.028069129326593223,0.0549170301515845,0.11224008301426203,0.02319454258572693,0.044890682280515286,0.0663446944233785,0.03498353074067376,0.048006198034157226,0.0667751150657843,0.04979520954747908,0.0124461413850394,0.08272138541221294,,,,,0.07369536695209923,0.01474749012869897,0.06526399783991092,0.0485055267516807,,,0.05115824168124496,0.006137663115939305,0.018111149718831036,0.03717592424508197,,0.10280750637120441,0.04678106106206678,0.023685744668643913,0.0589433508477243,0.09991782173796365,0.05830178694038949,,0.06703171576162166,,,,,,,,,,,,,,,,
2002-03-01,0.016021350146766075,0.07192329771149568,0.0181646200836245,0.016406385592168293,0.028092168619926222,0.046289864933547406,0.003947023211710295,0.041986430413346466,0.012344651601399971,0.07949306277808076,0.03757549548644402,0.0595097048028264,0.05227896758321781,0.0584436730735972,0.05620251509212875,0.05629929670021625,0.03580607688801435,0.07701245606853574,0.06393395832801234,0.014260317019724418,0.07178396264858443,0.04172649993945699,0.062046897419808046,0.06362641999079707,0.021345043033077684,0.06592299397833823,0.10982232697417266,0.013015540170115476,0.02605925413624667,0.0487163969715041,0.04338973485001676,0.05592239304661646,0.08059648952879753,0.04185951746861916,0.008241783218830411,0.08430037585833423,,,,,0.017058092895115493,0.009478270076712144,0.08652843493374451,0.05358063803551784,,,0.0515091893286852,-0.005300286628274499,0.017155344193711643,0.024401529773790245,,0.11139897626230036,0.027628926704980596,0.013358714215405321,0.05262224248992213,0.10101117141663707,0.06793565039744824,0.052330502816861794,0.066043755767909,0.05895968413222987,,,,,,,,,,,,,,,
2002-06-01,0.016307832983174717,0.06069138747500242,0.0004505835977374624,0.014043067996009868,0.007809056995233949,0.01651261662213188,0.009924162323297398,0.010440431323589381,0.007494268595099032,0.06674250510415283,0.016158934939677457,0.04858462714534621,0.04505676070023743,0.04332050367038942,0.04846985131251265,0.05340103397945058,0.03298521377551691,-0.006251485642570925,0.030625043750565607,0.0031255685205337346,0.059883808633787006,0.018937086654188983,0.06174051907767657,0.0657312683907399,0.011538591490753645,0.05715336633304038,0.09681159036715402,0.014458893213587405,0.01707232325788242,0.0540289656804698,0.02794576951507949,0.06898806629650144,0.048345087894059134,0.0440532587698749,-0.0006493984409032727,0.08608877382620511,,,,,0.020250922671962646,0.007399693454800758,0.04788576835921095,0.020539993587154432,,,0.05076432044415385,-0.005091713894287038,0.026807803299995853,0.022578135856024983,0.020045593896576185,0.09338678433525352,0.019784280505308907,0.016962483810462226,0.023331788572930407,0.10786118497959993,0.051222798462840446,0.028683876580601435,0.05286164262796696,0.05884899480989132,,,,,,,,,,,,,,,
2002-09-01,0.016587810611859866,0.07285947479468,0.0036343265861723843,0.007280965710352814,0.027746692010355414,0.029655229770130038,0.04757172131261508,0.037849593331522526,0.012715587694452645,0.06789661778843815,0.02203948800070002,0.05075784082398668,0.06860984129054487,0.04575212562616338,0.04114578231485287,0.05631634501138224,0.04593575751031086,0.06143410856168792,0.05933072169761163,0.0031094844107828353,0.06645596819111119,0.04243668121265308,0.07481776991233291,0.07048610175323505,0.015875234880562535,0.0548751854947556,0.11372131861613648,0.023179785962876436,0.017913985331928516,0.09469828456125144,0.06029023845599961,0.07774950491224357,0.06883495591941519,0.043658164558476924,0.004869963876339044,0.08980189643376618,,,,,0.03072947955523915,0.012105045153023603,0.07221953052246177,0.03085419566645672,,,0.08005062380108692,0.0028531083101771162,0.03384507117336453,0.02147056506018034,0.025206125960357928,0.14487093060521572,0.03403259423079134,0.04667572846549652,0.07644720807381496,0.1025036709994946,0.10893434453103228,0.03416305281781912,0.05824788199299642,0.05603055351396936,,,,,,,,,,,,,,,
2002-12-01,0.031289782168789436,0.06827324006942911,0.020559801309848344,0.03384992212891879,0.016930139722145437,0.04575039379196458,0.05738089332190304,0.03242139658949509,0.01718987125039571,0.06555996708211807,0.030139758305743888,0.05544550419307203,0.052474379020843696,0.06348121641159302,0.05464933418675652,0.059313277219194306,0.049446412758150565,0.06557640616344514,0.05145997050595955,0.014594602954041837,0.06298780538683832,0.03646135849212981,0.05392328332019388,0.06527585254811342,0.019576471513240216,0.06883163901382088,0.08390167853182925,0.03835250253470269,0.02807349308632065,0.07199281967709535,0.053551222089442484,0.07763596679938622,0.07000755036949907,0.04756388884992607,0.02898088467737371,0.08619040393860815,,,,,0.051106243003252096,0.015521639199678305,0.060412765248587644,0.04688229165719099,,,0.05847038158563987,0.019728187095489836,0.0275170851454609,0.03533989195352906,0.03291733705972671,0.09787690834955169,0.026404563978566217,0.05282955431752465,0.06099743269822881,0.08036629301614669,0.0854114113581859,0.0575964585811451,0.02896306755060832,0.04419340279386073,,0.08590937310780271,,,,,,,,,,,,,
2003-03-01,0.0294913839706635,0.06275207510055174,0.031859532504144854,0.04296613802271253,0.017997464392988046,0.06577776463469996,0.0666486359462322,0.026901211267945487,0.02562489965099106,0.07065632608907825,0.030822456408116095,0.06142234498058897,0.05188081210612609,0.09204327404177008,0.060033880372942966,0.06023704313108758,0.03954882997687104,0.07128434746487605,0.04756662713249051,0.02309061771989523,0.07385718804426747,0.04215942888370885,0.04768558305926966,0.06680994887160228,0.04537998724920035,0.06715051921576222,0.11676497959998355,0.0399333459629097,0.03307184226856107,0.09919520920698732,0.050984175008100284,0.07264825951063987,0.07501970523991004,0.05435418532540881,0.00852808343571742,0.08264081709419573,,,,,0.061779308033982065,0.014351147532888969,0.06468695828741612,0.07754898757466384,,,0.06299969430961017,0.015065720337181912,0.03270182001042393,0.04613679891637543,0.035068084489617526,0.13367696463962864,0.02978385536370439,0.04444223224136843,0.04974564352392672,0.08876957086104056,0.09476444460470568,0.014193119734050639,0.050290848349700476,0.06057782771557382,0.09332455186662263,0.09832038802292273,,,,,,,,,,,,,
2003-06-01,0.025375995770330895,0.06900159369961412,0.015234694976097045,0.05324019780133293,0.0307514474809402,0.0597096072598751,0.062304878266181675,0.028183720218450926,0.008785853305882994,0.06257169358418356,0.017162321052022214,0.0496495168372022,0.0539288040399598,0.07866900992604692,0.04954767004547638,0.05912306537554831,0.04101205772774019,0.07078944740345812,0.040785017151988526,0.05254000752915654,0.06481752661679512,0.03399631397797323,0.06161015888450491,0.059079534517748604,0.020961671814160417,0.05781567991106604,0.11428388246039342,0.037241674978937926,0.006815711421420784,0.08466140659213874,0.06265838000214578,0.07724548702004612,0.06904812431990023,0.048863823736748385,0.00929804523214027,0.09534371470645489,,,,,0.07232309146402244,0.029000052546612122,0.08775021332217264,0.07639895890037074,,,0.05320659713111883,0.01247511810403665,0.019342601040092552,0.03642528003083095,0.03637263979904999,0.12073501734422287,0.03410045561351022,0.05924262416383007,0.0584980555087746,0.10642463466938938,0.08888508785083041,0.060322699960254474,0.040403856119344855,0.059826147770584114,0.06898724505947015,0.09278578636240317,,,,,,,,,,,,,
2003-09-01,0.0022433012492817424,0.06433724181972929,0.0015964576597636878,0.04588224036079656,0.03608149854414843,0.03669731302498405,0.059334814612239384,0.019724402063528365,-0.001332119838337899,0.06797748889728564,0.011822868615897632,0.05232910121216015,0.04811221902334943,0.07461015437814547,0.04903094645809102,0.056398404135584064,0.019585579670071847,0.06787018988178642,0.058801434934965736,-0.008677493342074898,0.0702195705195704,0.004954352668709003,0.06085541415983489,0.06640886355027538,0.03199550550997927,0.059220916778846854,0.06690827313527073,0.033246633403865335,0.043478076865549095,0.06012300366766182,0.0443000874442037,0.07298828701932343,0.0512934696045705,0.05546751464134573,0.01274753705266181,0.09201495943444074,,,,,0.039874661001139275,0.02347123778523244,0.07547247103803638,0.05788964633333652,,,0.05568686572851135,0.00817759077734476,0.036426398561680375,0.02724093332848395,0.021466717634370962,0.07698117357050425,0.02496192280506195,0.03556110775093353,0.06615683966726556,0.0924024023536531,0.08425800568160445,0.010118766257138487,0.018729187049694982,0.02228514813790328,0.07985615755288265,0.08131709990820905,,,,,,,,,,,,,
2003-12-01,-0.006134701222901518,0.05778411386216473,0.0031604314448369225,0.008267565304633805,0.01602315684051999,0.02182247850969959,0.04830966915472522,0.027985254029193506,0.0022354794651878516,0.056930732914384274,0.02054958650958029,0.05607464183020678,0.04220242863994976,0.07255626561672676,0.05029335873281517,0.035622121074840744,0.029423217736594186,0.04818954114810705,0.04119035685387572,-0.00816196949704773,0.06756596580201198,0.03310913201352853,0.045691962182686015,0.05669912612550749,-0.005700834323902897,0.06005698641032896,0.07478785057835957,-0.0045703472864369295,0.019588346879832665,0.07239279633511113,0.04152092498915781,0.06861371871876015,0.023726645133432245,0.05404215848716963,-0.0083510975135822,0.080883042766844,,,,,0.03711922971646271,0.030739984272824258,0.04117243480047226,0.035873817096316575,,,0.053658036676107114,0.015194149204983758,0.0304466953740286,0.007832615980948398,0.004026995782103311,0.09268216418190672,0.03192272762747532,-0.012320019224854557,0.043747839945380944,0.09287061545316125,0.053576419401971304,-0.011579620197716823,0.015645561327605716,0.008820581579954962,0.07639267390125878,0.07956252175930978,,,,,,,,,,,,,
2004-03-01,-0.004281166057482185,0.041028798754601414,0.0024728021771961172,-0.007040901783957666,0.017136785572617812,0.04202872633322882,0.05645840880461996,0.03037113357610585,0.020526960909594615,0.06660068985119388,0.013915582501941493,0.04841037390629432,0.03059459629946743,0.02172123075841698,0.05046795647556739,0.03656125747078037,0.030872221765938717,0.06329855497589647,0.05009769588162223,-0.015337449487475938,0.0662364916025926,0.040696021553454476,0.03721741388697683,0.056289471357039246,0.019021533196566173,0.0633816090326793,0.06524613071760249,-0.008711735289503668,-0.007938082030957938,0.06574264285681101,0.03949575311232587,0.0697866935493604,0.03677762742483133,0.05329602777433785,0.008943068155560216,0.07589444256374603,,,,,0.03978625839425571,0.035643903695100496,0.037723342363991795,0.032306214356768476,,,0.05236365412692602,0.0053956124703950755,0.03550956166630545,0.013458325331083328,0.014257978068377888,0.10137638184176569,0.036640709421675535,0.026960035215150332,0.03712289210511846,0.07334301206966147,0.05604420619240436,0.01870149456108934,0.03970834682214287,0.02941667873559048,0.06476188624296189,0.07322282152153953,,,,,,,,,,,,,
2004-06-01,-0.001105615100400871,0.04352619429265948,-0.0032607843325600954,0.001958642844655402,0.018809518335201284,0.012253725398196628,0.033428141556599206,0.0056916735237921715,-0.00247432772973425,0.03716560474726527,0.0020805339003407888,0.038507076994630525,0.048724284016404516,0.023230387274093375,0.03790321767993942,0.02107743613824141,0.03287925920573069,0.03535820040302068,0.01583114682170855,-0.006177947248971426,0.04555888948574339,0.011232933219821006,0.042725124439662705,0.031008138625309063,-0.003187123654703454,0.04952876446535322,0.06119081215079239,0.0075379852127380655,0.0136366202617682,0.057005443969161226,0.03013445938994671,0.06289651963990159,0.034727641950371056,0.03942754439819689,0.007569552767181439,0.061508386292227504,,,,,0.011694131296077173,0.00960041747300022,0.0337415290130007,0.014180810916086079,,,0.04507255375239761,0.004072559796596665,0.012873794193255366,0.012763682454990138,0.008019090303500788,0.07257422487261846,0.018182954438183952,0.037351219675957475,0.01368516686660617,0.05284907364194776,0.051482785882544874,0.003372722667935155,0.011495488186000088,0.002697613333158852,0.05704026814474554,0.04669754120899347,0.03474039686681242,,,,,,,,,,,,
2004-09-01,-0.010731454388044721,0.05544842334485169,0.0005189853158639662,0.014243142644190776,0.010989692930059539,0.019261180004838462,0.04711918932729096,-0.005325394356523019,-0.0004390936156173979,0.05613159862011392,0.01253811644771011,0.05035428131384764,0.04654328168161609,0.05759249838738602,0.051391044511219716,0.05408633826430269,0.021396318419537836,0.04661876353567454,0.025200609773596463,-0.0026297754820642904,0.055907100481855786,0.02288885007772978,0.0500795846742083,0.0526131418551716,0.0038019291492372986,0.056131528865670174,0.05903954032973564,0.016005578719119107,0.007758092286860047,0.08273022977219792,0.04882271417453076,0.06776041344261965,0.039384041951636084,0.05509546414587448,0.015809450181657792,0.06414044065292339,,,,,0.0289467521839195,0.0270900639029158,0.04512921404918215,0.031235487085469745,,,0.05595795335083291,0.00307850489982588,0.02722600790484357,0.023874547779588445,0.020700768193760054,0.09250072766405776,0.024792316146930508,0.03979946389106168,0.026429417183353777,0.06617321400501643,0.06557757357673881,0.018093001291677256,-0.0007349070933064871,0.00929709675286914,0.06588307960034583,0.06823238705124521,0.05550442030048558,,,,,,,,,,,,
2004-12-01,-0.004288529540684895,0.05670317984215588,0.010059132580036777,0.01520599866174297,0.01245433525671051,-0.0013895006695045966,0.04686379448649914,0.020321278254204902,0.00853320959818279,0.015027626740210704,0.018740873482699757,0.052242561180196906,0.04818341616159758,0.029710757813338092,0.04969842162190455,0.050536140835493466,0.005120191983347716,0.03171950357522908,0.03165514095630345,-0.0023503021524299695,0.0585083870974364,0.02126677345487812,0.053226026484569824,0.027147242680495298,0.003848044896225355,0.05683418851472014,0.07049190239321727,0.008986180428387445,0.02891673573179407,0.0807763885003874,0.05110916941905474,0.06307053994965514,0.04051130744747905,0.0553006815551022,0.002573565071044349,0.04000709150955492,,,,,0.028274070220598378,0.003295653545621718,0.06406425586726253,0.03388170060404027,,,0.048951324434935675,-8.554791634701464e-05,0.005916619360728277,0.027929818042962885,0.00476174692182148,0.0611086631236402,0.027370440260386347,0.039943255347250226,0.03125600189729054,0.057184001506681896,0.0572107881369954,0.031682244676717417,-0.003463720139699484,0.012831100032686312,0.03233389514011671,0.07919302526466318,0.05577991485978478,,,,,,,,,,,,
2005-03-01,0.006067923203560765,0.06377192595866771,0.009239332972056704,0.008006953314730985,0.03300856607090993,0.0037375701148869484,0.034840784869643794,0.032689593434408755,0.004571409968488815,0.013031240612421441,0.018380874142314176,0.026404092428858925,0.05044281512196811,0.03284946360753191,0.05128615707416804,0.05320843132083284,0.04771170623592009,0.04335905103825051,0.034474033473957076,0.002519067801862439,0.04165252152614509,0.02938849856723093,0.04872838292210566,0.017792262910223514,0.00480409424326176,0.06557739705786185,0.06449969029870362,0.018710455333029233,0.024876957558420038,0.06402906657051399,0.05935086390633089,0.06651516006512048,0.03443472325872717,0.05544966512944017,0.029965964281379275,0.04505720576260496,,,,,0.029453170925189176,0.02922262978433113,0.05929461566750023,0.014928107674665195,,,0.055117739627647024,0.013038613421960903,0.021989876658971386,0.032227351735479595,-0.0018464087016195835,0.06826547698134643,0.033416341826456135,0.009200663504434383,0.017787333768665054,0.04431451437114392,0.06504783459307216,0.015790923278459375,0.014669143199847077,0.019090598171266425,0.031874898724702644,0.06782755836377716,0.048822245196672304,,,,,,,,,,,,
2005-06-01,0.008554593985581848,0.05792539431082991,0.024362405102894433,0.02815968402137922,0.017112392479727852,0.026947889653358276,0.050146222609095424,0.024591317152145527,0.01521998696882102,0.025883858625294895,0.016397325290676456,0.0474770453024753,0.06817541321597374,0.05779889219707277,0.04595453251187443,0.053552109856510655,0.03400516438225266,0.037609452199423916,0.02773009476756976,0.010814481030607276,0.04663630436227942,0.02702893326058472,0.045768509843498374,0.03418105146515181,0.016511244281410372,0.06301379293018788,0.0742267386801033,0.01942262787119003,0.023084994443464454,0.06449821465242189,0.06263886401593007,0.0704615896713768,0.03843006615572824,0.055159953286813626,0.030840341027991425,0.06046406340774527,,,,,0.026764969497744016,0.02816066751973704,0.053462675220635775,0.03220655102509658,,,0.05834383852034163,0.023895280757699373,0.03689921990191891,0.029349270468095975,0.025763851442912454,0.06261779953397954,0.02453459744230626,0.015850649315979525,0.028945892058610482,0.03950912859384003,0.05531022257636825,0.028974942219196352,0.01115266666818046,0.020193441408411325,0.032530233410177974,0.0631098150936754,0.03385287092117883,,,,,,,,,,,,
2005-09-01,0.006254387487666562,0.05960255959233563,0.024369202981918393,0.030810146065123584,0.024933662585007774,0.01149061075520587,0.05019698841347381,0.019309708937585685,0.011879884687148153,0.020590330448510493,0.020221448255877603,0.04664778938169221,0.07263305634692531,0.045883216338636734,0.0459239229746667,0.052770547233850065,0.0453661008643504,0.04969775819658946,0.022912129808361947,0.004436104564153993,0.03620726576527338,0.017369563377396403,0.046390774313699305,0.031074035023600524,0.00742205485029958,0.0619785251659269,0.06857823593881919,0.012801706608803644,0.024124138446512514,0.05250237784332537,0.0648025699015057,0.07269572876294589,0.044942181893771194,0.05264494757297054,0.02247639929564825,0.06571586981794217,,,,,0.02673747667841909,0.02870444572768505,0.04831862788578891,0.027946714226625716,,,0.05578784252907898,0.02283108287519321,0.028409817470432922,0.029989433012743885,0.01928200986045551,0.06274378660547927,0.0267774156195023,0.01045369629297902,0.02870614896101633,0.039210063717595965,0.07399855471774824,0.02900693709620515,0.0170259362385931,0.01669023501918666,0.03257838685097979,0.05087595889575224,0.02950968135653068,,,,,,,,,,,,
2005-12-01,0.017430439739998378,0.06073157278855654,0.010368274795598249,0.021346498382894964,0.016992205753605813,0.02938684930022442,0.011837863366396341,0.02620946596532386,0.021478014637127132,0.027642454987496,0.01644576100858522,0.049687492246442304,0.06440155707645874,0.043016976595761786,0.049615753894953867,0.030401667527063244,0.032862769780467975,0.039480403314608024,0.026697776661322458,0.0017401602680830457,0.056650671477005775,0.02522738411331969,0.04865668642019576,0.03250684247603298,0.007741877025501102,0.058738259331168184,0.06551371828964773,0.021419450854757178,0.02798955240059447,0.05081439786010666,0.061255297809230065,0.0648398620330151,0.04073399026547091,0.05030576446466907,0.015676951204311694,0.05254565919644378,,,,,0.028706993126706916,0.023792501260079542,0.05038489908049338,0.02932233500526504,,,0.04865129584361906,0.022427004933727675,0.022570504244229704,0.028637872690026475,0.0055800461569699015,0.04736513791460394,0.028417714051703204,0.022582014139728428,0.022951242778939087,0.04380097032284143,0.06368617596799106,0.029196418583685175,0.008430151501881332,0.012956760325968361,0.037613150491548876,0.05371952971866027,0.025436850405973103,,,,,,,,,,,,
2006-03-01,0.02234023148104317,0.06845407455243714,0.012905764754680422,0.014613705699022383,0.03564694783489472,0.016563398779333504,0.00577377916685506,0.038808379436301915,0.022609638462140067,0.01556499623467286,0.024204187488110734,0.05466419470216706,0.0586429277501586,0.017688999455483176,0.04864032542090573,0.02050831122508767,0.026354267039194385,0.047112305439917936,0.030030815157860786,0.016511765493715382,0.04221644793710237,0.03424414531035378,0.04667206298728392,0.041020575031360876,0.016760717031740868,0.06690507961899685,0.07746743288972852,0.024859940941563165,0.021106820003891733,0.06728940657112849,0.06476593497598071,0.05396115017726567,0.03606578709408627,0.053020544728749404,0.03341505028039862,0.048387612734707874,,,,,0.018884066421472424,0.03133656975156284,0.03481078373947379,0.022942394252773474,,,0.05557931912786582,0.015129775891437996,0.02052982385377059,0.025345918210684104,0.0029137855611433283,0.058514636258310396,0.03829454645129726,0.01795495776334621,0.02367117364748499,0.0483511900099288,0.06496677266170639,0.02817370589661602,0.004475664816893203,0.025007216579797896,0.041349008453041555,0.051139764079164846,0.037140588057088066,,0.08563611470085465,0.006139871846861895,,,,,,,,,
2006-06-01,0.006945191612851609,0.05917176993020461,0.0005027993654843862,-0.001927755605025632,0.02189408191610337,0.021121797545762978,-0.000847840881648067,0.02494641703639784,0.004852903263102637,0.014869553884506575,0.0035965999167176118,0.04064564337550842,0.05251484417878023,0.03889943155760712,0.04079045540151558,0.038342334754862435,0.04714350153197362,0.0349412356019486,0.022852598277787534,-0.0021647587415890004,0.027823658414571798,0.004441298382233297,0.04738584173502939,0.007934922379491791,-0.001960048083003899,0.05053523895990017,0.0794457666114179,0.020819361586307754,0.03156076889295714,0.05327862904742478,0.058851699356458995,0.06104936044335249,0.0319050611614205,0.04729058630168913,0.03110705222898345,0.05696119028704565,,,,,0.02036248147288912,0.020869071414411654,0.050729640791122764,0.026008223446191258,,,0.04613330720120622,0.0016479613814020082,0.032746672841379096,0.024006960004395173,0.022226440932826816,0.05519765205472378,0.03446722228025707,0.017975941711093412,0.012306004005258678,0.0392455020305553,0.07196375868233981,0.008723943296702003,0.01903006318281737,0.02007729551948585,0.034174400526141874,0.04287164516337696,0.022027310816341954,,0.07757057391974846,-0.0016997225807062189,0.006723251308746986,,,,,,,,
2006-09-01,0.006229044663301427,0.06400816571839502,0.026450376938172284,0.008003940624110719,0.02095776034735707,0.031624349444655885,0.00701786253290856,0.032571093695591184,0.010290374852950568,0.03763512800137049,0.0117714593092073,0.03561613481561763,0.07700765712255346,0.0445092474027265,0.045279988592746026,0.03470664848339227,0.038142184871674374,0.04727400751593695,0.032799908382524355,-0.00916366201849808,0.03093390082250924,0.016058561451350727,0.05158599564507127,0.027442399458417435,-0.008354355778892649,0.05865183857915271,0.06038699724605276,0.014393599268832748,0.041131551005015574,0.04854425041304475,0.05806615068279413,0.056591433710316136,0.031730027889497275,0.05011981767902922,0.019671213540908502,0.048630673340238365,,,,,0.03598973227909359,0.03418428130643323,0.04549048122459198,0.03433463380901546,,,0.05367874994335715,0.0011507645677494597,0.03325298821985057,0.019007756534603192,0.03542192255477003,0.05650198596645372,0.04291332947409824,0.012166995709891573,0.0038384556892668924,0.04846968202002638,0.08507950746982268,0.0037280198177637863,-0.003113488016173877,0.0001402495311298931,0.03382623981388012,0.04393186716928138,0.03762311052082006,0.06900538268816388,0.07904614033784158,-0.0003382180094691542,0.011860981574933413,,,,,,,,
2006-12-01,0.014356245545463695,0.06760955884333711,0.03603453396363332,-0.005535403306003876,0.02972126361449884,0.036547903864870876,-0.0001708881999418586,0.03786658460181452,0.0011012474503212587,0.03430012226206167,0.010447624927102986,0.029571117007184632,0.06516927811502062,0.055367858553988826,0.042621341079347376,0.04196878430984303,0.04277991191152904,0.031721501874748155,0.03774096663029081,-0.005574776504620121,0.0037933688817913874,0.03688633985389884,0.05586500635379982,0.027336059504473008,-0.003379081837347454,0.06281615684238309,0.07421820577802271,0.007855461777605243,0.04019524393702507,0.0471327398680313,0.061775899801121255,0.05783704172720178,0.030359304120886825,0.05253235255442335,0.012533550856679225,0.04503872109275748,,,,,0.03995939585439743,0.03584505102885607,0.043822034075579046,0.042316092530060176,,,0.057808647245446695,0.007127050122458322,0.03399731985539674,0.037491366566517054,0.0391675148075205,0.0652108404387874,0.04282362917674195,-0.007665047087655729,0.04500929107406113,0.06819234993761102,0.08177987778692337,0.04684228114166798,0.007445491261617532,0.015256083061727708,0.04168988118460804,0.060053615961267896,0.04540536706981,0.06825484145600788,0.08925241211832709,0.0039851311932030745,0.023831806736061667,,,,,,,,
2007-03-01,0.01501799503388234,0.06787183558407961,0.017511145662127317,0.012465035668762144,0.040498933855066345,0.037676680816288444,0.013393096738661625,0.025342670365736092,-0.004738324733434669,0.012239452435121973,0.014165647057235364,0.021622920039536073,0.055832722231099724,0.033866517761115905,0.049868832936377366,0.04157657605770303,0.032291858878461796,0.034306534534213375,0.03867391258839896,0.006393097629822907,0.02289659696739727,0.02385198647770816,0.04664147013909695,0.03279221080467114,0.011140270167376226,0.0654845754460942,0.07818578418141846,0.008914180307365908,0.03915554203002702,0.050357881628538506,0.04819349324713063,0.061957988243694785,0.04068567920502367,0.055104191685551154,0.021504819617159252,0.05478842527200254,,,,,0.03837270796881349,0.03579714479363263,0.047713811889212164,0.018179806571555244,,,0.05889325478990621,0.008893420139331603,0.03692943550591545,0.03873402577589348,0.03617711887795385,0.060278850741569974,0.044508245979118524,0.006892459570605453,0.01915886154774153,0.06318373868707289,0.08807914854403132,0.04031042837030933,0.03486581038732084,0.014327275031396443,0.042230948313233964,0.07645979991311773,0.041006323314160695,0.04457896976530923,0.07477380584628049,0.009233662139546609,0.019957591404258523,,,,,,,,
2007-06-01,0.017075861519768313,0.05755051168274671,0.024495996259418854,0.013277538232271532,0.025319496168915087,0.024416679214391546,0.016136953553350437,0.026506587809720043,0.014609029324281906,0.021306204322005737,0.013783688997169688,0.01873199179257643,0.04689514731705729,0.03785114224130942,0.0449800913737779,0.02698049683098569,0.04668682949670898,0.05206386781811948,0.024601964595082314,0.017005477120833296,0.02295532965197986,0.02511580646055182,0.04779960515822961,0.02371714275212604,0.016896631641437652,0.05655162905102269,0.07439132980470707,0.017697446042862996,0.03170238365649726,0.043181080893584856,0.059621749373803316,0.06497797190573758,0.0400978444433616,0.053719653278936776,0.023562641501961662,0.06530620681444313,,,,,0.025097598064794568,0.029382975566975635,0.056665046887646967,0.024931018814417522,,,0.05625182506807054,0.02037884857601154,0.030252440442886684,0.03259899916736382,0.024686213145067967,0.04828374002657357,0.032073528076608765,0.014005823393375225,0.02801025755788018,0.04800705644129467,0.06413041804648079,0.03025325883773936,0.028654407306517953,0.01924271085909903,0.04953015082063316,0.0573497183254734,0.028481384784647207,0.06539145053990972,0.06006915721538411,0.01527078429884847,0.04534920329519288,,,,,,,,
2007-09-01,0.0060192198954895785,0.05721430279213125,0.03420508091837424,-0.003584445006062055,0.023547552574230378,0.03815953417880838,-0.0028784375930785704,0.03164537301736775,-0.0003400225690919867,0.028517264706155076,0.01794041020007347,0.025523931551584923,0.05108038528548895,0.04005841940790553,0.04694463041423027,0.00997101120673229,0.011703163170599577,0.04439647231040329,0.03723618893740622,-0.007393468909891273,0.019945050483231447,0.02078924773885224,0.059391620698364136,0.0315821597896376,-0.0019215837974141945,0.04980813788315653,0.052855983731505116,0.02537976016689062,0.045129981869958036,0.041102542265375304,0.05201942204261209,0.051927724907719366,0.03356930809001037,0.05671938422421061,0.03290633397020565,0.06657879491757146,,,,,0.03232726414778003,0.03887655560904602,0.061707937836666275,0.0351483512638672,,,0.060771033408854834,0.017930044894302603,0.03528409935986837,0.04114377516140984,0.03379823022386034,0.051300632067485454,0.045281273011071405,0.008561298260288258,0.04121468226625919,0.050582654425019725,0.08263957173219431,0.03888218281755262,0.003375032836966542,0.028030987013282545,0.034780251102510124,0.07238126631537029,0.043513761684460486,0.06876847400014911,0.04040470318685235,0.0034196211795619685,0.011646257449260322,0.06639137358543537,0.07205122613697852,,,,,,
2007-12-01,0.018031816552328953,0.05819923387142855,0.020186011837352722,0.001589345901934203,0.04185278145209428,0.04401812411588701,-0.003954581771092844,0.009539970721336204,0.009507997885629468,0.05398045303183502,0.018535183010563575,0.02584226240189984,0.06053295527242419,0.05666261169453656,0.0587286957654646,0.01782935035185613,0.04874036780163072,0.05687325387299678,0.021545311619435053,0.005278913088932502,0.01678716875977998,0.02257776399955312,0.05652226813649633,0.020654684023755854,0.01170727513343428,0.058818888142807536,0.06710341615363696,0.030489324511245624,0.04655385349896953,0.054972091068623545,0.06552548123407663,0.05675259731489244,0.051638139918872145,0.057361909461508195,0.020765089474735543,0.0669433680680283,,,,,0.039326796684840626,0.04059755380995034,0.051854907147037936,0.04111103319576883,,,0.06052347287427631,0.011072582013136056,0.03865788351370972,0.04488126498012687,0.04035945963939841,0.061483667287122123,0.0465324896320525,0.016476275425708044,0.026375363076251254,0.060519575272529685,0.08074611689433317,0.040008998067696956,0.005951243097668538,0.014543120831244857,0.04282403774047645,0.07586224666474646,0.04707058433092093,0.07809066121065862,0.044699371127815996,0.006714757093265267,0.02311710237210823,0.06499098829101124,0.07382936425612506,0.056153288524863496,,,,,
2008-03-01,0.022749370622671013,0.04466685193238663,0.02538222852308125,0.0036784503345233754,0.028631072574233737,0.03178166171167154,0.02274657913780545,0.0246076792555042,0.03384811782548842,0.03318502984394992,0.009887550127607133,0.026003836967089466,0.06318628511542262,0.05066327180580494,0.04916638065434256,0.020225566376083276,0.05957644590658057,0.06518878002219065,0.011302650363783136,0.006428895813681833,0.03680904095587903,0.01354492716026347,0.040887555337398546,0.03742052814525792,0.006533415083889927,0.05649628345479081,0.07272419083873373,0.04456535750848234,0.026704902519256914,0.06526670918357105,0.05091649850911999,0.0518344470428904,0.03852619438187036,0.05171091705755063,0.03775279951344715,0.05951406020298618,,,,,0.03655210759957384,0.037920443326646784,0.03195943843769608,0.02581132322480766,,,0.053296545123536945,0.01085356326996206,0.020501492735766444,0.038854320454627424,0.03705950008093149,0.06987139334442206,0.038121166763216245,0.017088469710166875,0.038167705101904266,0.06868009937293501,0.08809600412508072,0.026025398096258034,0.019360602820284272,0.009529323904701627,0.04349047940057884,0.08969761493338906,0.02337670992472241,0.07338606525562923,0.03929060043490012,0.03412551029224295,0.017289721695560176,0.0477362996495953,0.06959846698237505,0.043531231993069505,,,,,
2008-06-01,0.025532213515717758,0.036282534094462394,0.02539120420823569,0.005058384610495328,0.014016881514749033,0.006847260523698992,0.01915767649902024,0.03189452578763575,0.046208135806112056,0.04566881644033699,0.025435492586889253,0.019915548597161613,0.06543012050133255,0.03684923115457094,0.043506231287905824,0.02113733855604733,0.06975802414816495,0.0563326290479925,0.002429925337786403,0.024235830127405968,0.039449569663854954,0.01562780045523177,0.049028243794687676,0.047261297667332565,0.009932709092337406,0.05825851458609797,0.06486608406452599,0.02972609435552033,0.03275341524258976,0.05620486680341307,0.05107236856415488,0.0531592242801447,0.045783574527358734,0.05376529188465467,0.02558806645643333,0.06120377949030121,,,,,0.02711510665983923,0.011915650338559564,0.06717191618671105,0.031017324437596177,,,0.05657616945207697,0.006569058902764491,0.013910734845121621,0.0039497027064982594,0.031121418685417863,0.07026749645988638,0.03961323381910973,0.00738966741634989,0.01395162927752235,0.06497140060114172,0.0741283440202295,0.011401018789690642,0.025515276255387066,0.01023022900177388,0.05494003638204087,0.07201785060885033,0.03218498828696972,0.0707681085520805,0.05843635492994596,0.016833339368303658,0.02037881404553838,0.04825956416027075,0.049628324358399645,0.03497508268096875,0.04302461887070172,,,,
2008-09-01,0.013757715635820728,0.04413198953065745,0.027736259778678905,0.0020191010488745166,0.022268137667642986,0.013198646359816811,0.02570102479075734,0.02291509956189903,0.038336177322089805,0.038565175951964306,0.023740627527011924,0.03264424961249845,0.05803909448693735,0.047739651765079015,0.03878806416432945,0.033939304112905085,0.04516588511733754,0.0581544152099699,0.0375424323925211,0.004878175112075275,0.039259098596201907,0.028204583378761743,0.04894977892854237,0.03828611998479637,0.023014675999461463,0.05818411795085178,0.05326565496510993,0.040785396018457834,0.028245833147221237,0.04242099424653621,0.06392731445543445,0.05945234504631891,0.03750590282709214,0.04405813026299101,0.03157888646631474,0.053048717661356826,,,,,0.0342156636599594,0.011540065062027033,0.06243145252517077,0.029244757706615256,,,0.051179249781934326,0.011897154296639383,0.03196942268789668,0.029231992920423777,0.031386231043756666,0.053643922012293975,0.014767385294561007,0.016914015734101194,0.028997786118721947,0.05806572876099332,0.06748020545212222,0.03158040225850924,0.007526528897506616,0.012793794805902687,0.04535756111323474,0.06227782820306796,0.03283993088729121,0.051170034027743845,0.06679049620116312,0.03125243237979291,0.022044204370096698,0.03367437698508509,0.041933314041592014,0.05997414449523652,0.042399753024358146,,,,
2008-12-01,0.030801443683861507,0.04344474035345733,0.032704475009455176,0.004414984718601817,0.006556321816819533,0.029388315184519932,0.02036294233425522,0.03176721126820401,0.040418763250833406,0.035344984507042314,0.001253926317740028,-0.0021234168213040854,0.07545828618909729,0.034987951985122064,0.04518352515975062,0.03730013396576787,0.01292541949157078,0.04584257797574971,0.00011324792676487507,0.01187846225900478,-0.005069327981460529,0.010945597466943091,0.03199417441170997,0.03831617242952642,0.01487232319807587,0.04524423257824611,0.06282291328013204,0.006337323668590436,0.04848407224276245,0.061341652654762296,0.053180497722775784,0.046993343736528054,0.026228693806702646,0.04996833308258723,0.04129728226672397,0.04691476872721025,,,,,0.010420084370844662,0.02714280479717133,0.06738191681463865,0.02955060085323991,,,0.037226120025517825,-0.007838365482000316,0.025755999091636683,0.033346977692610566,0.012212650333640504,0.07368042003366271,0.031081724156737208,0.0032530547342250337,0.031603713860292745,0.06445649366978587,0.07981881996679328,0.03402947779130074,-0.002848683463979943,0.006075148536744095,0.03629484662347293,0.06578224981463962,0.034073306446570174,0.047700539265692836,0.06404965414810816,0.04077674828868129,0.05040661652719261,0.050245716334857235,0.0422883322752487,0.0601647748680865,0.05150913178646168,,,,
2009-03-01,0.028426028525251147,0.04092507175632887,0.03347360735854728,0.008360547173638795,0.010958176544412043,0.01572950640140306,0.016873916460101748,0.020388646464160602,0.032828899945825926,0.03203430784703837,0.001309307493855747,0.008151590232446286,0.05925847035708061,0.027449308000886047,0.03144426311294219,0.038396714088213726,0.046820460996767954,0.06612354834851882,0.027113953689649226,0.009643583456293441,0.020875233946382205,0.012957543487974092,0.03394873726690681,0.03286364022765574,0.0018607017872470802,0.05285400190749907,0.05453735297622894,0.014446927725227161,,0.05173220225591012,0.05818534107057192,0.049115409222122854,0.03074847627511388,0.0279412004733219,0.0299295400718432,0.05053842025246796,,,,,0.004983413706538854,0.02973069792997568,0.05425852770139741,0.02258083254805977,,,0.043133253109650355,0.022561878114547823,0.026276360334022638,0.03743844895952403,0.027261621750572278,0.06741539833739824,,0.016592602446491158,0.020551223924417116,0.05638311816219891,0.07626359321313668,0.03766172928599581,0.0026212497243603243,0.028807888097378467,0.033831245871375246,0.05116115292449454,0.034056081800152654,0.047577748621491396,0.0498092166598953,0.03840039524629568,0.05368151110464629,0.0342776409624731,0.043353345261226736,0.0622317276252342,0.0664296723462804,,,,
2009-06-01,0.030963404995760068,0.043374184584904586,0.029604494934253777,0.014069432614808215,0.022351293998415667,0.013305228519380666,0.03358409366551584,0.026618924066805768,0.02640644242428637,0.016044689385419662,0.0006639028398014271,0.014054854913914817,0.042678128335912946,0.033722182977268755,0.028614575771605665,0.033526212663520225,0.040638647973247614,0.051081840419174795,0.02654379861318311,-0.003570509809078701,0.02269033490388755,0.02133395380588533,0.018603910851932255,0.025270859957427238,0.018210752995291613,0.046926870561646655,0.05577734952771242,0.023553998170985236,0.024814556725595596,0.04006144469391201,0.05217108235165928,0.04538001007960966,0.023062714025915736,0.032874177190404474,0.01769037082398261,0.049521766257199416,,,,,0.018317668813665235,0.028841401633313665,0.05131507162586355,0.02631753744352196,,,0.0327887736273496,0.006209304373270716,0.0165819652669008,0.02686440849277524,0.01886945943851135,0.0448309474876431,0.013100577865117488,0.028079757289851206,0.0286418092217039,0.04987571207768174,0.05298361664809164,0.028702651400873837,0.012407740056489584,0.028316055523583156,0.035218460461985596,0.05206379527869854,0.032156034640175954,0.05022152559653836,0.0460702833128285,0.029714778903094406,0.05137226761488491,0.02361208996239789,0.0322881731191557,0.053645061164009925,0.05317686696370531,,,,
2009-09-01,0.014673387817809663,0.04137531292541071,0.026624053385077742,0.005213920428236314,0.01821013506075367,-0.0008948772088871656,0.009894747183542515,0.019355215249728084,0.019577896785620646,0.01697519432950426,-0.013690067772675108,0.007485926504271729,0.04899631723706542,0.03115365142176025,0.020703297983608242,0.02890125685506621,0.030547102625677815,0.0523621760677639,0.01752819387522843,-0.011668462009566748,0.017547502115708557,-0.008847931137049741,0.02518160002242612,0.01641020366167174,-0.0017919624606994595,0.04630685083579706,0.04258702699630399,-0.0028068615963356505,0.023089318291749355,0.02654046163063192,0.049756792638588725,0.041424465714905725,0.020220510224088974,0.029317174372320575,0.017165637812585857,0.05119956426329449,,,,,0.011137990604321472,0.025428958557809137,0.030295846768433426,0.021705668950546618,,,0.030956266138645928,0.004170251357609108,0.008516148191847999,0.022942911160475483,0.010679297514597744,0.04369443111318433,-0.0010366728121541365,-0.00014509040223392917,0.02230136777183842,0.04602313396144744,0.0496721769147784,0.012951488117706238,0.005799861472246742,0.025148872722219367,0.026925069882043497,0.04834310610056587,0.027975126652660897,0.047301341005779034,0.03674751914818062,0.01954267733164712,0.050818609208297755,0.020045941111872658,0.01895768153781839,0.04876624655977463,0.030711195945011264,,,,
2009-12-01,0.003177354077280043,0.03663652025466027,0.0064975034857382655,0.016021073885906994,0.012796297925021505,0.0013745941920544546,0.011791692193385921,0.011898279499689812,0.028436465858493114,0.023194831767399317,-0.005140282016471955,0.013565177201990524,0.029909265947237026,0.02325971957995951,0.02964315116669561,0.01160893310736421,0.017796738172930978,0.04740731322284729,0.024867693775488878,-0.0033313517914089173,0.01825301767495013,0.005643344666300482,0.025830142148596028,0.023797092210218224,-0.005095386412274901,0.03341974287483406,0.05074527414987248,0.005765412830783285,0.007369803142993712,0.021283674163569764,0.04806219644622268,0.05158171251122631,0.023206433845251232,0.034236593354622674,0.017694970231912785,0.04274531589231368,,,,,0.00996841632421551,-0.0010095195470377308,0.022589114487029428,0.008786749567084941,,,0.03581400719472767,0.010587075640010263,0.01007110184483232,0.021419208846116096,0.012030062259865899,0.025141954119437173,-0.0024664103702619327,0.0019563835508706858,0.003968117873519136,0.04956796976844423,0.03907098704085152,0.008322564484831103,0.003542449980335351,0.01938047934908971,0.019934502315150097,0.04615285258362907,0.024213343420069585,0.04663786285636926,0.03938302853180511,0.009284892153731399,0.0426347984685169,0.018685095149696275,0.018417482837918595,0.03717735941310507,0.04419535127361665,,,,
2010-03-01,-0.006184283417236159,0.0223930371655942,0.0003849107625358598,0.0012585486355826277,0.00724163589202434,-0.012074199811711808,0.003096118878483063,-0.0052205242714920665,0.009606551497594958,0.0063037371371246174,-0.010737014486330522,0.0016838032333256572,0.014570009198906197,0.00958644457970688,0.004541625289140777,-0.0003023189323146423,0.014699075781770548,0.02935731926514616,0.003950484698827841,-0.012523197672498647,-0.003306773919266767,-0.007105270362434458,0.006963330831915589,0.00504843216930714,-0.012918580601478264,0.036130000052703,0.04217647691499156,-0.007608289669784409,-0.010236116459000773,0.016573804818207506,0.04115265615754863,0.04047545625068686,0.006455265563858008,0.022670754420483198,0.009860839265059538,0.03783803743340483,,,,,-0.0027820831022131033,-0.0007786815143201439,0.019128482394535316,-0.008886809413900581,,,0.022475054211784962,-0.002462486962919305,-0.0029549367460105173,0.0020539352057286965,-0.002320417890892769,0.019263114333667394,-0.010667824268535743,-0.018547467142316157,-0.02408790441993368,0.02382381613409621,0.04251149777621811,-0.01627379315405822,-0.004758133003983161,-0.005258645771463832,0.009905170183099379,0.03426960075243344,0.0022635540937759892,0.035382006951877716,0.029596162770445914,-0.012861382608576286,0.021573289578349746,0.0037359075285567584,0.003685625526211403,0.018743135663874047,0.03916008316842892,,,,
2010-06-01,-0.007261981762438765,0.018815088803691215,-0.054915424898878226,-0.03516454628647892,0.006358690780949055,-0.03056889383096567,0.009289924067303173,-0.04132716747478182,-0.06430334254863267,-0.07298438896192738,-0.021058962949981753,-0.02022669208851369,0.025794921511301513,-0.0011744336661676155,-0.03158258279378413,0.016030900609013597,-0.006036678279729111,0.027999203702399285,-0.039339191872757126,-0.013969428353792272,-0.011203293592572666,-0.025265515712516028,0.008353695967493264,-0.07298438896192738,-0.0278759867642186,0.036124150407015714,0.035514198824593154,-0.04949109747855564,-0.05063509588739798,0.020008825188836298,0.036311191328503266,0.02654306534107625,-0.033179407260709184,0.042704870350727224,-0.017258438865336394,0.04366273330553507,,,,,-0.035969685416384574,-0.026337025498313318,0.004675666710358582,-0.046059787760137194,,,-0.01230764130090012,-0.026660919613223432,-0.052457073051685565,-0.06306649335756133,-0.0028150020635271194,0.03222400394372251,-0.013717222395636951,-0.04059937498318521,-0.032381470014465744,0.031238263535690453,0.04137433729614631,-0.017366705511712023,-0.018001376191628903,-0.024582186375600706,-0.004622229455928843,0.03496502358574423,-0.013101404134484046,0.04218498984710792,0.029322588040397286,-0.02863654925568559,0.009826274275724033,-0.0434239452686248,-0.06662718014599703,0.028606134723481613,0.03739250498951294,,,,
2010-09-01,0.0035322127890750087,0.03158743123928605,-0.013020931499931745,0.016928661374786613,-0.013824902553581521,-0.008284681273588732,0.002727326607636582,0.0016941083016674043,0.014892883609488155,0.007115084299565661,-0.0042702336262975945,0.014845896669253497,0.03488935180331066,0.015757253591474948,0.015284811090692501,0.023459073378310834,0.007498121534368366,0.049575138183819804,0.018071839331606044,-0.015012799255218322,0.021053494083561608,0.008839138696041943,0.033728887261352314,0.010233488361618328,0.011635654460584994,0.03697443285033661,0.02173514942963262,-0.004797386550806956,0.01666773372623888,0.026817648599746096,0.04995559585512332,0.03854475075645687,0.018736715056759997,0.054467921572572214,-0.012613700700300306,0.0436612087494892,,,,,-0.00785525144974208,-0.008519852778019926,0.010535275624285145,-0.0014075795468634503,,,0.024897660954404627,-0.004651758569121793,-0.0042683043236968355,0.02086047014283119,0.002680040276217458,0.033987500354979744,-0.036793769033640684,-0.025787351982105255,-0.01766995359449569,0.05031254813830912,0.051041529616731945,0.007449586098392688,-0.004311242650987322,0.019467649336893333,0.012944853156243783,0.0614762438151144,-0.00025086088802791416,0.05391241771637199,0.030427700022723533,-0.00845574551654146,0.025056096385898178,0.008278460487048011,0.012216703083119935,0.0012030973346173663,0.04908301316899322,,,0.04854936234950528,
2010-12-01,0.00489863282338049,0.041006955522290126,0.008141342857406609,0.03190722183035046,0.00984061532906128,0.012533602749500345,0.008733879279514582,0.01736341330261293,0.04673161727869268,0.03809353958886965,-0.006000037093470971,0.027291789170463043,0.0303699138513747,0.022627549434814064,0.047758058607339074,0.004606061150407552,0.02161223435168409,0.024266092027269804,0.03449310481936038,-0.012514875928980698,0.028916504194155417,0.020419571372732332,0.046553356067945854,0.04790870095093709,0.012455716204520479,0.05073814028304922,0.045267583722774535,0.019025748343634942,0.016573708829356222,0.030761808666200183,0.059982315791538135,0.044392657339822304,0.027160527882298547,0.062240541491399674,0.019544000624211567,0.051644030391595666,,,,,-0.00015181463494171082,0.011889969645967034,0.041324549751587406,0.014002984585901171,,,0.0534133522408572,0.0033761789169543077,0.00401049259690553,0.037151670616229635,0.0021289866653714613,0.03347389057148879,-0.007736851641409087,-0.011022900889619965,0.001180784050622455,0.051869544233818454,0.052540065016427065,0.007156382719104492,-0.0057295548667437935,0.029954084214187878,0.021244484067045974,0.06633998717904388,0.013627183304075223,0.05723831904827938,0.045576891923988005,-0.005167430670131771,0.0488566581024929,0.049608995737573464,0.03892774396835923,0.006192420428538815,0.061703490717533616,0.05927982268517379,,0.062073813995812126,
2011-03-01,0.002074641425276379,0.026419022507714378,0.003357375999246329,0.007412631767395094,0.022572869902921584,0.009218406342336054,-0.004107787790310338,-0.002278228150426859,0.044950704437678256,0.027260754787859318,-0.0058010326168837015,0.013578949715511681,0.01816178092622386,0.008493572778828758,0.023735191270926912,0.029913266315175314,0.022497901214251114,0.0205350639087341,0.007264814557361506,-0.009775944396220421,0.01354615063900332,0.02190357174152745,0.04015742161387571,0.04217560046926146,-0.0030280471022664564,0.060769570701271515,0.03029446131193775,0.007757246823621109,0.027107567475777337,0.029058277276515276,0.05729202041758883,0.03837276051349292,0.0165074977076492,0.06313585988694875,0.0014755588016610117,0.03921789337913672,,,,,0.0042167566298337966,0.016534243398347664,0.041443904167113334,0.018761101113686552,,,0.05670647826951856,-0.00797443703815053,0.0006248537267740948,0.03609947812909885,0.004121097867744385,0.025409326785931892,-0.01763286245479696,-0.009259167803664557,-0.023202094505831272,0.03499057389405217,0.043237710975371095,-0.017189902906293995,-0.0021348614423910696,-0.01758931341517261,0.0002170343094203049,0.07282524616576372,-0.0009656480760768579,0.05069763593606372,0.034710195996409315,0.0022451182074033496,0.04852083207531274,0.0012139525675137794,0.023253957115144518,,0.05539538461329834,0.05502276198495496,,0.060031980724129616,-0.0035202819954761664
2011-06-01,0.005806826626483208,0.03898848305209382,0.025396309984341614,0.02657639943341637,-0.005988145294035302,0.019760600156494713,0.00428568049058539,0.010915690252198056,0.039913622368610964,0.04601938288161725,0.0036932348921815544,0.030048306091535606,0.02166773190087483,-0.009599027268662049,0.058736143932682214,0.03013664622925861,0.015923871403789674,0.019157060297111894,0.053158863186623266,-0.025144351062936558,0.023657911361585057,0.030731146469214758,0.025595253548015687,0.06270120657751332,0.027141025502774512,0.03962483211987462,0.027303817220742165,0.013936095621796112,0.036803612909891495,0.025065402003294213,0.060252926939648,0.03496692491956444,0.029301007926820537,0.06569164855625399,0.022077462559551474,0.04450580115154471,,,,,-0.0038823061259832094,0.021626435048614077,0.03139931593699216,0.018280661447636373,,,0.039652739228804974,0.0011539777937886015,-0.007588538881146169,0.0528164365513467,0.007799766540110576,0.0198400028221473,-0.028351734754584763,0.0024059589800955535,0.009497608652121209,0.022396016225060936,0.03988066427674706,0.010920047017869437,-0.01620045746649763,0.011177822603956738,0.022558289735743843,0.07192980971091754,0.0178897068499246,0.016830117446417422,0.039694426810419785,-0.010524333564546667,0.02448286655148269,0.06702115489297329,0.016870294328189036,0.004826629643319692,0.05469357565718735,0.057512805698529644,0.06272444319660311,0.05331959364791478,0.016701149609876922
2011-09-01,0.0012416690372761166,0.05185407485280922,0.027602814325105453,0.035560360929072304,0.015049588457630696,-0.004493967126494563,0.005631850091088976,-0.0037599480017400442,0.04175292641591563,0.026676680291421912,0.0001858303125687177,0.02715842722195635,0.024771213689649026,0.002503265158244128,0.03951379838876446,0.01320715785680032,0.01617575184734223,0.029400196068562198,0.017021227239193196,-0.016778799280763194,0.02384721350204493,0.00992508712656533,0.031946356228190836,0.044640911007282236,-0.003925422241051356,0.04220959500403043,0.02513366079024321,0.020889518579821544,0.015898816709540808,0.029183761032398683,0.05884273674314427,0.04077273038381241,0.022839727562245376,0.05123008301942046,-0.01336600183367399,0.03950036456518157,,,,,0.00430935801739516,-0.008039305206416773,0.037524977382707256,0.007594343193748466,,,0.04743787691739567,0.010684393956835885,-0.0015568405845884786,0.020746929330094997,-0.009785094815395407,0.04731399711583927,-0.012747985299002718,0.0014477494433819595,0.001522756049190966,0.03761124527134345,0.05922658611317242,-0.001086559201911242,-0.004944137942061865,0.006962565380289332,0.025377314224022736,0.06490144136656854,0.0052766470980459956,0.017880090652936113,0.04404406904996888,-0.01573316870126661,0.02860481189304584,0.04207481027002279,0.03243791356390488,0.032613490194403565,0.06339968209534497,0.04951032775871712,0.015754005752086762,0.0690577719084105,0.014988882496911864
2011-12-01,0.0007531904314376285,0.061164247753268806,0.04660868125688552,0.04621935060926941,0.019555342124178327,0.012290341675577377,0.012326299626050606,0.0449783212372108,0.04184939199898072,0.04668096094897832,0.00959642790695963,0.028716286447428102,0.03966868449816329,0.01820581431569588,0.044911070662978246,0.025431048437297155,0.010941222260179453,0.025968723263363632,0.03284752746153896,-0.014731828999952994,0.042808009790060844,0.013912668089156786,0.048954756678708654,0.04851902762328067,0.0004034911128471419,0.07776395989179503,0.04536216483736204,0.0371889888981313,0.03771064324591658,0.024315399401614198,0.06759031697698044,0.0456370218752232,0.019944392312687617,0.05965671352373861,0.008774743959231368,0.05328669062954181,,,,,-0.0059511556441065264,0.04268728799929617,0.04973685185642199,0.02303317474598243,,,0.053557162062505895,0.008405163422169227,-1.762988783804459e-05,0.026470600931879282,0.010700302510905424,0.027663520471475456,-0.025269893571479282,0.01200761825130101,0.02043893331303338,0.03662593795165042,0.05402520697530221,-0.003036681025983489,-0.013732053097523518,0.035070749469230125,0.0289338562637891,0.0744842252462917,0.016922246094288013,0.007010972651960707,0.04757338604029357,-0.004374983139982777,0.06265930827701635,0.04245055765898375,0.0329891868271442,0.0473132469385034,0.062255865706400876,0.04157954447158519,0.028325479123143787,0.06134083449474976,0.02565859061409532
2012-03-01,0.0021505438394139598,0.062247588373811065,0.05401009263268848,0.05719744117036805,0.028960889328586103,0.013868690377447807,0.009581367851598426,0.046762518081160206,0.06043834902454776,0.04963339990217526,0.012915471334127565,0.03630732061213115,0.03564241001845062,-0.006294203624682319,0.060114967598452924,0.023437873652103508,0.01846521350851264,0.012104423606016886,0.06819277359221872,-0.01586184718435176,0.04057611777605766,0.016076572563619267,0.036199107695623615,0.06837705614254488,0.007496811134302572,0.06266058076746744,0.03391447253173356,0.03735743554752599,0.052923288088235765,0.022948785361069066,0.06796007115961508,0.04971708643851379,0.015985858731841503,0.05943494263626317,-0.008300263242790967,0.03977242443706488,,,,,0.0012362654502739055,0.03711776235145755,0.06605482805892811,0.026269712475982848,,,0.0520174688981093,0.0019763584801618,-0.015248643892392706,0.056130647313825666,0.010296991144991654,0.04266684033661531,-0.015101921487890746,0.011995408483170435,0.008055974413837336,0.026409433223339978,0.05206138533208385,-0.00885233726079579,-0.020823823060184737,0.031614375440240414,0.03378306882231685,0.07627716422619063,0.02264674181232452,0.013349627985338541,0.04511185687568393,-0.001287803007052013,0.06027127925947027,0.03426943897163834,0.030188759921561798,0.03838356661985542,0.060225979204500873,0.04042128065384347,0.012613926330633936,0.06200384555867333,0.00956702236977316
2012-06-01,-0.005946648688540665,0.07286838018075445,0.038905076638789005,0.059865618491152545,0.02695337483797973,0.017040973782904447,0.006435589042474135,0.03623436134919296,0.057295620349453354,0.05000789800011824,0.007120876417074849,0.015080756715225654,0.041955170278313955,-0.016434586497926222,0.05233068289182077,0.04007636893915202,0.012011572334229965,0.028285387269074168,0.035481107001172185,-0.022642408056342232,0.013382709190207318,0.02421643596834387,0.03224637851703471,0.05575866301791876,0.013034095052098637,0.04037777681282397,0.03804372604531893,0.0022246146187869654,0.03737268036184482,0.024868313910466778,0.0729117241427434,0.04036516956810704,0.017471018557642697,0.06926403971792731,-0.015648369135366075,0.04276689169100885,,,,,0.018124252328245265,0.01666119973687777,0.041279018013477005,0.022763432388528137,,,0.06160304869038125,-0.0033257766578682637,0.019807834364883436,0.04323843666801071,0.015485941526279086,0.03066444869771529,-0.00033106066147912825,0.017046892439136346,0.006312097363750796,0.017801914748889737,0.04544083979147558,-0.006796895895012622,0.00555980411244293,0.003561920581611682,0.03750326276471344,0.07826713755538056,0.03191043676130877,0.03949415095209707,0.055323528073448536,-0.009724094204094178,0.01885946790463423,0.033354746811699296,0.009568223094489885,0.03317741025543883,0.04982101238357413,0.02050694613921148,0.027488164037548734,0.062286503104663264,0.005114001944519796
2012-09-01,0.0043570783040700715,0.06729204531502328,0.026253564484787075,0.05794399686441185,0.020795863727651413,0.00786958879518437,0.011250008468962031,0.06332693640387813,0.053152047976160424,0.05744593808903775,0.011504650360581774,0.012862553401691068,0.02265267834328664,0.002637002588046649,0.049898690251204185,0.0053629935109411565,0.018667489729869625,0.017506398535414715,0.05201697425705684,-0.016626545431312346,0.018188936761337364,0.009853525166196862,0.043702671463966274,0.05782872570291049,0.006059861781713253,0.03496487407817798,0.020779739920112724,0.01210173353456266,0.062093601130532965,0.011134731592426386,0.06185103550429957,0.024031482402152214,0.017526115808326578,0.06436864153596276,-0.020488965188796556,0.03070763567219687,,,,,0.005606030843604773,0.028438629774385986,0.04268876744308734,0.0022070204180443514,,,0.06586014272380333,0.0076410510175084516,0.018851276446829972,0.04405229897783872,0.019944053963682356,0.029322188635733347,-0.007539405855514517,0.01699418849688231,0.018607583590087656,0.02842108250978262,0.056523291717186376,-0.0012262525544434334,0.00276363431378667,0.049844879162787105,0.02884149320843735,0.08044373101308044,0.022779289851681334,0.0329701177298976,0.04656489420955113,-0.0057387349082684705,0.026944787523218352,0.04261593273009403,0.02605257121134073,0.011938083539700906,0.01063815204147823,0.039148979257558184,0.018444865313525488,0.05193575585902334,0.00594187373643956
2012-12-01,0.003854807337419563,0.05677306871806438,0.016741260161304353,0.03712942697789974,0.018165870087297885,-0.02500824901706761,-0.003118991017603335,-0.016304102648051245,0.028708923277370874,0.02960482426255069,-0.0014475728991715806,0.01562467558866029,0.022911179402712745,-0.005080397320293372,0.02467579493453955,0.0001889721316722394,0.011094679672190464,-0.009867764798955327,0.0013181115595719021,-0.033404507769408225,0.012766249225582725,-0.016000121840633375,0.03528105765952097,0.027593455721910007,-0.014938481313666157,0.026935225884627708,0.013834996820025012,0.0030233329696245097,0.008732404011768008,0.014582141651511761,0.062347536037305265,0.0403968959373001,0.005332501333255657,0.060641839782724735,-0.008299933623308739,0.029136294230072194,,,,,0.0034145729069223725,0.013560924387521617,0.02866182785973138,-0.003312699437209108,,,0.04832651517818913,0.0028879231736647693,0.006285349806837585,0.015544642701362205,0.006750264804135058,0.02274069269842732,-0.028175501958940873,-0.0015960143042148898,-0.033562170901838544,0.029377875854239104,0.05126155685735086,-0.03672338531290527,-0.015696374849809992,0.019925540450722957,0.004723597916606715,0.07062893027591595,0.015049301519970464,0.01847927078976542,0.045394639328275144,-0.033214891540071206,0.027928535429765967,0.02489766632185495,0.02788180611853979,0.005891021009221242,0.025061516419200056,0.0513137343660609,0.02782206476532298,0.03413087734093157,-0.0009962249750949236
2013-03-01,-0.013667460350971003,0.06505385882619535,0.009147856696542687,0.03057284399989778,0.02116825764196998,-0.008674340984093086,0.005251472683876535,-0.005279558274751146,0.0448001729627082,0.04338732686116657,0.010125702463757779,0.011956230364135156,0.027506869254448844,-0.015371595514712382,0.03958842408409045,0.0056705700316428695,0.008020195433736624,0.0034511935330845712,0.010353008462650717,-0.02648057493221216,0.016836405284435696,0.012988887067757207,0.02883231533583852,0.04101856762284551,-0.00351090217372149,0.02457198081800455,0.0198830783640412,0.018347670931132112,0.031828483953743034,0.016199034131467047,0.07034146098481045,0.04258856723351056,-0.00868362253443681,0.06326726888162046,0.009954499862111822,0.02977770914276885,,,,,0.006804436467469,0.025164970116640557,0.027932355539302924,0.010156163953216536,,,0.024678661891200226,0.0005164714147221454,-2.188650114230157e-05,0.03707560931165023,0.005318088750450152,0.018788434804894706,-0.021102959516890077,0.00026773289711341076,-0.01217811238292191,0.029118922259496204,0.058901248766994554,-0.023103469530072918,-0.024142519172344022,0.012408684185338864,0.012161316107497315,0.08445007455429109,0.010099238509374553,0.006363381826776295,0.05166284156959363,-0.022884299263644704,0.03209592561603892,0.0217676993692867,0.02139962324338152,0.02835296351071321,0.03777591907794547,0.05034542434966337,0.041897036045879535,0.03632643969061874,0.0033915064710743513
2013-06-01,-0.001176373530770742,0.06842256806807501,0.027022166394303722,0.01872143946175876,0.026299577877895094,0.005214276250743585,-0.0019736595944943956,0.01445458024849105,0.04659757134940395,0.05454356200609954,0.012959180331629485,3.20171071319324e-05,0.02971076808346706,-0.02345177302329238,0.039358317224875476,0.010130103763004503,0.006371919578409442,0.016736037532782664,0.026893177655179484,-0.02307535369497089,0.016005669455261766,0.01569065517061745,-0.00303454401812811,0.04660687839003334,-0.011882728932583264,0.021076283621433455,0.024476021884507815,-0.009015633525751583,0.06161460322272507,0.0115663992166798,0.038938285234883366,0.03347121027944939,-0.005391670562886974,0.05875872264963837,0.0030376857125836167,0.03920593604024908,,,,,0.015818972220847126,0.026509138533157953,0.009191277920876102,0.016766808977140394,,,0.06038373724812143,0.0020980465036086536,0.014809763668269037,0.05738381988303562,0.009200693630924277,0.03303495755761002,-0.006407472382239029,0.008459352082341583,0.011286386792368285,0.030818263592604887,0.0454296474528298,-0.02403828420342844,-0.013519485731972408,-0.01836101198091667,0.012419430687281099,0.053344827892463406,0.029531334326701783,0.03032804949781953,0.00832721947606362,-0.015023098312713454,0.02221190813464967,0.025567062491224316,0.014777740464970492,0.019504539510492573,0.02812671111515376,0.04252859935073101,0.04543569063603642,0.029186394529117417,-0.016384170981620563
2013-09-01,0.005085064438208745,0.05240875717977513,0.009336064912552509,0.02346312393684889,0.028346271883045945,-0.0015662879057292262,-2.418357268667258e-05,0.0014931380947038329,0.0356919427828809,0.04038739893437712,0.01706200179782917,0.014127028784236939,0.02799954360009715,0.001070163474703089,0.030258531345240987,0.01353308414017163,0.008773184246583519,0.033252758893687846,0.04547201165934342,-0.027001352089942598,0.013286591134191379,0.015287576755241238,0.021974111487671553,0.034278369185059145,-0.01119703432140683,0.025646429966752784,0.01268169599634806,0.00857212950436153,0.05069855081462035,0.011975418357529412,0.06567113345223853,0.0467318638673351,-0.008002231541156968,0.06828401578368337,0.0004528325641965914,0.019826480509813026,,,,,0.01336454680014688,0.021743821677107516,0.00046823687828228785,0.007926394852568082,,,0.05484052362714248,0.008945983472679895,0.012799647047979939,-0.004966532508001747,0.014728282638959762,0.02238485197970812,-0.009866115735852108,0.021944545995352397,-0.02496222819610356,0.038994922709318966,0.05531003161884267,-0.04775234072866787,-0.012632470469706735,-0.02866732192448646,0.021085115292981415,0.0703453434286649,0.02158515600980068,0.028047419187811725,0.00843795813900415,-0.01570429842554584,0.010065726577155563,0.032177265237723636,0.022901201795080442,0.027364794686030862,0.024285308280837546,0.020049743598735764,0.037981235740041384,0.025719159371498313,-0.006491633202616443
2013-12-01,0.010154597133761054,0.03828923013421536,0.02268506613936897,0.018372170962094772,0.031985141337796764,-0.015379009656560855,0.017384018154833567,0.014640699616058574,0.04724410108451983,0.04623368459147586,0.018143131835853407,0.0198512738730577,0.028046074787188843,0.010428834190695907,0.03777252093453153,0.024545820326013837,0.007351481461011513,0.026472375683182958,0.042835827411185044,-0.014041101721152093,0.020043056750053294,0.024103972828680768,0.04247699865337626,0.04508649762908283,-0.007599129596393697,0.026105550824093805,0.0031870430327181256,0.009579030280603291,0.04564086150995042,0.01967716964663488,0.06754530658737883,0.03454575881641677,-0.0013495876680807333,0.07285683698722323,0.012103692102520991,0.031013431089589805,,,,,0.01812420872260435,0.024656485633036115,0.0119437253834017,0.017744771625282364,,,0.05145256413275134,0.018619025774722343,0.017497697571714422,0.0033724600604529793,0.016123503749439813,0.019861030978190544,-0.008358253954808487,0.01102658755616407,-0.010030748860390784,0.019325656294461976,0.032539987777773685,-0.030128917030256632,-0.011550965769437928,-0.02362278131399407,0.018771981445174016,0.08165032608829682,0.027229605344420912,0.014917362242240542,0.005989874155281481,-0.012788338226116771,0.03317473905872401,0.04114613022751837,0.021275726802839737,0.019760467288682883,0.025081026068193336,0.04636790885948651,0.033855541696647944,0.02751983496201598,-0.0028545479034723063
2014-03-01,0.011287542256268294,0.03747107265862113,0.03331096840038667,0.002633135558317113,0.034124373861363834,-0.00683304261118493,0.013067654655811107,0.023705247116885198,0.048191541276908396,0.03835575683188532,0.015336710405470593,0.02364465876848417,0.027142135872945068,-0.007361952194777434,0.033551232798666605,0.027598472480059314,0.013673203901423587,0.005682787502037201,0.05159670078487364,-0.015500977676393102,0.022522122594221382,0.024514003544526236,0.01052230725875416,0.038837757280716284,-0.007540621286962907,0.037032161281644875,0.004690651447669109,0.016820242390909634,-0.012877140955060118,0.017596833148288436,0.03536279155371614,0.04845654780409067,-0.0023308470673262245,0.06779642171920376,0.0062918333955958895,0.02058689171768612,,,,,0.01181593700681074,0.023557161106838576,0.012558890796776865,0.019985788538479557,,,0.0574337220487822,0.012509028980582506,0.012440297810165798,-0.0033615333841922235,0.015465808640845395,0.02788547459026318,-0.013153486450021243,0.018354076131034174,-0.004956386824569459,0.01743894712580919,0.025162387240986454,-0.04761404567072183,-0.009951938537078335,-0.017852141116698705,0.003144930513512852,0.08005577773519759,0.02925694587037204,0.0068807934269580154,-0.01429178199758751,-0.015786857832899688,0.007883949108708169,0.023666312028458772,0.012764405913144984,0.008369777258436052,0.016234878482995232,0.05546057625926495,0.022658220766251708,0.021148156265994214,-0.007170774297671096
2014-06-01,0.013822710070716792,0.03507142893904307,0.0314129107904313,0.010353471985857192,0.03385135436891899,-0.0025887719492887775,0.012229924427948785,0.027273196893372324,0.02623299018006961,0.03630555584336945,0.020772080224445974,0.007963950904368635,0.034625090215870784,-0.011385979962074544,0.025961208338106948,0.01699921211954923,0.01763629759574213,0.022600988622697816,0.02412665968308197,-0.019546442025336345,0.01816864293251058,0.031857818411569136,0.02009652417300981,0.03299305890016695,-0.01395753157620146,0.03522916334191004,0.010552833728484465,0.0066407270562713035,0.0023253067722249715,0.025373981853151744,0.03589040985563207,0.041666988654213685,-0.004088181572261033,0.07990254817043556,-0.0024115507638202394,0.03609055888689631,,,,,0.021967043224048265,0.029296707435672757,0.0017379051814658732,0.02304227521417163,,,0.06998675938621406,0.029243944143079084,0.023916232606256894,0.012174789359266405,0.023349208539681875,0.03609897844613591,-0.00012709536232745594,0.022909894157498473,-0.002426994500700555,0.025696645003573385,0.025681303177004428,0.000288231803429939,0.013997754440245178,-0.011534514715205151,0.01886181642801405,0.08291054009851528,0.03213479319387329,0.02297160601161942,0.012653658668396121,-0.012013277684112525,0.010688296713756434,0.04554630613720868,0.006275903949813008,0.013515710397663723,0.044315615214022275,0.05736125585756729,0.003657182082918354,0.020540114282067434,-0.00465552645233162
2014-09-01,0.01864725173663289,0.04182038630066405,0.04298681996989179,0.005132139048207356,0.047702920599258875,0.01041613828508917,0.012066961007333364,0.017214217028008693,0.03595258436391313,0.04356225562770227,0.021692792257526093,0.016024961525905317,0.030330419133027628,0.013962542171208889,0.019701978295824554,0.03165473103447007,0.02649103599267545,0.03485720439810255,0.04413406420176327,-0.015396836137829419,0.017323733915134653,0.04056413987514408,0.024834401434142592,0.035822544735817,-0.009253196425501108,0.04493416222009143,0.024502891829756217,0.024005279290370853,0.014992031831057106,0.030950751394375774,0.021913193018598218,0.04512137325365724,-0.007701691824633254,0.07024627033314683,0.0036221431679348587,0.040142734177787305,,,,,0.03284262477376706,0.04331599875029108,0.0153741799402893,0.031224439793144872,,,0.06067748114287559,0.026429390400516915,0.03278873079483968,0.002529958009511997,0.01957155782272959,0.03459587280730682,0.015958994102592727,0.023832497755355952,0.01076204082273672,0.04898489688437973,0.03095998950647278,0.013723368648806439,0.009980400848487668,-0.010174278032032672,0.037665850611016655,0.07653054389921433,0.04186027472262288,0.02908967663127876,0.013954440515580258,-0.008177133570000248,0.022998211437226534,0.0487588586562535,0.021935886021911544,0.034756679128008165,0.03608777477861466,0.04650285185690497,0.02714789432929424,0.0371866822887503,0.005826706785267807
2014-12-01,0.021316070302618048,0.05863897327988477,0.042338353754052885,0.0072781258928913024,0.03728827074213931,0.00944236260968651,0.028440905854818208,0.03534727674198962,0.0377439627826485,0.04158220567192068,0.020757163023582527,0.019501502547001053,0.04051667560210176,0.01638946394546821,0.023635416199430367,0.02516628311517848,0.02167745518486089,0.02626075122777034,0.022756905956404685,-0.012654018982912088,0.019036295249247364,0.03148306421372451,0.023649298672475037,0.02757961157587339,-0.007387811097943549,0.03334335865388374,0.009391583838150757,0.02361794657555827,0.010893598087633126,0.032009445183640114,0.04556225892274335,0.05709483785768961,-0.018213311904963236,0.07694231801336099,0.024281564573190053,0.04170235693504272,0.050723049560114024,0.05597619108748084,,,0.02770466205752499,0.03532046438271455,0.022241939531080265,0.025645801336553423,,,0.07427290560860414,0.03132698417867951,0.025988875240859487,0.009561050993305174,0.026899335891240193,0.0320583602418836,0.00932884248354634,0.036421406901132804,0.005101112268140372,0.04282294845993869,0.03316918695534173,-0.005335764328034837,0.004095670908495049,-0.014242710045168108,0.030354731334595576,0.08578346419714343,0.037448527267179295,0.049548687188534835,0.017635244577200015,-0.008120660399630164,0.02587684723782203,0.030447812536495252,0.036559399542910744,0.03569959303573016,0.03392165785852291,0.03952230244199162,0.031247930896187177,0.03700410686708458,0.006830346309819206
2015-03-01,0.023632795808176354,0.04846719288564713,0.03145984346972905,-0.0024130945791912455,0.03413841851327609,0.01739627538296667,0.03168188201157528,0.020688034943985786,0.05668968673821583,0.04356005571512923,0.024086994697179353,0.013564483045448878,0.03113931199814084,0.014393288173089663,0.02679094847040787,0.04036422866248699,0.02561320198163062,0.011671556182169205,0.0465461320453934,-0.007742972884068023,0.017567901000146435,0.03721766045778248,0.010446470519239158,0.04641854772411588,-0.002645042987694289,0.026448552606245488,0.024482365224001507,0.03140834535586613,-0.0037765076717794677,0.030143669846179968,0.03846947352086428,0.053257444943346034,-0.013136581075818516,0.06948382325330496,0.026493947789074313,0.031203011721578106,0.02417521882020817,0.07074996713715716,,,0.02599385562331026,0.03262280050020316,0.031935120538063924,0.030823561912642513,,,0.07709761308841723,0.021441707094030676,0.03542067667166475,0.017515884246049065,0.030275287309603483,0.039246264486209326,0.013221087140298784,0.04268343084024651,0.02820616941259192,0.02405451760289347,0.03223903326456541,-0.0018600139303793775,0.011242349542655027,-0.006285500503601158,0.029990549698606216,0.0759903246062143,0.03163660644410427,0.03715036941106988,0.03369059001754911,-0.0033408761412945963,0.04367550204349052,0.036840490579723426,0.046568406795216746,0.04179127714141132,0.0396673823879733,0.04424952528114995,0.03360777778502842,0.040192330393217617,0.014259031030981226
2015-06-01,0.01777553238361484,0.04339399957053563,0.04038649743955622,-0.003912342627258912,0.04170982654865158,0.01595873595267416,0.025031042824419068,0.04215308712639442,0.047603931073798664,0.053112580154018936,0.021087861531957332,0.005170478483201657,0.04213760930912892,-0.00806611634681195,0.021977519485299947,0.02249531442594975,0.023066105736310336,0.01687504376828894,0.0623198678542508,-0.014010537328899753,0.014275355433150852,0.036250252832354,0.013073629240369571,0.04113013767166141,-0.017068205488232287,0.021535581484801936,0.01821444599028297,0.012220557940643475,0.007161299136938185,0.031019041769390042,0.016565125957207025,0.025429446229808472,-0.019673652048397786,0.0540662691126682,0.004825226232419089,0.024552960759093287,0.005535185745383087,0.05906203147014966,,,0.021030486304468413,0.03289468732254086,0.006009166132857299,0.03230131388991793,,,0.06346807026240475,0.009041666914252124,0.03264479362704092,0.01232566553153347,0.02451659774030985,0.03460483040465785,0.020982149926546022,0.025834544300519527,0.02300227178051758,0.01380101309488867,0.028385229302402434,0.014388803401928702,0.02159606501035708,-0.014656072161468801,0.028613365876155913,0.05097473278901703,0.018346850993964697,0.04244694747030492,0.03785769221630328,-0.01029196500963088,0.007736398055754336,0.04157028055603489,0.013345628883016152,0.030350897023095597,0.03672686047568981,0.047812311624408,0.029235184958561894,0.027153286369010866,0.0007229191634880803
2015-09-01,0.022754061189588875,0.04464310183554899,0.03241612276582704,0.004044140550092345,0.03731478288495003,0.019974646342786187,0.01991567108711982,0.0344429504544738,0.03642804266054651,0.0443965312197605,0.025893507361894153,0.015314365771087843,0.04509186329397069,0.015408819925956264,0.02356446898923068,0.026489644664397655,0.031094681738292853,0.028411937186294218,0.0596602876031673,-0.012867663637131216,0.02067778685609012,0.03540774658823301,0.02231080448134325,0.03621285052288125,-0.011362205663783433,0.02208757183375165,0.038532592308662614,0.02527761845121681,0.008928582458771981,0.033816562692858106,0.027328953456246544,0.04145037975326605,-0.017791939766879247,0.060948776668766594,0.02531050291263248,0.02946723426319794,0.018976728139360303,0.0435064402755685,,,0.029882014851215208,0.021666433516261983,0.022124584771989843,0.027062955692930057,,,0.05247652946347613,0.02129160240534181,0.03670168515638405,0.012795634299855023,0.03053506158566252,0.03472551512775354,0.008426058690920155,0.04017580502181697,0.013250008163703284,0.007588772490718692,0.030072153859503268,0.005226456049373844,0.006153268267279562,-0.014028813760674988,0.02468949904678778,0.06311234080394738,0.018592790778125232,0.0325585328683339,0.032201453114191925,-0.004534819643563018,0.03688390609131181,0.03338326429787569,0.019021717093939194,0.036149808268194146,0.04261607043070066,0.06324989885789006,0.022290464012419634,0.035412003767339,0.010724997681599943
2015-12-01,0.01744428506931082,0.044212993195471055,0.02086028763872826,0.025158529676192993,0.04418526578343976,0.03420919839751193,0.024750512749860162,0.04396285557744392,0.0456615833629345,0.0393544871103882,0.02317312502935729,0.016749686940965673,0.03863559440268142,0.027231658620059822,0.023605474827273605,0.036213716639742016,0.029570698835401685,0.01584045788164795,0.05914954234310273,-0.0057695069470721835,0.025584877679671485,0.03715719988738526,0.020757001006246483,0.03870023812716973,0.0048780558916594365,0.026371931810354996,0.010678523764201291,0.025714313456679693,0.016433302806615105,0.02423904282189389,0.03254214226692592,0.024848024388022725,-0.00841196417564045,0.06746308578535079,0.02055744407900284,0.04338460989636188,0.0161341120645273,0.05818308121045103,0.004622943225844057,,0.02744481138175024,0.040712067878606664,0.024015169489446465,0.0369488817462791,,,0.036828683398235355,0.0344161489368926,0.02968325521504496,0.01875173109730483,0.031242129508958147,0.03589011600951162,0.02103078640183537,0.038080383944615236,0.026698710933986257,0.009619058947779528,0.015332301492289467,0.011589882372404827,0.023937489407198836,-0.007458416799402832,0.031281368359860624,0.07286650929876094,0.007684152282634725,0.036685490306488516,0.0326341589386247,0.006471377620935158,0.02549397231865227,0.039667973192707734,0.0015386737945024672,0.037792128290953755,0.03612023082063314,0.045350574157890476,0.022154054833681654,0.049196716581851076,0.01439545216757629
2016-03-01,0.013925322650405768,0.04318762267289692,0.01529608203020542,0.011212553576201838,0.040455888055127065,0.032056471530775774,0.030368824414545886,0.04134590595312197,0.06005146574853268,0.05420293161540444,0.025334424140215413,0.02106119969931318,0.03372632837807065,0.014573245661684083,0.02297562845217002,0.01888954077042359,0.02821468336389392,0.01766547961027826,0.06340342183170672,-0.0070105868914252245,0.0182373492864799,0.036143085284031054,0.0019969231471149967,0.048029944523117686,0.0016646302579105732,0.026890620137916946,0.019820967118731003,0.031961262371885645,0.024841174101183208,0.025593601923651968,0.02599099660982163,0.031251570035285094,-0.012841303294678945,0.055472860801934434,0.024798895486543796,0.035972215123818166,0.02144506990888895,0.06811859530487718,0.015535423101182588,0.03596875063882798,0.024357231182604574,0.04046384220008442,0.02974948213793792,0.03231964369046612,,,0.039508306742002036,0.028324177881437863,0.039063743813096366,0.017548814453814877,0.029967129138447887,0.044565722811695796,0.010062097038040787,0.0381458997544041,0.0217422864555328,0.007496752485739852,0.020048348976684248,0.014089944142663138,0.008623662985384197,-0.01158922419912942,0.027695367925627434,0.07239081473153891,0.019619241639910964,0.03585331735398071,0.03416128401243191,-0.004778571514399295,0.012869178855962973,0.03686317260046927,0.008659320248685402,0.04339880812220834,0.03931721177509003,0.03699347275126692,0.011765550892307707,0.04081650708441159,0.00777034922284899
2016-06-01,0.016564775223373497,0.05162744293134625,-0.00974848288821112,0.007387208774347986,0.048892814346218484,0.02611751073307149,0.02929675247763045,0.03572225440023338,0.046496611531702536,0.049153360627522034,0.024264088119203935,0.004876147198012048,0.03535908726411243,-0.001275718501023716,0.026516208807640083,0.01982939668187937,0.026031857157604667,0.03165364906058468,0.058849864049416646,-0.013919903590565125,0.015907086484322062,0.03524130250973826,0.021039517805346825,0.041602162287315225,-0.007979418378525506,0.021573009464023168,0.023560680416887685,0.012942448273572906,0.05482909411797077,0.03143467184969877,0.03884699068161834,0.005729760711075496,-0.007757178188080714,0.05140165556441424,0.017648366408934926,0.02036718543678218,0.01065499610074039,0.058199882571005467,0.006097296788081332,0.03771170018474018,0.005670152186137878,0.003617641549474637,0.0020219609763773246,0.0320058315144427,,,0.04568109634346226,0.03386264222048044,0.036149419985344496,-0.005486609509409778,0.02721424356520184,0.049828650554084496,0.015094415735466642,0.03797119759240722,0.020886562186145576,0.010862675243098176,0.025094133178247383,0.017269156031037788,0.023697987290751465,-0.004674231461327778,0.03240663685829536,0.05773286039122106,0.020589242210890014,0.037124089520104236,0.045712234814409836,-0.006365797511020062,-0.008058111030779537,0.04982405341459881,9.23895022662707e-05,0.03498380185976122,0.04821092003313823,0.04588922599454462,0.011759088907335746,0.03370695008343615,0.008259235397226897
2016-09-01,0.01481795526175235,0.044187129289980503,0.021643812310216316,0.018987798043396127,0.04606119386840331,0.029728189432517566,0.026439016531686014,0.037560266685325236,0.04521246266484489,0.048423385685854255,0.02808746315903155,0.017600146969874733,0.04471213179487366,0.014965125426510106,0.035448379923358836,0.01348881673286923,0.028873168398871277,0.03802351055545676,0.06202614526690308,-0.006957621883862725,0.021885373044475874,0.03928837586465995,0.01786449326330595,0.04386077264904709,0.016878170668237446,0.02276439606655367,0.03665283762767319,0.024373878102870908,0.06341039226384615,0.01715856280887023,0.03275386750546005,0.006709893110898916,0.005390803372021943,0.05657872608122037,0.012663469396056646,0.02777216481192246,0.040381288637098826,0.062423422302501905,0.005935790073241922,0.05026295112680367,0.013826574812350088,0.009705662334413738,0.030296592866818833,0.03426007800191806,,,0.061436692723374334,0.029728601857206015,0.03379892095588836,0.0007456014861421567,0.02044963306197621,0.05465074519351771,0.024426463935904127,0.02236130393952934,0.028244079017942923,0.005460242543339892,0.0067960165730470735,0.02586363205357587,0.010469797102241305,0.0017248134759257879,0.02750898312666018,0.047785290782252875,0.03227972178837987,0.04042445988983294,0.03854501503229755,-0.0061086528294732,-0.0047512886714152,0.04854680464218289,0.014753677839134016,0.03472103217118346,0.0408010042251158,0.03848182403204109,0.03476978586293479,0.03365982105558418,0.01513494245036515
2016-12-01,0.013478818072409273,0.038647605553104224,0.0023647167820802393,0.022119879561823517,0.04755745594189073,0.02966691537483155,0.014818627001605376,0.036858708276281286,0.05354995201361236,0.04096393242684951,0.02090818804904292,0.01532768220900246,0.041359829461841864,0.014600535036956823,0.019972694483034886,0.025726053250370563,0.02334116060881462,0.042478089785546284,0.054548680076967414,-0.012050085657209114,0.019022034655886918,0.03478102487985613,0.013862265622654652,0.02891574434656323,-0.004236532944068637,0.021072489543256388,0.010496065725217978,0.022363891105054566,0.016240726315971107,0.02934932434368173,0.03514910452210079,0.007679778301225958,-0.013290003049342363,0.06354559440159767,0.012805797208537903,0.031696106220578925,0.031708312860244746,0.06341887067284925,0.002270368542751007,0.03444787938409413,0.017435174113958733,-0.0029959792491787785,0.010522009214155694,0.032489914695357155,,,0.05298155139259308,0.021762436209586768,0.03111416472821491,0.011011586166104639,0.020684820735750953,0.03593103507992182,0.0179978108469408,0.02621113510651739,0.022031427802425042,0.003149186268781735,0.006574443301484041,0.01598320265681649,0.01305878597180213,-0.0112739305965738,0.0287930689678312,0.06037426366208944,0.020300418518429696,0.038687002367581595,0.02092335630390058,-0.011330779545547646,0.007413569837357348,0.034420042354954064,0.017644187219474982,0.04008299187968646,0.04536552878075306,0.03426636904752616,0.035647423170203155,0.0359506627742884,0.00863352809785621
2017-03-01,0.0068555601801660575,0.03782761131970673,0.01002660786027956,0.02183880386575531,0.03741525131213417,0.018156708212589,0.015108029385526993,0.03667893433742803,0.02950238156429103,0.03190589064722415,0.01861795392161509,0.0172576599868421,0.03219698363593795,0.01829621771931661,0.01892173376386577,0.04148669409209231,0.024191179949287434,0.04251613574097677,0.0546655704487288,-0.010130370829149386,0.013923932246659353,0.025889081131071877,-0.00030647433722585905,0.015522495589218742,-0.00688485164499006,0.012141042818378052,0.017205467314215288,0.02032421381103986,0.003687914439118125,0.02534738544923043,0.03272257246683118,0.019235579664331415,-0.0245009260338181,0.05385687539957676,0.010309576584287349,0.02214008430721092,0.009650773994411823,0.028565407894818578,0.01787664567267153,0.03265415880665026,0.024054069304821145,0.004317530151501647,0.015717421987966572,0.022269909820344446,,,0.016305526641107012,0.024712456659884217,0.03382921099545326,-0.01809055708029652,0.020619634123724192,0.03693017764537398,0.007084278307159188,0.01629601074520092,-0.024785622377134928,-0.030731395884729586,,-0.011747708782163465,0.016741699576012556,-0.018479533426143103,0.025625844595912623,0.04289565264823699,0.009935012049008552,0.033922054234702056,0.014852661626752374,-0.017143631055100923,0.01751411896134908,0.03453699940941482,0.035537054318936105,0.03432079231247909,0.037125008252969216,0.05418425281338143,0.0413750926797634,0.03261736898558871,0.014909201498447624
2017-06-01,0.0036520751871177465,0.04207761108266359,0.004947282864707019,0.003550409727359915,0.023576687989096436,-0.004673713370451909,0.011314248198615989,0.02330700026977198,0.01707493901983582,0.018089976083424025,0.0050830188615525775,0.0017503377877313244,0.030334343306705557,0.01977257126414472,0.01241901835656073,0.029021989224985202,0.019970505112217377,0.043303723724052175,0.03593123675654937,-0.023489909477594727,-0.0008580535095000809,0.009899743987330886,-0.0011419506647765622,0.01839630409432479,-0.017467082486439193,0.011019386349705857,0.016350727079010106,-0.0023947453568644687,-0.0023644410108657862,0.0247900952663347,0.02420372358983161,0.01083902439376564,-0.030087037682359475,0.03642598629275486,0.008600789524833275,0.019192777686400795,-0.0010917097615045224,0.012027161327425755,0.001239172518239479,0.04430681479328971,0.014121502745539371,-0.002628083169710514,0.0009651936587976278,0.011511198858858922,,,0.020619404351064602,0.02056317039240938,0.029316270036531006,-0.011283327546826493,0.016343895330186174,0.03413387602150987,-0.0025790189417044754,0.015426418145328405,-0.013954912046372298,-0.012051740998596521,0.009174026731728471,-0.005771407356960359,0.01641674270909585,-0.025962509683414688,0.021508003856227573,0.05177402006086962,0.0189068225042728,0.025382802735564137,0.023344997972632456,-0.018758329185965268,0.010553820558634045,0.03260964811019512,0.009590425688018475,0.017264448595774477,0.02819606483950248,0.05252191038143242,0.028138952557816656,0.00510881912254969,0.004618610441099975
2017-09-01,0.004963982874044021,0.04438620902424288,0.012658531602242116,0.008967489509156663,0.03102025543560895,0.0018576372598712882,0.015978838990813763,0.02056476653171211,0.017449134601220776,0.022599319537087333,0.01000087302183899,0.0024548198409323277,0.024196487263822602,0.011147255772604758,0.01558767245067238,0.0315506156241389,0.02173314892621057,0.0439700570735562,0.04357837087042605,-0.023924358020375926,0.0054198394373068245,0.013081539626974684,0.007044948313324203,0.017366119050914244,-0.008370841722029551,0.019462997738416286,0.02728359272273594,0.006223971368007678,-0.004446229842156643,0.021112049212689547,0.02530582157431819,0.014934883648116673,-0.026499847834550963,0.04870188376873018,0.0069286098143524376,0.02256448127655656,0.006888690724223705,0.015063735866162603,0.007888408163859486,0.028453098557285634,0.02006714423424739,0.021830368077416056,0.003748356139268652,0.02165541437187776,,,0.015856760188084427,0.0248664895224991,0.025853373386257213,-0.01916089052666208,0.019150367088109185,0.03511122043568907,0.0007625131514360195,0.01903225914726908,-0.012257463647487546,-0.008216015318583961,0.009715686618649449,-0.013528902500612552,0.01310245333251625,-0.02558999130969264,0.029498310559781506,0.05249512013894859,0.019855896217784445,0.03358732500002252,0.020115159416165387,-0.01946393328851944,0.02018278828791848,0.029851535192342758,0.007284803402245308,0.020228128742916,0.03913625368551859,0.05447774124410732,0.02010930914741528,0.005353722315341547,0.015237487199517698
2017-12-01,0.006354633147421421,0.04333885156222601,-0.004744595478567121,0.013610935431701969,0.023045805825219135,0.0012278568562682887,0.01894131879499874,0.020277602694386124,0.0294123200227286,0.019912909898929385,0.009525344164429255,0.007826116232833262,0.01999910571410455,0.017907600434570767,0.016327326074077983,0.027977226853384447,0.022788676420621264,0.04288714932884464,0.04374486963313821,-0.019547470161835015,0.007961752778109395,0.015649617419822282,0.010075041013066858,0.025163514357927567,-0.008564613850963956,0.021745524206324654,0.019065607504715965,0.011317094022187522,-0.012384918820565326,0.018651206139777297,0.02965377367967346,0.016476330810070643,-0.02695935062283544,0.05097862156569299,0.007971950279152,0.023113187921070227,0.008952673859184435,0.02660261937639044,0.01167313789502691,0.014045512368987004,0.013270623769528008,0.0283109049631535,0.01136570462672418,0.024393529849560495,,,0.012223647616750946,0.02639412500059934,0.0073711167516920875,-0.012215545217791906,0.019256073606076857,0.036126632731282235,-0.010886065425982267,0.01753650936857022,-0.011057945923826647,-0.028941594494776592,0.01898904781463288,0.0054327934507700975,0.011003205963208522,-0.017657757425664528,0.025919696949608384,0.04951749827536571,0.009399337948252474,0.03711080936275734,0.0194542665994455,-0.020567618004313348,0.021529532985604102,0.03448778299211612,0.018118706605039933,0.032046914587474384,0.038466830094383134,0.04511037588478496,0.02175264905541233,0.028512309735623756,0.016670487636069844
2018-03-01,-0.01392192616586649,0.023415644278100885,0.009655156956885836,0.02263085699424083,0.03435681399621985,0.0012220977169620046,0.012429708773781056,0.0030760610040723533,0.027903654312931937,0.03014928298390115,0.020156581687876724,0.010047642161639994,0.010345316853830049,0.016697838895636804,0.036078863944003434,0.04325485691515954,0.01978565246124825,0.027367900172005792,0.015042919206603677,-0.02144834843472543,0.014151788762459545,0.027470218000447834,-0.004287311756526946,0.020637715463894955,-0.008639428864247711,0.019272420178118588,0.03145891259806008,0.019220026336359688,-0.015552627807504079,0.011395049312962762,0.03974505862289997,0.021465320620946245,-0.02598976242091114,0.05778894739592734,0.018745823622521286,0.047477652129017535,0.007206638686668304,0.03770391357585829,0.027404959122954386,0.004330676511599451,0.018224206167653075,0.02405376629296322,0.017488266222703136,0.021857874728719143,,,0.02182838679780771,0.023341187606038417,0.008323948091047998,-0.028529877533212303,0.016829403289773,0.03233817031640362,-0.00950336452591459,0.036759920900481885,0.01006058818688448,-0.03598130107112896,0.032223498776241956,-0.004352930728519487,0.02065170974714958,-0.02172354431378804,0.03635703827114766,0.07574564253720877,0.01845537646165322,0.03162411221654659,0.03475524191826078,-0.02696423922063564,0.03237619373652433,0.04692096034259186,0.012543420569476178,0.02945390922049357,0.034332996509309946,0.052318317748723,0.021260778311597825,0.039111872369825045,0.023822525415872032
2018-06-01,0.004653919224780513,0.012475465049971247,0.01640099593733673,0.0225489812761785,0.002146470118291783,0.006229350830766439,0.015166232467004636,0.011637597074861505,0.017696746128244213,0.02522373492644363,0.016744731822006,0.008624998986033913,0.026714143336109466,0.02048839294133949,0.02629035907194266,0.02586572636676316,0.01984692370793309,0.028001817368294237,0.008179252581027394,-0.012136242176779635,0.015212742896155117,0.02545787159335348,0.02087630759514331,0.02153335149598532,-0.00841810492244006,0.01684813964881425,0.025996364248545675,0.010971748911138854,0.00547615761845526,0.008739750342922266,0.03750970496001414,0.014221806165818899,-0.029681708734618936,0.045865580249837605,0.0061324296782171465,0.021546971914874237,0.010144165269394441,0.017209515542457064,0.019881645770937074,0.008809838003257948,0.017118774139491158,0.03224599224521733,0.0017277470846862074,0.033498548460746104,,,0.019216479886404937,0.02667784841600881,0.025172605470283306,-0.022594104531618763,0.017271436349003192,0.0392303679356373,0.011442675666803757,0.027149522344325838,0.011661371679015613,-0.009320372893234067,0.015842045665492764,0.005574289985814458,0.01473797606358984,-0.012818425121352093,0.028517340346469258,0.04188165234074285,0.02661686910464367,0.03982793668663534,0.02150362582452449,-0.014250866362034053,0.01654631340614141,0.035362106151529994,0.004696463156770548,0.027144711776348446,0.03985942474583352,0.05204493647923783,-0.00014771387266229591,0.029482812114166982,0.015986218693284045
2018-09-01,0.011944704405791698,0.021647856532611035,0.014364028896464478,0.021879689452668428,0.04005617148429125,0.017429194184958065,0.016268335452415614,0.004253392104593296,0.02878161897943343,0.028810442684797,0.0261104178550979,0.010440267624276946,0.011152523134396006,0.02472265020455833,0.030299651354396162,0.027477115169152872,0.03427741288079586,0.03374342733031737,0.027528427278301005,-0.010177857991420465,0.015203372203812711,0.02876835047062155,0.012491077430082534,0.028749752876645784,0.004235605973456998,0.027752758427805516,0.023711754185169263,0.02192826180561361,0.013451616773101065,0.013824059937711186,0.037541598817690536,0.024320651759796717,-0.019274768751017197,0.05912002051462059,0.024300697538101112,0.016940446740233716,0.01267215580078936,0.036442736332397294,0.028021619815667708,-0.0004136339181196355,0.02737067378767123,0.02960101291828543,0.037988591961239625,0.024960943785565664,,,0.03581457373564317,0.04164951391606018,0.019126108010374808,0.005914766352287319,0.02035603005590276,0.04232842275061178,0.014298397421920041,0.02569708139081937,0.012219513164801486,0.013226892111138578,0.026091939550641676,-3.140538863049755e-07,0.021498527758260687,-0.008211992038901664,0.033635479817743105,0.03934502891362793,0.02035351653919149,0.0428307408741735,0.02297017741621857,-0.013178866678021105,0.02739276469678131,0.04348487060339725,0.023202666047632402,0.02497865415517199,0.04575901083734769,0.06313753092087337,-0.004212623030982162,0.027067086928904333,0.02160645966979654
2018-12-01,0.01216901210071824,0.02928675919767673,-0.006140643402022699,0.03341677700369841,0.04697253153521471,0.010820438049149401,0.026082047566233012,0.008262424391579298,0.03716143131922506,0.03280233082439928,0.027544647423572627,0.017575869079026973,0.029738665804016507,0.02570476109844016,0.03620546085154006,0.03895758758718188,0.03081784685308988,0.05032258820698881,0.02893041923920072,-0.009062282991662774,0.024765930160535955,0.029292636945925564,0.023208422169031975,0.036512963212419064,0.024457453410805123,0.028697646105556463,0.030659144473130277,0.027504085165238883,0.013622853922222213,0.0189352512826794,0.04467822552990933,0.029734786055664736,-0.022886823816561354,0.05190675155190569,0.03333571133271427,0.02383541455096838,0.024278831752318323,0.0427232526585496,0.04217794674351485,0.009406072499997763,0.02708184179487437,0.04126117099349066,0.05854326327956434,0.027696546611311174,,,0.019342019882332043,0.04980950208907346,0.037088830808159126,0.01038290799849472,0.028516751553106467,0.048737142877977355,0.012230537134680163,0.03819779387784474,0.00548674765800748,0.011965671803695723,0.03461700005553305,0.005489689207332113,0.02485811641571384,-0.0073458098046746455,0.03964629259480239,0.049844882891995984,0.021625404364921774,0.0510767635010364,0.0380896446264444,-0.010020684236835647,0.030191732312796725,0.0518006580787506,0.019410378285025228,0.030038585803778974,0.04926293287479714,0.06192930807137348,0.012627329521577968,0.030911402040593505,0.026659176091998697
2019-03-01,0.025935736559769048,0.008827689385899302,0.015515682170286305,0.03580974118196714,0.024533231788530264,0.01472627310414005,0.020606255420272127,0.04832261802354496,0.06812539082359348,0.07108097321274283,0.034012525425868925,0.021602706165493358,0.010520741074551112,0.029052311606381838,0.04899524449405734,0.0263020883506924,0.03094824227619615,0.04137231762591989,0.07720767011374241,0.007680126547298799,0.04075141071479518,0.03889767056099307,0.0185469186200473,0.06905225314641517,0.03868366867855009,0.028542425224222952,0.02265873583560042,0.03896054123911169,0.028770940786369298,-0.013614602563409796,0.04289212003252183,0.021996809154453664,-0.008630929395189503,0.04569509364460566,0.017161690538381156,0.029920996704209155,0.05983414162803211,0.054797226052851374,0.03882310214505365,0.005321998652548431,0.018148042625664565,0.018213067462213985,0.054499828033957066,0.041468509340117345,,,0.038942349361928634,0.045722181012409324,0.014654657077627819,0.02467007871570416,0.021578910749971675,0.04800725331604237,0.03590891033044129,0.026764961836216874,0.028304652526664583,0.024140635360656616,0.04101695346642925,0.02273019602476818,0.027462328211821818,0.0064587556582599405,0.027037759515471188,0.05674522823588434,0.026389335188208983,0.04295725864250263,0.02923240064517398,0.0016306902985579771,0.030153041704584008,0.06343810265288549,0.011015454555304767,-0.031288426296880514,0.045011954928260337,0.059164284128967834,0.027297474418780183,0.04003302775622742,0.03565526161488974
2019-06-01,0.014055761993456454,0.019188761763270803,0.029830062596478683,0.024423716419579012,0.024619089866093617,0.016498224581919206,0.01783323874086231,0.040509248601247314,0.05939724950026007,0.04482520733795015,0.022346149699524722,0.017513028129959828,0.02184882810206447,0.03475542067576379,0.040479670212229986,0.037706558613829065,0.04309109613319435,0.03994294473154478,0.02981190189208073,-0.005672773700760502,0.033863420977218284,0.032498352364324336,0.01947079897319008,0.0443469163999331,0.031695271665367904,0.0205319178049293,0.0274600233043988,0.02780341213756031,0.01416174738129666,-0.0015899259976096002,0.03479983075351964,0.03242394929991136,-0.01272231782956523,0.05053943316462564,0.016658868294176066,0.017312117716011318,0.019197742808754102,0.04071889195116331,0.029681719405521414,-0.002594328030437376,0.015620784574835274,0.020352876394216485,0.040534452730113975,0.038294679869519795,,,0.020291975752597016,0.0482104771901177,0.012656904953375707,0.026931243089660512,0.021969216112883147,0.049918653710770734,0.028983177853116663,0.020800562443381687,0.02605134161180327,0.011021466055974222,0.020955384015476804,0.015430295219012121,0.022327629594181518,0.001956840709577553,0.0221009383875085,0.03650407101763061,0.02814305387683006,0.05100014289228525,0.017189220303145642,-0.0038974476568940566,0.017138011793133304,0.05448339438910544,0.012922717598309449,-0.025334871878314003,0.05157756762333107,0.06817956980916125,0.018668039960819702,0.03377727995816325,0.035477501807195555
2019-09-01,0.025099443440315936,0.014025571781533458,0.02688961140483866,0.03681870929649027,0.030463171916805223,0.014742282916403502,0.02707250417151266,0.04507907248921426,0.04262719930041725,0.055518011356441854,0.014216834288012663,0.007391774315948648,0.011381623328576769,0.03221345171088014,0.04424712450410479,0.026941426088195164,0.03220657759882544,0.04311675121122768,0.03687970698517023,0.0019528291196618012,0.033719870348689826,0.017253821542540636,0.018925403393871425,0.04644349741075508,0.04597461911935147,0.01979242918331435,0.036842850780381624,0.01994584632293329,0.03455849982443747,0.013830613293355548,0.052312494346426215,0.0302083030663106,-0.005823958993077698,0.019915333018651168,0.030152537601736303,0.0178615662881516,0.02253945375252704,0.047692474377048315,0.04366677569331363,0.0075514579370281505,0.016000451123236146,0.023537010219820558,0.041722057866130986,0.037683945869892356,,,0.02393930383327662,0.046396941279859424,0.021933011330791185,0.02019235324175851,0.012591305307042944,0.04422047220599794,0.03593829955458515,0.02643965544537671,0.043291031320914136,0.02864038904600756,0.037810304274969356,0.02812717923795177,0.022880106051090275,0.005639810197537235,0.029135983522355195,0.04901229477727494,0.02032515343519949,0.05302320031223664,0.0238820722798979,-0.0005130795093756385,0.03613134432305441,0.05259920418291213,0.014039854185198524,-0.014208052077899429,0.04978063813781004,0.07050608756772583,0.020116894433571383,0.04430473617707316,0.0354722063710653
2019-12-01,0.0216465875125991,0.022597547557459262,0.031751845474250126,0.035937247830627246,0.030230103800947785,0.010845509877822866,0.03663639254625337,0.03475735599448869,0.04648110731194139,0.0563381528438999,0.02023326184480385,0.016193457166174156,0.02246992487232162,0.03500539963293141,0.04511246805350045,0.029182920724896158,0.0405730619648196,0.0482429674295044,0.02790537232900073,0.004292908921449549,0.018663739586808403,0.02104512620064775,0.02036832335312344,0.050488956801821576,0.0400649125597545,0.023504584091551605,0.04026108534720099,0.01835339131724134,0.031874534613866155,0.0168453175077495,0.013153648015788423,0.03286615511150861,-0.0018219664533615303,0.02053779357914379,0.021235367519000493,0.03581278840416075,0.02592485450768366,0.043124698192328614,0.054073899873036096,0.034035639292165576,0.01497757932107023,0.025279773389239955,0.05476674680466779,0.038239413843882304,,,0.031252681068395,0.05265259922469771,0.01850146531209313,0.02590903948274862,0.015485887296217762,0.05484490119739362,0.028635245561437737,0.030588481326227098,0.04014308110412898,0.031244414101505073,0.02184567768512237,0.03655535070328821,0.025603917268159502,0.008434075803081443,0.03366029825564031,0.04648287634546671,0.00791418751651341,0.05296980928015247,0.029909751995081522,0.007378878356605536,0.004410190290364069,0.052128067416485964,0.021036142477727955,0.01771556812356179,0.05810366713996973,0.043967994355758405,0.02391340936174323,0.04736568167233792,0.04220604294262534
2020-03-01,0.014786709569771012,0.01993779541008574,0.03842644073544996,0.01821760903477999,0.04455223700894598,0.0019891176390281476,0.028471108714555195,0.018742596597975333,0.0234003499091158,0.042601404941777436,0.010307773591255873,0.0010058038534934814,0.04555402558213473,0.021886523805718375,0.02620269972023777,0.0377839045507652,0.03251488808288111,0.04790000607123313,0.010746633480871485,0.00044190851271508737,0.007250261484721043,0.012887873332477158,0.004060746748005058,0.03403045358782214,0.008148492502544543,0.02400402604575288,0.03332769814217276,0.012948575391183655,0.017605119417425343,0.02912730976920845,0.02406188462000987,0.043155842118221,0.0063899676371143846,0.02134950024278385,0.022490059932793613,0.030635500383652856,0.02385366732881511,0.028203840269823872,0.035456913328743254,0.049391901334467185,0.01382556473221893,0.028814866270707232,0.06038302036030717,0.021805945127608684,,,0.017122740144213437,0.042759604374322774,0.03321690615286968,0.024313000666108444,0.021039577976146268,0.04938782339013741,0.013253027200798764,0.019579064097851706,0.038256588258917264,0.04290300581950665,0.03535792450081013,0.045370027279558765,0.02255041979828363,0.012254527042479776,0.034283382664525394,0.040576034845045926,0.013378810048550077,0.043906354176323215,0.031749448895161125,0.0048583040975654366,0.013971734716965093,0.06004301998197618,0.014994835101050749,0.042537196964631104,0.047040030982995286,0.049969871656773836,0.03569305228278541,0.0469112942049933,0.03304377795369412
2020-06-01,0.01889169171112836,0.027285698181560448,0.09161599426253147,0.04883618593364985,0.05207544788859628,0.014973884259736487,0.03871619559566495,0.04906004924855357,0.06587134723051544,0.05817680011713335,0.02845801053906426,0.027359916279051745,0.05332764155224133,0.029695122011249735,0.048700644751637476,0.0573578274000637,0.04048762128384719,0.04808890327783743,0.05572126155545047,0.011799092816746215,0.04166643801340478,0.02718153484348991,0.021777927630778376,0.058309954036496796,0.03458182147875721,0.029850766135145364,0.043474838173452456,0.047853755689694036,0.05236984447101301,0.03064999102298692,0.028103095032684454,0.033265212222773684,0.0070513610300072405,0.07581803754771539,0.03663383922685335,0.028339237974199002,0.07295599834059292,0.0645118645193006,0.04011907838502184,0.06644446845481262,0.019494931109673482,0.037445926436103505,0.06552848519629444,0.05255517492356662,,,0.024222977123034988,0.043421121731364955,0.023668258659752618,0.03204005774916618,0.030841547498236758,0.053366680723673676,0.043700467339884475,0.028480300996097888,0.06665060899223205,0.05337997648850072,0.024621594340244198,0.056334990386560445,0.02512031228004985,0.055476985660997465,0.02762665082583533,0.044389827065268325,0.01933222750411315,0.057796453446723135,0.02525956054137322,0.031066076412767187,0.029572183448242764,0.06608723493925812,0.042874458369648566,0.06341530564204222,0.051778129899498745,0.0900348228429451,0.05327457970269165,0.04593152081473229,0.04259824114537158
2020-09-01,0.009404299125217916,0.04689702662705164,0.03836812520201157,0.03717047962032308,0.03141484669161679,0.012435867146172482,0.042499525964888825,0.0342670836631988,0.04535684266183509,0.05941970122733297,0.023797684202313957,0.013781532713881996,0.06893698341100371,0.04096689150023148,0.029142807407088796,0.0539447891694985,0.04647208452096053,0.06081520860784621,0.03721891468964793,0.009550179351437017,0.05991173331383586,0.03082137149552013,0.021682204848740727,0.03336043456255137,0.02689546627465925,0.036404464168577094,0.04853480846180487,0.03264309554086194,0.029691148156172173,0.04173600830876574,0.03747192727119396,0.05210123157154684,0.008292561084605903,0.036247703968031085,0.02697611766480566,0.03692937991073387,0.031007992089310692,0.05399050010527195,0.04728454082799451,0.054874669788781597,0.020766239809320762,0.04641234983340667,0.0450053982748877,0.03836399213577802,,,0.03181711551495851,0.05081150019654562,0.036644419359517996,0.0523360417592202,0.037047085934062744,0.061359572314314006,0.02163509546256673,0.03166268617306854,0.04344292895408823,0.06263292941407719,0.022031243127652932,0.03685096346455637,0.03141574881549128,0.038171612176012455,0.03403245574679069,0.0578631682014044,0.029336900628234606,0.06673294854512862,0.029312366960530297,0.027477822425238444,0.019069191366129157,0.05390790376762824,0.01101396926042447,0.06195478732275003,0.058231297868840744,0.04909170571053768,0.02507477816272687,0.04865842244319573,0.046944373517527394
2020-12-01,0.012114557930631393,0.05005393392987858,0.019731535114181145,0.04468266678883939,0.0415377360747953,0.023135716641106963,0.036169081116583714,0.0450613646257903,0.0480223858045897,0.04266664697298532,0.03668794437234647,0.03745967836891117,0.04939919472884399,0.03988034686996258,0.03373053141766466,0.023274288208759056,0.04510416168770054,0.05488196596524541,0.03357066595500408,0.012100232757390523,0.03754243129668717,0.030740836607726713,0.03147479549547286,0.042042826204176965,0.03217167637054823,0.03765037162767135,0.039047486260987106,0.03773783684968096,0.030589458683825052,0.03442927107569193,0.02502678499228476,0.0487716422242963,0.012185906924345812,0.03176587788942754,0.0326440302270882,0.0447628879987288,0.029699500780420957,0.053548527918398106,0.05056870838066562,0.035189042032904384,0.029762617929525524,0.04240441282115393,0.05097264077046568,0.025493814055456546,,,0.04715919887855588,0.04378540313025573,0.04075219643002845,0.04863050429925246,0.036203363144144136,0.052872144757248954,0.024352711396236605,0.025481304726345567,0.04387270098171436,0.0525148851956779,0.0298017656616275,0.023046896464959037,0.03212058669834044,0.035683161317745474,0.025645237988854288,0.056310922723503354,0.020163042807179128,0.05301724164484053,0.024450525610467826,0.020164451269676077,0.01225882724868481,0.04838520241070793,0.010353569336817811,0.0540336457370093,0.053476554424184745,0.03384079912620053,0.020852130444739547,0.047889875593019986,0.046154782929559664
2021-03-01,0.01284123175985758,0.042914422103191956,0.030850606457761182,0.026533907978844078,0.04043883509261453,0.017278247186646865,0.040170282155114236,0.03686818543064376,0.045828432528417194,0.04318254359114422,0.02629364943038491,0.02089632291658648,0.03920286848509719,0.03677007666930546,0.02997533945505188,0.03811744545889905,0.04487337916586684,0.06159197462446451,0.03416823470038755,0.010588544032408685,0.019925378730107537,0.017065368148128576,0.018453826446273358,0.045357815845958965,0.025316961283077907,0.033388665745545734,0.0396130480608742,0.025953870168690933,0.020551302405305606,0.03626743568263799,0.032465711996362306,0.05553439010294278,0.011427977890793622,0.04488478845734631,0.03139046439279921,0.046850618707392676,0.03440430136887249,0.04545685987128701,0.05408145584759825,0.04713271548071316,0.02435144744990238,0.04084892601831406,0.05734937259398171,0.031111378012525635,,,0.04888969651554428,0.04118975018311805,0.027886846927652958,0.043736614639331116,0.03161855142172746,0.057954825393985485,0.01865813489076211,0.023911936398842745,0.039646821307232016,0.061149795411420786,0.03135253829207008,0.02693189837216164,0.029460537888477547,0.03366044200514069,0.028948301873881723,0.05772241430287722,0.011390052852264177,0.06029454798304481,0.024776375634948108,0.016096529397844013,0.012386720387674778,0.051185233230582855,0.02233104069401664,0.056145689991239534,0.056186531700146175,0.055182404386680206,0.026457431870667122,0.0457737659793144,0.044392794258565446
2021-06-01,-0.0034554339193678214,0.026556083887982647,0.024936226848056436,0.004859179350237208,0.028959932880945834,-0.0070964918555875755,0.025873939353694916,0.009634591340963734,0.007944029162419404,0.019959492758495293,-0.008993057764784426,0.0008022069546395001,0.036161522296050796,0.027005431934091037,0.018957081449489807,0.01384828034658953,0.03538660555515356,0.05106564753267279,0.0027873212977952474,-0.006529981068253471,0.016914765924656083,-0.00989317160108453,-0.005589320713816617,0.019246393982935008,-0.005053962433386824,0.016556432200428885,0.03204172114757427,-0.003923008327869491,0.002476959776239271,0.01888409656950337,0.0240462843103357,0.031643074453494506,-0.005037672430128842,0.017886932519070874,0.021540069112720887,0.03947402633178014,0.011598781320569901,0.011711315314003714,0.040579938349466854,0.04296860758705609,0.00742332138269634,0.02120950669529872,0.030028452718660545,-0.004624067779711674,,,0.02923957687409775,0.032042761843565325,0.0170163581281914,0.0066221663736134775,0.006230541948469607,0.04728230837280702,-0.015259650893607408,0.009044208562515392,-0.0004289623092775918,0.05360920494593259,0.023864731710620708,0.012612604966936778,0.01488691289286911,0.00850005431382808,0.014971154935795851,0.04607645501537963,-0.004441718495918094,0.040439560801699914,0.01993068586743013,-0.0061325222640689426,0.025611920385638202,0.02839917751729225,0.024399959896434995,0.04811304842759486,0.050245959971401376,0.04404686199303743,0.04095036091794409,0.047453698726847786,0.028783839949902686
2021-09-01,-0.005468968734360516,0.027222242331582817,0.020333188190211036,0.008962295632927088,0.026493066654706444,-0.01217173548377605,0.02968215928490436,0.013114111371570245,0.012344018581297793,0.03320809270187949,-0.009262503861860784,0.0008746152037367525,0.04007751547455924,0.03221905710691447,0.03605443424853629,0.026018299241951193,0.03778498671611496,0.04880017953340905,0.01990395700491038,-0.007552291343897075,0.030246450421980053,-0.01841719881645242,-0.012454036869836174,0.029642144969457843,0.009363305294003883,0.025394037603359888,0.03174449773526002,0.005451169028586582,-0.01026233516009059,0.018964526073847476,0.028727068371271258,0.024397647572147706,0.0034239630505713305,0.03231251846044025,0.01412824703899158,0.0408409865126076,0.01233700547692538,0.022723994728722902,0.05101375778603631,0.054443315000434575,0.011389751855478927,0.030485030988784616,0.03953412203998481,-0.003353147547316264,0.05408423844915667,,0.038433515926286146,0.03951415838500234,0.019401709787394236,0.024260801837859836,0.007243084519300717,0.039145895683218974,-0.006059750278492161,0.012383434157275166,0.021961921831444853,0.04732132578597077,0.03321105593484284,0.017490977841809828,0.013414524689825118,0.0031828637499779714,0.021576197164581458,0.04846770028735192,-0.004740388836590167,0.048448590244652395,0.027483069914664475,-0.009169435258750018,0.025809645069315112,0.039732532189702935,0.0219488498596603,0.050251135167389896,0.04657207550225787,0.03424070050100536,0.03176810186672291,0.044783910506616655,0.031650428333478926
2021-12-01,-0.005211521866664376,0.013203348719308765,0.012510066342914329,0.0005860730891861035,0.016038102076964166,-0.010429556573317162,0.05183344493249181,0.008487661998409965,0.0049014241443959446,0.03486535616496967,-0.008790950794723537,-0.003167715188785837,0.03668461017993098,0.024313798563848167,0.021726998646648735,0.019255705890128077,0.03412821260583327,0.044735348412348844,0.008186698428627933,-0.012410280203927291,0.014110367849970117,-0.017768229558160698,-0.006995616522722898,0.033432591329579625,-0.004937687342202626,0.026846960574642368,0.03551989583252861,-0.0047402164787119895,-0.014802952029961704,0.01025084778151798,0.03311330917794352,0.027896184540839194,0.0043057926450913,0.015260814907439966,0.006340830098519323,0.043518758383976716,0.009943015400351113,0.0056495397072044195,0.05304802825137431,0.0672068614071023,0.002670023145867161,0.019563360653433857,0.0495216344137611,-0.0041068306689747945,0.046778541762310805,0.047920511353840275,0.030024286461761668,0.03751109613921389,0.013116848400970745,0.008324582134618574,-0.006133401174778501,0.04215666838698671,-0.006528304636373586,0.014260619728676562,0.013215686282050694,0.042226355762999074,0.03368258792157272,0.013484467425701698,0.02560475197765241,0.002810190403221759,0.018981937012684403,0.04781055645954406,-0.009626882178171814,0.0476765281893555,0.02278987614486678,-0.0030700920838915907,0.02747657607344421,0.04859511223330101,0.017501603092728288,0.048401565831824304,0.0436521670934666,0.030499086635032945,0.02222656525423017,0.041029136775241434,0.027951769461522894
2022-03-01,0.0008060575060161887,0.021033016943636164,0.03533441130867369,-0.007727277897346647,0.03557280800324867,-0.010600501456600306,0.032806873133922686,0.027070471621434177,-0.0038536477645765743,0.01317126705976524,-0.01104588980273551,-0.008019749850685818,0.03871195959792463,0.027209285651473434,0.01394754363903139,0.027442652231759145,0.04194821703451753,0.05074574134303852,-0.0017386997436754723,-0.012279476904827112,0.018606704876660912,-0.01619907161538585,0.005370943589278771,0.03076352561411435,-0.011743805073331406,0.01596342654699612,0.035994490670698556,-0.01023600295112509,-0.011330853316536292,0.012569949503564134,0.03045406169658005,0.0223559586008674,0.002938764959968568,0.021773474245101947,0.025612157834380048,0.042678056366205024,0.02136110651410548,0.010749151623465576,0.04669081442716934,0.06541041204572236,0.01538534536372097,0.0340779581115218,0.059375860973977596,0.013991040592377692,0.056535399732298174,0.05679442590572437,0.03624723367984661,0.04148362074439287,0.03330108828301578,0.029316630473206783,0.028917904670622024,0.043967026781187454,0.004735825115117059,0.018347673912283476,0.012028540373773497,0.04849135241620475,0.03372180473220577,0.032023750067329916,0.035348241480088166,0.0037305465104769332,0.01758294565612281,0.04593147853779687,0.0036487567118294838,0.051004104587590374,0.024138520654426347,-0.0018499406021104325,0.024070653411699575,0.03241257817191762,0.012525254214012292,0.05057504268513314,0.04727483917333485,0.019076658454891215,0.013060599844984604,0.04871337638364771,0.04329062517654027
2022-06-01,0.01428734320553448,0.022656176342992055,0.02975774446975562,0.010918821408381756,0.016282336609123642,-0.004421430456010025,0.031114477377856047,0.055172990192319006,0.00024440548029727705,0.025564701045371677,-0.004781197252803612,-0.0030281668175110277,0.03679502842502313,0.03266372891086804,0.023640343336220213,0.021332070104143796,0.04107754900063729,0.03434426225076251,0.006244889295953238,0.0008797670218555289,0.0029805454962401213,-0.002897258836670165,0.0032137748550613078,0.013452035057961853,0.0006876769027481288,0.029461178612993758,0.03370034646042022,-0.0027043530486318234,0.006634842646445743,0.018175146968789455,0.0323082458102108,0.023488917874582273,0.007554454786710898,0.04117437717434866,0.03197463384838711,0.049751258896077365,0.03613871027792179,0.006875639362734768,0.04266907697758242,0.05312948930819857,0.017129625456611244,0.02166561547110212,0.037915708028661295,0.021566303301607855,0.05764763126929764,0.059208572291450476,0.016386789733796172,0.03669392999751577,0.02490412940185262,0.021200340485718523,0.022408513448343926,0.04302113522074018,0.01740482176783882,0.014128378403577195,0.022829551037862703,0.044578575115250894,0.031001744728418115,0.027757754693819046,0.03144217009141057,0.0054845204987780515,0.023125404153886156,0.04912361044392838,0.013382388291730146,0.04838013541789863,0.02792828479641658,0.010117189892697307,0.02298665339685123,0.046606674015164454,0.01854981709917407,0.05081316281908201,0.04287424109671436,0.0556629434675386,0.032794040346340425,0.04130197102503289,0.041582780705392335
2022-09-01,0.006576950090904536,0.0338887069284205,0.03664223735496599,0.03763436342652501,0.04342816929855467,0.004328473877045039,0.026358013522637395,0.06357798764161154,0.012946242659162712,0.036650419233051644,0.0029852117639218943,0.007869195327818147,0.04497592435436851,0.027486329853409007,0.04487440541788167,0.0207090646864729,0.037722211228554625,0.034318651489004114,0.028251251894362905,-0.005416149504920844,0.021176102463501295,-0.008304251400353818,-0.003137064738199137,0.034955480297416686,0.026502758554811785,0.025144160087936816,0.034766168224297414,0.01753131733545427,-0.0016024266260050146,0.02021340615757022,0.03370790587369663,0.049894479963853496,0.008777898943081544,0.026863638040190353,0.037857801607055826,0.05449734859331039,0.04663971201567654,0.03274737620379953,0.04566821567389688,0.058716143374051344,0.005723134407240628,0.04281791347025771,0.04240348205492981,0.03613896140683048,0.05457690727401978,0.061649803359899946,0.03142620608098416,0.039579130823962146,0.009926886728623217,0.019563869093722347,0.008292501242649434,0.04801303872764828,0.01187516311305269,0.01811286271842406,0.005045073215151579,0.04484065862785794,0.04765859910640444,0.033196041977994487,0.03413511043279676,0.029872574249598376,0.024471741761068696,0.055819519343504084,0.010566931314728783,0.045709449101945604,0.030164332343462826,0.009342495962265045,0.022828523686613682,0.050052296122991995,0.04882088205647116,0.05201750517725189,0.049901453700085516,0.06030147464353874,0.04360705547033561,0.06075279343607221,0.035133156609835424
2022-12-01,0.00550771625229895,0.033073546153891284,0.040173226025791785,0.03759641489120176,0.04391306971975035,0.01840453175583854,0.04984813915546908,0.06873136777357723,0.03519781557457001,0.02662588898491082,-0.0017887027383484716,0.030834491545531088,0.055178372070041774,0.02089515194086414,0.05213880948071896,0.05356036686049392,0.03324766605462476,0.023333562492881144,0.05324394180839227,0.0005242513096156903,0.03751265223387366,0.004832102619726575,0.0036533604051419365,0.05092470317901085,0.030120109149469675,0.02091308980321958,0.03538336722253651,0.03560001353820552,-0.001502526929209296,0.021630494267808012,0.03741159990174959,0.03078601224067909,0.015445036695240943,0.025146756425772833,0.03766125367424748,0.04581761883594423,0.050744783094679606,0.06468866507054831,0.038094241420327156,0.06447022164181941,0.004105174150680284,0.04246221378653661,0.07818877124913923,0.03585515701050366,0.05605328728885747,0.0718820131614777,0.030506694350850558,0.03463587501846194,0.038418956907688255,0.014372487812142285,0.0058918224562918555,0.04575001549148823,0.023061790326185244,0.017226924584125926,0.018992351143353237,0.04804051547271939,0.03577340987361016,0.0388221710306139,0.023789469266238192,0.02610259293551724,0.02173480590012049,0.056941651848936015,0.0074082770037587585,0.042456339946568625,0.049477530159477964,0.0273245510173624,0.031394829953352785,0.06579767625467997,0.048409356387720565,0.05801550148225501,0.043944084137091964,0.04035944264119462,0.04859551273582803,0.05383911699635695,0.0337454148645672
2023-03-01,0.006064130695769725,0.013194353369022945,0.008012436753935344,0.028232732397971052,0.03206760256982547,0.0059227831159872155,0.043063213782014144,0.0567404976948864,0.028809965377293762,0.03910725805659351,0.019660550943696963,0.007696954902154424,0.04078571599073679,0.019165919964001372,0.042066665331463436,0.03792673589675059,0.03470484452875602,0.020565893982761273,0.04059870449934808,-0.002398731022301432,0.027657671746772642,-0.007746723708695315,0.016217611341044578,0.022512366700883538,0.016706817507683765,0.017543085973616486,0.034286149098908876,0.030541356204098556,0.008077431109618066,0.020210396372695554,0.033955951549215296,0.029157768967074164,0.012978421525447427,0.023782165880199,0.033476675937866594,0.04788360824324813,0.03841310490172063,0.04391819126213974,0.04902145422629736,0.05291439316881421,0.003964697644508319,0.03841552130316341,0.06210112308176519,0.03170052121483997,0.05880379621056177,0.05912100607904119,0.0334755318053569,0.03239632400526809,0.025310797191685008,0.02275122841398229,0.004663033371972344,0.041688892881489775,0.0008084334836089784,0.017118285407110093,0.024562506928305212,0.0423257673457059,0.034072189396712596,0.03798655465877642,0.021413765992385304,0.01894227599386283,0.02175894199913048,0.05411178681150837,0.00767638485273617,0.038974760671228584,0.03270214802019553,0.006448570034254639,0.03009811324857279,0.056996270851245916,0.027672049226685296,0.05260345268043484,0.04827336281334927,0.036580841778621524,0.02734576051854266,0.040933716556039806,0.024461746609786537
2023-06-01,0.01972384441124086,0.039130510155996834,0.02197681272143874,0.04559817250379528,0.029238387354641206,0.0166319173393464,0.03951197627059673,0.06270766099059868,0.036359936635507815,0.037491328661588316,0.030640991232332646,0.040639924927076576,0.03313912042714842,0.027035059523177953,0.04498870360579065,0.04164882358940544,0.0407285202223307,0.02324039446215726,0.05237632195489858,0.006428428294482509,0.05596478931549548,0.02005060972415115,0.008170191149202439,0.03876979306064327,0.010640670249817779,0.030062624394565956,0.028748726649807734,0.04514966541662044,0.015921361015422613,0.022092199634657854,0.029773635991514218,0.024279013340347766,0.01256727300664779,0.027485386403285836,0.01327124955854295,0.050714223059026786,0.0448831938430722,0.061604777368778875,0.045559068843632054,0.038396456762891835,0.022473086500881825,0.03953548648689154,0.0428598628214776,0.03850987934835487,0.04644727577593966,0.047467212430774106,0.03802282718835836,0.03671245395282283,0.029594536585167343,0.03392593422704322,0.025243157713277325,0.03202459943508813,0.023220747528562555,0.007172666139846211,0.016922416967591815,0.043682116899931296,0.03784525010500503,0.03632076141605493,0.030307623341873407,0.03032706729739931,0.025679367853816443,0.05629773075573328,0.014611805857326639,0.044433806098699506,0.034241048928115976,0.005118229957490112,0.02408001663661351,0.037650287493095264,0.020720542432948973,0.05547914424127236,0.03697125838757593,0.024261723323535062,0.0339251680458672,0.04498096841139726,0.03568988347075623
2023-09-01,0.0014628326120004606,0.020899783932514522,0.010801216660231797,0.049899638688519536,0.013446692038391838,0.0013874876968387418,0.02373147066275359,0.06810053254871173,0.023534838053052294,0.027187322553674575,0.016480183420057075,0.03556976669048972,0.03589628656797011,0.005912983109824282,0.03696995746097023,0.023370521128274133,0.02088447534510405,0.008556339910974353,0.04505215744400705,0.002120906245771829,0.04304642085326304,0.003831050614540246,-0.004426339165218977,0.060051084667225536,0.01998818780188101,0.00638643343103315,0.016991594202335022,0.05615794500637981,0.009375363244841032,0.007047267305521443,0.01963428386270338,0.017485464360694983,0.002450049744445883,0.03583661916608586,0.02362350628068537,0.0405680954706518,0.030613574468752215,0.05767088061384412,0.03618986970154928,0.040090970655584986,0.0071695991706867265,0.030596196264405108,0.04703027005761722,0.026841287087323695,0.03096782143571194,0.039603902131461706,0.019482989139828967,0.021891174342237765,0.018372979881727577,0.01757668995519063,0.01752761122621225,0.02070977419352321,0.0017751165699574733,0.002176217544493076,0.01173129296169768,0.027699258144212778,0.02530160661101823,0.013670772124931743,0.01239288815325256,0.011819492934299876,0.008442370132430268,0.057495241755078356,0.013648715738830827,0.03362660978472642,0.017843726497163225,0.0077263767071677515,0.024385620167632915,0.035285495533453816,0.024070535130952725,0.03978696381126704,0.0268299307206473,0.02540847735417158,0.01818175209483729,0.024487145021293982,0.0167654687933878
2023-12-01,-0.005266514145006209,0.01840266153033569,0.00789951059410575,0.03705550609941513,0.003252572564315128,-0.0015414394635604287,0.027177388993189364,0.05735943395260672,0.01940972973731252,0.022141511538587073,0.010934533426115646,0.033847321444094275,0.043153593057146944,0.00028598857535061225,0.03701800482729012,0.006198320330207709,0.01123226195987528,0.009254576045974535,0.04045470282202989,-0.00038438155880706653,0.03482726744542694,0.0013023701357540698,-0.011798467365670052,0.046170378090069464,-0.0038396440701075263,-0.002697900626864562,0.01887624808747838,0.05269624178363843,-0.006399998271527472,0.0031787013248688167,0.014838175152591782,0.008251326639057232,0.0058584246632387175,0.02287306308525009,0.007306386358903302,0.03676192012931807,0.030649857145104233,0.05632832277924441,0.028246425799436033,0.05054105300399502,-0.002019870050577148,0.01771060690481545,0.0446186918827912,0.02349695735101151,0.0375451460937031,0.04618901864084074,0.014185813536158156,0.016405868242621552,0.006523915561314806,0.021378740760413368,-0.0038790405509555805,0.027846901729316177,-0.004607761115388837,-0.0029598424387058185,0.01814930864005583,0.02942148670865351,0.0139075164967138,0.01564899296213654,0.009616778488447476,0.021557893524056217,0.0049839093699792815,0.058918087430094884,-0.0016201690038546177,0.021013948587592916,0.009924836097229528,-0.0021203498137075372,0.023870026460379633,0.03654273227577301,0.014283368949940832,0.031286187395203925,0.02452831663809294,0.02804639374616756,0.007258513213502094,0.031205711515386394,0.005579963037169502
2024-03-01,-0.004507833208426875,0.004334188149000227,0.0007187306317437697,1.707241206312365e-05,0.009617521684076253,-0.02233165913260787,0.03267216312744674,0.05011847537542333,0.0010916669525222516,0.010554635998308436,-0.009498796773975192,0.002760506348895067,0.03310386625621334,0.011448582271846777,0.02388703927419256,0.029075882492665794,0.011613759721093086,0.004652077872581104,0.021982158334092478,-0.014719421671152682,0.002355905814584522,-0.020461259665390502,-0.005833968898611946,0.03748731119705085,-0.006265380638181681,-0.0070764481419098016,0.021394433725139148,0.0464306540147625,-0.01551835637402617,0.0004982322740585037,0.009261269033808715,0.008772820527933642,0.004819448094439101,0.023841742716941897,0.01590244265938462,0.029090472452041567,0.0257135540703903,0.043961244636395974,0.03975953969756034,0.030318864581212718,0.011668757473262853,0.02043040199185878,0.05433623084271973,-0.006146961972766252,0.009690356608693274,0.033885256129415176,0.017505179322463954,0.018180514184032485,0.017881886254789193,0.022131192751853136,0.011784686232340011,0.026064287358212822,-0.00785840282073063,-0.0015531323296498686,0.017349279668174303,0.028842389105948427,0.0018591273913597316,0.01382272268265671,0.013507580958287914,0.017635802606012954,0.0009274938309051953,0.03836322021388658,-0.010386907875571982,0.02753578160679796,0.0038440048312345376,-0.01112472246380368,0.02111673010521117,0.040169829660108895,0.014603916177546417,0.03164110305853574,0.03225116977483652,6.496715231954817e-05,0.01633761137661406,0.030979471251464094,0.010412573577412059
2024-06-01,-0.003493200709288124,0.01548695107444868,-0.0037447875270182635,0.007851836852825944,-0.0037787549449319596,-0.02501785391326704,0.03783627368985816,0.047426688805677956,-0.005273505422888406,0.004924060478271614,-0.007964265466639352,0.009042028109503341,0.03398494503021179,-0.005434079919636111,0.017559516987226013,0.020134517189028468,0.01878406097668149,0.009816629865891314,0.022542462140123686,-0.00677058586092387,-0.004144103324934515,-0.018073735224275803,-0.02345801428417744,0.024811346891169754,0.009272880917548769,-0.012285179547664117,0.015266091555459762,0.02914948724123684,-0.005870206164917509,0.0013848701169401744,0.010497076893869878,0.009007385075022616,-0.00039253683215904515,0.02127142532366303,0.010731594169958083,0.02672894080605372,0.021955047402791084,0.03712186082983192,0.0398748407610573,0.026834419734448157,-0.006922312719956901,0.007627342431672448,0.04529141208550381,-0.0031859198165754866,-0.0006811512496859319,0.029528577611947982,0.010977147787801534,0.01894131934360628,0.013879042293611745,0.009483633064187084,-0.011836256288225261,0.0016663900842817222,0.003137487116485086,-0.004684657299374548,0.011880610861592325,0.025373645623101942,0.009065893025889046,0.010443309264391574,0.016756796831397924,0.012077577890254243,0.0031336874425614484,0.035831648102216465,-0.0061670180815891285,0.025795978115826238,0.006080313791704679,-0.023106184544021954,0.03366001294529916,0.03593859528382601,0.014001438811536471,0.03774867048938301,0.025134666639144744,-0.0010839704979892745,-0.0032635297427664606,0.030714025560708177,0.015959436933994407
2024-09-01,-0.022041076176058817,0.016484603152932372,0.0049438767091216865,0.015635200317598248,0.016669765331017484,-0.004438848273711053,0.013426392033182093,0.030337881166456665,-0.0050727067935337055,0.016847014105433843,-0.0037993154897861385,0.020154769761717505,0.03426112696217869,-0.010123153471744271,0.029012239185081404,0.0043533559177563455,0.017765879384092326,0.014244668118966249,0.018320584523760706,0.0061068591156616505,-0.008909471078199876,-0.025968499978688525,-0.03191045487751949,0.031071314431653122,0.023636722196255566,0.01200344132448606,0.015101098199700413,0.03744346784677359,-0.026388882882102376,-0.0007822237937984955,0.014542821528176262,0.0038131497408148015,-0.0011591742692634705,0.012603615308647308,-0.009182464336224445,0.029434799889145154,0.01954543752866932,0.030190977132176097,0.03659294640042534,0.03189418985800282,-0.009952950045332807,-0.008797886679210306,0.038530117160072874,-0.010619976639509286,0.000746983353616202,0.029574420563112044,0.014165053876029262,0.022216119267469615,0.016801418294231672,0.0009497281500546076,-0.013329893544628633,0.013019963802678553,-0.026830993923887547,-0.0026632304559615298,0.0040804703432686116,0.024021341884318786,0.014075410458159542,0.007690738123085603,0.016011110767455636,-0.020674022014887397,0.010484132516572658,0.03083740302367529,-0.02184618328192925,0.028047450959279567,-0.003425428383745189,-0.03548777493343949,0.02668886032371704,0.029079159352255902,0.014635342175922888,0.03411837878297846,0.02538404292015534,0.0018752982415812347,-0.007161621174113737,0.027612015468791017,0.008072550972534896
2024-12-01,-0.018046168499262483,-0.004592114719543947,0.008714351192076461,-0.01620359403468261,0.00026386135886100173,-0.03752318828546117,0.01101556097359516,0.03265023670358926,-0.005083950186134001,0.006609692515855671,-0.013319551999711403,0.007773649633676251,0.04163424296758942,-0.010520661952286353,0.021955712402864657,-1.6243003842523874e-05,0.010920511202982246,0.00498492586241009,0.013291840002613917,-0.02638879604582347,0.0045258696564581345,-0.03045476145924821,-0.020400950839634738,0.030881009455358665,0.0005879850354892405,-0.01210655527121242,0.01606781909184881,0.019102625892512187,-0.03075269872285864,-0.006554569767725244,0.0036972079007820064,-0.006451685415990099,-0.003939348877830199,0.0165430828905274,0.004521878434477321,0.022377713439724126,0.008697890937769698,0.020090272629500888,0.03509026475950293,0.037061880089526746,-0.00957852737383891,-0.007995076802615539,0.03731736316623567,0.010144655340143274,0.0015360095574074026,0.019048109924898676,-0.011869247295214784,0.014547929338735843,0.013031854284338153,-0.009182465046790756,-0.003878838356905913,0.010566331543014087,-0.023567222732870322,-0.0011950174000721562,-0.017654125150005556,0.02610211123771684,0.015593509687329046,-0.02486825239886782,0.01403064621570552,-0.0025269470017215486,-0.0013445165630263755,0.0311554579823948,-0.01311161985433443,0.022870050693232412,-0.0028486947984754703,-0.028845675937206595,0.026051897905858715,0.01356392346042758,0.012637062122288975,0.030457587712781245,0.02592796011983836,-0.0011408784417337582,-0.014535217250278289,0.0244127364193684,-0.0008535871139077486
2025-03-01,-0.0207756608318845,0.005433302931173329,0.008193992837259656,-0.031841276551341814,-0.013289122596649407,-0.03427281667107078,0.020293771077766323,0.015921801664964742,-0.007985308415889616,0.002979280960614498,-0.021548427356895355,-0.007384650286523711,0.03372416086238394,0.006183248097736548,0.009018074797355984,-0.004840371638910513,0.02259946387292007,0.008048758857635105,0.002290561370476224,-0.036255595844920496,-0.026815980829168414,-0.03021255171382982,-0.023475126471920436,0.03621771185964851,-0.0028570113731277436,-0.010111524350253684,0.01819009408961317,0.0016858892356076721,-0.035500342929386,-0.007084851467604019,0.007570214753169966,-0.00737381074930879,-0.009667936997128444,0.019602264851831013,-0.013159113580515809,0.02129280826936147,0.008658004217431738,0.008499152102163884,0.029410458372209312,0.036067141880650765,-0.012392314856072083,0.009782154792634586,0.045028456066635233,-0.016283702027326655,0.02074085001066856,0.033998228436387945,-0.0014851482542142674,0.021755564165999886,0.020015016292817687,2.5978410451114615e-05,0.015229476499654882,0.01602338609358818,-0.02610884478893526,-0.019013364083308074,-0.021429952156817544,0.031129942943585717,0.015696516490787363,0.006518971515634198,0.02533623413614646,0.010431267429176199,0.006068970617599027,0.03274498901013653,-0.020817274118019532,0.024358554113687057,0.0006420118573213607,-0.031505571347881206,0.02233256437345407,-0.01079993982480515,0.0032239051732857993,0.03050677042232728,0.02641685376220688,-0.01152791474005134,-0.014250135829666577,0.025169142110601297,0.0015755224093933178
2025-06-01,-0.01702451318150087,-0.010535624909491252,-0.0033549582573196195,-0.024042016017684943,-0.0111348613123003,-0.024596361260471905,0.020039582920735374,0.04913082193059107,-0.003117090328432618,0.008783155734180894,-0.012086043234293823,0.005255690997956235,0.035917187219431934,-0.00412699072179887,0.011821125205936011,0.007967508148594147,0.020082639192814486,0.0032458347787856245,0.012574373989543372,-0.02517286249516456,-0.016986475098381363,-0.01951430549597505,-0.022762513897918876,0.03590991584492008,0.003195616158823489,-0.014973808015979946,0.021593269117141906,0.015521181540751126,-0.023003032560593675,-0.01026205373167292,0.003695698566013184,-0.011062092674174002,-0.002962313171235936,0.01577808297224721,0.012855690679135683,0.033264279623687304,0.024652233886397684,0.023144984564619817,0.03980340628535866,0.03729158841748681,-0.007838046269263366,-0.0043515973944694445,0.03969462615049502,-0.0037896921532658483,0.011706106664151178,0.02993007778613183,-0.012988434486179663,0.010450706208172601,0.003298530315697769,-0.001684491451327777,-0.0022317209753018167,-0.0036244117193056395,0.0004574979576470815,-0.01770637653480291,-0.0040656349911568305,0.025971289259173743,0.010861713441711622,-0.003213712229195242,0.012249641220915946,-0.01334337627879612,-0.009408604085542829,0.04079141393211705,-0.004363006314767432,0.025972590224302275,-0.001000714859096254,-0.023335706705686708,0.027295954215798068,-0.002456743176432848,0.008494046790767913,0.028102959392934647,0.02035702693063727,0.02278328732394568,0.003948008067490128,0.017506638342693177,0.005994227375581299
2025-09-01,-0.0181868843701866,-0.009654271563068624,-0.005059447538207857,-0.020217057587406665,-0.01638217957215963,-0.026689034509894655,0.013778403202145717,0.004221897326546676,-0.0005833412097386845,0.009294575351782085,-0.019825929812405014,0.003161594021081091,0.024505363953717798,0.0018467718925438104,0.006558180474170857,-0.0007817034050028141,0.023082897908888445,0.0029507364547183192,0.002027105448882534,-0.02341070702298763,-0.018596941594487604,-0.02374655467078153,-0.01960128208660613,0.011974074670833341,-0.01677660965320979,-0.011287622389799568,0.022413513513191156,0.0038185719074651033,-0.025781884410620723,-0.012673202207725814,0.007229945006573895,-0.01561432865399088,-0.003910427157510185,0.012074280014632082,0.008436654838774338,0.03261333313839228,0.017649526371672872,0.0063053492271769,0.02593856055437339,0.03401120168839012,-7.783232859069039e-05,0.011256726716049931,0.0406945772287228,0.010031673131043486,0.008417313711431002,0.02847524734171298,0.006635774252664939,0.006037700599166972,0.018548415105774207,0.01292620636037962,-0.00620390300938926,0.0020279151937834124,-0.025569242400156504,-0.014370857490344455,-0.005740912148154737,0.025235156292544664,0.016671214918413398,-0.00926194130594326,0.007908951091578204,-0.007488024799157598,-0.00739315294138182,0.02484186594904614,-0.016879057893320795,0.01698310100612931,0.0009761169733697222,-0.026367422190072164,0.0304827489510309,0.00326284350140225,0.009397288087990386,0.020399830692208555,0.021256002693851275,0.003543250009475508,0.00016306286396463202,0.013098822795200672,0.0018192503351091918
