,1447,1449,1487,2019,2176,2968,3221,3243,4640,4674,4699,4723,4885,4973,5786,6781,7065,7163,7647,7982,8007,8245,8898,9783,10035,10614,11811,11856,12124,12138,12635,13341,13988,14822,14824,15417,20686,21825,24616,26367,28034,28349,29804,30990,34749,39293,61302,61380,61388,61739,62689,63172,114628,124434,133768,139665,141913,143356,144009,145701,149070,149337,157057,160225,163610,164708,165993,176701,177088,178507,179534,179741,184254,184500,184700
2001-03-01,0.00298617803491652,0.0636971965432167,0.05744674801826477,-0.0014691764954477549,0.013877812772989273,0.06425944715738297,0.031870029866695404,0.056564364582300186,0.016627779230475426,0.056437429040670395,0.061651088297367096,0.05610320717096329,0.07362562417984009,0.018540900200605392,0.05610320717096329,0.04585827887058258,0.017888668924570084,0.019654126837849617,0.056437429040670395,0.030907100066542625,0.056437429040670395,0.017278434708714485,0.05610320717096329,0.056437429040670395,0.06345903873443604,0.056437429040670395,0.037543557584285736,0.02483980357646942,0.0329449325799942,-0.005546256899833679,0.039836641401052475,0.011872378177940845,0.06571104377508163,0.05610320717096329,0.04728494584560394,0.06571104377508163,,,,,0.019536061212420464,0.047584883868694305,0.008353382349014282,0.04957355931401253,,,0.051626428961753845,0.062280964106321335,0.013877812772989273,0.05978195741772652,,0.05283316224813461,0.028828289359807968,0.008353382349014282,0.03971637040376663,0.02658780850470066,0.05816454067826271,,,,,,,,,,,,,,,,,,
2001-06-01,0.037392403930425644,0.05539540573954582,0.01765037700533867,0.009453171864151955,0.03802979364991188,0.015319586731493473,0.008008066564798355,0.04974757879972458,0.013601071201264858,0.05547287315130234,0.018347814679145813,0.03218306973576546,0.06330657005310059,0.01847107522189617,0.05547287315130234,0.059012994170188904,0.01255044061690569,0.05679686740040779,0.06020937114953995,0.018478939309716225,0.06327300518751144,0.015319586731493473,0.059012994170188904,0.05547287315130234,0.019363239407539368,0.059012994170188904,-0.007015420589596033,0.01011390145868063,0.024560488760471344,0.05539540573954582,0.03218306973576546,0.051855284720659256,0.03127318620681763,0.00908227264881134,0.0262311864644289,0.0948011577129364,,,,,0.015319586731493473,0.015319586731493473,0.0312759131193161,0.013601071201264858,,,0.05547287315130234,0.06330657005310059,0.04065589979290962,0.040957316756248474,,0.06251346319913864,0.06480675935745239,0.02322380058467388,0.07591363042593002,0.041044432669878006,0.05849149823188782,,,,,,,,,,,,,,,,,,
2001-09-01,0.0070883254712830225,0.04068365303779871,-0.0015306843206912427,0.0021948803078366986,0.021055301677255178,0.011778929782447696,-0.004592124297761466,0.015657497031216275,-0.00538209270130365,0.05169899053419478,-0.001261185183059311,0.04354318775349493,0.038077878732087206,0.07159032793532738,0.027275759249326056,0.026380335918040884,0.02540877339676095,0.00594024548001085,0.06645302841423285,-0.004061792563964871,0.05009714200392896,-0.00290323489498042,0.06160779025999551,0.04106107690007702,0.008126855365737776,0.049998043223411406,0.03286786740382604,-0.010212197204155237,0.05006342782404584,0.05272626707467976,0.022188500350839017,0.04000564735678138,0.07946978935577098,0.00495782594750568,-0.0037190373654299074,0.06940312621380429,,,,,0.002602056658359854,-0.014002627794988405,0.014786883406702896,0.015529937060398014,,,0.04500757990486712,0.05450687195510775,0.0042790648473101794,0.01019502615021199,,0.06699005957647577,0.06485100808984716,0.02252961841168021,0.014502242693480896,0.07310444778683448,0.05116384136604812,,0.04155602554785068,,,,,,,,,,,,,,,,
2001-12-01,0.059858711538263866,0.06870820825175178,0.017378905947960793,0.024475761099154662,0.03767295834985346,0.027954109865666196,0.014278561200344698,0.03371914620124864,0.0196543004822513,0.07348848105250302,0.04189595447443339,0.04753540176372231,0.04838983759497737,0.06780862113405317,0.044200544058553455,0.05295129112063492,0.04036299014451324,0.07651594428513535,0.06552155000875624,0.02769621356149949,0.06838345956141782,0.0464738987043442,0.06624327611235314,0.06540991935105384,0.028069129326593223,0.0549170301515845,0.11224008301426203,0.02319454258572693,0.044890682280515286,0.0663446944233785,0.03498353074067376,0.048006198034157226,0.0667751150657843,0.04979520954747908,0.0124461413850394,0.08272138541221294,,,,,0.07369536695209923,0.01474749012869897,0.06526399783991092,0.0485055267516807,,,0.05115824168124496,0.006137663115939305,0.018111149718831036,0.03717592424508197,,0.10280750637120441,0.04678106106206678,0.023685744668643913,0.0589433508477243,0.09991782173796365,0.05830178694038949,,0.06703171576162166,,,,,,,,,,,,,,,,
2002-03-01,0.016021350146766075,0.07192329771149568,0.0181646200836245,0.016406385592168293,0.028092168619926222,0.046289864933547406,0.003947023211710295,0.041986430413346466,0.012344651601399971,0.07949306277808076,0.03757549548644402,0.0595097048028264,0.05227896758321781,0.0584436730735972,0.05620251509212875,0.05629929670021625,0.03580607688801435,0.07701245606853574,0.06393395832801234,0.014260317019724418,0.07178396264858443,0.04172649993945699,0.062046897419808046,0.06362641999079707,0.021345043033077684,0.06592299397833823,0.10982232697417266,0.013015540170115476,0.02605925413624667,0.0487163969715041,0.04338973485001676,0.05592239304661646,0.08059648952879753,0.04185951746861916,0.008241783218830411,0.08430037585833423,,,,,0.017058092895115493,0.009478270076712144,0.08652843493374451,0.05358063803551784,,,0.0515091893286852,-0.005300286628274499,0.017155344193711643,0.024401529773790245,,0.11139897626230036,0.027628926704980596,0.013358714215405321,0.05262224248992213,0.10101117141663707,0.06793565039744824,0.052330502816861794,0.066043755767909,0.05895968413222987,,,,,,,,,,,,,,,
2002-06-01,0.004028404171818974,0.051179365824535,0.03158069577885215,0.04275507272978784,0.008407284224518433,0.018144965841070084,0.010508828804170771,0.031745629761070905,0.04836605821402421,0.05951402539502334,0.0276715561806017,0.04049795947498946,0.013138304742016061,-0.017150155936311362,0.04446884244040001,0.059729661219835715,0.03995869502950351,-0.01927229383662337,0.0734710238919809,0.05309755996211973,0.056995334649520835,0.004944053310101089,0.04235285565325679,0.051995586287701824,0.012699333098290235,0.06880131364860535,0.059137454982962724,0.025030787309931364,0.010049043476154682,0.013047348505531919,0.018272988778621012,0.08762238292790925,0.01751151967577972,0.06161971045272151,0.011697454156754236,0.012113352533739132,,,,,0.00795815535404209,0.021667342388464992,0.020121035368164605,0.049690350075876265,,,0.046754086219476396,0.0011909346174336936,0.01642183992074328,0.020589394818097437,0.054884303080711024,0.07298819151559653,0.01918200673516741,0.042879728093909227,0.01863165105935196,0.05967649108890345,0.03207019448443252,0.018689618492907185,0.021324943613808506,0.041345683754886356,,,,,,,,,,,,,,,
2002-09-01,0.016587810611859866,0.07285947479468,0.0036343265861723843,0.007280965710352814,0.027746692010355414,0.029655229770130038,0.04757172131261508,0.037849593331522526,0.012715587694452645,0.06789661778843815,0.02203948800070002,0.05075784082398668,0.06860984129054487,0.04575212562616338,0.04114578231485287,0.05631634501138224,0.04593575751031086,0.06143410856168792,0.05933072169761163,0.0031094844107828353,0.06645596819111119,0.04243668121265308,0.07481776991233291,0.07048610175323505,0.015875234880562535,0.0548751854947556,0.11372131861613648,0.023179785962876436,0.017913985331928516,0.09469828456125144,0.06029023845599961,0.07774950491224357,0.06883495591941519,0.043658164558476924,0.004869963876339044,0.08980189643376618,,,,,0.03072947955523915,0.012105045153023603,0.07221953052246177,0.03085419566645672,,,0.08005062380108692,0.0028531083101771162,0.03384507117336453,0.02147056506018034,0.025206125960357928,0.14487093060521572,0.03403259423079134,0.04667572846549652,0.07644720807381496,0.1025036709994946,0.10893434453103228,0.03416305281781912,0.05824788199299642,0.05603055351396936,,,,,,,,,,,,,,,
2002-12-01,0.031289782168789436,0.06827324006942911,0.020559801309848344,0.03384992212891879,0.016930139722145437,0.04575039379196458,0.05738089332190304,0.03242139658949509,0.01718987125039571,0.06555996708211807,0.030139758305743888,0.05544550419307203,0.052474379020843696,0.06348121641159302,0.05464933418675652,0.059313277219194306,0.049446412758150565,0.06557640616344514,0.05145997050595955,0.014594602954041837,0.06298780538683832,0.03646135849212981,0.05392328332019388,0.06527585254811342,0.019576471513240216,0.06883163901382088,0.08390167853182925,0.03835250253470269,0.02807349308632065,0.07199281967709535,0.053551222089442484,0.07763596679938622,0.07000755036949907,0.04756388884992607,0.02898088467737371,0.08619040393860815,,,,,0.051106243003252096,0.015521639199678305,0.060412765248587644,0.04688229165719099,,,0.05847038158563987,0.019728187095489836,0.0275170851454609,0.03533989195352906,0.03291733705972671,0.09787690834955169,0.026404563978566217,0.05282955431752465,0.06099743269822881,0.08036629301614669,0.0854114113581859,0.0575964585811451,0.02896306755060832,0.04419340279386073,,0.08590937310780271,,,,,,,,,,,,,
2003-03-01,0.0294913839706635,0.06275207510055174,0.031859532504144854,0.04296613802271253,0.017997464392988046,0.06577776463469996,0.0666486359462322,0.026901211267945487,0.02562489965099106,0.07065632608907825,0.030822456408116095,0.06142234498058897,0.05188081210612609,0.09204327404177008,0.060033880372942966,0.06023704313108758,0.03954882997687104,0.07128434746487605,0.04756662713249051,0.02309061771989523,0.07385718804426747,0.04215942888370885,0.04768558305926966,0.06680994887160228,0.04537998724920035,0.06715051921576222,0.11676497959998355,0.0399333459629097,0.03307184226856107,0.09919520920698732,0.050984175008100284,0.07264825951063987,0.07501970523991004,0.05435418532540881,0.00852808343571742,0.08264081709419573,,,,,0.061779308033982065,0.014351147532888969,0.06468695828741612,0.07754898757466384,,,0.06299969430961017,0.015065720337181912,0.03270182001042393,0.04613679891637543,0.035068084489617526,0.13367696463962864,0.02978385536370439,0.04444223224136843,0.04974564352392672,0.08876957086104056,0.09476444460470568,0.014193119734050639,0.050290848349700476,0.06057782771557382,0.09332455186662263,0.09832038802292273,,,,,,,,,,,,,
2003-06-01,0.021189448478079517,0.06012242988475557,0.04344799246135036,0.04528688635729699,0.031203881982207613,0.07113533873155117,0.06081815773762911,0.06322763654699716,0.021916570717923387,0.05152036318535873,0.02289226791384555,0.038874838252512575,0.06732754541625266,0.07472042187804068,0.03704705633650109,0.06481210467301927,0.020255118203225734,0.051056669747299194,0.06085858241740185,0.06458002302747577,0.04894219789829009,0.0679720859940293,0.05925526675887519,0.048165690492143615,0.025141847927653754,0.05004062792316672,0.11802758705414391,0.04176435155932313,0.005617844598842473,0.07416916664234634,0.06175089365624018,0.06420931700792211,0.05084999684088559,0.06346883470441006,0.03293936958107249,0.09929712652454938,,,,,0.0692866075387933,0.045293862951320776,0.005895257226634375,0.07963635625354788,,,0.07527117191524299,0.011281290042428895,0.054467388357968514,0.045293862951320776,0.04927740031346347,0.18598423568679656,0.03227566744479602,0.08731964708047885,0.08019015943684976,0.12567031017142868,0.12020591806922351,0.06518479411222676,0.0638334287991708,0.040608722722366784,0.05128782176502423,0.05339405862598952,,,,,,,,,,,,,
2003-09-01,0.0022433012492817424,0.06433724181972929,0.0015964576597636878,0.04588224036079656,0.03608149854414843,0.03669731302498405,0.059334814612239384,0.019724402063528365,-0.001332119838337899,0.06797748889728564,0.011822868615897632,0.05232910121216015,0.04811221902334943,0.07461015437814547,0.04903094645809102,0.056398404135584064,0.019585579670071847,0.06787018988178642,0.058801434934965736,-0.008677493342074898,0.0702195705195704,0.004954352668709003,0.06085541415983489,0.06640886355027538,0.03199550550997927,0.059220916778846854,0.06690827313527073,0.033246633403865335,0.043478076865549095,0.06012300366766182,0.0443000874442037,0.07298828701932343,0.0512934696045705,0.05546751464134573,0.01274753705266181,0.09201495943444074,,,,,0.039874661001139275,0.02347123778523244,0.07547247103803638,0.05788964633333652,,,0.05568686572851135,0.00817759077734476,0.036426398561680375,0.02724093332848395,0.021466717634370962,0.07698117357050425,0.02496192280506195,0.03556110775093353,0.06615683966726556,0.0924024023536531,0.08425800568160445,0.010118766257138487,0.018729187049694982,0.02228514813790328,0.07985615755288265,0.08131709990820905,,,,,,,,,,,,,
2003-12-01,0.0005819721173571578,0.06910698393938977,0.02801286048968438,0.007188433581365533,0.01850589331750387,0.038955576499343454,0.04351578104239842,0.04489285240535942,-0.010817806490683257,0.04001137232264287,0.01377866504246746,0.04290160586862243,0.06620320399744434,0.05664910651512856,0.02946647570063995,0.022539322163782568,0.0135533387529286,0.055604450244936446,0.04858325253857508,0.00592399412998215,0.05195252362525378,0.04858325253857508,0.03340528285485621,0.03671822409743947,-0.008908034457437456,0.05853148472291628,-0.0055100594503055735,0.01366545946250996,0.02907904235837298,0.01196616509831638,0.035100133488055955,0.06111050194112714,0.010652487090588266,0.05047795951100749,-0.008025840857880417,0.03292294768770666,,,,,0.043349299486464744,0.04132952591709952,-0.006421834340567835,0.049810640660557175,,,0.056623000116807445,0.026301957930429685,0.03657239157555343,0.03585587615146283,0.03577508166449831,0.07873245741695838,0.0618465941295857,0.009898971404564036,0.0669310645761314,0.0930348533484492,0.005682953989895898,-0.016796035740440238,0.03492960624947929,0.0016427284077037562,0.07223293788262476,0.009990594284373622,,,,,,,,,,,,,
2004-03-01,0.029974899127969874,0.013162671330689883,0.02729147944652013,0.012463549017528682,0.02813892104397941,0.033662887706229515,0.05013228488967989,0.03340613975263007,0.03442800148152107,0.0386071763799513,0.026936492717859497,0.04697111954468293,0.03554997500421607,0.022334694679632245,0.03722121067748325,0.04129744838453411,0.034565360800713214,0.05880530089552528,0.06007088472336504,-0.0007722909256453909,0.05126366158237216,0.0399735760276281,0.03180556927768387,0.03813465541268079,0.030794964123956436,0.04926054962670152,0.03705285051823276,0.012094202237056095,0.025436093231947933,0.010207737304876221,0.026093206004167036,0.04945672075562434,0.027991588257833516,0.04594528176375685,0.024063958305687645,0.05030021693637641,,,,,0.04629840063526275,0.04612177848415549,0.027626227927106294,0.03678304142963321,,,0.04772302523637913,0.044059865509940704,0.03556081295986903,0.04127979195845639,0.02914422074839756,0.022369760353941212,0.04523982345664913,0.034466806160298104,0.03953227820907274,0.037260817288360774,0.033885583055454103,0.039131148795967755,0.04178646563073782,0.039683533883714775,0.010207737304876221,0.020185742852195966,,,,,,,,,,,,,
2004-06-01,0.014942676056401857,0.04876335839520275,0.020581656747714738,0.019026885473763726,0.017424224962168982,0.022938160804239036,0.03955208104779857,0.01498894165299425,0.00938524807378672,0.027873721178030726,0.01879715170396689,0.03395564593895059,0.030897862579805375,0.0322604544127969,0.027775932435888766,0.01015836655064737,0.029144218426158004,0.03773933544588733,0.041726214899866415,0.015825659011441482,0.04377786691031392,0.033452311439233,0.04199251538420746,0.027873721178030726,0.01576227431314397,0.03556454509129014,0.0003892127265845418,0.01818921626551826,0.04435663736672456,0.015533022960170605,0.03364470661362217,0.048773185195714754,0.018725642888892155,0.04097597662316957,0.030902763628374914,0.046135728025172885,,,,,0.030248136986429232,0.030902763628374914,0.013081183105561164,0.033452311439233,,,0.04716337364488604,0.0172452540319235,0.03271869729164608,0.03337332393359176,0.02220454665665212,0.06925069098689662,0.03125266967615601,0.05706307596753529,0.030902763628374914,0.032178064897131105,0.015263754483824039,0.0024064829719917026,0.04165502268478072,0.017533478853797888,0.039574638584556045,0.029989729077623414,0.04092666918730083,,,,,,,,,,,,
2004-09-01,-0.010731454388044721,0.05544842334485169,0.0005189853158639662,0.014243142644190776,0.010989692930059539,0.019261180004838462,0.04711918932729096,-0.005325394356523019,-0.0004390936156173979,0.05613159862011392,0.01253811644771011,0.05035428131384764,0.04654328168161609,0.05759249838738602,0.051391044511219716,0.05408633826430269,0.021396318419537836,0.04661876353567454,0.025200609773596463,-0.0026297754820642904,0.055907100481855786,0.02288885007772978,0.0500795846742083,0.0526131418551716,0.0038019291492372986,0.056131528865670174,0.05903954032973564,0.016005578719119107,0.007758092286860047,0.08273022977219792,0.04882271417453076,0.06776041344261965,0.039384041951636084,0.05509546414587448,0.015809450181657792,0.06414044065292339,,,,,0.0289467521839195,0.0270900639029158,0.04512921404918215,0.031235487085469745,,,0.05595795335083291,0.00307850489982588,0.02722600790484357,0.023874547779588445,0.020700768193760054,0.09250072766405776,0.024792316146930508,0.03979946389106168,0.026429417183353777,0.06617321400501643,0.06557757357673881,0.018093001291677256,-0.0007349070933064871,0.00929709675286914,0.06588307960034583,0.06823238705124521,0.05550442030048558,,,,,,,,,,,,
2004-12-01,-0.004288529540684895,0.05670317984215588,0.010059132580036777,0.01520599866174297,0.01245433525671051,-0.0013895006695045966,0.04686379448649914,0.020321278254204902,0.00853320959818279,0.015027626740210704,0.018740873482699757,0.052242561180196906,0.04818341616159758,0.029710757813338092,0.04969842162190455,0.050536140835493466,0.005120191983347716,0.03171950357522908,0.03165514095630345,-0.0023503021524299695,0.0585083870974364,0.02126677345487812,0.053226026484569824,0.027147242680495298,0.003848044896225355,0.05683418851472014,0.07049190239321727,0.008986180428387445,0.02891673573179407,0.0807763885003874,0.05110916941905474,0.06307053994965514,0.04051130744747905,0.0553006815551022,0.002573565071044349,0.04000709150955492,,,,,0.028274070220598378,0.003295653545621718,0.06406425586726253,0.03388170060404027,,,0.048951324434935675,-8.554791634701464e-05,0.005916619360728277,0.027929818042962885,0.00476174692182148,0.0611086631236402,0.027370440260386347,0.039943255347250226,0.03125600189729054,0.057184001506681896,0.0572107881369954,0.031682244676717417,-0.003463720139699484,0.012831100032686312,0.03233389514011671,0.07919302526466318,0.05577991485978478,,,,,,,,,,,,
2005-03-01,0.006067923203560765,0.06377192595866771,0.009239332972056704,0.008006953314730985,0.03300856607090993,0.0037375701148869484,0.034840784869643794,0.032689593434408755,0.004571409968488815,0.013031240612421441,0.018380874142314176,0.026404092428858925,0.05044281512196811,0.03284946360753191,0.05128615707416804,0.05320843132083284,0.04771170623592009,0.04335905103825051,0.034474033473957076,0.002519067801862439,0.04165252152614509,0.02938849856723093,0.04872838292210566,0.017792262910223514,0.00480409424326176,0.06557739705786185,0.06449969029870362,0.018710455333029233,0.024876957558420038,0.06402906657051399,0.05935086390633089,0.06651516006512048,0.03443472325872717,0.05544966512944017,0.029965964281379275,0.04505720576260496,,,,,0.029453170925189176,0.02922262978433113,0.05929461566750023,0.014928107674665195,,,0.055117739627647024,0.013038613421960903,0.021989876658971386,0.032227351735479595,-0.0018464087016195835,0.06826547698134643,0.033416341826456135,0.009200663504434383,0.017787333768665054,0.04431451437114392,0.06504783459307216,0.015790923278459375,0.014669143199847077,0.019090598171266425,0.031874898724702644,0.06782755836377716,0.048822245196672304,,,,,,,,,,,,
2005-06-01,0.008554593985581848,0.05792539431082991,0.024362405102894433,0.02815968402137922,0.017112392479727852,0.026947889653358276,0.050146222609095424,0.024591317152145527,0.01521998696882102,0.025883858625294895,0.016397325290676456,0.0474770453024753,0.06817541321597374,0.05779889219707277,0.04595453251187443,0.053552109856510655,0.03400516438225266,0.037609452199423916,0.02773009476756976,0.010814481030607276,0.04663630436227942,0.02702893326058472,0.045768509843498374,0.03418105146515181,0.016511244281410372,0.06301379293018788,0.0742267386801033,0.01942262787119003,0.023084994443464454,0.06449821465242189,0.06263886401593007,0.0704615896713768,0.03843006615572824,0.055159953286813626,0.030840341027991425,0.06046406340774527,,,,,0.026764969497744016,0.02816066751973704,0.053462675220635775,0.03220655102509658,,,0.05834383852034163,0.023895280757699373,0.03689921990191891,0.029349270468095975,0.025763851442912454,0.06261779953397954,0.02453459744230626,0.015850649315979525,0.028945892058610482,0.03950912859384003,0.05531022257636825,0.028974942219196352,0.01115266666818046,0.020193441408411325,0.032530233410177974,0.0631098150936754,0.03385287092117883,,,,,,,,,,,,
2005-09-01,0.006254387487666562,0.05960255959233563,0.024369202981918393,0.030810146065123584,0.024933662585007774,0.01149061075520587,0.05019698841347381,0.019309708937585685,0.011879884687148153,0.020590330448510493,0.020221448255877603,0.04664778938169221,0.07263305634692531,0.045883216338636734,0.0459239229746667,0.052770547233850065,0.0453661008643504,0.04969775819658946,0.022912129808361947,0.004436104564153993,0.03620726576527338,0.017369563377396403,0.046390774313699305,0.031074035023600524,0.00742205485029958,0.0619785251659269,0.06857823593881919,0.012801706608803644,0.024124138446512514,0.05250237784332537,0.0648025699015057,0.07269572876294589,0.044942181893771194,0.05264494757297054,0.02247639929564825,0.06571586981794217,,,,,0.02673747667841909,0.02870444572768505,0.04831862788578891,0.027946714226625716,,,0.05578784252907898,0.02283108287519321,0.028409817470432922,0.029989433012743885,0.01928200986045551,0.06274378660547927,0.0267774156195023,0.01045369629297902,0.02870614896101633,0.039210063717595965,0.07399855471774824,0.02900693709620515,0.0170259362385931,0.01669023501918666,0.03257838685097979,0.05087595889575224,0.02950968135653068,,,,,,,,,,,,
2005-12-01,0.017430439739998378,0.06073157278855654,0.010368274795598249,0.021346498382894964,0.016992205753605813,0.02938684930022442,0.011837863366396341,0.02620946596532386,0.021478014637127132,0.027642454987496,0.01644576100858522,0.049687492246442304,0.06440155707645874,0.043016976595761786,0.049615753894953867,0.030401667527063244,0.032862769780467975,0.039480403314608024,0.026697776661322458,0.0017401602680830457,0.056650671477005775,0.02522738411331969,0.04865668642019576,0.03250684247603298,0.007741877025501102,0.058738259331168184,0.06551371828964773,0.021419450854757178,0.02798955240059447,0.05081439786010666,0.061255297809230065,0.0648398620330151,0.04073399026547091,0.05030576446466907,0.015676951204311694,0.05254565919644378,,,,,0.028706993126706916,0.023792501260079542,0.05038489908049338,0.02932233500526504,,,0.04865129584361906,0.022427004933727675,0.022570504244229704,0.028637872690026475,0.0055800461569699015,0.04736513791460394,0.028417714051703204,0.022582014139728428,0.022951242778939087,0.04380097032284143,0.06368617596799106,0.029196418583685175,0.008430151501881332,0.012956760325968361,0.037613150491548876,0.05371952971866027,0.025436850405973103,,,,,,,,,,,,
2006-03-01,0.02234023148104317,0.06845407455243714,0.012905764754680422,0.014613705699022383,0.03564694783489472,0.016563398779333504,0.00577377916685506,0.038808379436301915,0.022609638462140067,0.01556499623467286,0.024204187488110734,0.05466419470216706,0.0586429277501586,0.017688999455483176,0.04864032542090573,0.02050831122508767,0.026354267039194385,0.047112305439917936,0.030030815157860786,0.016511765493715382,0.04221644793710237,0.03424414531035378,0.04667206298728392,0.041020575031360876,0.016760717031740868,0.06690507961899685,0.07746743288972852,0.024859940941563165,0.021106820003891733,0.06728940657112849,0.06476593497598071,0.05396115017726567,0.03606578709408627,0.053020544728749404,0.03341505028039862,0.048387612734707874,,,,,0.018884066421472424,0.03133656975156284,0.03481078373947379,0.022942394252773474,,,0.05557931912786582,0.015129775891437996,0.02052982385377059,0.025345918210684104,0.0029137855611433283,0.058514636258310396,0.03829454645129726,0.01795495776334621,0.02367117364748499,0.0483511900099288,0.06496677266170639,0.02817370589661602,0.004475664816893203,0.025007216579797896,0.041349008453041555,0.051139764079164846,0.037140588057088066,,0.08563611470085465,0.006139871846861895,,,,,,,,,
2006-06-01,0.006945191612851609,0.05917176993020461,0.0005027993654843862,-0.001927755605025632,0.02189408191610337,0.021121797545762978,-0.000847840881648067,0.02494641703639784,0.004852903263102637,0.014869553884506575,0.0035965999167176118,0.04064564337550842,0.05251484417878023,0.03889943155760712,0.04079045540151558,0.038342334754862435,0.04714350153197362,0.0349412356019486,0.022852598277787534,-0.0021647587415890004,0.027823658414571798,0.004441298382233297,0.04738584173502939,0.007934922379491791,-0.001960048083003899,0.05053523895990017,0.0794457666114179,0.020819361586307754,0.03156076889295714,0.05327862904742478,0.058851699356458995,0.06104936044335249,0.0319050611614205,0.04729058630168913,0.03110705222898345,0.05696119028704565,,,,,0.02036248147288912,0.020869071414411654,0.050729640791122764,0.026008223446191258,,,0.04613330720120622,0.0016479613814020082,0.032746672841379096,0.024006960004395173,0.022226440932826816,0.05519765205472378,0.03446722228025707,0.017975941711093412,0.012306004005258678,0.0392455020305553,0.07196375868233981,0.008723943296702003,0.01903006318281737,0.02007729551948585,0.034174400526141874,0.04287164516337696,0.022027310816341954,,0.07757057391974846,-0.0016997225807062189,0.006723251308746986,,,,,,,,
2006-09-01,0.006229044663301427,0.06400816571839502,0.026450376938172284,0.008003940624110719,0.02095776034735707,0.031624349444655885,0.00701786253290856,0.032571093695591184,0.010290374852950568,0.03763512800137049,0.0117714593092073,0.03561613481561763,0.07700765712255346,0.0445092474027265,0.045279988592746026,0.03470664848339227,0.038142184871674374,0.04727400751593695,0.032799908382524355,-0.00916366201849808,0.03093390082250924,0.016058561451350727,0.05158599564507127,0.027442399458417435,-0.008354355778892649,0.05865183857915271,0.06038699724605276,0.014393599268832748,0.041131551005015574,0.04854425041304475,0.05806615068279413,0.056591433710316136,0.031730027889497275,0.05011981767902922,0.019671213540908502,0.048630673340238365,,,,,0.03598973227909359,0.03418428130643323,0.04549048122459198,0.03433463380901546,,,0.05367874994335715,0.0011507645677494597,0.03325298821985057,0.019007756534603192,0.03542192255477003,0.05650198596645372,0.04291332947409824,0.012166995709891573,0.0038384556892668924,0.04846968202002638,0.08507950746982268,0.0037280198177637863,-0.003113488016173877,0.0001402495311298931,0.03382623981388012,0.04393186716928138,0.03762311052082006,0.06900538268816388,0.07904614033784158,-0.0003382180094691542,0.011860981574933413,,,,,,,,
2006-12-01,-0.013359148931206221,0.047590908722312315,0.04391824047357176,0.01919767164288813,0.026657918067718743,0.04391824047357176,0.0190549008900634,0.06661861132547643,0.018445982159843895,0.04333648841573261,0.023788475084033887,0.061737046447657706,0.03953836608510748,0.04756033683924851,0.04112777537339477,0.038176635954879794,0.007929787843811827,-0.014294248470108458,0.04333648841573261,0.0038274626510549784,0.016263140265324407,0.04391824047357176,0.04879101975844731,0.040452040511097506,0.015894147209455103,0.04579513044412334,0.06625857108072,0.01878623641036249,0.06661861132547643,0.09929711994712814,0.05416992471158048,0.04769486809959183,0.0011159818477687801,0.05470673560068137,0.01292135038037279,0.031852138035812355,,,,,0.04391824047357176,0.026213831466975975,0.04672186699209392,0.04391824047357176,,,0.05411409228670379,0.023800584326000893,0.04391824047357176,0.04391824047357176,0.04391824047357176,0.09929711994712814,0.06661861132547643,-0.007526865887486752,0.04391824047357176,0.03661281630108188,0.02692971035425,0.04391824047357176,0.01926562226249485,0.02990317189317685,0.04375329426423636,0.03781978663929797,0.04391824047357176,0.08986114392751489,0.10969921700550844,0.008393777862192036,0.019884957204847918,,,,,,,,
2007-03-01,-0.012833447469902625,0.04859336408672979,0.02550155675344511,0.03475642756220963,0.026356759127966617,0.04515738530020575,0.022773775200732142,0.027972226675847867,-0.006162676957574049,0.03920841180063673,0.025331599538134603,0.051460061766057996,0.03448848660147766,0.05625698168491443,0.04710669429868036,0.026356759127966617,0.020233039839088175,-0.013264387264685576,0.04515738530020575,0.02273756653196413,0.051460061766057996,0.025662252860960234,0.04732116995950646,0.04119264114861341,0.024614626336229448,0.04758426708438512,0.06592239653284203,0.033125010839443976,0.06600378369887375,0.10044343996994169,-0.007621300746675641,0.04971190115411975,0.00345286426792468,0.06084566014796694,0.025149712127499373,0.03693645702945399,,,,,0.026356759127966617,0.026356759127966617,0.049453380798113386,0.0258991333225766,,,0.055884116824874375,0.021687044287840414,0.026356759127966617,0.04515738530020575,0.026356759127966617,0.09888608527537245,0.06427845014154117,0.02027128335476335,0.018848692979717575,0.04303318216529249,0.08551569688720458,0.046882718857538336,0.06427845014154117,0.021821622521432646,0.04410593666853552,0.10556926614994613,0.04515738530020575,0.023969730018724277,0.05507817462542797,0.015064998042063932,0.020426690326300012,,,,,,,,
2007-06-01,-0.013099658481277658,0.047460863099591195,0.04378917933956581,0.017169705453094188,0.026482360448734112,0.04378917933956581,0.019259315113331184,0.025507591326115804,0.019128445283551523,0.020550819846178656,0.01823144883280239,0.015110855916948962,0.07300196442826226,0.06307059899080246,0.051184282249795404,0.0223236101782657,0.08255171985623753,0.1006894232803105,0.04378917933956581,0.01133672332404847,0.01746457093505014,0.06755695954800041,0.044346205257341925,0.04378917933956581,0.019773613857624706,0.047705007993681305,0.06477118457804636,0.01638444450653497,0.06906088449205093,0.11001696294475544,0.014247936626791849,0.04838077244044144,0.014449225477442323,0.05992224810928009,0.0223236101782657,0.06474380121443811,,,,,0.0223236101782657,0.0223236101782657,0.0602823138935563,0.04378917933956581,,,0.0560566770099562,0.0202749725371384,0.0223236101782657,0.04378917933956581,0.0223236101782657,0.11001696294475544,0.06755695954800041,0.01823144883280239,0.04378917933956581,0.07944547692520344,0.0428903888595375,0.04378917933956581,0.06587057166187937,0.02149732910474911,0.05863445331210023,0.046285011482199614,0.06755695954800041,0.09834653054071933,0.013997930691538901,0.02020399322472931,0.0223236101782657,,,,,,,,
2007-09-01,-0.007285321905578513,0.044736524992954094,0.04198708501263686,0.01642993110714101,0.027339304277323867,0.04198708501263686,0.017322031212988857,0.04198708501263686,0.01765475365591259,0.042636887478372645,0.025570994865687927,0.06757481805223367,0.06470891953934774,0.043720172215392906,0.0437787128685575,0.021284155408117855,0.013340233160070733,0.00040715586110057304,0.04198708501263686,0.013076049599248962,0.06771648456024046,0.02582258221802922,0.04290524206692422,0.04189337773827854,0.017682224723773617,0.043712339550336266,0.04985071093381708,0.04198708501263686,0.07183569542751478,0.09640543543417847,0.010590370153884806,0.045498558452268925,0.031553386372298736,0.05657215991986134,0.024275100753841372,0.055273413484697165,,,,,0.024275100753841372,0.024275100753841372,0.06473526585207744,0.04198708501263686,,,0.05385786652108251,0.024275100753841372,0.06779787623220063,0.04198708501263686,0.024275100753841372,0.09598638672917557,0.07183569542751478,0.029368909557104198,0.04198708501263686,0.043712789754527914,0.10422887255315916,0.07183569542751478,0.010757735883617007,0.04198708501263686,0.04476590584443619,0.10441138968056911,0.06779787623220063,0.09061549220397098,0.08839771468109799,0.014513575962162432,0.02186799140564223,0.05567376714330065,0.06151834706975635,,,,,,
2007-12-01,0.018031816552328953,0.05819923387142855,0.020186011837352722,0.001589345901934203,0.04185278145209428,0.04401812411588701,-0.003954581771092844,0.009539970721336204,0.009507997885629468,0.05398045303183502,0.018535183010563575,0.02584226240189984,0.06053295527242419,0.05666261169453656,0.0587286957654646,0.01782935035185613,0.04874036780163072,0.05687325387299678,0.021545311619435053,0.005278913088932502,0.01678716875977998,0.02257776399955312,0.05652226813649633,0.020654684023755854,0.01170727513343428,0.058818888142807536,0.06710341615363696,0.030489324511245624,0.04655385349896953,0.054972091068623545,0.06552548123407663,0.05675259731489244,0.051638139918872145,0.057361909461508195,0.020765089474735543,0.0669433680680283,,,,,0.039326796684840626,0.04059755380995034,0.051854907147037936,0.04111103319576883,,,0.06052347287427631,0.011072582013136056,0.03865788351370972,0.04488126498012687,0.04035945963939841,0.061483667287122123,0.0465324896320525,0.016476275425708044,0.026375363076251254,0.060519575272529685,0.08074611689433317,0.040008998067696956,0.005951243097668538,0.014543120831244857,0.04282403774047645,0.07586224666474646,0.04707058433092093,0.07809066121065862,0.044699371127815996,0.006714757093265267,0.02311710237210823,0.06499098829101124,0.07382936425612506,0.056153288524863496,,,,,
2008-03-01,0.022749370622671013,0.04466685193238663,0.02538222852308125,0.0036784503345233754,0.028631072574233737,0.03178166171167154,0.02274657913780545,0.0246076792555042,0.03384811782548842,0.03318502984394992,0.009887550127607133,0.026003836967089466,0.06318628511542262,0.05066327180580494,0.04916638065434256,0.020225566376083276,0.05957644590658057,0.06518878002219065,0.011302650363783136,0.006428895813681833,0.03680904095587903,0.01354492716026347,0.040887555337398546,0.03742052814525792,0.006533415083889927,0.05649628345479081,0.07272419083873373,0.04456535750848234,0.026704902519256914,0.06526670918357105,0.05091649850911999,0.0518344470428904,0.03852619438187036,0.05171091705755063,0.03775279951344715,0.05951406020298618,,,,,0.03655210759957384,0.037920443326646784,0.03195943843769608,0.02581132322480766,,,0.053296545123536945,0.01085356326996206,0.020501492735766444,0.038854320454627424,0.03705950008093149,0.06987139334442206,0.038121166763216245,0.017088469710166875,0.038167705101904266,0.06868009937293501,0.08809600412508072,0.026025398096258034,0.019360602820284272,0.009529323904701627,0.04349047940057884,0.08969761493338906,0.02337670992472241,0.07338606525562923,0.03929060043490012,0.03412551029224295,0.017289721695560176,0.0477362996495953,0.06959846698237505,0.043531231993069505,,,,,
2008-06-01,0.03535890206694603,0.030878165736794472,0.03641902282834053,0.03080538846552372,0.03057420440018177,0.03080538846552372,0.03080538846552372,0.03641902282834053,0.037345271557569504,0.037345271557569504,0.03641902282834053,0.03080538846552372,0.03151075169444084,0.026564812287688255,0.037345271557569504,0.03080538846552372,0.036272116005420685,0.025293994694948196,0.03080538846552372,0.02966541051864624,0.037345271557569504,0.03080538846552372,0.037345271557569504,0.037345271557569504,0.03080538846552372,0.037345271557569504,0.037345271557569504,0.03641902282834053,0.03641902282834053,0.029693327844142914,0.037345271557569504,0.037345271557569504,0.037345271557569504,0.03926852345466614,0.031959958374500275,0.03926852345466614,,,,,0.031959958374500275,0.03080538846552372,0.05333817005157471,0.03641902282834053,,,0.03926852345466614,0.03080538846552372,0.03080538846552372,0.03080538846552372,0.031959958374500275,0.029693327844142914,0.03983135148882866,0.03080538846552372,0.03080538846552372,0.03151075169444084,0.03152164816856384,0.03057420440018177,0.038891006261110306,0.03080538846552372,0.016759756952524185,0.05333817005157471,0.03641902282834053,0.05333817005157471,0.03230121359229088,0.03080538846552372,0.03057420440018177,0.03926852345466614,0.037345271557569504,0.019888481125235558,0.03230121359229088,,,,
2008-09-01,0.013757715635820728,0.04413198953065745,0.027736259778678905,0.0020191010488745166,0.022268137667642986,0.013198646359816811,0.02570102479075734,0.02291509956189903,0.038336177322089805,0.038565175951964306,0.023740627527011924,0.03264424961249845,0.05803909448693735,0.047739651765079015,0.03878806416432945,0.033939304112905085,0.04516588511733754,0.0581544152099699,0.0375424323925211,0.004878175112075275,0.039259098596201907,0.028204583378761743,0.04894977892854237,0.03828611998479637,0.023014675999461463,0.05818411795085178,0.05326565496510993,0.040785396018457834,0.028245833147221237,0.04242099424653621,0.06392731445543445,0.05945234504631891,0.03750590282709214,0.04405813026299101,0.03157888646631474,0.053048717661356826,,,,,0.0342156636599594,0.011540065062027033,0.06243145252517077,0.029244757706615256,,,0.051179249781934326,0.011897154296639383,0.03196942268789668,0.029231992920423777,0.031386231043756666,0.053643922012293975,0.014767385294561007,0.016914015734101194,0.028997786118721947,0.05806572876099332,0.06748020545212222,0.03158040225850924,0.007526528897506616,0.012793794805902687,0.04535756111323474,0.06227782820306796,0.03283993088729121,0.051170034027743845,0.06679049620116312,0.03125243237979291,0.022044204370096698,0.03367437698508509,0.041933314041592014,0.05997414449523652,0.042399753024358146,,,,
2008-12-01,0.030575525015592575,0.024090010672807693,0.03039020299911499,0.025298500433564186,0.024654675275087357,0.03039020299911499,0.028368379920721054,0.030235158279538155,0.020145248621702194,0.029667241498827934,0.025298500433564186,0.025298500433564186,0.030977174639701843,0.029667241498827934,0.029667241498827934,0.027812529355287552,0.018703268840909004,0.02146100625395775,0.024654675275087357,0.027832873165607452,0.025298500433564186,0.025298500433564186,0.029667241498827934,0.020145248621702194,0.02479146048426628,0.027133245021104813,0.03151821717619896,0.025298500433564186,0.029667241498827934,0.029126908630132675,0.02867853455245495,0.02707982435822487,0.02509315125644207,-9.556577424518764e-05,0.029667241498827934,0.029667241498827934,,,,,0.024654675275087357,0.02941051311790943,0.045103661715984344,0.03039020299911499,,,0.023640306666493416,0.024654675275087357,0.02999047376215458,0.04498770833015442,0.025298500433564186,0.03383305296301842,0.02999047376215458,0.025298500433564186,0.02941051311790943,0.04213814064860344,0.03171185031533241,0.038491711020469666,0.01448808517307043,0.02479146048426628,0.03050539642572403,0.030769988894462585,0.029574289917945862,0.025787703692913055,0.03593740612268448,0.03039020299911499,0.04040582478046417,0.029667241498827934,0.029667241498827934,0.024454068392515182,0.025787703692913055,,,,
2009-03-01,0.03217326104640961,0.020843584090471268,0.030884575098752975,0.014815527014434338,0.017611002549529076,0.029842009767889977,0.01808362826704979,0.030884575098752975,0.06624884158372879,0.06624884158372879,0.01808362826704979,0.024120425805449486,-0.001109485630877316,0.015893032774329185,0.047929707914590836,0.029561538249254227,0.01890706457197666,0.016334548592567444,0.01591981202363968,0.026376090943813324,0.02987213246524334,0.029842009767889977,0.029561538249254227,0.06624884158372879,0.01808362826704979,0.029426334425807,0.029834767803549767,0.025241779163479805,,-0.012860382907092571,0.024283254519104958,0.07181839644908905,0.03002479113638401,0.02802037075161934,0.029561538249254227,0.05356088653206825,,,,,0.017611002549529076,0.02915130741894245,0.04265756905078888,0.030884575098752975,,,0.018892941996455193,0.027389325201511383,0.02421589568257332,0.013926062732934952,0.028644058853387833,0.07199258357286453,,-0.0017909170128405094,0.030884575098752975,0.03027060069143772,0.026071706786751747,0.013926062732934952,0.01808362826704979,0.02987213246524334,0.042128097265958786,0.05508405342698097,0.029561538249254227,0.04948265105485916,0.030445881187915802,0.03978704661130905,0.03460601344704628,0.04392001032829285,0.06624884158372879,0.027848441153764725,0.07693126052618027,,,,
2009-06-01,0.0444155956766141,0.04939170230066281,0.05029908815787482,0.004615806378657924,-0.008673771033999954,0.01930690484102053,0.01925523625762686,-0.0008138962442470717,0.010091657917601988,0.032355514791192315,0.01741327025964087,0.01657952249290469,0.05889804587787417,0.01901545914250102,0.03273900627235618,-0.0005791706924552394,0.054863982645850726,0.009331115243105577,0.02884963003635709,0.002170275895745394,0.03849029145245644,0.0409558152716892,-0.00592266044291418,0.03273900627235618,0.03588473502388602,0.06760451713054676,0.0427498174467142,0.028652897999607962,-0.02096381874175908,0.0025760711538655476,0.060594057823946106,0.0674528166931792,0.0344841208242882,0.010091657917601988,0.00038710296188921293,0.06585606790691101,,,,,0.043544393033001304,-0.01629572477633694,0.010128982031608688,-0.0170620522086708,,,0.032270362456894165,0.010737902262259022,0.01662485418201116,0.04439818287982058,0.02633687690735065,0.05764004901966221,0.03583202943496299,-0.0002334330161148636,-0.005256039807446985,0.048722987344697745,0.03537682086667805,0.048520344459418545,0.028379786512899265,0.044788853997616916,0.010160689826426416,0.06253836069721107,0.04196721918472873,0.0634985254664938,0.05071619129510818,0.03712001890110865,0.023572570252991438,0.0281299099959472,0.039787307180709365,0.05049510960662558,0.0529808897504458,,,,
2009-09-01,-0.053262004805250784,0.07118193068610579,0.025758937319035138,-0.0042921634124249205,0.02577645515771565,-0.04380490318934745,-0.000986358217605448,0.004498540581792133,0.03390419357394789,0.031043015174445656,-0.00617984619502341,-0.0028828328462428845,0.08017789507999702,0.030481799573819104,0.036701934484459554,0.05930417675038514,0.03662546094038437,0.025124282162072548,-0.0068248687107163525,-0.0005483369834927786,0.007653709937505782,-0.07223528623144614,0.037853304729737074,0.02483091983390799,0.0063226960532702615,0.0748905446193833,0.006244518537942886,0.0006755108256412598,-0.034145781217919675,-0.013693427177687085,0.04408824806224491,0.04692860922598799,0.03555501313542851,0.04114056958638114,-0.0599859673675345,0.07099505850797183,,,,,0.023608264991537637,0.01638233291510845,0.008827287526075915,-0.044876314184336984,,,0.03984268298332706,-0.004262023345103585,-0.0024631588337989353,-0.0022088168110146918,0.023608264991537637,0.056514890454929474,-0.023521604327901454,-0.0066996779241922195,-0.0037902869520192,0.08984053608943439,0.08024323853220634,0.013594845300129402,0.0333073921047266,0.07038879124881872,-0.0002461625777074616,0.07256563023294817,0.057433142046512356,0.08626498300811138,-0.001157088747783101,0.040623859375396976,0.0400325438353861,0.03580119122419094,-0.03736939576744914,0.10727188352322267,0.037844424082418615,,,,
2009-12-01,0.003177354077280043,0.03663652025466027,0.0064975034857382655,0.016021073885906994,0.012796297925021505,0.0013745941920544546,0.011791692193385921,0.011898279499689812,0.028436465858493114,0.023194831767399317,-0.005140282016471955,0.013565177201990524,0.029909265947237026,0.02325971957995951,0.02964315116669561,0.01160893310736421,0.017796738172930978,0.04740731322284729,0.024867693775488878,-0.0033313517914089173,0.01825301767495013,0.005643344666300482,0.025830142148596028,0.023797092210218224,-0.005095386412274901,0.03341974287483406,0.05074527414987248,0.005765412830783285,0.007369803142993712,0.021283674163569764,0.04806219644622268,0.05158171251122631,0.023206433845251232,0.034236593354622674,0.017694970231912785,0.04274531589231368,,,,,0.00996841632421551,-0.0010095195470377308,0.022589114487029428,0.008786749567084941,,,0.03581400719472767,0.010587075640010263,0.01007110184483232,0.021419208846116096,0.012030062259865899,0.025141954119437173,-0.0024664103702619327,0.0019563835508706858,0.003968117873519136,0.04956796976844423,0.03907098704085152,0.008322564484831103,0.003542449980335351,0.01938047934908971,0.019934502315150097,0.04615285258362907,0.024213343420069585,0.04663786285636926,0.03938302853180511,0.009284892153731399,0.0426347984685169,0.018685095149696275,0.018417482837918595,0.03717735941310507,0.04419535127361665,,,,
2010-03-01,0.0010837803747722075,0.01280969887513658,-0.11954224600862369,0.007172761445915074,0.003235453244794012,0.007446009164952615,0.0013002649207628529,-0.013322345594429198,-0.011065738848924455,-0.0008464871864474904,-0.0018123090678346474,0.001515098178085031,0.0031739986889237804,0.0066243719855436,-0.1193281268288393,-0.000626408357208173,0.037566619392000934,-0.004883238366606563,-0.035680427340145544,0.0013002649207628529,-0.007327174109068229,0.013256912792058114,0.012890137541403087,-0.11964277639138898,-0.11962069166421782,0.047815342221456114,0.0652283493978573,-0.005116575280710668,-0.007771302855430521,0.04951062107059003,0.036621539850080896,0.015603271867573296,0.01609710968633142,0.0294710043361509,0.04262646251560718,0.020228431211647153,,,,,0.012705865571803475,0.019178364744879627,-0.00779741506276139,-0.002861130311720579,,,0.0070943155865985956,-0.0002411000186033254,0.012156388266039464,-0.1194739099449216,0.012705865571803475,0.04420491709298113,0.012156388266039464,-0.018038137558483963,-0.119803721986805,0.04896430393865266,0.0036643154776833864,-0.023884403022769698,-0.0009246305773860096,0.012025479441661957,-0.013046605210090803,0.03934846906619168,-0.014044133235273997,0.0558519330727381,-0.014519524961352276,0.013256912792058114,-0.02285728595006247,0.03839282720058042,-0.1197986701475006,-0.016677510995360897,0.03690732501602123,,,,
2010-06-01,-0.001335775014013052,0.044370926916599274,-0.010256771929562092,0.0027077526319772005,-0.0057960194535553455,-0.005552616436034441,-0.00020783863146789372,0.0152079276740551,-0.16391389071941376,-0.16391389071941376,-0.00781314168125391,0.01725798100233078,-0.00020783863146789372,0.013854388147592545,0.05954815819859505,0.008190317079424858,0.06934672594070435,-0.00866280123591423,0.017548441886901855,-0.004436243325471878,0.011799073778092861,-0.007763898000121117,0.0037377651315182447,-0.16391389071941376,-0.04906980320811272,0.014284763485193253,0.00908139068633318,-0.01171573530882597,0.012415925040841103,-0.0027092702221125364,0.00908139068633318,0.018334172666072845,0.01823851652443409,0.014284763485193253,0.014657762832939625,0.08140110224485397,,,,,0.008190317079424858,-0.010065521113574505,-0.011368456296622753,0.007990623824298382,,,0.014284763485193253,-0.006979765370488167,-0.05158412829041481,0.07625769823789597,0.008190317079424858,0.034750379621982574,0.007941381074488163,-0.008301861584186554,-0.04906980320811272,-0.0014122978318482637,0.00908139068633318,-0.007763898000121117,0.007941381074488163,0.003955988213419914,-0.0057960194535553455,0.028089703992009163,0.008190317079424858,0.015084308572113514,0.013796387240290642,-0.003535493975505233,0.013854388147592545,0.05954815819859505,-0.025971459224820137,-0.013980340212583542,-0.022762296721339226,,,,
2010-09-01,0.0035322127890750087,0.03158743123928605,-0.013020931499931745,0.016928661374786613,-0.013824902553581521,-0.008284681273588732,0.002727326607636582,0.0016941083016674043,0.014892883609488155,0.007115084299565661,-0.0042702336262975945,0.014845896669253497,0.03488935180331066,0.015757253591474948,0.015284811090692501,0.023459073378310834,0.007498121534368366,0.049575138183819804,0.018071839331606044,-0.015012799255218322,0.021053494083561608,0.008839138696041943,0.033728887261352314,0.010233488361618328,0.011635654460584994,0.03697443285033661,0.02173514942963262,-0.004797386550806956,0.01666773372623888,0.026817648599746096,0.04995559585512332,0.03854475075645687,0.018736715056759997,0.054467921572572214,-0.012613700700300306,0.0436612087494892,,,,,-0.00785525144974208,-0.008519852778019926,0.010535275624285145,-0.0014075795468634503,,,0.024897660954404627,-0.004651758569121793,-0.0042683043236968355,0.02086047014283119,0.002680040276217458,0.033987500354979744,-0.036793769033640684,-0.025787351982105255,-0.01766995359449569,0.05031254813830912,0.051041529616731945,0.007449586098392688,-0.004311242650987322,0.019467649336893333,0.012944853156243783,0.0614762438151144,-0.00025086088802791416,0.05391241771637199,0.030427700022723533,-0.00845574551654146,0.025056096385898178,0.008278460487048011,0.012216703083119935,0.0012030973346173663,0.04908301316899322,,,0.04854936234950528,
2010-12-01,0.00489863282338049,0.041006955522290126,0.008141342857406609,0.03190722183035046,0.00984061532906128,0.012533602749500345,0.008733879279514582,0.01736341330261293,0.04673161727869268,0.03809353958886965,-0.006000037093470971,0.027291789170463043,0.0303699138513747,0.022627549434814064,0.047758058607339074,0.004606061150407552,0.02161223435168409,0.024266092027269804,0.03449310481936038,-0.012514875928980698,0.028916504194155417,0.020419571372732332,0.046553356067945854,0.04790870095093709,0.012455716204520479,0.05073814028304922,0.045267583722774535,0.019025748343634942,0.016573708829356222,0.030761808666200183,0.059982315791538135,0.044392657339822304,0.027160527882298547,0.062240541491399674,0.019544000624211567,0.051644030391595666,,,,,-0.00015181463494171082,0.011889969645967034,0.041324549751587406,0.014002984585901171,,,0.0534133522408572,0.0033761789169543077,0.00401049259690553,0.037151670616229635,0.0021289866653714613,0.03347389057148879,-0.007736851641409087,-0.011022900889619965,0.001180784050622455,0.051869544233818454,0.052540065016427065,0.007156382719104492,-0.0057295548667437935,0.029954084214187878,0.021244484067045974,0.06633998717904388,0.013627183304075223,0.05723831904827938,0.045576891923988005,-0.005167430670131771,0.0488566581024929,0.049608995737573464,0.03892774396835923,0.006192420428538815,0.061703490717533616,0.05927982268517379,,0.062073813995812126,
2011-03-01,0.002074641425276379,0.026419022507714378,0.003357375999246329,0.007412631767395094,0.022572869902921584,0.009218406342336054,-0.004107787790310338,-0.002278228150426859,0.044950704437678256,0.027260754787859318,-0.0058010326168837015,0.013578949715511681,0.01816178092622386,0.008493572778828758,0.023735191270926912,0.029913266315175314,0.022497901214251114,0.0205350639087341,0.007264814557361506,-0.009775944396220421,0.01354615063900332,0.02190357174152745,0.04015742161387571,0.04217560046926146,-0.0030280471022664564,0.060769570701271515,0.03029446131193775,0.007757246823621109,0.027107567475777337,0.029058277276515276,0.05729202041758883,0.03837276051349292,0.0165074977076492,0.06313585988694875,0.0014755588016610117,0.03921789337913672,,,,,0.0042167566298337966,0.016534243398347664,0.041443904167113334,0.018761101113686552,,,0.05670647826951856,-0.00797443703815053,0.0006248537267740948,0.03609947812909885,0.004121097867744385,0.025409326785931892,-0.01763286245479696,-0.009259167803664557,-0.023202094505831272,0.03499057389405217,0.043237710975371095,-0.017189902906293995,-0.0021348614423910696,-0.01758931341517261,0.0002170343094203049,0.07282524616576372,-0.0009656480760768579,0.05069763593606372,0.034710195996409315,0.0022451182074033496,0.04852083207531274,0.0012139525675137794,0.023253957115144518,,0.05539538461329834,0.05502276198495496,,0.060031980724129616,-0.0035202819954761664
2011-06-01,0.005806826626483208,0.03898848305209382,0.025396309984341614,0.02657639943341637,-0.005988145294035302,0.019760600156494713,0.00428568049058539,0.010915690252198056,0.039913622368610964,0.04601938288161725,0.0036932348921815544,0.030048306091535606,0.02166773190087483,-0.009599027268662049,0.058736143932682214,0.03013664622925861,0.015923871403789674,0.019157060297111894,0.053158863186623266,-0.025144351062936558,0.023657911361585057,0.030731146469214758,0.025595253548015687,0.06270120657751332,0.027141025502774512,0.03962483211987462,0.027303817220742165,0.013936095621796112,0.036803612909891495,0.025065402003294213,0.060252926939648,0.03496692491956444,0.029301007926820537,0.06569164855625399,0.022077462559551474,0.04450580115154471,,,,,-0.0038823061259832094,0.021626435048614077,0.03139931593699216,0.018280661447636373,,,0.039652739228804974,0.0011539777937886015,-0.007588538881146169,0.0528164365513467,0.007799766540110576,0.0198400028221473,-0.028351734754584763,0.0024059589800955535,0.009497608652121209,0.022396016225060936,0.03988066427674706,0.010920047017869437,-0.01620045746649763,0.011177822603956738,0.022558289735743843,0.07192980971091754,0.0178897068499246,0.016830117446417422,0.039694426810419785,-0.010524333564546667,0.02448286655148269,0.06702115489297329,0.016870294328189036,0.004826629643319692,0.05469357565718735,0.057512805698529644,0.06272444319660311,0.05331959364791478,0.016701149609876922
2011-09-01,0.0012416690372761166,0.05185407485280922,0.027602814325105453,0.035560360929072304,0.015049588457630696,-0.004493967126494563,0.005631850091088976,-0.0037599480017400442,0.04175292641591563,0.026676680291421912,0.0001858303125687177,0.02715842722195635,0.024771213689649026,0.002503265158244128,0.03951379838876446,0.01320715785680032,0.01617575184734223,0.029400196068562198,0.017021227239193196,-0.016778799280763194,0.02384721350204493,0.00992508712656533,0.031946356228190836,0.044640911007282236,-0.003925422241051356,0.04220959500403043,0.02513366079024321,0.020889518579821544,0.015898816709540808,0.029183761032398683,0.05884273674314427,0.04077273038381241,0.022839727562245376,0.05123008301942046,-0.01336600183367399,0.03950036456518157,,,,,0.00430935801739516,-0.008039305206416773,0.037524977382707256,0.007594343193748466,,,0.04743787691739567,0.010684393956835885,-0.0015568405845884786,0.020746929330094997,-0.009785094815395407,0.04731399711583927,-0.012747985299002718,0.0014477494433819595,0.001522756049190966,0.03761124527134345,0.05922658611317242,-0.001086559201911242,-0.004944137942061865,0.006962565380289332,0.025377314224022736,0.06490144136656854,0.0052766470980459956,0.017880090652936113,0.04404406904996888,-0.01573316870126661,0.02860481189304584,0.04207481027002279,0.03243791356390488,0.032613490194403565,0.06339968209534497,0.04951032775871712,0.015754005752086762,0.0690577719084105,0.014988882496911864
2011-12-01,0.007657773792743683,0.016739770770072937,0.011182372458279133,0.011942140758037567,0.007657773792743683,0.016024500131607056,0.007657773792743683,0.027133537456393242,0.019972989335656166,0.01642986200749874,0.010202104225754738,0.009710432961583138,0.007657773792743683,0.009710432961583138,0.013976695947349072,0.016024500131607056,0.009602983482182026,0.007657773792743683,0.01642986200749874,0.007657773792743683,0.011942140758037567,0.016024500131607056,0.009710432961583138,0.01642986200749874,0.010202104225754738,0.04723667353391647,0.009710432961583138,0.011942140758037567,0.027133537456393242,0.007657773792743683,0.009710432961583138,0.009710432961583138,0.009710432961583138,0.011942140758037567,0.011258172802627087,0.009710432961583138,,,,,-0.005575439892709255,0.013045085594058037,0.009710432961583138,0.016024500131607056,,,0.011258172802627087,0.016024500131607056,0.009867600165307522,0.047983307391405106,0.010202104225754738,0.009679830633103848,-0.012574242427945137,0.007657773792743683,0.027133537456393242,0.007063869386911392,0.009710432961583138,0.016024500131607056,0.00643058679997921,0.022539179772138596,0.010202104225754738,0.01605580374598503,0.016024500131607056,0.003693427424877882,0.016739770770072937,0.010202104225754738,0.009710432961583138,0.01642986200749874,0.008183332160115242,0.007657773792743683,0.01605580374598503,0.008183332160115242,0.012142295949161053,0.009710432961583138,0.009710432961583138
2012-03-01,0.010678342543542385,-0.012861277908086777,0.025685004889965057,0.04413820430636406,0.011162079870700836,0.029773805290460587,0.00655317772179842,0.049951035529375076,0.01604604348540306,0.02851037308573723,0.00655317772179842,0.012914142571389675,0.011162079870700836,0.00655317772179842,0.02361036278307438,0.012637189589440823,0.00655317772179842,0.00655317772179842,0.02851037308573723,0.00655317772179842,0.027070041745901108,0.020276540890336037,0.01604604348540306,0.01604604348540306,0.022679809480905533,0.07740069180727005,0.011162079870700836,0.049951035529375076,0.0672006607055664,0.019073709845542908,0.014702055603265762,0.01604604348540306,0.012768086977303028,0.025685004889965057,0.013793529011309147,0.010936940088868141,,,,,0.013793529011309147,0.07455094903707504,0.01604604348540306,0.01676235720515251,,,0.02024507336318493,-0.016543077304959297,0.008584879338741302,0.07515933364629745,0.013793529011309147,0.019073709845542908,0.022134456783533096,0.00655317772179842,0.02699347957968712,-0.0008733709109947085,0.014430416747927666,0.02699347957968712,-0.001149413757957518,0.049951035529375076,0.022105123847723007,0.02024507336318493,0.01676235720515251,-0.013226295821368694,0.031497810035943985,0.01504046656191349,0.014430416747927666,0.02851037308573723,0.006636444479227066,0.011162079870700836,0.0739886686205864,0.01604604348540306,0.0146365100517869,0.014430416747927666,0.00655317772179842
2012-06-01,0.004046263469584718,0.15893109716596843,0.0238365169523633,0.08986802554947763,0.011885793694449687,0.06239956759969388,0.004874414028294748,0.06937953872497832,0.06121715131015821,0.02947811898063837,0.008360557995114827,0.016615085803893596,0.011885793694449687,0.003067336615243,0.07802969929086254,0.029080775800527568,0.01621415545744341,0.001619137748410582,0.019155911417555516,0.004076642833797528,0.016615085803893596,0.024034626736819067,0.010419583809437827,0.039428064096864696,0.006076659842840839,0.016943954743445608,0.011885793694449687,0.00990136007835992,0.12993137040944697,0.02989856502856164,0.03166311337949546,0.010501898298517269,0.017806267410791072,0.05372029378104589,0.003834431250807665,0.03398933109242094,,,,,0.02253134997434529,0.015776949831669187,0.030907839493085943,0.022948276624371877,,,0.026849872105592382,0.021295143622012725,0.023205236786517532,0.03653893190282943,0.02361770008679248,0.03146711389493585,0.057996763973003164,0.0016329138208024305,-0.0613963319111821,0.007451763997149872,0.0047898464545977825,-0.07057429598796315,0.016943954743445608,0.056875484688402526,0.02575707875505626,0.0363333552810651,0.026208406069105978,0.01629587300114073,0.13566188564656928,0.004874414028294748,0.02751196367332974,0.03219139148398738,0.010808192013320604,0.03733487019858831,0.01629587300114073,0.06396880212043406,0.051643916871578134,0.0690332120903622,0.002874397019251427
2012-09-01,0.0043570783040700715,0.06729204531502328,0.026253564484787075,0.05794399686441185,0.020795863727651413,0.00786958879518437,0.011250008468962031,0.06332693640387813,0.053152047976160424,0.05744593808903775,0.011504650360581774,0.012862553401691068,0.02265267834328664,0.002637002588046649,0.049898690251204185,0.0053629935109411565,0.018667489729869625,0.017506398535414715,0.05201697425705684,-0.016626545431312346,0.018188936761337364,0.009853525166196862,0.043702671463966274,0.05782872570291049,0.006059861781713253,0.03496487407817798,0.020779739920112724,0.01210173353456266,0.062093601130532965,0.011134731592426386,0.06185103550429957,0.024031482402152214,0.017526115808326578,0.06436864153596276,-0.020488965188796556,0.03070763567219687,,,,,0.005606030843604773,0.028438629774385986,0.04268876744308734,0.0022070204180443514,,,0.06586014272380333,0.0076410510175084516,0.018851276446829972,0.04405229897783872,0.019944053963682356,0.029322188635733347,-0.007539405855514517,0.01699418849688231,0.018607583590087656,0.02842108250978262,0.056523291717186376,-0.0012262525544434334,0.00276363431378667,0.049844879162787105,0.02884149320843735,0.08044373101308044,0.022779289851681334,0.0329701177298976,0.04656489420955113,-0.0057387349082684705,0.026944787523218352,0.04261593273009403,0.02605257121134073,0.011938083539700906,0.01063815204147823,0.039148979257558184,0.018444865313525488,0.05193575585902334,0.00594187373643956
2012-12-01,0.003854807337419563,0.05677306871806438,0.016741260161304353,0.03712942697789974,0.018165870087297885,-0.02500824901706761,-0.003118991017603335,-0.016304102648051245,0.028708923277370874,0.02960482426255069,-0.0014475728991715806,0.01562467558866029,0.022911179402712745,-0.005080397320293372,0.02467579493453955,0.0001889721316722394,0.011094679672190464,-0.009867764798955327,0.0013181115595719021,-0.033404507769408225,0.012766249225582725,-0.016000121840633375,0.03528105765952097,0.027593455721910007,-0.014938481313666157,0.026935225884627708,0.013834996820025012,0.0030233329696245097,0.008732404011768008,0.014582141651511761,0.062347536037305265,0.0403968959373001,0.005332501333255657,0.060641839782724735,-0.008299933623308739,0.029136294230072194,,,,,0.0034145729069223725,0.013560924387521617,0.02866182785973138,-0.003312699437209108,,,0.04832651517818913,0.0028879231736647693,0.006285349806837585,0.015544642701362205,0.006750264804135058,0.02274069269842732,-0.028175501958940873,-0.0015960143042148898,-0.033562170901838544,0.029377875854239104,0.05126155685735086,-0.03672338531290527,-0.015696374849809992,0.019925540450722957,0.004723597916606715,0.07062893027591595,0.015049301519970464,0.01847927078976542,0.045394639328275144,-0.033214891540071206,0.027928535429765967,0.02489766632185495,0.02788180611853979,0.005891021009221242,0.025061516419200056,0.0513137343660609,0.02782206476532298,0.03413087734093157,-0.0009962249750949236
2013-03-01,-0.013667460350971003,0.06505385882619535,0.009147856696542687,0.03057284399989778,0.02116825764196998,-0.008674340984093086,0.005251472683876535,-0.005279558274751146,0.0448001729627082,0.04338732686116657,0.010125702463757779,0.011956230364135156,0.027506869254448844,-0.015371595514712382,0.03958842408409045,0.0056705700316428695,0.008020195433736624,0.0034511935330845712,0.010353008462650717,-0.02648057493221216,0.016836405284435696,0.012988887067757207,0.02883231533583852,0.04101856762284551,-0.00351090217372149,0.02457198081800455,0.0198830783640412,0.018347670931132112,0.031828483953743034,0.016199034131467047,0.07034146098481045,0.04258856723351056,-0.00868362253443681,0.06326726888162046,0.009954499862111822,0.02977770914276885,,,,,0.006804436467469,0.025164970116640557,0.027932355539302924,0.010156163953216536,,,0.024678661891200226,0.0005164714147221454,-2.188650114230157e-05,0.03707560931165023,0.005318088750450152,0.018788434804894706,-0.021102959516890077,0.00026773289711341076,-0.01217811238292191,0.029118922259496204,0.058901248766994554,-0.023103469530072918,-0.024142519172344022,0.012408684185338864,0.012161316107497315,0.08445007455429109,0.010099238509374553,0.006363381826776295,0.05166284156959363,-0.022884299263644704,0.03209592561603892,0.0217676993692867,0.02139962324338152,0.02835296351071321,0.03777591907794547,0.05034542434966337,0.041897036045879535,0.03632643969061874,0.0033915064710743513
2013-06-01,-0.001176373530770742,0.06842256806807501,0.027022166394303722,0.01872143946175876,0.026299577877895094,0.005214276250743585,-0.0019736595944943956,0.01445458024849105,0.04659757134940395,0.05454356200609954,0.012959180331629485,3.20171071319324e-05,0.02971076808346706,-0.02345177302329238,0.039358317224875476,0.010130103763004503,0.006371919578409442,0.016736037532782664,0.026893177655179484,-0.02307535369497089,0.016005669455261766,0.01569065517061745,-0.00303454401812811,0.04660687839003334,-0.011882728932583264,0.021076283621433455,0.024476021884507815,-0.009015633525751583,0.06161460322272507,0.0115663992166798,0.038938285234883366,0.03347121027944939,-0.005391670562886974,0.05875872264963837,0.0030376857125836167,0.03920593604024908,,,,,0.015818972220847126,0.026509138533157953,0.009191277920876102,0.016766808977140394,,,0.06038373724812143,0.0020980465036086536,0.014809763668269037,0.05738381988303562,0.009200693630924277,0.03303495755761002,-0.006407472382239029,0.008459352082341583,0.011286386792368285,0.030818263592604887,0.0454296474528298,-0.02403828420342844,-0.013519485731972408,-0.01836101198091667,0.012419430687281099,0.053344827892463406,0.029531334326701783,0.03032804949781953,0.00832721947606362,-0.015023098312713454,0.02221190813464967,0.025567062491224316,0.014777740464970492,0.019504539510492573,0.02812671111515376,0.04252859935073101,0.04543569063603642,0.029186394529117417,-0.016384170981620563
2013-09-01,0.005085064438208745,0.05240875717977513,0.009336064912552509,0.02346312393684889,0.028346271883045945,-0.0015662879057292262,-2.418357268667258e-05,0.0014931380947038329,0.0356919427828809,0.04038739893437712,0.01706200179782917,0.014127028784236939,0.02799954360009715,0.001070163474703089,0.030258531345240987,0.01353308414017163,0.008773184246583519,0.033252758893687846,0.04547201165934342,-0.027001352089942598,0.013286591134191379,0.015287576755241238,0.021974111487671553,0.034278369185059145,-0.01119703432140683,0.025646429966752784,0.01268169599634806,0.00857212950436153,0.05069855081462035,0.011975418357529412,0.06567113345223853,0.0467318638673351,-0.008002231541156968,0.06828401578368337,0.0004528325641965914,0.019826480509813026,,,,,0.01336454680014688,0.021743821677107516,0.00046823687828228785,0.007926394852568082,,,0.05484052362714248,0.008945983472679895,0.012799647047979939,-0.004966532508001747,0.014728282638959762,0.02238485197970812,-0.009866115735852108,0.021944545995352397,-0.02496222819610356,0.038994922709318966,0.05531003161884267,-0.04775234072866787,-0.012632470469706735,-0.02866732192448646,0.021085115292981415,0.0703453434286649,0.02158515600980068,0.028047419187811725,0.00843795813900415,-0.01570429842554584,0.010065726577155563,0.032177265237723636,0.022901201795080442,0.027364794686030862,0.024285308280837546,0.020049743598735764,0.037981235740041384,0.025719159371498313,-0.006491633202616443
2013-12-01,0.017722338438034058,0.017722338438034058,0.02250124327838421,0.012918440625071526,0.017722338438034058,-0.0441151037812233,0.017722338438034058,0.02250124327838421,0.017596034333109856,0.017596034333109856,0.019570518285036087,0.014629537239670753,0.017722338438034058,0.017722338438034058,0.017596034333109856,0.02250124327838421,0.0211324542760849,0.017393026500940323,0.017596034333109856,0.012918440625071526,0.014629537239670753,0.014629537239670753,0.027985194697976112,0.017596034333109856,0.012918440625071526,0.017722338438034058,0.00404368294402957,0.014629537239670753,0.03011617437005043,0.017722338438034058,0.0644589215517044,0.021132992580533028,0.017596034333109856,0.034819722175598145,0.014629537239670753,0.021132992580533028,,,,,0.017722338438034058,0.017722338438034058,0.017722338438034058,0.014629537239670753,,,0.027702778577804565,0.0289896372705698,0.017722338438034058,0.02250124327838421,0.017722338438034058,0.020334584638476372,0.012918440625071526,0.02266332320868969,0.012918440625071526,0.018623491749167442,0.02407401241362095,0.011378391645848751,-0.007754878140985966,0.011378391645848751,0.00404368294402957,0.027702778577804565,0.017722338438034058,0.020334584638476372,0.016011245548725128,0.016011245548725128,0.017722338438034058,0.02224181592464447,0.021132992580533028,0.0211324542760849,0.00404368294402957,0.036722663789987564,0.036722663789987564,0.02407401241362095,0.0162454042583704
2014-03-01,0.011287542256268294,0.03747107265862113,0.03331096840038667,0.002633135558317113,0.034124373861363834,-0.00683304261118493,0.013067654655811107,0.023705247116885198,0.048191541276908396,0.03835575683188532,0.015336710405470593,0.02364465876848417,0.027142135872945068,-0.007361952194777434,0.033551232798666605,0.027598472480059314,0.013673203901423587,0.005682787502037201,0.05159670078487364,-0.015500977676393102,0.022522122594221382,0.024514003544526236,0.01052230725875416,0.038837757280716284,-0.007540621286962907,0.037032161281644875,0.004690651447669109,0.016820242390909634,-0.012877140955060118,0.017596833148288436,0.03536279155371614,0.04845654780409067,-0.0023308470673262245,0.06779642171920376,0.0062918333955958895,0.02058689171768612,,,,,0.01181593700681074,0.023557161106838576,0.012558890796776865,0.019985788538479557,,,0.0574337220487822,0.012509028980582506,0.012440297810165798,-0.0033615333841922235,0.015465808640845395,0.02788547459026318,-0.013153486450021243,0.018354076131034174,-0.004956386824569459,0.01743894712580919,0.025162387240986454,-0.04761404567072183,-0.009951938537078335,-0.017852141116698705,0.003144930513512852,0.08005577773519759,0.02925694587037204,0.0068807934269580154,-0.01429178199758751,-0.015786857832899688,0.007883949108708169,0.023666312028458772,0.012764405913144984,0.008369777258436052,0.016234878482995232,0.05546057625926495,0.022658220766251708,0.021148156265994214,-0.007170774297671096
2014-06-01,0.013822710070716792,0.03507142893904307,0.0314129107904313,0.010353471985857192,0.03385135436891899,-0.0025887719492887775,0.012229924427948785,0.027273196893372324,0.02623299018006961,0.03630555584336945,0.020772080224445974,0.007963950904368635,0.034625090215870784,-0.011385979962074544,0.025961208338106948,0.01699921211954923,0.01763629759574213,0.022600988622697816,0.02412665968308197,-0.019546442025336345,0.01816864293251058,0.031857818411569136,0.02009652417300981,0.03299305890016695,-0.01395753157620146,0.03522916334191004,0.010552833728484465,0.0066407270562713035,0.0023253067722249715,0.025373981853151744,0.03589040985563207,0.041666988654213685,-0.004088181572261033,0.07990254817043556,-0.0024115507638202394,0.03609055888689631,,,,,0.021967043224048265,0.029296707435672757,0.0017379051814658732,0.02304227521417163,,,0.06998675938621406,0.029243944143079084,0.023916232606256894,0.012174789359266405,0.023349208539681875,0.03609897844613591,-0.00012709536232745594,0.022909894157498473,-0.002426994500700555,0.025696645003573385,0.025681303177004428,0.000288231803429939,0.013997754440245178,-0.011534514715205151,0.01886181642801405,0.08291054009851528,0.03213479319387329,0.02297160601161942,0.012653658668396121,-0.012013277684112525,0.010688296713756434,0.04554630613720868,0.006275903949813008,0.013515710397663723,0.044315615214022275,0.05736125585756729,0.003657182082918354,0.020540114282067434,-0.00465552645233162
2014-09-01,0.01864725173663289,0.04182038630066405,0.04298681996989179,0.005132139048207356,0.047702920599258875,0.01041613828508917,0.012066961007333364,0.017214217028008693,0.03595258436391313,0.04356225562770227,0.021692792257526093,0.016024961525905317,0.030330419133027628,0.013962542171208889,0.019701978295824554,0.03165473103447007,0.02649103599267545,0.03485720439810255,0.04413406420176327,-0.015396836137829419,0.017323733915134653,0.04056413987514408,0.024834401434142592,0.035822544735817,-0.009253196425501108,0.04493416222009143,0.024502891829756217,0.024005279290370853,0.014992031831057106,0.030950751394375774,0.021913193018598218,0.04512137325365724,-0.007701691824633254,0.07024627033314683,0.0036221431679348587,0.040142734177787305,,,,,0.03284262477376706,0.04331599875029108,0.0153741799402893,0.031224439793144872,,,0.06067748114287559,0.026429390400516915,0.03278873079483968,0.002529958009511997,0.01957155782272959,0.03459587280730682,0.015958994102592727,0.023832497755355952,0.01076204082273672,0.04898489688437973,0.03095998950647278,0.013723368648806439,0.009980400848487668,-0.010174278032032672,0.037665850611016655,0.07653054389921433,0.04186027472262288,0.02908967663127876,0.013954440515580258,-0.008177133570000248,0.022998211437226534,0.0487588586562535,0.021935886021911544,0.034756679128008165,0.03608777477861466,0.04650285185690497,0.02714789432929424,0.0371866822887503,0.005826706785267807
2014-12-01,0.02059697740549606,0.03366600409251537,0.03742644869307705,0.012219765062757851,0.02324809127024528,0.0008392407558356936,0.022285848547224398,0.03292736836930227,0.0465560685815038,0.036283020700869605,0.02187142598023635,0.024312604001677545,0.023380580901915318,0.02216913701369799,0.02401576331837539,0.02178486064218494,0.026994974675605105,0.027563795305957015,-0.038031539021164816,0.011912841958355238,0.024312604001677545,0.021913426983383357,0.021871983611295522,0.027238613437092562,0.011912841958355238,0.018905631765826863,0.016169853491389538,0.022220148333974298,0.01198839430711218,0.023171527493264496,0.023745456350343398,0.03599841693817433,0.004873735258344162,0.03794835561384474,0.02710561768790248,0.032529875842386126,0.04673945598557975,0.09199873378718754,,,0.023585165996951936,0.0224802277527517,0.022185394487947548,0.021777136871918276,,,0.030283627776743993,0.027224665365461854,0.023585165996951936,0.012440054518296127,0.02218416032229562,0.025845208684626374,-0.0016607311070892907,0.018668737821228795,0.03995620259557807,0.031112940069041608,0.020287861524367685,-0.008010251524034518,-0.04817927383697967,0.003203797169099528,0.03026774320731205,0.07084282333683589,0.0224802277527517,0.030472955938932136,0.03235239879929704,0.015681325548814344,0.025845208684626374,0.015122294475809359,0.028434608470112387,0.025845208684626374,0.025845208684626374,0.007988285902379459,-0.02046900268623081,0.026994974675605105,0.013640444674246351
2015-03-01,0.02129983901977539,0.02343052066862583,0.02696288377046585,-0.007197623606771231,0.02343052066862583,0.01813264936208725,0.02343052066862583,0.031476445496082306,0.030275797471404076,0.02524726092815399,0.02189425379037857,0.02129983901977539,0.02343052066862583,0.0067650931887328625,0.026667963713407516,0.025721928104758263,0.01900842972099781,-0.019002029672265053,0.02524726092815399,0.01813264936208725,0.02129983901977539,0.02173815667629242,0.02129983901977539,0.026667963713407516,0.01813264936208725,0.02343052066862583,0.02343052066862583,0.02129983901977539,-0.033041812479496,0.02386883832514286,0.02343052066862583,0.030275797471404076,-0.0068762111477553844,0.05334816500544548,0.02386883832514286,0.0025615172926336527,0.02129983901977539,0.03878943994641304,,,0.02402493543922901,0.02343052066862583,0.02343052066862583,0.02129983901977539,,,0.0378720760345459,0.02755529060959816,0.02402493543922901,0.01813264936208725,0.02386883832514286,0.02343052066862583,0.01813264936208725,0.02402493543922901,0.021622607484459877,0.01311727799475193,0.02343052066862583,-0.00868817139416933,0.02129983901977539,0.017017820850014687,0.02386883832514286,0.03193795680999756,0.02343052066862583,0.01900842972099781,0.02402493543922901,0.02026333101093769,0.02343052066862583,0.014414974488317966,0.02386883832514286,0.01900842972099781,0.02386883832514286,0.04219618812203407,0.019230246543884277,0.01900842972099781,0.01900842972099781
2015-06-01,0.01777553238361484,0.04339399957053563,0.04038649743955622,-0.003912342627258912,0.04170982654865158,0.01595873595267416,0.025031042824419068,0.04215308712639442,0.047603931073798664,0.053112580154018936,0.021087861531957332,0.005170478483201657,0.04213760930912892,-0.00806611634681195,0.021977519485299947,0.02249531442594975,0.023066105736310336,0.01687504376828894,0.0623198678542508,-0.014010537328899753,0.014275355433150852,0.036250252832354,0.013073629240369571,0.04113013767166141,-0.017068205488232287,0.021535581484801936,0.01821444599028297,0.012220557940643475,0.007161299136938185,0.031019041769390042,0.016565125957207025,0.025429446229808472,-0.019673652048397786,0.0540662691126682,0.004825226232419089,0.024552960759093287,0.005535185745383087,0.05906203147014966,,,0.021030486304468413,0.03289468732254086,0.006009166132857299,0.03230131388991793,,,0.06346807026240475,0.009041666914252124,0.03264479362704092,0.01232566553153347,0.02451659774030985,0.03460483040465785,0.020982149926546022,0.025834544300519527,0.02300227178051758,0.01380101309488867,0.028385229302402434,0.014388803401928702,0.02159606501035708,-0.014656072161468801,0.028613365876155913,0.05097473278901703,0.018346850993964697,0.04244694747030492,0.03785769221630328,-0.01029196500963088,0.007736398055754336,0.04157028055603489,0.013345628883016152,0.030350897023095597,0.03672686047568981,0.047812311624408,0.029235184958561894,0.027153286369010866,0.0007229191634880803
2015-09-01,0.022754061189588875,0.04464310183554899,0.03241612276582704,0.004044140550092345,0.03731478288495003,0.019974646342786187,0.01991567108711982,0.0344429504544738,0.03642804266054651,0.0443965312197605,0.025893507361894153,0.015314365771087843,0.04509186329397069,0.015408819925956264,0.02356446898923068,0.026489644664397655,0.031094681738292853,0.028411937186294218,0.0596602876031673,-0.012867663637131216,0.02067778685609012,0.03540774658823301,0.02231080448134325,0.03621285052288125,-0.011362205663783433,0.02208757183375165,0.038532592308662614,0.02527761845121681,0.008928582458771981,0.033816562692858106,0.027328953456246544,0.04145037975326605,-0.017791939766879247,0.060948776668766594,0.02531050291263248,0.02946723426319794,0.018976728139360303,0.0435064402755685,,,0.029882014851215208,0.021666433516261983,0.022124584771989843,0.027062955692930057,,,0.05247652946347613,0.02129160240534181,0.03670168515638405,0.012795634299855023,0.03053506158566252,0.03472551512775354,0.008426058690920155,0.04017580502181697,0.013250008163703284,0.007588772490718692,0.030072153859503268,0.005226456049373844,0.006153268267279562,-0.014028813760674988,0.02468949904678778,0.06311234080394738,0.018592790778125232,0.0325585328683339,0.032201453114191925,-0.004534819643563018,0.03688390609131181,0.03338326429787569,0.019021717093939194,0.036149808268194146,0.04261607043070066,0.06324989885789006,0.022290464012419634,0.035412003767339,0.010724997681599943
2015-12-01,0.01744428506931082,0.044212993195471055,0.02086028763872826,0.025158529676192993,0.04418526578343976,0.03420919839751193,0.024750512749860162,0.04396285557744392,0.0456615833629345,0.0393544871103882,0.02317312502935729,0.016749686940965673,0.03863559440268142,0.027231658620059822,0.023605474827273605,0.036213716639742016,0.029570698835401685,0.01584045788164795,0.05914954234310273,-0.0057695069470721835,0.025584877679671485,0.03715719988738526,0.020757001006246483,0.03870023812716973,0.0048780558916594365,0.026371931810354996,0.010678523764201291,0.025714313456679693,0.016433302806615105,0.02423904282189389,0.03254214226692592,0.024848024388022725,-0.00841196417564045,0.06746308578535079,0.02055744407900284,0.04338460989636188,0.0161341120645273,0.05818308121045103,0.004622943225844057,,0.02744481138175024,0.040712067878606664,0.024015169489446465,0.0369488817462791,,,0.036828683398235355,0.0344161489368926,0.02968325521504496,0.01875173109730483,0.031242129508958147,0.03589011600951162,0.02103078640183537,0.038080383944615236,0.026698710933986257,0.009619058947779528,0.015332301492289467,0.011589882372404827,0.023937489407198836,-0.007458416799402832,0.031281368359860624,0.07286650929876094,0.007684152282634725,0.036685490306488516,0.0326341589386247,0.006471377620935158,0.02549397231865227,0.039667973192707734,0.0015386737945024672,0.037792128290953755,0.03612023082063314,0.045350574157890476,0.022154054833681654,0.049196716581851076,0.01439545216757629
2016-03-01,0.017303451528012326,0.031167310312643564,-0.013138072666829391,0.01390737324335285,0.026739842391018426,0.022408351868227875,0.024972757975482346,0.03472693403405177,0.057663334018905096,0.04429640962908639,0.02618269600920446,0.019874480202249356,0.02274427457158467,0.025397288146438404,0.014286226620523779,-0.011724524445318605,0.026038726547435418,0.02914599510570276,0.040484192336104396,0.01390737324335285,0.02823199774667068,0.024309039336535804,0.01780546715224989,0.04001306729502725,0.015928433806057185,0.03877305594735764,0.022155029082170038,0.02211228046429924,0.027729681520050987,0.007921372366791036,0.01906060645979021,0.024456367555013566,-0.002461427054988563,0.05834537242452863,0.02991509165032484,0.027593484689568265,0.022219927349838246,0.10290278470217068,0.023004943745533055,0.023234915927374002,0.027825075352557117,0.026719583413344437,0.025970068524077995,0.02538278369473823,,,0.020675818100871608,-0.0058575033975313655,0.027720081485207475,0.010741993287046885,0.026399850859481856,0.02939152459829044,0.012006084386488092,0.027360810655207273,0.030961275634146853,-0.02016873499842448,0.02072314252956048,0.022293142743614224,-0.06255551028743707,-0.0032343610553431327,0.023810140321691774,0.05290570799517668,0.024181238333800162,0.02566291794839584,0.02841704387581637,0.024173127840947328,-0.005760469539459606,0.002430356839180377,0.026114475417494523,0.02566291794839584,0.029050637459106375,0.0025040086012299797,0.024711898336848066,0.02559418152972613,-0.006045044708103625
2016-06-01,0.016564775223373497,0.05162744293134625,-0.00974848288821112,0.007387208774347986,0.048892814346218484,0.02611751073307149,0.02929675247763045,0.03572225440023338,0.046496611531702536,0.049153360627522034,0.024264088119203935,0.004876147198012048,0.03535908726411243,-0.001275718501023716,0.026516208807640083,0.01982939668187937,0.026031857157604667,0.03165364906058468,0.058849864049416646,-0.013919903590565125,0.015907086484322062,0.03524130250973826,0.021039517805346825,0.041602162287315225,-0.007979418378525506,0.021573009464023168,0.023560680416887685,0.012942448273572906,0.05482909411797077,0.03143467184969877,0.03884699068161834,0.005729760711075496,-0.007757178188080714,0.05140165556441424,0.017648366408934926,0.02036718543678218,0.01065499610074039,0.058199882571005467,0.006097296788081332,0.03771170018474018,0.005670152186137878,0.003617641549474637,0.0020219609763773246,0.0320058315144427,,,0.04568109634346226,0.03386264222048044,0.036149419985344496,-0.005486609509409778,0.02721424356520184,0.049828650554084496,0.015094415735466642,0.03797119759240722,0.020886562186145576,0.010862675243098176,0.025094133178247383,0.017269156031037788,0.023697987290751465,-0.004674231461327778,0.03240663685829536,0.05773286039122106,0.020589242210890014,0.037124089520104236,0.045712234814409836,-0.006365797511020062,-0.008058111030779537,0.04982405341459881,9.23895022662707e-05,0.03498380185976122,0.04821092003313823,0.04588922599454462,0.011759088907335746,0.03370695008343615,0.008259235397226897
2016-09-01,0.020601339638233185,0.020601339638233185,0.024852218106389046,0.027346594259142876,0.020601339638233185,0.023767277598381042,0.02488253451883793,0.024538027122616768,0.03015405312180519,0.030115585774183273,0.027897439897060394,0.0197764802724123,0.02046802081167698,0.02755512297153473,0.030115585774183273,0.0009130393736995757,0.02755512297153473,0.025772487744688988,0.030115585774183273,0.019047021865844727,0.027346594259142876,0.025188276544213295,0.020601339638233185,0.03015405312180519,0.02464229427278042,0.02046802081167698,0.02488253451883793,0.02505495771765709,0.04852287098765373,0.02046802081167698,0.02488253451883793,0.01666470803320408,0.021041076630353928,0.04812956228852272,0.02046802081167698,0.02446865849196911,0.03050435706973076,0.03925727307796478,0.0031148171983659267,0.0009130393736995757,0.020601339638233185,0.02046802081167698,0.025130437687039375,0.02627786248922348,,,0.040767937898635864,0.02755512297153473,0.027897439897060394,0.02041415497660637,0.020601339638233185,0.027484696358442307,0.027798490598797798,0.020601339638233185,0.02583102509379387,0.012828790582716465,0.01244693249464035,0.029132584109902382,0.005008273757994175,0.02313900552690029,0.024749215692281723,0.04812956228852272,0.025188276544213295,0.02755512297153473,0.02488253451883793,0.018256114795804024,0.005008273757994175,0.02341313473880291,0.0234211478382349,0.02755512297153473,0.0031148171983659267,0.024627845734357834,0.02055744081735611,0.02755512297153473,0.025498438626527786
2016-12-01,0.016495177778494945,0.023235591800902785,0.03786078742506666,0.02574858786297578,0.021524693589141105,0.016464372589653404,0.017474396149659944,0.02450856074494709,0.03421744587507953,0.03583533830841147,0.02038973830836897,0.024900392986821212,0.021591813611461036,0.021770015937195575,0.014053657558794643,0.021528580973788233,0.024653844475385125,0.03425442006277074,0.047337172534429886,0.014313798174982807,0.024676906006102874,0.021631899353549016,0.020501798160681463,0.014839047626999812,0.014025181210447232,0.025826651694076334,0.016593208923276363,0.02195845891542017,0.01796861174529223,0.02158400642997209,0.021795320277560024,0.01983354043401995,0.01389008100546929,0.05779611510399274,0.02121844406580014,0.01994402151960683,0.05050405977872041,0.08568399766672967,0.0026087666081865486,0.009668760852078663,0.021601906739192375,0.01777145773471752,0.019747053890451033,0.03194367530559035,,,0.0682506652171095,0.0244487409609673,0.021384714959301134,0.013724758434760688,0.021601906739192375,0.024537304314387977,0.02598721378509249,0.01946586476547006,0.04147134165489884,-0.019221761094409012,-0.011251578575989069,0.047396836461694854,-0.024364326144399307,0.015672712129645393,0.0214616127756471,0.03065528558087876,0.021430293019939248,0.024614619855364925,0.02121844406580014,-0.0018052621988262154,0.0031333808768267252,0.01594871220195825,0.01674021568418813,0.02471400988025337,0.023545046236755282,0.060183360022014104,0.03338408988805654,0.0035532548507452794,0.020737457009390954
2017-03-01,0.0068555601801660575,0.03782761131970673,0.01002660786027956,0.02183880386575531,0.03741525131213417,0.018156708212589,0.015108029385526993,0.03667893433742803,0.02950238156429103,0.03190589064722415,0.01861795392161509,0.0172576599868421,0.03219698363593795,0.01829621771931661,0.01892173376386577,0.04148669409209231,0.024191179949287434,0.04251613574097677,0.0546655704487288,-0.010130370829149386,0.013923932246659353,0.025889081131071877,-0.00030647433722585905,0.015522495589218742,-0.00688485164499006,0.012141042818378052,0.017205467314215288,0.02032421381103986,0.003687914439118125,0.02534738544923043,0.03272257246683118,0.019235579664331415,-0.0245009260338181,0.05385687539957676,0.010309576584287349,0.02214008430721092,0.009650773994411823,0.028565407894818578,0.01787664567267153,0.03265415880665026,0.024054069304821145,0.004317530151501647,0.015717421987966572,0.022269909820344446,,,0.016305526641107012,0.024712456659884217,0.03382921099545326,-0.01809055708029652,0.020619634123724192,0.03693017764537398,0.007084278307159188,0.01629601074520092,-0.024785622377134928,-0.030731395884729586,,-0.011747708782163465,0.016741699576012556,-0.018479533426143103,0.025625844595912623,0.04289565264823699,0.009935012049008552,0.033922054234702056,0.014852661626752374,-0.017143631055100923,0.01751411896134908,0.03453699940941482,0.035537054318936105,0.03432079231247909,0.037125008252969216,0.05418425281338143,0.0413750926797634,0.03261736898558871,0.014909201498447624
2017-06-01,0.0036520751871177465,0.04207761108266359,0.004947282864707019,0.003550409727359915,0.023576687989096436,-0.004673713370451909,0.011314248198615989,0.02330700026977198,0.01707493901983582,0.018089976083424025,0.0050830188615525775,0.0017503377877313244,0.030334343306705557,0.01977257126414472,0.01241901835656073,0.029021989224985202,0.019970505112217377,0.043303723724052175,0.03593123675654937,-0.023489909477594727,-0.0008580535095000809,0.009899743987330886,-0.0011419506647765622,0.01839630409432479,-0.017467082486439193,0.011019386349705857,0.016350727079010106,-0.0023947453568644687,-0.0023644410108657862,0.0247900952663347,0.02420372358983161,0.01083902439376564,-0.030087037682359475,0.03642598629275486,0.008600789524833275,0.019192777686400795,-0.0010917097615045224,0.012027161327425755,0.001239172518239479,0.04430681479328971,0.014121502745539371,-0.002628083169710514,0.0009651936587976278,0.011511198858858922,,,0.020619404351064602,0.02056317039240938,0.029316270036531006,-0.011283327546826493,0.016343895330186174,0.03413387602150987,-0.0025790189417044754,0.015426418145328405,-0.013954912046372298,-0.012051740998596521,0.009174026731728471,-0.005771407356960359,0.01641674270909585,-0.025962509683414688,0.021508003856227573,0.05177402006086962,0.0189068225042728,0.025382802735564137,0.023344997972632456,-0.018758329185965268,0.010553820558634045,0.03260964811019512,0.009590425688018475,0.017264448595774477,0.02819606483950248,0.05252191038143242,0.028138952557816656,0.00510881912254969,0.004618610441099975
2017-09-01,0.004963982874044021,0.04438620902424288,0.012658531602242116,0.008967489509156663,0.03102025543560895,0.0018576372598712882,0.015978838990813763,0.02056476653171211,0.017449134601220776,0.022599319537087333,0.01000087302183899,0.0024548198409323277,0.024196487263822602,0.011147255772604758,0.01558767245067238,0.0315506156241389,0.02173314892621057,0.0439700570735562,0.04357837087042605,-0.023924358020375926,0.0054198394373068245,0.013081539626974684,0.007044948313324203,0.017366119050914244,-0.008370841722029551,0.019462997738416286,0.02728359272273594,0.006223971368007678,-0.004446229842156643,0.021112049212689547,0.02530582157431819,0.014934883648116673,-0.026499847834550963,0.04870188376873018,0.0069286098143524376,0.02256448127655656,0.006888690724223705,0.015063735866162603,0.007888408163859486,0.028453098557285634,0.02006714423424739,0.021830368077416056,0.003748356139268652,0.02165541437187776,,,0.015856760188084427,0.0248664895224991,0.025853373386257213,-0.01916089052666208,0.019150367088109185,0.03511122043568907,0.0007625131514360195,0.01903225914726908,-0.012257463647487546,-0.008216015318583961,0.009715686618649449,-0.013528902500612552,0.01310245333251625,-0.02558999130969264,0.029498310559781506,0.05249512013894859,0.019855896217784445,0.03358732500002252,0.020115159416165387,-0.01946393328851944,0.02018278828791848,0.029851535192342758,0.007284803402245308,0.020228128742916,0.03913625368551859,0.05447774124410732,0.02010930914741528,0.005353722315341547,0.015237487199517698
2017-12-01,0.006354633147421421,0.04333885156222601,-0.004744595478567121,0.013610935431701969,0.023045805825219135,0.0012278568562682887,0.01894131879499874,0.020277602694386124,0.0294123200227286,0.019912909898929385,0.009525344164429255,0.007826116232833262,0.01999910571410455,0.017907600434570767,0.016327326074077983,0.027977226853384447,0.022788676420621264,0.04288714932884464,0.04374486963313821,-0.019547470161835015,0.007961752778109395,0.015649617419822282,0.010075041013066858,0.025163514357927567,-0.008564613850963956,0.021745524206324654,0.019065607504715965,0.011317094022187522,-0.012384918820565326,0.018651206139777297,0.02965377367967346,0.016476330810070643,-0.02695935062283544,0.05097862156569299,0.007971950279152,0.023113187921070227,0.008952673859184435,0.02660261937639044,0.01167313789502691,0.014045512368987004,0.013270623769528008,0.0283109049631535,0.01136570462672418,0.024393529849560495,,,0.012223647616750946,0.02639412500059934,0.0073711167516920875,-0.012215545217791906,0.019256073606076857,0.036126632731282235,-0.010886065425982267,0.01753650936857022,-0.011057945923826647,-0.028941594494776592,0.01898904781463288,0.0054327934507700975,0.011003205963208522,-0.017657757425664528,0.025919696949608384,0.04951749827536571,0.009399337948252474,0.03711080936275734,0.0194542665994455,-0.020567618004313348,0.021529532985604102,0.03448778299211612,0.018118706605039933,0.032046914587474384,0.038466830094383134,0.04511037588478496,0.02175264905541233,0.028512309735623756,0.016670487636069844
2018-03-01,0.005694006569683552,0.026033803820610046,-0.055917222052812576,0.021258467808365822,0.04717189446091652,0.018231213092803955,0.00842384435236454,-0.10610984265804291,0.022005988284945488,0.017835024744272232,0.019594628363847733,0.020670000463724136,-0.007643303368240595,0.01619555614888668,0.031840115785598755,0.025580106303095818,0.011389058083295822,0.011389058083295822,0.013645042665302753,0.012907198630273342,0.021258467808365822,0.024132849648594856,0.01873794198036194,0.017633255571126938,0.012907198630273342,0.025257093831896782,0.017807090654969215,0.021155284717679024,0.0035163098946213722,0.013961228542029858,0.017807090654969215,0.017734766006469727,-0.00041032349690794945,0.03535488247871399,0.02543497458100319,0.03174377605319023,0.017734766006469727,0.023891491815447807,0.01619555614888668,-0.021285001188516617,0.023451142013072968,0.023356139659881592,0.022687695920467377,-0.020658321678638458,,,0.026573805138468742,0.011389058083295822,0.03295094147324562,-0.005889051593840122,0.019594628363847733,0.017743084579706192,-0.030707472935318947,0.043244022876024246,0.007953967899084091,-0.033597998321056366,0.028707589954137802,0.022246865555644035,0.030080419033765793,0.016466718167066574,0.04241720214486122,0.05680133402347565,0.022843141108751297,0.012936596758663654,0.032769497483968735,-0.029865384101867676,0.033452607691287994,-0.08584930002689362,0.018149474635720253,0.014698334038257599,0.020413056015968323,0.02339332364499569,0.022687695920467377,0.028707589954137802,0.02930370904505253
2018-06-01,0.004653919224780513,0.012475465049971247,0.01640099593733673,0.0225489812761785,0.002146470118291783,0.006229350830766439,0.015166232467004636,0.011637597074861505,0.017696746128244213,0.02522373492644363,0.016744731822006,0.008624998986033913,0.026714143336109466,0.02048839294133949,0.02629035907194266,0.02586572636676316,0.01984692370793309,0.028001817368294237,0.008179252581027394,-0.012136242176779635,0.015212742896155117,0.02545787159335348,0.02087630759514331,0.02153335149598532,-0.00841810492244006,0.01684813964881425,0.025996364248545675,0.010971748911138854,0.00547615761845526,0.008739750342922266,0.03750970496001414,0.014221806165818899,-0.029681708734618936,0.045865580249837605,0.0061324296782171465,0.021546971914874237,0.010144165269394441,0.017209515542457064,0.019881645770937074,0.008809838003257948,0.017118774139491158,0.03224599224521733,0.0017277470846862074,0.033498548460746104,,,0.019216479886404937,0.02667784841600881,0.025172605470283306,-0.022594104531618763,0.017271436349003192,0.0392303679356373,0.011442675666803757,0.027149522344325838,0.011661371679015613,-0.009320372893234067,0.015842045665492764,0.005574289985814458,0.01473797606358984,-0.012818425121352093,0.028517340346469258,0.04188165234074285,0.02661686910464367,0.03982793668663534,0.02150362582452449,-0.014250866362034053,0.01654631340614141,0.035362106151529994,0.004696463156770548,0.027144711776348446,0.03985942474583352,0.05204493647923783,-0.00014771387266229591,0.029482812114166982,0.015986218693284045
2018-09-01,0.011944704405791698,0.021647856532611035,0.014364028896464478,0.021879689452668428,0.04005617148429125,0.017429194184958065,0.016268335452415614,0.004253392104593296,0.02878161897943343,0.028810442684797,0.0261104178550979,0.010440267624276946,0.011152523134396006,0.02472265020455833,0.030299651354396162,0.027477115169152872,0.03427741288079586,0.03374342733031737,0.027528427278301005,-0.010177857991420465,0.015203372203812711,0.02876835047062155,0.012491077430082534,0.028749752876645784,0.004235605973456998,0.027752758427805516,0.023711754185169263,0.02192826180561361,0.013451616773101065,0.013824059937711186,0.037541598817690536,0.024320651759796717,-0.019274768751017197,0.05912002051462059,0.024300697538101112,0.016940446740233716,0.01267215580078936,0.036442736332397294,0.028021619815667708,-0.0004136339181196355,0.02737067378767123,0.02960101291828543,0.037988591961239625,0.024960943785565664,,,0.03581457373564317,0.04164951391606018,0.019126108010374808,0.005914766352287319,0.02035603005590276,0.04232842275061178,0.014298397421920041,0.02569708139081937,0.012219513164801486,0.013226892111138578,0.026091939550641676,-3.140538863049755e-07,0.021498527758260687,-0.008211992038901664,0.033635479817743105,0.03934502891362793,0.02035351653919149,0.0428307408741735,0.02297017741621857,-0.013178866678021105,0.02739276469678131,0.04348487060339725,0.023202666047632402,0.02497865415517199,0.04575901083734769,0.06313753092087337,-0.004212623030982162,0.027067086928904333,0.02160645966979654
2018-12-01,0.01216901210071824,0.02928675919767673,-0.006140643402022699,0.03341677700369841,0.04697253153521471,0.010820438049149401,0.026082047566233012,0.008262424391579298,0.03716143131922506,0.03280233082439928,0.027544647423572627,0.017575869079026973,0.029738665804016507,0.02570476109844016,0.03620546085154006,0.03895758758718188,0.03081784685308988,0.05032258820698881,0.02893041923920072,-0.009062282991662774,0.024765930160535955,0.029292636945925564,0.023208422169031975,0.036512963212419064,0.024457453410805123,0.028697646105556463,0.030659144473130277,0.027504085165238883,0.013622853922222213,0.0189352512826794,0.04467822552990933,0.029734786055664736,-0.022886823816561354,0.05190675155190569,0.03333571133271427,0.02383541455096838,0.024278831752318323,0.0427232526585496,0.04217794674351485,0.009406072499997763,0.02708184179487437,0.04126117099349066,0.05854326327956434,0.027696546611311174,,,0.019342019882332043,0.04980950208907346,0.037088830808159126,0.01038290799849472,0.028516751553106467,0.048737142877977355,0.012230537134680163,0.03819779387784474,0.00548674765800748,0.011965671803695723,0.03461700005553305,0.005489689207332113,0.02485811641571384,-0.0073458098046746455,0.03964629259480239,0.049844882891995984,0.021625404364921774,0.0510767635010364,0.0380896446264444,-0.010020684236835647,0.030191732312796725,0.0518006580787506,0.019410378285025228,0.030038585803778974,0.04926293287479714,0.06192930807137348,0.012627329521577968,0.030911402040593505,0.026659176091998697
2019-03-01,0.025935736559769048,0.008827689385899302,0.015515682170286305,0.03580974118196714,0.024533231788530264,0.01472627310414005,0.020606255420272127,0.04832261802354496,0.06812539082359348,0.07108097321274283,0.034012525425868925,0.021602706165493358,0.010520741074551112,0.029052311606381838,0.04899524449405734,0.0263020883506924,0.03094824227619615,0.04137231762591989,0.07720767011374241,0.007680126547298799,0.04075141071479518,0.03889767056099307,0.0185469186200473,0.06905225314641517,0.03868366867855009,0.028542425224222952,0.02265873583560042,0.03896054123911169,0.028770940786369298,-0.013614602563409796,0.04289212003252183,0.021996809154453664,-0.008630929395189503,0.04569509364460566,0.017161690538381156,0.029920996704209155,0.05983414162803211,0.054797226052851374,0.03882310214505365,0.005321998652548431,0.018148042625664565,0.018213067462213985,0.054499828033957066,0.041468509340117345,,,0.038942349361928634,0.045722181012409324,0.014654657077627819,0.02467007871570416,0.021578910749971675,0.04800725331604237,0.03590891033044129,0.026764961836216874,0.028304652526664583,0.024140635360656616,0.04101695346642925,0.02273019602476818,0.027462328211821818,0.0064587556582599405,0.027037759515471188,0.05674522823588434,0.026389335188208983,0.04295725864250263,0.02923240064517398,0.0016306902985579771,0.030153041704584008,0.06343810265288549,0.011015454555304767,-0.031288426296880514,0.045011954928260337,0.059164284128967834,0.027297474418780183,0.04003302775622742,0.03565526161488974
2019-06-01,0.014055761993456454,0.019188761763270803,0.029830062596478683,0.024423716419579012,0.024619089866093617,0.016498224581919206,0.01783323874086231,0.040509248601247314,0.05939724950026007,0.04482520733795015,0.022346149699524722,0.017513028129959828,0.02184882810206447,0.03475542067576379,0.040479670212229986,0.037706558613829065,0.04309109613319435,0.03994294473154478,0.02981190189208073,-0.005672773700760502,0.033863420977218284,0.032498352364324336,0.01947079897319008,0.0443469163999331,0.031695271665367904,0.0205319178049293,0.0274600233043988,0.02780341213756031,0.01416174738129666,-0.0015899259976096002,0.03479983075351964,0.03242394929991136,-0.01272231782956523,0.05053943316462564,0.016658868294176066,0.017312117716011318,0.019197742808754102,0.04071889195116331,0.029681719405521414,-0.002594328030437376,0.015620784574835274,0.020352876394216485,0.040534452730113975,0.038294679869519795,,,0.020291975752597016,0.0482104771901177,0.012656904953375707,0.026931243089660512,0.021969216112883147,0.049918653710770734,0.028983177853116663,0.020800562443381687,0.02605134161180327,0.011021466055974222,0.020955384015476804,0.015430295219012121,0.022327629594181518,0.001956840709577553,0.0221009383875085,0.03650407101763061,0.02814305387683006,0.05100014289228525,0.017189220303145642,-0.0038974476568940566,0.017138011793133304,0.05448339438910544,0.012922717598309449,-0.025334871878314003,0.05157756762333107,0.06817956980916125,0.018668039960819702,0.03377727995816325,0.035477501807195555
2019-09-01,0.025099443440315936,0.014025571781533458,0.02688961140483866,0.03681870929649027,0.030463171916805223,0.014742282916403502,0.02707250417151266,0.04507907248921426,0.04262719930041725,0.055518011356441854,0.014216834288012663,0.007391774315948648,0.011381623328576769,0.03221345171088014,0.04424712450410479,0.026941426088195164,0.03220657759882544,0.04311675121122768,0.03687970698517023,0.0019528291196618012,0.033719870348689826,0.017253821542540636,0.018925403393871425,0.04644349741075508,0.04597461911935147,0.01979242918331435,0.036842850780381624,0.01994584632293329,0.03455849982443747,0.013830613293355548,0.052312494346426215,0.0302083030663106,-0.005823958993077698,0.019915333018651168,0.030152537601736303,0.0178615662881516,0.02253945375252704,0.047692474377048315,0.04366677569331363,0.0075514579370281505,0.016000451123236146,0.023537010219820558,0.041722057866130986,0.037683945869892356,,,0.02393930383327662,0.046396941279859424,0.021933011330791185,0.02019235324175851,0.012591305307042944,0.04422047220599794,0.03593829955458515,0.02643965544537671,0.043291031320914136,0.02864038904600756,0.037810304274969356,0.02812717923795177,0.022880106051090275,0.005639810197537235,0.029135983522355195,0.04901229477727494,0.02032515343519949,0.05302320031223664,0.0238820722798979,-0.0005130795093756385,0.03613134432305441,0.05259920418291213,0.014039854185198524,-0.014208052077899429,0.04978063813781004,0.07050608756772583,0.020116894433571383,0.04430473617707316,0.0354722063710653
2019-12-01,0.0216465875125991,0.022597547557459262,0.031751845474250126,0.035937247830627246,0.030230103800947785,0.010845509877822866,0.03663639254625337,0.03475735599448869,0.04648110731194139,0.0563381528438999,0.02023326184480385,0.016193457166174156,0.02246992487232162,0.03500539963293141,0.04511246805350045,0.029182920724896158,0.0405730619648196,0.0482429674295044,0.02790537232900073,0.004292908921449549,0.018663739586808403,0.02104512620064775,0.02036832335312344,0.050488956801821576,0.0400649125597545,0.023504584091551605,0.04026108534720099,0.01835339131724134,0.031874534613866155,0.0168453175077495,0.013153648015788423,0.03286615511150861,-0.0018219664533615303,0.02053779357914379,0.021235367519000493,0.03581278840416075,0.02592485450768366,0.043124698192328614,0.054073899873036096,0.034035639292165576,0.01497757932107023,0.025279773389239955,0.05476674680466779,0.038239413843882304,,,0.031252681068395,0.05265259922469771,0.01850146531209313,0.02590903948274862,0.015485887296217762,0.05484490119739362,0.028635245561437737,0.030588481326227098,0.04014308110412898,0.031244414101505073,0.02184567768512237,0.03655535070328821,0.025603917268159502,0.008434075803081443,0.03366029825564031,0.04648287634546671,0.00791418751651341,0.05296980928015247,0.029909751995081522,0.007378878356605536,0.004410190290364069,0.052128067416485964,0.021036142477727955,0.01771556812356179,0.05810366713996973,0.043967994355758405,0.02391340936174323,0.04736568167233792,0.04220604294262534
2020-03-01,0.03144927695393562,0.03460972011089325,0.03588085249066353,0.03137800469994545,0.03468099236488342,0.031159698963165283,0.03385333716869354,0.03137800469994545,0.03137800469994545,0.03420679643750191,0.03137800469994545,0.031159698963165283,0.03420679643750191,0.03144927695393562,0.03420679643750191,0.03324867784976959,0.03385333716869354,0.03385333716869354,0.03137800469994545,0.031159698963165283,0.03137800469994545,0.03137800469994545,0.031159698963165283,0.03420679643750191,0.03137800469994545,0.03385333716869354,0.03385333716869354,0.03137800469994545,0.03137800469994545,0.0343361422419548,0.03378206491470337,0.03468099236488342,0.031159698963165283,0.031613778322935104,0.03468099236488342,0.034017838537693024,0.031613778322935104,0.04216675087809563,0.03385333716869354,0.009438504464924335,0.03137800469994545,0.03468099236488342,0.03420679643750191,0.039564695209264755,,,0.031613778322935104,0.03385333716869354,0.03468099236488342,0.03144927695393562,0.03137800469994545,0.03385333716869354,0.03137800469994545,0.03378206491470337,0.039975181221961975,0.03385333716869354,0.03378206491470337,0.04122874513268471,0.03137800469994545,0.03137800469994545,0.03385333716869354,0.034017838537693024,0.03137800469994545,0.03385333716869354,0.03378206491470337,0.031159698963165283,0.02548862434923649,0.03420679643750191,0.03385333716869354,0.03632484748959541,0.03385333716869354,0.03324867784976959,0.034017838537693024,0.03385333716869354,0.03144927695393562
2020-06-01,0.01889169171112836,0.027285698181560448,0.09161599426253147,0.04883618593364985,0.05207544788859628,0.014973884259736487,0.03871619559566495,0.04906004924855357,0.06587134723051544,0.05817680011713335,0.02845801053906426,0.027359916279051745,0.05332764155224133,0.029695122011249735,0.048700644751637476,0.0573578274000637,0.04048762128384719,0.04808890327783743,0.05572126155545047,0.011799092816746215,0.04166643801340478,0.02718153484348991,0.021777927630778376,0.058309954036496796,0.03458182147875721,0.029850766135145364,0.043474838173452456,0.047853755689694036,0.05236984447101301,0.03064999102298692,0.028103095032684454,0.033265212222773684,0.0070513610300072405,0.07581803754771539,0.03663383922685335,0.028339237974199002,0.07295599834059292,0.0645118645193006,0.04011907838502184,0.06644446845481262,0.019494931109673482,0.037445926436103505,0.06552848519629444,0.05255517492356662,,,0.024222977123034988,0.043421121731364955,0.023668258659752618,0.03204005774916618,0.030841547498236758,0.053366680723673676,0.043700467339884475,0.028480300996097888,0.06665060899223205,0.05337997648850072,0.024621594340244198,0.056334990386560445,0.02512031228004985,0.055476985660997465,0.02762665082583533,0.044389827065268325,0.01933222750411315,0.057796453446723135,0.02525956054137322,0.031066076412767187,0.029572183448242764,0.06608723493925812,0.042874458369648566,0.06341530564204222,0.051778129899498745,0.0900348228429451,0.05327457970269165,0.04593152081473229,0.04259824114537158
2020-09-01,0.009404299125217916,0.04689702662705164,0.03836812520201157,0.03717047962032308,0.03141484669161679,0.012435867146172482,0.042499525964888825,0.0342670836631988,0.04535684266183509,0.05941970122733297,0.023797684202313957,0.013781532713881996,0.06893698341100371,0.04096689150023148,0.029142807407088796,0.0539447891694985,0.04647208452096053,0.06081520860784621,0.03721891468964793,0.009550179351437017,0.05991173331383586,0.03082137149552013,0.021682204848740727,0.03336043456255137,0.02689546627465925,0.036404464168577094,0.04853480846180487,0.03264309554086194,0.029691148156172173,0.04173600830876574,0.03747192727119396,0.05210123157154684,0.008292561084605903,0.036247703968031085,0.02697611766480566,0.03692937991073387,0.031007992089310692,0.05399050010527195,0.04728454082799451,0.054874669788781597,0.020766239809320762,0.04641234983340667,0.0450053982748877,0.03836399213577802,,,0.03181711551495851,0.05081150019654562,0.036644419359517996,0.0523360417592202,0.037047085934062744,0.061359572314314006,0.02163509546256673,0.03166268617306854,0.04344292895408823,0.06263292941407719,0.022031243127652932,0.03685096346455637,0.03141574881549128,0.038171612176012455,0.03403245574679069,0.0578631682014044,0.029336900628234606,0.06673294854512862,0.029312366960530297,0.027477822425238444,0.019069191366129157,0.05390790376762824,0.01101396926042447,0.06195478732275003,0.058231297868840744,0.04909170571053768,0.02507477816272687,0.04865842244319573,0.046944373517527394
2020-12-01,0.012114557930631393,0.05005393392987858,0.019731535114181145,0.04468266678883939,0.0415377360747953,0.023135716641106963,0.036169081116583714,0.0450613646257903,0.0480223858045897,0.04266664697298532,0.03668794437234647,0.03745967836891117,0.04939919472884399,0.03988034686996258,0.03373053141766466,0.023274288208759056,0.04510416168770054,0.05488196596524541,0.03357066595500408,0.012100232757390523,0.03754243129668717,0.030740836607726713,0.03147479549547286,0.042042826204176965,0.03217167637054823,0.03765037162767135,0.039047486260987106,0.03773783684968096,0.030589458683825052,0.03442927107569193,0.02502678499228476,0.0487716422242963,0.012185906924345812,0.03176587788942754,0.0326440302270882,0.0447628879987288,0.029699500780420957,0.053548527918398106,0.05056870838066562,0.035189042032904384,0.029762617929525524,0.04240441282115393,0.05097264077046568,0.025493814055456546,,,0.04715919887855588,0.04378540313025573,0.04075219643002845,0.04863050429925246,0.036203363144144136,0.052872144757248954,0.024352711396236605,0.025481304726345567,0.04387270098171436,0.0525148851956779,0.0298017656616275,0.023046896464959037,0.03212058669834044,0.035683161317745474,0.025645237988854288,0.056310922723503354,0.020163042807179128,0.05301724164484053,0.024450525610467826,0.020164451269676077,0.01225882724868481,0.04838520241070793,0.010353569336817811,0.0540336457370093,0.053476554424184745,0.03384079912620053,0.020852130444739547,0.047889875593019986,0.046154782929559664
2021-03-01,0.01284123175985758,0.042914422103191956,0.030850606457761182,0.026533907978844078,0.04043883509261453,0.017278247186646865,0.040170282155114236,0.03686818543064376,0.045828432528417194,0.04318254359114422,0.02629364943038491,0.02089632291658648,0.03920286848509719,0.03677007666930546,0.02997533945505188,0.03811744545889905,0.04487337916586684,0.06159197462446451,0.03416823470038755,0.010588544032408685,0.019925378730107537,0.017065368148128576,0.018453826446273358,0.045357815845958965,0.025316961283077907,0.033388665745545734,0.0396130480608742,0.025953870168690933,0.020551302405305606,0.03626743568263799,0.032465711996362306,0.05553439010294278,0.011427977890793622,0.04488478845734631,0.03139046439279921,0.046850618707392676,0.03440430136887249,0.04545685987128701,0.05408145584759825,0.04713271548071316,0.02435144744990238,0.04084892601831406,0.05734937259398171,0.031111378012525635,,,0.04888969651554428,0.04118975018311805,0.027886846927652958,0.043736614639331116,0.03161855142172746,0.057954825393985485,0.01865813489076211,0.023911936398842745,0.039646821307232016,0.061149795411420786,0.03135253829207008,0.02693189837216164,0.029460537888477547,0.03366044200514069,0.028948301873881723,0.05772241430287722,0.011390052852264177,0.06029454798304481,0.024776375634948108,0.016096529397844013,0.012386720387674778,0.051185233230582855,0.02233104069401664,0.056145689991239534,0.056186531700146175,0.055182404386680206,0.026457431870667122,0.0457737659793144,0.044392794258565446
2021-06-01,0.014306480012174841,0.01599429013515103,0.04252707584638948,0.01685328000680008,0.028478459601059623,0.011931448073935846,0.026384992216761056,0.024619906322876674,0.018881190826268556,0.032539031793760574,0.01109704630973967,0.017079056129318496,0.03046824394340806,0.027725790791323354,0.016505887805269747,0.011581814311992733,0.02767247408489554,0.02870709673856398,0.006867611025175096,0.014392631288717355,0.017931306415546716,0.009199997578937875,0.018820564524801957,0.03158073799561935,0.01929704053774566,0.019498924626331612,0.02614206740367036,0.013467627539023844,0.009197186485595489,0.015851865956536322,0.024611424592229342,0.028756432074091134,0.016238459785274672,0.01202785278559048,0.023856790073458548,0.025772178727538182,0.01705407567937346,0.02007289891247133,0.02635415154337609,0.02310825063853109,0.01691072487482102,0.02224330911478337,0.01626159199695057,0.014204887250417153,,,0.020898653833603533,0.024891548729549712,0.027789224249966646,0.0060707553642749155,0.015300223663933495,0.02923100911091597,0.005060971561268003,0.01611359240323005,0.006605911141577274,0.02981329399653347,0.024456784899115857,0.04630877514142116,0.0143722171529176,0.019782090298939653,0.02173722534087289,0.029352304406939804,0.014542505855445286,0.026181660341081815,0.025275446769861362,0.0020195365405124054,0.016317849484017,0.01480134114227497,0.02930600360148685,0.02870709673856398,0.02772560003891225,0.04194753195400664,0.040461907448134056,0.03831454264717979,0.031912910884174375
2021-09-01,0.0015620228137436466,0.030693211835842688,0.021187435230366956,0.016565339355880466,0.024027729052792997,0.024148500293905088,0.030171358589283895,0.043074532246577917,0.020627542278615685,0.030727224446571413,0.025668039479727303,0.02599498788852475,0.03236450919843317,0.028053894081742078,0.020673088850641643,0.03442563708908693,0.032970604883734364,0.03304384687910486,0.025947638496117417,0.02456642300504072,0.02573527432705073,0.02420699940457743,0.0018926753126322264,0.02578513587144024,0.02553101105252092,0.029891889138000192,0.032970604883734364,0.02448457929328988,0.02054779072927044,0.025327219936061737,0.03019661217706939,0.02546221424189168,0.024418618274560214,0.02462445333823871,0.03355084226332733,0.03304384687910486,0.01584657833956284,0.0249585737458776,0.03195427800715375,0.03420427438703435,0.025267285705116497,0.018392365216500273,0.02891002208824497,0.025267285705116497,0.05514533855699916,,0.030402181927926437,0.03304384687910486,0.027151775148613156,0.028543045655473918,0.026902383204568524,0.03289523717491313,0.025036317338536822,0.0260474287906405,0.031067771624603637,0.03311781899817101,0.03355450581932719,0.025267285705116497,0.025975065015082986,0.024022733695305522,0.028058426792894723,0.033793968872678055,0.022358760134381078,0.03311781899817101,0.028058426792894723,0.02519869255177893,0.030151562970224526,0.031155492766723022,0.025327219936061737,0.032969209293979285,0.03304384687910486,0.036247909064581786,0.044448884645326724,0.03304384687910486,0.025424222102518747
2021-12-01,0.02596389502286911,0.026385899633169174,0.026974042877554893,0.02596389502286911,0.030230272561311722,-0.02070545218884945,0.04156257584691048,0.026974042877554893,0.02601880580186844,0.028500648215413094,0.023764783516526222,0.02596389502286911,0.028218822553753853,0.026909947395324707,0.028445737436413765,0.025846706703305244,0.029382413253188133,0.029382413253188133,0.02596389502286911,0.02596389502286911,0.02601880580186844,-0.021559545770287514,0.025358321145176888,0.028500648215413094,0.02601880580186844,0.02826891466975212,0.029076358303427696,0.02596389502286911,0.02596389502286911,0.025859227403998375,0.028995519503951073,0.025874368846416473,0.02596389502286911,0.026815300807356834,0.025859227403998375,0.029382413253188133,0.02601880580186844,0.02601880580186844,0.029467828571796417,0.05217284336686134,0.02455505169928074,0.025226708501577377,0.029455887153744698,0.03673359379172325,0.03117241896688938,0.01744900830090046,0.026965241879224777,0.029382413253188133,0.03795478120446205,0.026330988854169846,0.026330988854169846,0.029382413253188133,0.03673359379172325,0.02583477459847927,0.02662481926381588,0.02978346310555935,0.029382413253188133,0.0219088364392519,0.014735152013599873,0.02596389502286911,0.022191833704710007,0.029382413253188133,0.00016826648788992316,0.02978346310555935,0.02583477459847927,0.03673359379172325,0.02861126698553562,0.025064783170819283,0.025859227403998375,0.03164248168468475,0.029382413253188133,0.034218452870845795,0.02221628651022911,0.029382413253188133,0.026909947395324707
2022-03-01,-0.007347012870013714,0.02944044955074787,0.03843459114432335,0.02750311978161335,0.026229631155729294,-0.013165734708309174,0.030810542404651642,0.02376260794699192,0.02750311978161335,0.027669914066791534,0.013083603233098984,0.02750311978161335,0.03275512531399727,0.0299171544611454,0.027669914066791534,0.029319752007722855,0.030810542404651642,0.030843449756503105,0.02750311978161335,0.02750311978161335,0.02750311978161335,-0.013165734708309174,0.02753368392586708,0.027669914066791534,0.02750311978161335,0.02895330637693405,0.030843449756503105,0.02750311978161335,0.027470799162983894,0.028727291151881218,0.030843449756503105,0.030067525804042816,0.02735844813287258,0.02944044955074787,0.028622200712561607,0.0307419802993536,0.027174079790711403,0.027555221691727638,0.030843449756503105,0.05247719958424568,0.026903366670012474,0.030512582510709763,0.023221278563141823,0.034754835069179535,0.03640536963939667,0.02976871095597744,0.02944044955074787,0.030843449756503105,0.035446394234895706,0.02944044955074787,0.0381074920296669,0.030843449756503105,0.03368993476033211,0.030344069004058838,0.03033190220594406,0.030810542404651642,0.030843449756503105,0.030545497313141823,-0.007012665271759033,0.02750842645764351,0.028727291151881218,0.030843449756503105,-0.007012665271759033,0.030843449756503105,0.032149069011211395,-0.007012665271759033,0.030226705595850945,0.02112642489373684,0.028727291151881218,0.04018396884202957,0.030843449756503105,0.02132943645119667,0.028727291151881218,0.030843449756503105,-0.007012665271759033
2022-06-01,0.029334699735045433,0.030253034085035324,0.03386049345135689,0.028744572773575783,0.027973460033535957,0.028380176052451134,0.024615924805402756,0.04751957580447197,0.028380176052451134,0.029615184292197227,0.02857680432498455,0.028380176052451134,0.03164025396108627,0.029334699735045433,0.02857680432498455,0.028744572773575783,0.029334699735045433,0.03202733024954796,0.02857680432498455,0.028380176052451134,0.028547944501042366,0.02857680432498455,0.029334699735045433,0.028380176052451134,0.02857680432498455,0.030253034085035324,0.0314873643219471,0.02857680432498455,0.029615184292197227,0.027973460033535957,0.0314873643219471,0.029334699735045433,0.029334699735045433,0.030253034085035324,0.029658352956175804,0.031706444919109344,0.0323789119720459,0.028744572773575783,0.03239694610238075,0.052640650421381,0.028380176052451134,0.028380176052451134,0.028744572773575783,0.0323789119720459,0.042275261133909225,0.020905297249555588,0.028380176052451134,0.03164580091834068,0.031077075749635696,0.028380176052451134,0.030253034085035324,0.03255538269877434,0.033202946186065674,0.029181625694036484,0.029615184292197227,0.03202733024954796,0.03164580091834068,0.029365137219429016,0.028380176052451134,0.028380176052451134,0.03146985545754433,0.03255538269877434,0.028380176052451134,0.03255538269877434,0.028883034363389015,0.0304392259567976,0.021064799278974533,0.028744572773575783,0.027973460033535957,0.03331547603011131,0.03164580091834068,0.0286946352571249,0.028541095554828644,0.03164580091834068,0.03256725147366524
2022-09-01,0.006576950090904536,0.0338887069284205,0.03664223735496599,0.03763436342652501,0.04342816929855467,0.004328473877045039,0.026358013522637395,0.06357798764161154,0.012946242659162712,0.036650419233051644,0.0029852117639218943,0.007869195327818147,0.04497592435436851,0.027486329853409007,0.04487440541788167,0.0207090646864729,0.037722211228554625,0.034318651489004114,0.028251251894362905,-0.005416149504920844,0.021176102463501295,-0.008304251400353818,-0.003137064738199137,0.034955480297416686,0.026502758554811785,0.025144160087936816,0.034766168224297414,0.01753131733545427,-0.0016024266260050146,0.02021340615757022,0.03370790587369663,0.049894479963853496,0.008777898943081544,0.026863638040190353,0.037857801607055826,0.05449734859331039,0.04663971201567654,0.03274737620379953,0.04566821567389688,0.058716143374051344,0.005723134407240628,0.04281791347025771,0.04240348205492981,0.03613896140683048,0.05457690727401978,0.061649803359899946,0.03142620608098416,0.039579130823962146,0.009926886728623217,0.019563869093722347,0.008292501242649434,0.04801303872764828,0.01187516311305269,0.01811286271842406,0.005045073215151579,0.04484065862785794,0.04765859910640444,0.033196041977994487,0.03413511043279676,0.029872574249598376,0.024471741761068696,0.055819519343504084,0.010566931314728783,0.045709449101945604,0.030164332343462826,0.009342495962265045,0.022828523686613682,0.050052296122991995,0.04882088205647116,0.05201750517725189,0.049901453700085516,0.06030147464353874,0.04360705547033561,0.06075279343607221,0.035133156609835424
2022-12-01,0.00550771625229895,0.033073546153891284,0.040173226025791785,0.03759641489120176,0.04391306971975035,0.01840453175583854,0.04984813915546908,0.06873136777357723,0.03519781557457001,0.02662588898491082,-0.0017887027383484716,0.030834491545531088,0.055178372070041774,0.02089515194086414,0.05213880948071896,0.05356036686049392,0.03324766605462476,0.023333562492881144,0.05324394180839227,0.0005242513096156903,0.03751265223387366,0.004832102619726575,0.0036533604051419365,0.05092470317901085,0.030120109149469675,0.02091308980321958,0.03538336722253651,0.03560001353820552,-0.001502526929209296,0.021630494267808012,0.03741159990174959,0.03078601224067909,0.015445036695240943,0.025146756425772833,0.03766125367424748,0.04581761883594423,0.050744783094679606,0.06468866507054831,0.038094241420327156,0.06447022164181941,0.004105174150680284,0.04246221378653661,0.07818877124913923,0.03585515701050366,0.05605328728885747,0.0718820131614777,0.030506694350850558,0.03463587501846194,0.038418956907688255,0.014372487812142285,0.0058918224562918555,0.04575001549148823,0.023061790326185244,0.017226924584125926,0.018992351143353237,0.04804051547271939,0.03577340987361016,0.0388221710306139,0.023789469266238192,0.02610259293551724,0.02173480590012049,0.056941651848936015,0.0074082770037587585,0.042456339946568625,0.049477530159477964,0.0273245510173624,0.031394829953352785,0.06579767625467997,0.048409356387720565,0.05801550148225501,0.043944084137091964,0.04035944264119462,0.04859551273582803,0.05383911699635695,0.0337454148645672
2023-03-01,0.006064130695769725,0.013194353369022945,0.008012436753935344,0.028232732397971052,0.03206760256982547,0.0059227831159872155,0.043063213782014144,0.0567404976948864,0.028809965377293762,0.03910725805659351,0.019660550943696963,0.007696954902154424,0.04078571599073679,0.019165919964001372,0.042066665331463436,0.03792673589675059,0.03470484452875602,0.020565893982761273,0.04059870449934808,-0.002398731022301432,0.027657671746772642,-0.007746723708695315,0.016217611341044578,0.022512366700883538,0.016706817507683765,0.017543085973616486,0.034286149098908876,0.030541356204098556,0.008077431109618066,0.020210396372695554,0.033955951549215296,0.029157768967074164,0.012978421525447427,0.023782165880199,0.033476675937866594,0.04788360824324813,0.03841310490172063,0.04391819126213974,0.04902145422629736,0.05291439316881421,0.003964697644508319,0.03841552130316341,0.06210112308176519,0.03170052121483997,0.05880379621056177,0.05912100607904119,0.0334755318053569,0.03239632400526809,0.025310797191685008,0.02275122841398229,0.004663033371972344,0.041688892881489775,0.0008084334836089784,0.017118285407110093,0.024562506928305212,0.0423257673457059,0.034072189396712596,0.03798655465877642,0.021413765992385304,0.01894227599386283,0.02175894199913048,0.05411178681150837,0.00767638485273617,0.038974760671228584,0.03270214802019553,0.006448570034254639,0.03009811324857279,0.056996270851245916,0.027672049226685296,0.05260345268043484,0.04827336281334927,0.036580841778621524,0.02734576051854266,0.040933716556039806,0.024461746609786537
2023-06-01,0.01972384441124086,0.039130510155996834,0.02197681272143874,0.04559817250379528,0.029238387354641206,0.0166319173393464,0.03951197627059673,0.06270766099059868,0.036359936635507815,0.037491328661588316,0.030640991232332646,0.040639924927076576,0.03313912042714842,0.027035059523177953,0.04498870360579065,0.04164882358940544,0.0407285202223307,0.02324039446215726,0.05237632195489858,0.006428428294482509,0.05596478931549548,0.02005060972415115,0.008170191149202439,0.03876979306064327,0.010640670249817779,0.030062624394565956,0.028748726649807734,0.04514966541662044,0.015921361015422613,0.022092199634657854,0.029773635991514218,0.024279013340347766,0.01256727300664779,0.027485386403285836,0.01327124955854295,0.050714223059026786,0.0448831938430722,0.061604777368778875,0.045559068843632054,0.038396456762891835,0.022473086500881825,0.03953548648689154,0.0428598628214776,0.03850987934835487,0.04644727577593966,0.047467212430774106,0.03802282718835836,0.03671245395282283,0.029594536585167343,0.03392593422704322,0.025243157713277325,0.03202459943508813,0.023220747528562555,0.007172666139846211,0.016922416967591815,0.043682116899931296,0.03784525010500503,0.03632076141605493,0.030307623341873407,0.03032706729739931,0.025679367853816443,0.05629773075573328,0.014611805857326639,0.044433806098699506,0.034241048928115976,0.005118229957490112,0.02408001663661351,0.037650287493095264,0.020720542432948973,0.05547914424127236,0.03697125838757593,0.024261723323535062,0.0339251680458672,0.04498096841139726,0.03568988347075623
2023-09-01,0.0014628326120004606,0.020899783932514522,0.010801216660231797,0.049899638688519536,0.013446692038391838,0.0013874876968387418,0.02373147066275359,0.06810053254871173,0.023534838053052294,0.027187322553674575,0.016480183420057075,0.03556976669048972,0.03589628656797011,0.005912983109824282,0.03696995746097023,0.023370521128274133,0.02088447534510405,0.008556339910974353,0.04505215744400705,0.002120906245771829,0.04304642085326304,0.003831050614540246,-0.004426339165218977,0.060051084667225536,0.01998818780188101,0.00638643343103315,0.016991594202335022,0.05615794500637981,0.009375363244841032,0.007047267305521443,0.01963428386270338,0.017485464360694983,0.002450049744445883,0.03583661916608586,0.02362350628068537,0.0405680954706518,0.030613574468752215,0.05767088061384412,0.03618986970154928,0.040090970655584986,0.0071695991706867265,0.030596196264405108,0.04703027005761722,0.026841287087323695,0.03096782143571194,0.039603902131461706,0.019482989139828967,0.021891174342237765,0.018372979881727577,0.01757668995519063,0.01752761122621225,0.02070977419352321,0.0017751165699574733,0.002176217544493076,0.01173129296169768,0.027699258144212778,0.02530160661101823,0.013670772124931743,0.01239288815325256,0.011819492934299876,0.008442370132430268,0.057495241755078356,0.013648715738830827,0.03362660978472642,0.017843726497163225,0.0077263767071677515,0.024385620167632915,0.035285495533453816,0.024070535130952725,0.03978696381126704,0.0268299307206473,0.02540847735417158,0.01818175209483729,0.024487145021293982,0.0167654687933878
2023-12-01,-0.005266514145006209,0.01840266153033569,0.00789951059410575,0.03705550609941513,0.003252572564315128,-0.0015414394635604287,0.027177388993189364,0.05735943395260672,0.01940972973731252,0.022141511538587073,0.010934533426115646,0.033847321444094275,0.043153593057146944,0.00028598857535061225,0.03701800482729012,0.006198320330207709,0.01123226195987528,0.009254576045974535,0.04045470282202989,-0.00038438155880706653,0.03482726744542694,0.0013023701357540698,-0.011798467365670052,0.046170378090069464,-0.0038396440701075263,-0.002697900626864562,0.01887624808747838,0.05269624178363843,-0.006399998271527472,0.0031787013248688167,0.014838175152591782,0.008251326639057232,0.0058584246632387175,0.02287306308525009,0.007306386358903302,0.03676192012931807,0.030649857145104233,0.05632832277924441,0.028246425799436033,0.05054105300399502,-0.002019870050577148,0.01771060690481545,0.0446186918827912,0.02349695735101151,0.0375451460937031,0.04618901864084074,0.014185813536158156,0.016405868242621552,0.006523915561314806,0.021378740760413368,-0.0038790405509555805,0.027846901729316177,-0.004607761115388837,-0.0029598424387058185,0.01814930864005583,0.02942148670865351,0.0139075164967138,0.01564899296213654,0.009616778488447476,0.021557893524056217,0.0049839093699792815,0.058918087430094884,-0.0016201690038546177,0.021013948587592916,0.009924836097229528,-0.0021203498137075372,0.023870026460379633,0.03654273227577301,0.014283368949940832,0.031286187395203925,0.02452831663809294,0.02804639374616756,0.007258513213502094,0.031205711515386394,0.005579963037169502
2024-03-01,-0.004507833208426875,0.004334188149000227,0.0007187306317437697,1.707241206312365e-05,0.009617521684076253,-0.02233165913260787,0.03267216312744674,0.05011847537542333,0.0010916669525222516,0.010554635998308436,-0.009498796773975192,0.002760506348895067,0.03310386625621334,0.011448582271846777,0.02388703927419256,0.029075882492665794,0.011613759721093086,0.004652077872581104,0.021982158334092478,-0.014719421671152682,0.002355905814584522,-0.020461259665390502,-0.005833968898611946,0.03748731119705085,-0.006265380638181681,-0.0070764481419098016,0.021394433725139148,0.0464306540147625,-0.01551835637402617,0.0004982322740585037,0.009261269033808715,0.008772820527933642,0.004819448094439101,0.023841742716941897,0.01590244265938462,0.029090472452041567,0.0257135540703903,0.043961244636395974,0.03975953969756034,0.030318864581212718,0.011668757473262853,0.02043040199185878,0.05433623084271973,-0.006146961972766252,0.009690356608693274,0.033885256129415176,0.017505179322463954,0.018180514184032485,0.017881886254789193,0.022131192751853136,0.011784686232340011,0.026064287358212822,-0.00785840282073063,-0.0015531323296498686,0.017349279668174303,0.028842389105948427,0.0018591273913597316,0.01382272268265671,0.013507580958287914,0.017635802606012954,0.0009274938309051953,0.03836322021388658,-0.010386907875571982,0.02753578160679796,0.0038440048312345376,-0.01112472246380368,0.02111673010521117,0.040169829660108895,0.014603916177546417,0.03164110305853574,0.03225116977483652,6.496715231954817e-05,0.01633761137661406,0.030979471251464094,0.010412573577412059
2024-06-01,-0.003493200709288124,0.01548695107444868,-0.0037447875270182635,0.007851836852825944,-0.0037787549449319596,-0.02501785391326704,0.03783627368985816,0.047426688805677956,-0.005273505422888406,0.004924060478271614,-0.007964265466639352,0.009042028109503341,0.03398494503021179,-0.005434079919636111,0.017559516987226013,0.020134517189028468,0.01878406097668149,0.009816629865891314,0.022542462140123686,-0.00677058586092387,-0.004144103324934515,-0.018073735224275803,-0.02345801428417744,0.024811346891169754,0.009272880917548769,-0.012285179547664117,0.015266091555459762,0.02914948724123684,-0.005870206164917509,0.0013848701169401744,0.010497076893869878,0.009007385075022616,-0.00039253683215904515,0.02127142532366303,0.010731594169958083,0.02672894080605372,0.021955047402791084,0.03712186082983192,0.0398748407610573,0.026834419734448157,-0.006922312719956901,0.007627342431672448,0.04529141208550381,-0.0031859198165754866,-0.0006811512496859319,0.029528577611947982,0.010977147787801534,0.01894131934360628,0.013879042293611745,0.009483633064187084,-0.011836256288225261,0.0016663900842817222,0.003137487116485086,-0.004684657299374548,0.011880610861592325,0.025373645623101942,0.009065893025889046,0.010443309264391574,0.016756796831397924,0.012077577890254243,0.0031336874425614484,0.035831648102216465,-0.0061670180815891285,0.025795978115826238,0.006080313791704679,-0.023106184544021954,0.03366001294529916,0.03593859528382601,0.014001438811536471,0.03774867048938301,0.025134666639144744,-0.0010839704979892745,-0.0032635297427664606,0.030714025560708177,0.015959436933994407
2024-09-01,-0.022041076176058817,0.016484603152932372,0.0049438767091216865,0.015635200317598248,0.016669765331017484,-0.004438848273711053,0.013426392033182093,0.030337881166456665,-0.0050727067935337055,0.016847014105433843,-0.0037993154897861385,0.020154769761717505,0.03426112696217869,-0.010123153471744271,0.029012239185081404,0.0043533559177563455,0.017765879384092326,0.014244668118966249,0.018320584523760706,0.0061068591156616505,-0.008909471078199876,-0.025968499978688525,-0.03191045487751949,0.031071314431653122,0.023636722196255566,0.01200344132448606,0.015101098199700413,0.03744346784677359,-0.026388882882102376,-0.0007822237937984955,0.014542821528176262,0.0038131497408148015,-0.0011591742692634705,0.012603615308647308,-0.009182464336224445,0.029434799889145154,0.01954543752866932,0.030190977132176097,0.03659294640042534,0.03189418985800282,-0.009952950045332807,-0.008797886679210306,0.038530117160072874,-0.010619976639509286,0.000746983353616202,0.029574420563112044,0.014165053876029262,0.022216119267469615,0.016801418294231672,0.0009497281500546076,-0.013329893544628633,0.013019963802678553,-0.026830993923887547,-0.0026632304559615298,0.0040804703432686116,0.024021341884318786,0.014075410458159542,0.007690738123085603,0.016011110767455636,-0.020674022014887397,0.010484132516572658,0.03083740302367529,-0.02184618328192925,0.028047450959279567,-0.003425428383745189,-0.03548777493343949,0.02668886032371704,0.029079159352255902,0.014635342175922888,0.03411837878297846,0.02538404292015534,0.0018752982415812347,-0.007161621174113737,0.027612015468791017,0.008072550972534896
2024-12-01,-0.018046168499262483,-0.004592114719543947,0.008714351192076461,-0.01620359403468261,0.00026386135886100173,-0.03752318828546117,0.01101556097359516,0.03265023670358926,-0.005083950186134001,0.006609692515855671,-0.013319551999711403,0.007773649633676251,0.04163424296758942,-0.010520661952286353,0.021955712402864657,-1.6243003842523874e-05,0.010920511202982246,0.00498492586241009,0.013291840002613917,-0.02638879604582347,0.0045258696564581345,-0.03045476145924821,-0.020400950839634738,0.030881009455358665,0.0005879850354892405,-0.01210655527121242,0.01606781909184881,0.019102625892512187,-0.03075269872285864,-0.006554569767725244,0.0036972079007820064,-0.006451685415990099,-0.003939348877830199,0.0165430828905274,0.004521878434477321,0.022377713439724126,0.008697890937769698,0.020090272629500888,0.03509026475950293,0.037061880089526746,-0.00957852737383891,-0.007995076802615539,0.03731736316623567,0.010144655340143274,0.0015360095574074026,0.019048109924898676,-0.011869247295214784,0.014547929338735843,0.013031854284338153,-0.009182465046790756,-0.003878838356905913,0.010566331543014087,-0.023567222732870322,-0.0011950174000721562,-0.017654125150005556,0.02610211123771684,0.015593509687329046,-0.02486825239886782,0.01403064621570552,-0.0025269470017215486,-0.0013445165630263755,0.0311554579823948,-0.01311161985433443,0.022870050693232412,-0.0028486947984754703,-0.028845675937206595,0.026051897905858715,0.01356392346042758,0.012637062122288975,0.030457587712781245,0.02592796011983836,-0.0011408784417337582,-0.014535217250278289,0.0244127364193684,-0.0008535871139077486
2025-03-01,-0.0207756608318845,0.005433302931173329,0.008193992837259656,-0.031841276551341814,-0.013289122596649407,-0.03427281667107078,0.020293771077766323,0.015921801664964742,-0.007985308415889616,0.002979280960614498,-0.021548427356895355,-0.007384650286523711,0.03372416086238394,0.006183248097736548,0.009018074797355984,-0.004840371638910513,0.02259946387292007,0.008048758857635105,0.002290561370476224,-0.036255595844920496,-0.026815980829168414,-0.03021255171382982,-0.023475126471920436,0.03621771185964851,-0.0028570113731277436,-0.010111524350253684,0.01819009408961317,0.0016858892356076721,-0.035500342929386,-0.007084851467604019,0.007570214753169966,-0.00737381074930879,-0.009667936997128444,0.019602264851831013,-0.013159113580515809,0.02129280826936147,0.008658004217431738,0.008499152102163884,0.029410458372209312,0.036067141880650765,-0.012392314856072083,0.009782154792634586,0.045028456066635233,-0.016283702027326655,0.02074085001066856,0.033998228436387945,-0.0014851482542142674,0.021755564165999886,0.020015016292817687,2.5978410451114615e-05,0.015229476499654882,0.01602338609358818,-0.02610884478893526,-0.019013364083308074,-0.021429952156817544,0.031129942943585717,0.015696516490787363,0.006518971515634198,0.02533623413614646,0.010431267429176199,0.006068970617599027,0.03274498901013653,-0.020817274118019532,0.024358554113687057,0.0006420118573213607,-0.031505571347881206,0.02233256437345407,-0.01079993982480515,0.0032239051732857993,0.03050677042232728,0.02641685376220688,-0.01152791474005134,-0.014250135829666577,0.025169142110601297,0.0015755224093933178
2025-06-01,-0.01702451318150087,-0.010535624909491252,-0.0033549582573196195,-0.024042016017684943,-0.0111348613123003,-0.024596361260471905,0.020039582920735374,0.04913082193059107,-0.003117090328432618,0.008783155734180894,-0.012086043234293823,0.005255690997956235,0.035917187219431934,-0.00412699072179887,0.011821125205936011,0.007967508148594147,0.020082639192814486,0.0032458347787856245,0.012574373989543372,-0.02517286249516456,-0.016986475098381363,-0.01951430549597505,-0.022762513897918876,0.03590991584492008,0.003195616158823489,-0.014973808015979946,0.021593269117141906,0.015521181540751126,-0.023003032560593675,-0.01026205373167292,0.003695698566013184,-0.011062092674174002,-0.002962313171235936,0.01577808297224721,0.012855690679135683,0.033264279623687304,0.024652233886397684,0.023144984564619817,0.03980340628535866,0.03729158841748681,-0.007838046269263366,-0.0043515973944694445,0.03969462615049502,-0.0037896921532658483,0.011706106664151178,0.02993007778613183,-0.012988434486179663,0.010450706208172601,0.003298530315697769,-0.001684491451327777,-0.0022317209753018167,-0.0036244117193056395,0.0004574979576470815,-0.01770637653480291,-0.0040656349911568305,0.025971289259173743,0.010861713441711622,-0.003213712229195242,0.012249641220915946,-0.01334337627879612,-0.009408604085542829,0.04079141393211705,-0.004363006314767432,0.025972590224302275,-0.001000714859096254,-0.023335706705686708,0.027295954215798068,-0.002456743176432848,0.008494046790767913,0.028102959392934647,0.02035702693063727,0.02278328732394568,0.003948008067490128,0.017506638342693177,0.005994227375581299
2025-09-01,-0.022688049342893646,0.012719293985610256,0.008413761246414844,-0.009917413543360733,0.011028346693589732,8.408919777400521e-05,0.017699044660454244,0.011058587443889503,-0.003692796167103796,-0.003232055536874583,-0.005502495401693165,-0.0006010934560842068,0.0182085439529182,0.008753593978465172,-0.003692796167103796,0.007215593319189661,0.020605183224789922,0.012199863400759122,-0.0011456038395859529,0.0071025129619971495,0.010481115414599453,-0.014297016349776035,0.011855433163292751,0.014416580456826202,0.019402624801757255,-0.009782973598949746,0.02026016999456232,0.0063466563980320734,0.007203633519803431,-0.010892700126992871,0.01214668861131885,-0.04253718793023095,0.004969346148008673,0.01763250769249231,0.017582995054784098,0.017807099595212525,0.015461949144492487,0.020838852885429412,0.006263364345606704,0.020282247164210853,0.01885488469653357,0.02083878764979471,0.03153143077921419,0.009830566843927434,0.0019980924893612945,0.014612078951628537,0.021190412233424757,-0.022407932655771644,0.0222489748447333,0.020810429123582955,-0.007429390850599571,-0.009334001857786812,-0.002247326619990505,0.010784253191830495,0.012307118063761816,0.016589023292187116,0.0007920390533384428,0.0016860289481413207,-0.015379450977246007,-0.004996719865437341,0.0131401415469986,0.01778502242556399,-0.005023398619255394,0.016559104194068048,0.012719293985610256,-0.0035983810082250837,0.006088504508133686,0.013615855208103043,0.004773944491579762,0.016559104194068048,0.017777180497093457,0.017472848594749495,0.01787465426240474,0.0022062478770886653,-0.016446099564550263
