,1447,1449,1487,2019,2176,2968,3221,3243,4640,4674,4699,4723,4885,4973,5786,6781,7065,7163,7647,7982,8007,8245,8898,9783,10035,10614,11811,11856,12124,12138,12635,13341,13988,14822,14824,15417,20686,21825,24616,26367,28034,28349,29804,30990,34749,39293,61302,61380,61388,61739,62689,63172,114628,124434,133768,139665,141913,143356,144009,145701,149070,149337,157057,160225,163610,164708,165993,176701,177088,178507,179534,179741,184254,184500,184700
2001-03-01,0.00298617803491652,0.0636971965432167,0.05744674801826477,-0.0014691764954477549,0.013877812772989273,0.06425944715738297,0.031870029866695404,0.056564364582300186,0.016627779230475426,0.056437429040670395,0.061651088297367096,0.05610320717096329,0.07362562417984009,0.018540900200605392,0.05610320717096329,0.04585827887058258,0.017888668924570084,0.019654126837849617,0.056437429040670395,0.030907100066542625,0.056437429040670395,0.017278434708714485,0.05610320717096329,0.056437429040670395,0.06345903873443604,0.056437429040670395,0.037543557584285736,0.02483980357646942,0.0329449325799942,-0.005546256899833679,0.039836641401052475,0.011872378177940845,0.06571104377508163,0.05610320717096329,0.04728494584560394,0.06571104377508163,,,,,0.019536061212420464,0.047584883868694305,0.008353382349014282,0.04957355931401253,,,0.051626428961753845,0.062280964106321335,0.013877812772989273,0.05978195741772652,,0.05283316224813461,0.028828289359807968,0.008353382349014282,0.03971637040376663,0.02658780850470066,0.05816454067826271,,,,,,,,,,,,,,,,,,
2001-06-01,0.037392403930425644,0.05539540573954582,0.01765037700533867,0.009453171864151955,0.03802979364991188,0.015319586731493473,0.008008066564798355,0.04974757879972458,0.013601071201264858,0.05547287315130234,0.018347814679145813,0.03218306973576546,0.06330657005310059,0.01847107522189617,0.05547287315130234,0.059012994170188904,0.01255044061690569,0.05679686740040779,0.06020937114953995,0.018478939309716225,0.06327300518751144,0.015319586731493473,0.059012994170188904,0.05547287315130234,0.019363239407539368,0.059012994170188904,-0.007015420589596033,0.01011390145868063,0.024560488760471344,0.05539540573954582,0.03218306973576546,0.051855284720659256,0.03127318620681763,0.00908227264881134,0.0262311864644289,0.0948011577129364,,,,,0.015319586731493473,0.015319586731493473,0.0312759131193161,0.013601071201264858,,,0.05547287315130234,0.06330657005310059,0.04065589979290962,0.040957316756248474,,0.06251346319913864,0.06480675935745239,0.02322380058467388,0.07591363042593002,0.041044432669878006,0.05849149823188782,,,,,,,,,,,,,,,,,,
2001-09-01,0.021949533373117447,0.035113375633955,0.011552497744560242,0.004566151648759842,0.054949063807725906,0.01181928999722004,0.017017753794789314,0.014360803179442883,0.0009459146531298757,0.055239688605070114,-0.030683742836117744,0.0430016964673996,0.05016561970114708,0.018355602398514748,0.04643561318516731,0.05722881853580475,0.004600568674504757,0.01242150366306305,0.059926871210336685,0.012850422412157059,0.0011031688190996647,-0.002025950700044632,0.05947740375995636,0.03705355152487755,0.012850422412157059,0.05911470204591751,-0.012352820485830307,0.007633646950125694,-0.0042486367747187614,0.041925352066755295,0.047570448368787766,-0.00028276274679228663,0.08989830315113068,0.0016719583654776216,0.024882525205612183,0.05727574601769447,,,,,0.02007637917995453,0.01181928999722004,0.017017753794789314,0.01401244755834341,,,0.056853946298360825,0.06206372752785683,-0.007238694466650486,-0.03522850200533867,,0.029889313504099846,0.11039942502975464,-0.004363054409623146,0.013653210364282131,0.07741370797157288,0.03910724073648453,,0.017017753794789314,,,,,,,,,,,,,,,,
2001-12-01,0.056009918451309204,0.06278359144926071,0.05300638824701309,0.04347168281674385,0.05437129735946655,0.040597427636384964,0.040597427636384964,0.0563652478158474,0.040262144058942795,0.06538881361484528,0.04618566483259201,0.056009918451309204,0.058918118476867676,0.07027822732925415,0.058918118476867676,0.06158348172903061,0.06811414659023285,0.08064067363739014,0.06126120686531067,0.0396532267332077,0.06538881361484528,0.06243112310767174,0.058918118476867676,0.06158348172903061,0.0396532267332077,0.06658894568681717,0.04949450120329857,0.0391731858253479,0.08272826671600342,0.06658894568681717,0.031137976795434952,0.03404617682099342,0.056009918451309204,0.039585039019584656,0.040597427636384964,0.07827021181583405,,,,,0.0743674635887146,0.03978210315108299,0.056009918451309204,0.0396532267332077,,,0.056009918451309204,0.0354129895567894,0.04621073976159096,0.05428808927536011,,0.0712871253490448,0.04618566483259201,0.039476051926612854,0.06110689416527748,0.06402046978473663,0.058918118476867676,,0.053388845175504684,,,,,,,,,,,,,,,,
2002-03-01,0.0501658171415329,0.060255058109760284,0.054726406931877136,0.054726406931877136,0.05979703739285469,0.05181972682476044,0.0501658171415329,0.05979703739285469,0.054726406931877136,0.060255058109760284,0.05979703739285469,0.060255058109760284,0.060255058109760284,0.03169197589159012,0.060255058109760284,0.060255058109760284,0.05979703739285469,0.06763947010040283,0.05979703739285469,0.054726406931877136,0.060255058109760284,0.056380316615104675,0.060255058109760284,0.05591467767953873,0.054726406931877136,0.060255058109760284,0.05889732763171196,0.0501658171415329,0.054726406931877136,0.04232882335782051,0.060255058109760284,0.060255058109760284,0.06763947010040283,0.053649574518203735,0.0729542076587677,0.055148325860500336,,,,,0.0501658171415329,0.0501658171415329,0.05889732763171196,0.05979703739285469,,,0.04232882335782051,0.0501658171415329,0.054726406931877136,0.054726406931877136,,0.19611021876335144,0.054726406931877136,0.05563347041606903,0.05181972682476044,0.07046162337064743,0.060255058109760284,0.05821364000439644,0.054726406931877136,0.060255058109760284,,,,,,,,,,,,,,,
2002-06-01,0.013186803087592125,0.05701811611652374,0.047874726355075836,0.031510110944509506,0.03893546015024185,0.017906274646520615,0.011950272135436535,0.034607481211423874,0.031510110944509506,0.06182165816426277,0.026086825877428055,0.06182165816426277,-0.014744894579052925,0.029200265184044838,0.06182165816426277,0.06182165816426277,0.020702172070741653,0.008851463906466961,0.06411164253950119,0.031510110944509506,0.06182165816426277,-0.008771492168307304,0.05701811611652374,0.06182165816426277,0.016665810719132423,0.06182165816426277,0.10030791908502579,0.022607821971178055,-0.0010240630945190787,-0.07707008719444275,0.05898158252239227,0.06182165816426277,0.04653939977288246,0.06182165816426277,0.020785247907042503,0.03780313581228256,,,,,0.0339115671813488,0.0339115671813488,0.04653939977288246,0.039778005331754684,,,0.05701811611652374,0.014605946838855743,0.02480502985417843,0.02480502985417843,0.03810814768075943,0.4186421036720276,0.029181871563196182,0.06393949687480927,0.03765010088682175,0.09790142625570297,0.04653939977288246,0.03765010088682175,0.019167808815836906,0.0600314736366272,,,,,,,,,,,,,,,
2002-09-01,0.042379576712846756,0.05942155420780182,0.05045501887798309,0.042379576712846756,0.028318366035819054,0.04883479326963425,0.05402541905641556,0.04741102084517479,0.041890475898981094,0.06038195639848709,0.04548123851418495,0.06038195639848709,0.05925220251083374,0.03997516259551048,0.06038195639848709,0.06038195639848709,0.048324666917324066,0.0729743018746376,0.07211416214704514,0.041890475898981094,0.06038195639848709,0.06450852006673813,0.06038195639848709,0.06038195639848709,0.04646661505103111,0.05925220251083374,0.05447583273053169,0.04376955330371857,0.02531510591506958,0.05942155420780182,0.05447583273053169,0.05925220251083374,0.049711279571056366,0.06038195639848709,0.04287249222397804,0.05718325451016426,,,,,0.02531510591506958,0.04883479326963425,0.049711279571056366,0.04820789024233818,,,0.06038195639848709,0.04050431400537491,0.02531510591506958,0.02531510591506958,0.0527840293943882,0.05942155420780182,0.024700984358787537,0.044172435998916626,0.07456056773662567,0.037543293088674545,0.060588158667087555,0.0527840293943882,0.05688450485467911,0.0527840293943882,,,,,,,,,,,,,,,
2002-12-01,0.04237206280231476,0.05007201433181763,0.04533851891756058,0.05007201433181763,0.04777935892343521,0.061632413417100906,0.05007201433181763,0.05356205254793167,0.04237206280231476,0.05007201433181763,0.043906062841415405,0.05007201433181763,0.054774343967437744,0.054774343967437744,0.05007201433181763,0.05007201433181763,0.035522304475307465,0.05007201433181763,0.05658586695790291,0.04237206280231476,0.05007201433181763,0.05132308229804039,0.05007201433181763,0.05007201433181763,0.04237206280231476,0.05007201433181763,0.054774343967437744,0.043250322341918945,0.04412395507097244,0.054774343967437744,0.05007201433181763,0.05007201433181763,0.05007201433181763,0.05007201433181763,0.04237206280231476,0.025961510837078094,,,,,0.023649541661143303,0.04237206280231476,0.05007201433181763,0.05658586695790291,,,0.023649541661143303,0.04237206280231476,0.04829926788806915,0.05132308229804039,0.04700427129864693,0.025961510837078094,0.043906062841415405,0.04533851891756058,0.061632413417100906,0.021734757348895073,0.054774343967437744,0.05007201433181763,0.038488760590553284,0.05007201433181763,,0.05007201433181763,,,,,,,,,,,,,
2003-03-01,0.04422697052359581,0.05278979614377022,0.056156840175390244,0.05266653746366501,0.04422697052359581,0.04313322901725769,0.05278979614377022,0.04422697052359581,0.04422697052359581,0.05278979614377022,0.04422697052359581,0.05278979614377022,0.05057116225361824,0.055548083037137985,0.05278979614377022,0.05278979614377022,0.04422697052359581,0.05278979614377022,0.056156840175390244,0.04422697052359581,0.05278979614377022,0.056156840175390244,0.05044790357351303,0.05278979614377022,0.056156840175390244,0.05278979614377022,0.053773488849401474,0.04899629205465317,0.05942269042134285,0.05278979614377022,0.05266653746366501,0.05278979614377022,0.023671859875321388,0.05278979614377022,0.04422697052359581,0.055593471974134445,,,,,0.060734692960977554,0.04422697052359581,0.04579887539148331,0.05278979614377022,,,0.05278979614377022,0.04422697052359581,0.04899629205465317,0.056156840175390244,0.0508299246430397,0.05409535393118858,0.04533488675951958,0.04422697052359581,0.05435972288250923,0.02731422334909439,0.05278979614377022,0.04422697052359581,0.0508299246430397,0.049753595143556595,0.05278979614377022,0.05151232331991196,,,,,,,,,,,,,
2003-06-01,0.038708120584487915,0.055637285113334656,0.03773191571235657,0.055637285113334656,0.04242217168211937,0.06477247178554535,0.055637285113334656,0.04032107815146446,0.03744853660464287,0.055637285113334656,0.03744853660464287,0.055637285113334656,0.05714569613337517,0.056665223091840744,0.055637285113334656,0.05717279389500618,0.03784951567649841,0.056665223091840744,0.04056578129529953,0.055637285113334656,0.055637285113334656,0.051053665578365326,0.0554148368537426,0.055637285113334656,0.038708120584487915,0.055637285113334656,0.05714569613337517,0.04056578129529953,0.03181998431682587,0.05714569613337517,0.0554148368537426,0.057368144392967224,0.054934363812208176,0.055637285113334656,0.038708120584487915,0.057368144392967224,,,,,0.055637285113334656,0.04056578129529953,-0.00869316328316927,0.055637285113334656,,,0.05555765703320503,0.19978266954421997,0.051053665578365326,0.04056578129529953,0.04056578129529953,0.026500623673200607,0.038948629051446915,0.03744853660464287,0.06477247178554535,0.05488009378314018,0.056665223091840744,0.04961235448718071,0.04032107815146446,0.04969198256731033,0.055637285113334656,0.054934363812208176,,,,,,,,,,,,,
2003-09-01,0.038549914956092834,0.0474897176027298,0.038549914956092834,0.0474897176027298,0.04813387617468834,0.04476829245686531,0.0474897176027298,0.03449353575706482,0.038549914956092834,0.0474897176027298,0.038549914956092834,0.0474897176027298,0.0474897176027298,0.0474897176027298,0.0474897176027298,0.0474897176027298,0.038549914956092834,0.038549914956092834,0.05595773831009865,0.038549914956092834,0.0474897176027298,0.038549914956092834,0.0474897176027298,0.0474897176027298,0.04476829245686531,0.0474897176027298,0.04569566249847412,0.04476829245686531,0.06128368154168129,0.012439052574336529,0.0474897176027298,0.0474897176027298,0.04569566249847412,0.0474897176027298,0.038549914956092834,0.0474897176027298,,,,,0.050042103976011276,0.04476829245686531,0.04040088132023811,0.05595773831009865,,,0.0474897176027298,0.038549914956092834,0.05595773831009865,0.04476829245686531,0.04476829245686531,0.20506569743156433,0.038549914956092834,0.038549914956092834,0.0474897176027298,0.04139066860079765,0.0474897176027298,0.038549914956092834,0.038549914956092834,0.038549914956092834,0.0474897176027298,0.0474897176027298,,,,,,,,,,,,,
2003-12-01,0.027478381991386414,0.03850077465176582,0.03240566700696945,0.027478381991386414,0.03280530124902725,0.03053220361471176,0.03850077465176582,0.03930869325995445,0.027478381991386414,0.03850077465176582,0.0322229340672493,0.03850077465176582,0.03850077465176582,0.03850077465176582,0.03850077465176582,0.038317300379276276,0.027478381991386414,0.02829795889556408,0.03970832750201225,0.027478381991386414,0.03850077465176582,0.03930869325995445,0.03850077465176582,0.03850077465176582,0.027478381991386414,0.03850077465176582,0.03514008969068527,0.027478381991386414,0.007131016347557306,0.0042396364733576775,0.03850077465176582,0.03850077465176582,0.026467610150575638,0.03850077465176582,0.027478381991386414,0.03850077465176582,,,,,0.03930869325995445,0.03930869325995445,0.02809079922735691,0.03930869325995445,,,0.03850077465176582,0.034888576716184616,0.02869758941233158,0.029360592365264893,0.028121456503868103,0.014057653956115246,0.03970832750201225,0.027478381991386414,0.03850077465176582,0.03480952978134155,0.03850077465176582,0.027478381991386414,0.0499112531542778,0.027478381991386414,0.03850077465176582,0.02820931375026703,,,,,,,,,,,,,
2004-03-01,0.03248488903045654,0.028796324506402016,0.03246692568063736,0.026410123333334923,0.03246692568063736,0.037526313215494156,0.03807005286216736,0.03558337688446045,0.03246692568063736,0.03807005286216736,0.03246692568063736,0.03807005286216736,0.03807005286216736,0.03041079454123974,0.03807005286216736,0.03807005286216736,0.03246692568063736,0.03898617625236511,0.049894969910383224,0.02463139407336712,0.03807005286216736,0.03558337688446045,0.03807005286216736,0.03807005286216736,0.03744838014245033,0.03807005286216736,0.03807005286216736,0.026410123333334923,0.02569112554192543,0.004031279124319553,0.03807005286216736,0.03807005286216736,0.03807005286216736,0.03807005286216736,0.03132279962301254,0.03807005286216736,,,,,0.04596763849258423,0.038246531039476395,0.028796324506402016,0.03351482376456261,,,0.03807005286216736,0.03246692568063736,0.03223906457424164,0.03690177947282791,0.03600285202264786,0.021043790504336357,0.03733085095882416,0.03246692568063736,0.040199413895606995,0.03208911791443825,0.03807005286216736,0.03733085095882416,0.035903625190258026,0.037516411393880844,0.03796979784965515,0.01709887571632862,,,,,,,,,,,,,
2004-06-01,0.0284851286560297,0.03548673912882805,0.022317837923765182,0.022317837923765182,0.02717192843556404,0.034858278930187225,0.03548673912882805,0.022317837923765182,0.022317837923765182,0.03548673912882805,0.022317837923765182,0.03548673912882805,0.03548673912882805,0.0284851286560297,0.03548673912882805,0.029697909951210022,0.0284851286560297,0.0284851286560297,0.052384741604328156,0.022317837923765182,0.03548673912882805,0.034858278930187225,0.03548673912882805,0.030177883803844452,0.022317837923765182,0.03548673912882805,0.030911885201931,0.022317837923765182,0.034858278930187225,0.012453621253371239,0.03548673912882805,0.03548673912882805,0.030911885201931,0.03548673912882805,0.034858278930187225,0.03548673912882805,,,,,0.034858278930187225,0.034858278930187225,0.029697909951210022,0.034858278930187225,,,0.03548673912882805,0.022317837923765182,0.023567352443933487,0.034858278930187225,0.0285087488591671,0.035093385726213455,0.034858278930187225,0.0284851286560297,0.034858278930187225,0.00764797069132328,0.030911885201931,0.022317837923765182,0.03869564086198807,0.022317837923765182,0.035093385726213455,0.029697909951210022,0.03548673912882805,,,,,,,,,,,,
2004-09-01,0.03361256793141365,0.040581319481134415,0.03002423606812954,0.03002423606812954,0.032903242856264114,0.03272384777665138,0.040581319481134415,0.03002423606812954,0.03002423606812954,0.040581319481134415,0.032903242856264114,0.040581319481134415,0.040581319481134415,0.040581319481134415,0.040581319481134415,0.040581319481134415,0.03361256793141365,0.03361256793141365,0.04046380892395973,0.03002423606812954,0.040581319481134415,0.040897540748119354,0.040581319481134415,0.040581319481134415,0.03002423606812954,0.040581319481134415,0.03122822754085064,0.034621208906173706,0.030456651002168655,0.03055647946894169,0.040581319481134415,0.040581319481134415,0.03122822754085064,0.040581319481134415,0.03921131044626236,0.03122822754085064,,,,,0.036385633051395416,0.03255913034081459,0.04356354847550392,0.03931239992380142,,,0.040581319481134415,0.03002423606812954,0.028480954468250275,0.04103033244609833,0.04046380892395973,0.03122822754085064,0.043759606778621674,0.03361256793141365,0.04046380892395973,0.02035103179514408,0.040581319481134415,0.040897540748119354,0.03361256793141365,0.02757764793932438,0.03055647946894169,0.03309239447116852,0.040581319481134415,,,,,,,,,,,,
2004-12-01,0.024313129484653473,0.04429356008768082,0.02545391209423542,0.024313129484653473,0.02545391209423542,0.021640771999955177,0.04429356008768082,0.026222489774227142,0.024313129484653473,0.021640771999955177,0.022781554609537125,0.04429356008768082,0.04429356008768082,-0.03589872270822525,0.04429356008768082,0.04429356008768082,0.024313129484653473,0.045260753482580185,0.039850492030382156,0.024313129484653473,0.04429356008768082,0.02545391209423542,0.04429356008768082,0.03231538087129593,0.024313129484653473,0.04429356008768082,0.026369472965598106,0.024313129484653473,0.08805172890424728,0.023375652730464935,0.04429356008768082,0.04429356008768082,0.023777717724442482,0.04429356008768082,0.024313129484653473,0.026369472965598106,,,,,0.025199029594659805,0.02545391209423542,0.04638011008501053,0.04701239615678787,,,0.04429356008768082,0.024313129484653473,0.02545391209423542,0.042115211486816406,0.024313129484653473,0.002374504692852497,0.005751326680183411,0.11960111558437347,0.0358247235417366,-0.0017498634988442063,0.041844770312309265,0.042115211486816406,0.024313129484653473,0.021640771999955177,0.02100702002644539,0.07586641609668732,0.04429356008768082,,,,,,,,,,,,
2005-03-01,0.030047671869397163,0.04633806645870209,0.030047671869397163,0.030710451304912567,0.039070915430784225,0.026541799306869507,0.024812020361423492,0.03768421709537506,0.030047671869397163,0.030710451304912567,0.02957567758858204,0.030710451304912567,0.035795968025922775,-0.014312220737338066,0.04633806645870209,0.04633806645870209,0.034822333604097366,0.028981821611523628,0.047966256737709045,0.02744089812040329,0.03302668780088425,0.030047671869397163,0.04633806645870209,0.030710451304912567,0.026968903839588165,0.04633806645870209,0.024820789694786072,0.030701560899615288,0.05184270069003105,0.024570908397436142,0.04633806645870209,0.046466510742902756,0.03357098251581192,0.04633806645870209,0.03714882582426071,0.0257305596023798,,,,,0.04526842385530472,0.046579133719205856,0.05956447869539261,0.030047671869397163,,,0.04633806645870209,0.02551715262234211,0.0257541686296463,0.046579133719205856,0.026541799306869507,0.15537147223949432,0.05228095501661301,0.02744089812040329,0.029802460223436356,-0.00810503214597702,0.025707492604851723,0.0257541686296463,0.030047671869397163,0.030229566618800163,0.028862470760941505,-0.035509537905454636,0.04580366238951683,,,,,,,,,,,,
2005-06-01,0.033025313168764114,0.0418103002011776,0.042270105332136154,0.033025313168764114,0.035644762217998505,0.03264143690466881,0.0418103002011776,0.030406847596168518,0.033025313168764114,0.03264143690466881,0.03264143690466881,0.0418103002011776,0.0418103002011776,0.007008466403931379,0.0418103002011776,0.0418103002011776,0.0329163521528244,0.033025313168764114,0.042270105332136154,0.033025313168764114,0.0418103002011776,0.042270105332136154,0.0418103002011776,0.039050765335559845,0.03264143690466881,0.0418103002011776,0.04699838533997536,0.03264143690466881,0.03264143690466881,0.0418103002011776,0.0418103002011776,0.0418103002011776,0.0329163521528244,0.0418103002011776,0.042270105332136154,0.0418103002011776,,,,,0.042270105332136154,0.042270105332136154,0.0418103002011776,0.042270105332136154,,,0.0418103002011776,0.03264143690466881,0.032209612429142,0.042270105332136154,0.042270105332136154,0.021952353417873383,0.035644762217998505,0.033025313168764114,0.042270105332136154,0.017511574551463127,0.0329163521528244,0.042270105332136154,0.033025313168764114,0.03264143690466881,0.03231799602508545,0.042002636939287186,0.042270105332136154,,,,,,,,,,,,
2005-09-01,0.03158197179436684,0.040217284113168716,0.038682956248521805,0.040217284113168716,0.033302467316389084,0.03148405998945236,0.040217284113168716,0.04360179230570793,0.030161447823047638,0.03148405998945236,0.033302467316389084,0.040217284113168716,0.040217284113168716,0.040217284113168716,0.040217284113168716,0.040217284113168716,0.03279190883040428,0.03158197179436684,0.038682956248521805,0.03158197179436684,0.040217284113168716,0.030063534155488014,0.040217284113168716,0.038682956248521805,0.03148405998945236,0.040217284113168716,0.05181025713682175,0.030063534155488014,0.05134386196732521,0.027690419927239418,0.040217284113168716,0.040217284113168716,0.05181025713682175,0.040217284113168716,0.032658156007528305,0.040217284113168716,,,,,0.038682956248521805,0.038682956248521805,0.05181025713682175,0.03452299162745476,,,0.040217284113168716,0.033228158950805664,0.038682956248521805,0.038682956248521805,0.038682956248521805,0.019054457545280457,0.05134386196732521,0.03158197179436684,0.03818808123469353,0.019054457545280457,0.040485505014657974,0.03818808123469353,0.04360179230570793,0.030063534155488014,0.02501755580306053,0.03886757418513298,0.038682956248521805,,,,,,,,,,,,
2005-12-01,0.04208417981863022,0.04294398054480553,0.027037516236305237,0.023416787385940552,0.027037516236305237,0.040874820202589035,0.023416787385940552,0.048909991979599,0.020641600713133812,0.02005704492330551,0.027037516236305237,0.04294398054480553,0.04294398054480553,0.04294398054480553,0.04294398054480553,0.04294398054480553,0.02803272008895874,0.05010146275162697,0.040874820202589035,0.023416787385940552,0.04294398054480553,0.040874820202589035,0.04294398054480553,0.03834599629044533,0.023416787385940552,0.04294398054480553,0.02803272008895874,0.037062905728816986,0.03978116437792778,0.43876269459724426,0.04294398054480553,0.04294398054480553,0.024188634008169174,0.04294398054480553,0.023416787385940552,0.027768585830926895,,,,,0.04033549502491951,0.023050270974636078,0.060829728841781616,0.040874820202589035,,,0.04294398054480553,0.027037516236305237,0.02156049758195877,0.040874820202589035,0.023416787385940552,0.0022305482998490334,0.081548772752285,0.014451857656240463,0.027037516236305237,-0.004874343052506447,0.027768585830926895,0.04033549502491951,0.023416787385940552,0.023416787385940552,0.020413890480995178,0.0483882799744606,0.040874820202589035,,,,,,,,,,,,
2006-03-01,0.029108144342899323,0.0442039780318737,0.03192289173603058,0.026670120656490326,0.041960399597883224,0.04242190346121788,0.021504826843738556,0.053643591701984406,0.042858731001615524,0.026670120656490326,0.03192289173603058,0.0442039780318737,0.026670120656490326,-0.004262788221240044,0.0442039780318737,0.042940013110637665,-0.01781298778951168,0.025053691118955612,0.03192289173603058,0.03025796264410019,0.04455827549099922,0.041950523853302,0.0442039780318737,0.04257574677467346,0.03025796264410019,0.0442039780318737,0.05686965212225914,0.042858731001615524,0.030449507758021355,0.44320157170295715,0.0442039780318737,0.0442039780318737,0.023746589198708534,0.0442039780318737,0.023011285811662674,0.031086940318346024,,,,,0.03192289173603058,0.04314630851149559,0.031086940318346024,0.03192289173603058,,,0.0442039780318737,0.03192289173603058,0.03879183530807495,0.03025796264410019,0.022423123940825462,0.03174256905913353,0.07942389696836472,0.02103567123413086,0.03025796264410019,0.025888342410326004,0.031086940318346024,0.03025796264410019,0.025053691118955612,0.03025796264410019,0.027461513876914978,0.08425845205783844,0.04314630851149559,,0.04570186510682106,0.024616869166493416,,,,,,,,,
2006-06-01,0.023427722975611687,0.041917964816093445,0.02218380570411682,0.023427722975611687,0.025902414694428444,0.0408838726580143,0.023427722975611687,0.05087171122431755,0.023427722975611687,0.02218380570411682,0.023427722975611687,0.041917964816093445,0.023427722975611687,0.04580168426036835,0.04300417751073837,0.0408838726580143,0.041814740747213364,0.00825617928057909,0.0408838726580143,0.023427722975611687,0.02218380570411682,0.02218380570411682,0.041917964816093445,0.02218380570411682,0.023427722975611687,0.041917964816093445,0.05824146047234535,0.0408838726580143,0.0408838726580143,0.4246830344200134,0.041917964816093445,0.041917964816093445,0.015733636915683746,0.041917964816093445,0.024683065712451935,0.03595926612615585,,,,,0.0408838726580143,0.0408838726580143,0.056413210928440094,0.0408838726580143,,,0.041917964816093445,0.023427722975611687,0.0408838726580143,0.0408838726580143,0.0408838726580143,0.019703205674886703,0.08406718075275421,0.004945007152855396,0.02218380570411682,0.019537199288606644,0.03595926612615585,0.02218380570411682,0.05087171122431755,0.0408838726580143,0.01222221925854683,0.03595926612615585,0.0408838726580143,,0.012625453062355518,0.023427722975611687,0.021622540429234505,,,,,,,,
2006-09-01,0.03112139366567135,0.038810618221759796,0.03843932971358299,0.03112139366567135,0.031311389058828354,0.03843932971358299,0.03112139366567135,0.042555708438158035,0.03112139366567135,0.03843932971358299,0.031311389058828354,0.04271999001502991,0.038810618221759796,0.038810618221759796,0.038810618221759796,0.03843932971358299,0.03760942071676254,0.019497115164995193,0.03843932971358299,0.03112139366567135,0.03156720846891403,0.031311389058828354,0.038810618221759796,0.03843932971358299,0.03112139366567135,0.038810618221759796,0.038810618221759796,0.03843932971358299,0.05859345197677612,0.19748155772686005,0.038810618221759796,0.038810618221759796,0.02733304724097252,0.038810618221759796,0.031311389058828354,0.03760942071676254,,,,,0.03843932971358299,0.03843932971358299,0.038810618221759796,0.03843932971358299,,,0.038810618221759796,0.03112139366567135,0.03843932971358299,0.031311389058828354,0.03843932971358299,0.00720207067206502,0.05859345197677612,0.019497115164995193,0.03112139366567135,0.020215237513184547,0.055164091289043427,0.03112139366567135,0.03112139366567135,0.03112139366567135,0.03304290771484375,0.03760942071676254,0.03843932971358299,0.023214204236865044,0.026452330872416496,0.03112139366567135,0.031839512288570404,,,,,,,,
2006-12-01,0.03090689145028591,0.03951786831021309,0.03897330164909363,0.03090689145028591,0.033900294452905655,0.03897330164909363,0.03090689145028591,0.04345167800784111,0.03090689145028591,0.03897330164909363,0.033900294452905655,0.041262879967689514,0.05006536468863487,0.03951786831021309,0.03951786831021309,0.03897330164909363,0.03810218721628189,0.030780822038650513,0.03897330164909363,0.03090689145028591,0.03090689145028591,0.03897330164909363,0.03951786831021309,0.03897330164909363,0.033900294452905655,0.03951786831021309,0.03810218721628189,0.03090689145028591,0.056034643203020096,0.1982010453939438,0.03951786831021309,0.03951786831021309,0.02845044620335102,0.03951786831021309,0.033900294452905655,0.03810218721628189,,,,,0.03897330164909363,0.0334647111594677,0.03951786831021309,0.03897330164909363,,,0.03951786831021309,0.033900294452905655,0.03897330164909363,0.03897330164909363,0.03897330164909363,0.1982010453939438,0.056034643203020096,0.02933940663933754,0.03897330164909363,0.044366396963596344,0.03810218721628189,0.03897330164909363,0.03090689145028591,0.033900294452905655,0.02548145316541195,0.03810218721628189,0.03897330164909363,0.05309545248746872,0.03343004360795021,0.03090689145028591,0.04434521496295929,,,,,,,,
2007-03-01,0.029059112071990967,0.04053027927875519,0.034110166132450104,0.031199881806969643,0.03582628816366196,0.040121570229530334,0.032610539346933365,0.034110166132450104,0.03179430589079857,0.031199881806969643,0.034110166132450104,0.038266945630311966,0.03324165940284729,0.0455133356153965,0.04053027927875519,0.029693208634853363,0.0389200896024704,0.023105431348085403,0.040121570229530334,0.03404700383543968,0.038266945630311966,0.034110166132450104,0.04053027927875519,0.040121570229530334,0.03404700383543968,0.04053027927875519,0.04053027927875519,0.038266945630311966,0.04411947354674339,0.19925853610038757,0.029322581365704536,0.04053027927875519,0.029322581365704536,0.04053027927875519,0.034110166132450104,0.0389200896024704,,,,,0.03582628816366196,0.03582628816366196,0.04053027927875519,0.034110166132450104,,,0.04053027927875519,0.03404700383543968,0.03582628816366196,0.040121570229530334,0.03582628816366196,0.19925853610038757,0.04411947354674339,0.03404700383543968,0.034110166132450104,0.033156029880046844,0.0389200896024704,0.040121570229530334,0.04326225817203522,0.034110166132450104,0.03313213586807251,0.05579565837979317,0.040121570229530334,0.0389200896024704,0.17616616189479828,0.03404700383543968,0.039506010711193085,,,,,,,,
2007-06-01,0.023033002391457558,0.0408126600086689,0.04031649976968765,0.03365928679704666,0.03365928679704666,0.04031649976968765,0.03365928679704666,0.03432600945234299,0.03365928679704666,0.03365928679704666,0.03365928679704666,0.03365928679704666,0.03365928679704666,0.03584354370832443,0.0408126600086689,0.031057721003890038,0.05651911348104477,0.023033002391457558,0.04031649976968765,0.03365928679704666,0.04353142902255058,0.04353142902255058,0.0408126600086689,0.04031649976968765,0.03365928679704666,0.0408126600086689,0.040980055928230286,0.03365928679704666,0.04353142902255058,0.041420623660087585,0.0360238142311573,0.0408126600086689,0.033055827021598816,0.0408126600086689,0.033611372113227844,0.040980055928230286,,,,,0.033611372113227844,0.033611372113227844,0.0408126600086689,0.04031649976968765,,,0.0408126600086689,0.03365928679704666,0.033611372113227844,0.04031649976968765,0.033611372113227844,0.029004637151956558,0.04353142902255058,0.03365928679704666,0.04031649976968765,0.03365928679704666,0.03584354370832443,0.04031649976968765,0.0428733192384243,0.03365928679704666,0.04215514659881592,0.03584354370832443,0.04353142902255058,0.054409366101026535,0.033055827021598816,0.03365928679704666,0.031057721003890038,,,,,,,,
2007-09-01,0.029621602967381477,0.03959529474377632,0.038776934146881104,0.031487926840782166,0.032770443707704544,0.038776934146881104,0.031487926840782166,0.038776934146881104,0.031487926840782166,0.031487926840782166,0.032770443707704544,0.05686325579881668,0.038052257150411606,0.03959529474377632,0.03959529474377632,0.031487926840782166,0.031487926840782166,0.03302380070090294,0.038776934146881104,0.031487926840782166,0.031487926840782166,0.032770443707704544,0.03959529474377632,0.038776934146881104,0.031487926840782166,0.03959529474377632,0.03959529474377632,0.038776934146881104,0.04170660674571991,0.028153609484434128,0.029129434376955032,0.03959529474377632,0.029129434376955032,0.03959529474377632,0.03410784900188446,0.03959529474377632,,,,,0.03410784900188446,0.03410784900188446,0.03959529474377632,0.038776934146881104,,,0.03959529474377632,0.028911488130688667,0.04170660674571991,0.038776934146881104,0.03410784900188446,0.032279279083013535,0.04170660674571991,0.032770443707704544,0.038776934146881104,0.03676974028348923,0.05551350116729736,0.04619051143527031,0.031487926840782166,0.038776934146881104,0.03872648999094963,0.04843628406524658,0.04170660674571991,0.03226171433925629,0.03226171433925629,0.031487926840782166,0.035397984087467194,0.03959529474377632,0.03959529474377632,,,,,,
2007-12-01,0.008653433062136173,0.04894998297095299,0.02303796447813511,0.018141739070415497,0.028390178456902504,0.04691753163933754,0.018141739070415497,0.02222600392997265,0.018141739070415497,0.04894998297095299,0.02303796447813511,0.10587438195943832,0.03854285553097725,0.057347942143678665,0.04894998297095299,0.02222600392997265,0.015553046017885208,0.05419738590717316,0.02303796447813511,0.02222600392997265,0.018141739070415497,0.02303796447813511,0.04894998297095299,0.018141739070415497,0.02222600392997265,0.04894998297095299,0.015553046017885208,0.03186638280749321,0.07874465733766556,0.007614585570991039,0.057347942143678665,0.04894998297095299,0.05240699648857117,0.04855642840266228,0.020750898867845535,0.05751562491059303,,,,,0.028390178456902504,0.030036160722374916,0.05751562491059303,0.04691753163933754,,,0.04855642840266228,0.02222600392997265,0.05480121076107025,0.04691753163933754,0.029889918863773346,-0.00023621978471055627,0.07874465733766556,0.02222600392997265,0.02303796447813511,0.0426730252802372,0.016638867557048798,0.04544967785477638,0.018141739070415497,0.02222600392997265,0.055995017290115356,0.09127672016620636,0.06988228857517242,0.09480617195367813,-0.00550104258581996,0.018141739070415497,0.037464093416929245,0.04855642840266228,0.011213688179850578,0.005710952915251255,,,,,
2008-03-01,0.022779837250709534,0.03558259457349777,0.042813051491975784,0.017252178862690926,0.02386910654604435,0.04376776143908501,0.02386910654604435,0.04131793975830078,0.043358173221349716,0.045510753989219666,0.02386910654604435,0.04020822048187256,0.09129958599805832,0.04665875434875488,0.04548085480928421,0.02386910654604435,0.06553974002599716,0.03421014919877052,0.03214012831449509,0.02386910654604435,0.046649254858493805,0.02386910654604435,0.04665875434875488,0.0470397025346756,0.02386910654604435,0.04665875434875488,0.04503227770328522,0.04457438364624977,0.041127268224954605,0.02294437400996685,0.005723878741264343,0.04503227770328522,0.041919220238924026,0.04772301763296127,0.02752486616373062,0.019017716869711876,,,,,0.02752486616373062,0.03005487471818924,0.02097190171480179,0.02386910654604435,,,0.04772301763296127,0.02386910654604435,0.023495107889175415,0.04376776143908501,0.02838372066617012,0.05510583892464638,0.05061628669500351,0.02386910654604435,0.04376776143908501,0.03854404389858246,0.09274483472108841,0.024888252839446068,0.022779837250709534,-0.0015994184650480747,0.047536205500364304,0.1066611185669899,0.02386910654604435,0.026038262993097305,0.027457736432552338,0.03505425155162811,0.032519083470106125,0.04772301763296127,0.6631255745887756,0.22691009938716888,,,,,
2008-06-01,0.03535890206694603,0.030878165736794472,0.03641902282834053,0.03080538846552372,0.03057420440018177,0.03080538846552372,0.03080538846552372,0.03641902282834053,0.037345271557569504,0.037345271557569504,0.03641902282834053,0.03080538846552372,0.03151075169444084,0.026564812287688255,0.037345271557569504,0.03080538846552372,0.036272116005420685,0.025293994694948196,0.03080538846552372,0.02966541051864624,0.037345271557569504,0.03080538846552372,0.037345271557569504,0.037345271557569504,0.03080538846552372,0.037345271557569504,0.037345271557569504,0.03641902282834053,0.03641902282834053,0.029693327844142914,0.037345271557569504,0.037345271557569504,0.037345271557569504,0.03926852345466614,0.031959958374500275,0.03926852345466614,,,,,0.031959958374500275,0.03080538846552372,0.05333817005157471,0.03641902282834053,,,0.03926852345466614,0.03080538846552372,0.03080538846552372,0.03080538846552372,0.031959958374500275,0.029693327844142914,0.03983135148882866,0.03080538846552372,0.03080538846552372,0.03151075169444084,0.03152164816856384,0.03057420440018177,0.038891006261110306,0.03080538846552372,0.016759756952524185,0.05333817005157471,0.03641902282834053,0.05333817005157471,0.03230121359229088,0.03080538846552372,0.03057420440018177,0.03926852345466614,0.037345271557569504,0.019888481125235558,0.03230121359229088,,,,
2008-09-01,0.027039827778935432,0.029300298541784286,0.0334443598985672,0.029300298541784286,0.029300298541784286,0.029300298541784286,0.03183151036500931,0.02545306459069252,0.03423305228352547,0.03423305228352547,0.0334443598985672,0.03423305228352547,0.05296950414776802,0.03423305228352547,0.03423305228352547,0.0334443598985672,0.025320805609226227,0.027039827778935432,0.03423305228352547,0.029300298541784286,0.03423305228352547,0.03537093847990036,0.03423305228352547,0.03423305228352547,0.0334443598985672,0.03423305228352547,0.03423305228352547,0.03423305228352547,0.0334443598985672,0.03847946599125862,0.03423305228352547,0.03423305228352547,0.03423305228352547,0.03423305228352547,0.03423305228352547,0.03423305228352547,,,,,0.03315415605902672,0.029300298541784286,0.03423305228352547,0.0334443598985672,,,0.03423305228352547,0.029300298541784286,0.0334443598985672,0.0334443598985672,0.03315415605902672,0.03847946599125862,0.024895159527659416,0.029300298541784286,0.0334443598985672,0.03847946599125862,0.048145730048418045,0.0334443598985672,0.027039827778935432,0.024895159527659416,0.03183151036500931,0.048145730048418045,0.0334443598985672,0.03847946599125862,0.025320805609226227,0.0334443598985672,0.029300298541784286,0.03423305228352547,0.03423305228352547,0.05250603333115578,0.025320805609226227,,,,
2008-12-01,0.030575525015592575,0.024090010672807693,0.03039020299911499,0.025298500433564186,0.024654675275087357,0.03039020299911499,0.028368379920721054,0.030235158279538155,0.020145248621702194,0.029667241498827934,0.025298500433564186,0.025298500433564186,0.030977174639701843,0.029667241498827934,0.029667241498827934,0.027812529355287552,0.018703268840909004,0.02146100625395775,0.024654675275087357,0.027832873165607452,0.025298500433564186,0.025298500433564186,0.029667241498827934,0.020145248621702194,0.02479146048426628,0.027133245021104813,0.03151821717619896,0.025298500433564186,0.029667241498827934,0.029126908630132675,0.02867853455245495,0.02707982435822487,0.02509315125644207,-9.556577424518764e-05,0.029667241498827934,0.029667241498827934,,,,,0.024654675275087357,0.02941051311790943,0.045103661715984344,0.03039020299911499,,,0.023640306666493416,0.024654675275087357,0.02999047376215458,0.04498770833015442,0.025298500433564186,0.03383305296301842,0.02999047376215458,0.025298500433564186,0.02941051311790943,0.04213814064860344,0.03171185031533241,0.038491711020469666,0.01448808517307043,0.02479146048426628,0.03050539642572403,0.030769988894462585,0.029574289917945862,0.025787703692913055,0.03593740612268448,0.03039020299911499,0.04040582478046417,0.029667241498827934,0.029667241498827934,0.024454068392515182,0.025787703692913055,,,,
2009-03-01,0.03217326104640961,0.020843584090471268,0.030884575098752975,0.014815527014434338,0.017611002549529076,0.029842009767889977,0.01808362826704979,0.030884575098752975,0.06624884158372879,0.06624884158372879,0.01808362826704979,0.024120425805449486,-0.001109485630877316,0.015893032774329185,0.047929707914590836,0.029561538249254227,0.01890706457197666,0.016334548592567444,0.01591981202363968,0.026376090943813324,0.02987213246524334,0.029842009767889977,0.029561538249254227,0.06624884158372879,0.01808362826704979,0.029426334425807,0.029834767803549767,0.025241779163479805,,-0.012860382907092571,0.024283254519104958,0.07181839644908905,0.03002479113638401,0.02802037075161934,0.029561538249254227,0.05356088653206825,,,,,0.017611002549529076,0.02915130741894245,0.04265756905078888,0.030884575098752975,,,0.018892941996455193,0.027389325201511383,0.02421589568257332,0.013926062732934952,0.028644058853387833,0.07199258357286453,,-0.0017909170128405094,0.030884575098752975,0.03027060069143772,0.026071706786751747,0.013926062732934952,0.01808362826704979,0.02987213246524334,0.042128097265958786,0.05508405342698097,0.029561538249254227,0.04948265105485916,0.030445881187915802,0.03978704661130905,0.03460601344704628,0.04392001032829285,0.06624884158372879,0.027848441153764725,0.07693126052618027,,,,
2009-06-01,0.02421564981341362,0.02343151904642582,0.02531985379755497,0.020408032462000847,0.01660379394888878,0.023022199049592018,0.029928401112556458,0.023607797920703888,0.0331144817173481,0.020391523838043213,0.019204381853342056,0.01960214413702488,0.01669187843799591,0.01960214413702488,0.025608012452721596,0.023607797920703888,0.032093752175569534,0.01913246139883995,0.025608012452721596,0.017769068479537964,0.02421564981341362,0.02421564981341362,0.017624765634536743,0.025608012452721596,0.02421564981341362,0.023693621158599854,0.021365398541092873,0.02421564981341362,0.012772397138178349,0.012516702525317669,0.023316392675042152,0.03182406350970268,0.022222649306058884,0.0008967425674200058,0.017624765634536743,0.032235704362392426,,,,,0.02531985379755497,0.01565822772681713,0.021412720903754234,0.006923594046384096,,,0.024286746978759766,0.017769068479537964,0.02034536749124527,0.025608012452721596,0.02421564981341362,0.026020832359790802,0.02421564981341362,0.016595637425780296,0.01916157640516758,0.030730511993169785,0.026473429054021835,0.02531985379755497,0.02170035056769848,0.025608012452721596,0.018608376383781433,0.02338632196187973,0.02421564981341362,0.03352070972323418,0.021651729941368103,0.02421564981341362,0.021965034306049347,0.01770738884806633,0.020416464656591415,0.024442555382847786,0.03191261366009712,,,,
2009-09-01,0.012083816342055798,0.02388514019548893,0.020866574719548225,0.012636533007025719,0.020866574719548225,0.006280194967985153,0.013598762452602386,0.020866574719548225,0.0309822428971529,0.0309822428971529,0.011032283306121826,0.009606126695871353,0.016138220205903053,0.01621299609541893,0.021372634917497635,0.020866574719548225,0.01706540398299694,0.01460213027894497,0.020866574719548225,0.013598762452602386,0.020866574719548225,0.010214155539870262,0.020866574719548225,0.021372634917497635,0.013598762452602386,0.02388514019548893,0.01782602071762085,0.012636533007025719,0.015184861607849598,0.015283802524209023,0.01310080848634243,0.023072844371199608,0.03428705781698227,0.0204662773758173,0.013621610589325428,0.03590105473995209,,,,,0.01621299609541893,0.020866574719548225,0.012636533007025719,0.003770285751670599,,,0.017919225618243217,0.013598762452602386,0.01621299609541893,0.003770285751670599,0.01621299609541893,0.017313364893198013,0.01621299609541893,0.013598762452602386,0.015184861607849598,0.020810678601264954,0.01310080848634243,0.023282859474420547,0.01621299609541893,0.023282859474420547,0.016277216374874115,0.017714770510792732,0.020866574719548225,0.02444346249103546,0.013631605543196201,0.020050061866641045,0.01310080848634243,0.0204662773758173,0.003770285751670599,0.02912237122654915,0.01706540398299694,,,,
2009-12-01,0.01530266460031271,0.022038491442799568,0.02260109782218933,0.016671832650899887,0.01849600300192833,0.01530266460031271,0.01530266460031271,0.018181193619966507,0.016523825004696846,0.01734323427081108,0.01530266460031271,0.016671832650899887,0.023869933560490608,0.022038491442799568,0.0221097469329834,0.02260109782218933,0.042009253054857254,0.022427765652537346,0.016523825004696846,0.01530266460031271,0.016671832650899887,-0.0028049591928720474,0.022038491442799568,0.0221097469329834,0.02260109782218933,0.022038491442799568,0.022038491442799568,0.012559322640299797,0.01530266460031271,0.023869933560490608,0.03855316713452339,0.022038491442799568,0.023947451263666153,0.022045880556106567,0.016671832650899887,0.04168369248509407,,,,,0.01849600300192833,0.02260109782218933,0.012559322640299797,0.02260109782218933,,,0.022045880556106567,0.01530266460031271,0.01849600300192833,0.01711154729127884,0.01849600300192833,0.023869933560490608,0.01849600300192833,0.01530266460031271,0.018181193619966507,0.022038491442799568,0.013966327533125877,0.011403807438910007,0.01530266460031271,0.016671832650899887,0.01530266460031271,0.022045880556106567,0.01849600300192833,0.02933918870985508,0.022038491442799568,-0.0028049591928720474,0.022038491442799568,0.03716331347823143,0.016523825004696846,0.012559322640299797,0.012559322640299797,,,,
2010-03-01,0.00429574865847826,0.01735001616179943,0.04636331647634506,0.011099987663328648,0.00429574865847826,0.00429574865847826,0.00429574865847826,0.007918983697891235,0.0024908462073653936,0.020674632862210274,0.00429574865847826,0.011099987663328648,0.00429574865847826,0.00488751195371151,-0.1195584088563919,-0.01235438697040081,0.015020417049527168,0.00429574865847826,-0.013414225541055202,0.00429574865847826,-0.0012173184659332037,0.0055646817199885845,0.013339884579181671,-0.12323906272649765,-0.17288663983345032,0.014996674843132496,0.01735001616179943,-0.0012173184659332037,0.003009587060660124,0.00429574865847826,0.01735001616179943,0.014996674843132496,0.0029073068872094154,0.013294762931764126,0.015020417049527168,0.014907232485711575,,,,,0.0055646817199885845,-0.012029143050312996,0.00488751195371151,0.0056349001824855804,,,0.014270426705479622,0.00429574865847826,0.0055646817199885845,0.012431778945028782,0.0055646817199885845,0.00429574865847826,0.0055646817199885845,-0.005311806220561266,-0.05111957713961601,0.014996674843132496,0.01735001616179943,-0.014103218913078308,0.00429574865847826,0.014885615557432175,-0.007001719903200865,0.015252147801220417,-0.011604207567870617,0.0147069301456213,-0.0014145290479063988,0.0055646817199885845,-0.011776553466916084,0.018287185579538345,0.012431778945028782,0.005436995066702366,0.017643583938479424,,,,
2010-06-01,-0.001335775014013052,0.044370926916599274,-0.010256771929562092,0.0027077526319772005,-0.0057960194535553455,-0.005552616436034441,-0.00020783863146789372,0.0152079276740551,-0.16391389071941376,-0.16391389071941376,-0.00781314168125391,0.01725798100233078,-0.00020783863146789372,0.013854388147592545,0.05954815819859505,0.008190317079424858,0.06934672594070435,-0.00866280123591423,0.017548441886901855,-0.004436243325471878,0.011799073778092861,-0.007763898000121117,0.0037377651315182447,-0.16391389071941376,-0.04906980320811272,0.014284763485193253,0.00908139068633318,-0.01171573530882597,0.012415925040841103,-0.0027092702221125364,0.00908139068633318,0.018334172666072845,0.01823851652443409,0.014284763485193253,0.014657762832939625,0.08140110224485397,,,,,0.008190317079424858,-0.010065521113574505,-0.011368456296622753,0.007990623824298382,,,0.014284763485193253,-0.006979765370488167,-0.05158412829041481,0.07625769823789597,0.008190317079424858,0.034750379621982574,0.007941381074488163,-0.008301861584186554,-0.04906980320811272,-0.0014122978318482637,0.00908139068633318,-0.007763898000121117,0.007941381074488163,0.003955988213419914,-0.0057960194535553455,0.028089703992009163,0.008190317079424858,0.015084308572113514,0.013796387240290642,-0.003535493975505233,0.013854388147592545,0.05954815819859505,-0.025971459224820137,-0.013980340212583542,-0.022762296721339226,,,,
2010-09-01,0.007043045479804277,0.012948840856552124,-0.023978084325790405,0.008544804528355598,0.0004205014556646347,0.007043045479804277,0.0022921073250472546,0.0036766917910426855,0.019575683400034904,0.05979093909263611,0.0022921073250472546,0.006294300314038992,0.006752899847924709,0.007869260385632515,0.024024656042456627,0.007043045479804277,0.0011596138356253505,0.011753665283322334,0.04517307132482529,0.0022921073250472546,0.006009200122207403,0.007043045479804277,0.007686413824558258,0.02108122408390045,0.007043045479804277,0.010929225012660027,0.007869260385632515,0.0026796171441674232,0.006009200122207403,0.007441510446369648,0.012321329675614834,0.012321329675614834,0.041857779026031494,0.012321329675614834,0.005442936904728413,0.015714412555098534,,,,,0.007043045479804277,0.005040353164076805,0.006435219664126635,0.007043045479804277,,,0.012321329675614834,0.006504570599645376,0.007043045479804277,0.05343201756477356,0.007043045479804277,0.005201856605708599,0.00022047109086997807,0.0022921073250472546,-0.0014192889211699367,0.01457876805216074,0.015714412555098534,0.007043045479804277,0.0022921073250472546,0.012081723660230637,0.014689859002828598,0.017307184636592865,0.007043045479804277,0.014143350534141064,0.0128016397356987,0.007043045479804277,0.00560199748724699,0.024024656042456627,0.021320220082998276,-0.004613881930708885,0.015744969248771667,,,0.026293613016605377,
2010-12-01,0.014448429457843304,0.07361479848623276,0.2420220822095871,0.014686765149235725,0.0063491091132164,0.02909899316728115,0.0063491091132164,0.03610691800713539,0.07753916084766388,0.07793250679969788,0.0063491091132164,0.020392324775457382,0.0063491091132164,0.025001276284456253,-0.13402917981147766,0.01586737670004368,0.014428189024329185,0.014448429457843304,-0.018119612708687782,0.0063491091132164,0.014919744804501534,0.02909899316728115,0.02141876146197319,0.07753916084766388,0.014448429457843304,0.03412299230694771,0.2292359620332718,0.014686765149235725,-0.008856121450662613,0.007874434813857079,0.030750125646591187,0.03070683218538761,-0.001115072867833078,0.030750125646591187,0.024251114577054977,0.030750125646591187,,,,,0.02909899316728115,0.02909899316728115,0.03070683218538761,0.02909899316728115,,,0.03944078087806702,0.020999688655138016,0.02909899316728115,0.03359650820493698,0.02909899316728115,0.008205612190067768,0.014448429457843304,0.0063491091132164,0.020999688655138016,0.03979436680674553,0.03070683218538761,0.02909899316728115,0.0063491091132164,0.038578253239393234,0.007964899763464928,0.031143469735980034,0.02909899316728115,0.03624244034290314,0.03070683218538761,0.014448429457843304,0.07338181883096695,0.07793250679969788,0.037189021706581116,-0.003382156603038311,0.03160475194454193,0.03463674709200859,,0.022356685250997543,
2011-03-01,0.013803530484437943,0.053872860968112946,0.02742781676352024,0.003700557630509138,0.015056250616908073,0.015056250616908073,0.003700557630509138,0.02945135533809662,0.010384188033640385,0.024497447535395622,0.003700557630509138,0.01693323440849781,0.003700557630509138,0.021291129291057587,0.007699969224631786,0.02742781676352024,0.021291129291057587,0.0048124040476977825,0.2368682622909546,0.003700557630509138,0.004953281953930855,0.013803530484437943,0.02046795003116131,0.01604759320616722,-0.006883508060127497,0.0475664958357811,0.02404804341495037,0.01693323440849781,0.02970263734459877,0.00537068210542202,0.026470908895134926,0.024825844913721085,0.00017439501243643463,0.0299595408141613,0.013803530484437943,0.013264014385640621,,,,,0.026175091043114662,0.01607213169336319,0.024825844913721085,0.02742781676352024,,,0.032636042684316635,-0.026688672602176666,0.026175091043114662,0.03931275010108948,0.013803530484437943,0.007804529741406441,0.013803530484437943,0.003700557630509138,-0.046324264258146286,0.011944877915084362,0.026470908895134926,0.010299911722540855,0.006134404335170984,0.003700557630509138,0.0048124040476977825,0.04527951404452324,-0.17413629591464996,0.04031330719590187,0.05149967595934868,0.013803530484437943,0.022936195135116577,0.0489448718726635,0.030290361493825912,,0.03414760157465935,0.029614368453621864,,0.41247692704200745,-0.01730162464082241
2011-06-01,0.01703670434653759,0.05810731649398804,-0.09172651171684265,0.004237481392920017,0.006768661551177502,0.055572543293237686,0.003497302532196045,0.03690607100725174,0.02767135389149189,0.11600001901388168,0.007908044382929802,0.015439512208104134,0.013162731193006039,-0.03716953471302986,0.08390803635120392,0.021989550441503525,0.005980427842587233,0.02244596928358078,0.0586073212325573,-0.0002508506295271218,0.017725277692079544,0.05294451862573624,0.019136933609843254,0.05733802542090416,0.04462820664048195,0.014034505933523178,0.023207450285553932,0.026941604912281036,0.07213495671749115,0.005240675061941147,0.03577382490038872,0.03309778869152069,0.026873324066400528,0.03476285934448242,0.02632788009941578,0.032711565494537354,,,,,0.014507563784718513,0.021989550441503525,0.028231892734766006,-0.02245176210999489,,,0.028193026781082153,0.0338202640414238,-0.3419312834739685,0.06714728474617004,0.02009403146803379,-0.01053983997553587,0.029831813648343086,0.007908044382929802,0.03926660493016243,-0.0019034683937206864,0.04546825587749481,0.08020924776792526,-0.010921063832938671,0.05487712845206261,0.11947935074567795,0.06251253932714462,0.021989550441503525,0.03686549887061119,0.10144416987895966,0.012117249891161919,0.018419675529003143,0.04355873540043831,0.02292303740978241,0.006066661793738604,0.0909329503774643,0.06655745953321457,0.03454567864537239,0.08910328149795532,0.022206678986549377
2011-09-01,0.010386914014816284,0.018936637789011,0.016613950952887535,0.021437939256429672,0.010386914014816284,0.016613950952887535,0.010386914014816284,0.016613950952887535,0.013545172289013863,0.021376436576247215,0.011995755136013031,0.013545172289013863,0.010386914014816284,0.010386914014816284,0.01668252795934677,0.015005111694335938,0.010386914014816284,0.010386914014816284,0.005353922490030527,0.010386914014816284,0.011995755136013031,0.016613950952887535,0.013545172289013863,0.013545172289013863,0.011995755136013031,0.011995755136013031,0.010386914014816284,0.018936637789011,0.018936637789011,0.010386914014816284,0.00942479819059372,0.013545172289013863,0.013545172289013863,0.018936637789011,-0.014653133228421211,0.012757613323628902,,,,,0.011995755136013031,0.01258539967238903,0.013545172289013863,0.016613950952887535,,,0.014417493715882301,0.015005111694335938,0.02461317367851734,0.03682297468185425,0.005743334069848061,0.010386914014816284,0.010386914014816284,0.010386914014816284,0.016613950952887535,-0.005009090527892113,0.013545172289013863,0.016613950952887535,0.010386914014816284,0.016613950952887535,0.010386914014816284,0.012471305206418037,0.016613950952887535,0.010386914014816284,0.018936637789011,0.011995755136013031,0.010386914014816284,0.025581175461411476,0.012757613323628902,0.010386914014816284,0.012471305206418037,0.012757613323628902,0.005353922490030527,0.15142731368541718,0.010386914014816284
2011-12-01,0.007657773792743683,0.016739770770072937,0.011182372458279133,0.011942140758037567,0.007657773792743683,0.016024500131607056,0.007657773792743683,0.027133537456393242,0.019972989335656166,0.01642986200749874,0.010202104225754738,0.009710432961583138,0.007657773792743683,0.009710432961583138,0.013976695947349072,0.016024500131607056,0.009602983482182026,0.007657773792743683,0.01642986200749874,0.007657773792743683,0.011942140758037567,0.016024500131607056,0.009710432961583138,0.01642986200749874,0.010202104225754738,0.04723667353391647,0.009710432961583138,0.011942140758037567,0.027133537456393242,0.007657773792743683,0.009710432961583138,0.009710432961583138,0.009710432961583138,0.011942140758037567,0.011258172802627087,0.009710432961583138,,,,,-0.005575439892709255,0.013045085594058037,0.009710432961583138,0.016024500131607056,,,0.011258172802627087,0.016024500131607056,0.009867600165307522,0.047983307391405106,0.010202104225754738,0.009679830633103848,-0.012574242427945137,0.007657773792743683,0.027133537456393242,0.007063869386911392,0.009710432961583138,0.016024500131607056,0.00643058679997921,0.022539179772138596,0.010202104225754738,0.01605580374598503,0.016024500131607056,0.003693427424877882,0.016739770770072937,0.010202104225754738,0.009710432961583138,0.01642986200749874,0.008183332160115242,0.007657773792743683,0.01605580374598503,0.008183332160115242,0.012142295949161053,0.009710432961583138,0.009710432961583138
2012-03-01,0.010678342543542385,-0.012861277908086777,0.025685004889965057,0.04413820430636406,0.011162079870700836,0.029773805290460587,0.00655317772179842,0.049951035529375076,0.01604604348540306,0.02851037308573723,0.00655317772179842,0.012914142571389675,0.011162079870700836,0.00655317772179842,0.02361036278307438,0.012637189589440823,0.00655317772179842,0.00655317772179842,0.02851037308573723,0.00655317772179842,0.027070041745901108,0.020276540890336037,0.01604604348540306,0.01604604348540306,0.022679809480905533,0.07740069180727005,0.011162079870700836,0.049951035529375076,0.0672006607055664,0.019073709845542908,0.014702055603265762,0.01604604348540306,0.012768086977303028,0.025685004889965057,0.013793529011309147,0.010936940088868141,,,,,0.013793529011309147,0.07455094903707504,0.01604604348540306,0.01676235720515251,,,0.02024507336318493,-0.016543077304959297,0.008584879338741302,0.07515933364629745,0.013793529011309147,0.019073709845542908,0.022134456783533096,0.00655317772179842,0.02699347957968712,-0.0008733709109947085,0.014430416747927666,0.02699347957968712,-0.001149413757957518,0.049951035529375076,0.022105123847723007,0.02024507336318493,0.01676235720515251,-0.013226295821368694,0.031497810035943985,0.01504046656191349,0.014430416747927666,0.02851037308573723,0.006636444479227066,0.011162079870700836,0.0739886686205864,0.01604604348540306,0.0146365100517869,0.014430416747927666,0.00655317772179842
2012-06-01,0.013333705253899097,0.01972290873527527,0.003660410875454545,0.045569222420454025,0.013333705253899097,0.027313586324453354,0.013333705253899097,0.020341699942946434,0.015998883172869682,0.021470041945576668,0.013333705253899097,0.013333705253899097,0.013333705253899097,0.012805323116481304,0.012511787936091423,0.017354201525449753,0.013333705253899097,0.013333705253899097,0.015998883172869682,0.013333705253899097,0.013333705253899097,0.05768482759594917,0.015998883172869682,0.015998883172869682,0.013333705253899097,0.013333705253899097,0.013333705253899097,0.013333705253899097,0.045569222420454025,0.01497232262045145,0.015998883172869682,0.015998883172869682,0.015998883172869682,0.01972290873527527,0.013333705253899097,0.015998883172869682,,,,,0.017354201525449753,0.017354201525449753,0.015998883172869682,0.017354201525449753,,,0.01789146475493908,0.017354201525449753,0.017354201525449753,0.01972290873527527,0.017354201525449753,0.01497232262045145,0.020341699942946434,0.013333705253899097,0.012757976539433002,0.013333705253899097,0.015998883172869682,-0.01541560422629118,0.013333705253899097,0.020341699942946434,0.003660410875454545,0.01789146475493908,0.017354201525449753,0.013333705253899097,0.01972290873527527,0.013333705253899097,0.012805323116481304,0.021470041945576668,0.015998883172869682,0.012805323116481304,0.013333705253899097,0.015998883172869682,0.015998883172869682,0.015998883172869682,0.013333705253899097
2012-09-01,0.010160671547055244,0.020527156069874763,0.015979360789060593,0.09189345687627792,0.00714696291834116,0.026848332956433296,0.007043314166367054,0.09189345687627792,0.015506777912378311,-0.012312311679124832,0.010160671547055244,0.011909500695765018,0.00714696291834116,0.007043314166367054,0.028515610843896866,0.011935406364500523,0.00714696291834116,0.007043314166367054,0.015506777912378311,0.007043314166367054,0.011909500695765018,0.02509949915111065,0.014483259059488773,0.015506777912378311,0.011909500695765018,0.010845747776329517,0.00714696291834116,0.011909500695765018,0.09189345687627792,0.00714696291834116,0.015506777912378311,0.010709595866501331,0.015506777912378311,0.020527156069874763,-0.0022210434544831514,0.010709595866501331,,,,,0.015294285491108894,0.015979360789060593,0.014483259059488773,0.0013620968675240874,,,0.018431738018989563,0.02419513463973999,0.015979360789060593,0.020527156069874763,0.015294285491108894,0.0067469836212694645,0.018497467041015625,0.007043314166367054,0.01704312488436699,0.011909500695765018,0.015506777912378311,0.01704312488436699,0.007043314166367054,0.09189345687627792,0.03673321008682251,0.018431738018989563,0.015979360789060593,0.008514718152582645,0.020527156069874763,0.007043314166367054,0.00714696291834116,0.007673037704080343,0.009262648411095142,0.003513449104502797,0.00306414975784719,0.076695017516613,0.009262648411095142,0.014483259059488773,0.00714696291834116
2012-12-01,0.004477117210626602,-0.002558870008215308,0.006686495151370764,0.011986903846263885,0.004477117210626602,0.007424325682222843,0.004477117210626602,-0.02839723788201809,0.007246537134051323,0.007246537134051323,0.006686495151370764,0.004477117210626602,0.004477117210626602,0.004477117210626602,0.007246537134051323,0.004477117210626602,0.004477117210626602,0.004248285200446844,0.007246537134051323,0.004477117210626602,0.007424325682222843,0.006686495151370764,0.007246537134051323,0.007246537134051323,0.007424325682222843,0.007424325682222843,0.004477117210626602,0.004477117210626602,0.011986903846263885,0.004477117210626602,0.05128796026110649,0.007246537134051323,0.007246537134051323,0.011666299775242805,0.004477117210626602,0.007246537134051323,,,,,0.006686495151370764,0.007424325682222843,0.007246537134051323,0.006686495151370764,,,0.011986903846263885,0.004477117210626602,0.006686495151370764,0.011986903846263885,0.006686495151370764,0.004477117210626602,0.006686495151370764,0.004477117210626602,0.005764363799244165,0.004477117210626602,0.007246537134051323,0.005764363799244165,0.004841025453060865,0.011986903846263885,0.004477117210626602,0.024261435493826866,0.006686495151370764,0.004477117210626602,0.011986903846263885,0.004477117210626602,0.004477117210626602,0.054452668875455856,0.007246537134051323,0.004477117210626602,0.004477117210626602,0.007246537134051323,0.007246537134051323,0.004477117210626602,0.004477117210626602
2013-03-01,0.0073843589052557945,0.2100299447774887,0.01752881146967411,0.03462361916899681,0.007723592687398195,0.02847198210656643,0.0073843589052557945,0.011232654564082623,0.01556780282407999,0.012939201667904854,0.007103235460817814,0.007103235460817814,0.007723592687398195,-0.008040820248425007,0.012939201667904854,-0.0059310635551810265,0.0073843589052557945,0.0073843589052557945,0.006935575511306524,0.0028678555972874165,0.00855997484177351,0.03223295509815216,0.03054121881723404,0.01556780282407999,0.0032286832574754953,0.00918032880872488,0.0073843589052557945,0.007606829516589642,0.03054121881723404,0.0073843589052557945,0.034458357840776443,0.01556780282407999,0.006935575511306524,0.030118362978100777,0.00855997484177351,0.01556780282407999,,,,,0.013143138028681278,0.009085765108466148,0.01556780282407999,0.009536970406770706,,,0.020846368744969368,0.07685992866754532,0.009530553594231606,0.03054121881723404,0.0073843589052557945,0.0073843589052557945,0.009916411712765694,0.007723592687398195,0.02809480018913746,0.0071038007736206055,0.01556780282407999,-0.015463910065591335,-0.0010898897890001535,0.009790666401386261,0.013753745704889297,0.03939023241400719,0.011838415637612343,0.0073843589052557945,0.10631278902292252,0.005953507032245398,0.0073843589052557945,0.020794138312339783,0.01556780282407999,0.0073843589052557945,0.0073843589052557945,0.01556780282407999,0.01556780282407999,0.006000534165650606,0.0073843589052557945
2013-06-01,0.0064407652243971825,0.03817174956202507,0.023349285125732422,-0.022443369030952454,0.007395748980343342,0.01263867225497961,0.0064407652243971825,0.02169358730316162,0.020621970295906067,0.018743716180324554,0.017806706950068474,0.009873904287815094,0.0066689434461295605,-0.010131968185305595,0.03674764186143875,0.01776811107993126,0.00719560869038105,0.01529921405017376,0.0073397159576416016,0.002096563344821334,0.010105031542479992,0.012736243195831776,0.0064407652243971825,0.020621970295906067,0.002728984458371997,0.011724869720637798,0.016832809895277023,0.0057192579843103886,0.07657651603221893,0.0066689434461295605,0.05711112916469574,0.021672282367944717,0.005240873899310827,0.040511440485715866,0.005744922906160355,0.021672282367944717,,,,,0.011755856685340405,0.011755856685340405,0.017665062099695206,0.011862825602293015,,,0.025090515613555908,0.020979221910238266,0.01368823554366827,0.038088567554950714,0.011755856685340405,0.016899369657039642,0.010168887674808502,0.01873071677982807,0.023251719772815704,0.01552739180624485,-0.013562957756221294,-0.008010877296328545,-0.00027360202511772513,0.0046735345385968685,0.008401183411478996,0.027198247611522675,0.02220258116722107,0.03209570422768593,0.006139090750366449,0.009856346994638443,0.006240624934434891,0.028727684170007706,0.021672282367944717,0.015484911389648914,0.03209570422768593,0.0446925163269043,0.040038447827100754,0.013767112977802753,0.0066689434461295605
2013-09-01,0.007453429512679577,0.02343246527016163,0.01883227936923504,0.053031228482723236,0.009447996504604816,0.007440854329615831,0.009447996504604816,0.01758223958313465,0.03332880511879921,0.018797898665070534,0.010448449291288853,0.008146260865032673,0.009447996504604816,0.008158697746694088,0.016398414969444275,0.02066316455602646,0.009447996504604816,0.008313564583659172,0.018797898665070534,0.004682008642703295,0.009954731911420822,0.010448449291288853,0.01334200520068407,0.018797898665070534,0.004682008642703295,0.010398371145129204,0.009447996504604816,0.009425649419426918,0.053031228482723236,0.009447996504604816,0.04652673751115799,0.01998385787010193,0.009960368275642395,0.05057397112250328,0.008394869975745678,0.015718959271907806,,,,,0.01141125988215208,0.009447996504604816,0.009447996504604816,0.009954731911420822,,,0.023713892325758934,0.040733713656663895,0.012700559571385384,0.017933262512087822,0.012700559571385384,0.01639149896800518,0.007440854329615831,0.009941713884472847,0.006494762841612101,0.016291741281747818,0.01998385787010193,-0.0638684555888176,-0.00029989128233864903,-0.0033488310873508453,0.009941713884472847,0.023713892325758934,0.015921911224722862,0.009941713884472847,0.006244022399187088,0.005644817370921373,-0.002988283522427082,0.034123241901397705,0.01998385787010193,0.009447996504604816,0.004824507981538773,0.011146330274641514,0.01998385787010193,0.008885005488991737,0.008158697746694088
2013-12-01,0.017722338438034058,0.017722338438034058,0.02250124327838421,0.012918440625071526,0.017722338438034058,-0.0441151037812233,0.017722338438034058,0.02250124327838421,0.017596034333109856,0.017596034333109856,0.019570518285036087,0.014629537239670753,0.017722338438034058,0.017722338438034058,0.017596034333109856,0.02250124327838421,0.0211324542760849,0.017393026500940323,0.017596034333109856,0.012918440625071526,0.014629537239670753,0.014629537239670753,0.027985194697976112,0.017596034333109856,0.012918440625071526,0.017722338438034058,0.00404368294402957,0.014629537239670753,0.03011617437005043,0.017722338438034058,0.0644589215517044,0.021132992580533028,0.017596034333109856,0.034819722175598145,0.014629537239670753,0.021132992580533028,,,,,0.017722338438034058,0.017722338438034058,0.017722338438034058,0.014629537239670753,,,0.027702778577804565,0.0289896372705698,0.017722338438034058,0.02250124327838421,0.017722338438034058,0.020334584638476372,0.012918440625071526,0.02266332320868969,0.012918440625071526,0.018623491749167442,0.02407401241362095,0.011378391645848751,-0.007754878140985966,0.011378391645848751,0.00404368294402957,0.027702778577804565,0.017722338438034058,0.020334584638476372,0.016011245548725128,0.016011245548725128,0.017722338438034058,0.02224181592464447,0.021132992580533028,0.0211324542760849,0.00404368294402957,0.036722663789987564,0.036722663789987564,0.02407401241362095,0.0162454042583704
2014-03-01,0.017029589042067528,0.017029589042067528,0.02096693590283394,0.013624115847051144,0.017029589042067528,0.013734810054302216,0.017029589042067528,0.015674253925681114,0.022033385932445526,0.022033385932445526,0.01811741106212139,0.015674253925681114,0.017029589042067528,0.017634037882089615,0.022033385932445526,0.017029589042067528,0.017029589042067528,0.000706368125975132,0.022033385932445526,0.013624115847051144,0.015674253925681114,0.015674253925681114,0.017029589042067528,0.022033385932445526,0.013734810054302216,0.017029589042067528,0.013385946862399578,0.015674253925681114,0.012975897639989853,0.017029589042067528,0.00894705019891262,0.02322176843881607,0.012346412055194378,0.056773941963911057,0.015674253925681114,0.008058838546276093,,,,,0.017029589042067528,0.017029589042067528,0.017029589042067528,0.015674253925681114,,,0.029003921896219254,0.0523538738489151,0.019472746178507805,0.015090144239366055,0.017029589042067528,0.019337771460413933,0.013734810054302216,0.019472746178507805,0.013734810054302216,0.018526436761021614,0.019337771460413933,-0.00960645079612732,0.013385946862399578,0.013734810054302216,0.00246353168040514,0.05646448954939842,0.017029589042067528,0.00419824430719018,0.0014604649040848017,0.015090144239366055,-0.0009701124508865178,0.012346412055194378,0.017029589042067528,-0.0009701124508865178,0.013385946862399578,0.04082774370908737,0.04850393533706665,0.013385946862399578,0.007615422364324331
2014-06-01,0.023264912888407707,0.023264912888407707,0.026039836928248405,0.014615511521697044,0.023264912888407707,0.01758323609828949,0.023264912888407707,0.026039836928248405,0.025171179324388504,0.025171179324388504,0.022219715639948845,0.01654687151312828,0.023264912888407707,0.013555902056396008,0.025171179324388504,0.023406893014907837,0.023264912888407707,0.023264912888407707,0.02146339789032936,0.015539702959358692,0.021223347634077072,0.022219715639948845,0.023264912888407707,0.025171179324388504,0.01758323609828949,0.023264912888407707,0.023264912888407707,0.01654687151312828,0.015539702959358692,0.02426128089427948,0.027113398537039757,0.026972176507115364,0.02003248780965805,0.04023640230298042,0.020843666046857834,0.026972176507115364,,,,,0.02426128089427948,0.023264912888407707,0.018588436767458916,0.021223347634077072,,,0.02912401780486107,0.03856270760297775,0.02426128089427948,0.022213516756892204,0.02426128089427948,0.023264912888407707,0.01758323609828949,0.02426128089427948,0.019624801352620125,0.023264912888407707,0.023264912888407707,0.016457850113511086,0.023264912888407707,0.016457850113511086,0.02426128089427948,0.02912401780486107,0.023264912888407707,0.018588436767458916,0.02426128089427948,0.019624801352620125,0.018588436767458916,0.06102323532104492,0.022217748686671257,0.018588436767458916,0.023264912888407707,0.026972176507115364,0.03856270760297775,0.022217748686671257,0.013555902056396008
2014-09-01,0.02143280580639839,0.015994073823094368,0.02143280580639839,0.017639022320508957,0.02143280580639839,0.017639022320508957,0.02143280580639839,0.027756914496421814,0.022320132702589035,0.022320132702589035,0.02143280580639839,0.02143280580639839,0.02143280580639839,0.02143280580639839,0.022320132702589035,0.021308766677975655,0.02143280580639839,0.02143280580639839,0.022320132702589035,0.017639022320508957,0.02143280580639839,0.02143280580639839,0.02143280580639839,0.022320132702589035,0.017639022320508957,0.02143280580639839,0.02143280580639839,0.02143280580639839,0.02537480928003788,0.02143280580639839,0.015994073823094368,0.022320132702589035,0.0187243539839983,0.03954054415225983,0.02143280580639839,0.022320132702589035,,,,,0.02143280580639839,0.02143280580639839,0.02143280580639839,0.02143280580639839,,,0.025907622650265694,0.02143280580639839,0.02143280580639839,0.017639022320508957,0.02143280580639839,0.02143280580639839,0.017639022320508957,0.02143280580639839,0.017639022320508957,0.02143280580639839,0.02143280580639839,0.017639022320508957,0.015370216220617294,0.017639022320508957,0.02143280580639839,0.03954054415225983,0.02143280580639839,0.02143280580639839,0.02143280580639839,0.017639022320508957,0.02143280580639839,0.022320132702589035,0.02143280580639839,0.02143280580639839,0.02143280580639839,0.022320132702589035,0.022320132702589035,0.02143280580639839,0.02143280580639839
2014-12-01,0.022425593808293343,0.02886795438826084,0.024933213368058205,0.015195372514426708,0.022425593808293343,0.015195372514426708,0.022425593808293343,0.024933213368058205,0.025355026125907898,0.025355026125907898,0.022425593808293343,0.022425593808293343,0.022425593808293343,0.022425593808293343,0.025355026125907898,0.024933213368058205,0.022425593808293343,0.04057101532816887,0.016831599175930023,0.015195372514426708,0.022425593808293343,0.022425593808293343,0.022425593808293343,0.025355026125907898,0.015195372514426708,0.022425593808293343,0.022425593808293343,0.022425593808293343,0.015195372514426708,0.022425593808293343,0.022425593808293343,0.029823901131749153,0.015195372514426708,0.05435672402381897,0.022425593808293343,0.024803945794701576,0.028583155944943428,0.03593345358967781,,,0.022425593808293343,0.022425593808293343,0.022425593808293343,0.022425593808293343,,,0.034620221704244614,0.024933213368058205,0.022425593808293343,0.015195372514426708,0.022425593808293343,0.022425593808293343,0.015195372514426708,0.022425593808293343,0.02831013686954975,0.0292887631803751,0.022425593808293343,0.015195372514426708,-0.0045090410858392715,0.015195372514426708,0.022425593808293343,0.05142189934849739,0.022425593808293343,0.022425593808293343,0.022425593808293343,0.015195372514426708,0.022425593808293343,0.01700599305331707,0.020902005955576897,0.022425593808293343,0.04057101532816887,0.01491375919431448,-0.0045090410858392715,0.022425593808293343,0.008388570509850979
2015-03-01,0.02129983901977539,0.02343052066862583,0.02696288377046585,-0.007197623606771231,0.02343052066862583,0.01813264936208725,0.02343052066862583,0.031476445496082306,0.030275797471404076,0.02524726092815399,0.02189425379037857,0.02129983901977539,0.02343052066862583,0.0067650931887328625,0.026667963713407516,0.025721928104758263,0.01900842972099781,-0.019002029672265053,0.02524726092815399,0.01813264936208725,0.02129983901977539,0.02173815667629242,0.02129983901977539,0.026667963713407516,0.01813264936208725,0.02343052066862583,0.02343052066862583,0.02129983901977539,-0.033041812479496,0.02386883832514286,0.02343052066862583,0.030275797471404076,-0.0068762111477553844,0.05334816500544548,0.02386883832514286,0.0025615172926336527,0.02129983901977539,0.03878943994641304,,,0.02402493543922901,0.02343052066862583,0.02343052066862583,0.02129983901977539,,,0.0378720760345459,0.02755529060959816,0.02402493543922901,0.01813264936208725,0.02386883832514286,0.02343052066862583,0.01813264936208725,0.02402493543922901,0.021622607484459877,0.01311727799475193,0.02343052066862583,-0.00868817139416933,0.02129983901977539,0.017017820850014687,0.02386883832514286,0.03193795680999756,0.02343052066862583,0.01900842972099781,0.02402493543922901,0.02026333101093769,0.02343052066862583,0.014414974488317966,0.02386883832514286,0.01900842972099781,0.02386883832514286,0.04219618812203407,0.019230246543884277,0.01900842972099781,0.01900842972099781
2015-06-01,0.021627897396683693,0.05707589164376259,0.027394384145736694,0.012224366888403893,0.023019134998321533,0.01552420575171709,0.021767249330878258,0.02282351814210415,0.02862461283802986,0.026560364291071892,0.026721157133579254,0.01899542845785618,0.026352154091000557,0.0015310132876038551,0.027788233011960983,0.05099506303668022,0.028668642044067383,0.012370721437036991,0.026560364291071892,0.013979680836200714,0.021068859845399857,0.023172413930296898,0.021627897396683693,0.02834727056324482,0.015206072479486465,0.0220321174710989,0.019899819046258926,0.01987258903682232,0.015364013612270355,0.023381857201457024,0.017826387658715248,0.027833033353090286,-0.04410715028643608,0.06649376451969147,0.022134510800242424,0.02705569565296173,0.015034401789307594,0.05057822912931442,,,0.026432830840349197,0.0232585109770298,0.01995868608355522,0.022479867562651634,,,0.03926074132323265,0.025681570172309875,0.026750953868031502,0.015012655407190323,0.022565964609384537,0.023880593478679657,0.018835093826055527,0.026432830840349197,0.0335548035800457,0.010085844434797764,0.019899819046258926,0.0314498096704483,0.028264421969652176,0.014835778623819351,0.025538239628076553,0.06746433675289154,0.02390804886817932,0.02828560210764408,0.024458574131131172,0.014917751774191856,-0.008712498471140862,-0.07584593445062637,0.02589898370206356,-0.011991848237812519,0.023880593478679657,0.031219227239489555,0.017576105892658234,0.014259716495871544,0.004142694175243378
2015-09-01,0.023069920018315315,0.02477291226387024,0.02348889410495758,0.016446055844426155,0.024939971044659615,0.018240178003907204,0.0009681480005383492,0.023259388282895088,0.028857307508587837,0.028857307508587837,0.02544643171131611,0.021061161532998085,0.02477291226387024,0.02457159198820591,0.029696578159928322,0.024776529520750046,0.024637706577777863,0.028658684343099594,0.029696578159928322,0.016446055844426155,0.023069920018315315,0.024864042177796364,0.023069920018315315,0.028857307508587837,0.01661311462521553,0.023256821557879448,0.026153797283768654,0.023069920018315315,0.016425058245658875,0.022427912801504135,0.0015182120259851217,0.02895461767911911,-0.046814464032649994,0.06509536504745483,0.025050943717360497,0.027180979028344154,0.023069920018315315,0.043118152767419815,,,0.025050943717360497,0.023423880338668823,0.023256821557879448,0.024864042177796364,,,0.04680071026086807,0.025732358917593956,0.02563333325088024,0.01661311462521553,0.025050943717360497,0.018930800259113312,0.009441682137548923,0.027149423956871033,0.016800016164779663,0.00474346661940217,0.02560373581945896,0.03282628953456879,0.018786195665597916,-0.012228917330503464,0.019323039799928665,0.055752456188201904,0.06144915893673897,0.018930800259113312,0.027194540947675705,0.018427079543471336,0.026153797283768654,0.017848700284957886,0.00013732514344155788,0.018850216642022133,0.028724798932671547,0.0362786240875721,0.02652229741215706,0.018930800259113312,0.0006873891106806695
2015-12-01,0.020543938502669334,0.04474874213337898,-0.0007316139526665211,0.01498082559555769,0.03575991466641426,0.01815948821604252,0.023906810209155083,0.03361239656805992,0.03310927003622055,0.03310927003622055,0.024780817329883575,0.020543938502669334,0.023906810209155083,0.02342846617102623,0.02685280330479145,0.025873053818941116,0.023906810209155083,0.018671583384275436,0.03310927003622055,0.01498082559555769,0.020543938502669334,0.02372260019183159,0.020543938502669334,0.03310927003622055,0.016258271411061287,0.024296628311276436,0.00888384971767664,0.021582841873168945,0.022200152277946472,0.016477156430482864,0.023906810209155083,0.023478049784898758,-0.016689881682395935,0.06896259635686874,0.024188576266169548,0.025188511237502098,0.020485470071434975,0.05897792428731918,0.008408943191170692,,0.02766534499824047,0.02546602115035057,0.023478049784898758,0.02385083958506584,,,0.028941292315721512,0.030737848952412605,0.032749373465776443,0.017297174781560898,0.02842545509338379,0.012556741945445538,0.02430172823369503,0.028143689036369324,0.02730628475546837,0.023676112294197083,0.023661578074097633,0.03507240116596222,0.020543938502669334,0.006420255638659,0.025184255093336105,0.05526008456945419,-0.001738824532367289,0.013320346362888813,0.028143689036369324,0.02304639294743538,0.011526236310601234,0.01851993426680565,-0.011490765027701855,0.013320346362888813,0.013320346362888813,0.10209678113460541,0.02636280469596386,0.031071431934833527,0.023714102804660797
2016-03-01,0.02323463372886181,0.02323463372886181,0.011077460832893848,0.018997712060809135,0.02323463372886181,0.05827484279870987,0.02323463372886181,0.02323463372886181,0.03784361854195595,0.025089753791689873,0.02323463372886181,0.02323463372886181,0.019000602886080742,0.02323463372886181,0.025089753791689873,0.011077460832893848,0.02323463372886181,0.020957762375473976,0.025089753791689873,0.018997712060809135,0.02323463372886181,0.02323463372886181,0.019000602886080742,0.025089753791689873,0.018997712060809135,0.02323463372886181,0.02323463372886181,0.02323463372886181,0.022664902731776237,0.02323463372886181,0.02323463372886181,0.02323463372886181,0.018997712060809135,0.03273622319102287,0.02323463372886181,0.020218616351485252,0.02323463372886181,0.032666079699993134,0.02323463372886181,0.02355150878429413,0.02323463372886181,0.02323463372886181,0.02323463372886181,0.02323463372886181,,,0.028437186032533646,0.01385615486651659,0.02323463372886181,0.022664902731776237,0.02323463372886181,0.02323463372886181,0.029138479381799698,0.02323463372886181,0.022664902731776237,0.010366051457822323,0.02323463372886181,0.022664902731776237,0.011077460832893848,0.018997712060809135,0.02323463372886181,0.029138313606381416,0.02323463372886181,0.02323463372886181,0.02323463372886181,0.018997712060809135,0.01586965285241604,0.019792793318629265,0.02323463372886181,0.02323463372886181,0.02323463372886181,0.019792793318629265,0.02020636387169361,0.02323463372886181,0.01786770299077034
2016-06-01,0.02182733081281185,0.0452546551823616,-0.018958240747451782,0.027384547516703606,0.024437543004751205,0.020339084789156914,0.024833668023347855,0.034932367503643036,0.03017856366932392,0.040349069982767105,0.025978708639740944,0.01892293244600296,0.023877868428826332,0.008984734304249287,0.027572065591812134,0.026594774797558784,0.025569042190909386,0.028401989489793777,0.040349069982767105,0.015514666214585304,0.025135518983006477,0.026111075654625893,0.01781100034713745,0.03017856366932392,0.015179858542978764,0.022939857095479965,0.024421529844403267,0.021584363654255867,0.05334321781992912,0.015058813616633415,0.025065170601010323,0.026217520236968994,0.02362913265824318,0.055103007704019547,0.02336028777062893,0.023705458268523216,0.023135069757699966,0.05176924169063568,-0.002277237130329013,-0.013947180472314358,0.01944076456129551,0.021640731021761894,0.015495176427066326,0.02448876015841961,,,0.03571363538503647,0.03607739508152008,0.026484504342079163,0.017786355689167976,0.02415076084434986,0.03366499021649361,0.03208427503705025,0.026573045179247856,0.04293493926525116,0.0018435029778629541,0.00042235496221110225,0.05468013137578964,0.027400530874729156,0.017076455056667328,0.02490650676190853,0.06302491575479507,0.0249897800385952,0.0208255834877491,0.028280580416321754,0.019358409568667412,-0.00889590848237276,0.03214600309729576,0.014505991712212563,0.025640230625867844,0.02566131204366684,0.05701596662402153,-0.01576431654393673,0.020361369475722313,0.023952575400471687
2016-09-01,0.020601339638233185,0.020601339638233185,0.024852218106389046,0.027346594259142876,0.020601339638233185,0.023767277598381042,0.02488253451883793,0.024538027122616768,0.03015405312180519,0.030115585774183273,0.027897439897060394,0.0197764802724123,0.02046802081167698,0.02755512297153473,0.030115585774183273,0.0009130393736995757,0.02755512297153473,0.025772487744688988,0.030115585774183273,0.019047021865844727,0.027346594259142876,0.025188276544213295,0.020601339638233185,0.03015405312180519,0.02464229427278042,0.02046802081167698,0.02488253451883793,0.02505495771765709,0.04852287098765373,0.02046802081167698,0.02488253451883793,0.01666470803320408,0.021041076630353928,0.04812956228852272,0.02046802081167698,0.02446865849196911,0.03050435706973076,0.03925727307796478,0.0031148171983659267,0.0009130393736995757,0.020601339638233185,0.02046802081167698,0.025130437687039375,0.02627786248922348,,,0.040767937898635864,0.02755512297153473,0.027897439897060394,0.02041415497660637,0.020601339638233185,0.027484696358442307,0.027798490598797798,0.020601339638233185,0.02583102509379387,0.012828790582716465,0.01244693249464035,0.029132584109902382,0.005008273757994175,0.02313900552690029,0.024749215692281723,0.04812956228852272,0.025188276544213295,0.02755512297153473,0.02488253451883793,0.018256114795804024,0.005008273757994175,0.02341313473880291,0.0234211478382349,0.02755512297153473,0.0031148171983659267,0.024627845734357834,0.02055744081735611,0.02755512297153473,0.025498438626527786
2016-12-01,0.017760077491402626,0.0195145383477211,0.027442263439297676,0.01698196306824684,0.020409928634762764,0.01879396103322506,0.020082328468561172,0.0217409897595644,0.02697308361530304,0.02718857116997242,0.018467988818883896,0.018577758222818375,0.02014671266078949,0.02225119061768055,0.01563955284655094,0.021280476823449135,0.022147389128804207,0.021827569231390953,0.02718857116997242,0.015213817358016968,0.019815737381577492,0.018467988818883896,0.016864687204360962,0.015679161995649338,0.016451792791485786,0.01904371939599514,0.01678687520325184,0.01810266636312008,0.018699171021580696,0.021385887637734413,0.02225119061768055,0.01991952583193779,0.015213817358016968,0.043375447392463684,0.0195128433406353,0.017213139683008194,0.02871471829712391,0.044661957770586014,0.002882332308217883,-0.001863684505224228,0.020750822499394417,0.01666739024221897,0.01763669215142727,0.021637188270688057,,,0.04002021625638008,0.021577904000878334,0.020750822499394417,0.016451792791485786,0.019879860803484917,0.021577904000878334,0.019599584862589836,0.0195128433406353,0.0219197329133749,0.013460690155625343,0.010128327645361423,0.02282014675438404,-0.001863684505224228,0.013673962093889713,0.0195128433406353,0.04129014536738396,0.020750822499394417,0.022147389128804207,0.021385887637734413,0.013292567804455757,0.002882332308217883,0.017089447006583214,0.017342768609523773,0.022147389128804207,0.022147389128804207,0.01710229180753231,0.02498169243335724,-0.008785905316472054,0.020042911171913147
2017-03-01,0.020348910242319107,0.02138392999768257,0.001476437784731388,0.020348910242319107,0.02138392999768257,0.016742929816246033,0.02138392999768257,0.021620452404022217,0.020313479006290436,0.023239588364958763,0.020827991887927055,0.024182327091693878,0.019161587581038475,0.02138392999768257,0.023239588364958763,0.01939810998737812,0.02138392999768257,0.025327183306217194,0.02392060123383999,0.016081009060144424,0.016263848170638084,0.020827991887927055,0.01812656782567501,0.013697444461286068,0.016081009060144424,0.02138392999768257,0.01838582381606102,0.020348910242319107,0.018820634111762047,0.02178051881492138,0.020608166232705116,0.019161587581038475,0.013054870069026947,0.03961696848273277,0.021087247878313065,0.014394590631127357,0.020348910242319107,0.01812656782567501,0.01838582381606102,0.02002582512795925,0.02186301164329052,0.020348910242319107,0.015689667314291,0.020348910242319107,,,0.03396017849445343,0.021087247878313065,0.02186301164329052,0.001476437784731388,0.02186301164329052,0.021087247878313065,0.016742929816246033,0.02186301164329052,0.001476437784731388,0.02921825833618641,,-0.06413370370864868,0.021087247878313065,0.01192494947463274,0.021087247878313065,0.001476437784731388,0.008060695603489876,0.020608166232705116,0.02138392999768257,0.01192494947463274,0.01838582381606102,0.018368400633335114,0.02717948704957962,0.014421985484659672,0.019161587581038475,0.026511989533901215,0.014164987951517105,-0.003173734061419964,0.008060695603489876
2017-06-01,0.014785720966756344,0.022609757259488106,0.017999425530433655,0.01472384575754404,0.011819296516478062,0.007459640968590975,0.005726410076022148,0.023543953895568848,0.016217174008488655,0.016217174008488655,0.015003783628344536,0.015230627730488777,0.01794264279305935,0.02050228975713253,0.012757329270243645,0.021521875634789467,0.019506799057126045,0.03325369209051132,0.025838516652584076,0.0053465403616428375,0.010114485397934914,0.014785720966756344,0.014785720966756344,0.01537043135613203,0.0053465403616428375,0.01568642444908619,0.011657110415399075,0.013656120747327805,0.010254725813865662,0.09502457082271576,0.01159235555678606,0.014774891547858715,-0.019272195175290108,0.026059003546833992,0.015103593468666077,0.014813261106610298,0.013656120747327805,0.018381550908088684,0.0027654641307890415,0.004309475421905518,0.015548593364655972,0.014662463217973709,0.013656120747327805,0.01951117068529129,,,0.015330532565712929,0.006554590072482824,0.019928716123104095,0.0053465403616428375,0.01613142341375351,0.014829822815954685,0.008502832613885403,0.018706083297729492,0.014900054782629013,0.019258927553892136,-0.011188918724656105,0.019427623599767685,0.017229774966835976,0.0007191176991909742,0.015381469391286373,0.03431210294365883,0.019710654392838478,0.02379194088280201,0.017653828486800194,0.0007191176991909742,-5.132586011313833e-05,0.01612802967429161,0.01914573274552822,-0.021121973171830177,-0.0069673387333750725,0.027516959235072136,0.025502309203147888,0.004710866138339043,0.011819296516478062
2017-09-01,0.015983417630195618,0.020794104784727097,0.015983417630195618,0.015983417630195618,0.01871144026517868,0.009826481342315674,-0.005959095899015665,0.015983417630195618,0.01935204304754734,0.01935204304754734,0.015983417630195618,0.022623639553785324,0.01871144026517868,0.009288926608860493,0.01935204304754734,0.019191088154911995,0.01936817541718483,0.01949613355100155,0.03556177392601967,0.009826481342315674,0.022623639553785324,0.015983417630195618,0.015983417630195618,0.01935204304754734,0.009826481342315674,0.01871144026517868,0.018899427726864815,0.015983417630195618,0.013560722582042217,0.020889319479465485,0.018242692574858665,0.01871144026517868,-0.0064956871792674065,0.03754352033138275,0.018242692574858665,0.017802368849515915,0.010700281709432602,0.015983417630195618,0.0025584965478628874,0.01118410937488079,0.019240910187363625,0.01871144026517868,0.016078634187579155,0.015983417630195618,,,0.015289685688912868,0.019591350108385086,0.020889319479465485,-0.005959095899015665,0.01871144026517868,0.019591350108385086,0.013560722582042217,0.018616223707795143,0.013560722582042217,0.010794131085276604,0.008823775686323643,0.018615595996379852,0.003023647703230381,0.007640977390110493,0.018242692574858665,0.047423239797353745,0.015983417630195618,0.019591350108385086,0.01871144026517868,0.007640977390110493,0.003250417998060584,0.010047533549368382,0.018238984048366547,-0.0029866776894778013,0.019591350108385086,0.027854880318045616,0.018203673884272575,0.0025584965478628874,0.018899427726864815
2017-12-01,0.01732505112886429,0.023023277521133423,0.002074778312817216,0.01732505112886429,0.01732505112886429,0.010364506393671036,0.01732505112886429,0.018354060128331184,0.027952371165156364,0.022898336872458458,0.01732505112886429,0.017207877710461617,0.01732505112886429,0.01732505112886429,0.022898336872458458,0.020685026422142982,0.01732505112886429,0.01972072385251522,0.025681279599666595,0.010364506393671036,0.017207877710461617,0.01732505112886429,0.01732505112886429,0.022898336872458458,0.010364506393671036,0.01732505112886429,0.01732505112886429,0.01732505112886429,0.011122842319309711,0.01732505112886429,0.01732505112886429,0.01732505112886429,0.00638600206002593,0.025859523564577103,0.01732505112886429,0.014788496308028698,0.018531406298279762,0.01732505112886429,0.01732505112886429,0.006344602443277836,-0.00554966926574707,0.01753527857363224,0.01732505112886429,0.017813896760344505,,,-0.00554966926574707,0.01972072385251522,-0.01646897755563259,-0.017414744943380356,0.01732505112886429,0.017357835546135902,0.007808156311511993,0.01732505112886429,0.01575397327542305,0.010296323336660862,0.01732505112886429,0.017574602738022804,-0.00554966926574707,0.020629098638892174,0.01732505112886429,0.020760606974363327,-0.00554966926574707,0.01972072385251522,0.01732505112886429,-0.006277441047132015,0.00898208562284708,0.014723824337124825,0.01732505112886429,0.01972072385251522,0.01972072385251522,0.022898336872458458,0.020163409411907196,0.01972072385251522,0.01732505112886429
2018-03-01,0.005694006569683552,0.026033803820610046,-0.055917222052812576,0.021258467808365822,0.04717189446091652,0.018231213092803955,0.00842384435236454,-0.10610984265804291,0.022005988284945488,0.017835024744272232,0.019594628363847733,0.020670000463724136,-0.007643303368240595,0.01619555614888668,0.031840115785598755,0.025580106303095818,0.011389058083295822,0.011389058083295822,0.013645042665302753,0.012907198630273342,0.021258467808365822,0.024132849648594856,0.01873794198036194,0.017633255571126938,0.012907198630273342,0.025257093831896782,0.017807090654969215,0.021155284717679024,0.0035163098946213722,0.013961228542029858,0.017807090654969215,0.017734766006469727,-0.00041032349690794945,0.03535488247871399,0.02543497458100319,0.03174377605319023,0.017734766006469727,0.023891491815447807,0.01619555614888668,-0.021285001188516617,0.023451142013072968,0.023356139659881592,0.022687695920467377,-0.020658321678638458,,,0.026573805138468742,0.011389058083295822,0.03295094147324562,-0.005889051593840122,0.019594628363847733,0.017743084579706192,-0.030707472935318947,0.043244022876024246,0.007953967899084091,-0.033597998321056366,0.028707589954137802,0.022246865555644035,0.030080419033765793,0.016466718167066574,0.04241720214486122,0.05680133402347565,0.022843141108751297,0.012936596758663654,0.032769497483968735,-0.029865384101867676,0.033452607691287994,-0.08584930002689362,0.018149474635720253,0.014698334038257599,0.020413056015968323,0.02339332364499569,0.022687695920467377,0.028707589954137802,0.02930370904505253
2018-06-01,0.01947595737874508,0.02212308533489704,0.022511987015604973,0.02265218272805214,-0.05343025550246239,0.020182598382234573,0.02070346102118492,0.011814557947218418,0.02212308533489704,0.022252878174185753,0.020217161625623703,0.014377322047948837,0.02593168430030346,0.022933822125196457,0.022252878174185753,0.025582440197467804,0.02038888819515705,0.021212276071310043,0.021792279556393623,0.014870185405015945,0.020005054771900177,0.021622588858008385,0.02141048200428486,0.022252878174185753,0.014870185405015945,0.019059324637055397,0.013965177349746227,0.020005054771900177,0.018765971064567566,0.018742334097623825,0.02038888819515705,0.018742334097623825,0.0093983244150877,0.03971243277192116,-0.0233004167675972,0.022061584517359734,0.021624485030770302,0.021903906017541885,0.012991152703762054,-0.02013361267745495,0.020217161625623703,0.02405760996043682,0.01799851469695568,0.012808596715331078,,,0.024845793843269348,0.02027137018740177,0.021622588858008385,0.01584128476679325,0.021622588858008385,0.02394701912999153,0.0080005107447505,0.020676858723163605,0.021648839116096497,-0.01190001517534256,0.012991152703762054,0.023266373202204704,0.021295946091413498,0.017844101414084435,0.019709613174200058,0.0248189028352499,0.023065196350216866,0.021388579159975052,0.018469808623194695,-0.08896484225988388,0.012007211335003376,0.02414751425385475,0.019156351685523987,0.025620462372899055,0.022329485043883324,0.02448253519833088,-0.10960268974304199,0.020059263333678246,0.020645657554268837
2018-09-01,0.02126181125640869,0.019348863512277603,0.022236134856939316,0.021521154791116714,0.023746037855744362,0.020967679098248482,0.0042836288921535015,0.02474929764866829,0.019348863512277603,0.024036869406700134,0.023694155737757683,0.019348863512277603,0.019382847473025322,0.022315505892038345,0.024036869406700134,0.024455498903989792,0.023819245398044586,0.023819245398044586,0.019348863512277603,0.018894966691732407,0.021521154791116714,0.023694155737757683,0.023284947499632835,0.024036869406700134,0.019356057047843933,0.023694155737757683,0.019145281985402107,0.021478384733200073,0.01964433677494526,0.020852603018283844,0.02244172804057598,0.02126181125640869,0.0035441331565380096,0.05114572495222092,0.021781207993626595,0.023161035031080246,0.019348863512277603,0.029443440958857536,0.014293033629655838,-0.024614280089735985,0.024294370785355568,0.023746037855744362,0.024036869406700134,0.024294370785355568,,,0.024036869406700134,0.023945467546582222,0.022125959396362305,0.023569436743855476,0.023284947499632835,0.023819245398044586,0.01990438997745514,0.023284947499632835,0.021793119609355927,0.011267655529081821,0.020927486941218376,0.020259002223610878,0.013758741319179535,0.032776933163404465,0.02341116964817047,0.028508415445685387,0.023284947499632835,0.02211192436516285,0.019348863512277603,0.032776933163404465,0.014166811481118202,0.0227217860519886,0.019348863512277603,0.011267655529081821,0.02211192436516285,0.024036869406700134,0.019256625324487686,0.021053709089756012,0.02338351123034954
2018-12-01,0.024673499166965485,0.024673499166965485,0.0017749005928635597,0.02538684569299221,0.027941329404711723,0.02279612421989441,0.016797002404928207,0.02538684569299221,0.031107427552342415,0.024976208806037903,0.02538684569299221,0.024673499166965485,0.06769812852144241,0.028138533234596252,0.031107427552342415,0.029148129746317863,0.028138533234596252,0.028138533234596252,0.023150458931922913,0.01694587804377079,0.02538684569299221,0.02538684569299221,0.02538684569299221,0.031107427552342415,0.02538684569299221,0.02538684569299221,0.02388848178088665,0.024673499166965485,0.02552373893558979,0.024673499166965485,0.02661549299955368,0.024673499166965485,0.00668845372274518,0.0494353249669075,0.027207324281334877,0.02388848178088665,0.02649397775530815,0.028766494244337082,0.018089616671204567,0.018089616671204567,0.02538684569299221,0.027207324281334877,0.03292790427803993,0.027207324281334877,,,0.023150458931922913,0.028138533234596252,0.02538684569299221,0.024673499166965485,0.02538684569299221,0.027371428906917572,0.02552373893558979,0.02538684569299221,0.019023509696125984,0.01947729103267193,0.028138533234596252,0.021751124411821365,0.022128833457827568,0.03629542142152786,0.023309214040637016,0.028138533234596252,0.023309214040637016,0.028894469141960144,0.02259586751461029,0.03356781601905823,0.020816627889871597,0.02289857715368271,0.024673499166965485,0.023994894698262215,0.028894469141960144,0.03586582839488983,0.023150458931922913,0.028138533234596252,0.02792769856750965
2019-03-01,0.02559262327849865,0.023280810564756393,-0.002733970060944557,0.02559262327849865,-0.01487310603260994,0.02559262327849865,0.023280810564756393,0.04427669942378998,0.03590653836727142,0.041486453264951706,0.03425293788313866,0.02559262327849865,0.02239827997982502,0.031558409333229065,0.03170393779873848,-0.016636094078421593,0.01937451958656311,0.0310660507529974,0.05597339943051338,0.023725971579551697,0.02867306023836136,0.02559262327849865,0.024244414642453194,0.03590653836727142,0.027675658464431763,0.02559262327849865,0.021932603791356087,0.02559262327849865,0.027675658464431763,0.023280810564756393,0.031558409333229065,0.023280810564756393,0.02049507573246956,0.03773422911763191,-0.01487310603260994,0.0313279964029789,0.036300040781497955,0.0909757912158966,0.03021020069718361,0.013658147305250168,0.023280810564756393,-0.08473682403564453,0.02773149684071541,0.04224773123860359,,,0.02333664894104004,0.031558409333229065,-0.01487310603260994,0.023280810564756393,0.02559262327849865,0.031558409333229065,0.03313418850302696,0.023280810564756393,0.026806408539414406,0.026460863649845123,0.031558409333229065,0.04437537118792534,0.031558409333229065,0.023725971579551697,0.023280810564756393,0.04381879046559334,0.01109691709280014,0.031558409333229065,0.023280810564756393,0.030921736732125282,0.031558409333229065,0.025419684126973152,-0.01487310603260994,-0.010820317082107067,0.03021020069718361,-0.007052108179777861,-0.056526582688093185,0.031558409333229065,0.031558409333229065
2019-06-01,0.025739898905158043,0.025765003636479378,0.030001593753695488,0.025739898905158043,0.026751108467578888,0.026726003736257553,0.026751108467578888,0.02888406626880169,0.04586275294423103,0.02774950861930847,0.026726003736257553,0.025739898905158043,0.025765003636479378,0.028038358315825462,0.02774950861930847,0.02888406626880169,0.028063463047146797,0.022963590919971466,0.0342409573495388,0.020640026777982712,0.025739898905158043,0.026726003736257553,0.026726003736257553,0.02774950861930847,0.025739898905158043,0.025765003636479378,0.026751108467578888,0.025739898905158043,0.020640026777982712,0.025765003636479378,0.024795375764369965,0.025765003636479378,0.01765959896147251,0.037299368530511856,0.026751108467578888,0.024795375764369965,0.025739898905158043,0.05902131274342537,0.024795375764369965,0.0556214265525341,0.026726003736257553,0.026726003736257553,0.02774950861930847,0.034827735275030136,,,0.025739898905158043,0.028063463047146797,0.026751108467578888,0.025739898905158043,0.026726003736257553,0.029049567878246307,0.026726003736257553,0.026751108467578888,0.023784194141626358,0.008155603893101215,0.024795375764369965,0.023784194141626358,0.025739898905158043,0.020640026777982712,0.025765003636479378,0.028063463047146797,0.026726003736257553,0.028063463047146797,0.025765003636479378,0.035210248082876205,0.022784575819969177,0.02774950861930847,0.022784575819969177,0.04267546162009239,0.029049567878246307,0.02774950861930847,0.022784575819969177,0.02746470831334591,0.028038358315825462
2019-09-01,0.02730555087327957,0.028595760464668274,0.02978373132646084,0.025871777907013893,0.028595760464668274,0.02730555087327957,0.028595760464668274,0.02863493002951145,0.041221555322408676,0.03837712109088898,0.02730555087327957,0.025871777907013893,0.027161987498402596,0.030229847878217697,0.03837712109088898,0.02978373132646084,0.03008628450334072,0.0315200574696064,0.025871777907013893,0.02730555087327957,0.028108755126595497,0.02730555087327957,0.02730555087327957,0.03837712109088898,0.037175990641117096,0.028595760464668274,0.0315200574696064,0.025871777907013893,0.028108755126595497,0.028595760464668274,0.03008628450334072,0.028595760464668274,0.0247971098870039,0.025871777907013893,0.028595760464668274,0.02956203743815422,0.028108755126595497,0.05817711725831032,0.03008628450334072,0.06421621888875961,0.02730555087327957,0.028595760464668274,0.028463244438171387,0.02863493002951145,,,0.025871777907013893,0.0315200574696064,0.028595760464668274,0.02730555087327957,0.02730555087327957,0.0315200574696064,0.02863493002951145,0.028595760464668274,0.03543057665228844,0.0315200574696064,0.03008628450334072,0.03462735936045647,0.02730555087327957,0.02730555087327957,0.028595760464668274,0.032323259860277176,0.02730555087327957,0.0315200574696064,0.027161987498402596,0.0375012569129467,0.03008628450334072,0.028463244438171387,0.027161987498402596,0.03475862368941307,0.0315200574696064,0.03837712109088898,0.027161987498402596,0.03008628450334072,0.030229847878217697
2019-12-01,0.035543445497751236,0.032789263874292374,0.033560510724782944,0.02860022708773613,0.03313194587826729,0.028559837490320206,0.03430711850523949,0.029623471200466156,0.030987121164798737,0.0366259329020977,0.028559837490320206,0.028559837490320206,0.03603651747107506,0.032350119203329086,0.0366259329020977,0.033560510724782944,0.03317773714661598,0.03533405438065529,0.02854762226343155,0.02836444601416588,0.028404835611581802,0.02836444601416588,0.028559837490320206,0.0366259329020977,0.02860022708773613,0.033502474427223206,0.032475199550390244,0.02836444601416588,0.02860022708773613,0.03569383546710014,0.029225414618849754,0.032096635550260544,0.027745390310883522,0.029192065820097923,0.03416058048605919,0.03260282427072525,0.03573883697390556,0.0650799423456192,0.03260282427072525,0.028025878593325615,0.02836444601416588,0.032875221222639084,0.0366259329020977,0.03567340970039368,,,0.031464409083127975,0.03317773714661598,0.029192065820097923,0.028559837490320206,0.02836444601416588,0.03317773714661598,0.029792575165629387,0.029192065820097923,0.03424021601676941,0.03533405438065529,0.029644077643752098,0.05809696018695831,0.02918708696961403,0.028404835611581802,0.029192065820097923,0.03317773714661598,0.015038050711154938,0.03533405438065529,0.029192065820097923,0.022648463025689125,0.029225414618849754,0.03141990676522255,0.029382478445768356,0.023991066962480545,0.03330536186695099,0.03276394307613373,0.032875221222639084,0.03317773714661598,0.03247774392366409
2020-03-01,0.03144927695393562,0.03460972011089325,0.03588085249066353,0.03137800469994545,0.03468099236488342,0.031159698963165283,0.03385333716869354,0.03137800469994545,0.03137800469994545,0.03420679643750191,0.03137800469994545,0.031159698963165283,0.03420679643750191,0.03144927695393562,0.03420679643750191,0.03324867784976959,0.03385333716869354,0.03385333716869354,0.03137800469994545,0.031159698963165283,0.03137800469994545,0.03137800469994545,0.031159698963165283,0.03420679643750191,0.03137800469994545,0.03385333716869354,0.03385333716869354,0.03137800469994545,0.03137800469994545,0.0343361422419548,0.03378206491470337,0.03468099236488342,0.031159698963165283,0.031613778322935104,0.03468099236488342,0.034017838537693024,0.031613778322935104,0.04216675087809563,0.03385333716869354,0.009438504464924335,0.03137800469994545,0.03468099236488342,0.03420679643750191,0.039564695209264755,,,0.031613778322935104,0.03385333716869354,0.03468099236488342,0.03144927695393562,0.03137800469994545,0.03385333716869354,0.03137800469994545,0.03378206491470337,0.039975181221961975,0.03385333716869354,0.03378206491470337,0.04122874513268471,0.03137800469994545,0.03137800469994545,0.03385333716869354,0.034017838537693024,0.03137800469994545,0.03385333716869354,0.03378206491470337,0.031159698963165283,0.02548862434923649,0.03420679643750191,0.03385333716869354,0.03632484748959541,0.03385333716869354,0.03324867784976959,0.034017838537693024,0.03385333716869354,0.03144927695393562
2020-06-01,0.04168988764286041,0.03405403345823288,0.06841675937175751,0.0691540464758873,0.03405403345823288,0.04168988764286041,0.04291136935353279,0.046876490116119385,0.035441186279058456,0.041710495948791504,0.039452120661735535,0.03405403345823288,0.041868675500154495,0.051178526133298874,0.041710495948791504,0.03963398188352585,0.04291136935353279,0.04291136935353279,0.04390520602464676,0.04181189090013504,0.0691540464758873,0.039452120661735535,0.0408170111477375,0.041710495948791504,0.0408170111477375,0.0424685999751091,0.04291136935353279,0.0691540464758873,0.03963398188352585,0.0384528785943985,0.040259841829538345,0.041841499507427216,0.03405403345823288,0.04156500846147537,0.03405403345823288,0.040259841829538345,0.04211617633700371,0.04401705786585808,0.040259841829538345,0.05157354474067688,0.04168988764286041,0.040644749999046326,0.041868675500154495,0.046876490116119385,,,0.03405403345823288,0.042507290840148926,0.04168988764286041,0.03405403345823288,0.04008656367659569,0.04291136935353279,0.046876490116119385,0.040051620453596115,0.02854881063103676,0.04291136935353279,0.040259841829538345,0.02854881063103676,0.04291136935353279,0.03963398188352585,0.04291136935353279,0.042507290840148926,0.039452120661735535,0.04291136935353279,0.042507290840148926,0.039452120661735535,0.012832298874855042,0.041868675500154495,0.03405403345823288,0.04291136935353279,0.04291136935353279,0.04181884974241257,0.03405403345823288,0.04291136935353279,0.03951667249202728
2020-09-01,0.03597130998969078,0.04005815088748932,0.03740265220403671,0.044463999569416046,0.03555658459663391,0.036552559584379196,0.036579348146915436,0.04536132887005806,0.036591652780771255,0.036591652780771255,0.03313126787543297,0.036552559584379196,0.04132372513413429,0.04423549771308899,0.036591652780771255,0.039849553257226944,0.037483252584934235,0.04074152559041977,0.0385826900601387,0.036552559584379196,0.036591652780771255,0.03313126787543297,0.03796524927020073,0.036591652780771255,0.03313126787543297,0.039982669055461884,0.04015897959470749,0.03972892090678215,0.03313126787543297,0.039982669055461884,0.03310968354344368,0.039982669055461884,0.036552559584379196,0.036591652780771255,0.03555658459663391,0.04015897959470749,0.0385826900601387,0.0385826900601387,0.04087651148438454,0.03310968354344368,0.03310968354344368,0.039982669055461884,0.039818182587623596,0.039849553257226944,,,0.04005815088748932,0.05513749271631241,0.039982669055461884,0.03972892090678215,0.039549365639686584,0.04431871697306633,0.044463999569416046,0.037483252584934235,0.04475162923336029,0.04074152559041977,0.022961385548114777,0.039849553257226944,0.037456464022397995,0.044463999569416046,0.037483252584934235,0.04015897959470749,0.036552559584379196,0.04074152559041977,0.036579348146915436,0.036552559584379196,0.022961385548114777,0.04090879485011101,0.03310968354344368,0.04074152559041977,0.04015897959470749,0.03589586541056633,0.05914466828107834,0.04015897959470749,0.04074152559041977
2020-12-01,0.031911157071590424,0.038469426333904266,0.03324957191944122,0.04237097501754761,0.03533901274204254,0.031911157071590424,0.031911157071590424,0.04053681716322899,0.03522782400250435,0.03278990462422371,0.04053681716322899,0.031911157071590424,0.04155402630567551,0.0468321293592453,0.03278990462422371,0.04296599328517914,0.03612108528614044,0.029782051220536232,0.03411391004920006,0.031911157071590424,0.025037279352545738,0.031911157071590424,0.031911157071590424,0.034222960472106934,0.04053681716322899,0.03533901274204254,0.03583957627415657,0.038469426333904266,0.031911157071590424,0.03533901274204254,0.03293886035680771,0.03533901274204254,0.031911157071590424,0.033695850521326065,0.03533901274204254,0.03583957627415657,0.03314916417002678,0.03522782400250435,0.03583957627415657,0.032163042575120926,0.03533901274204254,0.03533901274204254,0.03501015156507492,0.03207618370652199,,,0.03575858101248741,0.03748181089758873,0.03533901274204254,0.038469426333904266,0.03533901274204254,0.018935464322566986,0.04053681716322899,0.03293886035680771,0.04237097501754761,0.02791958674788475,0.03583957627415657,0.040608182549476624,0.03293886035680771,0.04053681716322899,0.03293886035680771,0.03583957627415657,0.031911157071590424,0.033011216670274734,0.031911157071590424,0.031911157071590424,0.02561352588236332,0.04155402630567551,0.02561352588236332,0.02791958674788475,0.03583957627415657,0.018391389399766922,0.02152962051331997,0.03583957627415657,0.037587810307741165
2021-03-01,0.03112533874809742,0.03306026756763458,0.015053718350827694,0.04139840230345726,0.03463460132479668,0.03116217814385891,0.03353128954768181,0.04323223605751991,0.046277690678834915,0.037606045603752136,0.031742244958877563,0.03136281296610832,0.036482635885477066,0.06024837866425514,0.037606045603752136,0.03404957801103592,0.04184015840291977,0.060739416629076004,0.031942881643772125,0.03029298223555088,0.02547754906117916,0.03232121467590332,0.03232121467590332,0.037606045603752136,0.030873045325279236,0.0349612757563591,0.038985852152109146,0.02973986603319645,0.02465929463505745,0.0349612757563591,0.034496765583753586,0.0349612757563591,0.03029298223555088,0.033877819776535034,0.03380223736166954,0.03885903209447861,0.03219517692923546,0.05128293111920357,0.03799745440483093,0.016258593648672104,0.032844819128513336,0.0349612757563591,0.036482635885477066,0.03086153045296669,,,0.03478456288576126,0.03482344001531601,0.033164143562316895,0.03478456288576126,0.034003857523202896,0.025479013100266457,0.031742244958877563,0.033164143562316895,0.04516181722283363,0.060739416629076004,0.038145944476127625,0.027897903695702553,0.03264973312616348,0.04095688834786415,0.03482344001531601,0.04045575484633446,0.03112533874809742,0.0439877063035965,0.03482344001531601,0.03112533874809742,0.025105351582169533,0.04509048908948898,0.030377687886357307,0.02683837153017521,0.03876437619328499,0.03217216208577156,-0.00047085684491321445,0.03743699565529823,0.061656877398490906
2021-06-01,0.02185254730284214,0.02185254730284214,0.03220419958233833,0.02185254730284214,0.023124706000089645,0.02185254730284214,0.02281792461872101,0.02185254730284214,0.02185254730284214,0.024652479216456413,0.02185254730284214,0.02185254730284214,0.027689829468727112,0.023231757804751396,0.021555490791797638,0.021838821470737457,0.025948358699679375,0.022359058260917664,0.02185254730284214,0.02185254730284214,0.02185254730284214,0.02185254730284214,0.02185254730284214,0.024652479216456413,0.02185254730284214,0.024377690628170967,0.02548949234187603,0.02185254730284214,0.02185254730284214,0.024377690628170967,0.023359084501862526,0.027643883600831032,0.02185254730284214,0.02185254730284214,0.024483056738972664,0.025948358699679375,0.02185254730284214,0.02185254730284214,0.022359058260917664,0.022680532187223434,0.02185254730284214,0.01946651004254818,0.021555490791797638,0.02185254730284214,,,0.02185254730284214,0.022359058260917664,0.023173460736870766,0.01792106032371521,0.02185254730284214,0.022359058260917664,0.021272806450724602,0.021925808861851692,0.01792106032371521,0.02281792461872101,0.022680532187223434,0.03220419958233833,0.02185254730284214,0.02185254730284214,0.022359058260917664,0.025948358699679375,0.02185254730284214,0.022359058260917664,0.025818265974521637,0.02185254730284214,0.02339514158666134,0.022905820980668068,0.027689829468727112,0.022359058260917664,0.022359058260917664,0.024941259995102882,0.027643883600831032,0.025948358699679375,0.030095452442765236
2021-09-01,0.0267710629850626,0.0267710629850626,0.025384534150362015,0.0267710629850626,0.033184777945280075,0.0267710629850626,0.02729412168264389,0.03298158943653107,0.0267710629850626,0.0267710629850626,0.0267710629850626,0.0267710629850626,0.031520694494247437,0.0267710629850626,0.029591649770736694,0.03298158943653107,0.03210717812180519,0.03210717812180519,0.0267710629850626,0.0267710629850626,0.027644844725728035,0.0267710629850626,0.0267710629850626,0.0267710629850626,0.0267710629850626,0.029494985938072205,0.030138108879327774,0.0267710629850626,0.0267710629850626,0.02697833627462387,0.029802879318594933,0.02697833627462387,0.0267710629850626,0.027644844725728035,0.029494985938072205,0.030138108879327774,0.0267710629850626,0.02986864559352398,0.032387662678956985,0.003137754974886775,0.041605670005083084,0.026007596403360367,0.032240528613328934,0.041605670005083084,0.011376986280083656,,0.027644844725728035,0.030138108879327774,0.029494985938072205,0.0267710629850626,0.0267710629850626,0.030138108879327774,0.041605670005083084,0.02697833627462387,0.032240528613328934,0.03210717812180519,0.030138108879327774,0.023682106286287308,0.0267710629850626,0.0267710629850626,0.029068723320961,0.030138108879327774,0.0267710629850626,0.03210717812180519,0.029487093910574913,0.0267710629850626,0.030138108879327774,0.025384534150362015,0.02697833627462387,0.03210717812180519,0.030138108879327774,0.03298158943653107,0.03874184191226959,0.030138108879327774,0.027644844725728035
2021-12-01,0.02596389502286911,0.026385899633169174,0.026974042877554893,0.02596389502286911,0.030230272561311722,-0.02070545218884945,0.04156257584691048,0.026974042877554893,0.02601880580186844,0.028500648215413094,0.023764783516526222,0.02596389502286911,0.028218822553753853,0.026909947395324707,0.028445737436413765,0.025846706703305244,0.029382413253188133,0.029382413253188133,0.02596389502286911,0.02596389502286911,0.02601880580186844,-0.021559545770287514,0.025358321145176888,0.028500648215413094,0.02601880580186844,0.02826891466975212,0.029076358303427696,0.02596389502286911,0.02596389502286911,0.025859227403998375,0.028995519503951073,0.025874368846416473,0.02596389502286911,0.026815300807356834,0.025859227403998375,0.029382413253188133,0.02601880580186844,0.02601880580186844,0.029467828571796417,0.05217284336686134,0.02455505169928074,0.025226708501577377,0.029455887153744698,0.03673359379172325,0.03117241896688938,0.01744900830090046,0.026965241879224777,0.029382413253188133,0.03795478120446205,0.026330988854169846,0.026330988854169846,0.029382413253188133,0.03673359379172325,0.02583477459847927,0.02662481926381588,0.02978346310555935,0.029382413253188133,0.0219088364392519,0.014735152013599873,0.02596389502286911,0.022191833704710007,0.029382413253188133,0.00016826648788992316,0.02978346310555935,0.02583477459847927,0.03673359379172325,0.02861126698553562,0.025064783170819283,0.025859227403998375,0.03164248168468475,0.029382413253188133,0.034218452870845795,0.02221628651022911,0.029382413253188133,0.026909947395324707
2022-03-01,-0.007347012870013714,0.02944044955074787,0.03843459114432335,0.02750311978161335,0.026229631155729294,-0.013165734708309174,0.030810542404651642,0.02376260794699192,0.02750311978161335,0.027669914066791534,0.013083603233098984,0.02750311978161335,0.03275512531399727,0.0299171544611454,0.027669914066791534,0.029319752007722855,0.030810542404651642,0.030843449756503105,0.02750311978161335,0.02750311978161335,0.02750311978161335,-0.013165734708309174,0.02753368392586708,0.027669914066791534,0.02750311978161335,0.02895330637693405,0.030843449756503105,0.02750311978161335,0.027470799162983894,0.028727291151881218,0.030843449756503105,0.030067525804042816,0.02735844813287258,0.02944044955074787,0.028622200712561607,0.0307419802993536,0.027174079790711403,0.027555221691727638,0.030843449756503105,0.05247719958424568,0.026903366670012474,0.030512582510709763,0.023221278563141823,0.034754835069179535,0.03640536963939667,0.02976871095597744,0.02944044955074787,0.030843449756503105,0.035446394234895706,0.02944044955074787,0.0381074920296669,0.030843449756503105,0.03368993476033211,0.030344069004058838,0.03033190220594406,0.030810542404651642,0.030843449756503105,0.030545497313141823,-0.007012665271759033,0.02750842645764351,0.028727291151881218,0.030843449756503105,-0.007012665271759033,0.030843449756503105,0.032149069011211395,-0.007012665271759033,0.030226705595850945,0.02112642489373684,0.028727291151881218,0.04018396884202957,0.030843449756503105,0.02132943645119667,0.028727291151881218,0.030843449756503105,-0.007012665271759033
2022-06-01,0.029334699735045433,0.030253034085035324,0.03386049345135689,0.028744572773575783,0.027973460033535957,0.028380176052451134,0.024615924805402756,0.04751957580447197,0.028380176052451134,0.029615184292197227,0.02857680432498455,0.028380176052451134,0.03164025396108627,0.029334699735045433,0.02857680432498455,0.028744572773575783,0.029334699735045433,0.03202733024954796,0.02857680432498455,0.028380176052451134,0.028547944501042366,0.02857680432498455,0.029334699735045433,0.028380176052451134,0.02857680432498455,0.030253034085035324,0.0314873643219471,0.02857680432498455,0.029615184292197227,0.027973460033535957,0.0314873643219471,0.029334699735045433,0.029334699735045433,0.030253034085035324,0.029658352956175804,0.031706444919109344,0.0323789119720459,0.028744572773575783,0.03239694610238075,0.052640650421381,0.028380176052451134,0.028380176052451134,0.028744572773575783,0.0323789119720459,0.042275261133909225,0.020905297249555588,0.028380176052451134,0.03164580091834068,0.031077075749635696,0.028380176052451134,0.030253034085035324,0.03255538269877434,0.033202946186065674,0.029181625694036484,0.029615184292197227,0.03202733024954796,0.03164580091834068,0.029365137219429016,0.028380176052451134,0.028380176052451134,0.03146985545754433,0.03255538269877434,0.028380176052451134,0.03255538269877434,0.028883034363389015,0.0304392259567976,0.021064799278974533,0.028744572773575783,0.027973460033535957,0.03331547603011131,0.03164580091834068,0.0286946352571249,0.028541095554828644,0.03164580091834068,0.03256725147366524
2022-09-01,0.03125360235571861,0.036807525902986526,0.03677727282047272,0.032102782279253006,0.036233674734830856,0.032880112528800964,0.03438667580485344,0.051426101475954056,0.02756735496222973,0.032063260674476624,0.03135717287659645,0.03135717287659645,0.0351082868874073,0.03135717287659645,0.032063260674476624,0.03135717287659645,0.034513965249061584,0.03473210334777832,0.032102782279253006,0.03125360235571861,0.03135717287659645,0.03125360235571861,0.03125360235571861,0.032063260674476624,0.032063260674476624,0.03587103262543678,0.03473210334777832,0.032102782279253006,0.03135717287659645,0.031089147552847862,0.033874429762363434,0.03254332020878792,0.03135717287659645,0.03135717287659645,0.035920847207307816,0.03473210334777832,0.036597009748220444,0.03135717287659645,0.027516581118106842,0.051292840391397476,0.03125360235571861,0.04449033364653587,0.051426101475954056,0.039404261857271194,0.03444515913724899,0.027516581118106842,0.032102782279253006,0.03473210334777832,0.013444053940474987,0.03135717287659645,0.03125360235571861,0.03473210334777832,0.03294416144490242,0.03456757962703705,0.03135717287659645,0.03473210334777832,0.03074462339282036,0.02236519195139408,0.036352165043354034,0.036597009748220444,0.0317925363779068,0.03473210334777832,0.03125360235571861,0.03473210334777832,0.03438667580485344,0.03225630521774292,0.033817701041698456,0.051426101475954056,0.032786302268505096,0.0358223021030426,0.03473210334777832,0.031928662210702896,0.02236519195139408,0.03444515913724899,0.04176965355873108
2022-12-01,0.035456329584121704,0.03780583292245865,0.04296215996146202,0.03778824210166931,0.03778523579239845,0.04209915176033974,0.04595751687884331,0.05287161096930504,0.04296215996146202,0.03778824210166931,0.03522896021604538,0.04296215996146202,0.039243631064891815,0.03829333558678627,0.04296215996146202,0.043335530906915665,0.03865167871117592,0.03864807263016701,0.04296215996146202,0.03522896021604538,0.03778824210166931,0.04073856398463249,0.035456329584121704,0.04296215996146202,0.03706949204206467,0.038249000906944275,0.03865167871117592,0.04296215996146202,0.035456329584121704,0.03864807263016701,0.03865167871117592,0.038249000906944275,0.035456329584121704,0.03891530632972717,0.03744015097618103,0.03681100159883499,0.04296215996146202,0.04296215996146202,0.04358186572790146,0.05414523929357529,0.035456329584121704,0.03744015097618103,0.12727662920951843,0.044256553053855896,0.04462879151105881,0.03824964165687561,0.03891530632972717,0.03865167871117592,0.04247969388961792,0.03522896021604538,0.03522896021604538,0.03865167871117592,0.04073856398463249,0.03864807263016701,0.03635744750499725,0.03865167871117592,0.04462879151105881,0.0410977266728878,0.03829333558678627,0.038146596401929855,0.03999292850494385,0.04067566990852356,0.03522896021604538,0.03933442011475563,0.04033801332116127,0.043176256120204926,0.035873543471097946,0.03840333968400955,0.04315255209803581,0.04595751687884331,0.03999292850494385,0.03953040391206741,0.03824964165687561,0.03999292850494385,0.04358186572790146
2023-03-01,-0.012536349706351757,0.027094904333353043,-0.017476525157690048,0.03322276845574379,0.048816028982400894,0.03266763314604759,0.04720968380570412,0.061391204595565796,0.03266763314604759,0.04303547739982605,0.03266763314604759,0.03322276845574379,0.03852567821741104,0.035848218947649,0.04303547739982605,0.03266763314604759,0.0346837043762207,0.015371201559901237,0.03266763314604759,0.03322276845574379,0.03322276845574379,-0.02262260392308235,0.027094904333353043,0.027094904333353043,0.03266763314604759,0.036115001887083054,0.0346837043762207,0.03266763314604759,0.03322276845574379,0.03463761880993843,0.038089901208877563,0.033344682306051254,0.027693020179867744,0.027094904333353043,0.03266763314604759,0.039052534848451614,0.03266763314604759,0.03266763314604759,0.039052534848451614,0.07921981066465378,-0.011793600395321846,0.04195920005440712,0.06159185245633125,0.040459372103214264,0.049778662621974945,-0.054405465722084045,0.03266763314604759,0.015371201559901237,0.03266763314604759,0.03266763314604759,-0.024427663534879684,0.03569290041923523,0.017214596271514893,0.03569290041923523,0.03266763314604759,0.017802519723773003,0.017772123217582703,0.03266763314604759,0.03266763314604759,0.03266763314604759,0.036115001887083054,0.039052534848451614,0.03322276845574379,0.03569290041923523,0.038089901208877563,-0.024427663534879684,0.035848218947649,0.03322276845574379,0.027693020179867744,0.043785080313682556,0.03665553405880928,0.034728750586509705,0.03322276845574379,0.037077635526657104,-0.024427663534879684
2023-06-01,0.028628144413232803,0.033108100295066833,0.028537942096590996,0.032467037439346313,0.03162707760930061,0.030971668660640717,0.034620556980371475,0.045669395476579666,0.03221810609102249,0.03221810609102249,0.030971668660640717,0.032467037439346313,0.029012707993388176,0.03130355849862099,0.03221810609102249,0.032467037439346313,0.03130355849862099,0.03130355849862099,0.032467037439346313,0.029630126431584358,0.0342625267803669,0.030971668660640717,0.02866622991859913,0.032467037439346313,0.03043978288769722,0.03055662102997303,0.03130355849862099,0.03401360288262367,0.029630126431584358,0.02999291382730007,0.03134963661432266,0.02964101731777191,0.028628144413232803,0.029086556285619736,0.02999291382730007,0.03278706967830658,0.03230831027030945,0.03543199971318245,0.03278706967830658,0.03278706967830658,0.03160396218299866,0.028946930542588234,0.03522398695349693,0.03422703966498375,0.03038436733186245,0.014104112051427364,0.03330057114362717,0.03134963661432266,0.02749473787844181,0.033108100295066833,0.03160396218299866,0.02895902842283249,0.02836996130645275,0.02895902842283249,0.029630126431584358,0.03130355849862099,0.028946930542588234,0.030230846256017685,0.029468359425663948,0.027720745652914047,0.03130355849862099,0.03037635050714016,0.029946835711598396,0.02783334255218506,0.03275686129927635,0.029349150136113167,0.02668328955769539,0.029843561351299286,0.029019629582762718,0.042770788073539734,0.03130355849862099,0.029630126431584358,0.032467037439346313,0.03134963661432266,0.03130355849862099
2023-09-01,0.02405572310090065,0.02928568609058857,0.025027606636285782,0.028867434710264206,0.025712843984365463,0.023060878738760948,0.027417931705713272,0.03567134216427803,0.025402653962373734,0.026044556871056557,0.023060878738760948,0.027669768780469894,0.029026737436652184,0.023439692333340645,0.02623170241713524,0.026418332010507584,0.025712843984365463,0.025712843984365463,0.027669768780469894,0.02423679828643799,0.027669768780469894,0.023060878738760948,0.02405572310090065,0.03443090245127678,0.025191674008965492,0.025712843984365463,0.025712843984365463,0.03615383803844452,0.02423679828643799,0.025712843984365463,0.025712843984365463,0.025712843984365463,0.02416219562292099,0.02987046353518963,0.02535637468099594,0.02883811667561531,0.024426205083727837,0.03615383803844452,0.02883811667561531,0.02986809052526951,0.025712843984365463,0.02546372450888157,0.026739899069070816,0.02629893273115158,0.03245984762907028,0.0061178021132946014,0.021056732162833214,0.025712843984365463,0.025712843984365463,0.02928568609058857,0.025712843984365463,0.025712843984365463,0.024326525628566742,0.025712843984365463,0.024559803307056427,0.025712843984365463,0.025712843984365463,0.02527630887925625,0.025712843984365463,0.023520292714238167,0.025712843984365463,0.02942289412021637,0.025712843984365463,0.025712843984365463,0.025712843984365463,0.02335726097226143,0.03045576438307762,0.026757149025797844,0.025712843984365463,0.02211679145693779,0.025712843984365463,0.026067117229104042,0.02527630887925625,0.025712843984365463,0.025712843984365463
2023-12-01,0.02073231339454651,0.02318168245255947,0.020795894786715508,0.025383558124303818,0.022061441093683243,0.02392689697444439,0.014922820031642914,0.03629157319664955,0.026357822120189667,0.026357822120189667,0.024190034717321396,0.025383558124303818,0.023903382942080498,0.020703084766864777,0.026599586009979248,0.020597457885742188,0.02083941549062729,0.020969273522496223,0.02811575122177601,0.020595720037817955,0.025383558124303818,0.024190034717321396,0.02243901789188385,0.026599586009979248,0.020595720037817955,0.02144748717546463,0.024391401559114456,0.03629157319664955,0.020399179309606552,0.02257361076772213,0.02081192471086979,0.02081192471086979,0.02327919192612171,0.02185768261551857,0.021993106231093407,0.025021741166710854,0.025383558124303818,0.03629157319664955,0.023145614191889763,0.0170589592307806,0.006834567524492741,0.023408768698573112,-0.0004967894055880606,0.024219263345003128,0.02318168245255947,0.01800861954689026,0.02318168245255947,0.020969273522496223,0.024022722616791725,0.023995231837034225,0.02073231339454651,0.021307872608304024,0.01924002543091774,0.02083941549062729,0.020628582686185837,0.021307872608304024,0.019996225833892822,0.024219263345003128,0.020969273522496223,0.023993493989109993,0.02083941549062729,0.026693476364016533,0.024022722616791725,0.0232713483273983,0.02081192471086979,0.014322471804916859,0.022302797064185143,0.02341543696820736,0.023034388199448586,0.01411342527717352,0.020969273522496223,0.022257981821894646,0.023942897096276283,0.024391401559114456,0.020941782742738724
2024-03-01,0.017322266474366188,0.020302684977650642,0.018111567944288254,0.014821870252490044,0.021670743823051453,0.015131145715713501,0.0289260633289814,0.03431905433535576,0.018190214410424232,0.018190214410424232,0.010481249541044235,0.0190715529024601,0.02676062472164631,0.02264516055583954,0.025371503084897995,0.02898756042122841,0.019638048484921455,0.01859567128121853,0.02540270797908306,0.014821870252490044,0.024467764422297478,0.015131145715713501,0.01137080229818821,0.028644485399127007,0.014821870252490044,-0.00752189802005887,0.02065785601735115,0.030056411400437355,0.015131145715713501,0.022951262071728706,0.019563207402825356,0.02057034894824028,0.023677309975028038,0.027080601081252098,0.028199631720781326,0.022708753123879433,0.02546597085893154,0.0469679981470108,0.027878254652023315,0.027506481856107712,0.02443688176572323,0.031342510133981705,0.030726924538612366,0.015131145715713501,0.01783010922372341,0.021521609276533127,0.0250906553119421,0.01901785470545292,0.027557363733649254,0.028838662430644035,0.02884778007864952,0.0180354043841362,0.013997466303408146,0.01859567128121853,0.019001111388206482,0.01742052286863327,0.021347030997276306,0.02884778007864952,0.005686667747795582,0.025099772959947586,0.017958976328372955,0.02539447881281376,0.010481249541044235,0.022799311205744743,0.017958976328372955,0.015131145715713501,0.02564072795212269,0.027709772810339928,0.02228739485144615,0.029158974066376686,0.020204994827508926,0.018698453903198242,0.030841773375868797,0.02065785601735115,0.015678655356168747
2024-06-01,0.016989659518003464,0.02104691043496132,0.017199058085680008,0.017199058085680008,0.011408003978431225,0.006500784307718277,0.028027107939124107,0.045274537056684494,0.01683923415839672,0.01683923415839672,0.01683923415839672,0.017199058085680008,0.020703164860606194,0.014531012624502182,0.017199058085680008,0.019995776936411858,0.014352621510624886,0.011552335694432259,0.017199058085680008,0.017199058085680008,0.017199058085680008,0.017199058085680008,0.005824627820402384,0.017199058085680008,0.017199058085680008,0.017199058085680008,0.020854055881500244,0.017199058085680008,0.017199058085680008,0.01760943979024887,0.01959814876317978,0.004463290795683861,0.017199058085680008,0.017404019832611084,0.021099135279655457,0.023585820570588112,0.02062704972922802,0.017199058085680008,0.023585820570588112,0.023309621959924698,0.0066622416488826275,0.020892221480607986,-0.00995724182575941,0.01683923415839672,-0.0018708077259361744,0.019679993391036987,0.021099135279655457,0.014349725097417831,0.020013561472296715,0.021122150123119354,0.003109617391601205,-0.03699552267789841,0.02014658972620964,0.012011843733489513,0.017199058085680008,0.01649468205869198,0.01959814876317978,0.020376749336719513,0.012415610253810883,0.020376749336719513,0.013769645243883133,0.024841727688908577,0.006500784307718277,0.014780460856854916,0.01855880580842495,0.005824627820402384,-0.003479383420199156,0.017199058085680008,0.01774640940129757,0.02434210479259491,0.013937261886894703,0.01683923415839672,0.01683923415839672,0.020854055881500244,0.012038684450089931
2024-09-01,0.005637789610773325,0.01818770542740822,0.032508257776498795,0.021891824901103973,0.028092121705412865,0.023259200155735016,0.01650071144104004,0.039993736892938614,0.0030669402331113815,0.015226088464260101,0.012937684543430805,0.026903590187430382,0.025704413652420044,0.005918596871197224,0.01897008903324604,0.004347768612205982,0.023415207862854004,0.011911571957170963,0.017588401213288307,0.023464413359761238,0.008598108775913715,-0.092988520860672,-0.005056031513959169,0.02104238048195839,0.02116892859339714,0.03068769909441471,0.02504783496260643,0.02418605238199234,-0.001610661973245442,0.009700782597064972,0.011913745664060116,0.006131247617304325,0.012012588791549206,0.020596656948328018,0.011721359565854073,0.028267916291952133,0.018216276541352272,0.02160700224339962,0.025495991110801697,0.02178533561527729,-0.004836584907025099,0.004432620480656624,-0.009174336679279804,0.005535019561648369,0.010899574495851994,0.019780106842517853,-0.008968554437160492,0.014582153409719467,0.01563393510878086,0.016681253910064697,0.011159069836139679,0.007450290489941835,-0.01394601259380579,0.005281651392579079,0.0173774603754282,0.016590533778071404,0.01842823252081871,0.015871848911046982,0.005981643218547106,0.005025867838412523,0.013078195042908192,0.029408875852823257,0.0024178153835237026,0.015979042276740074,0.012689398601651192,-0.020558040589094162,0.02178533561527729,0.025897903367877007,0.010493578389286995,0.02079509198665619,0.016159111633896828,0.011160367168486118,0.009898967109620571,0.02504783496260643,0.014738218858838081
2024-12-01,0.00859018974006176,0.018788091838359833,0.01198278646916151,0.01198278646916151,0.009088989347219467,0.004430936183780432,0.014365963637828827,0.022809229791164398,0.01261814497411251,0.01261814497411251,0.004430936183780432,0.014678150415420532,0.014060594141483307,0.01138245314359665,0.014678150415420532,0.012274947948753834,0.014365963637828827,0.013473250903189182,0.014678150415420532,0.012721125967800617,0.015065587125718594,0.004430936183780432,0.008520948700606823,0.01649208553135395,0.015065587125718594,0.018540028482675552,0.015548855066299438,0.01198278646916151,0.007172269746661186,0.03989890217781067,0.014311805367469788,0.010487319901585579,0.01261814497411251,0.015668997541069984,0.010229754261672497,0.016471073031425476,0.013107646256685257,0.01198278646916151,0.016126736998558044,0.01608872227370739,0.0045001814141869545,0.011451694183051586,0.003965342883020639,0.015065587125718594,0.014110417105257511,0.01261814497411251,0.012170077301561832,0.015887120738625526,0.009088989347219467,0.012472287751734257,0.0045001814141869545,0.010487319901585579,0.004430936183780432,0.013473250903189182,0.01198278646916151,0.015887120738625526,0.01627323590219021,0.007172269746661186,0.00638018362224102,0.013105138204991817,0.013404009863734245,0.016471073031425476,0.008520948700606823,0.014365963637828827,0.013878644444048405,0.004430936183780432,0.016471073031425476,0.015033243224024773,0.01536678895354271,0.0173411276191473,0.014365963637828827,0.014432280324399471,0.01189764030277729,0.010368086397647858,0.00859018974006176
2025-03-01,-0.0012974017299711704,0.011282728053629398,0.005289711989462376,-0.0019712692592293024,0.02049289457499981,0.0006635450408793986,0.01380973868072033,-0.011709358543157578,-0.002424598205834627,0.0006771365297026932,0.0006635450408793986,0.010269874706864357,0.010729667730629444,0.012646587565541267,0.010844295844435692,0.009528245776891708,0.016687119379639626,0.011924373917281628,0.012421628460288048,0.00875893048942089,0.010091961361467838,0.0006635450408793986,0.008760688826441765,0.01968218944966793,0.014831404201686382,0.013021300546824932,0.018891192972660065,0.01285491231828928,0.009168878197669983,0.007533297408372164,0.012072646990418434,0.0040368433110415936,0.003618875052779913,0.017659146338701248,0.009806507267057896,0.018891192972660065,0.014031650498509407,0.011559642851352692,0.01999467797577381,-0.012622375972568989,0.0006635450408793986,0.011282728053629398,0.01519594993442297,0.0009758105152286589,0.0017522803973406553,0.01563837006688118,0.008947748690843582,0.016687119379639626,0.026529088616371155,0.009260013699531555,0.02555891126394272,0.006060984916985035,0.0006635450408793986,-0.007900634780526161,0.008907203562557697,0.016687119379639626,0.023756101727485657,0.024668585509061813,0.02241857349872589,0.02241857349872589,0.015583171509206295,0.018891192972660065,0.0006635450408793986,0.016687119379639626,0.014276726171374321,-0.012100840918719769,0.018891192972660065,0.013282543048262596,0.015965666621923447,0.012875419110059738,0.016687119379639626,0.01330802496522665,0.012540468014776707,0.009719776920974255,-0.011623368598520756
2025-06-01,0.008975637145340443,0.011877458542585373,0.012945939786732197,0.01059553399682045,-0.020439840853214264,0.01141819916665554,0.018321821466088295,0.03662603348493576,0.012776647694408894,0.018263541162014008,0.01141819916665554,0.01922411099076271,0.017804475501179695,0.0002920535334851593,0.018263541162014008,0.011735711246728897,0.022314149886369705,-0.023734133690595627,0.020920483395457268,0.011664005927741528,0.01059553399682045,0.01141819916665554,0.012945939786732197,0.024606410413980484,0.011664005927741528,-0.04443977773189545,0.02154797501862049,0.019604075700044632,0.011964640580117702,-0.025639845058321953,0.01193581148982048,0.011752346530556679,0.01717524789273739,0.019530920311808586,0.0180051326751709,0.022811247035861015,0.016995010897517204,0.017201337963342667,0.02090764418244362,0.020849768072366714,0.01270013302564621,0.0002920535334851593,0.037075940519571304,0.013761470094323158,0.028405413031578064,-0.0021205672528594732,0.0024364786222577095,0.020903941243886948,0.01270013302564621,0.002911211224272847,0.01270013302564621,-0.03376885503530502,0.01955987885594368,0.015203307382762432,0.012203551828861237,0.02212989330291748,0.013180242851376534,0.011864748783409595,0.01270013302564621,0.012203551828861237,0.012820824980735779,0.022811247035861015,0.01270013302564621,0.02212989330291748,0.011752346530556679,0.004632207099348307,0.029894601553678513,-0.01689613237977028,0.01927638240158558,0.024789471179246902,0.020903941243886948,0.02523646131157875,0.019651224836707115,0.0052463156171143055,0.01140272244811058
2025-09-01,0.009490206837654114,0.013155892491340637,0.01079204585403204,0.01079204585403204,0.013155892491340637,0.008870297111570835,0.01325508113950491,0.01079204585403204,0.012322334572672844,0.012322334572672844,0.009607229381799698,0.012322334572672844,0.017100036144256592,0.013155892491340637,0.012080605141818523,0.01079204585403204,0.01641458086669445,0.013155892491340637,0.012322334572672844,0.010812991298735142,0.01079204585403204,-0.034909848123788834,0.013155892491340637,0.013600178994238377,0.01079204585403204,0.01079204585403204,0.0159662663936615,0.01079204585403204,0.009490206837654114,0.008652563206851482,0.013155892491340637,0.009607229381799698,0.01325508113950491,0.01325508113950491,0.01821068860590458,0.016597237437963486,0.011055726557970047,0.01079204585403204,0.01325508113950491,0.016148922964930534,0.01821068860590458,0.01821068860590458,0.019928129389882088,0.011055726557970047,0.01914183422923088,0.01641458086669445,0.011055726557970047,0.013155892491340637,0.01821068860590458,0.01821068860590458,0.009607229381799698,0.013155892491340637,0.011432899162173271,0.013155892491340637,0.011432899162173271,0.016597237437963486,0.013155892491340637,-0.005855219438672066,0.01311990711838007,0.01079204585403204,0.013155892491340637,0.01641458086669445,0.009607229381799698,0.01641458086669445,0.013155892491340637,-0.00014275834837462753,0.01309626642614603,0.01325508113950491,0.01325508113950491,0.01641458086669445,0.01641458086669445,0.01325508113950491,0.01325508113950491,0.00947288703173399,0.013155892491340637
