,1161,1327,1632,1651,1690,1704,1878,2504,3336,3532,5606,6008,6066,6304,6565,7343,7506,7585,7980,10420,10453,10499,10631,10789,11135,11399,11636,11910,12141,12142,12216,12441,12540,12884,13421,14256,14282,14489,14650,17110,18699,20232,20748,20779,22325,22815,23119,23943,24405,24800,24803,24925,24975,25157,25783,26156,26304,27928,27965,28139,28195,28320,28385,28477,29241,29345,29791,30697,32530,34955,36203,37596,38077,39391,39935,51008,51921,60992,61552,61591,61676,62602,63080,63099,63180,64156,64356,64853,65904,66368,66708,111864,113419,117768,121077,121718,122841,125595,126721,132502,134932,143357,150937,157855,160888,171007,175404,175955,177267,178310,180711,183377,184725,185517,187450,187697,324138
2001-03-01,0.10942468168795812,0.10704275050580396,0.0965977191729142,0.10668599287326408,0.10899915470545098,0.10900747308129667,0.11705199881712922,0.10879597031506599,0.10357599307460773,0.10855586916266681,0.09020827847272841,0.10622746723188842,0.11108472561994263,0.11083104692158992,0.11661662717839406,0.1130878910680117,0.1087396637899386,0.10395443464148046,0.10907758020971686,0.10189804198654251,0.10942468168795812,0.08637327063450631,0.10640743910177698,0.0943950108441744,0.12565777996330746,0.10235728065734326,0.10476250698482494,0.10490175323947433,0.10445013162719259,0.12703493769088184,0.1215003960734984,0.09991361281959332,0.10196499277235481,0.1255937468776466,0.10551869678546791,0.1248868851224265,0.10510671129033301,0.1097156670157003,0.1031229745281717,0.1087396637899386,0.10064043179590497,,,0.08925257301194918,0.11262805723919789,0.13030995843740564,,0.10609030489140248,0.10853818635272784,0.12412277937510223,0.09782791867336951,0.1087396637899386,0.08732623228992882,0.09679185397985972,0.10755446160178926,,,0.1059164377468607,0.12485242360542387,0.10683183700065002,0.1022435810960457,0.11321351369097099,0.11975187860153912,0.10658629290591419,0.1136858082881381,0.10860528561254976,0.12412277937510223,0.10212330057395516,,,,,,,,,,0.11165939175089024,0.09458190830133666,0.09088755800208943,0.11315119106807771,0.12499299344717264,0.11342135482848946,0.10937073506324617,0.12565777996330746,0.08958704608538462,0.12412277937510223,0.1031944133921026,0.12412277937510223,0.12412277937510223,0.1136858082881381,0.11321562338143434,0.09297477272786522,0.1268480296363894,0.09984754485530992,0.12412277937510223,0.09708921321027511,0.1136858082881381,0.1033224874274412,0.0919761030056762,0.1152948496001795,,,,,,,,,,,,,,,,
2001-06-01,0.09071217538911597,0.11159380397051699,0.11156112026799664,0.09305838067772175,0.12628323368345556,0.11158415536172803,0.10956769198659204,0.1141307825549093,0.10945244782758286,0.11007832128530692,0.103643474904395,0.10630962263665983,0.0983670936818475,0.10562027847671177,0.09416086395630874,0.08753233167102223,0.10902118460967862,0.11007832128530692,0.11007832128530692,0.11462829823046972,0.1094395737136935,0.10727726982763887,0.10339449393393152,0.10779882386494875,0.12176439718714435,0.1302264721898451,0.10280490919502937,0.11178252559305099,0.09516964123327858,0.11401473751306293,0.09670795558031192,0.11721063775241944,0.12221752127937234,0.12212379697962103,0.10314307701964172,0.1022363510793141,0.10779882386494875,0.10888127045714428,0.10322508580038012,0.09524484782188179,0.0962573639297513,,,0.10046395215947015,0.11678556732135961,0.1304836255440863,,0.09847452382277311,0.11156663551440281,0.12380164339551071,0.097489871626785,0.10902118460967862,0.10500891703054409,0.10542730613455897,0.12289255199050918,,,0.11066461379438189,0.10781652649287451,0.10362613584408611,0.1116220960725793,0.1141307825549093,0.10960515603146322,0.10779882386494875,0.08519244549318797,0.10280490919502937,0.10528061903721264,0.09374962990407806,,,,,,,,,,0.12474291693766304,0.12209598875518388,0.10279800189546365,0.10876408543328525,0.11157505719835638,0.0995823162826491,0.10056008281242125,0.1188588356285114,0.10322508580038012,0.09845751881776404,0.10448108072462532,0.09845751881776404,0.08519244549318797,0.11066461379438189,0.12628323368345556,0.103643474904395,0.12628323368345556,0.11979479706682387,0.1188588356285114,0.11157505719835638,0.08519244549318797,0.1141307825549093,0.11226525270874221,0.12474291693766304,,,,,,,,,,,,,,,,
2001-09-01,0.09931981347951403,0.1002921033728541,0.11424163127477621,0.10269788899214903,0.0987256319558602,0.11424163127477621,0.09021486582582919,0.09553834057927962,0.10774984586513826,0.07341953379441894,0.09685081405261345,0.101180359518538,0.09380353141106419,0.09739711779204512,0.09947473256610986,0.09576475774749438,0.10496337766849248,0.08445937022136546,0.09123630442810537,0.06713495974001905,0.11111220165547521,0.08957726448749785,0.08352653917282729,0.09552244237231135,0.10059263007996755,0.1037783220698761,0.0878384736301386,0.10646709977820058,0.10335598264197149,0.07582781234990582,0.10163428515765088,0.10206429529101053,0.10676699935806597,0.09605630321843234,0.09557492732268794,0.10075610809654623,0.09653901816493504,0.1037783220698761,0.10777474214065615,0.08557482611425021,0.07712204879512927,,,0.10748083707058642,0.11074887885172455,0.10206429529101053,,0.11074887885172455,0.08513313068659195,0.08874349582256903,0.10107026829217025,0.09236966097815752,0.08795235377955406,0.09485211153683604,0.0887311077674505,,,0.11111220165547521,0.09863768642105374,0.09203809705875403,0.0888984345359108,0.09406700841076228,0.07907492542249532,0.09274686196103911,0.10257967902711385,0.10748083707058642,0.06915876937656462,0.09024955304570172,,,,,,,,,,0.07931589025688636,0.09458691915255373,0.09269793404564769,0.1012439482690714,0.06911139127036296,0.10794689877482554,0.11006211154387496,0.11484226833666027,0.08765159693642774,0.11189036657479136,0.06993331509739695,0.1002921033728541,0.09625158568529349,0.11111220165547521,0.11739962367515626,0.09236966097815752,0.11739962367515626,0.10278925918573827,0.09715750083966956,0.08743248636785311,0.07582781234990582,0.07186510880644141,0.10748083707058642,0.1037783220698761,0.08796414987175799,,,,,,,,,,,,,,,
2001-12-01,0.08647584443741159,0.05673824332974772,0.08993820670991079,0.09154560386603428,0.09022670153045044,0.08807202249386972,0.09131516013949068,0.07803062747632337,0.09825504493780317,0.07752956476146818,0.08221894802902838,0.08265998101433925,0.07767783279645404,0.09154560386603428,0.0886744898724424,0.0832725175663779,0.08409918058013892,0.0804106185479548,0.08312692608043312,0.05673824332974772,0.08374686209112914,0.09072456862720656,0.08325547514556546,0.096972568038398,0.0692469856201591,0.08704122933701164,0.06113014193227396,0.07587076098643603,0.08958904836839165,0.09364368634394807,0.05673824332974772,0.08292992052369728,0.09111878596231512,0.08097404839183425,0.08342703182728504,0.0641963277166741,0.10630384121514438,0.08325547514556546,0.08016883981697899,0.08647584443741159,0.0959421544093484,,,0.09072456862720656,0.06616196225737059,0.07596773940890093,,0.06477089262444988,0.07876661219204369,0.06477089262444988,0.09042167846492298,0.08653565046628235,0.08142670101140927,0.08142670101140927,0.06927519130869886,,,0.08374686209112914,0.08142670101140927,0.08539885662829853,0.0678011362218279,0.09612495487057555,0.09751067930851333,0.0806300217052076,0.08612622930782021,0.07334544755775121,0.09042675049358831,0.07857095799528689,,,,,,,,,,0.07334544755775121,0.08653565046628235,0.09634830122858679,0.0927499291249775,0.06477089262444988,0.07639117920277663,0.09928757102340428,0.08958904836839165,0.07730051885090412,0.09042167846492298,0.06610732214532918,0.056402932308156455,0.07398783214191505,0.08551289871603474,0.07639117920277663,0.08142670101140927,0.09037970449672525,0.07524533102260106,0.08681425018593102,0.09634830122858679,0.07752956476146818,0.06815030378415843,0.08189179529954811,0.0876794226270143,0.09825504493780317,,,,,,,,,,,,,,,
2002-03-01,0.10042051067649134,0.04851394899429184,0.017327283632334017,0.044522736958100766,0.07446251904196574,0.01866590085576671,0.06145351352066604,-0.007960569591708435,0.05954868752667949,0.05968942356630883,0.06293443903588176,0.013821406714709477,0.0571034118860097,0.0013792940963832968,0.048478048602212324,0.017327283632334017,0.022180505924583437,-0.0064958355226923895,0.06038395064112203,0.015046861334197092,0.028996501994028125,0.020484396688575518,0.060164766270284845,0.08957048537298677,0.04350474023834099,0.02242815360620513,0.017827198983653997,0.07284075935347546,0.06968959977942864,0.07039555192568682,0.0580455836889554,0.04927238306123976,0.08807830763214493,0.07011456842120982,0.05835075355022042,0.043235315168515386,0.06832453654908582,0.06490810227371652,0.07374974303935138,0.05971934549657588,0.03273983767903474,,,0.07874810498389395,0.02008475121126787,0.032017938284020706,,0.04516613514028554,0.049379223487726595,-0.0025332449875321303,0.038651121646436644,0.051300824901600914,0.050304969363291645,0.05690758387249088,0.06960778200136136,,,0.056470301080756985,0.0695579034414356,0.058468971198188606,0.06410377482483122,0.07053618176420057,0.05646336486765147,0.06403549297801647,-0.02104880169356837,0.10144154806402998,0.05965197022970117,0.05411990731760589,,,,,,,,,,0.03263603983891685,0.027712615891565987,0.0432918637690966,0.0571385567539548,0.014451526615078461,0.09431615031311412,0.05722086366249016,0.06556108518872959,0.045630533076070054,0.09579826249487518,0.02282283273887429,-0.0025332449875321303,0.06097553655302096,0.06280443094835092,0.06515697966324116,0.051046459006949194,0.06650235614611384,0.04694082413719038,0.03503424280449213,0.05668682314490676,0.04886467193017962,0.04678256463139584,0.06612777368179759,0.04375202331778587,0.09629138577952336,,,,,,,,,,,,,,,
2002-06-01,0.07995665666997626,0.021744523790885623,0.0154978112470843,0.0409050194926025,0.09045656451654002,-0.017241965005354434,0.053901461135905944,-0.07657219640730226,0.037982816168261026,0.0550344292130578,0.0747611695394043,-0.05969637465070426,0.023085410527851704,-0.08149781941875828,0.061517542199463385,0.031658128888702904,0.005833736397533174,-0.09103952959889001,0.05062407085817288,0.09722743377110991,-0.10234024913676437,-0.038601588731857185,0.017471713401073088,0.046767470292390353,0.02295145835519316,0.08465442021091793,-0.019457204050090132,0.005273703209502787,0.040887804081957774,0.05052796740780385,-0.026709423413190412,-0.005185002733097887,0.09851877055686593,0.07405613390048243,-0.01232599292572156,0.05390657263613591,0.03240727339862221,0.052800951161690556,0.007207349652120462,0.08964810572100697,-0.012944489451551236,,,0.03434354990042102,0.022752469411713026,-0.04541851772381369,,0.049829824143137164,0.00772968716510599,0.056191860385229116,-0.07900746639034784,0.01275469054168529,0.03877122606276985,0.0394390708883323,0.04963513095503839,,,0.05033876023203963,0.0533055078995465,0.052896320446486185,0.011614158210835217,0.05338083237028677,0.10225674458934722,0.05387652330251702,-0.11277976041939698,0.06839713447645038,0.017404665072878467,0.018161364295495756,,,,,,,,,,-0.012007561753224651,-0.03079667807141179,0.025855077606668542,0.020599693394634043,0.05557287074591835,0.05263931854022555,-0.002937704767897262,-0.03412350065260588,-0.05673464186978785,-0.07283166152667438,-0.05009821833346665,-0.05673464186978785,0.012111775138086735,0.042764705022388064,0.07719527074333073,0.018322350464715868,0.14038038645359277,0.05602318007731121,0.013240134329018102,0.0011237070463191374,0.09826425412732386,0.05955838738012477,0.047305469256403825,0.03200155367509642,0.11084959125740132,,,,,,,,,,,,,,,
2002-09-01,0.08478435440524626,0.023666585701352317,0.04186930520387716,0.05503427851116687,0.06668024009312971,0.049744402045842157,0.05684864273623622,0.00762935075851398,0.04349780648309102,0.04535737407376423,0.05463025131866669,0.020466726690852633,0.04131069178054827,0.03305609956583956,0.022070368874323,0.021437171610535377,0.042514784253883595,0.0013355639850271123,0.05221702798837594,0.017836260526649696,0.06126160104364468,0.03085380502872547,0.03727884081212322,0.0522545974032597,0.006122370427257551,0.10401111350355913,0.035809184014952006,0.07296171210399872,0.04754213380133102,0.0583451607999643,0.0367331764388856,0.044499617997102996,0.05338158744938443,0.016164719972726296,0.02712555961152349,0.05528838843761404,0.0700782256775496,0.03868787190262754,0.050687929892326844,0.08440817105698356,0.03683989144327059,,,0.05283695852258505,0.058080879754782065,0.05430245588128666,,0.0633198969134191,0.032484405854103074,0.07250790766535253,0.0031349965572898936,0.08694538417184543,0.03581984543799192,0.044580062469054306,0.0685404728690815,,,0.06442225294116936,0.049275295740566154,0.054179428380216305,0.02501430088161384,0.06061672914377931,0.0729199296898304,0.05452284599533184,0.033708433215043306,0.04053764694360108,0.023911419929801826,0.04324241154253435,,,,,,,,,,0.04133957871614002,0.029562436415879408,0.05040013750289871,0.06342585615825214,0.04526819307926173,0.06798278832166972,0.03710877973103143,0.049947206836393594,0.03581984543799192,0.035006314367389164,0.06950811705177884,0.025815451617777926,0.02512795369020931,0.06052728008204214,0.05462662724697681,0.04964905109172179,0.058980972730227364,0.013499087840414922,0.018940017555900697,0.03839670753318141,0.06951464520247741,0.057468915285131504,0.051048074615281436,0.06103977784260229,0.08052020469755866,,,,,,,,,,,,,,,
2002-12-01,0.0971026168710427,0.026628245938818657,-0.05579931392932227,0.06923012491840248,0.09425431119649344,0.0401476345123257,0.03887179635844035,-0.026959728660372283,0.03746568393777363,0.09082039399316372,0.06773215409512263,0.06451919171696079,0.04168414282773441,-0.010569093970030974,-0.007603471688874771,0.08132356009609658,0.009664001299674976,-0.08242015175250218,0.09146894587486007,-0.027428271633841882,0.07309067135159993,0.030456089600046893,0.08449715782321941,0.06355133010934778,-0.012602952817485486,0.11634688441824721,0.06777650347525634,0.09075639853413889,0.024068238980626322,0.040179240339211476,0.0012971829043966407,0.019561437754547016,0.04800072485898968,0.06923012491840248,0.06741818251308387,0.021137896002409142,0.0656092067298516,0.03830279139389586,0.02879175567525471,-0.00791703780541633,0.09098248481657556,,,0.05540120294866108,0.06451919171696079,0.1047362913853807,,-0.11248106929745609,0.05141859118122152,0.06759554165342226,-0.11519827319514887,0.037545197472526236,0.002808220178745349,0.029141546956821987,0.08352311454276568,,,-0.16488059669391572,0.07048162387609058,-0.11364724394643001,0.034848964013457884,0.028312081924241127,0.0857866142957234,0.07023263732092914,0.05961952703989388,-0.027428271633841882,0.06928949789618041,0.020185750513523944,,,,,,,,,,0.03042598481116731,0.004355369160958579,0.04061856006119295,0.09018401494492408,0.0909938920788,0.060792003954973334,-0.075409558005645,0.02456630076906596,-0.11566401568069476,-0.10181576423316997,0.011722758307558586,0.09825150126893617,-0.11799169445909895,0.08495238902598379,0.044173425640999624,0.09192177625328596,0.026133333101740177,-0.07781263224883513,-0.00966623348499072,0.08847072598230764,0.030663478355828493,0.07013476144856975,-0.11379296516605843,0.012663613109532505,0.06228952592263361,,,,,,,,,,,,,,,
2003-03-01,-0.06311405897970103,0.1390131838616588,0.013336480915295658,0.12387303216858131,0.10460117201183351,0.011882558336566266,0.04460137957545244,0.045905929021468166,0.0351878291889405,0.14141925805943428,0.10730351524660255,0.06194578794431863,0.037162185006248356,-0.005410930949693093,0.032829924938908184,0.17348340477767404,0.05400321517380863,-0.012295142329852245,0.08693570723371866,0.10923616674817685,-0.06403762018169411,0.003264982979578695,0.07174237532501317,0.12427464720334312,0.01936507370346026,0.1142951074892724,0.05157752506340594,0.05261393257035113,0.03768226055320298,0.06723999182374574,0.0024487650803588874,,0.06646581398704525,0.11212798519995547,0.1226328538423541,0.06725598252893726,0.0943134335963972,0.07475004698451976,0.030673266587310816,0.08752825461404676,0.0522496622085083,,,0.06539764800933186,0.006881452967425327,0.07869937081751162,,0.054740779609750455,0.005103162212091164,0.05730254576328921,-0.010168149700840668,,0.049203082104261865,0.049308510516993906,0.06199636828615117,,,0.012158123805479037,0.04953981990393918,0.01984413624976114,0.027132450630100873,0.04391690359183984,0.05206084668287029,0.06066836077675946,0.040030260332634425,0.10718036823227943,0.06869895368435389,0.02204896561103316,,,,,,,,,,0.028286986619536655,0.007639926223352057,0.047677641187314795,0.05561539153731457,0.16383214217454575,0.07079283135731872,0.02513722324100845,0.0929308371262107,-0.051807326633743184,-0.0011399704053216778,-0.003913424065039994,0.09363319406091743,-0.06027951161022139,-0.06904624222702871,0.060879300605550773,-0.03421994518647509,0.14275144114683502,0.043862500320921316,0.12785887392549758,0.05925396207663489,0.048919462584325654,0.09957151881278593,-0.05995457728820226,0.10165799590240739,0.10397495458281382,0.09542959536059194,,,,,,,,,,,,,,
2003-06-01,0.030481877822502723,0.07356802815950256,-0.0031061000209925593,0.10629490722693434,0.09105206656403585,-0.004635232360810726,0.05399089958654369,0.02864612436569175,0.05079174880528666,0.046205403167124036,0.11345923272056128,0.042601057383076374,0.02620068221447819,-0.03018977092765276,0.029843779949899944,0.09251159825669734,0.021573513661902997,0.019004764551777138,-0.009198402373737627,0.03253821539216779,-0.010070782751298513,0.04039268021822895,0.040302035368316225,0.14282773343299465,,0.11347539310874291,-0.015091436357090938,0.054945923758298,0.035009669864462585,0.04310691364021095,0.027303177900584553,-0.020506299414460204,0.06431802670309535,0.0515216222630509,0.05377022174633917,0.03043657024332246,0.08177488314968896,0.016262738256560997,0.05148669106853899,0.002993829108114643,0.02625912896337746,,,0.048496860836346634,0.027231855353817877,0.06495233376465848,,0.0364481370858715,0.03540091334786949,0.05671391985432757,-0.03718278794457533,0.11909615124037558,0.02572484024793637,0.03140715136222496,0.07490554320374618,,,0.04443477081690017,0.0487423062043241,-0.06846000895224941,0.015195684501234234,0.04699605396247989,0.10114444577153345,0.048418813072506076,0.0009567047943636566,0.12173924306542096,0.03441825851880917,0.037806203065112245,,,,,,,,,,0.026528823240557668,0.01825689048993192,0.05706815138714884,0.03906476117247943,0.05050270283746549,0.05184255725995692,0.03196560176488154,0.04876518609115689,0.0017908786409408105,0.01695976777545598,-0.04283039095062311,0.1312899246679293,0.0003077425973105362,-0.008405168947786255,0.05706815138714884,0.060844269575994876,0.04872529978208181,0.035499281069281026,0.03710105513776718,0.03848393768411512,0.047754582069665076,0.08471940378239871,-0.0413898068985537,0.0789840256370702,0.10370845498694106,0.10383703820047084,,,,,,,,,,,,,,
2003-09-01,0.040535368573977826,0.027851019397143413,-0.06898962266531965,0.04028160519563935,0.038382228931273375,-0.050726793139415104,0.10166506236781049,-0.0008087094964930625,0.00646731888209972,-0.08984024022409978,0.019929221068018078,0.0020107953236729974,-0.001634576802443546,-0.015646345038473345,0.034240967905171046,0.029473765661321157,0.01677091341015473,-0.0024482825448569833,0.026886361106727277,-0.08549658661404133,-0.007792013757091391,0.012713791976927265,-0.021965742720482975,0.034474100139074475,,0.07839215512441836,0.012448530722960137,-0.05499368487789617,0.02108847034839351,0.03426292313056203,0.01992781890160388,0.0029864278989195346,0.03555781527958821,0.02459140069135733,-0.0029484009095506448,0.022234318073991885,0.03426292313056203,0.026184506700436715,-0.06459692962356867,-0.10670193464650266,-0.08264948111486264,,,-0.03785086722464218,-0.03216473440708468,0.03414541825702546,,-0.087199081401497,0.01833738518980628,0.028515946660749924,-0.10334233754797278,0.03286061182139622,0.019630329962120708,0.0001971739145152847,0.0333716922803145,,,-0.11675675355248533,0.03913081937478191,-0.08661354555399407,-0.006401910146578403,0.013035520003277649,0.14223988178993072,0.034967983004810466,-0.07348832024605147,0.040093808599615754,-0.01946475479581022,0.008807711495109876,,,,,,,,,,0.0429042316042365,-0.041535078704238275,0.03473784068872268,-0.03700276390582081,-0.07426275899011336,0.03406654868982206,-0.09894789386585147,0.034240967905171046,0.019652490229992273,-0.02377672826225842,-0.026421427209462695,-0.14058326912288702,0.02258310489602135,-0.06729256735441448,0.034967983004810466,0.04089923980607784,0.03414541825702546,0.03326066402297925,0.03504685257201386,0.03713067373110711,-0.1168664431298176,0.0634127651874177,0.05986195520830127,-0.11888849275579051,0.023434580879940926,0.027505471137214067,,,,,,,,,,,,,,
2003-12-01,-0.01635992688830239,0.007156325619387412,-0.016927810920868553,0.055751405404439396,0.027418897166851898,-0.0242027861929923,0.020128447495774165,-0.006234901096575421,-0.0018125511592638735,0.008607882774400347,0.014658074293366076,-0.002395801896324787,-0.004184556354013215,-0.020103480646466713,0.01609889370090722,0.042141418869845744,0.005491429343606551,-0.04609910887939938,-0.011075297801428017,-0.09213295813306757,-0.018536415426094674,-0.012810970598911717,-0.002881986969746189,0.025752674903479635,,0.017895094907358935,-0.011348588916068903,-0.07397727978003829,-0.0023638478954681077,0.030358661875997013,-0.04917895256414321,0.0032363144478635836,0.043169619652217266,-0.05202531055397178,-0.07422762820609866,-0.04128719865317304,0.05551320595871704,0.031365433584596425,-0.009218535328317729,-0.06373810330289657,-0.13531382545488788,,,-0.06190084112110288,0.010330772822901083,0.07537044785034445,,0.017618707183373085,-0.013623683291782786,0.007714726685938664,-0.16820680412647085,0.01264167871615799,0.004299055655507635,-0.0064653794228017895,0.013975827404102609,,,-0.029486778778988823,0.018376781396920273,-0.044549105942022285,-0.002429526189753634,-0.01752497505111896,0.04095773959010808,0.052808717611551,-0.11906958244551012,0.011391314471856779,0.0058596650225388345,-0.003440356161365909,,,,,,,,,,0.06443218413713549,-0.017864313148695778,-0.058750085519292165,-0.01775904505891199,0.01609889370090722,0.024716235665108735,-0.07304146940934521,-0.08896251890290208,-0.0021105470976014265,-0.06477725613822456,-0.023463706255382088,-0.11061973901610588,-0.05457564268020774,-0.07697937548716773,0.02829414580627808,0.01596849149225426,0.015379902419235288,0.004416655667207944,0.0071566656261695125,0.0027483702097554153,-0.12558251711290816,0.057960031425969484,0.03721551460024979,-0.09390969528285757,0.007477194561234147,0.011860345224635449,,,,,,,,,,,,,,
2004-03-01,0.005993664595804393,0.02645810215747232,0.0055706123431679905,0.02192925157782163,0.02917695697320733,-0.051799514211966956,0.05927218929654131,0.005387035823220067,0.02480549367913072,-0.07653328049239702,0.026361576719120202,0.029109072613297482,0.006517635922086334,-0.03178452029473149,0.05204628275394335,0.016149632078404325,0.02110704279368645,0.00468812837049942,6.788249317224058e-05,-0.04319823755470797,-0.035681559563196644,0.02747435505914929,0.020675572024327543,0.028515586894934445,,0.07425608645797772,0.0023715956103296672,0.010391882049575455,0.03491474545623072,0.027689791426377168,0.013808377599363502,0.01061206444477586,0.03426945615305084,-0.0018893969709323786,-0.004171818574140229,-0.01320862357593229,0.03295644491806466,0.01801544804638281,-0.08868891212027924,-0.04486175345850271,-0.10274380835954987,,,-0.05031983837969647,-0.02144046610131178,0.04240386167558898,,0.0074204441104884005,0.016171049878410105,0.023757852290221447,-0.11445538498204894,0.007026942569650409,-0.03168195194691475,0.005481477721813161,0.0550411074765153,,,0.025822613629941947,0.02446355110756567,-0.021385987839828608,0.01786286054998589,0.0053282541900538305,0.02810994328873426,0.05512111756991097,-0.13292154264408315,0.0024838857338592667,0.02682389602790242,-0.05560247401272357,,,,,,,,,,0.05876219807810367,-0.0007958998601329807,0.005716007945148686,0.01053649581310012,-0.026649907815124607,0.028515586894934445,-0.07548492231090778,0.007142909305048548,-0.02542403362865131,-0.11314104980590249,-0.026147339003815735,-0.1473823917823868,0.023506845084113225,-0.055572704835950414,0.03488534120088772,0.03537106407881629,0.0300153039324963,0.005628225296391004,-0.05348486515563281,-0.004869599532581195,-0.11039778823149775,0.03872956118124194,0.05898771674838984,-0.10558672243502853,0.012504023198567695,0.022255358001714187,,,,,,,,,,,,,,
2004-06-01,0.008282017332957515,0.0337128301539961,0.015711379882254507,0.0030816711093965715,0.022180242735659463,-0.005612754485421583,0.024124417530159842,0.013138236321107392,0.03767329447580029,0.002531696714151769,0.03036462182043537,-0.0027482742675428366,0.010795945880943781,-0.01934268275906515,0.02533741561461742,0.013905869813952351,0.017275965706446628,0.0005492160519735625,-0.08836327007738976,0.0064990072884143725,-0.002209179142134064,-0.011093632604947962,-0.009633509395331573,0.0193710478194793,,0.060585920702720814,-0.017727204080922526,0.04636300960144984,0.01609428337913982,0.04819532911167991,0.007018712383712513,0.025483954984519316,0.04499905997076258,0.004836541496377376,0.008123629145163336,-0.005656270284004079,0.0526715327771506,0.017805547612259703,-0.005195256153399094,-0.011758748219822812,-0.012845912131622454,,,0.0017322884562076836,-0.01531345274833726,0.029071519698862694,,0.006152988843429553,0.01995843763232234,0.03128799943214327,-0.08716902049980084,0.016292416940069186,0.015283757121683894,0.006262813266478704,0.030218478178828508,,,0.0038779051796083834,0.03541706143338077,-0.031398124955898325,0.015283757121683894,0.005188058837917932,0.005395275974025896,0.03215660415922981,-0.05332837841871711,-0.017456191519213366,0.02738487480431082,0.011931694524549502,,,,,,,,,,0.024450763209558017,-0.04214995671140678,0.01877139389865744,-0.03998765322255227,-0.005742125747152667,0.03215660415922981,-0.037842869133848,-0.005742125747152667,-0.02659903599510955,-0.09240302028915102,-0.04415757903547546,-0.10747796770175147,-0.0029733276337579003,-0.06760795936463729,0.035189337156273176,0.01050634109144486,0.02464490605651856,0.0258857247801067,-0.06928894782538192,-0.047014438949262494,-0.008299004819661943,-0.01799435876859975,0.035476056108009385,-0.06625853725143215,0.018994227487244213,0.04869595673895904,,,,,,,,,,,,,,
2004-09-01,0.006048919686638687,0.02346973838708481,0.025858773731619003,0.0017261869853568423,0.043955874562198904,0.037902918511061215,0.005656803781529549,0.030914292844480867,0.021145960012542882,0.019616437976591693,0.029706161924558834,0.03571188804601793,0.01057375514997831,-0.04860148443330761,0.03969539893614134,0.04217416238220315,0.03614526005841454,0.03002523349995887,-0.0029038813039879456,0.028523570485461513,0.03030140344666056,0.019454113090809005,-0.005222276044757028,0.02346454552949744,,0.07669650192648136,0.03002523349995887,0.051642689894970305,0.04524245684659043,0.0484404743232163,0.0327965714412326,0.03893001129062044,0.036903782775148,0.01377179417968556,0.015192705763814929,-0.006164370688416882,0.06502512095164062,0.028336946870475384,0.014325635684771111,0.00733302245474842,0.012869054271859547,,,0.005498616744956355,-0.006532340239586857,0.04494126788434652,,0.01732830863954892,-0.005249752955319415,0.0035418663143741863,-0.03816468199970319,0.028100143123957214,0.028100143123957214,0.02117988265847595,0.03339411043989344,,,0.024354217537975054,0.02120463434592623,-0.025711167381896962,0.04298801095512407,0.01846198697397809,-0.014683817287521264,0.03911764301110774,-0.08342505996730461,0.049773059343542925,0.053311444503606545,0.019775136496523425,,,,,,,,,,0.06663859235236486,-0.021924906801588866,0.029894641192672086,0.006793759037547575,0.048092114683657206,0.035229051597516325,0.012477515502242464,0.018558808841289322,-0.004342015324114411,0.005445936519670113,-0.01169000974887739,-0.06730259929551922,0.006544260118168404,-0.042764587699329185,0.03911764301110774,0.05860516548219823,0.03174728679592903,0.03362392906389819,-0.08034464853251495,0.03424424055893282,-0.026853802664119186,0.04518927127782741,0.056308024031879955,-0.026494761915389804,0.031941344893195237,0.04341736175377117,0.059480947526402775,,,,,,,,,,,,,
2004-12-01,0.07297682021538943,0.05815688432298992,0.03836496462340819,0.06089901499026353,0.07603045529447287,0.07594785413801775,0.03126150626580446,0.007054225511382941,0.020089299606810423,-0.013828337337352966,0.06550282071397048,0.05053346629952474,0.02000537517559329,-0.02737248332128637,0.05902025047086769,0.07971689128680597,-0.0053355250064461525,0.00676166731630484,-0.05920062986985413,0.06699264073047237,0.09223882987346964,0.05163087911432852,0.03734874836777034,0.03972169797697563,,0.08566339935763642,0.01061892088844644,0.08486074151083227,-0.008932440798716617,0.0956993227838343,0.036917391070042285,-0.03378306703560701,0.05040158301059088,-0.044925866666635735,0.03855426833026941,0.007502525193754807,0.10706428803438699,0.04313082090969062,0.007110522873446839,0.08475145357313268,0.0449782122899073,,,-0.010153445831742398,0.05624270915687697,0.059274752395093167,,0.06044149922122639,-0.009227657780580802,0.010195041509886364,-0.013334259096735086,0.03907908031318283,0.05841470099637183,0.034937117221294826,0.03824855457207138,,,-0.057963091121334534,0.07198836186551752,0.09697409945476375,-0.005035230232274482,0.031566729703163134,0.1355133756467086,0.05182837418150629,-0.041683647063169384,0.016948308697543286,0.05837407453214008,0.017597730627634492,,,,,,,,,,0.11844562516809115,0.008012839766318395,0.052613077974685576,0.06777068596919496,0.06972016678504757,0.05828043738443921,-0.04706313764638051,0.023215658882442213,0.03455127557560397,0.05167139074021015,-0.0065544882281330956,-0.023774457632917707,0.010832964954212395,0.04437766911598924,0.07413928439213818,0.07929756503857252,0.07876080265133364,0.09213106585966423,-0.029504528076815462,-0.008787011228000772,-0.028229115660912674,0.06035604169154132,0.06916196083073234,0.10694301077544346,0.030899087280468345,0.05282404176707697,0.024331568577487143,,,,,,,,,,,,,
2005-03-01,-0.12366332285929836,0.08325763487802712,0.039693416155022025,0.04979413815046615,0.0635845521645214,-0.0327729312632591,0.03997943680660628,-0.09074859869433383,0.013193358595801896,0.024780858604544615,0.052744476927647145,0.05220305990904446,0.021418693595357224,0.014463884489853661,0.08295121474284148,0.1056036846296081,0.04693159048160079,0.03021778609177992,-0.0539141507318649,0.07083837940165329,0.04559456326189363,0.05979836401918606,0.03538716530925476,0.04871165415883573,,0.11670307790984877,-0.0018824092678607395,0.11056809378415777,0.040813425330013565,0.05817799398236443,0.013245014391420461,0.022412704439698044,0.05085673652459654,-0.0006167900241576032,0.04343887892733962,0.012279116317714658,0.1213705248046684,0.017443255263188802,0.016838300728030758,0.07985253428027084,0.004990283889310258,,,0.044527998176283355,0.04416547810665275,0.07214360783524545,,0.060383898603929086,-0.008784934048747904,-0.009319027407404567,-0.18437871809101172,0.035378097738326675,-0.10717332850790376,0.03570375364755469,0.0312511448209289,,,0.03820989610239028,0.08947843158178866,0.05394579231848632,0.053769390446876474,0.006671187649233361,0.0482196261468108,0.06004020373209879,-0.016837157926969805,0.01620177061280106,0.07112616323186347,-0.012991384397580873,,,,,,,,,,0.08043459317833646,0.019000155965847212,0.0404625214959462,0.032054392686517275,0.06868188422919094,0.05307783928957026,-0.11460969867437061,-0.010055587201442657,0.027401669585233834,0.024378522465789088,-0.01490354733823764,-0.06135309282295552,0.028397142125934645,0.06110799819302948,0.06570564455131635,0.05283741659493863,0.0775923696729552,0.026493499120918022,0.021260469977494062,0.081764374212626,0.013570765271529702,0.026848733184728066,0.08029238023101787,0.03157923743916389,0.04276949840273568,0.06235630718790621,0.08288866916785607,-0.025233264145218093,,,,,,,,,,,,
2005-06-01,-0.07349500813578826,0.07871813294333156,0.048552711642483565,0.06442068878753188,0.05095231287956445,0.06218783831330576,-0.0050107979146518725,-0.06196706234277828,0.04817156260432656,0.05630738690499761,0.05625981018952567,0.032149884452803194,0.01713830300617011,0.031404649230992655,0.08731168705073084,0.06074624588756114,0.03326330451708012,0.03347602146429962,-0.08484285788979608,0.10782023643724536,0.010312947769772993,0.022608131618625658,-0.01826425988827782,0.08033280479128069,,0.09352741426562462,0.020101442772658996,0.09808712000415364,0.039698546746276535,0.05269816116075188,0.01391934211874053,-0.02156216113604244,0.04410627435285347,0.014301557150012502,0.010939201718774355,0.028254598916793067,0.08920566536224825,0.03970464095470842,0.048234532892739795,0.1190390507102504,0.052922117427283234,,,0.06257740160075416,0.03574962120738273,0.06138294647362957,,0.06940431141084835,0.004738229456160413,0.01100231397970504,-0.12696748045271183,0.030370867152716058,-0.10134693128930608,0.017048910236553475,-0.03513753630445348,,,0.03276511735023982,0.11914209542486671,0.06825560166364647,0.023686072738801234,0.02807619087833485,0.08974822196279891,0.0037391140102840804,0.04537313719566249,0.12656946268108937,0.06393495263137432,0.03029573474999429,,,,,,,,,,0.03464812360131076,0.02086409334751678,0.038454446041384795,-0.02018600944189643,0.060359943561859766,0.04187551255352917,-0.07434910072517875,0.03367309556650115,-0.011132347916983485,0.021297542328587906,0.04004270347814306,-0.046891241972351026,-0.028100228552755176,0.04957185335998625,0.035459578371273934,0.02496819656164887,0.10111882337442225,0.04381485217828063,0.011755919912346953,0.05681067865900739,0.10987267766664031,0.03866437465225142,0.06843705745665385,0.12351025166089302,0.03830880906468463,0.03838385708733419,0.08344654073307249,0.06779727267184295,,,,,,,,,,,,
2005-09-01,0.00010611401680077409,0.06395423604476826,0.03926802842768457,0.07254305880828518,0.07592774883474215,0.05647451963017156,0.015637878558423565,-0.1220874764209221,0.03990954866944758,0.024197961908128503,0.04240082226383781,0.029483992620213697,0.0301355025992674,0.03016325932528273,0.08725367411329929,0.09786215991374825,0.007024289155790785,0.017849459554002158,-0.20105331303725313,0.06345539148213113,0.0362184525285105,0.034585802792345424,0.027876651757945115,0.05550353165398061,,0.07180683725577205,0.02584266543899276,0.10000312540305134,0.035343771586321675,0.04388287827480747,0.03146134300649141,-0.08141095875931408,0.03137918430648813,-0.008728681207218085,0.058163059350888,0.03552372597083112,0.09176307622696507,0.0366238850353069,-0.08268151255191641,0.14272774034164468,-0.021220220329609914,,,0.021581411226723444,0.016229305678855284,0.06273028240518093,,0.07307145017360067,0.02846322687523107,0.030542915888184113,-0.018830919747062413,0.03671929856769876,0.01763817085911803,0.0075648049317664345,-0.0013766230683163196,,,0.004486504133998342,0.057072546778025944,0.07722838513380625,0.022507654079597754,0.03120872920033849,0.023383090437900954,0.035655391464128744,0.0370544040863109,0.2281591565462327,0.07375732755458843,0.024719835967874776,,,,,,,,,,0.05215475002684756,0.01463184745344425,-0.014077283610809737,0.024604054817613005,0.04847496256681498,0.053729438403586786,-0.07296420604059253,0.04510573121503942,-0.009143193881920426,-0.014716810533541064,-0.005728066325036442,0.07140730541298489,-0.0038765015840749118,-0.005906310756156091,0.06917320091259543,0.07271299030064172,0.10085991144334285,0.04395113813820887,0.031658601522464976,0.05168481465124326,0.047429857976407794,0.03397907274601401,0.041863569750579324,0.11613905116601889,0.0330933953450221,0.03421255055352956,0.03798296011039029,0.0231410549194317,,,,,,,,,,,,
2005-12-01,-0.01719815799046581,0.07052889201656262,0.0311618794518755,0.07548974601943288,0.05619307685583031,0.0514904518836654,-0.01868438382211944,0.02846978250319226,0.022366986813841305,0.03298119949965477,0.022791100868342302,0.007643708376799482,0.029480441665578203,0.01595730323632698,0.062080937065459633,-0.015963129137781522,-0.012300995168485459,0.0024308841890965356,-0.12506242793539835,0.06278502094379115,-0.044473204315467016,0.029729277266540968,0.02170052396493411,0.048107880425652,,0.09519426559436475,-0.012938921565095672,0.07788681552903588,0.024607829686981355,0.030352256349515733,-0.022008529227616685,-0.07330362954589693,0.030373025831507805,0.03259636096398001,-0.010991890740378178,0.006571223786358602,0.07531642896406891,0.03659992517010449,-0.004547410885186194,0.12698956992729082,0.03562913305445062,,,0.003624906513531529,0.03318660060899361,0.07697445797776949,,0.04219568822254715,0.0017518325627084279,0.026249146975282005,-0.09957053139325357,0.022550637276338718,-0.08452762071723748,0.017521495986795345,-0.010201852230121483,,,-0.10652450846372029,0.05946203597218711,0.017300133159700547,0.029974171391274132,0.018454096208572593,0.006286996024135792,0.05291602284495161,0.024696581767329643,0.2449230223622245,0.077896081046884,0.0185828000546145,,,,,,,,,,0.031450021471574705,0.012899367181407974,-0.015664060740387033,-0.006490561262722947,0.06724510582465335,0.04596519875849451,-0.05946663712488036,0.054794950851384985,0.0197003292270397,0.04346749350696472,-0.013020926877732377,0.05010347996128564,0.023900416021629976,0.023204902632264116,0.06529830458020695,0.06596856015094099,0.06163012732213649,0.03986231762124773,0.04206637462235935,0.022921877449128,0.041986768344506716,0.030395754124017786,0.06396233065523056,0.020821632246893835,0.04377883220975012,0.05144906490079739,0.04346962240249362,0.08402455757272735,,,,,,,,,,,,
2006-03-01,-0.01634671188231605,0.038935295606034405,0.012776604131187483,0.057152836000709105,0.06673370578864725,-0.011690599195268447,0.014189350301341483,0.02533045944250572,0.02575076384971104,-0.0022317593492785655,0.031392835211143603,0.02361019793105259,0.020480389158632997,0.02821509799034338,0.08318935418477388,0.06610375231045473,0.031136012037185464,0.008983078746171363,-0.11371124971321317,0.11896941837316541,0.04737071390777632,0.02914844586602208,0.04129939631933984,0.045073628323486915,,0.052531445038643036,0.014530326776631271,0.057949077830828144,0.02791926784767253,0.0631898749571227,0.03054632695978271,0.0006784699808862807,-0.015537323043407228,-0.0009354386391102347,-0.014447690360931058,0.0333108230580006,0.08249251577884367,0.03525469430087896,-0.0004914593029216199,0.14614404564664946,-0.0009948546565083972,,,0.04105947111560234,0.0468478151272219,0.07166093574559876,,0.045576674056601756,0.010160806425919645,0.009603793634465237,-0.09136124976389497,0.025194770331180526,-0.01684897259546238,0.013903168377905622,0.012216464917412753,,,0.029668891867272448,0.0743093165252752,0.037168716353767735,0.017885032165344344,0.0174799260850362,0.03996491095324649,0.06961312736506894,0.017113843756043287,0.267486629197008,0.0743093165252752,0.0204009525151794,,,,,,,,,,0.028429408854031467,0.028926399697186026,0.004902934948144985,0.019336686661710418,0.055118951787912734,0.04007201107510851,0.11925967720729354,0.013598618128737144,0.01159675262859255,-0.062040909271542356,-0.011925441319832248,0.07244853274392604,0.02213000303960456,0.03060983842728582,0.08977998998288686,0.058732705899744685,0.06558424158959522,0.03397348771638439,0.047363358429206526,0.022919003703520367,0.04452994996323117,0.02875215380311429,0.037296992819324186,0.02873448354421151,0.026628735365010783,0.03930768655507532,0.034478685501348236,0.001068352710160881,,,,,,,,,,,,
2006-06-01,0.015931177051467443,0.053865946720674886,0.02625892941925493,0.056870636274685776,0.048302295596136836,0.04508105377783678,-0.04163827879241146,-0.10834339541459637,0.021547111344336886,-0.04148749453934614,0.024168072637668153,-0.006564309947775519,0.0225916536519904,-0.00800896698260537,0.05792609634593724,0.07128824957025912,0.021859927530881063,-0.0032559211779651783,-0.11857226686500454,0.006110844832259218,-0.0022387494849577328,0.0026952054622509975,-0.013381868967345858,0.04501449919244347,,0.0287713269260304,0.009985145068004712,0.06463186580678244,0.022453294158812656,0.03837739640661174,0.02221848947757741,0.014523043260594913,0.023586864579665707,-0.01876780305860181,0.011990664346415119,0.023586864579665707,0.07046687225045203,0.043530451918667314,0.02851402804261914,0.15658365456917725,-0.005437387194849087,,,0.010098811922841752,0.027180084703998776,0.06269880636876328,,0.025663749321125022,0.015499012634572625,-0.012214893207185554,-0.14682598724391607,-0.09113086144781579,-0.022371690014261196,-0.09791851487939172,-0.007399488702102794,,,0.018984340464700405,0.051027266269340066,0.017408542759216182,0.014238288106167894,0.024759067127140676,0.03744267527724192,-0.004937917205939364,-0.07881681537520048,0.2316789549399253,0.046634760264397834,0.019607470200463807,,,,,,,,,,-0.052143385217261064,0.024168072637668153,-0.018655956441488878,-0.054389180588813216,0.03557959456452063,0.00918978700481323,0.01918735576668085,,-0.11001441199036081,-0.13229483657338628,-0.07776514932045868,-0.055871871889834786,-0.02091425169009793,-0.012929879912667435,0.06966803841931707,-0.01099027853249009,0.03351370596947646,0.023586864579665707,0.017170523370414095,-0.13806130684082954,-0.16103991698107192,0.02363486543259596,0.05783305466607996,-0.010936444564283726,0.02273100779078695,0.013044766634579177,0.03555313196982351,-0.0024597703233777794,,,,,,,,,,,,
2006-09-01,0.031764271256210744,0.04510132751635405,0.015976130713787066,0.049481755968086856,0.0578872249123306,0.05506614217830224,0.011618178117430858,-0.03225227452004553,-0.1919042225890657,0.02720598871689423,0.025732180653472218,0.037049347165527186,0.018199296467942647,0.01662672391887047,0.06283028459806732,0.06012177954582868,0.025627620072519744,0.00655606311097253,-0.0036990151492220453,0.027560792667275225,0.08429906987006579,0.027157196124286853,0.037049347165527186,0.03943275726503071,,0.03604709887596845,-0.009398478035942522,0.03849625471691791,0.025308361072225297,-0.010537042745053325,0.01588012177759127,-0.0022230245760288554,0.021702645615196418,0.019137426682412757,-0.014451720732100052,0.022515326167613113,0.06982906856635904,0.03174633290913985,-0.008465485367325026,0.13686393691340992,0.037775485512667115,,,0.04368120584329476,0.009538420009493443,0.06836191341404378,,0.03888791673565446,0.025876926435952397,0.014591539939472688,-0.04725503386153666,0.024571370602711237,-0.008856735591542982,0.007287067530438124,0.03145368630044558,,,0.01141513596240713,0.048631808965187026,0.09422956549019493,0.027896445114592102,0.018199296467942647,0.03870477278016618,0.05379776858152514,-0.0379837882914359,0.18431007655143172,0.003387493789056633,0.016235296821840474,,,,,,,,,,0.004942337287471598,0.01637682432512416,-0.10153955727702829,-0.0051957125137638005,0.04020907689210052,-0.09524950226262596,0.018741509966650104,,0.006702580314943719,-0.10012308405890123,0.005240076015883234,0.037429458583880984,-0.011564709340573643,0.023017229649501154,0.1069341905072988,0.037303982115783216,0.06085526336300626,0.02187782746946379,0.004161281492811788,-0.048761608581163476,-0.14434387454876174,0.023866764622773567,-0.009178014894484197,0.09657571241251765,0.031468145041799254,0.0309170738030976,0.0544282363405635,0.02999036103030205,,,,,,,,,,,,
2006-12-01,0.033770350899198505,0.027276781802905117,0.025149163782137322,0.042093927216123345,0.06611920089815282,0.047071653631022316,0.012331915214923524,-0.002036250391920143,0.015216447762075938,0.03375050277399696,0.024098045761668675,0.03522096602087882,0.016679743700837253,0.024098045761668675,0.10265786146648745,-0.0012101881426817855,0.024098045761668675,0.016679743700837253,-0.0479854691022874,0.08653680444516178,0.08908372620994294,0.025149163782137322,0.033770350899198505,0.0196245729171086,,0.047255594249664336,0.0021727932533138535,0.04226301474813933,0.013881388014336252,0.022567107042779234,0.025149163782137322,0.04177416671867085,0.02022161300329955,0.03251395180563927,0.039611407447454776,0.022738365914678673,0.07261977856768195,0.034941547355728984,0.025149163782137322,0.1537529821575216,0.04682711917944258,,,0.005514317948532035,0.03982039323165776,0.07660634221452821,,0.04391919661077923,0.003989479142282405,0.024647877415160224,-0.07443890467474654,0.024098045761668675,-0.016259115049151833,-0.003521797469103756,0.03352581644761877,,,-0.08162122850090496,0.05352767541234861,-0.012669616690720528,0.01427891291378565,0.013040006136804085,0.03551746745721339,0.05850106829933431,-0.04642881996524028,0.2159554781760801,0.027786220428219703,0.01595192551884242,,,,,,,,,,0.025149163782137322,0.01531614876060012,-0.015979721109428642,0.01184197447388627,0.03346074635436018,-0.0031164963406682205,-0.010483951523408202,,-0.048096340331231564,0.0036706267553303796,-0.05492276470233437,0.024589632350118552,0.03471825428953911,0.0212727310237682,0.08635331123898642,0.03497643156929908,0.05975935683056635,0.0212727310237682,0.042405006799137106,-0.01918412537667191,-0.17541207608394133,0.024098045761668675,0.048236131927768926,0.08353538284921234,0.026740066763875102,-0.010188384943923285,0.05621447887519421,0.024293211688148394,,,,,,,,,,,,
2007-03-01,-0.06012528628469051,0.04474233470367177,0.025900526673753484,0.05178630632070841,0.08184979035953076,0.01820624335223344,0.018084983394076597,0.01023439833257331,0.012953702756542451,0.0332018220492759,0.024151646477744114,0.0332018220492759,0.0161864558242,-0.006437933596201441,0.06917197150016245,0.05812939025249969,0.025309799622178317,0.01480375602581588,-0.09276091331371766,0.08758807689441199,0.049484228006655424,0.025900526673753484,0.025309799622178317,0.0601665264332331,,0.0332018220492759,-0.00994032039924439,0.03180733375621415,0.021534351688417847,0.04135437223923127,0.025900526673753484,0.11108008285840222,-0.032037032041110934,-0.055004374865558835,0.036527441558340784,0.03523844502665124,0.08295659367527336,0.04510192041083452,0.023395937034881107,0.12909025841905983,-0.0013347861725453605,,,0.02561405366743967,0.03716728165646104,0.06713117610044173,,0.04355892907099586,0.014163367202266963,0.008882221457214231,-0.0663633709357812,-0.018651104928194058,-0.005839893717004418,0.025309799622178317,0.011735569759076747,,,-0.023547175662067946,0.049002699510260844,0.028967698894646707,-0.013969524628641245,0.01120615530931447,0.046463903194028114,0.035322963015839516,0.006754215256141599,0.16467407851895885,0.03237456300658008,0.01940815661552302,,,,,,,,,,0.01590524935878783,0.006778811160489301,-0.010784323492045748,0.025309799622178317,0.03562042436468434,0.050134360002467425,-0.02964914742707618,,-0.023033561370256927,-0.012498999675795638,0.011009327100804513,0.019961663241068295,-0.04141164326246756,0.02507933680001628,0.07976493677487975,0.0332018220492759,0.06031169570724355,-0.011995481024048672,0.011651071610447282,0.029215462571341694,-0.1830017308940439,0.007233728024499703,0.04135437223923127,0.03802378326461756,0.025309799622178317,0.004542155752471896,0.05114613723124792,0.01921961937426439,,-0.06390016711260912,0.04564316530120288,,,,,,,,,
2007-06-01,0.0850894190094291,0.062369223408495,0.029130850416424728,0.06548799797545427,0.07016085116654523,0.036998195739054676,-0.03342377081822607,-0.020190344914510775,0.01836445635021659,-0.025727907817579942,0.029696306531426596,0.0058796225609650445,0.01781061525227486,-0.04193335626172226,0.07633193196605585,0.05722670736141016,0.026438310031794345,-0.11550464666577613,-0.09944199256760135,0.05206921419388127,0.023217464133467793,0.028058256710316972,-0.013787017469517094,0.03995118378156899,,0.08947160718281025,0.010493282433491184,0.06492142997771468,0.025952396866231704,0.03470234470748072,0.027730510553628174,0.0909482252514843,0.028355378719051017,-0.08249780414188973,0.030965104101908173,0.02331453902325334,0.0905074933475516,0.013656764239073435,0.0236149430789782,0.09037462258718783,0.025456818488126413,,,0.028089340495030764,0.029077458607283297,0.04051332067288416,,0.05311137727189546,0.026137719187761303,0.01625109986883865,-0.01430480186753635,-0.07916711966442133,0.02731989002955969,0.008327790034371564,0.012483573831695653,,,0.006523355468955345,0.050353875032002914,0.031576383109640394,0.06677958796379532,0.01909780209684117,0.03247699068379339,0.043220354744615545,-0.03041659062642566,0.08822546225944244,-0.016189106525216518,0.01909780209684117,,,,,,,,,,-0.06807430506775965,0.01272052426115701,0.012036661445871866,-0.04097317967939739,0.05020541726323067,0.021430479086213358,-0.13610876023315613,,-0.09907950121016632,-0.06054224210015202,0.03851658275832918,-0.06666930346512648,-0.0008989928323438389,-0.042783413660492396,0.07402082267634562,-0.010142020440813606,0.07143157084322183,0.030411542778328166,0.00929927328498106,-0.023316026489477108,-0.0907062767745824,0.02624192385539738,0.04929010591532609,0.05020256853408095,0.023838560431671287,0.037651124678496184,0.03607718521393355,0.05149029440845614,,-0.13687143069263394,0.0008572638018727758,,,,,,,,,
2007-09-01,-0.0499467669289246,0.04509360736408291,0.022001410943312406,-0.05740348733542649,0.057693847328525664,0.03955427203686291,0.02169991432896246,-0.05181744899287573,0.0011513938371490434,0.02493472864566845,0.021963145629816952,0.037601578048190726,0.012092591283287666,-0.029236467749601102,0.06513960985622932,0.058408174521630954,0.01527419565543333,-0.11174554122728944,-0.10119408262770377,0.0757104988321128,0.005394309638471807,0.01890506530107233,0.02372514369346675,0.03875139682384067,,0.04144335038673015,-0.005014650537460173,0.02657680625405789,0.031035891900613715,-0.02403206319255862,0.028552707528532454,0.06709379898615393,0.008640935966966372,-0.1729442357481349,0.018137403588062973,0.015959424765879592,0.06513960985622932,0.030349274522669386,-0.012303762592917464,,0.034782325868594574,,,0.021341860530674512,0.015568762887493247,0.04302617848914219,,0.024561113335002393,0.020611778691853846,0.02036051862293012,-0.08645742608531379,-0.027670817385946175,0.03565552799242913,0.023692103484795186,0.009143313791201738,,,-0.014815696233037882,0.05116135725668994,0.00703977462874352,0.05709206003467424,0.027824978628949695,-0.004969962185121643,0.036339408870690856,0.0826463437332418,0.1383165252923107,-0.05473581077091064,-0.00027530683795472526,,,,,,,,,,-0.050421258244576196,0.016619249810251722,-0.0775628016610651,0.009395020316213186,0.03337238670816919,0.022550360863300725,-0.08940807703709305,,0.006983983984857697,0.014209025793936325,0.019304001355441067,0.04632340560349843,-0.25406123693263793,-0.07918841531161686,0.058600936288730324,0.03669622232584138,0.06773612244786596,0.012830432232709226,-0.0019853408712205227,-0.004422743336917951,-0.039508302735442556,-0.005178695059790949,-0.004011617125327797,0.04503637367228766,0.025457960573957564,0.03771575001892713,0.03781396141660215,0.02180365679772624,,-0.035710103460278836,0.01601263758549033,-0.07442974239436934,,,,,,,,
2007-12-01,0.04611127037665885,0.1041270624833348,0.022201057248625717,0.13135960994762286,0.07039407746081107,0.038332634598316,-0.0379359509555135,-0.035897366617074586,-0.006074845565881637,0.017329174753110816,0.020639006010015098,0.027254004909282696,0.00693205696026001,-0.12353452800176101,0.0584878834330745,0.04975578470773649,0.004297969330561417,-0.003966114569896657,-0.028114099557347085,0.031932556933660275,0.14452930923727036,0.004196034057775691,0.030361920437752377,0.06575948923295272,,0.0179127935920611,0.018648043492264357,0.024179017029482816,0.028781522316309455,0.02567759676704868,0.027254004909282696,0.1253582354231129,0.00454896863560766,-0.036403521089436675,0.02567759676704868,0.03050627510607551,0.04195680329248907,0.04236301413826408,0.027254004909282696,,0.025671126956940328,,,0.026253504574379246,0.027254004909282696,0.035932772129933635,,0.022741968570263404,0.030361920437752377,0.02593417754902778,-0.0231086045547472,-0.019366824409612283,0.023122270207783895,0.0859742009835046,0.027254004909282696,,,-0.06070568101437312,0.07648479956561165,0.07825963783146163,0.09510267008931741,-0.060370951205280486,0.04630294451180385,0.024758534958623093,-0.0159020615386109,,0.04191515712966155,0.020639006010015098,,,,,,,,,,-0.03128228608328125,0.02904209307749746,-0.021371887015585924,-0.02741890884035647,0.028360165352000748,0.005439259938510313,-0.08844899038243066,,0.00409938005373473,-0.02726211180244538,0.012812840237857023,0.020226171661341014,-0.10681995066396077,-0.023248099652152562,0.03602139970643468,0.03547957214087613,0.07952529079884256,-0.013781968342609691,0.004188921844709637,-0.01340535511824278,0.04055475087658619,-0.039555634118993606,0.038755776886589946,0.03635292128827485,0.030361920437752377,0.030361920437752377,0.012726925072444509,0.009148804064110361,,0.06703702986040151,0.038962670144637584,-0.009923287376733453,0.014203325130769414,,,,,,,
2008-03-01,-0.0005540614630906432,0.04745178008841375,0.02575585631475434,,0.07497065244684108,-0.003134924737397516,0.009938491322592407,-0.004940810426247902,0.022405449491866174,0.009417842669096888,0.026584027481976236,0.02575585631475434,0.01970553879677185,-0.010683035034278698,0.0828695437119762,0.06431953782905127,0.027885659285128896,-0.00609591804159452,-0.0314626065090205,0.10732965975564117,0.15663948494755778,0.02575585631475434,0.010605569048111847,0.08183720103370623,,-0.0020222690979413266,-0.0036295859942588314,0.03748523375680008,0.05205156048983603,0.01121639460545319,0.0269079984413289,0.11203935571825314,0.023673254165489304,-0.02789754983744999,0.029493977486261865,0.03110202149958593,0.0618410962355917,0.041916614233768204,0.028853782351991774,,0.008259121243744104,,,0.03590783276365423,0.03790183927301488,0.03511103582399016,,0.019084583664897504,0.02575585631475434,0.016592647901117377,-0.04226476352728636,-0.04747000163833785,0.01445443324881759,,-0.007911020371217546,,,-0.007129719718774313,0.03829967980351166,0.06921085567149683,0.02974693129775893,-0.0894306497864103,0.05654248344495468,0.021344310588076263,0.034568669297613236,,0.06699721215463608,0.026584027481976236,,,,,,,,,,-0.04796456195835241,0.02994987937301137,0.026597392594229885,-0.006480201721297302,0.027116623800172344,-0.02049550861613154,0.01191696128866836,,-0.0037690910828418393,0.018039218949483207,-0.009915727379769899,0.12099898273190907,-0.11312577540142726,0.019796470166876117,0.037964030443606085,0.04191779520196404,0.06778564183696273,0.013757389400658092,0.0063347657250757495,0.01662849218777444,0.012626548967147586,-0.00927384374830684,0.04898886009974512,0.02875828466522888,0.028853782351991774,0.02575585631475434,0.03502336151425983,0.032586404193408636,,0.09569113744467306,0.026503390628265372,-0.01187846244792177,0.026957299441794747,,,,,,,
2008-06-01,-0.019496049215731576,0.041845779287904825,0.030051416230020892,,0.08340440522883308,0.033372908438610356,0.022546974176718738,0.02890270670157325,0.0378990009975987,0.031735301428138664,0.033882055535430056,0.008713025295294032,0.01710038916890998,0.031051153841020557,0.07665713546792358,0.06492967676968027,0.03767598721672296,-0.11429053619645527,0.06709575656656934,0.1014694710487176,0.08137148174656811,0.027715728604239678,0.014932048364280918,0.025601417217707246,,0.012657816865469667,-0.1891313718817982,0.03785329497051626,0.031373868927303455,0.02366618529921876,0.0323522877530727,-0.007326135945037543,0.020712538747091665,-0.14763358162956924,0.03311468019358307,0.05667878799800164,0.07476212395106038,0.06586352475905585,0.02903278459452325,,0.014222670730991272,,,0.027610086220072275,0.03348426644467826,0.03662121800485084,,0.0217630800816657,0.029933788189830696,0.025487960472063673,0.023003402460661803,-0.0560944916921187,0.03188203484448415,,-0.019006161098136916,,,0.015926795618413005,0.04888539817270487,0.05272006028500607,0.06817783284045523,,0.05981720269942327,-0.01261980852391846,0.04648585983187987,,0.04597983157569444,0.025170545318609863,,,,,,,,,,-0.18151153391675393,0.0344333092437578,0.03234182050293086,-0.006765121289865045,0.04369046097786628,-0.004128123483161408,-0.028612307183826024,,0.00781425367112921,0.019395480322855593,0.06086751618710037,0.11249323047961686,-0.040113485507453375,0.02033511203927704,0.04812478801909697,0.0031192245323847746,0.08550905163643546,0.035889957314014446,-0.0012921952522762274,-0.0027237436669318525,0.012500735389960145,-0.0053966568620175195,0.07904296330892112,0.03015860407245808,0.033278201652947516,0.03657052237597804,0.0016257642974814841,0.02465931863286055,,0.06461521260621604,0.010422194804598264,0.03381380919457986,0.010425315921455538,,,,,,,
2008-09-01,-0.017439656470001764,0.06919668350370889,0.026778001808728247,,0.06556110392867735,0.03169738772599467,0.021989166559893247,0.003633547287104399,0.02414514348804707,0.024494589885120415,0.023012568446961982,0.030526018752896844,0.009137493383573017,0.02922934607045244,0.0765915388552281,0.17071663544237486,0.03628239854375801,-0.07393320909967087,0.0046058893592676306,0.13326000088875148,0.10464503026641027,0.025863442590804378,0.02710821410989431,0.01946354314805776,,0.02396811521472533,0.030688735014171246,0.062226323933189005,0.028839218511226897,0.0029742347873989916,0.03779287956139507,0.03795132950201503,0.014223056810074934,-0.11251455584262439,0.048994253107206294,0.031604767545682255,0.05682350290626587,0.057334776616065654,-0.03961356731421102,,0.04166488315459011,,,0.030639966702386376,0.021111269692366503,0.030923417451541372,,0.07331021937043927,0.02882502356076466,0.01855136520811413,0.01709084117477276,-0.04581263908010947,0.029560912956090975,,0.012057089440907387,,,-0.07834733619915978,0.05663579628964541,0.04787001518665037,0.06496858382140779,,0.010418488906249468,0.01199425261010202,0.048370881358111226,,0.019018582812035088,0.01703031028492263,,,,,,,,,,-0.06165281082554643,0.03691818397074923,-0.04863240518251853,0.012555916054665418,0.05166814735480112,-0.032211540565811214,0.026723709030237245,,0.03153289319762314,0.03182634013253413,0.052246391569917734,0.04305357302012127,-0.14487081259276885,0.02001010075357754,0.0541506551156895,0.06496858382140779,0.09975029570214977,0.003172957008179398,0.028193303459660934,0.014880553221053557,0.026629985433193643,-0.009698051867751103,0.054961641830104525,0.04167874675069982,0.029720787082919572,0.03391379349008075,0.02361735548472635,0.02620127375924435,,-0.08910960579672329,0.03169738772599467,0.036696071039036424,0.027717689855976082,,,,,,,
2008-12-01,-0.03516162508908136,0.142247351179117,0.027613461201186865,,0.06773425783831287,0.06078456957983059,0.02529241550428816,-0.009613255849052281,0.053728016883154386,0.04537642296940728,0.029843055589733377,0.027787469176817525,0.008741451116844141,-0.06082547468390168,-0.004258541304857963,0.16848512015939268,0.012496084570575538,-0.042295274246746645,0.20112037002458247,0.17885818478365934,0.11867241064842973,0.027613461201186865,0.03578449005381904,0.015133046814258857,,0.03247010420766602,0.018505338106667067,0.041638259955685084,0.02583977588639892,0.02731983309850143,0.025382510299321155,0.026069605702560526,0.027613461201186865,-0.004805676478099353,0.09446477605782237,0.013186219345610088,0.06394957050120699,0.08281616642035647,0.023801005117274544,,0.030151627769657866,,,0.03503364646528031,0.027651110884607137,0.058616678566401376,,0.06349926045663004,0.02789154213573765,0.005018582925059866,0.029323287968632747,0.013402802274662408,0.03215583310716793,,0.01197508304571225,,,-0.14405847458822468,0.06794245223481576,0.08530965497041784,0.03438611021685588,,0.07979508125072755,0.01895996766478596,0.05169311194439618,,0.061888032652227934,-0.06441771142734937,,,,,,,,,,0.027386715636831222,0.02914418465003876,0.0439855717779304,0.01468434249394242,0.06766616772834214,0.011603878063144338,0.02016605896248779,,0.03912579850571703,0.1511252678485383,0.030628015742426754,0.10797233971511781,0.03204177138904476,0.029691277930774137,0.15307548574102645,-0.05986452184423766,0.08151150426526436,0.026069605702560526,0.025803641016170227,0.05189576768350385,0.0294692178820628,-0.06441771142734937,0.13863334321479923,0.043313808735460736,0.02583977588639892,0.015815880094112944,0.038979175033557655,0.03174008366085479,,-0.05561112326463925,0.027787469176817525,0.016579832983597737,0.027787469176817525,,,,,,,
2009-03-01,0.023325310434061018,0.07519564268889115,-0.015392015355225146,,0.09959618570623892,0.013849516035023877,0.023819823167770447,0.023580810283421513,0.045134345910257924,0.0735866437936503,0.036068727200958904,0.036780453350917036,0.010257509178252465,-0.022594862049672305,0.07623464053455396,0.107620367901231,0.0014473252548351996,0.011096434601335706,0.154671875937005,0.13512245271101672,0.08478851747927525,0.041006724281195644,0.07010897517698052,0.04266768391344455,,0.13256352112455813,0.02894078338004431,0.10031504258973138,0.025027604786989708,0.042116225348022014,0.021887619557858947,0.0277262927528496,0.0197992188733695,0.06273347823933006,0.1542664981179144,0.05213254414543579,0.09339201628018597,0.07685346379765005,0.021456976256320055,,0.011346606535067034,,,0.04121252594254315,0.03808830167767487,0.06124291541763093,,0.08579301511572503,-0.036176259240303744,-0.008088595303037042,-0.008162382747432625,0.03169546316125841,0.023064708132999448,,0.014251773123855208,,,0.0029972457010975307,0.08016421395309122,0.0780802759716874,0.07232010543908014,,0.037415294490085536,0.03294475175933837,0.1987501075862222,,0.06812667477108965,0.03259916256673727,,,,,,,,,,0.07013230374317377,0.020299706779212806,-0.05418702097309818,0.02152064725830529,0.1416373083987264,0.029096268687832036,0.042251269028103944,,0.040204938821449855,0.05201540889569027,0.12196725035802473,0.14285636216871192,0.03681777094442967,0.04364376676826591,0.13602566614344158,0.07048111425125712,0.10630211939037924,0.003232587921264351,0.0277262927528496,0.059655066712722395,0.05525556318666647,0.03259916256673727,-0.08695166298214357,0.09953787944272438,0.032575805992915444,0.11758570907009,0.06574788275584863,0.10944140541045673,,-0.06533343965480724,0.05633141238819537,0.020951572442931842,0.05138638382988918,,,,,,,
2009-06-01,0.1257295591459427,0.04649395738426912,0.007853320722696353,,0.07897172397592826,0.01914203486978066,-0.02274873710857235,0.0025819440550312904,0.03937681958295063,0.027406511631396173,0.02028834111570797,0.0044506289972783076,-0.05782520750554141,-0.006659787431922992,0.04089768595524666,0.09434063522133886,0.0361219389345963,-0.00761642749314263,0.2227438475980444,0.12721359760895296,0.025637060354824503,0.0006201213716050272,0.045424555158406744,-0.0010297146372361655,,0.019739778114909613,-0.008164653920232247,0.19049539637325644,0.019739778114909613,0.019739778114909613,-0.01060848543513872,0.0062598765221417085,0.012383926384042109,-0.008721587857491834,0.10513077815229627,0.011838436846159244,0.08013635003916991,-0.08554477017772176,0.016412673738681428,,0.02409222692896934,,,0.01980050560079517,0.02033268393188573,0.030659827811333525,,0.035063828587013644,-2.193900803988538e-06,-0.031030525868465875,-0.08432150025860574,0.02028834111570797,0.017522432259560385,,4.14153712478974e-05,,,0.02170253875909055,0.08853954026114541,0.11660179907585327,-0.04822543115242291,,0.0537404406267758,0.01980050560079517,0.23631233307560498,,0.056072893811462174,-0.05198071358463435,,,,,,,,,,0.0008152297012314625,0.025877557542843984,0.00326727272526494,0.0008980894683742503,0.06680056006543104,-0.0033255001390454743,0.02676092813433663,,0.018501751569019242,-0.005725525558069264,0.0811424793873107,0.051309084133489655,-0.012503312701013257,-0.013432944001541344,0.10623243488012787,0.04066768566577021,0.0631838610104595,0.019739778114909613,-0.027271333384458335,0.0038754454717381667,0.006565458976878261,0.02145759737082442,-0.11038042691079131,0.07867974711024812,0.01591470090390079,-0.03165058536426676,0.02961291606124105,-0.03596366444280756,,-0.06509978529189828,0.02418729005030367,-0.04011835087245891,0.005068982147904769,,,,,,,
2009-09-01,0.05615851931530306,0.046006847019332185,0.012183926338190444,,0.10274192148800315,0.010723234936509524,-0.004984341247193622,-0.016694237633247764,0.026069300730654298,0.03851232268923936,0.026958195775822813,0.01893908761677661,-0.043802841504514405,-0.14004574457347727,0.07628974148559892,0.0689550996066356,-0.0826671121163691,-0.06568543113478356,0.15878364673644105,0.05788893278192639,0.0724436381995405,0.006556811230053596,0.0651401847069821,0.032025789298498135,,0.024821081599498612,0.01699200127297458,0.04711385864352799,0.016319684086701366,0.005872426274339994,0.006451616390234982,0.051304355627853786,0.011538542594892986,-0.053073767967644035,-0.012407327365893136,0.01121967739748855,0.07712778508769927,0.0475726630348601,0.013854232212097771,,0.018563734200810905,,,0.015633171032255595,0.013794526288173424,0.06779496330549506,,0.018128161696471468,0.011073060302641,0.010395761908999988,-0.0040076602583641275,0.02484797064071877,0.026869344053699815,,-0.018585847565241165,,,0.015735598260813752,0.028161334141686967,0.09995631765041908,-0.0595129706217515,,-0.003896087036624766,0.015633171032255595,0.06634736610722813,,0.028347921652410703,0.026958195775822813,,,,,,,,,,-0.0038046543785534227,0.040862183217442755,0.0015952474059339945,-0.001315303250270784,0.034528339553311006,0.011087540464667209,0.08460076629489621,,0.015349195673432127,-0.014771919821436906,0.005727732612449194,0.03262798379395787,0.027689095057288646,-0.02589484677148001,0.08473078876100949,-0.009235157228171989,0.050512706591301304,0.0109360742480061,-0.015056610159024798,0.005850975487329722,-0.001716586740845804,0.02610761439845498,-0.03202867939010567,0.010759431668943149,0.014743127257266285,-0.049038426020333266,0.05879084438969102,-0.005506223891617349,,0.04934493796529121,0.01716006239267967,0.027161368204874425,0.01543078904153284,,,,,,,
2009-12-01,-0.08159449117011285,0.06634632545833163,0.0019655082968648672,,0.0645067044278961,0.015167194655859998,-0.006986258498729848,0.00843613093919578,0.007479239432183466,0.030206885736451156,0.007479239432183466,0.015270875615276453,-0.0017775300807384613,-0.0593969918605752,0.06852399467084763,0.055787526248609866,-0.04560492078094732,-0.0813107634474137,0.23690293891969882,0.027947804472351307,0.0558756610775291,0.0022227606232841607,0.03272725480695588,-0.037342583019859675,,0.00782453312116573,0.012812671855467419,0.15308622724573603,0.00259774936104822,0.0028550016874675133,0.004326925717702846,0.07256581328378155,0.0018938346786273323,-0.028039477506927733,-0.05783124779159229,0.005898954051045242,0.0662250811938612,0.040476214164648035,0.005258011077702274,,0.02845183467512217,,,0.0007787365170993266,0.002337231348742849,0.06521860938119708,,0.020159169450253325,0.004379391811022497,-0.00947446914308819,-0.0859867685426144,-0.0021233759078646357,0.002697265910612052,,-0.009171380849120368,,,-0.0719095246049883,0.12799262194201155,-0.11166390888628958,0.006727926808995791,,0.06668058222237304,0.0037471507468391447,0.014802579474157938,,0.02656458605240271,0.007479239432183466,,,,,,,,,,0.010383509340887857,0.008417888510529823,0.008792877248293883,-0.009843018372686363,0.02518969522639533,-0.005950470259384496,0.062061593626437817,,0.004920740949596204,0.03279711896174013,-0.002787324900781412,0.043020885397807344,0.030225007204196613,-0.004497542541741793,0.018172207398647004,0.0067948991640592975,0.07063395483065833,-0.010475259436869715,-0.0010871571971608346,-0.023082865580058436,0.05171694976808703,0.013770839411392378,-0.06594371781088189,0.01580034128623495,0.01131449463131869,0.03855185741146053,0.06610158167769742,0.0028550016874675133,,0.02618881774008969,-0.000412681469846853,-0.0013707824663424302,0.0037471507468391447,0.04819265842019662,,,,,,
2010-03-01,0.045806464015820725,0.007495710516064522,-0.011620569293263874,,0.023893536742297338,-0.0033616075931467214,-0.013738518731495146,-0.012398712494760083,-0.005392664544786149,0.0036269387267869554,-0.004663697351571394,-0.007145691774880738,-0.02473056493098464,-0.055281256357722915,0.022124088233084326,0.026923139063071165,-0.028969981078294946,-0.04649842386471863,0.15051653697913667,0.04030042312641267,0.002695410371328069,-0.005930638134090418,0.0013626785689731344,0.003940368391578279,,-0.00777597240814163,0.004610732468637465,0.06504656139689569,-0.013481089458628973,-0.007383390345502756,-0.019426447393225455,0.013806976851894593,-0.021745491316249928,-0.07542689739326013,-0.051448489722897874,-0.008546142374663394,0.03316078016406347,0.026019279919227947,0.002431349911246837,,0.0007682504027475836,,,0.015512395902163252,-0.014664640842022854,0.014499076537699442,,0.007250431592826585,-0.006624450475903632,-0.015823641220285484,-0.06916327497838026,-0.01923576845857643,-0.0079614417337043,,-0.009175669207363974,,,-0.02290220819058212,0.04615987685162464,0.037193325646356794,-0.0369438465268993,,0.09703298354495675,-0.006374348620009228,-0.06745846348280034,,0.02935709362074619,-0.007464847859556442,,,,,,,,,,-0.04944346122829102,0.002292842807036603,0.0016244435089304812,-0.011945401847107592,0.027276219595951723,-0.00892466846473897,0.028131305619373527,,0.007761433715422667,-0.0558717226327561,-0.00020081422633822803,0.024947653474238746,0.009292275674205996,-0.057312553572723954,0.004147613484077356,-0.16064351105302546,-0.007816340996227453,-0.07959937339382162,-0.04594914420591822,-0.03546587535883756,-0.006453274290163447,-0.002199109991655917,-0.032405667476490485,0.022720708502783238,0.0019427754739705914,0.034213072400661876,0.029039467674050665,0.02647575947647794,,0.0655296190782279,-0.007808824943584653,0.0022483467625038197,-0.007756115754356943,-0.00670665604414901,0.07771153553567979,,,,,
2010-06-01,0.04679418167619753,0.059712522173618734,-0.012061108856771889,,0.032703854193618966,0.008056002585881157,-0.033011357708707605,-0.05995632433787129,-0.03424170717251742,-0.005137391923208069,-0.026456692575556263,0.00014528487965815494,-0.02604294776706255,-0.01245535858946801,0.044995094174418895,0.05341509512619968,0.0087586649098085,-0.04508051299535537,0.09403428193971203,0.0050350064982717735,0.01572509786509935,-0.005807552477679575,0.006274652205030529,-0.0021790947517619907,,-0.020217579842812805,-0.06516045004255842,0.017797568071314766,-0.007827759252306481,-0.003018522642401389,-0.01979230747338274,0.00580764953356245,-0.009228645007382883,-0.05524413879727471,-0.03104968721600767,0.02038178662589675,0.028665963878493968,-0.024949323203803716,-0.00824388287098533,,-0.0046923303300964855,,,-0.010765735022027673,-0.011764112504461906,0.013902782638374633,,0.013494312949035765,-0.007791469649493636,-0.021693600354102408,-0.04580350251503354,-0.03478537233083989,-0.009711532635604156,,-0.032620249324282966,,,-0.007298929478362631,0.07366921488824686,0.03721014623404592,0.028100349103896125,,0.08980436701891588,-0.0094835409861408,-0.01170039399568188,,0.005577633975771939,,,,,,,,,,,-0.057477066618901416,-0.003561516169762174,-0.010380086711538478,-0.05678727691715528,-0.0017584959103200631,-0.03518510769532028,-0.005240962839210032,,-0.04020006390147733,-0.037629746339051674,0.004708933385578905,0.03854449540316215,-0.024036372301181087,-0.009608875208740026,-0.008309729573710692,0.023651039211944513,0.04878491529350246,-0.10474748014828687,-0.019351596529014928,-0.024901851082138413,-0.03589453821628287,-0.0022154709485141806,,0.01024849224222069,-0.007814206130771956,0.023504170124500505,-0.03232479724801888,0.013685442512463977,,0.05653672710934433,-0.0018296099157899459,-0.007938751003718863,-0.00878969736195653,0.028235764746232694,0.06634942355332821,,,,,
2010-09-01,-0.12895613363957845,-0.004111158667638103,-0.012295159982055725,,0.017515340568478827,0.0007596128515943747,-0.011082782688607518,0.005673998750798968,-0.010527648385130163,-0.0014799289132996943,-0.010527648385130163,-0.007975283417501804,-0.016724686489889083,-0.012435776728114873,0.01750792066952407,0.0315905445926691,-0.009122323040110685,-0.012391394608846772,0.12101525946574046,0.023410153601693528,0.0011644070332619875,-0.007975283417501804,0.007070305996169401,0.0002043396428339079,,-0.012150990963744938,-0.009600174280638906,0.01380372396255939,0.002390919807336167,-0.008486035601711055,0.01005743641147228,-0.005745399793261865,-0.010863334595076907,-0.04641311241588157,0.019765771820057,-0.005542984054616919,0.022091773872131387,0.007637928185710179,-0.008597930197078711,,-0.0027387588599606777,,,0.02349873263552475,-0.012514608075586336,-0.0038540698190709303,,0.0011644070332619875,-0.011003951341136055,-0.012435776728114873,0.006699530145478401,-0.017742736953350505,0.002754536919177568,,-0.011003951341136055,,,-0.00434251998359371,-0.0007673864359746718,0.007637928185710179,0.008934258728767807,,0.04633545957131384,-0.011082782688607518,0.010227448894042356,,0.022284560390787928,,,,,,,,,,,0.0016211149917507903,-0.008597930197078711,-0.011211240641694003,-0.011211240641694003,0.0007596128515943747,-0.01113240929422254,0.005856267078093255,,-0.016662643220782057,-0.0664085027153907,0.00028317099030537114,0.03752526699870057,-0.009350225634458581,-0.011082782688607518,-0.011082782688607518,0.006635477593268189,0.007496637489621638,-0.06407903168516449,-0.0065434580305229915,-0.04477011315031371,-0.01799775685022999,-0.01113240929422254,,0.014868775448280353,-0.008597930197078711,0.018082962758019606,-0.024513238969698776,0.0071190905027444015,,0.006620630977132492,0.00028317099030537114,-0.01002975558405753,-0.011082782688607518,0.00016361168100841373,0.002810280086599975,,,,,
2010-12-01,-0.15661358025216282,0.003596194148678037,0.001417793603730318,,0.035141232679076644,0.01802066021867114,-0.0006431028364774256,-0.005848312111021244,0.03220393067631541,0.027973302618874644,0.019227840738461035,0.02303769850738064,-0.011773033170284322,-0.005496173680855696,0.06466266733340072,0.03730233799035279,-0.001109799591644865,-0.11161373221920314,0.16022343298290195,0.029061830724350042,0.041870272507075965,-4.8492602558751724e-05,0.014195241102254987,0.04273863801312361,,0.010249547629426476,0.022068690973774577,0.05450239665701455,-0.006035645058469989,-0.004784761001806418,0.04661522267916946,0.03424357714710293,0.05426558987806721,0.029561063913419523,0.04903456043986738,0.00532187871897605,0.037615573812557396,0.06550816538292027,0.019107165235351175,,-0.02626331716051732,,,0.004047310631388604,0.0009185656413930888,0.004682239184220517,,0.026283996805192777,-0.0012560771439539065,-0.0012497773848276909,0.13204701559371954,-0.05415106461724926,0.0004029794103689488,,-0.030350236492671146,,,-0.15068413162450006,0.021759787219141253,0.0791638219294931,0.05947206563924779,,0.16357247850610937,-0.002182341523629313,0.01620651658932,,0.005362461161684634,,,,,,,,,,,0.0174682316442576,0.029872386483102524,-0.0329725479747896,-0.07369988860483943,0.019708637472893885,-0.009549222675950994,0.03449039003946848,,0.011554568147556349,-0.15345060411277037,-0.00014065440557097154,-0.00279299697137754,0.04848906898293512,0.010434622782791775,0.003433433732646865,0.014384613963594525,0.050632415631853736,-0.09361807653909612,0.011392067230129024,-0.10534895929344103,-0.03966991510192512,-0.003604161670451763,,0.03108011692271183,0.014346832263296637,0.06743497446641554,-0.06402430388850419,0.04575866345400188,,0.015625199718557605,-0.003029339028885207,0.02131276245598735,-0.01691677749116869,0.024549813696853554,0.07140435776777743,0.07870882148656055,,,,
2011-03-01,0.05740181848030354,-0.004464946554781503,-0.01835665853175403,,0.019377123487359538,0.012491186254937137,-0.017165728362367155,-0.017584341415350375,-0.008949803967971364,0.027471058539048108,0.00991042655228179,0.031712645809071224,-0.019527492783725217,-0.010633900189056772,0.021174270929957214,0.019562812389041416,-0.0099914943805608,-0.1915699545810004,0.01667839198473622,-0.010629720352467478,0.020994750440940776,-0.025979595507867822,0.012491186254937137,0.009265730126077011,,-0.0016093211166176822,0.01492255861110316,0.05014434556388694,-0.014128665944147275,-0.005759714708053671,-0.004773256238823113,0.004053611253509953,0.07568141234699861,0.03394539472199063,-0.18430388451921184,-0.0099914943805608,0.03296313701809607,0.057619696691364755,-0.06450841994009486,,-0.012814132145747578,,,-0.004077127781254443,-0.005265065260933584,-0.002186857294898643,,0.019562812389041416,-0.005335762457841906,-0.027207910039751,0.05773689481249921,-0.0792820450279574,-0.004077127781254443,,-0.004957384976819412,,,-0.10652959276099427,-0.0689984902793314,0.0574137807669152,0.04338220776207779,,0.061982926074190585,-0.004693356649345933,0.020248391863724284,,-0.05441865569613933,,,,,,,,,,,0.003966925610166487,0.0030829574339913354,-0.06670041963288176,-0.1024984887522412,0.02014907725537443,-0.035412700062154884,-0.008488045165161039,,-0.057950369028790326,-0.26367264703783255,-0.004077127781254443,0.05991238639724296,-0.24134306920176135,-0.007323363644741432,-0.00821429934484091,-0.01740488257194823,0.04637478406079163,-0.09188051329161688,-0.012442291932447655,-0.06159000539499989,-0.019734796201636182,-0.02424286019648347,,0.01882263689119342,-0.008563859369004626,0.03636806998070692,-0.04972036034704991,0.09393284022463853,,-0.023380560037166348,-0.005759714708053671,0.006972609036257902,-0.008848676477283436,0.04301385728262657,0.034762996187902885,-0.015503258181203747,,,,
2011-06-01,0.06108532168204099,-0.008209859037800303,0.0064259545674360714,,0.030484920760215473,0.01340829034544913,-0.057549237744743784,-0.01269054855984006,0.002186195801887735,0.008348283084638138,-0.004711726862292382,0.047387149285496914,-0.010533230575906674,-0.02039409096898725,0.017454817264679134,0.014166495075769232,-0.0018031007601616328,0.005496637592547282,0.07477154699714701,0.05325628197557035,0.0037617437087822518,0.012006664849962493,0.0037617437087822518,-0.00194209857061293,,0.005217461446407925,-4.278128738541517e-05,,0.008083385879307507,0.006082704891175453,0.001184238864165309,-0.03699605140775328,0.057962069346216616,-0.07356085305613122,-5.7671577462272035e-05,8.38640838831439e-05,0.03283934798021512,0.030217929617232627,-0.01632756153808388,,-4.405342900728424e-06,,,0.013784058511231238,0.02224230568921331,0.00035832614692129464,,0.03079870316620884,-0.004141266611555505,-0.040006704852558334,-0.015387921757905824,-0.09983454355027524,0.0017672613086256136,,,,,0.014488207994521607,0.017301911824771758,0.06731086725918661,0.06700382965705004,,0.11484714574897188,-0.002099362040902646,0.00035832614692129464,,0.008993421894041247,,,,,,,,,,,0.011227547214364735,0.0026570463174474934,-0.0589797272514433,-0.15396052421266643,0.011751847567348843,-0.08693438296249298,-0.021575811547125272,,-0.00021432629633901177,-0.2736938122436999,0.002556147552785778,0.10278767545241053,-0.0319705317162789,0.00490831589246915,-0.020162483400742576,0.016678666914378314,0.03801674906066905,-0.12578350934473642,-0.02683056073051185,-0.10547221526093987,-0.03513578373224636,-0.003507630103120832,,0.03358350502954302,-0.013395934921405384,0.04143478153703084,-0.07720772943596935,0.05640980001121574,,-0.07744450863023213,-0.07714588753599201,0.004181800255627666,-0.11320426074816785,0.037590971118943946,-0.01859395248157821,0.011267732531519685,,,,
2011-09-01,0.052665443938957085,-0.007638411741831332,-0.009028065554338344,,0.02722666729097296,0.015226158092675258,-0.007777691145702487,-0.17768871587567628,-0.003412244550917444,-0.006179939617999052,-0.014477188913323093,0.01659747234331556,-0.017052969345614507,-0.014236860086450217,0.04705305594832474,0.05417239345165397,-0.005678803021592171,-0.05836765132802205,-0.012793141696241728,0.05210033291916654,0.012275728631269444,-0.009494637980936598,-0.003698176286667951,-0.012281105315441845,,-0.013299268341171351,-0.0049995651449688166,,-0.013412992132092107,-0.00565419228322973,-0.03236001969041023,-0.06359603872961306,0.16330856700097837,-0.033910383354511,-0.00020254846989874287,0.0005391020221480134,0.02764475311962486,0.011251028889394823,-0.09889790929269553,,-0.010228421637420444,,,0.010165114032904191,0.06322320074187597,-0.005990660873866307,,0.023256268697944258,-0.009506509504461733,-0.01531986405461909,0.024714091161282495,-0.040326557636224517,-0.00433823831255854,,,,,0.002614123740605498,-0.003997292665549694,0.023697648437819557,-0.010121400325409834,,0.11781907087477077,-0.023754940850043885,-0.011619733994529178,,0.018225791595467424,,,,,,,,,,,0.019142225321337022,0.010272578006591256,-0.08657077167048585,-0.09459784340885463,0.006780252484610191,-0.06467703106072971,-0.017820849523144583,,0.008294230787002602,-0.2705972453566055,-0.010463384716564316,0.04430945667019265,0.03730421602126448,0.044306642098060345,-0.01557306604499516,0.019219168282448334,0.025752807220729014,-0.1288865748547411,-0.015702585494860512,-0.0680759764748395,-0.011357306317909387,-0.007573834934920085,,0.025312031312895226,-0.011406648020815922,0.009015324190517232,-0.2964732716040377,0.02944087046045559,,-0.09617097478143159,-0.08657501333700024,-0.008670971538882341,-0.14400168652429332,0.03792639185935427,0.0038149530564279585,0.004316520368650917,-0.159498141156911,,,
2011-12-01,0.07225576414686617,0.0006338964983521187,-0.0012014015545140607,,0.029225269081164993,0.027166695348699466,0.004364939196954486,0.03982385383916712,0.007993502560514131,0.030189123957190034,-0.0018362133149440079,0.03842538645994535,-0.2927473289105704,-0.003041879476554534,0.09227264711331223,0.08072451419690696,0.0033042185230525677,0.00017943614473897178,0.018577139141593008,0.05768039500793052,0.09255538704820725,0.003361902091930536,-0.07085757191157166,0.0024228086511268662,,0.003984503957739054,0.01074552550783458,,0.0015214241698900636,0.006002280483319581,0.006835318217936848,0.0017377026329037472,0.0666110148192651,0.022139994560082383,0.02597439951812732,0.005318291121187279,0.055847308229536555,0.02523874951481341,0.0016432568867604544,,0.02724341184566013,,,0.0090413791371481,0.085663984211218,0.01609553221879378,,0.07889683560830196,-0.01455861199892871,0.027397915805449008,0.032600334159444945,-0.006441319509868888,0.003488558293080645,,,,,-0.20583381327068348,0.08563716715366204,0.05450118962278583,0.04007758607196469,,0.09409504092198295,0.0031382306384744115,-0.007378193895709848,,0.024267740363134484,,,,,,,,,,,0.05231830372904967,0.009312710783765825,-0.000712013388011516,-0.02586463957637814,0.027861458095372535,-0.015511815785124151,-0.020965358567212794,,0.037663943836987804,-0.20391186640717712,0.0010115514342142712,0.037793379470398014,0.10927009022195142,0.004188206218442487,0.002471658256688138,0.03127903585365888,0.124594114574812,-0.01341194479310168,-0.006766893258368497,-0.1543174530820732,0.0027687621062320576,-0.0011163403032371155,,0.009996502598123895,-0.014328589335465288,0.03144648817427476,-0.187324689577081,0.09160666487374364,,-0.02211629798849255,-0.00158804520106964,0.005815129009387418,-0.024626064470028117,0.0852212278647578,0.07221456448424962,0.0006328068223975528,-0.2048684726693531,,,
2012-03-01,0.06536745157510765,0.04007374415710095,0.01604388333269263,,0.02474926253960158,0.009541740736943019,0.012275808419578317,0.025086495155588587,-0.03277726947086945,0.044354536608710124,0.01288950203007148,0.0242288501050012,-0.42059910178651033,0.006089158195359376,0.07206346077770727,-0.03263582866735562,0.013233729450664564,0.005020622057157705,0.020216831094078458,0.03332999463940841,0.06814028830129547,0.016574929067333485,0.01452091874895087,0.01512373508409101,,0.05256197029071907,0.027712791300678014,,0.013713077771240267,0.01976557439957494,0.042428900431469324,0.012294730922343051,0.1579110602011363,0.07884352070199216,0.01905308397641305,0.04117595205594052,0.0457480075128963,-0.025160928421385387,0.014753458399184271,,0.01591397658150438,,,0.019311184027725158,0.057804830525314245,0.009887892587932788,,0.08664678476786121,0.0024661098694520934,0.03278582257775252,0.15761392046085337,0.0020727563279201184,0.01462726394798143,,,,,-0.027464378928961638,0.052385076474500324,0.0318911654740128,0.1197694479332565,,0.13528090442298532,0.017116868172907324,0.02802929040113513,,0.026854519622348944,,,,,,,,,,,0.20086570415026286,0.016215430503754125,0.0031648901557860985,-0.0008404078823273612,0.03474453374049225,-0.021853660788475504,-0.02415404732347016,,0.05204170583144927,-0.12216058398461463,-0.04666613769802907,-0.012928528638938543,0.1053951502131339,0.0599475084115966,0.01481098428675383,0.04301956057833443,0.12095175429146098,-0.027245212061975235,0.01632525280677529,-0.055504113912898084,0.009199773648840517,0.005149889525153288,,0.06682853847239134,0.007830894535928796,0.016361097192454495,-0.20535744503854894,0.025545586540671905,,-0.00904317953979652,0.011175344336898206,0.013990694637591176,0.005826345883410426,0.06260770013909993,0.12754954226604948,-0.04791037259484562,-0.14555730796258304,,,
2012-06-01,-0.009327404281848105,0.004918279859575087,0.013879553751752108,,0.014547978814593732,0.029966536907912157,0.013879553751752108,0.008375693502870754,-0.018452028038712383,0.029966536907912157,0.013879553751752108,0.01523860812160221,-0.013963458056725957,0.012632031410202572,0.053857669299156495,0.12216594167833081,0.013879553751752108,0.007069904502894242,0.061283116353802784,0.04469335988196923,0.005843548915998152,0.013311282834748788,0.013879553751752108,0.013311282834748788,,0.013879553751752108,0.013879553751752108,,0.013879553751752108,0.013879553751752108,0.006286219027498821,0.013879553751752108,0.1666913358708032,0.032364201899239754,0.021520294420303773,0.005711472025128786,0.028866283500931247,0.016252680236602545,0.013879553751752108,,0.0051825504326550665,,,0.013879553751752108,0.020054585812633367,0.013067956236296398,,0.015137661825672655,0.0057298773750307916,0.004532686565976162,0.07373292968118227,0.007304972122711781,0.013067956236296398,,,,,0.010889535035318471,0.014268660417966348,0.02555604878436036,0.01523860812160221,,0.04574171532853679,0.013879553751752108,-0.04245826626974959,,0.013879553751752108,,,,,,,,,,,0.02826207704822422,0.013879553751752108,0.013879553751752108,-0.008250001017086941,0.021455655526617524,-0.005011373992664939,-0.06880714486144877,,0.022342346167954427,-0.000355618390920952,-0.027414906788586164,-0.0038238561861189016,0.1102988429947179,0.006868457096496043,0.013879553751752108,0.019928457864030268,0.06538541622153225,0.0001750913405171914,0.008350492295803428,-0.012786812225034012,0.0009103462457175507,0.012632031410202572,,0.024599488468670612,0.012632031410202572,0.013879553751752108,-0.089685341894256,0.003949254997930268,,0.04118266689721868,0.0033900120279654737,0.013879553751752108,0.006501633585890921,0.07050471999483673,0.04230843856436665,0.008734817525615165,-0.05701109167078689,-0.051546848497647395,0.013879553751752108,
2012-09-01,0.08137134379353614,0.00944245294943779,0.010305555082424018,,0.016613587304440822,0.03708769249382427,0.012210652090566449,0.02042125853648531,0.0149472241746777,0.023732441184245362,-0.039483806852027264,0.0007812723890942726,-0.1156103895734647,0.009301998784505418,0.05052464272867326,0.1314214372279823,0.014002592459558105,0.004115560814543287,-0.08148868549089475,0.1285414925369907,0.041134575351175394,0.01497308723421079,0.015033978819210241,-0.004271957716643262,,0.014332447514787112,0.025067139511603873,,-0.08230973963229733,0.016430750921992174,-0.0026047087284051724,-8.466633249003597e-05,0.325244165467727,0.09177527343950476,0.03393448808618295,0.015033978819210241,0.029918144290596978,0.04124888200245254,0.0015087993890694432,,0.013952490776775095,,,0.02417613023596339,0.014937356195946357,0.013916378700373343,,0.039780856512363925,-0.0019037806788023291,0.005629079579264694,0.12600575488385632,0.004115560814543287,0.01497308723421079,,,,,-0.047606433922818304,0.02073589861739593,0.03917754825229054,0.0008674861482790326,,0.10916944150297592,0.013916378700373343,0.014684423371377126,,0.03785434768536102,,,,,,,,,,,0.1810488718340231,0.015033978819210241,0.015410215364137884,-0.000349557297141465,0.03631653635344512,0.0029800862902749077,0.006011874279100195,,0.06631944678497853,-0.02430784473288421,-0.10721184638457693,0.10630551219304255,0.18594106532346236,0.014841656365490804,0.01385548711537389,-0.03321357408995458,0.046882157378435874,0.0031673288640946683,0.0313848884874419,-0.013381792617073732,-0.016305695959461762,0.009301998784505418,,0.025608541754646108,0.009301998784505418,0.014002592459558105,-0.13067821167298962,0.013031738578044792,-0.14271867087779933,0.05100209671703808,0.009301998784505418,0.01385548711537389,-1.4385946843645903e-05,0.052891357033897725,0.05413600424266647,-0.005961195020654768,-0.11345412403851507,0.13874354346518067,-0.015618832914477332,
2012-12-01,0.030996562061283775,0.003686317329885566,0.003686317329885566,,0.003686317329885566,0.028805812940141153,-0.0056117165152697115,-0.047250038380199005,0.003686317329885566,0.013566884824029258,0.001558324670924234,0.003686317329885566,0.003686317329885566,0.003686317329885566,0.021619408993162358,0.0390066025807171,0.003686317329885566,0.003686317329885566,,0.061348089290616505,0.013572924638591074,0.003686317329885566,0.003686317329885566,0.002829776222484678,,0.003686317329885566,0.003686317329885566,,0.003686317329885566,0.003686317329885566,-0.0024294007888621552,0.0035244552815305663,0.003686317329885566,0.038078318504556424,0.013689246566537881,0.003686317329885566,0.013689246566537881,0.013689246566537881,0.003686317329885566,,0.009119062356604793,,,-0.009389914371307836,0.003686317329885566,0.003686317329885566,,0.023975310624296895,0.003686317329885566,-0.0037083720864594587,0.021193584335387188,0.003686317329885566,-0.005914489438465344,,,,,0.01401017184430436,0.0014976157708073276,0.013566884824029258,0.003686317329885566,,0.021297664568975846,0.003686317329885566,0.005700748309785973,,0.013911155877811643,,,,,,,,,,,-0.0630092384806663,-0.005424257485991383,0.003686317329885566,-0.01357247218328727,0.01108366811191273,-0.004990776604815941,0.016544622443619816,,0.014730293871974484,-0.07696742939486974,-0.038699073813617806,0.06411175905108125,0.09137845705734232,0.003686317329885566,0.003686317329885566,0.013572924638591074,0.021313911473488257,-0.0045324780763906555,-0.007957715988272192,-0.011618841904351989,0.0035244552815305663,0.003686317329885566,,0.0211228212078404,0.003686317329885566,0.003686317329885566,0.019454329174109008,0.003686317329885566,-0.03339209824391351,0.0025199717339768253,0.003686317329885566,0.003686317329885566,0.003686317329885566,0.021619408993162358,0.020886163179834813,0.003686317329885566,-0.07696742939486974,0.08426725779729885,0.003686317329885566,
2013-03-01,0.12438501239025863,0.00030532373605772625,-0.0018440933201657678,,0.010802769071411086,0.011075439418381164,-0.006410064217063792,0.009866148441449533,0.0009321056205835668,0.026114365538532806,0.0037678241517311154,0.03672928302245084,-0.03631849492954956,0.0009321056205835668,0.02940526413865262,0.0038142393186020402,0.00505813846154862,0.0009321056205835668,,0.14899207768785727,0.042019597095469124,0.0020732629102216626,0.00505813846154862,-0.021561695297403108,,-0.007473469823819983,0.008837787203259857,,0.006655335178635495,0.0029803204662676363,0.0029803204662676363,0.0009321056205835668,0.15100023823316422,,0.03093996252120478,0.0056152634254573435,0.021558465160294336,0.021020618754239103,0.0009321056205835668,,0.00505813846154862,,,0.006655335178635495,0.004511838664081746,-0.0021972395144187877,,-0.0688480285005892,-0.0026933051242228286,0.004170363777434798,-0.01939075342159848,0.0009321056205835668,0.0032990688047154215,,,,,-0.017301626582967838,-0.003288513671689247,-0.006391321290090893,0.030984652412588378,,0.03749138137034011,0.006655335178635495,0.010518314454472447,,0.02358620143925642,,,,,,,,,,,0.03562478450518269,0.0060024873039764386,0.006604987821560843,-0.0018440933201657678,0.018293796251571185,-0.023070226610457555,0.014700476032384795,,0.03457493090342588,-0.027081915014414884,-0.024045222126818536,-0.008485962780420377,0.11734708147850192,0.024399271956336642,0.0009321056205835668,-0.00443552565763017,0.02690881440032706,-0.0018440933201657678,0.030598243214146413,-0.017301626582967838,-0.005469504064972162,0.0009321056205835668,,0.014026549198516217,0.0009321056205835668,0.0033333147902742657,-0.06957349429097397,-0.014942621541865535,-0.05192405287280547,0.027980115048658393,-0.0018440933201657678,0.0009321056205835668,-0.0018440933201657678,0.025032901466312152,0.027847752534912992,-0.00974018438925146,-0.11002081559532836,0.10478897997019607,0.00505813846154862,
2013-06-01,-0.008096495874128551,0.013929524481966944,0.0037827391967172404,,0.029146404323548758,0.01617298752042874,-0.01116705444661898,-0.1326660130569754,0.003961814348997861,0.017231250161210937,0.015360068571029806,0.05403094587016075,-0.02392201229303932,0.004514195380236047,0.03304163191474776,-0.010763831686142504,0.015180993418749188,0.0037827391967172404,,0.010842749343110605,0.050963511853127266,0.019444307662366496,0.015518311700445061,-0.005823058183926318,,0.05323680158467903,-0.006017641466396445,,0.033217188088299834,0.004514195380236047,0.01390859706483032,-0.0017726527620247077,0.20559566687173295,,0.19090140132841943,0.01472073940577093,0.022781304000750593,0.01594718429407726,0.01335621603359213,,0.013756643494853716,,,0.015912449602267995,0.01983844556418943,0.0026367969127561453,,0.03094227783485706,0.004222411379111485,0.01983844556418943,0.1042286447862454,0.003961814348997861,0.0037827391967172404,,,,,0.004027873020038205,0.013756643494853716,0.012858013721946221,0.11207759441360615,,0.005882641901906257,0.015518311700445061,-0.004610692056628762,,0.02124362198541232,,,,,,,,,,,-0.0059094367075767954,0.009732157692105576,0.003961814348997861,-0.015217459868520586,0.01594718429407726,-0.01648439566626891,0.018751687002709953,,0.047908931814013116,-0.041978686795010475,-0.04164175128933375,0.015160473263290314,0.08703425171578057,0.019444307662366496,0.0037827391967172404,-0.020875282182846202,0.08034555358435277,0.003961814348997861,0.01360310864900024,-0.015217459868520586,0.004222411379111485,0.0037827391967172404,,0.01594718429407726,0.01335621603359213,0.003961814348997861,0.015821113044848324,0.014747947381880023,-0.04714397119345584,0.009732157692105576,0.0038850930974156095,0.003961814348997861,-0.01116705444661898,0.03304163191474776,0.03339959097198378,0.020254743355939183,-0.09107033364818919,0.10061010230269013,0.014266842763662817,
2013-09-01,0.023375189480351628,0.015669431109104123,0.01071495875698011,,0.017732551747256776,0.0164084140411248,0.005601535794385767,0.010976174152877074,0.01071495875698011,0.017991720464374777,0.0181111979050473,0.010865489360244644,0.01071495875698011,0.01071495875698011,0.030661410073386793,0.054127688914173994,0.015345486641248735,0.01071495875698011,,0.07987667842196171,0.011244135518035218,0.01071495875698011,0.015669431109104123,0.005601535794385767,,0.022147698192526558,0.01071495875698011,,0.01071495875698011,0.02244636612493385,0.01071495875698011,0.00429452794200301,0.08758709985730982,,0.023000470517623113,0.04243457703718599,0.018850180837068003,0.01684787720381703,0.01197848898493757,,0.015669431109104123,,,0.0181111979050473,0.01071495875698011,0.015669431109104123,,0.03164909821749516,0.01071495875698011,0.013339079814882146,0.05534901650871552,0.01071495875698011,0.01071495875698011,,,,,0.016291003465695977,0.015669431109104123,0.016859705519962312,0.017732551747256776,0.011244135518035218,0.04132125553447607,0.015669431109104123,0.01684787720381703,,0.021671216691309912,,,,,,,,,,,-0.019810942732339073,0.01071495875698011,0.01197848898493757,-0.001624427286287042,0.018280153914950147,-0.001624427286287042,0.025244405844790534,,0.030661410073386793,0.008929680919789068,0.015669431109104123,0.017830562912996985,0.011598894244172165,0.016048792428902288,0.01071495875698011,0.015401469743945986,0.03138927028585228,0.01071495875698011,0.015401469743945986,0.005601535794385767,-0.0019653666295246946,0.01071495875698011,,0.017830562912996985,0.01071495875698011,0.01071495875698011,0.005601535794385767,0.015669431109104123,0.0018759212377922043,-0.001624427286287042,0.01071495875698011,0.01071495875698011,0.01071495875698011,0.030661410073386793,0.030661410073386793,0.01071495875698011,-0.050250041593034304,0.007207480899837004,0.015345486641248735,
2013-12-01,0.028588354188814644,0.034082663108635114,0.020854531593507142,,0.02355187478323434,0.023808894760186165,0.021328913620122597,-0.006294471201311279,0.020854531593507142,0.01787162864187594,0.02355187478323434,0.022659377881487336,0.020854531593507142,0.020854531593507142,0.028588354188814644,0.028350021694203302,0.020854531593507142,0.020854531593507142,,0.042329781196450596,0.027462159681122575,0.020854531593507142,0.021798433728220528,0.021328913620122597,,0.020854531593507142,0.020854531593507142,,0.020854531593507142,0.020854531593507142,0.020854531593507142,0.021328913620122597,0.013418667503495855,,0.023808894760186165,0.022049388054862146,0.02355187478323434,0.01474052406727907,,,0.021798433728220528,,,0.02291033220812895,0.020854531593507142,0.020662360674151628,,0.022638867164707564,0.020854531593507142,0.020854531593507142,0.042814823160057684,0.020854531593507142,0.020854531593507142,,,,,0.014784037460217891,0.022659377881487336,0.0261579265497268,0.022659377881487336,0.019925253437455284,0.027959239152180508,0.021798433728220528,0.026783986286742056,,0.01804587748797738,,,,,,,,,,,0.024077049910634273,0.020854531593507142,0.020854531593507142,0.012647219171890201,0.023808894760186165,0.013902643464533432,0.012450628889815019,,0.028588354188814644,0.0024773629068826925,0.023445450356038164,0.02423356552840824,0.01881592146913337,0.022049388054862146,0.020854531593507142,0.02031773850536338,0.028588354188814644,0.020854531593507142,0.023489682041411775,0.021328913620122597,0.020854531593507142,0.020854531593507142,,0.023808894760186165,0.020854531593507142,0.020854531593507142,0.005966030685609948,0.01653007436551918,0.014784037460217891,0.020854531593507142,0.020854531593507142,0.020854531593507142,0.020854531593507142,0.028588354188814644,0.028588354188814644,0.020854531593507142,0.02841901833717793,0.02423356552840824,0.020854531593507142,
2014-03-01,0.012434214620105674,0.014426269045569736,0.015112442605293801,,0.021071104732759055,0.02081135633390108,0.02063829176206797,0.020299051504189407,0.015112442605293801,0.014334406279518952,0.017173558616485812,0.027035010085343234,0.015112442605293801,0.015112442605293801,0.03287272104080292,0.020289674409416984,,0.015112442605293801,,,0.02130436445607126,0.011973880854889988,0.015112442605293801,0.021868044180908625,,0.015112442605293801,0.01424698222658842,,0.015112442605293801,0.011973880854889988,0.011973880854889988,0.015112442605293801,0.023861392050022655,,0.025853873041447824,0.019437853459281514,0.024024876509262216,,,,0.015112442605293801,,,0.020289674409416984,0.02011087603708695,0.02063829176206797,,0.031133207914229775,0.012584873108234165,0.12666976808242691,0.01184116768519117,0.015112442605293801,0.015112442605293801,,,,,0.009436938303659426,0.02035368188158653,0.0008774257859586903,0.009739284863579074,0.019930040315594443,0.0679412389613798,0.022150420218438525,0.023167949397891154,,0.014760745224152973,,,,,,,,,,,0.01896514972257599,0.015112442605293801,0.013899905202373164,0.015112442605293801,0.020521473755443595,0.015112442605293801,0.013361910385490307,,0.006194917929735285,-0.009644948760527147,0.020219922894051928,0.02251210779696806,0.009739284863579074,0.014903754916531379,0.015112442605293801,0.008505580906099049,0.028961082889579354,0.015112442605293801,0.013898067248664504,0.02063829176206797,0.012584873108234165,0.015112442605293801,,0.023216390610726237,0.015112442605293801,0.015112442605293801,0.002898880338135739,0.00020345438611897373,0.005734835583142378,0.011593521286409924,0.012584873108234165,0.015112442605293801,0.015112442605293801,0.027641930504270603,0.034758261556648795,0.014772462804861433,-0.046522752224793566,0.049840248074689515,0.012584873108234165,
2014-06-01,0.044529742376623126,0.01332639956779712,0.01720794754630707,,0.026152844189884398,0.02141883388142866,0.01724447802879629,-0.05995052434348471,0.01724447802879629,0.021604356345629232,0.024029257850306983,0.014356431240935066,0.0228566907085556,0.01720794754630707,0.031418754604034746,0.023170976671304702,,0.01724447802879629,,,0.005286046929441354,0.01724447802879629,0.023170976671304702,0.02213722100950478,,0.01724447802879629,0.004145823678338335,,0.01724447802879629,0.01724447802879629,0.0228566907085556,0.0228566907085556,0.014356431240935066,,0.025559206601522538,0.02141883388142866,0.027713379877406907,,,,0.018121091854865993,,,0.02227711506043094,0.01724447802879629,0.01652500832974547,,0.030889556153595576,0.01332639956779712,0.019286382491744365,0.02209811640362281,0.01724447802879629,0.01720794754630707,,,,,0.01724447802879629,0.02141883388142866,0.024029257850306983,0.005383204635676493,0.023170976671304702,0.03161199438376678,0.017401622155815175,0.02298576330748374,,0.028209080018287796,,,,,,,,,,,-0.05764560916666973,0.01724447802879629,0.018121091854865993,0.01652500832974547,0.021125447277477546,0.015349008215351515,0.019630192131104687,,0.02197063395068171,0.002824888336521785,0.025788365904363418,0.014982016963615017,0.014356431240935066,0.020671178632673322,0.01720794754630707,0.024029257850306983,0.04147781888244037,0.01720794754630707,0.021125447277477546,0.01724447802879629,0.01652500832974547,0.01724447802879629,,0.03073612032367063,0.0228566907085556,0.01724447802879629,0.011097299313497488,0.015228247554553759,0.005973196409727019,0.014938275381828115,0.01332639956779712,0.01724447802879629,0.01724447802879629,0.03099183667433068,0.03098832579248811,0.0228566907085556,-0.059243472571194125,-0.0015716546393142105,0.01717889401173091,
2014-09-01,0.019235114178869014,0.012832535160822594,0.013214610758683418,,0.01634651827733196,0.016175431272697497,0.014019347397829807,-0.002375667912134503,0.014075162371351547,0.016101679382171587,0.015752010215007287,0.012762936915575125,0.015931761985958186,0.012832535160822594,0.0168046685377915,0.016334208643040117,,0.010472014004054788,,,0.016101679382171587,0.013214610758683418,0.016283107276989475,0.015931761985958186,,0.013270425732205158,0.009058219299209837,,0.013214610758683418,0.013214610758683418,0.014540571932260568,0.01637829681208017,0.012693104877875028,,0.012762936915575125,0.013214610758683418,0.016334208643040117,,,,0.014019347397829807,,0.019169854170513746,0.017915389687622765,0.013214610758683418,0.01237327584554773,,0.017896146630130394,0.011568539206401341,0.012832535160822594,0.022349057422247846,0.010472014004054788,0.013637271799968983,,,,,0.012693104877875028,0.016175431272697497,0.018434877158547556,0.013094416603365359,0.017510543844345007,0.002538786649350855,0.012832535160822594,0.012722101659519265,,0.016080866237319313,,,,,,,,,,,0.018167245248073314,0.014075162371351547,0.013214610758683418,0.014019347397829807,0.017026642118060115,0.012832535160822594,0.016219619932729728,,0.00787803186115726,0.015669247572313614,0.010089938406193964,0.007919810030215116,0.012693104877875028,0.010046879791712789,0.012832535160822594,0.018896927061752618,0.018400340079443675,0.013637271799968983,0.016101679382171587,0.014019347397829807,0.011568539206401341,0.014075162371351547,,0.017695501895542823,0.015727384169267795,0.010472014004054788,0.016184114755648384,0.011568539206401341,0.013946918601224411,0.008825942451772711,0.012832535160822594,0.014019347397829807,0.014019347397829807,0.008401602969424772,0.017621567277983585,0.015727384169267795,0.015571645114126852,0.017294874372525228,0.011568539206401341,
2014-12-01,0.018306408076009976,0.011328977989414221,0.011328977989414221,,0.015803508037188226,0.016496690300490724,0.013372912197965664,-0.011151664474237204,0.013372912197965664,0.016496690300490724,0.013372912197965664,0.013372912197965664,0.013372912197965664,0.011328977989414221,0.016496690300490724,0.013372912197965664,,0.013372912197965664,,,0.016496690300490724,0.011328977989414221,0.01707024142715037,0.013372912197965664,,0.013372912197965664,-0.0004735328456389391,,0.011328977989414221,0.011328977989414221,0.011328977989414221,0.013372912197965664,0.05472514899638201,,0.015229956910528577,0.016496690300490724,0.01707024142715037,,,,0.013372912197965664,0.01707024142715037,0.016550207460528252,0.016496690300490724,0.011328977989414221,0.015229956910528577,,0.016496690300490724,0.011328977989414221,0.011328977989414221,0.013325399050526335,0.013372912197965664,0.013372912197965664,,,,,0.05472514899638201,0.016496690300490724,0.02051179730001528,0.015229956910528577,0.01993824617335564,0.016550207460528252,0.016496690300490724,0.005774430374645352,,0.016496690300490724,,,,,,,,,,,0.023774728064397226,0.013372912197965664,0.011328977989414221,0.013372912197965664,0.016496690300490724,0.011328977989414221,0.05472514899638201,,0.005840804622600972,0.0019299239462201045,0.011328977989414221,0.016496690300490724,0.010716470066322726,0.011328977989414221,0.011328977989414221,0.016496690300490724,0.016550207460528252,0.013372912197965664,0.016496690300490724,0.013372912197965664,0.011328977989414221,0.013372912197965664,,0.016496690300490724,0.013372912197965664,0.013372912197965664,0.013372912197965664,0.011328977989414221,0.013372912197965664,-0.0004735328456389391,0.011328977989414221,0.013372912197965664,0.013372912197965664,0.016496690300490724,0.016550207460528252,0.013372912197965664,0.00917361646829415,0.016496690300490724,0.011328977989414221,
2015-03-01,0.03230855039567798,0.012829965695477617,0.011863651506054056,,0.01926926112100284,0.015134455891388445,-0.0095976800684766,0.009766998487461273,0.012148659714446324,0.01926926112100284,0.012829965695477617,0.012829965695477617,0.012354934531929814,-0.008813480787898802,0.021570943557130712,0.02145935978032976,,0.012829965695477617,,,0.017339472007695846,0.012829965695477617,0.012829965695477617,-0.018963471940393998,,0.012354934531929814,0.010889451437378218,,0.012829965695477617,0.012829965695477617,5.8083676948660254e-05,0.0017815350410257545,-0.039821292265850815,,0.015713311968677212,0.00928407785805381,0.01775363251551154,,,,0.011182345525022763,0.012829965695477617,0.018338832645825493,0.022998395289572596,0.012829965695477617,0.016056245837638577,,0.014245936433922366,0.013986512909630695,0.012829965695477617,-0.0028794650455462524,0.012354934531929814,0.011863651506054056,,,,,-0.0043587756324400045,0.024365780529398053,0.01471745611803262,0.017690055494975484,0.011863651506054056,0.021708531579265788,0.024761609315555256,-0.021811720953039633,,0.019324242463190016,,,,,,,,,,,0.027896408717558864,0.01549107297106571,0.012829965695477617,0.011863651506054056,,-0.0043587756324400045,0.027458334315312832,,0.027896408717558864,-0.029834495280120985,0.012829965695477617,0.018389363059526063,0.005494055761482487,0.012829965695477617,0.011863651506054056,0.01926926112100284,0.021708531579265788,0.012354934531929814,0.01643826411067783,-0.005188930488193047,0.011863651506054056,0.012354934531929814,,0.018014994404805078,0.012354934531929814,0.012829965695477617,0.013305206928599402,0.011863651506054056,0.005674447205174728,0.010889451437378218,0.012829965695477617,0.012829965695477617,0.012829965695477617,0.021570943557130712,0.02077259883451308,0.011966544805600558,-0.0026682915784274706,0.014245936433922366,0.011863651506054056,
2015-06-01,0.030505692538865592,0.012428657551316967,0.013954962760218362,,0.022875971756262065,0.01789481348478463,-0.007085305755662096,-0.005651292267295061,0.009314956397074525,0.01733635526960768,0.02084538241347458,0.12216959415828395,0.013024354359607969,0.015917912352719474,0.021285793229322086,0.025066287348133442,,0.01330647619791769,,,0.017181064853361717,0.01360610275420676,0.014201799562497761,-0.016648605563034477,,0.013024354359607969,0.013804157905788083,,0.014550659568509363,0.014550659568509363,0.013339844740678002,-0.005688932380823001,-0.03704038751661429,,0.01666095770948584,0.01330647619791769,0.017299116676493614,,,,-0.007085305755662096,0.014201799562497761,0.01837764047624192,0.022439714582983078,0.014550659568509363,0.016586665228308404,0.016586665228308404,0.016586665228308404,0.01204667165475119,0.014029255241395795,,0.012428657551316967,0.01360610275420676,,,,,0.013024354359607969,0.020536103188022806,0.018456843387276222,0.018811681403312054,0.01330647619791769,0.01081615942048457,0.018490276623268673,-0.019185982375168126,,0.01830285015426796,,,,,,,,,,,0.031157890086468933,0.01330647619791769,0.014550659568509363,-0.007085305755662096,,-0.016648605563034477,0.020547072523555893,,0.019659024354765253,0.026914926067642102,-0.026751967527231687,0.020621365004733334,0.005595846226324426,0.013380768679095123,0.01360610275420676,0.018048806717792895,0.020621365004733334,0.012428657551316967,0.017209515345641593,-0.03704038751661429,0.01360610275420676,0.013024354359607969,,0.016586665228308404,0.013024354359607969,0.014550659568509363,-0.03704038751661429,-0.008275127224147475,0.0021402375619343885,-0.0007686000474027859,0.013024354359607969,0.013024354359607969,-0.007085305755662096,0.021285793229322086,0.017299035846329188,0.01204667165475119,-0.00500624703480983,0.013481640999111194,0.01330647619791769,
2015-09-01,-0.004778466458465719,0.013459513205413574,0.015598240038646917,,0.024147615396176783,0.019122610031807458,0.005657117969196819,-0.0029767368933628206,0.015172200258812609,0.019844765149169958,0.022807717449219705,0.02643669821538258,0.013459513205413574,0.02914980727481969,0.022807717449219705,0.027412056559755905,,0.015172200258812609,,,0.019122610031807458,0.015598240038646917,0.015172200258812609,-0.024439245147584818,,0.013459513205413574,0.014701079073537493,,-0.0033202276215327318,0.015450168868128082,0.015598240038646917,0.0010240592469555325,-0.024439245147584818,,0.019400578641122938,0.015172200258812609,0.0216595225520229,,,,0.0011343779967159168,0.049085082439458846,0.02088396201272907,0.03181754292656285,0.015172200258812609,0.018393153529190378,0.019056386218683934,0.01672696852805317,0.018446506770637586,0.01587620864796238,,0.013459513205413574,0.015172200258812609,,,,,0.1254467290896785,0.019122610031807458,0.019844765149169958,0.027874339441808574,0.015172200258812609,0.021993121367607865,0.027317550885316413,-0.025659142239309415,,0.019122610031807458,,,,,,,,,,,0.021606187172612683,0.016726761813870367,0.005447255298585971,0.015172200258812609,,0.013459513205413574,0.021443994602561526,,0.0034734096762362877,0.03442189676844378,-0.03847706740968149,-0.01768512023530437,0.004845788260996498,0.015172200258812609,0.015598240038646917,0.02175238547308808,0.02088396201272907,0.013459513205413574,0.022235024993916358,-0.03847706740968149,0.015172200258812609,0.013459513205413574,,0.018393153529190378,0.013459513205413574,0.015598240038646917,0.013459513205413574,0.001412346606031399,0.013459513205413574,0.014701079073537493,0.013459513205413574,0.015598240038646917,0.015172200258812609,0.022807717449219705,0.019122610031807458,0.013459513205413574,0.0044991571561050344,0.01685779633009557,0.015172200258812609,
2015-12-01,0.02297426085217257,0.014545251255211394,0.016430207022927735,,0.02353939423772838,0.020116629810312304,0.007282801018742931,-0.0882747625294265,0.016430207022927735,0.020065302663280705,0.02353939423772838,0.028942636904201062,0.015252784808114928,0.012104675193461355,0.02353939423772838,0.021648750143620114,,0.004685592582044029,,,0.020116629810312304,0.016430207022927735,0.016430207022927735,-0.016241536648803588,,0.014545251255211394,0.0067446995958723895,,0.015317769484880471,0.015317769484880471,0.015317769484880471,0.0013366434878993006,-0.0028580888933390012,,0.020105745166773915,0.004550227048961156,0.023567013494298798,,,,0.01941972147067104,0.02740226465636711,0.026885318105403292,0.021672458034081295,0.015317769484880471,0.02016889695189554,0.020116629810312304,0.020116629810312304,0.014545251255211394,0.016430207022927735,,0.014545251255211394,0.016430207022927735,,,0.028502563252060888,,0.12608737895176278,0.020116629810312304,0.02719234208389043,0.021866225865405823,0.016430207022927735,0.027346399396049194,0.02512284171806779,-0.017242802020384695,,0.020092921919851122,,,,,,,,,,,0.06400162565378424,0.01696081403043888,0.015317769484880471,0.015317769484880471,,0.012876074945889316,0.02445972623898582,,0.0226939877480559,0.015125501519836292,-0.00393615487115693,-0.036270927645328535,0.004685592582044029,0.016430207022927735,0.016430207022927735,0.02353939423772838,0.023769118158807296,0.014545251255211394,0.021672458034081295,-0.016241536648803588,0.016430207022927735,0.014545251255211394,,0.019164058571311607,0.015252784808114928,-0.00393615487115693,0.015252784808114928,0.015317769484880471,0.012070899943281947,0.016430207022927735,0.014545251255211394,0.016430207022927735,0.020116629810312304,0.02353939423772838,0.020265321807366662,0.01110314586204732,0.0013366434878993006,0.02214750708927061,-0.0011889125840169195,
2016-03-01,-0.020100506173876525,0.01520306597394939,0.015515821517104357,,0.022938769210137336,0.01939505275731006,0.015519922358901693,-0.08353972705958405,0.022510633011984527,0.0195852231825009,0.040028692160372616,0.01652729194648405,0.014962990296583916,0.01607035370027568,0.026607325679051774,-0.005654672793722787,,0.004531700173107819,,,0.01939505275731006,0.01647823557263808,0.01609915574833124,-0.022486552641949677,,0.013569153065726999,0.012985818834500125,,0.01609915574833124,0.01652729194648405,0.015943957715257178,0.004531700173107819,-0.0022857925275185857,,0.01939505275731006,0.015515821517104357,0.022786707596222967,,,,0.015519922358901693,0.01939505275731006,0.028527194257304416,0.022077190104418637,0.01609915574833124,0.018966916559157252,0.01939505275731006,,0.02450278430241752,0.1353889591803925,,0.014862309189757535,0.015515821517104357,0.01986129776673934,,0.020479604390082985,0.02031239277591451,-0.022403335983703438,0.02189232638864088,0.020600228373070094,0.029292646536690163,0.01652729194648405,0.029302690623707266,0.025002599933902265,0.02693178366239164,,0.01986129776673934,,,,,,,,,,,,0.02116971609151922,0.022077190104418637,0.014774929775796574,,0.014155658031773983,0.03692838003590909,,-0.005654672793722787,0.0015456057286457943,0.011854051084574197,-0.024984693992671798,0.004531700173107819,,0.01652729194648405,0.022938769210137336,0.022163987279657946,0.014862309189757535,0.025002599933902265,0.018188967742968368,0.01609915574833124,0.014862309189757535,,0.01986129776673934,0.014962990296583916,0.015943957715257178,0.015679703263121948,-0.004684938597326726,0.014238874690020222,0.013569153065726999,0.014862309189757535,0.015943957715257178,0.018256540590114664,0.022510633011984527,0.018256540590114664,0.014862309189757535,,0.028047786322638834,0.014803209392363667,
2016-06-01,-0.05496474796099926,0.01865962291230421,0.01862290223865814,,0.028907843969175312,0.023060740491437207,0.019135494886958152,-0.054514520546464516,0.019135430771582886,-0.028813364197450397,0.04528731766731937,0.02527249683351847,0.01820337433662821,0.02701996194065459,0.026360485733070295,0.014693692676043446,,-0.012200144131514823,,,0.023060740491437207,0.01862290223865814,0.01862290223865814,-0.04253954699347825,,0.01878666655014833,0.01872845622843181,,0.01878666655014833,0.01878666655014833,0.01878666655014833,0.0011419630814763291,-0.003169497102988993,,0.023166294481210877,0.01862290223865814,0.023160504845674917,,,,0.021431351140005987,0.022840611272791304,0.023959003305517684,0.026085332455351766,0.01878666655014833,0.02251937658250936,0.028252229488494728,,0.019135494886958152,0.01878666655014833,,0.01820337433662821,0.01872845622843181,0.022612836780115164,,0.026149932729860506,0.021431351140005987,0.01820337433662821,0.026062535695177143,0.023560559718428457,0.025654313688638384,0.01872845622843181,0.015902761455897852,0.022921734553833895,0.023060740491437207,,0.023060740491437207,,,,,,,,,,,,0.0189045047660323,0.021497242322481944,0.013304795944427258,,0.016245133300015323,0.022840611272791304,,0.03129442555195751,0.023060740491437207,0.013014521390545092,-0.010944392394697066,0.01914469986310106,,0.01862290223865814,0.023009050525973938,0.023661053267624535,0.01820337433662821,0.023207236209629376,0.014674704385512456,0.01862290223865814,0.016245133300015323,,0.02287353378207689,0.01820337433662821,0.019135494886958152,0.014453746499657267,0.01273850268092824,0.03217078842728604,0.01878666655014833,0.016245133300015323,0.01878666655014833,0.021431351140005987,0.03284627365386203,0.023661053267624535,0.016245133300015323,,0.022906024533038413,0.01862290223865814,
2016-09-01,0.047911817554063936,0.01707559116395236,0.01707559116395236,,0.027974996049398425,0.022373089069338357,0.01707172757620779,-0.07134529116225519,0.0198141216370444,0.02545860902622045,0.041083062789287896,0.025025340909936293,0.01706556140229297,0.01707559116395236,0.025524461545430966,0.020432694184346307,,0.006507336331831532,,,0.02286734934382899,0.01707559116395236,0.01707559116395236,0.010796756358274586,,0.009371657357678193,0.009371657357678193,,0.01707559116395236,0.01707559116395236,0.01707559116395236,0.005217158239026066,0.01683456967321937,,0.023003469232620404,0.01707559116395236,0.024443387343476723,,,,0.019871164431297453,0.027448919105979276,0.025126225912623833,0.02503020127094033,0.01707559116395236,0.02178627514187475,0.027448919105979276,,0.0198141216370444,0.01707559116395236,,0.01706556140229297,0.011037777849007576,0.0216434589326042,,0.023824117431282675,0.02178627514187475,0.015922593404066498,-0.01986816914919809,0.02178627514187475,0.027572719177475724,0.01707559116395236,0.023439681611366926,0.022373089069338357,0.023108999645628143,,0.022373089069338357,,,,,,,,,,,,0.02010697340150181,0.023923916864451097,0.01706556140229297,,0.01706556140229297,0.023003469232620404,,0.027304465712425587,0.023108999645628143,0.009402933118256965,-0.02230800878689056,0.015922593404066498,,0.01707559116395236,0.023108999645628143,0.025126225912623833,0.01706556140229297,0.023108999645628143,0.01707559116395236,0.01707559116395236,0.01706556140229297,,0.02178627514187475,0.01706556140229297,0.02178627514187475,0.019863746278456225,0.01707559116395236,0.03168140192052542,0.0019492545607059973,0.01706556140229297,0.01707559116395236,0.023108999645628143,0.038004462073825566,0.02152204968055712,0.01707172757620779,,0.048649774260310696,0.01707559116395236,
2016-12-01,0.07146609919066423,0.002075722110544968,0.014397094927330097,,0.02544439610127124,0.02576189446329823,0.002096900115264816,-0.14890520428784196,-0.02162701506797732,0.025733570710624865,0.05773114898413151,0.015123397900143486,0.012633531276545748,0.0017463892673395185,0.025875472955650815,0.020337558936935556,,-0.0022183545468296385,,,0.024510521838707156,0.01449775107357709,0.01427723965579385,-0.021123561688698365,,-0.00421037516437462,0.012312585227503245,,0.013406013212666018,0.0136132107487461,0.011851217896407938,-0.009764788590026333,0.010216092952056563,,0.02441396764597763,0.01294491559104178,0.03109826460553322,,,,0.013641384190992456,0.022088013742989174,0.028718349279284825,0.022320420526010364,0.01434252875141975,0.019177722969398476,,,0.06667133413465583,0.015022741753896493,,0.008900498546978169,0.014591179825919126,0.017321249354266766,,0.025223884683488008,0.018415842821711107,0.015940226928826483,0.01998645379803779,0.027887269557809385,0.022707409972553095,0.014811691243702366,0.03418321784264329,0.021253891895731816,0.019808135612881837,,,,,,,,,,,,,,0.0008669413965013913,0.013752669470938672,0.012467417135252663,,0.010216092952056563,0.050908355272103925,,0.09491287946248474,0.022240216253989156,-0.022017030582531207,0.02233014084679736,0.014481773956441825,,0.014531353368246881,0.026365916542113278,0.030301319676357893,0.011463976189913181,0.022996599495962087,0.033878863673223465,0.013931429372833369,0.008937891590089083,,0.02163086678257966,0.013413769302921551,0.01363567259335678,0.008261598533878842,-0.027373121966582557,0.07090938764321483,0.012665116428709055,0.011501369233024096,0.014811691243702366,0.022203051285216664,0.06680429397903989,0.021593701813807167,-0.04662771300866969,,0.07082859650776895,0.01407207430763182,
2017-03-01,-0.0008898815027173877,0.020908710139982304,0.014231175572191513,,0.02327428422634116,0.01725756715527723,0.006002544341318013,-0.13646382920228034,-0.04230158055664438,0.02403213896213903,0.028469323499630796,0.01712098758189594,0.008798633712498706,0.017839199243796476,0.028584685871691298,0.028050117919091913,,-0.007105301751983706,,,0.020919731580403656,0.01712098758189594,0.014026246203637039,0.01033265810044691,,0.01448744232266943,0.01725756715527723,,0.014503293691969128,0.014503293691969128,0.014821522556403186,0.0027131663595881673,0.00966836668849781,,0.0242392763336065,0.014264105543744033,0.02640283557427059,,,,0.007663323927551817,0.017157472959236482,0.029516953422225788,0.02308740391505782,0.014026246203637039,0.015925138359490602,,,-0.08626054006132368,0.014010394834337341,,0.010088159686610136,0.013967853995342441,0.03967389140160923,,-0.03415334720692585,0.0370292772600911,-0.08035808594162609,0.02011221843665417,0.017157472959236482,0.015093520449046978,0.015782405134228406,0.029052169913977965,0.014503293691969128,0.02328464911586142,,,,,,,,,,,,,,,0.01712098758189594,0.011270685303240272,,0.00807193042970312,0.034691570714670016,,,0.02507493244068826,-0.015840714061172566,,0.022172326680239655,,0.014555630438609368,0.016382825138180568,0.025252888879407773,0.010487708865400978,0.0283874406708877,-0.030325245427470213,0.01407858295027728,0.010088159686610136,,0.02308186992870873,0.01117577358162766,0.017273418524576926,0.01255347170458927,-0.02825919450538216,0.008014396485322465,0.08673819820392553,0.01151480678597109,0.017010258626961098,0.028050117919091913,0.020813181145864654,0.03347389475688911,0.010763769841512507,,0.07049414236714573,0.01407858295027728,
2017-06-01,0.001913477559742275,0.00924293159375694,-0.03972890985589576,,0.015123374951629935,0.014369498016603309,-0.000747336669472126,-0.13179927710131178,-0.00023366299590990385,0.01657532674660313,0.07541604145009616,0.015123374951629935,0.009334396552983801,-0.0016241914791967202,0.02903877900697538,0.02479231899088063,,0.013040877237939142,,,0.017946614872605626,0.014468913273066075,0.014486867871412422,0.0058031775695964955,,0.00924293159375694,0.004565503285029139,,0.0137329909363858,0.014369498016603309,,-0.03706902448451244,-0.031111467041226484,,0.030481106389170856,0.0137329909363858,0.01776236054389784,,,,0.010943852430243529,0.0137329909363858,0.015857446107044478,0.014369498016603309,0.0137329909363858,0.006342394556160233,0.026729350303613474,,-0.08344268279212179,0.0137329909363858,,0.0025792351418310743,0.0137329909363858,0.006193234085946911,,-0.01956225634799495,0.02511526895924925,0.0015997509485686954,0.0137329909363858,0.01397559848861268,0.0071114569264347895,0.01598236608824312,0.005063905571664625,0.0137329909363858,0.01750790827867992,,,,,,,,,,,,,,,0.014369498016603309,-0.019725395236724296,,0.0023611932672216317,0.0218667300099758,,,0.0158507104680083,0.0137329909363858,,0.015847551716479037,,0.014369498016603309,0.018122920624151932,0.01871878837413534,0.009334396552983801,0.01750790827867992,-0.034274690608091046,0.0137329909363858,0.0025792351418310743,,0.006466564477023015,0.014560378232292935,0.015170825175579243,0.01805167515870537,-0.06981306113501905,-0.000747336669472126,0.06497573366113243,0.00924293159375694,0.012775585245247599,0.008587600502131481,0.01750790827867992,0.01953458143123542,0.009583916657832986,,0.018624781522421686,0.0137329909363858,
2017-09-01,-0.005317977886639497,0.013361625893269526,-0.03384859028713896,,0.014894603086035067,0.015009682382838585,-0.0095844855523933,-0.06559327711745717,0.011853378065266696,0.017749159221026663,0.025527106471866692,0.015629826224358084,0.013683097031959704,0.013409729156650233,0.024104551696719077,0.01912152003355764,,0.004325606944126745,,,0.022273910065551284,0.014894603086035067,0.014811588308142368,0.013871775347895594,,0.013294649859846715,0.018866801930447128,,0.015009682382838585,0.014894603086035067,,-0.005935799068191945,0.013294649859846715,,0.014894603086035067,0.014894603086035067,0.02458711999855146,,,,0.01435941682224784,0.01435941682224784,0.020741479414984974,0.018350721220572144,0.014894603086035067,0.014894603086035067,0.019730455823660443,,-0.03384859028713896,0.014894603086035067,,0.013294649859846715,0.014894603086035067,0.010960152243982552,,0.015146315782934667,0.023662554213901267,0.01402714137656053,0.014894603086035067,0.014894603086035067,0.014552368031492121,0.015629826224358084,0.009086548650826013,0.014894603086035067,0.019579800852194455,,,,,,,,,,,,,,,0.014894603086035067,0.013294649859846715,,0.013294649859846715,0.019298258503493985,,,0.02234701677560462,0.028866955404214696,,0.01772368189769619,,0.014894603086035067,0.01816624836959638,0.019652028128128995,0.013294649859846715,0.017749159221026663,0.002665470474309057,0.014894603086035067,0.013294649859846715,,0.019996890000764173,0.013294649859846715,0.014894603086035067,-0.019497712741889557,-0.03384859028713896,-0.00888259228021085,0.01517788583270343,0.013294649859846715,0.013361625893269526,0.01365752355006539,0.01763407992422315,0.020181362851739937,-0.03384859028713896,,-0.06559327711745717,0.013294649859846715,
2017-12-01,0.014237262305474245,0.012227554903037926,0.013320832612062853,,0.01726538903935309,0.017674404124636032,-0.020489063061024618,-0.15086266436046697,0.013320832612062853,0.021840306269599135,0.020149321887181756,0.017737225695777202,0.013320832612062853,0.013991818660510535,0.02309134326898444,0.017674404124636032,,0.021983724609311684,,,0.017674404124636032,0.013991818660510535,0.01776871937756819,0.011934404627807945,,0.013320832612062853,0.017674404124636032,,0.01726538903935309,0.017737225695777202,,-0.007045678089517016,0.013320832612062853,,0.018554010917317384,0.01726538903935309,0.03207219149355107,,,,0.012182431804706847,0.01580853922698456,0.02154355302933823,0.017674404124636032,0.01726538903935309,0.01726538903935309,0.022072905410847443,,0.011246035944372889,-0.02225583672907153,,0.013320832612062853,0.011149761246474765,0.021828699034806092,,0.013144931986773306,0.021017537263953074,0.03434667959214036,0.01726538903935309,0.01726538903935309,0.005221963594618265,0.01752367463663822,0.018804606672961837,0.01726538903935309,0.011630812410879189,,,,,,,,,,,,,,,0.017674404124636032,0.01726538903935309,,0.011934404627807945,0.03930435412974943,,,0.029646273583354005,-0.012308497317555574,,0.013881136526287127,,0.01726538903935309,0.022930082404442904,0.026604371022802845,0.013320832612062853,0.022314899890272903,-0.019088484154078055,0.01726538903935309,0.013320832612062853,,0.02357102609928402,0.013320832612062853,0.017932689721921163,-0.014927382129443025,0.013590817284681093,-0.0160436381126549,0.004157292070834494,0.012227554903037926,0.013320832612062853,0.012589566003844428,0.02204138448886038,0.023000450808912037,-0.055238847943159405,,0.032986794744171676,0.012227554903037926,
2018-03-01,0.004842838650097304,-0.021081063685118088,0.013451199591641394,,0.019524156100901264,0.014425264442429114,-0.09011813265096642,0.00936045846816487,0.00837022969736451,0.023493358860857082,3.688231260728426e-05,0.018787429967286783,0.01332285410232171,-0.020263847270299482,0.0074147986948209805,0.01934034067167029,,-0.021203811522282075,,,-0.010462214028448904,-0.04355325075121555,0.016606825262069937,0.00973958160788116,,0.018878825481439574,0.008542716637394442,,0.01445516606508429,0.012917888204586725,,0.017740617850603577,0.0015874836897027012,,0.02059711479434147,0.005764820811722696,0.002681254019178827,,,,0.011399760687834328,0.01848261471954015,0.025488768721684957,0.016458312726109765,0.005764820811722696,0.020557481156288006,0.01883362677644927,,-0.013394047290430679,0.06291862066349146,,0.011186897227796389,0.01510279167681612,0.025687551016967805,,0.02244719807336501,0.025072034784229362,-0.040423096230799094,0.000363353196893964,0.003264287760184027,0.017116027569216034,0.021335683590148178,0.024214922461913455,0.007153260123628564,0.023491516198664856,,,,0.015040479502804568,,,,,,,,,,,0.01883870324455848,-0.017180347010164007,,-0.019314325515909288,0.028501468348275345,,,0.06310243609272242,0.013411568683478889,,0.014729222166467916,,-0.0007295151100700225,0.021261779871422477,0.017548874736362855,0.013956141937822337,-0.0004775980298283156,-0.016255395547198966,-0.02058851409783432,0.013956141937822337,,0.023963972334602585,0.018118760943257265,0.021155732180448392,-0.010032727779444394,-0.04496757426819471,-0.01635776349314124,0.012306433958053272,0.004662237319338481,0.015345580649106004,0.01914311000243902,0.017145500103001404,0.00734458090875276,0.01546980430631874,,-0.09978988800221772,0.008976134534662413,
2018-06-01,0.01840948603785217,0.018380400352515015,0.017398936236779128,,0.02062261852557766,0.021832751583286736,0.0025645069805752536,0.06487666988450026,0.018246224373850418,0.021115600536023512,0.025760962818257974,0.02062261852557766,0.019087361063709302,0.019358376824446393,0.02791712065252809,0.02045272737665431,,0.0217247084824303,,,0.019608788157641287,0.01876462183794359,0.017424451547437877,0.016633090691951204,,0.014324945819123532,-0.0021393761413998247,,0.018511088687375103,0.02045272737665431,,0.02298661272521544,-0.002626101740973483,,0.019927354614121876,0.021467953443183342,0.024979860046853687,,,,0.009320284023278912,0.019608788157641287,0.02519247144459665,0.01583634574609242,0.019161469757484444,0.014073326600924288,0.02045272737665431,,0.018246224373850418,0.04863811210230846,,0.02575853323728312,0.02595206094950084,0.017779104348096927,,0.02192572801507323,,-0.0012228345357394857,0.01958327284698254,-0.007879157781848114,0.025343212043334517,0.02149346875384209,0.01948878083069887,0.01604785259417858,0.005332771049309154,,,,0.03584296822281721,,,,,,,,,,,0.020957383766222686,-0.0007987591341841907,,0.01721827600928495,0.024572853623911834,,,0.04863811210230846,0.007244130788219709,,0.03130509502585582,,0.017424451547437877,0.02582379926586671,0.03326293125752289,0.017424451547437877,0.019676086018257977,-0.08470328695494053,0.019608788157641287,0.017424451547437877,,0.02427555644667508,0.017424451547437877,0.022373123143113866,0.006522006529630174,0.016557998628980473,-0.010701454304642446,0.019910113561828653,0.016977133147281033,0.018246224373850418,0.018718250318755864,0.025928381672177443,0.023189676688958112,0.009011308896813827,,-0.009360024704490464,0.017424451547437877,
2018-09-01,0.015081359266158306,0.01922617040756737,0.01112767736171932,,0.02007990104120404,0.02133002765155316,0.008690844895465323,0.051520532809186836,0.016514725499539317,0.022296987960721954,0.04818852561635686,0.021855272685920024,0.008223409550614123,0.020820842152233607,0.02573752495599586,0.02080999179636944,,0.04945000358204507,,,0.020820842152233607,0.020301767481120326,0.01825631341946993,0.015203659994726266,,0.0136303363482429,0.023870160334789992,,0.01940475665010186,0.02007990104120404,,0.018845132321221692,-0.00043529045339602766,,0.021353591366665224,0.019913942149421413,0.021305631602026316,,,,-0.01407322610593004,0.01825631341946993,-0.00267350129741785,0.019024676186870162,0.01940475665010186,0.018372127684218136,0.02080999179636944,,0.016807225157051513,0.04422731623615971,,0.015416185018943719,0.02980792918151019,0.024463584477572815,,0.027882687958819197,,0.01829611627935405,0.013922619720274637,0.02051350155606699,0.021580541057114797,0.02133002765155316,0.028427032215174203,0.018245463063605763,0.016970339630857218,,,,0.022817846229861296,,,,,,,,,,,0.022455240562149908,0.02075916463813918,,0.015203659994726266,0.09768406272558948,,,0.04422731623615971,0.011750485738102593,,0.005217892500141875,,0.018245463063605763,0.02129478124616215,0.007449550251252549,0.01940475665010186,0.02194152307658896,-0.04274958296437806,-0.030208708090540347,0.01906951357691786,,0.023528824375687294,0.01970113340900327,0.014139521847562448,-0.0433285101349097,0.017505788425820873,0.020191819603674777,-0.01882415360462196,0.016060968436287532,0.020820842152233607,0.01553913335733202,0.013999686861390408,0.011867155026114632,0.017866557668490206,,-0.005221720599166612,0.018245463063605763,
2018-12-01,0.0181750629499758,0.02214729777873446,0.021507176244889046,,0.021170729587881666,0.02215064894751177,0.013895224810378495,0.013404503355664696,0.021148058246723965,0.02215064894751177,0.04544311787922598,0.02295103239489154,0.02190171728737989,0.02215064894751177,0.02839499790409357,0.014934945714695792,,0.03650151236136905,,,0.02215064894751177,0.021199553467639323,0.021148058246723965,-0.018798669373654195,,0.017550546221539974,0.026975468610571117,,0.021148058246723965,0.021507176244889046,,0.014517710793945825,0.021148058246723965,,0.021148058246723965,0.021170729587881666,0.02703300574841835,,,,-0.03214365060910724,0.022339001894007594,0.026990669990219117,0.021853233454593446,0.021148058246723965,0.021148058246723965,0.0219583710735075,,0.021805012732561507,0.04936226113979634,,0.03647370420993396,0.03638917301441837,0.026527827922216078,,0.026127702232344195,,0.020347505227339153,0.021148058246723965,0.01613780388627798,0.026443645942567737,0.021805012732561507,0.031068172836042785,0.021016187172480758,0.01072257527622574,,,,-0.003910128078300162,,,,,,,,,,,0.021170729587881666,0.017252393720733766,,0.022103934781943866,0.01903978979224746,,,0.020253092074535167,0.009099207813267151,,0.0012321849237152335,,0.021016187172480758,,0.02732790021877463,0.021148058246723965,0.027962042529623882,-0.044272811795914406,0.021148058246723965,0.021148058246723965,,0.027594825063630105,0.021170729587881666,0.021496968960557646,-0.0663979464586951,0.021016187172480758,0.015980119741687917,-0.016289848610538327,0.02103885851363846,0.02215064894751177,0.011847887806216782,0.027105624902733317,-0.007795836492001861,0.0243306041525268,,0.03884184547171697,0.021016187172480758,
2019-03-01,-0.019794783467701756,0.024802180274356312,0.023516971091367276,,0.024859004752722645,0.024859004752722645,0.06291533295907026,0.02207145531919457,0.023583727441411257,0.02727637265617816,0.08044320386936078,0.024785050395596493,0.02432975363174868,0.02480675765113528,0.03424265569293517,0.024784023345172372,,0.060019337756706335,,,0.026922206852567163,0.025250539454465804,0.023718418654265043,0.012094867229282434,,0.0324221490534952,0.03132827294376626,,0.02346472398977991,0.025107884823073894,,0.03250030536357307,0.023167294659475833,,0.02334293187581357,0.02346472398977991,0.027623920091766972,0.09183107083566686,,,0.02330068551560336,0.02377066575585241,0.03041990035212319,0.024652414558255842,0.023967886784987767,0.02308895146340194,0.023668394526972687,,0.02264564202050729,0.025956823170193682,,0.02230182302242482,0.018910770442792286,0.026729968722162895,,0.009588225036550413,,0.013015013420946565,0.014049596168461914,0.015219019793813604,0.024471923608348017,0.025531319533164978,0.01375266688490122,0.024802180274356312,0.02507556852185642,,,,0.013918022181102585,,,,,,,,,,,0.024859004752722645,0.032927299153227126,,0.024396557798592143,0.06401381119733172,,,0.021290278554848423,0.02392043147195288,,0.008406869011518762,,0.024802180274356312,,0.03721178995346248,0.024652414558255842,0.0290703038282632,0.024787539178827183,0.023718418654265043,0.023677239452603315,,0.030129919374215986,0.023317100663037462,0.025457129648932608,0.0005346036572982325,0.021362045011212884,0.01950703563360726,0.01796312099249038,0.024152710623062044,0.024198849465440896,0.020824508877533423,0.026535581094896735,0.03928678012608919,0.04032179186990331,,0.049302395791599965,0.023468667673023455,
2019-06-01,0.008383656225738372,0.027095241681154188,0.026878948617352155,,0.027448525211124505,0.027095241681154188,0.05184391321683757,0.006997618287540513,0.024341083623353743,0.027095241681154188,0.05921567950082882,0.027448525211124505,0.0257850749115122,0.026878948617352155,0.029184170202322553,0.02614237073604232,,0.05184391321683757,,,0.027095241681154188,0.027448525211124505,0.026878948617352155,0.02396685747522468,,0.03348911720517683,0.028696863708011038,,0.026878948617352155,0.027095241681154188,,0.010463520808888944,0.026878948617352155,,0.026878948617352155,0.026878948617352155,0.028696863708011038,0.034779593836584535,,,0.023757262781706024,0.026878948617352155,0.02896787713852052,0.027095241681154188,0.026878948617352155,0.025921454457473497,0.026878948617352155,,0.02769608272806355,0.024968357804421644,,0.026878948617352155,0.026878948617352155,0.0270124809306247,,0.018874817527404088,,0.027448525211124505,0.026878948617352155,0.018874817527404088,0.027369134043593996,0.024968357804421644,0.0165799433560949,0.026878948617352155,0.007756319109336721,,,,0.02188733349756655,0.015358915132331234,,,,,,,,,,0.022167705788814784,0.024968357804421644,,0.026878948617352155,0.0440763765324823,,,0.026878948617352155,0.026878948617352155,,0.022508600322468954,,0.026878948617352155,,0.03418878627550455,0.027095241681154188,0.027051422807105974,0.019184232237300335,0.026878948617352155,0.026878948617352155,,0.028995934723589505,0.026878948617352155,0.027448525211124505,0.025450368425782383,0.026878948617352155,0.024026472757745387,0.002491505756882695,0.026878948617352155,0.027095241681154188,0.026230065621812786,0.028696863708011038,0.0212731607584687,0.025806504154464303,,0.03069656877158379,0.026878948617352155,
2019-09-01,0.026393727171585293,0.026538104389775597,0.01433008350257343,,0.028953326157081682,0.02721447644332366,0.023203647592715277,0.07004954453773526,-0.025367202657111718,0.018177616676682034,0.024852140884780428,0.02926849476544417,0.01950255708423655,0.02709651821803683,0.031013084690277914,0.018358292904524558,,0.023203647592715277,,,0.027517274655431145,0.02692952712364985,0.025796893070472466,0.004734474234345982,,0.04746079559895811,0.019307299244652115,,0.02631795157772412,0.0289953239594103,,0.03532251305114246,0.012234700642521587,,0.02511119963650468,0.027993110590072742,0.02811825606834163,0.04065182374513245,,,0.02808719499073522,0.027375791692240824,0.026356473257127096,0.027375791692240824,0.026587236439877503,0.025378750151135616,0.026054633740984746,,0.03731239725261431,0.029246665685520364,,0.01402867482152738,0.02535748698427357,0.038934249134574155,,-2.3550517601737617e-05,,0.05376792232730958,0.015171650037245086,0.027047041094478266,0.027866411418341147,0.040394593498680624,0.018328893208532426,0.025759059564619047,0.02765651902115468,,,,0.01959882768036564,0.01264084419518003,,,,,,,,,,0.030446212261221923,0.032008423617942046,,0.028155135497898075,0.026413484855343127,,,0.02721447644332366,0.04142778011902839,,0.03358616300735458,,0.02856633956027553,,0.048993601081919184,0.027375791692240824,0.02885725590689915,,0.02467098985028735,0.02535748698427357,,0.0281984680563883,0.026290971431314696,0.030353315026370297,0.01320908474927977,0.015313892160380075,0.03149996955244006,0.022541650486721958,0.02227185852520102,0.027869192803564355,0.029708934610019347,0.029086418668902922,0.03511977351981144,0.02664858520515673,,0.022284312678405315,0.02543942550128108,
2019-12-01,0.03346245527632882,0.03374792904613321,0.03345396573336546,,0.03374792904613321,0.03374792904613321,0.037369086369324504,0.05900352085237437,0.035314157286983755,0.034853470835609385,0.04932210063405671,0.03374792904613321,0.033732162824357904,0.03374792904613321,0.03526830540180017,0.03138632218795057,,0.037369086369324504,,,0.03374792904613321,0.03112695385111103,,0.03345396573336546,,0.036060882692398676,0.035660860091638,,0.03374792904613321,0.03304022516190569,,0.031274534597491514,0.03112695385111103,,0.03500555200937693,0.03374792904613321,0.034853470835609385,0.035153132755757405,,,0.03321446361765379,0.03374792904613321,0.03526830540180017,0.03374792904613321,0.03374792904613321,0.033732162824357904,0.03374792904613321,,0.033732162824357904,0.03500555200937693,,0.03345396573336546,0.033732162824357904,,,0.036909709422110824,,0.035411184920067736,0.033732162824357904,0.034853470835609385,0.033732162824357904,0.031111187629335728,0.04220649988505715,0.03374792904613321,0.04303932872001791,,,,0.034564147523439705,0.031915144118046516,,,,,,,,,,0.03500555200937693,0.031274534597491514,,0.03374792904613321,0.030129504334960876,,,0.03374792904613321,0.03374792904613321,,0.035411184920067736,,0.03374792904613321,,0.03526830540180017,0.03374792904613321,0.03533520408579241,,0.03374792904613321,0.033732162824357904,,0.0341777293770766,0.03374792904613321,0.03374792904613321,0.03391018248087946,0.03374792904613321,0.03112695385111103,0.02266174107166259,0.03332653182514014,0.033732162824357904,0.035255877242718885,0.03531445484567149,0.03526830540180017,0.03374792904613321,,0.028502431165905565,0.03374792904613321,
2020-03-01,-0.017614686145636167,0.03605846576630102,0.035439828687486734,,0.03605846576630102,0.036087988287939354,0.010443772250911209,0.05396613357532263,0.03359693196594476,0.027579949641676278,0.04116164586293207,0.03605846576630102,0.03595358986177736,0.03605846576630102,0.03605846576630102,0.03592745218040638,,0.035600364795019705,,,0.036087988287939354,0.036087988287939354,,0.033535930236856915,,0.03615402823462801,0.03537881136319233,,0.03605846576630102,0.036087988287939354,,0.035752066156440394,0.03592745218040638,,0.036087988287939354,0.036087988287939354,0.03807791694180624,0.02059902965376408,,,0.03592745218040638,0.03605846576630102,0.03821811115349484,0.036087988287939354,0.03592745218040638,0.03557084227338137,0.03605846576630102,,0.036659158315098306,0.036087988287939354,,0.03366694382275155,0.03592745218040638,,,0.042555808476600954,,0.007943875012515346,0.03557084227338137,0.020851338784445086,0.020541634491975876,0.03646285394079561,0.03607836652338609,0.031170950272270175,0.04582669341539258,,,,0.036250579648249404,0.017681623630483333,,,0.03685127219704669,,,,,,,0.036087988287939354,0.036075193624283415,,0.03366694382275155,,,,0.03605846576630102,0.03605846576630102,,0.040791264584613234,,0.03605846576630102,,0.03809480380921182,0.03605846576630102,0.046336002953912575,,0.03605846576630102,0.03366694382275155,,0.037434225552931445,0.03605846576630102,0.036087988287939354,0.03605846576630102,0.03592745218040638,0.03605846576630102,-0.005593210417925493,0.02313451727867152,0.031170950272270175,0.0148669961955564,0.032340655906183444,0.05155574825467412,0.031170950272270175,,0.052138919265676764,0.03592745218040638,
2020-06-01,0.015649622343100862,0.04042668714937544,0.04042668714937544,,0.04042668714937544,0.04042668714937544,0.04364575598070197,0.06058029755084318,0.056273118630926516,0.04756897762367827,0.045748148294330444,0.04042668714937544,0.04042668714937544,0.033724802748153905,0.043404710634837855,0.04320245865420019,,0.04042668714937544,,,0.04042668714937544,0.04042668714937544,,0.03887196644571583,,0.03406853223700366,0.04756897762367827,,0.04042668714937544,0.04042668714937544,,0.04042668714937544,0.04042668714937544,,0.04011081669157279,0.04042668714937544,0.0425422804604341,0.03560503841045603,,,0.035886184965060325,0.04042668714937544,0.0428918610538933,0.04042668714937544,0.04042668714937544,0.04029584140227909,0.04042668714937544,,0.05291148341841469,0.04042668714937544,,0.03887196644571583,0.04042668714937544,,,0.04267751220560719,,0.04042668714937544,0.04042668714937544,0.048860172489969676,0.03579006312116233,0.05291148341841469,0.04281473933963221,0.03406853223700366,0.029800634577765526,,,,0.0428402447436575,0.030473495827644834,,,0.05291148341841469,,,,,,,0.04042668714937544,0.04042668714937544,,0.035886184965060325,,,,0.04042668714937544,0.04320245865420019,,0.04119765561698935,,0.04042668714937544,,0.042657272257548014,0.04320245865420019,0.04231533768613152,,0.04042668714937544,0.03887196644571583,,0.04756897762367827,0.04042668714937544,0.04042668714937544,0.04364575598070197,0.04042668714937544,0.023409193358742517,0.02799095316539076,0.02799095316539076,0.03274331784234224,0.04241959388071284,0.048860172489969676,0.042832598721614795,0.04320245865420019,,0.04011081669157279,0.04042668714937544,
2020-09-01,0.012949864240034036,0.03681691664721157,0.03681691664721157,,0.03681691664721157,0.03681691664721157,0.014350743994012378,0.06329675790898265,0.035306286038638265,0.03757079805208668,0.06047719739493743,0.03681691664721157,0.03681691664721157,0.03681691664721157,0.03681691664721157,0.03681691664721157,,0.03681691664721157,,,0.03681691664721157,0.03681691664721157,,0.037350856883143206,,0.03681691664721157,0.04153785321989217,,0.03681691664721157,0.03681691664721157,,0.03681691664721157,0.01390536887504965,,0.03681691664721157,0.03681691664721157,0.037420267780046194,0.036795823619872756,,,0.037350856883143206,0.03681691664721157,0.04135674210095503,0.03681691664721157,0.03681691664721157,0.03681691664721157,0.03681691664721157,,0.04311850765971034,0.03681691664721157,,0.03875173663712156,0.03681691664721157,,,0.04153785321989217,,0.038087454618057355,0.03681691664721157,0.04037637519158106,0.02852258063502338,0.03681691664721157,0.04153785321989217,0.03681691664721157,0.039025294091524367,,,,0.03681691664721157,0.03681691664721157,,,0.046219502205499995,,,,,,,0.03681691664721157,0.03681691664721157,,0.037350856883143206,,,,0.03681691664721157,0.03681691664721157,,0.038087454618057355,,0.03681691664721157,,0.040759541365333156,0.03681691664721157,0.03763212393607787,,0.03681691664721157,0.03679614118492991,,0.03716841572424655,0.03681691664721157,0.03681691664721157,0.03679614118492991,0.01390536887504965,0.014350743994012378,0.036414345250559414,0.036414345250559414,0.03681691664721157,0.04103326345861678,0.03679614118492991,0.0460362525036253,0.038087454618057355,,0.03681691664721157,0.03681691664721157,
2020-12-01,0.02760245644886737,0.031897214713309446,0.031897214713309446,,0.031229884504442845,0.031897214713309446,0.015274685866213538,0.03474441609412845,0.028380956245120794,0.033806011950527154,0.03618464186809197,0.031897214713309446,0.031897214713309446,0.031897214713309446,0.031897214713309446,0.02024325069680655,,0.032977585667279444,,,0.031897214713309446,0.031897214713309446,,0.031812582663900836,,0.03570839102710644,0.03383123057600666,,0.031897214713309446,0.031897214713309446,,0.023033354822955477,0.031897214713309446,,0.03190371439357125,0.031897214713309446,0.035416623059993005,0.030233714419569884,,,0.03190371439357125,0.031897214713309446,0.03369290405359593,0.031897214713309446,0.031897214713309446,0.029251552084045267,0.031812582663900836,,0.03959203162588739,0.031897214713309446,,0.02280598151093789,0.03190371439357125,,,0.029410022915726183,,0.03311126990992864,0.022363197848857062,0.036367873275889834,0.029563557445471476,0.031897214713309446,0.027690834879567916,0.031897214713309446,0.026243024993006295,,,,0.02778165294999344,0.03042698141060691,0.03395060210605521,,0.02864382857993171,,,,,,,0.031897214713309446,0.017779818711153018,,0.031812582663900836,,,,0.031897214713309446,0.031897214713309446,,0.03311126990992864,,0.031897214713309446,,0.02939179646812408,0.031897214713309446,0.033806011950527154,,0.031897214713309446,0.031897214713309446,,0.033675743150074954,0.031897214713309446,0.031897214713309446,0.03190371439357125,0.031229884504442845,0.03113875277477243,0.013239705521077843,0.03149407762221281,0.031231769695982348,0.03445189049235022,0.031897214713309446,0.033175373562465006,0.03298651560756216,,0.02760245644886737,0.03190371439357125,
2021-03-01,0.03287444066222764,0.03287444066222764,0.03321526052499964,,0.03287444066222764,0.03287444066222764,0.031604281134889195,0.03374025873472778,0.03411456589658374,0.0326725672660364,0.033332476573798106,0.03287444066222764,0.03287444066222764,0.03287444066222764,0.033490678957444446,0.03321526052499964,,0.034314182610426354,,,0.03287444066222764,0.03287444066222764,,0.032073314227843555,,0.03004783266468235,0.03452234805751341,,0.0326725672660364,0.03287444066222764,,0.031578405155601,0.02960596547962712,,0.02960596547962712,0.0326725672660364,0.032390228502074965,0.03178027855179224,,,0.034104910689575794,0.03259902222978283,0.03404705629594184,0.03287444066222764,0.03259902222978283,0.03178027855179224,0.029570746605962317,,0.030688189645201217,0.03287444066222764,,0.015754761500560165,0.03321526052499964,,,0.03354696186378486,,0.03256380335611802,0.01942614991522422,0.03452234805751341,0.03178027855179224,0.03287444066222764,0.035158745872251006,0.03287444066222764,0.030806218884444427,,,,0.03195726447043971,0.021483037202179596,0.03287444066222764,,0.025756094251467087,,,,,,,0.03287444066222764,0.032357823347455975,,0.02889241494145396,,,,0.03259902222978283,0.029903948049843233,,0.03382507441631309,,0.03259902222978283,,0.030799461185037003,0.03370339539015063,0.034079003257552996,,0.03259902222978283,0.03370339539015063,,0.03411422213121781,0.0326725672660364,0.03287444066222764,0.032073314227843555,0.029570746605962317,0.032322604473791164,0.015662437904344184,0.02889241494145396,0.0326725672660364,0.033941045957412,0.031580478359445364,0.034334262678492475,0.030321525506458846,,0.027152890705983194,0.03321526052499964,
2021-06-01,0.026910763733906228,0.027344917204000528,0.027344917204000528,,0.026910763733906228,0.027344917204000528,0.022021352513256022,0.03426259901463648,0.012447127709180637,0.027344917204000528,0.027344917204000528,0.027344917204000528,0.02707077965919145,0.026910763733906228,0.026910763733906228,0.027344917204000528,,0.027344917204000528,,,0.027344917204000528,0.026910763733906228,,0.018674624641978502,,0.027344917204000528,0.025541566846549457,,0.027344917204000528,0.026910763733906228,,0.026910763733906228,0.024749711585870995,,0.024749711585870995,0.027344917204000528,0.030341287571699238,0.027344917204000528,,,0.027344917204000528,0.027344917204000528,0.021671758789992814,0.027344917204000528,0.027344917204000528,0.027344917204000528,0.024475574041061918,,0.02711495793153813,0.026910763733906228,,0.025793602253761535,0.027344917204000528,,,0.029629753902828227,,0.027344917204000528,0.02707077965919145,0.027344917204000528,0.027344917204000528,0.026910763733906228,0.007414717858309206,0.02678470242616869,0.02146808069707301,,,,0.027443670092813698,0.013368013847519664,0.030341287571699238,,0.012685313006352478,,,,,,,0.026910763733906228,0.026910763733906228,,0.018674624641978502,,,,0.027344917204000528,0.026791997941201965,,0.028692910628405306,,0.027344917204000528,,0.02235962763602992,0.02707077965919145,0.030032850624210475,,0.027344917204000528,0.018795396265914966,,0.02642268554829596,0.027344917204000528,0.026910763733906228,0.018674624641978502,0.024475574041061918,0.024475574041061918,0.018795396265914966,0.018795396265914966,0.027344917204000528,0.027344917204000528,0.02711495793153813,0.022021352513256022,0.027344917204000528,,0.022921212440014785,0.027344917204000528,
2021-09-01,0.034210873595619855,0.03421676658974931,0.033890817519949726,,0.033681736200541906,0.03421676658974931,0.015035376279338623,0.039247173472123364,0.033890817519949726,0.033890817519949726,0.033890817519949726,0.03421676658974931,0.03315514368320496,0.03421676658974931,0.03227243030961575,0.020875168462563282,,0.034098257829087965,,,0.03421676658974931,0.03421676658974931,,0.020991482660419655,,0.03421676658974931,0.034359933157675715,,0.03421676658974931,0.03438410339739099,,0.033896324703834115,0.032909651276362084,,0.034210873595619855,0.03421676658974931,0.033890817519949726,0.033890817519949726,,,0.033891517003041036,0.03421676658974931,0.03537305291457832,0.03421676658974931,0.03521246583873649,0.03315514368320496,0.03391124351947872,,0.03355884743074503,0.03421676658974931,,0.03386506998410693,0.03521246583873649,,,0.035023880380397464,,0.032909651276362084,0.03315514368320496,0.033890817519949726,0.033890817519949726,0.033681736200541906,0.031886328021899044,,0.020385986141517966,,,,0.022738532737568717,0.018118320264443166,0.03421676658974931,0.020991482660419655,0.025821228876133882,,,,,,,0.03421676658974931,0.02801290250957119,,0.030772779110276195,,,,0.03421676658974931,0.03227243030961575,,0.036349952978410524,,0.033890817519949726,,0.034032865673312124,0.033890817519949726,0.033209438389028595,,0.03421676658974931,0.030772779110276195,,0.03421676658974931,0.03488651676893691,0.033681736200541906,0.0323654187847674,0.032909651276362084,0.032909651276362084,0.02870085554565938,0.03227243030961575,0.033890817519949726,0.03421676658974931,0.03239201239197109,0.020927124812025376,0.033481092753004545,,0.020927124812025376,0.030772779110276195,
2021-12-01,0.031898495516908,0.031898495516908,0.02857030796760283,,0.029957176804323523,0.031898495516908,0.022704409200791427,0.038687215000675165,0.02863821024030424,0.029957176804323523,0.030409970990835474,0.031898495516908,0.029957176804323523,0.031898495516908,0.028757684460273644,0.020782124005586662,,0.029957176804323523,,,0.031898495516908,0.031898495516908,,0.028636178669119806,,0.031898495516908,0.03405642743416834,,0.033103923792048136,0.037518332927613335,,0.029957176804323523,0.033103923792048136,,0.033103923792048136,,0.029957176804323523,0.02683821861050559,,,0.029957176804323523,0.031898495516908,0.028757684460273644,0.031898495516908,0.031898495516908,0.029957176804323523,0.031711119024237205,,0.029957176804323523,0.031898495516908,,0.030409970990835474,0.033103923792048136,,,0.03655266726049586,,0.033103923792048136,0.029957176804323523,0.0295883165806584,0.030409970990835474,0.035549814721100005,0.040603179876257,,0.0326246086922431,,,,0.027076378792360214,0.02826014437063264,0.029957176804323523,0.009805469015293961,0.018932877336278423,,,,,,,0.031898495516908,0.020626429933694818,,0.029963112735413782,,,,0.031898495516908,0.028492133369441775,,0.03253473420334734,,0.031898495516908,,0.033103923792048136,0.028757684460273644,0.031898495516908,,0.031898495516908,0.029957176804323523,,0.031898495516908,0.029957176804323523,0.02683821861050559,0.029963112735413782,0.033103923792048136,0.033103923792048136,0.028757684460273644,0.028757684460273644,0.029957176804323523,0.02798763407810061,0.028757684460273644,0.033103923792048136,0.031898495516908,,0.033103923792048136,0.02857030796760283,
2022-03-01,0.038743886474356205,0.03805901644345562,0.033196643758682025,,0.03277589854813296,0.03381092184736868,0.026884343411099305,0.03467963972317211,0.021676313540493018,0.03277589854813296,0.034342845906340944,0.03381092184736868,0.03277589854813296,0.03381092184736868,0.01702645547656477,0.01702645547656477,,0.03277589854813296,,,0.03381092184736868,0.03381092184736868,,0.026884343411099305,,0.031209521976847475,0.030592939982507197,,0.03576086040000428,0.0417717075947109,,0.03277589854813296,0.03576086040000428,,0.03576086040000428,,0.03277589854813296,0.029158841201620437,,,0.02399530101966989,0.03381092184736868,0.03576086040000428,0.03381092184736868,0.03576086040000428,0.03277589854813296,0.03287181800857486,,0.03277589854813296,0.03381092184736868,,0.026884343411099305,0.03277589854813296,,,0.04020619742524663,,0.026884343411099305,0.03277589854813296,0.03225820099590256,0.034342845906340944,0.03631072506115543,0.03763297125136887,,0.03389775010724261,,,,0.028669377230907206,0.03389775010724261,0.03277589854813296,0.0116659281587773,0.028679622625944572,0.0116659281587773,0.026513140826043027,,,,,0.038743886474356205,0.03277589854813296,,0.0116659281587773,,,,0.025053154216079156,0.01702645547656477,,0.03295428306029835,,0.03381092184736868,,0.0406938250269918,0.03277589854813296,0.03381092184736868,,0.03381092184736868,0.03277589854813296,,0.03381092184736868,0.03277589854813296,0.03277589854813296,0.03277589854813296,0.03576086040000428,0.0406938250269918,0.03280033800728469,0.03280033800728469,0.03277589854813296,0.03277589854813296,0.01702645547656477,0.0406938250269918,0.03381092184736868,,0.0406938250269918,0.03539147111119343,
2022-06-01,0.03355508767881689,0.03355508767881689,0.03355508767881689,,0.0318266972111336,0.0318266972111336,0.030618217459094807,0.027841915276592823,0.0318266972111336,0.0318266972111336,0.03241535713730839,0.03355508767881689,0.0318266972111336,0.03355508767881689,0.03355508767881689,0.03355508767881689,,0.0318266972111336,,,0.03355508767881689,0.03355508767881689,,0.030618217459094807,,0.030618217459094807,0.030764557190690312,,0.03355508767881689,0.03355508767881689,,0.03241535713730839,0.03355508767881689,,0.03355508767881689,,0.0318266972111336,0.03241535713730839,,,0.0318266972111336,0.03355508767881689,0.03355508767881689,0.03355508767881689,,0.0318266972111336,0.03355508767881689,,0.03313977981838748,0.03355508767881689,,0.03355508767881689,0.03355508767881689,,,0.03484970550973328,,0.03355508767881689,0.0318266972111336,0.0318266972111336,0.03241535713730839,0.03313977981838748,0.03606185230487891,,0.038857166452326,,,,0.03446476954701362,0.028736151515294822,0.0318266972111336,0.028636690528890462,0.03468511161894506,0.028636690528890462,0.02350390541305759,,,,,0.03355508767881689,0.0318266972111336,,0.03355508767881689,,,,0.03355508767881689,0.03355508767881689,,0.03330545972887103,,0.03355508767881689,,0.03355508767881689,0.0318266972111336,0.03487846075968015,,0.0318266972111336,0.0318266972111336,,0.03355508767881689,0.0318266972111336,0.0318266972111336,0.022998861715249903,0.03355508767881689,0.03355508767881689,0.021174175951228343,0.03355508767881689,0.03241535713730839,0.0318266972111336,0.03355508767881689,0.03355508767881689,0.03355508767881689,,0.03355508767881689,0.03355508767881689,
2022-09-01,0.03666190614650106,0.0353371926994627,0.03666190614650106,,0.03701814237664422,0.03539284937763167,0.021468520697331052,0.03790970623707626,0.0353371926994627,0.0353371926994627,0.03331544069682721,0.03666190614650106,0.03539284937763167,0.037775223138134875,0.03713457378014069,0.03666190614650106,,0.035444603210973306,,,0.03666190614650106,0.03713457378014069,,0.035852197339372664,,0.0353371926994627,0.03790970623707626,,0.037775223138134875,0.03713575947206707,,0.038745291421242466,0.037775223138134875,,0.04084701720302063,,0.03539284937763167,0.03926987760579474,,,0.03539284937763167,0.03666190614650106,0.03666190614650106,0.03666190614650106,,0.0353371926994627,0.036340089862697024,,0.03798458156007959,0.0332080301853166,,0.03666190614650106,0.03787959790980459,,,0.03517015975053978,,0.040206367845026444,0.03539284937763167,0.0353371926994627,0.03747131083319037,0.03816688749288954,0.037428556648856214,,0.03996040769288461,,,,0.013747371005263282,0.03996040769288461,0.024817814548980716,0.013747371005263282,0.030682268125425523,0.013747371005263282,0.037428556648856214,,,,,0.03788263364964548,0.03696421779088858,,0.03951115143445513,,,,0.036562638639628706,0.03666190614650106,,0.03689010673226324,,0.03666190614650106,,0.03865917290145742,0.03459005773797874,0.0353371926994627,,0.03666190614650106,0.0353371926994627,,0.03666190614650106,0.03539284937763167,0.03675756851097149,0.036562638639628706,0.037775223138134875,0.04108560091657189,0.03666190614650106,0.03666190614650106,0.03747131083319037,0.030703945573731774,0.03713457378014069,0.04007969443644868,0.03666190614650106,,0.04361590716843498,0.036562638639628706,
2022-12-01,0.039670802075955004,0.04019837836917663,0.04019837836917663,,0.0433443487947364,0.04019837836917663,0.014755997394536894,0.03480444042043812,0.040551765318437454,0.04019837836917663,0.04019837836917663,0.042291714777012476,0.04307091400357404,0.042582940159690386,0.04200880972923171,0.03461528578226297,,0.04019837836917663,,,0.042291714777012476,0.042582940159690386,,0.040551765318437454,,0.040551765318437454,0.04798225102858427,,0.042582940159690386,0.04019837836917663,,0.040551765318437454,0.04394581398391949,,0.04549873715371828,,0.04019837836917663,0.04019837836917663,,,0.040551765318437454,0.042582940159690386,0.042582940159690386,0.042291714777012476,,0.040551765318437454,0.039670802075955004,,0.04830414946876771,0.04019837836917663,,0.04200880972923171,0.040551765318437454,,,0.05340303431615407,,0.04397201385860059,0.04019837836917663,0.040551765318437454,0.04019837836917663,0.0433443487947364,0.03458458817076567,,0.044589134494751624,,,,0.049944578517571725,0.049944578517571725,0.061097259988936684,0.018958009669590443,0.04798225102858427,0.018958009669590443,0.0293038821801825,,,,,0.042582940159690386,,,0.04368078847592268,,,,0.042291714777012476,0.04200880972923171,,0.04147806204601382,,0.042291714777012476,,0.044589134494751624,0.040551765318437454,0.04019837836917663,,0.042291714777012476,0.040551765318437454,,0.042291714777012476,0.04019837836917663,0.04019837836917663,0.041033675900184106,0.042582940159690386,0.04549873715371828,0.018958009669590443,0.04200880972923171,0.04019837836917663,0.042918893259170414,0.04230003511190962,0.04174185942789258,0.042291714777012476,,0.044135863329489176,0.04230003511190962,0.021488010271556206
2023-03-01,0.0396723708081296,0.0406188033058536,0.0406188033058536,,0.03881436932410891,0.03877004801456394,0.03881436932410891,0.046412376008937294,0.03877004801456394,0.03877004801456394,0.03949539354003539,0.0406188033058536,0.03877004801456394,0.043953239153316066,0.0406188033058536,0.017752248032759946,,0.03881436932410891,,,0.0406188033058536,0.0406188033058536,,0.03968810706460902,,0.04572168523803341,0.04644741279695465,,0.0406188033058536,0.03881006766052281,,0.03881436932410891,0.043953239153316066,,0.044665601143052874,,0.03877004801456394,0.037067962485618035,,,0.03881006766052281,0.0406188033058536,0.0406188033058536,0.0406188033058536,,0.03877004801456394,0.0396723708081296,,0.04576854884640695,0.0406188033058536,,0.03881006766052281,0.03881006766052281,,,0.04463472627613934,,0.03873669289463829,0.03877004801456394,0.03877004801456394,0.03949539354003539,0.04576854884640695,0.039891380243080386,,0.04080070959264494,,,,0.05008486885043365,0.03205435777483816,0.05890709564294828,0.016060275450494207,0.04208110870900782,0.018742464217553486,0.027514086676483106,,,,,0.043953239153316066,,,0.020101439137385248,,,,0.0406188033058536,0.0406188033058536,,0.039917613597453855,,0.0406188033058536,,0.048556039018784004,0.03870214446076482,0.03877004801456394,,0.0406188033058536,0.03877004801456394,,0.0406188033058536,0.03877004801456394,0.040735354732177445,0.0348766858470764,0.0406188033058536,0.043953239153316066,0.018742464217553486,0.0406188033058536,0.03877004801456394,0.03877004801456394,0.043953239153316066,0.04115662286174049,0.0406188033058536,,0.044665601143052874,0.0406188033058536,0.020101439137385248
2023-06-01,0.036243079608021506,0.035254302079106084,0.03179779299429102,,0.03179779299429102,0.034504118162444315,0.03179779299429102,0.041982881103244774,0.033476286006112535,0.03179779299429102,0.03602998300414039,0.036243079608021506,0.03318676574236766,0.034504118162444315,0.02525994451872454,0.024631582762336183,,0.03179779299429102,,,0.034504118162444315,0.034504118162444315,,0.03277184343824856,,0.036243079608021506,0.03495462444318638,,0.034504118162444315,0.03179779299429102,,0.03277184343824856,0.03514029315544011,,0.03484350091793168,,0.03179779299429102,0.03602998300414039,,,0.03277184343824856,0.034504118162444315,0.034504118162444315,0.034504118162444315,,0.034504118162444315,0.02525994451872454,,0.03602998300414039,0.034504118162444315,,0.03179779299429102,0.03318676574236766,,,0.03495462444318638,,0.034420928826860195,0.03602998300414039,0.03179779299429102,0.03602998300414039,0.03602998300414039,0.024631582762336183,,0.03644846040195827,,,,0.031963204088885686,0.03644846040195827,0.03179779299429102,0.015627069270619007,0.041982881103244774,0.024631582762336183,0.015627069270619007,,,,,0.034504118162444315,,,0.03476031158234756,,,,0.034504118162444315,0.024631582762336183,,0.010269937309159559,,0.034504118162444315,,0.016711740317765872,0.03277184343824856,0.03179779299429102,,0.034504118162444315,0.03318676574236766,,0.034504118162444315,0.03318676574236766,0.03563570212511638,0.023480412757822203,0.03528743209570588,0.02319345102876872,0.02418072382994734,0.030560545872216148,0.03179779299429102,0.03318676574236766,0.034420928826860195,0.042275625056488714,0.03514029315544011,,0.04193624230100135,0.030560545872216148,0.010269937309159559
2023-09-01,0.032401929029119314,0.037893110090319135,0.01798686669325344,,0.026487339562408518,0.03478962933992215,0.03057056292475626,0.02505400664865523,0.03911693483004982,0.02608674192117108,0.03160347407137055,0.03336796791335756,0.029833721106974694,0.03478962933992215,-0.003013152331740882,0.010750824766431202,,0.024347627126956192,,,0.03478962933992215,0.03478962933992215,,0.017805881221350246,,0.0215066254466615,0.023551418829378862,,0.03478962933992215,0.012848781984685323,,0.024778267797760562,0.03500395133275153,,0.03478962933992215,,0.019829819601236098,0.030677739088839508,,,0.02995113517484009,0.03478962933992215,0.03652662955668448,0.03556105174662876,,0.03139632801355295,0.0013322310338515265,,0.02697521905176839,0.03478962933992215,,0.006290855438710449,0.037893110090319135,,,0.02338734716639639,,0.025210520974069856,0.03133517361729858,0.031059499221519855,0.030967415217801542,0.030390792624711435,0.026426043956949453,,0.03816097629795757,,,,0.034296918854228996,0.02911975144103665,0.030540687328160055,0.0374638904435827,0.04736588072121159,0.036733411908668856,0.011676552918810272,,,,,0.03478962933992215,,,0.025210520974069856,,,,0.038094373091427644,0.032932598474627546,,0.03336796791335756,,0.035175868298017096,,-0.009976641022532984,0.0264788121594737,0.02581844711085232,,0.03478962933992215,0.030653613301315354,,0.03478962933992215,0.030660604535051126,0.024242182713074493,0.029209998996393257,0.037893110090319135,0.03500395133275153,-0.0013100638931605782,0.022723466334163975,0.016006988624349603,0.03274945875986763,0.020386441033028443,0.033823805396451447,0.03478962933992215,,0.03478962933992215,0.022723466334163975,-0.01398070921693926
2023-12-01,0.029249848010474266,0.03275835596260417,0.02714530713784023,,0.02167088999895604,0.03196492810830959,0.029212306145860484,0.06224723613297361,0.03513863539138595,0.02384678251900251,0.029137829234704593,0.05441669180728376,0.022218051005181434,0.03202111492253232,0.015951242305236334,0.032135121446778755,,0.02745597402925329,,,0.03196492810830959,0.03196492810830959,,0.016075470766866273,,0.029590325759450385,0.041256763477435794,,0.03202111492253232,0.029100092695987016,,-0.001993319605972144,-0.007161186189862092,,0.03202111492253232,,0.006803502218534754,0.029051384194015723,,,0.024240119428230487,0.0317227540771908,0.03586636536204819,0.031806002271140936,,0.028841412169830674,0.01262248087394186,,0.029082579560691862,0.03196492810830959,,0.03360435030480466,0.014274892800673684,,,0.01126420487779079,,0.024543144366412518,0.023296644403058446,0.023721717377919237,0.029361659188000107,0.028329218929417345,0.022664397484705754,,0.037715892379737916,,,,0.03183969516031522,0.030430194588955507,0.0278770437620237,0.012016496425852372,0.03083480331676689,0.011270791973397134,0.005366634856178236,,,,,0.03202111492253232,,,0.01784090418276765,,,,0.03572496856233161,0.026384032567124627,,0.03002854464618537,,0.03129318200525286,,0.036238999048493224,0.02764892780527314,0.032093906974205645,,0.0317227540771908,0.02318644908893228,,0.03196492810830959,0.028424830396517387,0.027407265527281996,0.02839776193711399,0.01119924123511693,0.03259188013757548,0.013657264715267268,0.015657884752537106,0.024147565352061882,0.020609775597144626,0.00787937834929779,0.03152096040397546,0.03253569332335275,,0.03202111492253232,0.016432047820086514,-0.007161186189862092
2024-03-01,0.031156861238632597,0.03136293279102503,0.027728983379499004,,0.02642341226428553,0.031156861238632597,0.030513187873138035,0.026596738838131573,0.03529078276980742,0.025825631174507844,0.030513187873138035,0.03091438695696214,0.028225553949278212,0.031156861238632597,0.024651669367683766,0.024651669367683766,,0.026861745300891377,,,0.031156861238632597,0.031156861238632597,,0.02575319358338873,,0.02785094284611642,0.031748929513058716,,0.031156861238632597,0.02642341226428553,,0.013723347387262398,0.008571805929295148,,0.031156861238632597,,0.020817217744848845,0.030513187873138035,,,0.029739677183303802,0.031156861238632597,0.031156861238632597,0.031156861238632597,,0.022441024220540968,0.023129573248404124,,0.02749156376939183,0.031156861238632597,,0.029018457817981305,0.018303846089732474,,,0.03128047663899384,,0.02749156376939183,0.02971369879876427,0.030476635221115597,0.028493393294360642,0.030629884383757144,0.028822652495375523,,0.0325608086708082,,,,0.031156861238632597,0.02917183834681555,0.030750607483245207,0.013032782811979676,,0.013032782811979676,0.02617804308881097,,,,,0.031156861238632597,,,0.008571805929295148,,,,0.031156861238632597,0.03136293279102503,,0.03161875610085987,,0.031156861238632597,,0.031156861238632597,0.02983039530938338,0.02894385860038922,,0.031156861238632597,0.028248617619606255,,0.031156861238632597,0.029951118408871442,0.029188634275143607,0.027426064874904447,0.024651669367683766,0.03136293279102503,0.008571805929295148,0.024651669367683766,0.02894385860038922,0.023891138569878335,0.027728983379499004,0.03091438695696214,0.031156861238632597,,0.031156861238632597,0.024651669367683766,0.008571805929295148
2024-06-01,0.030451132820843177,0.020122496903134404,0.021324515044552544,,0.026997179029398497,0.032442861376549746,0.015730525850798514,0.042496673252270425,0.03128457509961827,0.027781530029448564,0.030269255119199392,0.025142825174716395,0.028371410255401224,0.0254724415175234,0.02242538227418129,-0.013017036401954276,,0.026319564292296687,,,0.032442861376549746,0.032442861376549746,,0.026525613455596588,,0.011657367336349679,0.05031819976695413,,0.03534178804216673,0.02814505728771697,,0.010618929264409188,-0.023368054426251735,,0.032863427833352984,,0.026574478868125452,0.030269255119199392,,,0.029444316074118515,0.032442861376549746,0.032442861376549746,0.020476937734720282,,0.02810071069623003,-0.012116520974980213,,0.030999081401617647,0.032442861376549746,,0.030484695119272216,0.01628014035608904,,,0.01516885416652788,,0.01586836617254791,0.030641643959896332,0.02677720896644555,0.02798426012776866,0.01882941313072788,0.0226290424910299,,0.034561813943068335,,,,0.032442861376549746,0.03240111971951033,0.027781530029448564,-0.013647019894181423,,0.013919678712955222,0.0019403287019423942,,,,,0.032863427833352984,,,0.022533449565775382,,,,0.03431804953701036,0.024487422373833397,,0.029644045192180123,,0.031326944234607045,,0.032442861376549746,0.0264308165492266,0.027781530029448564,,0.031326944234607045,0.028371410255401224,,0.031326944234607045,0.028371410255401224,0.026170778826430804,0.021324515044552544,0.01582401415918007,0.017325995114007738,0.019740024820647198,0.022737791972644528,0.027781530029448564,0.01326917396328287,0.026266497966972675,0.03174751069141028,0.032442861376549746,,0.03254592278280427,0.022737791972644528,-0.023368054426251735
2024-09-01,0.035715390207079145,0.02702237537456026,0.02697886236425808,,0.029463889034683447,0.03183320639623983,0.029463889034683447,0.03304900286753871,0.04148326568430785,0.029626813831488373,0.017886598130146567,0.025320891576725003,0.029626813831488373,0.03183320639623983,0.02537022275706192,0.02537022275706192,,0.027544794618853657,,,0.03183320639623983,0.03183320639623983,,0.029581864424875284,,0.021836613212737256,0.03308081779547149,,0.028757259536025283,0.029463889034683447,,0.02936682845835747,0.035715390207079145,,0.03183320639623983,,0.029538403534524586,0.03165422068648677,,,0.030552519300768962,0.030928644085034516,0.03183320639623983,0.029626813831488373,,0.029626813831488373,0.025320891576725003,,0.02967892500120126,0.03183320639623983,,0.030649579877094938,0.02697886236425808,,,0.028846516348462223,,0.029626813831488373,0.029481189073299326,0.02949398048047177,0.02936762657040623,0.028646445908933244,0.025320891576725003,,0.032917373736828494,,,,0.03183320639623983,0.032917373736828494,0.029585489916081027,0.025097304324466954,,0.025097304324466954,0.025550157002295213,,,,,0.03183320639623983,,,0.02537022275706192,,,,0.028771267026506814,0.025097304324466954,,0.030683565810593085,,0.029651618916284695,,0.01822587481238912,0.02697886236425808,0.02942907790358644,,0.029651618916284695,0.029538403534524586,,0.029651618916284695,0.02967892500120126,0.030683565810593085,0.029626813831488373,0.026032872681909697,0.02697886236425808,0.02697886236425808,0.02702237537456026,0.027707719415658583,0.02579349366765522,0.029626813831488373,0.03183320639623983,0.035715390207079145,,0.032917373736828494,0.024020986319354422,0.025320891576725003
2024-12-01,0.021382029719128753,0.018850138955928353,0.02133316302119964,,0.01834106851067207,0.029159680187610042,-0.006432931542185464,0.0485149552393084,0.028524924282638694,0.025765831864516628,0.030959851602962482,0.030553592416276736,0.025932475953326137,0.022755255364373915,0.015789609510489327,0.005831630714444465,,0.023197085970248194,,,0.029159680187610042,0.029159680187610042,,0.017320299686100427,,0.012041952037704516,0.035884607940282365,,0.029159680187610042,0.008359135905262122,,0.022458370350943842,-0.02779859795020326,,0.029159680187610042,,0.0057457946485688725,0.03133452578959477,,,0.02351688008326615,0.02748203891412995,0.029159680187610042,0.027378427996070907,,0.019010518991350592,-0.02779859795020326,,0.02549516510013866,0.029159680187610042,,0.02056152292165537,0.014915802495759462,,,0.019151242442249673,,0.01769144838740541,0.026318550675776504,0.019028722754386822,0.03118923628549368,0.022087510399177033,0.011469376765327494,,0.03422066976201828,,,,0.03386267850008318,0.03000358060503433,0.0259125817594491,0.004243519994675481,,-0.008414026749408238,0.007303121371918135,,,,,0.026455050848316182,,,-0.001791131198268608,,,,0.02707128981037033,0.02325486581432316,,0.014161204719410446,,0.02504911070995042,,0.02480769836264074,0.02174906823037792,0.022664250215185464,,0.028928532030399315,0.007005271026157967,,0.028928532030399315,0.024986773946270194,0.030773166428741665,0.02156431117841037,0.012655285555985985,0.015325362162430271,0.02174906823037792,0.0063476806578981184,0.0172709555887399,0.017543854367655303,0.018578573547144407,0.02817739936891689,0.029159680187610042,,0.028356626901687002,0.017760204527856014,-0.02779859795020326
2025-03-01,0.02942071316771254,0.020272293181342358,0.02635883894528476,,0.027045760818964634,0.02925657436225292,0.027045760818964634,0.03347124993380958,0.029732033104607515,0.025112616456739595,0.013824879240422328,0.025894352206292312,0.026913648261926465,0.02925657436225292,0.02925657436225292,0.018765570723095457,,0.027045760818964634,,,0.02925657436225292,0.02925657436225292,,0.027597313310911392,,0.025936672976856,0.032742327639947534,,0.02000404508872209,0.027045760818964634,,0.026913648261926465,0.029628963094952426,,0.02925657436225292,,0.02925657436225292,0.0300281212744176,,,0.0275748379274316,0.02925657436225292,0.02925657436225292,0.027045760818964634,,0.027045760818964634,0.012185411355425672,,0.027045760818964634,0.02925657436225292,,0.013824879240422328,0.02706026310349882,,,0.025801158712700376,,0.027045760818964634,0.02609090979357371,0.022108954578838554,0.02770695048446977,0.0275748379274316,0.012185411355425672,,0.029217367396244795,,,,0.028656447921445127,0.03237985018263129,0.027045760818964634,0.026961291655784165,,,0.029202887026910335,,,,,0.027045760818964634,,,-0.00894530021998708,,,,0.028519113855177355,0.02942071316771254,,0.019015795557492887,,0.02609090979357371,,0.02779412679042761,0.02635883894528476,0.024104653880054193,,0.02942071316771254,0.02533203922629594,,0.028519113855177355,0.027045760818964634,0.029366931608912464,0.026913648261926465,0.026961291655784165,0.027597313310911392,-0.00894530021998708,0.02635883894528476,0.02609090979357371,0.026116262697395948,0.027045760818964634,0.02925657436225292,0.02925657436225292,,0.02925657436225292,0.02635883894528476,0.012185411355425672
2025-06-01,0.027491636262084708,0.026124136417866078,0.027912488862315087,,0.025624214081245288,0.027278305713806017,0.025624214081245288,0.023234326151911244,0.027687372974875623,0.014316014258381483,0.010744142535210891,0.02647861473549326,0.025624214081245288,0.027560373550887765,0.027278305713806017,0.02264209558234121,,0.025624214081245288,,,0.027776613459712014,0.027278305713806017,,0.025624214081245288,,0.027989944007990705,0.03352573842390972,,0.02386415763473301,0.025624214081245288,,0.025624214081245288,-0.007958254284289392,,0.027491636262084708,,0.017455848141334978,0.02782032029045044,,,0.025624214081245288,0.027491636262084708,0.027491636262084708,0.025624214081245288,,0.025624214081245288,0.026425707162686135,,0.025624214081245288,0.027278305713806017,,0.010744142535210891,0.024548287291694445,,,0.025073951055270823,,0.028410796608221083,0.026064941146724543,0.022984871829639972,0.02782032029045044,0.02782032029045044,0.012508694040441977,,0.025181355628117102,,,,,0.024606138586420502,0.017455848141334978,0.025302669928946555,,,0.025181355628117102,0.03137020257461706,,,,0.027278305713806017,,,0.026872245674224894,,,,0.027491636262084708,0.027491636262084708,,-0.010580037074801226,,0.02358479158105958,,0.027491636262084708,0.027912488862315087,0.025624214081245288,,0.027989944007990705,0.02358479158105958,,0.02647861473549326,0.025624214081245288,0.025624214081245288,0.028410796608221083,0.026872245674224894,0.023365849888827013,-0.004591105762334171,0.02232560670073682,0.023911658999603576,0.027687372974875623,0.025624214081245288,0.027491636262084708,0.027278305713806017,,0.027491636262084708,0.0227922130362258,-0.010580037074801226
2025-09-01,0.019658967826611768,0.020627593715675543,0.02123274581424678,,0.022426436681534,0.029516921822917444,0.023587551551655702,0.026002055482478293,0.04064580002630167,0.024031247791378295,0.02987347861729183,0.029287874438871365,0.023587551551655702,0.03281258137239343,0.03018889507019748,0.021535599679804774,,0.034571638260980773,,,0.020297749913719493,0.02847077317489533,,0.022514781223202475,,0.024079105792534396,0.049185769838314665,,0.030739389278608788,0.023977629480189125,,0.023587551551655702,-0.06714605493588796,,0.029516921822917444,,0.02111824000169632,0.02987347861729183,,,0.028227791372476496,0.028480529962814694,0.03018889507019748,0.023953498178058644,,0.024079105792534396,0.024390902772540555,,0.024079105792534396,0.029657018853305638,,-0.010707810260807924,0.01657857068651655,,,0.022977572940325024,,0.021916321112107895,0.025555450266845067,0.002379241299520873,0.028445696118548965,0.02762933126138192,0.003957673839059307,,0.025104403760161476,,,,,0.0160721738763299,0.02326685808979482,0.011497259486694679,,,0.024931226788236314,0.020148929738076846,0.020146455585126243,,,0.03018889507019748,,,,,,,0.029799807214697615,0.02310941261597447,,0.025831698907565613,,0.020479457914588595,,0.02409347986274516,0.02324239910292374,,,0.03247941892558333,0.020479457914588595,,0.028693266213744108,0.02418601166275028,0.025831698907565613,0.024062868236739764,0.024210579106804776,0.03418156033244735,-0.06714605493588796,0.01528221942909827,0.028120885502260613,0.03763611210566907,0.021979407672587433,0.028405018095323944,0.030739389278608788,,0.03018889507019748,0.02133267589339059,-0.012174710252780652
2025-12-01,0.009287888955122453,0.027307921447226133,0.01959668773183591,,0.02392178994356422,0.03077661545392219,0.026100921578701308,0.04315188774720898,0.06266455435938445,0.027392615866469364,-0.039465914708428265,0.0353926397444877,0.026226341013372546,0.023973439176816394,0.030854264758998298,,,0.028580627033458945,,,0.008920180121373472,0.02811470918697723,,0.025438841085314395,,0.02785464576615385,0.03117201186216171,,0.03329041158870018,,,0.025518745118850866,,,0.03077661545392219,,0.03777909528103374,0.027567214210519317,,,0.024746134535162376,0.030782520903179244,0.023086985050737176,0.02788426896958406,,0.026409809499121695,0.007849399482726125,,0.02747826392571128,0.023310593875430073,,0.02684626363155502,,,,-0.009183806016986205,,0.01692879203531831,0.009385744358394439,0.0073706916105769,,0.028453649716910164,0.01054442968743225,,0.023949988731704962,,,,,0.03175586428635747,0.02636844333717797,0.021704067992800356,,,0.02597141230575768,0.012030327380000275,0.027947344184974347,,,0.032525245123570044,,,,,,,,0.02753760194774269,,0.02115652808918606,,0.03466392137944526,,0.02215901219310849,0.02459936459329103,,,0.02806516210661619,0.010916295992126563,,0.03140146614599053,,0.02796715729800042,0.026650240138006036,0.014130490065702127,0.02145018776539585,-0.16933937643820682,0.01529968224835337,0.026258431700253528,0.062456558814837304,,0.03504001038002038,0.024105047698670924,,0.03540503920640416,0.012861761969803816,
