,1161,1327,1632,1651,1690,1704,1878,2504,3336,3532,5606,6008,6066,6304,6565,7343,7506,7585,7980,10420,10453,10499,10631,10789,11135,11399,11636,11910,12141,12142,12216,12441,12540,12884,13421,14256,14282,14489,14650,17110,18699,20232,20748,20779,22325,22815,23119,23943,24405,24800,24803,24925,24975,25157,25783,26156,26304,27928,27965,28139,28195,28320,28385,28477,29241,29345,29791,30697,32530,34955,36203,37596,38077,39391,39935,51008,51921,60992,61552,61591,61676,62602,63080,63099,63180,64156,64356,64853,65904,66368,66708,111864,113419,117768,121077,121718,122841,125595,126721,132502,134932,143357,150937,157855,160888,171007,175404,175955,177267,178310,180711,183377,184725,185517,187450,187697,324138
2001-03-01,0.10445595056807297,0.12975053047652,0.13059635615012266,0.07672677465270566,0.12464195658706333,0.10119694414745313,0.097881129823584,0.07928532235642141,0.07991543855158185,0.07835206575858933,0.05987910779755242,0.09486634260829854,0.07314033312887433,0.07443214259249926,0.09533307464259973,0.13022916031549092,0.0706526115122241,0.08027165626814359,0.06806587018129973,0.1371959554642903,0.08893564124993864,0.09976279234672715,0.09367937007790524,0.10096961217228183,0.14322568456402168,0.10521422935657641,0.081915389606506,0.1062832247769706,0.13002777480041053,0.11218454329045001,0.1391683005303123,0.10369117565053884,0.13273695990270265,0.13843898635865964,0.06838252079429084,0.14765814408715616,0.11884864857629797,0.09272459763233129,0.06647810936531426,0.08639578870369265,0.07715039853518758,,,0.10664204792600639,0.0939416880898368,0.09895980314930007,,0.11575213904581934,0.1290768415214298,0.13622947606992233,0.13052230110546564,0.06818141461506722,0.07216722006080269,0.06809767087750225,0.10149690301912973,,,0.09895202076337445,0.10316983878797487,0.11031570475436808,0.0838026153995519,0.13066270479694594,0.11961264790847201,0.10805889452419701,0.12208439236137839,0.09027555593159504,0.14819386025568526,0.06971697685555846,,,,,,,,,,0.09184398866173268,0.07131512633911827,0.11755147855545245,0.13618289459134553,0.13491293274837088,0.1297357128991427,0.12028184690411678,0.13777082932637996,0.07305482090888532,0.12484247201053485,0.14452435245404016,0.12902746021875613,0.10338281128321646,0.12808788564956183,0.13271205390936236,0.06530618275272375,0.13241043122203525,0.09809343744181863,0.144441380849239,0.13845994693030653,0.12838175860466416,0.09072579017035948,0.1227336702250674,0.120234670925929,,,,,,,,,,,,,,,,
2001-06-01,0.11071960653611189,0.14141304826668857,0.14364134224679834,0.09353666838462303,0.11467633123035621,0.13882537797580066,0.11385662360992388,0.08870335066683982,0.09189666020378663,0.0844289890218373,0.07664997288776862,0.10418865826055146,0.06837892745883652,0.0884971839177709,0.09727831370305769,0.12568430089749724,0.08745332726573894,0.08520492784200422,0.079380844336178,0.1407590679999615,0.1039578879374334,0.12146621921247855,0.09224374010541629,0.09360342832892782,0.13338111226116195,0.10338815339208317,0.09210886434946033,0.10523043516573188,0.14506361958258945,0.11061718376941218,0.1308844062654986,0.08987681511727107,0.14792106805513228,0.14804954567439216,0.07183355011680444,0.15017815903860818,0.12186550340231683,0.08939615688828657,0.07000723914111427,0.10359814870951103,0.07168099571404754,,,0.09581763004019947,0.08978695679861676,0.08786334276901947,,0.11097780842028064,0.14040397133383553,0.13347669797898276,0.1100305867339896,0.07335712419279512,0.09472240709424558,0.07332173170437352,0.1032873181404318,,,0.09860865956697762,0.12190900076659954,0.11817195726297011,0.09965482617430982,0.1287112495058323,0.0969523158787441,0.10928324375313807,0.11457220957508157,0.09453943004721706,0.13781121645468924,0.10142054351248148,,,,,,,,,,0.09726663909634523,0.08764040512388865,0.12286160654637111,0.11767831860634397,0.1123284900200039,0.11128682162237488,0.09456194113007438,0.11731778898333448,0.07819312874409484,0.11768349963540091,0.11076177304150278,0.12370246196747793,0.09717913304214251,0.10085063669468886,0.12982966413603494,0.06995671218014705,0.16102159078288486,0.09886915455625761,0.13269040162969806,0.11663145099579418,0.10986119683655886,0.09021600870159732,0.08760338874798616,0.09722848296220811,,,,,,,,,,,,,,,,
2001-09-01,0.09223514294771679,0.10441531847683543,0.12192925336449428,0.08605392689857608,0.11753321635276269,0.12494870519441797,0.08358607710224535,0.07997485981688122,0.07257157419970403,0.07497977824676878,0.07976576952183007,0.0834326536736619,0.05867267615613837,0.06741769397233972,0.11739633440333815,0.0993759761224208,0.08174157598464465,0.06934573401046597,0.05718215442256424,0.10393464740404816,0.08791925985040747,0.09761834332926085,0.08561420266581583,0.08297244071525801,0.0989496124833051,0.08320303709174577,0.07199483247073825,0.07528287881014156,0.1294246249729661,0.09083302283534518,0.12528741551194514,0.07406650478842744,0.12419129159591258,0.11623522948279223,0.05206487170502344,0.1188926608367181,0.10620187458996372,0.08119442205829758,0.056851229917134566,0.09245506310537323,0.06223995458159338,,,0.07512842919748307,0.10420152825157412,0.07106672082954037,,0.10776460491501419,0.1199916457532864,0.10008389802017924,0.088385981557715,0.07172436896612336,0.0691650202987064,0.06100376310166569,0.08214173215702054,,,0.09314155911346701,0.08914350782752227,0.11709181788263871,0.09929035617773391,0.1257126099399755,0.08196078542313842,0.1064581705520625,0.09830163628332392,0.08344368476281737,0.11926449833305028,0.09250762031255658,,,,,,,,,,0.08370965043483693,0.07429034434729692,0.10637980065681342,0.10333366008230203,0.10773052273139624,0.12859993424172209,0.0730734520292464,0.12823306473713264,0.05713043003674536,0.0979192857051751,0.09329083774267083,0.09789342690896964,0.06520241621948246,0.09026688023133403,0.1364611190765749,0.08016098722067025,0.13516812770598047,0.10507728361282441,0.10769229031049621,0.10782468169093291,0.10581052419153701,0.08200246421707798,0.07809708379548479,0.08320303709174577,0.06199968901752502,,,,,,,,,,,,,,,
2001-12-01,0.08531394172543985,0.07725972972336222,0.12073041696091408,0.0824874029093496,0.12016195998900402,0.11098205214947891,0.09047082470132228,0.05251648710619421,0.06738820476481724,0.07260917066796431,0.08738178586745061,0.08059943707472607,0.02059314831681133,0.0720948952245428,0.087272260478839,0.09081266386655057,0.05686493352829453,0.041629741025508774,0.03871494240913646,0.08375897079074912,0.06226226925904184,0.0736283884596759,0.06341231913655215,0.058069954941755236,0.09488518582609239,0.09250823108195083,0.0634080746681013,0.08218193937000862,0.12039813424272397,0.06443776072487789,0.09699730482263855,0.05642978002380738,0.12462014567237746,0.11468448114400763,0.05891598982282089,0.10587378624315502,0.09804123028352091,0.06227342954326867,0.04703121381761778,0.08242052752164165,0.05526493820835319,,,0.061153103226017885,0.07697900008696167,0.06337402677381684,,0.09357772925094421,0.10516521271157195,0.07454637039291152,0.05079545721013009,0.06324935648032735,0.04660092872249653,0.04049137369607335,0.06125896466216957,,,0.06800945776082003,0.10997780409067084,0.07810513028201212,0.07442042710393498,0.12897364572284883,0.12011985974947458,0.06078859956744531,0.08696548996660149,0.08758524230210953,0.11896798084108517,0.03830291936494294,,,,,,,,,,0.082957133202925,0.041665310016816275,0.07498797856333245,0.06800159759189978,0.10119598872787455,0.11159241176810665,0.060347634936513524,0.12153895461027324,0.042320047469225956,0.059364469278259016,0.07249085983058819,0.08018868616197551,0.04129474774854819,0.07332095097976392,0.1363999643715969,0.04823300017902574,0.13296970875563724,0.08373578100964259,0.101742828592868,0.08031027460331258,0.10426594368945166,0.08228647061037242,0.059071260052045965,0.09687307851966687,0.061187147668876,,,,,,,,,,,,,,,
2002-03-01,0.028092185972715802,-0.0015035866643088,0.05935374848447205,0.04817029546607857,0.11364673671720577,0.04595400885823883,0.07647255478667803,-0.02110903818621236,0.05595523229192386,0.048245360641538976,0.07565142779947133,0.042274588859485276,0.00512167207698574,0.0036229478375653505,0.03683791904720439,0.030714468795857278,0.05343469966103801,-0.01920540618680419,-0.03708021826360742,0.04830727947734904,0.022782886581705086,0.037232102259741495,0.07512052945900385,0.04746596889767875,0.018482093247196584,0.07998311672260855,-0.018180784613827276,0.0613444760633089,0.10426917702814352,0.08016744725691101,0.08420926617506838,0.0714232266138912,0.08915581847972726,0.046408210328773444,0.050027789909653855,0.0527341818767822,0.09083446442223203,0.06778752105272665,0.0003179808407175966,0.05550134821462768,-0.00992506359604756,,,0.04375016810090067,0.056507221264022044,0.024891889879901874,,0.015113782248923551,0.09180423570611283,0.07803034405004403,-0.005651509944953667,0.02464339178314522,0.02484404588412987,0.01675944420225139,0.05826795274230283,,,0.04904399933602241,0.11427852333710282,-0.014324784685884807,0.07007032197581631,0.06418564624925566,0.07342020452125561,0.07680795363236949,0.012591227893731474,0.0865749821874642,0.12279482486348964,0.008108094802446031,,,,,,,,,,0.04837044536067039,-0.014905268753525268,0.07006156851376065,0.047192078213672675,0.06336265260209681,0.09261155755133224,-0.024443251718989263,0.09882339305426459,0.030251624841189564,-0.0037425392224217846,0.01041606644672183,0.023804454672048565,-0.002829156461763627,0.013362927575787937,0.12797034041934985,0.015346271481785079,0.11636085255512794,0.03599816850487091,0.042136703525362494,0.02997742815904068,0.057991842388133014,0.08540236176575278,0.042392613209241016,0.0797335749503965,0.036694185593940574,,,,,,,,,,,,,,,
2002-06-01,0.0018072074694184274,-0.013256638088915912,0.024168118001266833,0.06007316084973185,0.10737734021852276,0.006752395764969288,0.08009533546152053,-0.00043482814742739885,0.033368733062785455,0.03640158746695752,0.09163524929262784,0.018880138376657498,-0.026693766037613673,-0.026662329717185167,0.05217208723361232,-0.02243153568907482,0.013750358588966751,-0.032317123033407044,-0.05186585570125351,0.04665612441979798,-0.046230162459555774,-0.03276502558932649,0.038049593839625535,0.03934331595181821,0.006050193762342996,0.08761190838620424,-0.03629317460212642,0.011777989131074503,0.08781028085597553,0.09455508872074438,0.010623939632707198,-0.0002716813843405824,0.09415215483801638,0.01778416999498241,0.015133297177338172,-0.009405478970928067,0.08857849943784245,0.029191838296645126,-0.019288408735607374,0.0441177695665225,-0.005459981213211985,,,0.05975412116798451,0.002273368461747295,0.0072627414909590664,,0.018621664172356896,0.06617977222009148,0.039726664747224937,-0.07105589857955104,0.030579550228292205,0.046505465327918626,-0.00343074472068681,0.08204246864084533,,,0.07211016540624011,0.08088498407512094,-0.040097082942723544,0.04456516735050649,0.03712998712450137,0.08836648898844339,0.06521072131450395,0.007579341521879389,0.042025351736113575,0.06308887515779169,-0.01569801324786311,,,,,,,,,,0.024876226576314386,-0.037136141197194765,0.027970670180008095,0.012451591442613449,0.02625013630644496,0.0619128882535243,-0.02766318131850303,0.028373636455633212,0.0041702521707838195,-0.006864826888712375,-0.04715857197168305,-0.029821482981832837,-0.021300880441980093,-0.015683999159475243,0.10719370217868715,0.03070224210248162,0.11890127508297087,0.0230909124437128,0.029732064426354315,-0.005501245562470196,0.05674693404685593,0.05416661687327328,0.0320843835513624,0.044393284847171234,0.1019056904867363,,,,,,,,,,,,,,,
2002-09-01,0.02792603441291822,0.03912006748311628,0.05304489116109196,0.06351714040225419,0.11783147991680484,0.04743262226305111,0.0946780665588875,0.011456967803410803,0.03653003990185508,0.046161977067395374,0.01549564101766508,0.06231106133669916,-0.03207703656640432,0.0024324837144149548,0.029770616456303144,-0.010284364176574336,0.051389112198279914,-0.038128440833465935,0.03311121928413105,0.02636627319521192,-0.019868322697203095,0.01884289522601803,0.05035870210400527,0.06410521804361871,0.017256908923080964,0.12613290355854903,0.05557224139853698,0.08667991852468218,0.07947825207583539,0.07301160298837676,0.05665504705213333,0.11766642771853517,0.07951224385090178,0.057673389967156166,0.0005045189806428654,0.07130566100876638,0.09497202548231948,0.08177854218219556,0.03559456065021083,0.07851315525206218,0.018839203237723253,,,0.07421708598112602,0.03669739019292866,0.0737972594323677,,0.028272330234227615,0.06945505602540546,0.014587020122295517,-0.04318183121968346,0.08703806850723884,-0.005504099673835842,0.0034483425665657384,0.09145229634532791,,,0.048231543319533325,0.0474298485169536,-0.0038366303830490453,0.0684955561661379,0.07902229001394405,0.08778515875840055,0.06865672987486322,0.020540699423424614,0.04574984961217781,0.06727743992621582,0.004699896241104388,,,,,,,,,,0.08394624085324605,-0.019119025078359872,0.06444821784240713,0.09234895484534827,0.058555302263454,0.10713806429152731,-0.017495590077005765,0.061567231197168594,-0.013284388086152722,0.004763691689697453,0.053311017774572395,0.01623494747674235,0.025387800795177422,0.021402352688020373,0.11015749423007937,0.06654302738301576,0.12814485210012927,0.013098420901791072,0.09357214098797531,0.005459672656518707,0.07036738916563814,0.07979398907799348,0.0789144084981869,0.05473967165980317,0.09323238793471035,,,,,,,,,,,,,,,
2002-12-01,0.003834408236312993,-0.004606061515528899,4.537197208524767e-05,0.007567173970981268,0.028199181235908973,0.061731368002215355,0.00485265386542052,0.011809983301375351,0.08143784286769494,0.01411472697856919,0.06384136519014039,0.08265155702909073,-0.0061308903909710125,-0.010864128736958079,-0.004530482618166236,-0.02138695078482324,0.0223445581874508,-0.03764444864563913,0.011202079636574097,-0.018914410353581743,-0.0026002168106956615,0.05645223897468603,0.08673785082039549,0.06947687414229682,-0.007959486374009643,0.07367710031015343,0.05248474836733525,0.003594390220646976,0.06362998220680292,0.045608414029189935,0.00999701466914297,0.11989587212643105,0.08104617882136506,-0.013565171642694713,0.020853917446643486,0.026886297185503002,0.09797976510752561,0.03779311667402591,0.03868582508291211,0.013680242387822495,0.00529455041642553,,,0.04380686910080396,0.0739312773179209,0.09470748023745644,,-0.024886735987932066,0.04116481993665377,0.0956560539134558,0.026234606103990213,0.06746462686341186,-0.03785571629712048,0.025330361752628087,0.10963178323767674,,,-0.09738535671126057,0.051680971370853646,0.02654463440576535,0.018512950045550598,0.06142727472801648,0.09471129566720794,0.09073080782673902,-0.018211451822607406,0.003156185855800248,0.06833284422463821,0.00518382584546919,,,,,,,,,,-0.010941796101087005,0.010502021399748698,0.07143654999094541,0.11020444069906413,-0.002752909706801664,0.10419629638824837,-0.02937228808117652,-0.0038725321961667857,0.05790470063214749,-0.07883859975045182,0.011268837966247482,-0.04812524263726187,-0.007086239089442262,-0.009815369872554413,0.09264550069097809,0.10286396056124193,0.032045115254681296,-0.02215757126915701,-0.005222046235482684,-0.01966197043712755,0.0106729581191528,0.08306602698191413,0.08837697278926342,-0.0019116459406876526,0.07169444921564001,,,,,,,,,,,,,,,
2003-03-01,0.07006745412462893,0.07268421584051342,0.036106867007013405,0.1110652500172028,0.07954861641110872,0.01933927550309852,0.07162049462450752,0.03322167429117599,0.09891631232901421,0.07341698184685735,0.10780124994186677,0.09489390657239534,0.004095025957224038,-0.005286171681830445,0.07291398692567673,0.050349128905976794,0.058183677610833415,0.017593380868422957,0.026834790091365246,0.026685356185805288,0.022686894916927988,0.009105415953402068,0.08908869358771375,0.1131603695627677,0.018647614082608965,0.1185939659644646,0.02001334516050812,0.061548799301398824,0.052237116131465665,0.05139781372495181,-0.002127401619529122,,0.06793504899670996,0.04113920974926242,0.0910975039964594,0.03727350239227975,0.10487894529410038,0.057994766011640504,0.031343102513045305,0.0632912093375991,0.029078256702500766,,,0.06185367275593098,0.020851100051685636,0.12984730787975424,,-0.0009426658754844693,0.039724768911105504,0.07122566854568371,-0.028527052415816767,,0.06117810846545159,0.02020602321386321,0.03809459277892697,,,0.03740562684369143,0.062340136184103896,0.004368475032440153,0.07217812738739032,0.07894351560710522,0.11335051603010973,0.08351098675687464,0.017383376194424857,0.07584002511635428,0.06772382167771475,-0.010261424225890032,,,,,,,,,,0.06283135064594055,-0.001836101821979845,0.07228463599338243,0.09701311794132128,0.07182991670647267,0.10252000659198238,-0.04437524760035278,0.05950698516179966,0.021190192026641744,-0.029850713853103512,-0.016839766571343465,-0.008005594875881261,0.031430347504847245,0.026815977902139538,0.10485225829119477,0.04381208118499281,0.1590955645496605,0.058532054785142576,0.06770359768344561,0.05777255669251076,0.07578215242249012,0.11379246937940632,0.08141761628921436,0.06808218714288726,0.10513932824841979,0.12237475398757366,,,,,,,,,,,,,,
2003-06-01,0.0414261044931355,0.02900847011700985,0.024479608415273017,0.05438914701180742,0.11161720686809888,-0.0011748783555635897,0.060989025115636246,0.006398180042515041,0.09031043193990893,0.02344427127904412,0.1278643182416643,0.07045130329543071,-0.0014978315105423265,-0.004815115647821037,0.057071304306987744,0.026570706642527826,0.05609968966363334,0.0048731661908868835,-0.024388803075718224,0.03217694941583896,-0.00573100629983316,0.04245921985706032,0.06202300957892086,0.13572674341108212,,0.11960917023597285,-0.03962485032066341,0.04947346167592135,0.07483590582344786,0.06792045798697506,0.0030846817379479702,0.03221667767295862,0.07132011557341299,0.03201304524680954,0.03359720409652724,0.01946241970121897,0.10450696521987825,0.0037107731201056772,0.04975520456298642,0.0582983913504079,0.007416385080480872,,,0.07441233804707227,0.05658756247106908,0.08648936871951812,,-0.014433991037714393,0.03606555215350544,0.08669171400129311,-0.034199173535761476,0.1050706500820165,0.04124277919564043,-0.0067679156154220104,0.05687157312897643,,,0.07698492633177419,0.09283427051587212,-0.007084292014479998,0.023874259826262168,0.06588619930015667,0.11319881618220573,0.06982023188959295,-0.06320109799401641,0.07340090248228193,0.07325681276062881,0.0346236932348452,,,,,,,,,,0.05920229606172689,-0.00867756261005286,0.06673984319034486,0.06180997405593248,0.057484926128909423,0.07832695045953314,-0.009682211947296522,0.08700605783682021,-0.018632739206746535,-0.048598739785353375,-0.025124286178402556,0.016355602009245292,0.0346733581256072,-0.0006181909104388996,0.10250730304566423,0.10694852013450089,0.09716511860979647,0.056141142706486846,0.05822345194157825,0.04385449284101845,0.0370365196558872,0.09633196868140896,0.03669629602524276,0.04801587154276438,0.10099566733098486,0.12410626294135613,,,,,,,,,,,,,,
2003-09-01,-0.04070861625458133,-0.04862085190055574,-0.004679260396737161,0.08070583827182802,0.07152300546327323,-0.10604443252952672,0.10112378580409716,-0.005033759984835069,0.060704768087721905,-0.0772503750642102,0.06235328515797101,0.026942363720006732,-0.005937764917673371,-0.030377293557050756,0.03829156046544509,-0.06084727511242219,0.02616662206517306,-0.027716940410528575,-0.03320187621012593,-0.06179666878834854,-0.0936622728901615,0.026551518328458572,-0.00499516284031999,0.08981662338330594,,0.09738473789873671,-0.01325188986417408,-0.045705709021849554,0.031178147866521684,0.01090204122876191,0.009488971394013881,0.07893872785880567,0.04626465351496426,-0.046772097399899716,-0.059182021808015975,0.013002690472506608,0.06816250251775663,0.0033100687079656876,-0.08264223805267842,-0.05960048599720527,-0.07442207811475146,,,0.0036151964092258114,-0.002334133977247555,0.08670840199592414,,-0.08847204693226354,0.021090360788204317,0.058767918471450145,-0.17143168380885976,0.07235983212572547,0.0044631547792603945,-0.005737331390342571,0.027631179593720585,,,-0.0371171421823186,0.003771028370168873,-0.09997079998098087,0.0006814346324696183,0.03846286729188388,0.09658855391343737,0.08015669186814696,-0.1574677265432011,-0.03550835115687164,0.023337871944307757,0.025825403283027314,,,,,,,,,,0.04770464204828788,-0.0324246889785298,0.034512274755195485,-0.005293314605662219,-0.05173759785463251,0.03517763298716377,-0.13770696751611233,0.05418108947582753,-0.038141252188280024,-0.1539350776837267,-0.09292947628722124,-0.1327201298285656,-0.07527098025729184,-0.09408924873671755,0.09193614844736246,0.11023011305250013,0.07662494021361592,0.04052962860628453,0.03511208152006977,0.019650406777602988,-0.07068717824859232,0.12231480847145372,-0.04602760876015938,-0.030988449746475525,0.05979471293058673,0.06488652499562822,,,,,,,,,,,,,,
2003-12-01,-0.08364519128780554,-0.09323614255299066,0.006078014196996702,-0.036235701783227235,0.06931049286747938,-0.06405830674782588,0.054186188067015084,0.006091381847291948,0.05707580316208512,-0.031205245820851855,0.0729088891015861,0.026219036991752143,-0.017151615792665123,-0.09169670363499699,0.008075190944626035,0.036158926402249124,-0.003440010393984524,-0.05138159943198799,-0.049156804249514144,-0.10270839315021851,-0.11459803657800816,0.008192008125361713,0.002734476647753884,0.074157114093951,,0.018031037753982557,-0.005106659217069142,-0.10918888172505198,-0.02184758219247348,0.009197730605191726,-0.05908256247341856,0.0288618462904578,0.05775334780630204,-0.09742477075242625,-0.1129954035753745,-0.034278885288764334,0.08772184408617383,0.010469365632146536,-0.10626686995934705,-0.09219824359671083,-0.10533683552159205,,,-0.049639030121019535,-0.003754464929978022,0.10266540299785082,,-0.02612393152291119,0.008881325603211025,0.044045058886816806,-0.18047299300731606,0.05568301427674631,-0.006562576099880265,-0.014020981128321794,0.01911035425264462,,,-0.13927397675165495,0.025828904519060024,-0.13214597128725528,0.006667648253044069,0.025851251255829908,0.055891557519816254,0.08594077287384418,-0.12697594187261285,-0.09790122793785397,0.024582491856716508,0.008301771011256856,,,,,,,,,,0.05991900058060835,-0.017068812904648636,-0.016051828480063004,-0.013130962736809321,0.00413998682236493,0.04457783840186368,-0.16328731222131818,-0.10717299554814991,-0.0683372742188401,-0.1796299007822142,-0.021373742999654177,-0.13781540489085853,-0.10702215075233948,-0.12908949039031653,0.0870128185529682,0.07489773304351952,0.0608781784552137,-0.010795805624163872,-0.010839792906681125,-0.01514396289353198,-0.10374189925180687,0.09751531225405558,0.02352260176161352,-0.09808519812971522,0.039177777735691886,0.04164702144106917,,,,,,,,,,,,,,
2004-03-01,0.017276692391889854,0.03733192651374467,-0.026851384224714624,0.05102028703035004,0.08718455114937389,-0.03871144257310972,0.07038269867306632,0.02469840696919242,0.049097302814400764,-0.08927049796933853,0.05515262640997226,0.028155453752878975,0.00587703660030934,-0.06167350168499705,0.017012092964926583,-0.06890096132568616,0.010788687216978057,0.006563679156876395,-0.0295609380732186,-0.05220126469761171,-0.1273512102848222,0.01660993978937833,-0.00027426667277832947,0.05675513714328125,,0.08876522057222731,0.023201182607034524,-0.02273996160584352,0.029939482590365413,0.048053080850555124,-0.031328438356236415,0.032962271578036106,0.0656403402065067,-0.0378183793902965,-0.06619794167906179,-0.025411545400216,0.06697419010657227,0.01837038569816237,-0.11063418088360873,-0.05064804783802802,-0.06521507685574168,,,-0.05063895521468094,-0.020597932286742008,0.08538594388232784,,-0.04834092174195773,-0.012247389909986132,0.012069664555244095,-0.1606084761849331,0.009308873913813069,-0.06992267873981946,-0.0019302785263263036,0.06246408565457182,,,0.0056990912349068916,0.04469638150672551,-0.048480764171047325,0.03968805985687325,0.035239470753966266,0.08362126465523541,0.09162750941541517,-0.13738648774035525,-0.01966545644898061,0.016433169726013663,0.006542215471032695,,,,,,,,,,0.06501518171388136,-0.0010612449668459792,0.028140764550735668,0.0025063208013434623,0.019386562610135955,0.056199945336098865,-0.12215103431875242,0.018109380799536348,-0.06415203931484297,-0.171291172960096,-0.03086827661375856,-0.1218627940550301,-0.11759533988937974,-0.09714593558822625,0.08818621987616652,0.07783413450918057,0.09184206417973986,0.042338712775595935,-0.0400811644258207,-0.038742667333582045,-0.059216414232158295,0.07031505806323078,-0.021836553327539625,-0.03908864061753178,0.034116929838545536,0.054169008918500614,,,,,,,,,,,,,,
2004-06-01,0.02418761352943314,-0.029191213759226304,0.011743524753938807,-0.004261533523613265,0.09454587628135011,0.032173425360128474,0.027693865505714944,-0.03206137110778499,0.05749808207569606,-0.0017090208330813705,0.08321483901875208,0.005367426887180123,-0.01706777060978274,-0.03884540998227492,0.048573175171523604,0.02424121471283371,0.018238981791856103,-0.046727960608971726,-0.07515931952513187,0.01722252676675524,-0.033619521210037855,-0.042881673096908816,-0.03587792927467948,0.030247227377807134,,0.09282904298051294,-0.005534819934587839,-0.042778304252146654,0.046161182326351274,0.0628489634635279,-0.015438894351281304,0.04671429194432254,0.0590797122428095,-0.001015663708034301,-0.07760385832322393,-0.004660698350010491,0.08858382443437401,-0.002841311022507818,-0.02405285740137496,-0.021316759782034747,0.0071937365536107216,,,0.0006571332625561398,0.003060077221964031,0.04976789437885849,,0.00334722040872781,-0.009264314940044512,0.0061233385038267,-0.16181746297971716,0.028747310620250707,-0.0036480688095244075,0.009369860602443764,0.042272445880186575,,,0.041022344703292045,0.05864076032544559,-0.09149964344064657,0.038313022322150635,0.01336755746511099,0.01542314353471977,0.04454849614765362,-0.1266587801533834,-0.025583174491866756,0.06173752428877765,0.01563504478010567,,,,,,,,,,0.04870270941611667,-0.03397323011990168,0.04130037103911976,-0.048075368948963894,0.02329445954526106,0.06191871891222003,-0.12092479662492597,0.02869893531223297,-0.046951232132530406,-0.1176106933366066,-0.013961524056042838,-0.12079478200359751,-0.02484485024600026,-0.07259511606141508,0.08201139056081168,0.060442708848652514,0.06440982824345849,0.06013698448101903,-0.047376426812221074,-0.04106224485624449,0.017783867071303746,0.009564063638866792,0.05916598999608024,-0.0320191729977448,0.061840930802413714,0.08381497031472364,,,,,,,,,,,,,,
2004-09-01,0.03801561394655675,0.0708038073158409,0.03099321104600914,0.011816770693695341,0.09765826877661937,0.09098517247267206,0.006064560026062477,-0.02301295477541685,0.0261128617038382,0.023468814146841613,0.05874461292784519,0.03253659615505271,-0.004768093793508304,-0.026149985389368902,0.09434368137435417,0.07827648968565792,0.01800706379527978,-0.02891480211933102,-0.08377776055927011,0.07891317223427972,0.036192853833957726,0.033350935614128954,-0.011539114759955124,0.06306504076718177,,0.12440129350673189,0.03265608837027011,0.0667323283510593,0.04591496215281449,0.05473921512720598,0.0036915229200953697,0.04920868014282868,0.06220377359197852,0.030292729948162102,0.002108040358416507,-0.019075585563881992,0.09410263854124272,0.021910971507399856,-0.007967571162964687,-0.00047688596412703317,0.04312944016944356,,,0.01067433156645297,-0.021500745052910556,0.10916378157492279,,0.008003295366044166,-0.0033519163376281567,0.014349601179402573,-0.13478733446144717,0.023000469339626836,0.009506424611244561,-8.204621916999333e-05,0.026614976018369436,,,-0.012006630789905519,0.018873248714631783,-0.01353237130090581,0.05426442876048247,0.012808680640881092,-0.005542514454054816,0.04646140127981442,-0.09855172385664651,0.03061414971297006,0.0851195618291237,0.015631889194911944,,,,,,,,,,0.08901654679699882,-0.035780799348736174,0.011092648632245511,-0.012711884144993003,0.06463825590172373,0.06332208113940385,-0.07949263978510976,0.040439946804349966,-0.026958464809027288,-0.028659420622455793,-0.013356051942656193,-0.0416835798854355,-0.022856783526879598,-0.03551036794453514,0.08674856861109913,0.07983629088800223,0.06925870761272225,0.0939983936042216,-0.0725704075032384,0.021913352846590434,-0.005376951008060554,0.07134185437269404,0.07695127820240923,0.014587457750280617,0.053049852487332655,0.033444945120077375,0.009137509794819854,,,,,,,,,,,,,
2004-12-01,0.08926160139320383,0.06013016697534731,0.03204265894128524,0.09250061652739364,0.08674201619576424,0.09829269763196183,0.018584807645394434,-0.0008713223077032123,0.057527763649960484,-0.028768590146561277,0.10224869633580055,0.07145016208045231,-0.0060824987741866085,0.016158442808004814,0.10709980214330614,0.08126642621825103,0.0002751914164097689,-0.002615444014108415,-0.07325794887335937,0.08188787271506603,0.10037403251282342,0.08018610666766098,0.01350354699759739,0.050062756477693746,,0.09574699202299147,0.04148921218298961,0.039553162625638204,0.008153367210338854,0.06245712120074325,-0.0006414762889811637,0.027515612603718313,0.04842737455469097,-0.0026359808577209078,0.018022159137368696,0.00969686886638575,0.0859125463558501,0.03067426402635274,-0.006978600104847623,0.09263487172618987,0.03182728294476093,,,-0.013332902265957331,0.06427234821937283,0.06714593329730703,,0.01620031202694776,-0.006543042378950139,-0.0017123499451277865,-0.0935113450252206,0.052314746126630576,0.016722330895888655,0.011545252073305316,0.04041172287526911,,,-0.08852161355448787,0.09481338355607967,0.01787618249613434,0.028930342685576715,0.05617742263222613,0.06395213351424911,0.04155173315909367,-0.05846536963671938,0.005126394868865992,0.08338454716723166,0.01579268448587944,,,,,,,,,,0.0953266948944287,-0.005497048422781424,0.027659353922590803,0.06528863067266273,0.04422101092716837,0.07838145115954281,0.01785900669998972,0.07533269518384435,0.029629015314911123,-0.00496447661107376,-0.007097515286622758,0.01917390743778424,0.0009332112055624084,0.04832451149723906,0.09832740522041328,0.11261956367873734,0.10502925721573678,0.09667908580003148,-0.03160994209153635,0.0016600844559593573,0.032889422958356236,0.07935617598674846,0.08773016319545014,0.0987862369500453,0.052159104271483576,0.05928884173530636,-0.003238537570873505,,,,,,,,,,,,,
2005-03-01,-0.03473758533286574,0.08899224543844465,0.020008131780245585,0.07523826693754819,0.09947499525908635,0.046996181458028634,0.00701239400925897,-0.061411009605612375,0.030668351217278036,0.029557173385646802,0.07098978337453998,0.06920959417670117,0.0007545807288468711,0.012324474213062896,0.11539893139465311,0.12045711372766812,0.04197364902564856,0.02009694943343963,-0.015442692906197725,0.04663647549192395,0.05187266870694999,0.06431756146229284,0.009187111275801425,0.062217180614987905,,0.11619396063011551,0.02657818834222919,0.12864941171170569,0.049044895484765885,0.04248723050433328,0.004233175181729328,0.025465634126352155,0.03710228363065994,0.026673373779624164,0.06457475730054207,0.01864029276031281,0.08469725888806272,0.016070528320944754,0.016110597358354024,0.11230254541362018,0.02979739569660997,,,0.02729712031103972,0.0401962225147556,0.08356066916884496,,0.020754844458760937,-0.010530139324194599,-0.021323605571104617,-0.1062284109071644,0.030970273642096143,-0.02951583745835031,0.022293085303661416,0.010676056032143508,,,0.04448258626306875,0.10270651403968153,0.0057748903013818175,0.05123376911902269,0.02423897376508322,0.04149732629674185,0.056827193806074,-0.05618369606238911,0.056045253767738085,0.06959082146803584,0.006583312773611365,,,,,,,,,,0.07247844724392581,-0.007481277947246832,0.033552170679733206,0.028901534977416876,0.05090768272867391,0.072025952759606,-0.0278282262617939,0.07517087015766054,-0.007819783524977458,-0.006555777465134068,0.02076369970367348,-0.006794180537315274,0.004449088543560206,0.06369066848805381,0.08443103885546063,0.07409991550365545,0.12547517493520227,-0.0020683288833141782,0.009804844756528664,0.034531296298548564,0.07531681865919308,0.06174766575672834,0.08852634485784834,0.05849527970317447,0.06285222438394601,0.0891538604411437,0.025951728986442765,0.029577418957290397,,,,,,,,,,,,
2005-06-01,0.010928064899358998,0.10075499470443708,0.0395838809664614,0.09474500393520625,0.07335113232352782,0.07689222115516234,-0.03661794245013539,-0.04822824561528862,0.045289631704640086,0.055292664141950124,0.07712241908135725,0.030587268316692277,-0.0047228365617735385,0.015789786639738065,0.1076512938427695,0.05027192557370055,0.044863973568297494,-0.012730385879110295,-0.04390442705981765,0.10412436029410299,-0.008977964229370338,0.011714067926207643,-0.025402829688153328,0.06718337293757663,,0.1123870528105246,-0.011357766727705665,0.061987923349945254,0.03698244658212904,0.05542853631776236,0.013460584067442286,0.003724429789446515,0.03453232400787095,-0.013594499166436609,0.027747611226728197,0.02717959966231552,0.07923400439639154,0.022846258116982366,0.05091050136067504,0.06866137020045832,0.06213639518379178,,,0.04428672927455169,0.04042694781706861,0.07318860088971472,,0.046300731903536035,-0.011870994450185968,0.009138000873688235,-0.08698748280217307,0.029909425471146237,-0.021839539503419485,-0.005596713778031678,-0.03344776551733815,,,0.037796236354059494,0.10274074414725938,0.017057591669968154,0.04407847313186939,0.041036369336923034,0.0904410716590178,0.027411110299545058,0.020741425168229532,0.03300145951882408,0.048207123588365625,0.008476582939154794,,,,,,,,,,0.04820106929566836,-0.005225739063094521,0.023869092547446825,-0.030990106594245153,0.06479599446107777,0.0547099756192916,0.015017088329851625,0.008826880118128289,-0.05120151143864831,0.012099158313972647,-0.000646680670218078,0.011235733288927343,-0.06252266541072539,0.023568624808959746,0.053586245799138,0.06704254511666717,0.11759019610271958,0.03288428214130266,0.01318546789570574,0.04431153070033239,0.07472043016434897,0.052000464993949926,0.11390916341091441,0.11707306848607286,0.06706294366187855,0.0663065952410183,0.025988450640374125,0.014302888769713246,,,,,,,,,,,,
2005-09-01,0.013577946359932208,0.08507245723370595,0.025752959137310225,0.08304384327595177,0.10143643815211403,0.07162408190178426,-0.01618865853687905,-0.05158748745659596,0.057383209096733244,0.008597272155906811,0.04203118411017954,0.04422123362017004,0.022802077825771594,0.024194714579879227,0.11247711210070138,0.08696052335185016,0.030826474080157214,0.018237764709709038,-0.045084308748900515,0.08881751448407835,0.004189799859531526,0.04838879447668857,0.013726726516606787,0.054594418248960545,,0.11029921993623523,0.043663534213018024,0.10727605666524505,0.032633065094932794,0.013860922391410018,0.0022890208093759895,0.001050833406893978,0.050274379876088376,0.02022170438998099,0.04450222131952761,0.014993893738204265,0.08742248161673101,0.018506348234647984,-0.04952415229729246,0.09888441327623132,0.021844060094990066,,,0.030053770015405944,-0.0016303719952282592,0.07605990176519951,,0.04664606400629937,0.0053816121053944024,0.014174483218505032,-0.057470456081749506,0.030612775996671903,-0.003053631333646301,-0.0017456238073422481,0.0059943439302405175,,,-0.03401924436387513,0.06849585538687113,-0.018978956410102558,0.04262081601851551,0.0345597576848641,0.05579042444391379,0.057882063184773055,0.009850167912152027,0.09621059214513517,0.057159764731182054,0.022472448873590435,,,,,,,,,,0.04040417673529945,-0.0015143313412348685,-0.02184144235328852,0.014483554706273848,0.042724076642630913,0.05528959693768616,-0.01800152055020863,0.0032587560112878975,-0.02143196666735249,-0.009122009877770837,-0.022909489392457547,0.027100090471166998,-0.001632291616210618,-0.057107186448602854,0.0834612416975636,0.10291449826462097,0.12297263968929589,0.04875511482588569,0.02578115241493977,0.02454287827024369,0.02956473784841188,0.05746673403771378,0.056881725545145985,0.1136132211109801,0.06002946367174757,0.07917267236363268,0.0197223503034739,0.012443876665643163,,,,,,,,,,,,
2005-12-01,-0.01149213853482666,0.07794284349445814,0.03573271532482591,0.08784846322277223,0.08558577714280285,0.07267740742932469,-0.032994018407969714,-0.01155065047430066,0.03699360369797199,0.006398605345833751,0.03667742582811793,0.02151521780534116,0.008384448659583384,6.356510470732779e-05,0.09746954145985756,0.06789609300754323,0.0021879136039514913,0.009540318236016412,-0.06730183444463875,0.06945768468738786,-0.032660187590590375,0.023517289069413513,0.009927824271986902,0.04953028548996216,,0.10183524580840621,0.02103668783396378,0.052236893764656456,-0.005471665164331967,0.025090081880107945,-0.014143399364721466,-0.009565856554727394,0.027618117762979556,0.030666287446206517,0.02130516179247464,-0.017085741177919368,0.08316749968162147,0.022933463355345317,-0.017287623869545347,0.10028862801043935,0.023754301924223734,,,0.006079474413444745,0.03932062965563011,0.08067285497880661,,0.0386563812363715,0.017540303541148883,-0.005535056719076,-0.0535041122925674,0.005395772089315384,-0.0562238917922478,-0.009149944721980146,-0.017332315459004825,,,-0.0948171299824991,0.08350216455049445,-0.015389821896126553,0.0382517844434501,0.04389951674063945,0.05364669151400697,0.055802766575062446,-0.026100045583823395,0.09060222835503876,0.06965337111582569,0.022678300702256363,,,,,,,,,,0.003138750327289449,-0.001355598280071568,-0.014667890893865148,0.0014682271355347409,0.0650417889613365,0.04977606245149833,0.0009515294582922765,0.04976425573020305,-0.017682544863842787,-0.009321734539528847,0.009398107246819902,0.016959456202769823,0.010245450094845641,0.026006782769225124,0.08701760134262111,0.0974753816917819,0.092052211318316,0.060718837304288106,0.04236463638788243,0.0024372338213395645,0.036878021314998136,0.05327396675495743,0.11493003824192057,0.10630662564774371,0.027451876430755306,0.0906158833023622,0.010907517033551003,0.07806654705932428,,,,,,,,,,,,
2006-03-01,0.006876520273850063,0.10011344253944751,0.02116979433450377,0.08408100407848376,0.0714089621416111,0.012076733448714166,-0.020702700637804564,-0.03733896375863503,0.036652063885891206,-0.024682400391700273,0.051324758572939805,0.031264123066352296,0.02368728232976913,0.01261291085688815,0.10612688056887176,0.09536112029022446,0.04316733458937461,0.015240833862767282,-0.05227014716990526,0.11075367561142833,0.07931772808839545,0.035672328736895145,0.05261780885412584,0.053588602033278934,,0.07128400705516355,0.04066143593054915,0.04420468767436267,0.015863138200983447,0.06331262930853625,0.005372797782126323,0.0295258975460264,-0.0331129826534223,-0.021843499388075043,0.0012667333725813906,0.031034682801708978,0.08175799435776636,0.04536453364385377,0.005433926091307958,0.09792433037394925,0.004329395863466434,,,0.03903030759109711,0.04665442419477578,0.09616832378180681,,0.048828830812936826,0.017340450757498495,0.0001272430808002226,-0.06666051947173439,0.024961900174849054,-0.023711770704618374,-0.00880029208197036,0.002453506967689944,,,0.017572639785741632,0.08090409316730023,0.0325142946989177,0.03525026900223778,0.053350676533468394,0.02338742900301629,0.08757056281672115,-0.04068815266632637,0.027709159787934933,0.08851161859456604,0.01807432702934001,,,,,,,,,,0.01615163742346604,0.058670123267799516,-0.012057125526621732,0.0020580569856611243,0.08872292977157364,0.04628440800936039,0.07214647290016138,0.057696826046970955,-0.02577832894529806,-0.08627233209794836,0.04205971057889154,0.0627387160790654,0.01607546240737114,0.037689974964976156,0.08652887381875746,0.06570365103491879,0.10229304673375421,0.03540064028949641,0.06316829369852087,0.012448421926791691,0.042479286938887445,0.059822467968924195,0.06289413504242247,0.0991062921781365,0.011209313976384208,0.06865599348532019,0.00708033656095754,0.04627243928735755,,,,,,,,,,,,
2006-06-01,0.01668004515776422,0.06812370061569685,0.02558087605175078,0.05489549758761,0.058793811848814874,0.056966304802153145,-0.06837903388184127,-0.05558660695387002,0.028670310509475147,-0.06766422403835687,0.052000746228981785,0.007573069239532475,0.011313139214819502,0.017439691482346635,0.08475689034788517,0.08750516828152695,0.018114576212957208,-0.009847014271810298,-0.0541110114877673,0.032981788154025395,0.029268737145374316,0.014401909702331581,0.01860627213253577,0.030558901492965317,,0.06225672233894135,-0.009544822048032866,0.05667843993076258,0.000678542138328626,0.05177545550789293,0.0029465782226131944,0.030028525384717324,0.02966789665610863,0.02797513930858497,-0.011193102877781743,0.023292893225956294,0.07115999421537902,0.03485235022366784,0.024155559330343003,0.10074469439167939,0.014536232865568014,,,0.019355635500424875,0.05131068119229165,0.0673880339254057,,-0.029904057366644,0.01481461843441588,-0.011999282280731422,-0.10294822742205866,-0.01311532839495579,-0.019136211687471736,-0.014887309672799453,-0.0008379606278764866,,,0.011100633044129718,0.03842029602972346,-0.005657264638973939,0.02496372423894717,0.028769692860788676,0.028909725504325554,0.01401029558161824,-0.0548257806901867,0.01963563670010066,0.04179135620435291,-0.00567208162706417,,,,,,,,,,-0.03759333541708013,0.03710509421223734,-0.028965696824310227,-0.06385728834018259,-0.0038794259837509728,0.0009331263503129006,0.057162226914905835,,-0.046766165056846096,-0.04886677049152931,-0.049682772245153564,-0.03086302183468441,-0.03383074270000498,-0.019150301052313037,0.07007061257423175,0.0397426566752606,0.05577126839136347,0.025959582879018086,0.026730287769368134,-0.05473794461355176,-0.06381419847420694,0.047861394734394394,0.09087757692266814,0.08324526724344335,0.03847088923302875,0.03728377369434666,0.024651463712723944,-0.04350507180311535,,,,,,,,,,,,
2006-09-01,0.017600637287767954,0.08068415811564962,0.03560634902366275,0.08261963593142367,0.07339410025933807,0.06744292043223006,-0.01937621778329395,-0.06376068009679646,-0.043744027145924506,0.0017908208235501882,0.04522136522049041,0.027895971842773544,0.01598980374084593,0.024884728576057783,0.08531627902400653,0.0605278853406167,0.018937705243138533,0.0109273303763805,-0.011193274531355104,0.07195613214447955,0.08943469059415442,0.04059100755533668,0.05265193719263274,0.046341467701183935,,0.05400223762924439,0.021987140159695776,0.012011665307633403,0.004161876253271814,-0.014879279759956511,0.0015759001050964815,0.030336032655409975,0.021715172551512233,0.02722978706758428,0.0007097717444682469,0.03267097297655991,0.07185790033353633,0.030659956706671643,-0.030948462928801913,0.11233055201023243,0.05863118372552387,,,0.0415980526535813,0.011639622439724648,0.07588343240260725,,-0.015828942527880644,0.028539316890824028,0.0027194428440662803,-0.060347896075512095,0.005259933092846024,-0.0006660801817233053,-0.009725335654159853,0.007819661868550938,,,-0.046016651213839806,0.04174846033076869,-0.020385868575989743,-0.00522104018885951,0.0332303675993435,0.043273158272516925,0.0836747633299896,-0.05616577057724254,0.0239030583747692,0.018935602000352658,0.022867774624399918,,,,,,,,,,-0.01978957320418432,0.014551939839047347,-0.06787686736611043,-0.03083674092209846,0.06602329737185811,-0.09697781393982828,0.05078400246503641,,-0.029126230066121184,-0.07967001598469546,0.008545649589918004,0.05847539040330641,0.008798732345915434,0.029998525932101082,0.0716868841198584,0.05825182222493992,0.09235860204645376,0.033200732817036054,-0.0073776742176399355,-0.04030986738186747,-0.06277510396742157,0.03922764956738241,0.06651486328575294,0.09883464602642826,0.03254655823717639,0.017921324867691754,0.01802608011784953,0.04963983381346046,,,,,,,,,,,,
2006-12-01,0.01904658808926613,0.048234051863101673,0.033159642409225115,0.04181051059715977,0.06161355720161493,0.05034651974599644,-0.02361309307575768,-0.0624328592245802,0.000990090177275629,-0.005515935594148868,0.03337627236337904,0.03460465812006853,0.013594013737739013,0.024311345957703366,0.10147795887830444,0.052312748733243486,0.002618016073310259,0.0009276649947410789,-0.051402092928931865,0.09516794963244156,0.10056032166803823,0.029164559138667227,0.022924924594793766,0.04201401398431441,,0.06373202234535483,0.01865548382180856,0.07136072534424012,-0.017323584096073243,-0.0022587592698479326,0.008549585619234423,0.02693346927674672,0.010699489490621057,0.017228982829396236,0.03616142704152364,0.014890356111970003,0.07550804376779925,0.03837638539120598,-0.007451997427406487,0.08650623042926896,0.04958595799518153,,,-0.017485187560541432,0.04719801152311685,0.07850957303691952,,0.023143665541852904,-0.02269521953426912,0.017267670598547707,-0.024842334126187714,0.011804428203259512,-0.018507811389042325,-0.00535121727513566,0.01368200916170833,,,-0.10197698575556442,0.056494966626971656,-0.029425237223986135,0.002602079906504111,0.028524150318320108,0.05712625373505854,0.06270447900574984,-0.016183313816364068,0.08560458794574373,0.030674391088445656,0.023026121701227087,,,,,,,,,,-0.010603688158475878,0.011835848164267465,-0.03347940941137219,-0.011122905950783048,0.05372806992205904,-0.02490139274592721,0.02894969971549518,,-0.05413764462900465,-0.009669281237899745,-0.048116016231254555,0.029479288748436507,0.021889184108156812,0.027393780518481656,0.06737510739742482,0.06009713620020389,0.07544829914268539,0.034848055349748816,0.02088062316324012,0.010525774465847026,-0.06853851562797932,0.036159849791489326,0.07122071329451586,0.10757442841384313,0.029559004377059127,-0.006801045780801484,0.021975791652493325,0.021282013347026302,,,,,,,,,,,,
2007-03-01,-0.028285966154373333,0.060935604806535204,0.03987329927235963,0.034965426394101246,0.08642073914803584,0.04089374338131784,-0.018762650949109443,-0.01722337104173495,0.029328194946184983,0.030606276489284618,0.03255162550970771,0.04280168022310751,-0.003683449498099636,0.00591188680732934,0.09842211590037009,0.046912081623571716,0.0325439297570904,0.009192843886412566,-0.04082306648350354,0.08503400312102598,0.07482825017917377,0.04115410840623651,0.02703543399761684,0.04888416267302867,,0.06185628239527982,0.017962650856581726,0.02736628467088068,-0.00678829173441608,0.038454470904671106,0.007254551827729045,0.037444415308769546,-0.03609524803887248,-0.023626257539962694,0.046011741848314795,0.05197230352280959,0.08307484280069141,0.05042271029983847,-0.0034835244765760304,0.08456146123151247,-0.0005380986877168546,,,0.026117870289468756,0.047733050962162585,0.06134846219643579,,0.0050776279839257485,0.01327439860573178,0.0037592133295654678,-0.011025723266254357,0.004715557841160213,-0.02358753100921688,0.03451689173000698,0.0056069006101168275,,,-0.021824623866794214,0.0692061281162668,0.02504953834720565,0.003739926621354418,0.014356114662021831,0.04158227498127773,0.045150230651203174,0.026094952941292736,0.08203511251240021,0.031197750935407106,0.03001315675408174,,,,,,,,,,0.015039286697719421,-0.0008315480309166685,-0.03362059722364509,0.013852576351584127,0.03641801430693012,0.013859078383582349,0.014860814497264936,,-0.04597645950719987,-0.026240189214931695,0.035757112102551926,-0.002175451612924721,-0.016547731967820653,0.02163260182051903,0.057340760842902634,0.051170884279551576,0.08957757981322002,0.011510722403909445,0.013662570241931573,0.023027055560202226,-0.0351022453564806,0.03803753554035978,0.06846931453212939,0.10696930128410076,0.03619036185406517,0.008974607896316758,0.019551029023120777,0.009158986513759536,,-0.04740214183215041,-0.04364662953404985,,,,,,,,,
2007-06-01,0.024570891149795715,0.09730206176333107,0.023481808352807255,0.045163061210841564,0.09305779003910836,0.03892471459534654,-0.02489426632115542,-0.014294976232922897,0.024600128756234355,-0.029128415332849256,0.03034147971816664,0.0255397797001788,-0.00268249785720701,-0.003939759439216417,0.09970773913156294,0.04044668410322691,0.03702234608158425,-0.07233578803020164,-0.05003154632400375,0.07593221586524074,0.004209554427067506,0.03966538346148421,-0.00019025517001704454,0.03784254978674551,,0.071653250746818,-0.018369325641553004,0.07275528815759731,0.004096358946960496,0.029421419323963235,0.00791614695797378,-0.016725853811663985,0.0029376804518885303,-0.02512973864185381,0.012451963107978177,0.060841489697054385,0.08449473564961646,0.037440960096098964,0.008673292092078635,0.08199463510124273,0.016023133734518615,,,0.024249761308741152,0.03681753901789848,0.04336886169810095,,0.017648671838206544,0.012040074514759438,0.003296083749512384,0.008126247447901856,-0.009049159051713676,0.010004776173276613,-0.01101388821828168,-0.007031551467619731,,,0.024522848486984553,0.053255405030501676,-0.004929491073972807,0.0379006483528947,0.02839827156438773,0.07077533884543778,0.03550246564472973,0.0073407243038107915,0.026452469863044094,0.03976575995301168,0.015865145353308813,,,,,,,,,,-0.006415383332591789,0.007248086656156223,-0.0286577191639115,-0.03562419862968662,0.05280708422529844,0.005177985480710954,-0.10431715264694778,,-0.0473512107815442,-0.01675521068207605,0.06979782552937407,-0.005803403147089999,-0.012957207694387336,-0.022079051729087036,0.04841374434222257,0.03572116637830411,0.09769699623707062,0.026596630472679562,0.032188263905176505,-0.023689088684287252,-0.06405961816966912,0.03653377320535383,0.07102540627644655,0.0810817991426388,0.01876770285178123,0.051403167432627565,0.01046949336842938,0.008766724792825751,,-0.07193099489916491,0.007932922608763637,,,,,,,,,
2007-09-01,0.018028182545617298,0.07422399572110634,0.03162198258922272,0.024827912776606006,0.06750369961416176,0.034478083268184516,-0.019451342055516782,-0.046829625737739446,0.008568438160542884,0.006183459354663959,0.031538821364036004,0.024891622235557208,0.00034388276157565,0.004185044147827587,0.08744455953633279,0.04608206298358485,0.02086571961960314,-0.06878512499118006,-0.05275069797446039,0.06463109989423002,0.022965970154590412,0.020213613627680663,0.03328632507180795,0.041212995866207074,,0.058001029370267465,0.011029732794574748,0.02807797462953573,0.003952117603249351,-0.02050247798262221,0.026411157596224623,-0.019662661478917348,0.01046238866550334,-0.01813304152210095,0.036889372970547854,0.020781860435212365,0.08580581808167159,0.032121849725955484,-0.030612148309084916,,0.038579359293006,,,0.007843994935589732,-0.001746358213751635,0.042432902852245186,,-0.006904244910277648,0.012973558734321378,0.014073847542025952,-0.0465322748804342,0.0030752638123082436,0.008902241477199152,0.01096218115913694,-0.003039066346341871,,,-0.028149771851257156,0.031242725249734146,0.00013757636228942203,0.02868942916470256,0.017046221024232158,0.06168505613766034,0.010576710443013636,0.028156338902136348,0.05533171341017124,0.004372112192954403,0.001638111208204117,,,,,,,,,,-0.0035361215285000846,0.025470833691756213,-0.04832332229011328,-0.006640508189458124,0.04940713455587725,-0.0007742391742238436,-0.06926039005178546,,-0.027348167988816986,0.0012043745889715465,0.020146974412358767,0.011053082460782246,-0.0911550316757299,-0.02654298805710512,0.05114106759908008,0.03461701290380934,0.0835185858170952,0.009197142302460066,-0.020150496838734485,-0.005623418426868705,-0.06488147426412164,0.03409192310590496,0.010482637748431126,0.09138545539813438,0.023795447796227654,0.05253089561285743,0.008745028909196421,-0.032857765654993855,,-0.03259347146173309,0.015842057983595528,-0.04717588809293135,,,,,,,,
2007-12-01,0.029612815547296757,0.10469766641081063,0.017883476632623577,0.02400013987688672,0.06221505443305384,0.03769995556533705,-0.03896550625791777,-0.07383305941323452,0.006544917984176716,0.012495231519871204,0.020954727412992643,0.023339940021827776,0.002605637020922501,-0.024051229176705213,0.08789315417650956,0.058168425404072514,0.018009689547880764,-0.03732302435175441,0.001571781094189263,0.05554233878896028,0.10022161319583127,0.016820748968825558,0.03834813614992238,0.05798267626353657,,0.031175758792823367,0.021709458434063914,0.017446195406610614,0.011163916477129682,0.015486093998092287,0.009741310627552737,-0.0007105064111542055,0.005762599179097478,-0.032310621674141754,0.016950607995648286,0.02210077673577607,0.07714492237431197,0.036533355486238074,0.015348138594745103,,0.054920978376709104,,,-0.005031614161194825,0.028994327935186925,0.006878597796640704,,-0.002756938029664387,0.013184389484550323,0.01730663271324686,0.014671940889610992,-0.0055972671148935334,0.013454038181916846,0.0076190139881659805,0.007766758921891457,,,-0.08655114437028606,0.03086592342600376,0.07168104756075486,0.06743523165048,-0.023435528118965723,0.02944648583729127,0.011291076833289261,-0.0053118823950988004,,0.07106478416185642,0.029395670636267576,,,,,,,,,,-0.007625800430143275,0.035576219179410985,-0.006698677810610465,-0.020843857707196746,0.05755606640955236,-0.0106577233728902,-0.055175362139082654,,-0.0036921615089428616,-0.022665370442595104,0.0074317839823360024,0.008581663382752151,-0.043490380581191125,-0.03374311419501018,0.05171692274782751,0.0631826407951736,0.0854751069688648,-0.01735045752650434,-0.012077320799187843,0.007428356965076865,0.017118583319000437,0.027423465643913802,0.033235253616167575,0.08482875217479408,0.03416030273202861,0.04836057763035169,0.00679245109155177,-0.011776114690072094,,-0.03472884029728341,0.0319513205820187,0.005531900079980299,0.008296215307564844,,,,,,,
2008-03-01,0.05768179918587518,0.08009015977562452,0.03307498899519115,,0.05654607175895968,0.009653991886066455,-0.021996792501927,-0.02694484055999237,0.02562631203814769,0.008400544172791785,0.026220514346093782,0.025949371727957093,0.0007592380965897307,-0.005510370967649297,0.10056120420926815,0.06346369429992672,0.034082737560901036,-0.03590874211755221,-0.009646598536760094,0.06201192127343636,0.0922628448248899,0.021489342710798484,0.0022777979269283516,0.07761697326547767,,0.034406694298705326,0.00989682943115881,0.06561152744995985,0.0008598282917083672,0.024712877880066247,0.017637887120878222,0.03559497608569261,0.02222538963712563,-0.02323045044480125,0.044676605934157454,0.05526753567340476,0.06684492661805312,0.04767702086124261,0.0026742957186890242,,-0.0008357370510167708,,,0.02963489529089866,0.04484969462310042,0.03601018074735026,,0.0221012794372038,0.014867703785709046,0.02007112163084544,-0.014616116748295162,-0.002919845028030638,0.02033426488431058,,-0.01615248687830392,,,-0.005770997766457436,0.05202632103098935,0.03351008271382574,0.03059047608874459,-0.02343825284212334,0.0736992738343676,-0.0006175721877387176,0.06211505984476376,,0.09587676790115729,0.028234094410058145,,,,,,,,,,-0.01365901229312489,0.04055106530198995,0.028293642995745313,-0.010307070282574193,0.05703555999076094,-0.021680931546715135,-0.027687527048994506,,0.015266614598894567,0.014606315975449648,-0.008244153622065596,0.02974584817366026,-0.08913273808679709,0.030339273858624238,0.05554164248037914,0.07112830680453555,0.09103411275265284,-0.00802241555169523,-0.00861664812029083,0.02077697341984449,-0.0014938108504732829,0.01944890025540633,0.04025376693185823,0.07499346187165386,0.03181332918812264,0.04362306333545589,0.004231940294342138,0.04466333869490309,,-0.025241229426999287,0.025405691951522043,0.03316807534518385,0.020710547151160982,,,,,,,
2008-06-01,0.03322196672790626,0.08520747020636721,0.032940220515802456,,0.0717122319853827,0.030784986308674586,-0.002854768273011,-0.05981674532484118,0.041956349335263925,0.022229879475910135,0.037903208793525454,0.012697119179121665,-0.01684177204890386,0.018383393996372864,0.10607752550019567,0.055846367622390404,0.03581481185325891,-0.05566869039350652,0.0672996925422162,0.07844782251627956,0.04352324617418482,0.03400171954180169,0.01594703067548402,0.037357589297097,,0.04992326927603897,-0.06864596493226043,0.05735081920444813,0.013459649323916533,0.019530255021236755,0.035310789545258285,0.016415367811609922,0.015657257519572094,-0.03629524865469208,0.01526899368608416,0.0631876360981117,0.08788696798665675,0.04805999584814811,0.026564080926093536,,0.02545277477144869,,,0.027643149024967034,0.04349916288628483,0.06172178465323854,,0.01979726664906917,0.02922448389906638,0.02459423128322204,0.07352317914719458,-0.01659991609871727,0.03660683838095092,,-0.030428946239737183,,,0.03860687416179608,0.058306384267164744,0.0382384441414346,0.08728325458395082,,0.029143168808458225,-0.026719418974871782,0.03473050138652393,,0.07619862609168943,0.0191834641172382,,,,,,,,,,-0.09602228127733842,0.05311197894482733,0.03068460597377225,-0.029989312374672547,0.07268367759999228,-0.02825955442220363,0.009067073195087988,,-0.000877187226027465,0.015654351589352616,0.05270753016453548,0.05123572976026395,-0.050324120710474915,0.03728772676268939,0.07349213638167383,0.05971498712551839,0.10323960102100951,0.05046409283044016,-0.015137135435300599,-0.03403433504044318,-0.005851809714459251,0.028541109806322074,0.025541058842636483,0.05221244587102898,0.029065675255429135,0.05450145357698129,-0.0040513801467174475,0.04241563619705605,,-0.030118036057149657,0.03310021047639488,0.03979422674553712,0.008145030082388073,,,,,,,
2008-09-01,0.02766660659018922,0.09377888289514683,0.044038224124562556,,0.06471856541707592,0.03300040963170607,0.014231658514891691,-0.054357638271718293,0.038892645762014726,0.03679563682530685,0.02587913777421854,0.04399711927866327,-0.015646198294785724,0.022255788852036603,0.10233748208210466,0.06107721559106026,0.048401127388674026,-0.004937051781437003,0.030985556689349485,0.09512436100540972,0.05142221245278307,0.03597213401020652,0.033959165675651874,0.023510097339125062,,0.03613134015432564,-0.008598391139541637,0.029748754034525753,0.009164614048039478,-0.015025815116158227,0.02352735880515988,0.049741796626256066,0.015912354912812118,-0.016445965154310592,0.028763782381606956,0.052339581070682505,0.0662064865114801,0.035142821721851694,-0.046536496416213505,,0.03350989638320754,,,0.05017875169397896,0.02306082474628023,0.039874078229289824,,0.0974328878937506,0.033114160506133104,0.016950938053324906,0.06399967008444775,-0.0204952737639974,0.03745652943049001,,0.0014432637214617664,,,-0.02769028467214272,0.0488681802386941,0.07450290645021455,0.06638747429742549,,0.031888983004024735,-0.011382922909467257,0.0353145600831808,,0.05226917972858347,0.015552592848093487,,,,,,,,,,-0.020221591940682043,0.04021363507363552,-0.014637695436188574,0.005577453050349145,0.08036660146597263,-0.031159492880222815,0.021484747283446067,,0.02331892948551972,0.03992536901224339,0.053440131480157936,0.02991816053219227,-0.08919809504002447,0.03587648216780866,0.05526089524955631,0.07105662664515017,0.054074236902485626,0.020286208601575092,0.05057163821752846,-0.018011868485383907,0.024400646040836364,0.025136601817783984,0.0016427905658728049,0.04983468010272241,0.02466809227170444,0.0543701036061788,-0.014636594075824566,0.03410399185201699,,-0.03789041164266953,0.03926716543004062,0.03889513621321681,0.031430432154216106,,,,,,,
2008-12-01,0.03982944232947343,0.09409950251329809,0.061948141582494474,,0.06665393207185728,0.07058695540996653,0.049870962073198834,-0.051780261502846564,0.03646122700218728,0.05573420616217175,0.03276244132100704,0.05078673956797016,-0.020039887104076348,-0.008904795289935603,0.05675335458785275,0.059058429058467275,0.011691768488984976,-0.046591733668130034,0.06180202793495838,0.07045154708929445,0.040730610715715924,0.05744726360760913,0.0642691321128779,0.025342344575709403,,0.05515440147437533,0.008244807358845505,0.028353294081904408,0.017497228352934154,0.06296237195647947,0.022986496616641473,0.03362477397165318,0.06467995560281017,-0.006160408198478972,0.029908327343432996,0.043714002400575644,0.06620781299428265,0.06640687218475584,0.015654093942215702,,0.055018834809630865,,,0.06325008978070389,0.05014879391573334,0.06925847370704866,,0.07716915993055216,0.04154413856976839,0.010513466068695942,0.07220293900136648,0.011458299996982536,0.061808109297504486,,0.02614816202766235,,,-0.07187872653506791,0.05555980524795532,0.05687112902533558,0.032460920724513405,,0.004164810781936951,-0.00031668895052391536,0.03098571898293045,,0.07372411428615694,0.01974205297433204,,,,,,,,,,0.04713778829382749,0.04563238438685089,0.05326001750906404,0.03495533764138427,0.08536648027036349,0.004000173105630662,0.04907523908356379,,0.06868927801649825,0.041952199892791,0.03290426656412705,0.017571925196873717,-0.032248046884979974,0.0713752186615732,0.0824551260468655,-0.002107265773282212,0.08927067901540787,0.03528162275167355,0.0512657172390385,0.07060109752380594,0.06300631236907735,0.021793061456891562,0.06112763825780959,0.06933023431097585,0.033178343292927265,0.047490210991896556,0.019189123929220894,0.07591753740005888,,-0.04278118387625736,0.031848197935183314,0.03126322925426885,0.044430012094080214,,,,,,,
2009-03-01,0.02049178144242682,0.08046687927847905,0.009973051474982349,,0.09429359785069154,0.017464816494908483,0.008670408649511512,0.02300520039142973,0.041729924135130124,0.07695805572297013,0.02806236113708871,0.03833869351420113,-0.019336074355728018,-0.020206830916425358,0.03925281761019974,0.05786423906870243,0.004167167900708217,-0.006704336005715242,0.056900762641823796,0.07165384113288403,0.06437580380665887,0.058100136066953426,0.08247730013158218,0.0584245839381603,,0.057437599661971796,0.012974768903065668,0.07392078258762157,0.03522152413225302,0.05844905912352646,0.028529726380746724,0.04667550175356852,0.05762425792943195,0.014440012983335615,0.04151990859039446,0.03290165575021384,0.08769037318353458,0.06011781096297344,0.030202877214777504,,0.013091654144223133,,,0.06572441345065601,0.046232100209331335,0.061743431413393376,,0.09601324570417911,-0.015058152308082383,-0.012017534804947504,0.041444213548058544,0.023851880616367543,0.04489067283848757,,0.01581773102680662,,,0.010636766469904706,0.06418215845893249,0.04391224076845826,0.05165086007473313,,0.026497190428205985,0.03483733908613891,0.08482988777504058,,0.08107645060850453,0.02189700032405228,,,,,,,,,,0.0794991792455097,0.03500995796696332,-0.012340518207079855,0.03537806018632687,0.10058247382539218,0.02752240129525428,0.044654665522917386,,0.06285470843322129,0.03398990553596408,0.08194464546746738,0.04076992422134247,-0.0024692041106672007,0.014904414297979101,0.08777306776109642,0.023023479881836617,0.054377918858947584,0.012104733032846262,0.05265639721704062,0.04894306909635805,0.0733014293136611,0.026531992802808504,0.015295155376619084,0.03745208878381823,0.03532004423986825,0.05716554247143549,0.03797643059626268,0.08084000743958071,,-0.02532318809632756,0.07626157777728325,0.013872390417679254,0.06551559468725367,,,,,,,
2009-06-01,0.03116614376026313,0.02052633666367392,0.020989074756064822,,0.07800994353768194,-0.016725458253569428,-0.048203998095807526,0.03396908916316777,0.028071522287189028,0.019558638910875375,0.026121435974236933,0.024287955188717975,-0.020512893159300147,-0.025256199387582036,0.015315328943223966,0.02991684489524895,0.016175620002508963,-0.04515865678950675,0.058805547001879115,0.06881730614458084,0.037551623265774874,0.01590397597786446,0.0671390279156435,0.033244866105279346,,0.03166453140864716,0.015305083874274834,0.07612036643686194,0.02909759360311917,0.030374424669000883,0.026631084099957413,0.03236285186005827,0.020814453968535162,0.025047350033970742,0.005392301177779248,0.008250959859209744,0.07635040762462186,0.045785759888911794,0.014038218461789013,,0.03460954997889226,,,0.05540495754342054,0.047980495229002926,0.05266371429402936,,0.016526334330907576,0.01133036756631371,-0.07415587890103292,0.01385805793290914,0.01894369498103587,0.017512703554339794,,-0.0074160330985834485,,,0.024952753988519056,0.052645188877688584,0.05427171044296511,0.003416599059044943,,0.03738013769223031,0.05211648346392067,0.06275830916751529,,0.08164292270571474,0.012478762539393298,,,,,,,,,,0.01288175443837317,0.05075132280857911,0.029860529139982033,-0.02417187177485437,0.07177441693495179,-0.014323063711808097,0.01774068150755171,,0.0035518935282033842,0.019778640241322344,0.048197556961014784,0.02128451257352087,0.010184436984501903,-0.034629072892659575,0.08240063660801271,0.05863828782934863,0.0297784751002813,0.020573735502593428,-0.012376903020490633,-0.00852688193138374,0.017294223413187572,0.024275462359335503,-0.005007262664452061,0.02013555134956901,0.024692021754127214,0.007386945665342588,0.007885974888187578,-0.0213278634364721,,-0.03584322940757015,0.03233284925453732,0.024157116918967794,0.04446547701485933,,,,,,,
2009-09-01,0.021372255683424178,0.06578600926892456,0.02150969653474276,,0.07095144620491159,-0.03227207691555063,-0.019137695699482354,0.025452779907281044,0.03413286868910456,0.05342024122113366,0.024754866845298273,-0.007152083566561467,-0.02559534372444599,-0.06590071012230338,0.0015483407362077083,0.023789064428322924,-0.017310331453488197,-0.048681924430619146,0.06378838840453381,0.06690048066068192,0.03477685564757489,0.020812272042695465,0.08456732425519191,0.04706330745869439,,0.043134481780266416,0.01565576074238398,0.07174641817118642,0.013799872635303934,0.004994714426095925,0.018474140812466344,0.03429845552083692,0.025016255073386975,0.017704923309626936,0.004028071566594103,0.018873364495018658,0.08927510952942284,0.06579333192070903,0.008471956735598562,,0.018688604921487998,,,0.03942805890629684,0.011774866421017629,0.06654557552566459,,0.028457748716451802,0.014153188718027595,0.005735825301615502,0.05148369926857162,0.023415245488625665,0.04184219584103947,,-0.009579464088002324,,,-0.029835993401267805,0.02850040469117904,0.04916509695968999,0.02164129735605321,,0.0036664843671563776,0.03890355061886616,0.046685278524704825,,0.03733150581338563,0.02966460772452154,,,,,,,,,,0.01581476502905987,0.05875391316624982,0.000923206577377991,-0.009796360917302127,0.06632660539723771,0.00042646038757785765,0.08246628458760635,,0.003322771736217813,0.002110853692787987,0.010940321298850428,-0.002294023112112474,0.017489489626395377,-0.009331799303416322,0.073677821621778,0.0492049631981125,0.02862365316352661,0.002331300967750986,-0.014932639409899053,-0.017724763035608316,0.030341488007096625,0.03556468185816579,-0.0030173429527823015,0.007553281747156946,0.02796287030763706,-0.0038949042687404763,0.02403651930207698,-0.009475852299794491,,-0.03846686571308329,0.00874925990091979,0.0061796604827366155,0.023353882978864506,,,,,,,
2009-12-01,-0.003992823386091413,0.07676601945303091,0.010724039201886259,,0.0672923276394906,0.024405708152233255,-0.03612424766121236,0.0037691815552089018,0.008630960596822541,0.05044865840396338,-0.0023766967243277104,0.026321536517186238,-0.017152608312868772,-0.036549044008829135,0.041609581918379844,0.06441024697902872,-0.048562575600149656,-0.07500966610827796,0.06750761704533112,0.06621047210320662,0.023910820901371876,0.015317893532154181,0.06557323660888664,0.03393128795162543,,0.011337190254487482,0.020271124192187163,0.04098281696286534,-0.013453120880733528,0.018826675881799794,-0.01067962586457241,0.028445754274839155,-0.0386617221664412,0.028317203279851887,-0.013476321505688222,0.021545873100705472,0.07401079668485916,0.05368934586313359,-0.01701280535669829,,0.04140894575177973,,,0.004233219483807789,0.005458883041572968,0.06118491356195161,,0.047512088506049883,0.008687936150951954,-0.0027431458447083157,0.017303381245810462,-0.01621573671288816,0.0014189705671461671,,-0.02037834789410438,,,-0.09381665320506744,0.057029452368371876,0.012253682126986645,0.03961808575322622,,0.0008461438882874745,0.011513861491436765,0.016992894964518758,,0.024212709384434098,7.201565633894535e-05,,,,,,,,,,-0.029869311502858924,0.012883345429888109,0.0012491574718201382,-0.013465389009794366,0.05466716967729063,-0.019338804006723748,0.056967329747030455,,0.015805722703260715,-0.0058770172241113285,-0.01025900899140422,-0.01104812398854883,-0.01496797862354931,-0.026277659826331328,0.042348656895592744,0.04599129119651399,0.059615215400658415,-0.016802798234385484,-0.022762600820577017,-0.03891791018584622,0.031593968081509556,0.013788218633064422,-0.00716328235115118,0.03671111852879476,0.006305041961179981,0.05226889789469492,0.029863304084935628,0.006139968277525189,,-0.030147625534930656,0.012196346223543174,-0.016839479355816825,-0.003918681305045313,0.005855256403472836,,,,,,
2010-03-01,0.026481023514502176,0.016740490979255916,0.00808478246017109,,0.03562120607123585,-0.007498951759253486,-0.023538567878951377,-0.011397969190009918,-0.02612941553826865,0.013663639692313417,-0.01951697879700577,0.0006999308500957669,-0.047477975199163594,-0.025395175772168703,0.05387394422590889,0.03449039009920603,-0.03303249094882052,-0.05769073063722538,0.058141733178724515,0.051534169270033,-0.004926671517984628,0.006859501735743707,0.018902233511982072,0.010153695094129526,,-0.02285710297607968,-0.0005898473942434959,0.04762256041932801,-0.016329084471891055,-0.014944179945565406,-0.022924637085434546,0.009288977633502784,-0.010355069756190449,-0.048248726155953,-0.021633222290882725,0.008519530947019351,0.04365950232857741,0.03877897140728584,-0.020135369413090985,,0.001515577218929985,,,0.016951581687307374,0.012462346764016925,0.006279048089608025,,0.02057138966885758,0.004348622578624986,-0.0034988034790331,-0.001744642425954279,-0.02969594064782134,-0.01266331853933519,,-0.02018074092638723,,,-0.021099125288395346,0.023867665811257984,0.0264615047452555,-0.0010445712073808124,,-0.004028635711150407,0.005016133055198915,-0.04504124704859695,,0.02157922567904682,-0.03530666861806295,,,,,,,,,,-0.0521324409479197,-0.0043183157007142285,-0.013039344656767527,-0.019331456260241825,0.04385120719353496,-0.026134150902033127,0.03646583236478003,,-0.0521460429005234,-0.047726159841112316,0.012057283526197234,-0.04111294072173467,-0.014291662269082956,-0.03620872670397367,0.021512933910269125,-0.0498936690527445,0.022017496466716614,-0.05327833024138224,-0.045906714106039255,-0.03734950873571709,-0.010288713354053567,-0.007932934946342441,-0.029982944433266382,0.030858919369388206,-0.002279143916417132,0.01252094573550095,-0.007792028519397657,0.0060917019784863845,,-0.04613829498605998,0.0006460064913562572,-0.0006714239052818221,-0.007964729158238764,0.03703165555393188,0.045713996908483275,,,,,
2010-06-01,0.0336136626011572,0.04542154915182522,-0.0025169469633515283,,0.044060745803230106,0.01931839321506844,-0.0500867174604209,-0.08154346784716411,-0.02748668028642795,0.022677025571604222,-0.03251801473271858,0.005614398354086078,-0.044430900156187426,-0.0023208553472484415,0.051620568614691595,0.03590528239738733,-0.020704654259375007,-0.044899238508880425,0.06408920802518785,0.04270563376239907,0.04523442228467056,0.009828736267508098,0.02807127900907512,-0.009203253012130937,,-0.014942801704091466,-0.06791624342509975,0.045378643737665876,-0.031182707181209225,-0.010100542119358825,-0.019449191763610575,-0.009296511109488668,0.007175199596170923,-0.05042703662917432,-0.04016147093729876,-0.03687336727963292,0.04525288026868412,0.009818193294158116,-0.031214886529826583,,-0.016395044295796603,,,-0.0049810903425357295,0.006161204775951936,0.009594324039099,,0.03720360185666343,-0.0025397907753734066,0.0010447776482857937,-0.00891383357456268,-0.039486249820926675,-0.010378512998119739,,-0.03025600405184094,,,-0.01529059639042444,0.0309400805851486,0.00871773157268869,0.029978928241680625,,0.002524051352781448,0.006451892362512224,-0.04518892498395214,,-0.019262271844262224,,,,,,,,,,,-0.04111962975565107,-0.010244050120271195,-0.010779170615419172,-0.05684526017696845,0.013238763631464144,-0.033961668259732326,-0.019081856016344993,,-0.07275904225683769,-0.06561057722200317,0.0150342858327671,0.0013641016713303268,-0.020196906612806244,-0.006453713666362299,0.010743706070231887,0.02985938706320967,0.0666184218687812,-0.05746706028005062,-0.005503818534646199,-0.05855643269112244,-0.024651862165321007,-0.016664669182032247,,0.033615257124006426,-0.01729790366412352,0.01187459084870544,-0.03850587888878438,-0.007505341044111935,,-0.038939779138566825,-0.003148293350239929,-0.014812361719917122,-0.014326936964432912,0.06052694027877965,0.020804480193611405,,,,,
2010-09-01,-0.010807130583256788,0.03276179645571381,0.008759078357114404,,0.03367924032959102,0.012458587209171337,-0.006510242657272225,0.011993283968701729,-0.003022387652467406,0.032978118836919375,-0.013742404904970229,0.03113781157135997,-0.046284254379551186,-6.332351602367066e-05,0.05303109653023943,0.04957911581522903,0.008901049962619985,-0.02747271761565235,0.05478330452023255,0.05155222273361904,0.04125500914837042,0.004979888801900692,0.04395114355237336,0.01970182741767285,,0.0030628814173308443,0.0018790284291326908,0.040848725514515724,-0.0021085563704561524,0.007716994774928203,-0.01830386243514467,-0.004077616605574405,0.021795251199021856,-0.04138410611668611,0.033966523995514926,0.01361308967254047,0.05491609451120691,0.031958975546487654,0.0008679388108616499,,0.008659576868466315,,,0.011804004306904405,0.004463640084550783,-0.0013924813300833822,,0.03888333928408741,-0.0002762700346604543,-0.0010611167817219083,0.05021533393849667,-0.03427951245498341,0.007838116156750261,,-0.0007245855449361803,,,-0.043309894873454144,0.023733479981454145,0.031012638849697415,0.02721742062675509,,0.013771040756712394,-0.008480245061443127,-0.010173338264311271,,0.02534100613315861,,,,,,,,,,,0.021031659461242476,0.0013998549055262593,0.007523753333491855,-0.03410425036231215,0.020766152106760836,-0.03095772785546374,-0.002380427851669377,,-0.04880243982346093,-0.029811207704255535,0.025330638314178824,0.0093867830859546,-0.011051455426629357,0.003488899718546159,0.013350664169252869,0.03747224457985558,0.05447508031191476,-0.06832491225574745,0.01310498493905543,-0.0504316680604407,-0.03338502958454488,-0.006741478914602536,,0.052029841451244015,-0.005589466733980686,0.0382716361198813,-0.033817336112650274,0.001722430765216773,,-0.048684594241020035,0.020714673140329362,-0.0008792157904900197,-0.010087734182955062,0.05819432361174287,0.029505538227137747,,,,,
2010-12-01,0.007124101908984242,0.026335636160615947,0.020424858554930404,,0.028140630369920035,0.03364031780182178,-0.013528739045801352,0.00821393026806013,0.014784271167438993,0.041048080773828904,0.006765228988261218,0.04660731233268388,-0.04239064945615671,0.010354079793218758,0.061966979839892015,0.05069043862115904,0.015419227599216767,-0.0663538620423119,0.05461906691798786,0.05242488673461019,0.047832231594065674,0.016242003694247976,0.04312824113590339,0.014762928966673153,,0.017559973529952273,0.0034875761252371284,0.05721544539306511,0.01523312027493243,0.017423716158093367,-0.010176766392212317,-0.0038551277475983546,0.034759886862811444,-0.021897716297473283,0.0321400980253424,0.03200796418837092,0.04915185915722143,0.047080594007587614,0.0015569369542210872,,-0.02337350156227873,,,0.021820992320631172,0.022601112451254308,0.008949750076740596,,0.0518384289993476,0.009547993128527213,0.006879326000975394,0.0547847803042607,-0.042504854135194135,0.0067349207345664755,,-0.016302821001351612,,,-0.06826106290525527,0.03593640029863182,0.048503434667948264,0.04688129184353555,,0.025205660159839764,0.01508949423717921,0.04471073774430398,,0.04558569447552367,,,,,,,,,,,0.031001538816759024,0.01637407106355555,-0.018697452268201395,-0.07090067778901943,0.0399320652187822,-0.01792303343871751,0.03828225219699987,,-0.03462466612741145,-0.021189452991876544,0.02146239572817745,0.04424101170786998,0.022523173002323142,0.010150789521504356,0.003555883576789402,0.05133559403836343,0.07874706025157238,-0.08105683966999191,0.00924414258487842,-0.06001149748253561,-0.057636022354428516,0.012151577190057572,,0.06133394464593395,-0.006317983849455149,0.05427550727946218,-0.03105450315364104,0.02697585801720272,,-0.050373851557642076,0.01026424913378669,0.01677641378126671,-0.007588620040295546,0.06547269769721469,0.027047780515891087,0.027079458778111857,,,,
2011-03-01,0.046952363727028,-0.016382045026910454,-0.0017275097160234635,,0.030074969769940448,0.030614828681528698,-0.022753167040032246,-0.0008676741029460647,-0.004040858774362762,0.027462558374823396,0.007471280354526708,0.0360791175087721,-0.05396448873702456,0.010521876251776174,0.057167377362840964,0.03635374721163072,0.011611821212917926,-0.04682885653417061,0.03189842257159557,0.014348356506076652,0.06369841375866465,0.015018825917257816,0.045659419199315814,-0.007864919927140987,,0.022459319604168578,-0.0024879853990347296,0.02771175518511064,0.00714184706705978,0.0044700753169960175,-0.016711942062427633,-0.021002195092987938,0.021034566900938793,0.030699666337292993,-0.01120472147843501,0.030361776501371743,0.0457507100381964,0.05297535752294159,-0.025035962742482952,,-0.00838099626964478,,,0.025589085079569075,0.010455155987121253,0.0030232325632551984,,0.04379547412011292,-0.0028164519098669593,-0.015442073794940978,0.029299092573723665,-0.04262707608555455,0.013859703606671487,,-0.007654409855367897,,,-0.05070133802663483,0.029029325717650056,0.05165980031900986,0.027479074451592932,,0.026719969501275066,-0.005396486106178469,0.03281443419765809,,0.03292443311012125,,,,,,,,,,,0.028064039746442844,0.024461175333242036,-0.018685546225839046,-0.07249221007948366,0.049829708886849386,-0.05329472683475268,0.00764855241288099,,-0.024479143056726743,-0.050892568184639615,0.021043168096736665,0.015657335135674955,-0.044198016562846644,0.001786802958896419,-0.03415198686372284,0.00014831682221922208,0.06341657410331032,-0.10630944095746489,-0.006445737345359354,-0.058929898893908594,-0.062453099062270694,0.010477563860949564,,0.05329482237295447,-0.03512876431420124,0.04594069708451807,-0.058135809930309465,0.011616890733845262,,-0.04199635001607932,-0.0074577468444814825,0.010537921612416705,-0.01613545054291128,0.06255363207825779,0.009468236658815717,-0.01484627593660077,,,,
2011-06-01,0.0572013931614956,-0.010970117126049983,0.006022775135510241,,0.03529353334723031,0.03482842256981973,-0.024706308863466635,-0.055536091500136615,-0.008723918673075039,0.027370416764491593,0.009584287447810261,0.033367436211043905,-0.07368818740280578,-0.014342809455480252,0.0532447426218343,0.03862393321777238,0.009370188058468221,0.003427900680196565,0.017244522202448334,0.027269525687263155,0.05330984101158868,0.01646708990337934,0.037057638941618544,-0.018794707327579797,,0.019820253133378582,-0.00031713655387874846,,0.02764041970260775,-0.009774414114230284,-0.03631004944899714,-0.05285277419683198,0.025427773709149917,0.0037272436464789744,-0.02366446889912814,0.036471074290938495,0.029247906414846408,0.05346503898078732,-0.02471855578904774,,0.0031560273436189367,,,0.04326136360300683,0.01579466791305854,-0.02022891073623061,,0.03194550545509966,0.0033606216211963325,-0.016491745300777096,0.026304178951900084,-0.05602710806269482,0.013562371005949914,,,,,-0.017825187206958505,0.038091214409918216,0.058856780274277834,0.03161790544867757,,0.027953244882897157,-0.018340558983762353,0.00859755664586815,,0.040567224743452875,,,,,,,,,,,0.01772634804345463,0.023104317897266493,-0.02063120842970596,-0.08880427975855301,0.0399270808468519,-0.07640019802425592,-0.008221181738807521,,-0.00977176596351268,-0.059375362513491604,0.04007388176278897,0.03125261635201939,-0.06739721555895066,0.0071398531264040355,-0.04073484157351016,0.04658094185651438,0.07549963537294667,-0.11048133675069013,-0.010210369389299572,-0.0859034473348882,-0.054841041321097767,-0.013386463471048913,,0.03660571376457725,-0.05271946930985811,0.05384640727848862,-0.07979875338841894,0.005134191359218502,,-0.06090606577289456,-0.08430412677020944,0.013260437655279202,-0.05652571174524192,0.05402019847053037,-0.06317637710330275,0.012047809618462762,,,,
2011-09-01,0.05312502071288929,0.006511553212790432,0.012225536163560717,,0.03382927107220544,0.03825709632511918,-0.0029434342483017515,-0.07026847600695393,-0.0046792731558359885,0.021746607186079094,0.0010730019865530618,0.02267949397566043,-0.07394339782465496,-0.010185990699452094,0.05840023369333833,0.04069641388559685,0.0039017928015143504,-0.0214450164254702,-0.009534120719729288,0.02385848126471471,0.051294637951904296,0.017482155347061087,0.023711976738837272,-0.03686661040062309,,0.005128320753385659,-0.010411167060806017,,0.006076350193803144,0.027539461785204822,-0.042680060503897395,-0.056310765963021855,0.045553447467242006,-0.03373762004982753,-0.008112812486183814,0.03038965815242434,0.03566135875635004,0.028981459262039738,-0.04119996841873268,,-0.0007684154873491379,,,0.0352615371154321,0.015604776597871841,0.005523610512628254,,0.048303594097319616,-0.02180591249654595,-0.021620624765599106,0.0402441152397274,-0.046975812702761605,0.019742031624573327,,,,,-0.039385513959120044,0.027867018514917005,0.03658385124646661,0.03263518563174243,,0.024085178429553645,-0.022032821111755786,0.005950629597173606,,0.035501519827508814,,,,,,,,,,,0.04941986562473237,0.023423897301498228,-0.026195806866340092,-0.08642503907740968,0.017964859933474964,-0.06104597924650967,-0.005652979453682106,,0.014241215644258313,-0.05783716993044148,0.007002259436997166,0.024706317132860825,-0.04674160943344335,0.03142912236338429,-0.01569273289317942,0.038036883692516524,0.0676791261100734,-0.10361266445521217,0.017208161876774198,-0.06117254835115929,-0.014864837297863597,-0.020838214999850967,,0.0278450425030839,-0.051205015758887945,0.025702809151294703,-0.1117433658771672,0.01926969513068314,,-0.07121218900452626,-0.09811050669289578,-0.0029014926951478463,-0.08264805537917327,0.05583526272646552,-0.06405982621526465,0.011785363897007428,-0.03517141918569172,,,
2011-12-01,0.07015754681808459,0.030768863695977252,0.021410825444391247,,0.039510108335992465,0.05445703054362865,0.016902590871681656,0.015335489698135134,-0.0015031256811854912,0.04505264377811885,0.01080923709273516,0.038643258876222775,-0.06441731092339953,0.01919068063778844,0.06806682817480147,0.02342021321581507,0.020836328372860643,0.011917242365676817,0.03473025056153328,0.03531707745735902,0.06782797531718919,0.028609309925907978,0.03285285936413659,-0.019391941761153872,,0.030122142521488034,0.020003677808775842,,0.03098183093606073,0.03422351206370496,-0.021932970833817417,-0.02692507804561177,0.048145292897433294,-0.0256912798813069,0.01833041096748686,0.03900142598688177,0.057533753590217215,0.04006340108577902,0.016649487822597342,,0.025065134547081612,,,0.037262748807477084,0.03995674375645304,0.016470796765505016,,0.06762017090313428,-0.008931780491082852,0.0006248114971528972,0.018093152027334306,-0.041958577430549926,0.022341402060036035,,,,,-0.07380238980193753,0.0501440835449204,0.05352226083602388,0.04057244196684263,,0.06708881294598974,0.017891140391447756,0.014944065720998123,,0.04933816783674939,,,,,,,,,,,0.04503157638985566,0.03766483845825165,0.02424336616202204,-0.03167267943661572,0.045570356012209656,-0.034497750630562964,0.01581616479448671,,0.0374713917609687,-0.04801640408560509,0.017631010820910998,0.011783164014932141,0.004175475812858635,0.037292950142189314,0.008297256613422127,0.04083550360816737,0.07970519733594257,-0.05121238516429907,0.054830679110789274,-0.09636516040114634,0.002457742394548794,-0.009085214228043927,,0.013403562602004749,-0.05998206169078937,0.04731986744067487,-0.07928066293165555,0.034205274883811886,,-0.05138176219948508,-0.009432094051767821,0.020179877727323305,-0.04809182381469288,0.05981336684793399,0.0055312865867815685,0.034422931990420784,-0.026733239643053124,,,
2012-03-01,0.05959066987032648,0.03801717747209154,0.040065161450622194,,0.03297987051951588,0.029132102367066252,0.011826540035754689,0.008419721755800245,-0.0018234033187235759,0.06516875450256795,0.02457482473872219,0.05229870528355069,-0.03156861584720073,0.005052010967465157,0.061608657188361955,0.021686923481376782,0.02628339078056677,0.016791618276760498,0.049233588582136625,0.03771015568364618,0.07200490490907682,0.029272077785829232,0.03454726648536158,-0.0069470847087338885,,0.06630477366371347,0.027125127141224045,,0.03361307965390905,0.04294831790548259,0.004256643163980044,-0.006479515865991384,0.05925900903290131,0.030564922718970825,0.014260223944035992,0.057889517714062894,0.06141625109862248,0.033184338558405635,0.030376332504589768,,0.02328600353058327,,,0.0387252938241178,0.04274229428976716,0.013316373574976387,,0.08206267828867432,0.006494302210832175,0.022580902679491567,0.03264459179787452,-0.014119212485760192,0.03213847569838827,,,,,-0.047509736203126526,0.0440911721790994,0.05078808891145539,0.04248296984866856,,0.07845942860716364,0.036742860733883845,0.0200470007017416,,0.04879604688934127,,,,,,,,,,,0.07415523477645898,0.042250503537580766,0.03833383052660644,-0.024930795474361903,0.05457832184960493,-0.029209261593170527,0.007652128053304262,,0.05107704568026698,-0.04863506589076864,-0.0007338420376502663,0.029101634738046923,-0.02051763491226605,0.055205149142406956,0.01947505466381108,0.052366162544384184,0.08862592463257599,-0.051922746883149934,0.052765403783100726,-0.07309730185826614,-0.004917026766194063,0.003707016631840581,,0.02309350974087537,-0.022766711878472217,0.03630210838831642,-0.0609274095698051,0.0177601855681136,,-0.007261616784887146,0.03783266313939568,0.02528265179438964,-0.01644002319192285,0.07654161261184726,0.01474778539579625,0.020065677260035292,-0.03554091535665447,,,
2012-06-01,-0.004113897201889648,0.015181759053741853,0.04365205310436665,,0.04652384253080253,0.04273209943313559,0.030258289948868037,0.006058154569347596,-0.022858331129780304,0.05903040889648531,0.03299139729824285,0.05683651978510633,0.003838751127486971,0.023341773188040454,0.071623784753778,0.047747233136412506,0.03298739124481818,0.01502918080447465,0.04119991093286829,0.055570181802395265,0.04116781486761794,0.02902957199940545,0.03721553287486571,-0.007656805219464885,,0.02829277489399879,0.03141669004196985,,0.034841448151716616,0.03753399777922818,0.006090847025360383,0.005784077619863059,0.07093136959306968,0.01107168581827507,0.046465759764614874,0.04389817555402471,0.0475819249349671,0.04349610020481531,0.0200807442964817,,0.015195596227236978,,,0.04634342309846691,0.054317984587893955,0.021779139086307367,,0.02806148529432322,0.01414093268121565,0.04275241407421479,0.02412104022942049,0.009496774323001233,0.02768036230089911,,,,,0.021616935770571416,0.045903525719775434,0.01320402862779486,0.0541436058361176,,0.0750784449256365,0.03784261086004704,-0.02454771830761696,,0.051751331452014486,,,,,,,,,,,0.05308578735359625,0.04100719874948209,0.039649755167201095,-0.01677789788436125,0.056639150415922435,-0.011082061935370953,-0.050406050562365114,,0.051327807570201965,-0.045867838182768725,0.004288655937077381,0.036974042063686464,-0.009287132718086795,0.03672465934056545,0.021667712219178445,0.05293685545013818,0.08626940939919903,-0.027187107577784725,0.052654173954816696,-0.03257188857832574,-0.002899666024027291,0.017695894130027506,,0.052421893040412254,0.003864977487292404,0.03083850175744042,-0.06306806464731839,0.031101247326502622,,-0.00748576701121545,0.01836232386735591,0.03243438398335954,-0.008372895209250955,0.08245324113351113,0.01277889275651984,-0.01817178955396661,-0.021696175125269942,0.008792196850347328,0.03550756697506805,
2012-09-01,0.04595104523470117,0.009699865825520682,0.029930940856682825,,0.03280312913087639,0.04454333360518881,0.027843125620718445,0.009729700674722732,0.006768000340766207,0.049124035543142146,-0.008935219154198464,0.04873901958344382,0.004000154644257686,0.014027185959534288,0.058485234251039665,0.03721633049653179,0.0239974958078344,0.015746463120576534,0.035212896308612456,0.030814184887139308,0.05152787716150092,0.03242232807587782,0.03654698554387302,-0.0006459862612523821,,0.024862330596930517,0.030294018041210305,,-0.010609965601794996,0.05112859896268075,0.017642690515076994,0.004477179776788231,0.06448542867487216,0.03251616278730365,0.03708894772488798,0.038230676184206044,0.047872894587704815,0.05238640493809694,0.0018322247799744257,,0.02483483430963832,,,0.048145223130668206,0.042640667161732544,0.025640676736752445,,0.03775082251272137,0.008234284040413363,0.03297780254514303,0.05822755522834347,0.0032123265660771384,0.032605471773385526,,,,,-0.01600267035633376,0.043146436512493856,0.04649428613582969,0.047132725353899826,,0.07783786523596337,0.041312482401293996,0.01398617720323465,,0.0428082731441177,,,,,,,,,,,0.05549414494671038,0.03817723015541395,0.03093899378835092,-0.019056216004648546,0.05287768368137774,-0.009170854570071637,0.005310761304565842,,0.044920422977107924,-0.06555679134039585,-0.016801343041575333,0.04630510695889869,-0.01063440941889128,0.033809950186106164,0.03924299774151825,0.019660786943423367,0.07321283012864456,-0.0060903175658253384,0.04773083239136883,-0.03638026629406658,-0.006035078517282426,0.007597147910705725,,0.05013756334103834,0.002283430428006234,0.027287298916797167,-0.05634440827205929,0.015677845847381223,-0.0720426520160702,0.014491919097571963,0.013919736965209184,0.02803677257527923,-0.0022113587952608434,0.06706141402009966,0.035086230492736584,-0.03811288510377245,-0.05302417993233584,0.03790513699872761,0.03847933730389487,
2012-12-01,0.046713177807048825,0.0014756043148174366,0.005043223287327267,,0.009657878952225765,0.0158937580764844,0.006885061547336497,-0.04491630750474231,0.007282206151680891,0.026566947023105674,0.013261791179257321,0.04065308326369684,-0.0017956800123028346,0.002170426516499872,0.05061301364008682,0.04494867856013457,0.006297820941307867,0.00652499514632694,,0.02862052072145838,0.0344474471687071,0.012897397268979765,0.01343285474319182,-0.0013767711140538139,,0.006860324157117277,0.006626947572887285,,0.01815616807249749,0.019252548716229577,0.010281549817677444,-0.0047280981879869064,0.05191926445713012,0.0024145824846284153,0.04759142842142702,0.013631796656220642,0.03218269546542613,0.030448370741652325,0.01257777520503506,,-0.022882650609943246,,,0.019273479461142752,0.031844164231112394,0.011070065456981384,,0.05139316200773667,-0.003699871706775284,0.03321539074142402,0.06313135367214842,0.0007669673647005686,0.0004902130482151879,,,,,-0.012517702357860337,-0.01713982799731758,0.03104971762069703,0.039478131115908977,,0.06494663302432477,0.008397987743487998,0.0007928039475129328,,0.0328501533337759,,,,,,,,,,,0.0671640666216936,0.008771493931589257,0.038506807740208704,-0.013017607162261273,0.04101135303735035,-0.01609507822813397,-0.008547650714169788,,0.024282686416780223,-0.02048246128103047,-0.034232684356871906,0.06794289655708893,0.005485105148706446,0.007668794597126067,0.007538405467929567,0.01596315690343487,0.06491196357372334,-0.006271845893646719,0.03491068306642871,-0.0150543941264975,-0.01212786669280982,0.003064833142641169,,0.04530775473247628,0.004325237817790076,0.013500074235546257,-0.0390812902687087,0.02896061268038701,-0.04792149623262541,-0.0026928584289014094,-0.0014781968890988056,0.006411559359497331,-0.002291888709204994,0.05161888460270541,0.03887661473881582,0.014270644943732844,-0.03230369427327682,0.043455843834049095,0.01148773489201984,
2013-03-01,0.04166388355696912,0.011455267647095561,0.006805655291773531,,0.023218972759428514,0.02816237409591496,0.005852471097481593,-0.011481285692284786,0.011307112686808564,0.02729554490553687,0.02117934274038821,0.05307322524556107,-0.01027046836946813,0.01001536679326348,0.04787721171587542,0.0025211092262323797,0.0160221862028358,0.0007429834576434797,,0.03593160921784632,0.026303042316406865,0.03223339923608433,0.025439955676610598,-0.013559492502641666,,0.02358508493325083,0.016512885093062403,,0.02403387201040054,0.033066708381930446,0.012526480709697313,-0.003729345870482871,0.032514198951993534,,0.05290498412950109,0.02991239987653444,0.0348068628126033,0.038371047606121894,0.008741404835755657,,0.023051588224522263,,,0.032942848941884324,0.030220012423367405,0.003850449245486387,,0.049710092186768896,-0.0032465357923546017,0.03108629670171696,0.024616754501925547,-0.004491112837435303,0.016883166019945627,,,,,-0.02043671027975122,0.024400910021817178,0.02031289758988794,0.04259487200357572,,0.05664805014998404,0.019831234919630705,0.02059587419120418,,0.03623145313647942,,,,,,,,,,,0.03459804987714371,0.01108515232961492,0.03205446559868225,-0.002580431278796599,0.05076868266678017,-0.017322872406523734,-0.011049171147994606,,0.008911421948903936,-0.06073174883504358,-0.03601607328010184,0.01302115038424289,0.0005518914554011522,0.04372704293052295,0.010088815194330091,0.031024918005063813,0.05768919743448838,-0.004980230347867634,0.03833781192676678,-0.017951870873371908,-0.004989692818003586,0.002628244650988473,,0.010095468585857154,0.002097420043803257,0.026674037378861048,-0.05967249635171003,0.01926989499213507,-0.05174370604635382,0.0013273017352964515,-0.00863511597804583,0.006865692460260362,-0.004189213371972742,0.04137430025150736,0.04721210245473967,-0.03143111662607014,-0.045337224403611875,0.04110485549039262,0.01997648151472449,
2013-06-01,0.02291410115218249,0.006978229617154512,0.002952456520447702,,0.04824695505226752,-0.010062978951698371,0.008964834536373721,-0.0566473212465184,0.019427673317602638,0.028144931716939457,0.024758790168546218,0.05441787791789103,0.008911191435148303,0.012418446854542728,0.045142982056239185,0.019645486589936506,0.022106485595384282,0.009697444444872532,,0.037131136101786505,0.025894078338396995,0.03621174030674579,0.021448547219778537,-0.0012803280365058392,,0.02823733314394602,0.018656194854171575,,0.035886215094438845,0.03638504116557461,0.014233700204600417,0.00332224119895341,0.02439443809726133,,0.049723827291075606,0.03377754266434967,0.03703803245513789,0.025073201261310265,0.014183695272674123,,0.013023756248997948,,,0.03742996095274282,0.03138284760484106,0.009031525332768117,,0.014169531922396133,-0.017176168206765232,0.034422841767320154,0.021729349768609,0.005252962575922461,0.01934483403894318,,,,,0.018629356828619294,0.02208157674023206,0.03464317886532744,0.04595438318308256,,0.030416862038220582,0.019613388789184293,-0.00045964235424884663,,0.026993628354989845,,,,,,,,,,,0.03093007869840277,0.02749885940990205,0.03465495883906043,-0.004335002934717076,0.025574275997533404,-0.015461639697818044,-0.004374138439169867,,0.044975980307440135,-0.05196476499475505,-0.01712965511195223,0.011770691606843,-0.011746549824371679,0.04407698570867143,0.004743558358522717,0.024565204754990428,0.0660033611400871,0.0033354748054310454,0.022643785030336504,-0.004297678453264416,-0.001853344926508373,0.009524040141247768,,0.027141434594854498,0.012209348500565672,0.030421427300476016,-0.029494461069415733,-0.0004801420330782474,-0.01816685967367068,0.0223188990414511,-0.023210910530549734,0.012935844700457902,0.0022619016444380483,0.03717327486539194,0.038698304674972844,-0.014241290153906317,-0.03969528625674321,0.025641339645583478,0.012807903227785604,
2013-09-01,0.041539707095161416,0.010394499878704739,0.010983204659428494,,0.050775659205100986,0.018805205600796255,0.011697731292472676,-0.005870048236768159,0.008781344683904152,0.020577039638738245,0.00621632432437561,0.046757923385792106,0.00356407797810897,0.015294640018258298,0.05648171599248807,0.021482543781012612,0.014767559209214574,0.01247199946907693,,0.058194846375380534,0.019512026569789728,0.014645770919087671,0.026687447900977698,0.000715559217581294,,0.006617382008289189,0.008936562592594347,,0.015303252672733846,0.04935015732553509,0.016389510702434287,0.008843923627570745,0.039139828860884025,,0.039428274203882514,0.021135319749223537,0.0272182275246327,0.02077838047155673,0.0453775201549518,,0.014870250769852416,,,0.022127018349814936,0.014764927456616945,0.011202499394503254,,0.03777637232161522,0.0034780289712767216,0.0402304774946236,0.055882335048301604,0.005296633799301171,0.007590074569443727,,,,,0.027559009379560125,0.021029037874692468,0.009475660637332455,0.035578237967707024,0.012268167735732588,0.05856651522454841,0.018174431987826714,0.0269634071698081,,0.0021582900229631667,,,,,,,,,,,0.004802169848151075,0.012470672356437925,0.040981271396912454,0.0006196624138419976,0.037570809181419904,0.0002549020022337071,0.0071012918796550676,,0.04284527659041988,-0.022812370755724534,0.008521451402465364,0.02853588766711368,0.03073105665380447,0.02718672449154972,0.014327104444428246,0.02166610541013726,0.06583112985505142,0.009013654961924304,0.011245809501984921,0.006196371713143594,-0.0034049199173985796,0.00845906199768446,,0.030080970341059558,0.013175623625261935,0.010471088844601833,0.00438829830669505,0.01492133751866415,-0.008720152650703165,0.00611260284278715,0.0014982947679375576,0.010339981656280887,0.013018020190271543,0.05029600825526936,0.05320238342532894,0.017370290153491647,-0.009884885031126835,0.006992997652131312,0.005098171460033967,
2013-12-01,0.05203293021224791,0.020358268574633697,0.008214821836328236,,0.023147943521285637,0.0230535124518452,0.014074838579602691,-0.020991192170418276,0.010952462112978097,0.027232516758571284,0.010937262612511019,0.060810850329248815,0.011411921111619244,0.013707275414644449,0.05844700844994092,0.026473650960234,0.006167775023377771,0.01043315098842209,,0.06397565448130269,0.021501733914727983,0.007253513266602154,0.020631253868547087,0.010738687446322264,,0.009567343744367136,0.012872101966087948,,0.017345877798033257,0.017457806213905275,0.0176843933293412,0.01651261603785777,0.04806798820500391,,0.06347830913942654,0.027989554494386136,0.026055926280283928,-0.00776686086332204,,,0.022437536900456658,,,0.024348065590555436,0.009091058564332595,0.018327157912850025,,0.043175331459008655,0.011166835413605176,0.05739557498237493,0.07394158709628493,0.008911497210291388,0.01587752432812025,,,,,0.040536054559212914,0.0230577409821778,0.017558922427188983,0.04774657450801795,0.012507279742600344,0.06453944669846184,0.018229891693174346,0.04286165334416833,,0.037006802564031764,,,,,,,,,,,0.022021109731018628,0.013092531112758859,0.05142993186840151,0.006499672639668317,0.033427182038524995,0.0004189017800051379,0.02372117876789233,,0.05747646747774755,-0.01919775213818466,0.020205950022295117,0.02207838939791464,0.02938724886216413,0.027444364753119132,0.013556637074689048,0.02587906904762687,0.06461691567101009,0.012056055611829599,0.02331951291436969,0.012038294911423946,-0.0003604129177082364,0.016572951106778144,,0.04720038790144972,0.014719942134344206,0.012347663518923463,0.009943257694914555,0.02276237576741213,0.012074024729493265,0.011617289744737297,0.008385276849652326,0.013288014169663522,0.011989268030292597,0.04612294467806855,0.059624885647625,0.02024847874056351,-0.0007904196282279257,0.011723531706149952,0.013355728607468743,
2014-03-01,0.03615494192110383,0.00872981374399723,0.0024844404612642244,,0.02479956810402455,0.02608032766470506,0.010021523594600295,-0.013264456590406865,0.011549544626152743,0.01774497407995403,0.008577135377757934,0.06443923563855287,0.0044409429782980795,0.012736379098815327,0.053989556518469914,0.027764352481267292,,0.00986629085830079,,,0.03342136048222108,0.023491809851246367,0.017785672605058124,0.007807534637035028,,0.015488909242475717,0.006121341741565862,,0.014087616324264321,0.020954310823381797,0.015405542660709788,0.01176333060064292,0.04777905006224212,,0.06386473451703936,0.0220922513814744,0.030126943950058528,,,,0.01538043821402798,,,0.023740008960148114,0.05150020101656898,0.01033101284764848,,0.035648342476608814,0.006772748088782992,0.051906352923314164,0.03673428142682809,0.012734985260224166,0.011462746822296676,,,,,-0.005856530555838586,0.027499855025394915,0.01702675633067304,0.04085192514562504,0.015743968153625977,0.046175306983606446,0.01549872966323229,0.03910385454634947,,0.023974676777239017,,,,,,,,,,,0.004673236293109753,0.012142278766698877,0.047310640989491365,0.011526841785193332,0.028923655530960355,-0.0009007486804428497,0.012949795408898755,,0.019428044224584922,-0.019731450710079628,0.024143591567286272,0.013441430824881966,0.02623896502754605,0.03868411509573812,0.011121289553839692,0.010850305703502126,0.0546514889172355,0.009470209531231837,0.021663983923985976,0.007414092612029085,0.0037422159512308147,0.014994066910530538,,0.039660131355111504,0.016693066532437552,0.015072956463194715,-0.005336633148591306,0.010162463574782971,-0.003567057534419097,0.009489212715398295,-0.0044028716241545016,0.009492492515413991,0.012316140480826087,0.03676381091739385,0.05953900046091773,0.016081785609825146,-0.000889414027206039,0.0364234815233911,0.002965699539179804,
2014-06-01,0.037627366539290594,0.003674401155017945,0.011989290178370032,,0.06311293743608279,0.028737144710308346,0.01120827109252851,-0.026923489777692444,0.02152375555165517,0.02519749764486195,0.021149213231692377,0.06394713787156915,0.015618290908851095,0.01717946338111513,0.05610683188605821,0.02891433986794976,,0.01869101008410527,,,0.028429765553102282,0.019436826479497234,0.02440836839478908,0.008823366296713275,,0.018330105721849038,0.0076068882585297905,,0.022743239274317206,0.025012094560008122,0.021066087700796314,0.017426521850074983,0.04923173032072585,,0.05967666176173228,0.03202006368202993,0.03683832776280184,,,,0.0196105640064605,,,0.035943183266421985,0.02003143723362,0.010162682265548463,,0.020214833659860976,0.0056123181407571054,0.05464337626893496,0.05804966013342542,0.017113463511005622,0.011257378395727862,,,,,0.024609311356484403,0.03780623503214147,0.023210332908589062,0.04467474071315938,0.024069763271861916,0.05292567344397704,0.016186971518553944,0.030800028320307524,,0.015162785840824776,,,,,,,,,,,-0.02268143277839309,0.021224933536922026,0.02196857879520332,0.005015160901107225,0.03311610732933004,0.009352087614632437,0.012184300888973813,,0.024465031741317235,-0.027774452621617134,0.016765030407061666,0.03209999760988127,0.021462397635705725,0.05716190459946847,0.012715753913487218,0.021032860090989994,0.07541819826959348,0.018358508623102367,0.02863199970824243,0.008416147505939164,0.012560024107267346,0.015450460306017794,,0.0440148134365755,0.021327100658950854,0.023314942956615407,0.002212747119892755,0.042874288015172034,0.0037755583779130967,0.003762248882182469,0.0013861609602443543,0.013395419412990925,0.015445841739984806,0.03677200459916468,0.05553586006846955,0.020206288703866003,-0.02097083415884726,0.02352414733988346,0.013662309377536533,
2014-09-01,0.02333511735668397,-0.0030392323691370193,0.015094812397047573,,0.05999926379031137,0.030539518062109357,0.01085921895744511,-0.035877897065267755,0.017669177909203245,0.022614364851941522,0.017508174124610164,0.06566845891415594,0.01431629796969295,0.019823372585609903,0.04865563504868467,0.0313303963130592,,0.011018179215348468,,,0.028697465932927314,0.014043736419433114,0.02516578620505126,0.009178238374884615,,0.018151236047799647,0.010782711808625238,,0.014235704176306629,0.05831557729803218,0.003874663519631777,0.011369977597462593,0.04787526799677619,,0.05713043267425023,0.02904090227523948,0.036074786239619724,,,,0.01463850672461698,,0.038441991207169374,0.040945939181122125,0.019935708091608904,0.010575791989723296,,0.014976076003892813,-0.0028575019496467602,0.04912921952853664,0.04414357735533272,0.012309017145572426,0.015186600045451295,,,,,0.039935552983521895,0.027471897399811172,0.03179203306371144,0.052107751678399684,0.02741699675881861,0.02619711367630194,0.01749233884505086,0.025396989606657108,,0.012521389168908601,,,,,,,,,,,0.004616993169899303,0.020631550001110027,0.04997737665633792,0.011330275077334135,0.02908189010780481,0.0008505864002591851,0.005992015366448551,,0.018088593343759615,-0.019773367765129654,0.0031322166241254668,0.010102939522204075,0.008472103235844967,0.022802303040569783,0.01223418886674187,0.03032621710602442,0.04928792989778759,0.012035791196482914,0.034685131096715796,0.00789909566238619,0.010524939027031367,0.02014158936033115,,0.04636263601109154,0.018553469450266882,0.015049914028635796,-0.0010888894993903637,0.031886244063647616,0.0017914013040343524,0.004744433981432376,-0.0018209579101096047,0.016219392191831803,0.018361459893036013,0.030104949311810198,0.046547447193886725,0.014531074528315105,-0.012828658275499736,0.008420367440202806,0.011021717079421702,
2014-12-01,0.0303396870690224,0.012319954622521986,0.023833448333467434,,0.024877153895715348,0.031016777196145054,0.02040800059870082,-0.019038460492346598,0.00886118584928356,0.026812819023782762,0.019256123506952876,0.05678046218614226,0.017807916878968814,0.021930752074248754,0.03667976465968199,0.025514714042252917,,0.017854151395307712,,,0.024456826854992904,0.02383157800601657,0.026803070794680896,0.01804273579496884,,0.02672116245201788,0.01653958381575925,,0.02340154097957544,0.024413028406593172,0.009536289881603667,0.014683028588106438,0.04582595993909142,,0.05222610313953401,0.029008053071844717,0.03125090023205822,,,,0.019756018165604586,0.029218546807172775,0.03867748227538597,0.03622688313709753,0.026912148112396072,0.0203123537535036,,0.026625513465010662,0.014560302011607362,0.05212467695494812,0.021652653956762306,0.0216209361760822,0.021922844545448378,,,,,0.030311622044535837,0.03147504148760699,0.025211756218578126,0.027069344660205674,0.021415437377848172,0.04068717037583101,0.028830332803634964,0.01274106943242275,,0.014846689600688426,,,,,,,,,,,0.001847199834977859,0.022438029836508715,0.02764083507947733,0.01620281627691467,0.03713693274587754,0.014771088970952815,0.04257067551084341,,0.014908217498805856,-0.026505709326783394,0.017556472798445567,0.04736541935737481,0.019544474056933756,0.017178379211096214,0.026079106834531376,0.025021461856105015,0.04835866837408293,0.02352518889969455,0.03022602592209502,0.014388924276536612,0.02317715447695079,0.02429687367246317,,0.03254478755759011,0.020309188855125556,0.021156859751939466,-0.004819591283337109,0.021938153843865615,-0.00040159537756200985,0.019664867931836815,0.009435307297137211,0.022700530520712827,0.028667264482736834,0.03183622995681031,0.042033762350777104,0.019063522659824274,-0.010238041294207858,0.015424125998062935,0.017368482508829955,
2015-03-01,0.02243400774255656,0.022853966215637213,0.011385066977512258,,0.03359215789056578,0.02748513017852101,0.007499306826293611,-0.02985101584628398,-0.00030697638782906306,0.03730947794467223,0.020030571824687635,0.06052702057525366,0.018939359425969735,0.008727463643116284,0.04312241311746654,0.04037523626397252,,0.013029909440062729,,,0.06513466237176672,0.03755736385876056,0.03090708248484146,-0.0016167765360894646,,0.023922757530495012,0.012664272183148308,,0.017466726138334377,0.04193360609180412,0.010396842992873821,0.0012914234275771788,-0.003641473590080939,,0.06385246068331588,0.0240258563001069,0.04715744621309363,,,,0.010328500577802482,0.039332156967478576,0.038637093293222506,0.04638388840475058,0.06823628867810029,0.024202178830166024,,0.02713814287763229,0.005929202663423921,0.05988503304826974,0.031307867896617395,0.01342439358756596,0.016193633114223453,,,,,-0.011259141899201302,0.04187662922015464,0.02955106698108566,0.0627340730935784,0.017479078126233644,0.04410111076021076,0.03962505315725864,0.018230125962622343,,0.032365969017149235,,,,,,,,,,,-0.0001514695022198729,0.018275327449785928,0.04104410020691719,0.009286863180167684,,-3.615169306742029e-05,0.019371317224873206,,0.024044073529164683,-0.04449735496497302,0.009562873300616642,0.016121047944710906,0.001818372025273887,0.04347160649295695,0.017892907978949338,0.03867103077646985,0.06183744304069688,0.006736426415893158,0.03277518623284595,0.0014862245250966111,0.005802481064790916,0.019245399339040504,,0.04814883203015644,0.016276020800581548,0.0289255580627348,-0.013346738456882444,0.012541785224387083,-0.009441447802885005,0.05988129251222664,0.008912565899297757,0.013929290829162994,0.02377041722361238,0.04850980084757462,0.038300646080561905,0.016236732632632835,-0.02557707950496199,0.016457594650985837,0.006541857064169492,
2015-06-01,0.02350917603781644,0.01837097232482892,0.013109092308440031,,0.07493647929325423,0.035815272434749995,0.008002032942161114,-0.059281846343910684,-0.00411631248044656,0.034794795837027076,0.03440015170858243,0.07986529022767595,0.015143150102862744,0.019561928950529404,0.04923428292748728,0.044344527997348955,,0.007856960326315958,,,0.049300957842591586,0.02475313280451368,0.016366573188617593,-0.00649433067652871,,0.03395560664653788,0.013616728754419246,,0.027564603757294713,0.030443578766197122,0.0085834548398187,-0.033042470286906094,-0.002969807323903592,,0.06414522485006952,0.021177596885202113,0.03740191890109144,,,,0.014782965214361277,0.032459769069908335,0.03039533081733593,0.036200259594442404,0.03861649974231444,0.018335316443833783,0.025791864358430172,0.02591267458079627,-0.009371594999503038,0.06273006495290152,,0.005578852374442667,0.020863742967381704,,,,,0.058358044981155516,0.03717680223431376,0.03768856932852418,0.07828142940937571,0.023287689578758996,0.019216240881581637,0.028658696159241718,0.0071842716096171995,,0.02854941218955453,,,,,,,,,,,0.005147523399170457,0.03888931799109659,0.031137590074136925,0.011034734011062546,,-0.017684367863503817,0.02822462133918784,,0.04423359846685189,0.0272551306929943,-0.0003781663999300772,0.07070329203006236,0.014848193413709293,0.047550609647418904,0.012854595868297515,0.0386134666833938,0.0660163435507775,0.014585657311741185,0.044843834769413206,-0.0028097713555810173,-0.0021080028677901456,0.019177745608675398,,0.0367136725934366,0.01864256229547844,0.024031064205830982,-0.00423607343822811,0.04140712058676681,-0.01830306562482035,-0.007310773910946286,-0.0057746448950965,0.015683062454938616,0.013293509317005191,0.04376330358197826,0.019598012385910305,0.009542798267909706,-0.03330388990537821,0.0025320838493000705,0.0037373415513293016,
2015-09-01,-0.0384036994204534,0.0002376472161434177,0.02485516019071876,,0.0670741829107401,0.0389892653734142,-0.005842207700337186,-0.056990200252582925,0.020527573126790176,0.042840498267659,0.03234582188957113,0.08354550613035464,0.022510151207065628,0.028790675728738408,0.04735263503339596,0.047621357626070344,,0.02030330062665259,,,0.03183733246856293,0.03235726188613189,0.02165309864750575,0.0052873122902102835,,0.049815823344540246,0.008636752590448458,,0.0055064606062705645,0.08073689519595119,0.0018700659358250344,-0.03417360124242018,0.012346924715480797,,0.08046164036772527,0.023388410614912238,0.035019758139285345,,,,0.009238907683769787,0.04858870543217324,0.03845420124415273,0.0497078263000075,0.04214354378992361,0.015077154654803433,0.012498517892926189,0.009193638932537667,-0.0024721726049238653,0.0799849552562613,,0.020526063662607733,0.01634346125363011,,,,,0.043064274623333745,0.037602756896194196,0.035580425768612874,0.0689451209287463,0.02407963840738335,0.029822469517888566,0.04199719698012163,0.008014697641067452,,0.017443021868240854,,,,,,,,,,,0.00431777270045176,0.0004948968847463827,0.054312431592507086,0.014269614456934079,,-0.0023420622748193984,0.06021444283119457,,0.01343359817426048,0.02499610996064264,0.0028451347260505023,0.04905208197040381,0.009657468408946475,0.03401811963394881,0.024104920494093005,0.035629012960254045,0.05783570669131133,0.02685076465416331,0.049752383623605886,0.006138952469267769,0.00607528670533597,0.02557297597856718,,0.032112684094054045,0.02362206086589596,0.026732304619740757,0.004246492057683187,0.03761749942491048,-0.010405327839542733,0.028180155667973862,0.009474119900854892,0.021778134597322047,0.00831777682695101,0.03630690801427279,0.028962789246396742,0.044577241887250166,-0.0307474232023807,0.001890780408952947,-0.0004240253409568424,
2015-12-01,-0.030675234134221775,0.016397791067253528,0.013978485587281226,,0.034868271000264926,0.036155304372254504,0.01044125662888662,-0.04369234481261632,0.01770519923859598,0.036016081222051674,0.03432957509783629,0.07702058186088619,0.018297847377628306,0.02807174276758256,0.04542472240826425,0.034600680332664974,,-0.017999371598260802,,,0.030340977348470126,0.023843387127737856,0.02321069150523548,0.004197939907509029,,0.02668120923053246,0.005931053091714619,,0.023833027880973568,0.046507402923966996,0.024896697826422405,-0.024561327721197873,0.007616207468124841,,0.07602230436352107,0.016636817759891506,0.036603428869635156,,,,0.019783018912198205,0.03401757973961251,0.04010041843425023,0.040731375791987816,0.027034097892871457,0.030090461976035456,0.03606075851509027,0.02321640110664659,0.0032657555023766645,0.06714367961557169,,0.01698121358058281,0.015007213062835095,,,0.032299588628016844,,0.03654169299740873,0.0372191699386832,0.029953784643302464,0.048226369872404445,0.020239940910596915,0.031943489150343424,0.03818399054032163,0.027945329779803477,,0.018149053623592835,,,,,,,,,,,0.013650321481532883,0.011711343616585013,0.04922517817424857,0.011989706650159342,,0.0014468999740435548,0.06157257764256576,,0.03360205775813185,0.0180876268443345,-0.0038518810536490723,0.05739994991511471,0.020166343336540788,0.027203131473393847,0.018144533337619843,0.03124054746001643,0.04987645170814093,0.02152701322115842,0.04350522380796596,0.004568013155106799,0.012604584312189573,0.021402213367919413,,0.038225572021355576,0.017538484380400628,0.017582129191875157,-0.0009871972806525695,0.03248128019755912,0.005216959936669839,0.023479975524363487,0.018775312512693907,0.01585107153109476,0.03196947656448271,0.035990178687873735,0.019629147487062702,0.028299111006644093,-0.02157258771268165,0.022308960047790486,0.011679267064347179,
2016-03-01,-0.04271185620854438,0.01095773356476845,0.047774849026788635,,0.034599074859765704,0.0373471206641646,0.008373317457952972,-0.043677817069952614,0.030375564824796454,0.02746992548599728,-0.022888115594357612,0.060016169939608774,0.025500450577578205,0.03292532394123469,0.05211675466866611,0.03640840129609923,,-0.0157015075716824,,,0.02990601035813234,0.07361225751057617,0.02368857301007752,0.0020108764567777584,,0.028734937944602724,0.020299944776836196,,0.020118689661224008,0.061643060906093616,0.026789105817682922,-0.03092987567076701,0.010120694996959494,,0.07121430136099416,0.03926219428879447,0.04426810814366292,,,,0.0022640783472691467,0.04288536771333708,0.04389804245080851,0.041755927854886146,0.05579814471701327,0.019498236842520424,0.03258375086026815,,-0.0002510811422023536,0.07033535849851524,,0.021702066822832582,0.02060396724639999,0.007080820449778576,,0.029535397863064597,0.02477924487468663,0.009955165014788034,0.044704897938953145,0.03282990039179313,0.07180185625054158,0.022285440175439833,0.039618600247979974,0.034610474071510564,0.045598824572420996,,0.02646420746318935,,,,,,,,,,,,0.010135857397426678,0.07166932564769538,0.01828994261066503,,-0.0013369909037569223,0.021037463622604377,,0.02636445464689029,0.01738756663719245,0.005797133062357573,0.06603153592640508,0.025282490486429606,,0.01615725747635626,0.03455202395909749,0.06716640830477288,0.026545470994279195,0.04825002980035603,0.012277622801990747,0.02162337956426256,0.028381687566699388,,0.039837857089904546,0.026152843584463348,0.02893972889766805,-0.004292472915825076,0.024109707225022137,0.002744783187311005,0.02122029382667396,0.008498841605847088,0.020488421554019358,0.013557063747793365,0.040984743569999836,0.03391926288643277,0.024566661933794462,,0.02261799146072953,0.011098485171485135,
2016-06-01,-0.027359713795682646,0.017682195461563126,0.023416194348964404,,0.07192173758520527,0.034702760850165555,0.017230610709272103,-0.04785105722018714,0.012807456959107434,0.003812167971212641,-0.023767032178899694,0.07151542062447103,0.022780472824938537,0.032970464331650004,0.04188213613359337,0.015062994943059632,,-0.023468221578038757,,,0.030608983965814195,0.03422773418838462,0.026454603791320367,-0.004635588716714317,,0.04192064447665583,0.005080779459835148,,0.016558278031025764,0.042579896631516734,0.026607490155223987,-0.0238832068758045,0.004555591806688098,,0.07217704703333785,0.02888906166116027,0.02752793375641153,,,,0.0038490053806963177,0.04366977114977842,0.036365588406033496,0.05587277271778251,0.021425725817576142,0.011127363934953208,0.03843267078810795,,-0.0023845635119183954,0.07463003807278325,,0.017633163831169096,0.0198676456604045,0.011047905469864668,,0.02552940316873206,0.017105043112171484,0.06533022848906002,0.0382271163445653,0.0239375028245305,0.05875324863332365,0.023762029049786623,0.021389954834172015,0.012368268103648748,0.048174385356201284,,0.03304510203226896,,,,,,,,,,,,0.00822815216672132,0.031447597986135944,0.02167755349895963,,-0.004501278944484576,0.02836431471138615,,0.0219578767287343,0.026955592371043214,0.0009694304764671696,0.0564347339549714,0.02463068771757575,,0.022835006687058523,0.035369711391381065,0.04731838624329695,0.026286081982603068,0.03230157704094115,0.012019474518784207,0.02362792347073929,0.020909497538620675,,0.04091728116353949,0.0232845603469979,0.025345632906154495,-0.0007561907019665896,0.051593065411539955,0.006612377991009641,0.027543137002276872,-0.002720243513902786,0.026231011555003673,0.015669753641336184,0.00783112158504891,0.034966269912758266,0.002023578294635194,,0.02587881449279818,0.0166373030099576,
2016-09-01,-0.008260283904875144,0.03366465049885141,0.030381382140565658,,0.07049314236449529,0.030580421909934045,0.0033648084500437613,-0.024835998653901927,0.0005764816403606634,0.04832268056919303,-0.010588145789899394,0.07076768886064189,0.021120028688824222,0.027324651620695164,0.04714984837144941,0.01021058920476636,,-0.02016420768405626,,,0.010080848807877695,0.02940863689089003,0.014169087680314184,0.01547670866683538,,0.023736782825488363,0.015402128981466982,,0.01909256905644582,0.07630508607281936,0.02619806233437241,-0.02045120967351722,0.01793275415553988,,0.07449702701962879,0.02448501097126399,0.029826307132506755,,,,0.009095633097178531,0.035019544583773134,0.04304358516397696,0.03619334617544374,0.0463021573659774,0.02168693979894428,0.03592670739355116,,0.0032259908273514957,0.07286552737120858,,0.022543817599026354,0.020518254531997595,0.01832103109552348,,0.029879266275290355,0.01935768241950829,0.05225587152593443,0.008687098329409336,0.023543897869808435,0.06328289717282054,0.018662182777693655,0.024349012104021194,0.024373252652573518,0.0317577730076406,,0.039605482767103746,,,,,,,,,,,,0.0068021499416384915,0.07362132659319148,0.021210915017391502,,0.015008103061989212,0.03786316351315806,,0.021814591873337005,0.03629342611888315,0.0022840956059325414,0.06639077968416845,0.03390685204439489,,0.023589575555441923,0.02939750436194145,0.03177389391421364,0.024980542225656287,0.02937926122089477,0.016315081086481963,0.02114403851591304,0.02335927924731109,,0.0249142188222766,0.021743205916094563,0.021920794871420676,0.012573163298896075,0.07154060513353318,0.0037379962567150164,0.010062777377330667,0.03464532261657161,0.021492319080094153,0.03453676112884345,0.008146395120951602,0.0172555622356796,0.001479624912910507,,0.017361686680396515,0.02671074123335563,
2016-12-01,0.01128517395022634,0.01210609013203652,0.02681089458591467,,0.030403086192031158,0.03410270197176493,-0.000699870294034961,-0.036975279068842216,0.004580614843147439,0.03029804632184237,-0.025331251865149184,0.05613603009191801,0.013065248831685467,0.024227299564544412,0.043988074250487834,0.02711957646130534,,-0.023287437621444484,,,0.04270806327417668,0.01219334194839666,0.014670348303319557,-0.0002207049988052515,,0.004540427070296428,0.0047681100336254235,,0.009409586389976634,0.04808901335079956,0.015172885006173115,-0.027849861517346166,0.008843610553449482,,0.06817235619973294,0.020229120741093003,0.029943301133426352,,,,-0.01122562316990952,0.028681606314777664,0.031696476359031625,0.03468055674645558,0.03702091923319396,0.012643235080936496,,,-0.005172262207465168,0.04381956173277121,,0.013807190812989383,0.009256596685358404,0.01610894050206295,,0.0178520341834683,0.016824063356899677,0.030930881201057338,0.015310466432968989,0.027467623394551187,0.06064742336154152,0.02067781482084491,0.0212489675946087,0.030929450898674493,0.04499927914527689,,,,,,,,,,,,,,0.006226150297447782,0.03668221126443832,0.0057497837421238525,,0.001842353356036288,0.041412751190731796,,0.019724274751147044,0.03904725369820717,0.0033406974032772862,0.04026987618999252,0.016323481248164254,,0.022834089440960936,0.024723735384103954,0.03545987004346157,0.019936845504868315,0.03398710647087644,0.011812849612714343,0.009807632215272572,0.012523646161229817,,0.025894214535756375,0.012649195157929546,0.017986823395833375,-0.006898405083804095,0.03371953964127185,-0.002960173222615621,0.02036473283269454,0.026733038602101283,0.012572026169234444,0.028704985032619916,0.0032276798286394507,0.025913795015874763,0.006435259856813882,,0.011522597787698992,0.021107965187826164,
2017-03-01,0.029071302860593496,0.023077540723318468,0.0149314819480986,,0.020417522527968766,0.023228754136457037,-0.012486901654267808,-0.06451894386748444,-0.000877502652174823,0.0350810373630311,-0.022692676158371127,0.05375350734969413,0.010379688153225626,0.013048735914289433,0.04586903690960456,0.035038523001581626,,-0.030980764939579873,,,0.050737959670221204,0.036352360451533804,0.017208423202622187,-0.004724815180328138,,0.01580128113865712,0.002013076888315106,,0.017063705171158725,0.046902940449337335,0.03444535327024316,0.005386202857428804,0.008593444168721315,,0.053813487120763864,0.035140067511132224,0.02196922562387328,,,,-0.014359582818416412,0.020001188801395155,0.032390361377851624,0.0368455637789443,0.017197288322706797,0.011876600795397057,,,-0.007357797424380941,0.06301033605026025,,0.004678124134526555,0.012795834491284687,0.021085837088634048,,0.007611551140949876,0.014477369857911404,0.0004719400546549837,0.013649194945265494,0.012357812324946461,0.04641823070980408,0.010227369394458346,0.04319199452018144,0.014256521625908854,0.04885045150469144,,,,,,,,,,,,,,,0.026534539151083888,0.006747531436373529,,0.011230159448644464,0.03611424550439031,,,0.019113167103280967,-0.017080984792882475,,0.027518743927461613,,0.03045249998163243,0.019150075032269627,0.04364907829873675,0.01295930090514379,0.03278636751943721,0.004671674667116303,0.018205061392030916,0.008722802808399144,,0.035832901088709866,0.008830921892905458,0.01789393965392025,-0.007659399847504772,0.054859670188330906,-0.01963626473618849,0.006725082054690243,0.030308014974695235,0.007967832234465327,0.031423504574921136,0.018716811392997502,0.031657471789374746,0.020906895873539506,,0.010320690629183197,0.022174358256059318,
2017-06-01,-0.014464257399262333,0.01498995957457206,0.0137296811134758,,0.03772944145283417,0.018786077295835563,-0.012638265970716796,-0.0451050436810573,-0.016969385688989525,0.017981385033804805,-0.02863790272033491,0.05639405422983576,0.0006440777195991241,0.014517252476930984,0.03522236871107576,0.03194945556980282,,-0.03323638638922442,,,0.032177185162644784,0.03977471802139748,0.06050510466698267,-0.0039606713176018144,,0.023288631421711205,0.009637853380201018,,0.009575749742120786,0.023108376613327132,,0.007044020518506374,0.012997203623810374,,0.03513014628072561,0.0210286186291792,0.024277008453780557,,,,-0.02208316100446024,0.018563435692633603,0.020232753678811152,0.028539200563161716,0.032051785001574976,0.007660854676525946,0.03895550559262493,,0.002069179696529824,0.015393036785681385,,0.002120856592117675,0.005413147668699383,0.006080914213226374,,-0.018917663956966525,0.004761326224212865,0.049278909195398554,0.01130906100545533,0.005526339568512482,0.03634565827206218,0.005942053300440335,0.0027960408738960853,0.01650966766720427,0.03528557932225373,,,,,,,,,,,,,,,0.025003633194016932,0.010380717483627518,,0.0025844687105429785,0.023875492385810448,,,0.03020963013316265,0.004157909292171154,,0.0192076807574748,,0.015334009187548651,0.02239621382947984,0.03608467879977443,0.0171313169026917,0.02486555640410425,0.010305316879360508,0.018245256496830568,0.0007286941907689654,,0.019773122138307512,0.005621331865494248,0.03377005127966912,-0.003913800632324579,0.045425251526720445,-0.013223829512712148,0.054838822648793153,0.022223992659583483,0.0040759519963684855,-0.005022034989904886,0.02653805047329066,0.025361283636882722,0.040248578586420225,,0.010982371273700735,0.020289109236188572,
2017-09-01,-0.008107502968631835,0.024221653040841215,0.012561066865520285,,0.037630891165773,0.016420414811040115,-0.010522124281408274,-0.029629716578027366,-0.0011057128404377736,0.027571100455964444,-0.01495053944751664,0.07628548868657445,0.0037367137201633734,0.015573856396366966,0.031222154256691826,0.028021875761992297,,-0.02172134411668948,,,0.03802460888439599,0.03295396474675687,0.027927357006792344,-0.0021700942687511264,,0.0324095553686038,0.013371522650238601,,0.013715023816819731,0.05672257978744362,,-0.02060048595471445,0.014777687969688423,,0.06758160422090584,0.027790522479216526,0.0271407213704775,,,,-0.01623502919916924,0.004602887677898115,0.02574712655369336,0.027062312763688475,0.026037341406678585,0.0072611746663087525,0.03960072455750205,,0.0016015917887015523,0.01454367519718628,,4.741609929470127e-05,0.00866152388154631,0.014944074422054367,,0.000991051656543111,0.013932970358011712,0.04594176702432429,0.012890426163400217,0.006594576939018604,0.049923008862655785,0.009008738458354084,0.014644529930496291,0.016406094238804368,0.03597163821628688,,,,,,,,,,,,,,,0.04678312863697386,0.013805216700592976,,0.00737424245376949,0.027064679983426,,,0.02817958271159813,-0.0079805267004224,,0.026939201686334263,,0.014777092275960739,0.02501449274758511,0.036396045043455685,0.0171946699469884,0.028197278197249195,0.008820553175822669,0.009801449558867331,0.005276103111587647,,0.024806212332365695,0.0056837389948181305,0.022692897218123245,-2.602231310368266e-05,0.035090579479589365,-0.0062767641604792946,0.029702021321992626,0.021111423331141608,0.00346144211869736,0.0007024691958984563,0.026131771232192902,0.03220564956074425,0.040851171448517715,,-0.01861375022865587,0.024460509661619678,
2017-12-01,0.0073503138444427065,0.02208688870787377,0.007927761000332377,,0.013576786602825292,0.016502728232129657,-0.00844599167779811,-0.03669724783656901,0.004336567570168228,0.029924597380122826,-0.028834245085882927,0.03540375093886769,0.010244249367909923,0.015651689104233084,0.02881255084923186,0.025379288861262093,,-0.03309296271431449,,,0.02925934602361329,0.01805033486873175,0.02537765386181281,0.0018958371470829283,,0.027689090267003905,0.01913554843755089,,0.015929533407870466,0.048130674596756205,,-0.011909312985084505,0.01465407653855832,,0.06367136174434894,0.0379397616741792,0.025344172285884165,,,,0.003154832403683854,0.00925633054299027,0.027305652237847765,0.02345367815543705,0.027253929042847055,0.007605485931429001,0.0382828453649067,,-0.00388331935205729,0.02831075273216995,,0.003418131831716559,-0.0005992779438549293,0.010066379028383463,,0.015154080859173255,0.007155435575766426,0.035219006455522096,0.013947911565873121,0.008294670732256442,0.05211445146928594,0.006353358960188769,0.020816828886037628,0.022396319031084223,0.0070699215481435955,,,,,,,,,,,,,,,0.035374145628289194,0.0216908779699187,,0.012114174440402938,0.04658075401568107,,,0.034284564544408105,0.013130442588852445,,0.02490933253709845,,0.014754998242214457,0.025012439247789942,0.03909022783468916,0.024746574703502923,0.033401290260887714,0.01599240273799036,0.014767380037474308,0.0074200473004817705,,0.023389027553305124,0.005492139145628109,0.0281319148304961,0.004788119440485157,0.021096799933764253,0.004425147441918767,0.03138941277283789,0.024031571196042295,0.00580809491179056,0.020897267004910552,0.03352160454424278,0.03423216437961471,0.03439591525735796,,-0.029105257934433616,0.026013813273443334,
2018-03-01,0.04776354847339861,0.019420345176179944,0.009233190752308383,,0.014273700800466802,0.014802517956787775,-0.038817219646811035,-0.027806682066569,0.01153662328714582,0.014018677077855916,-0.028344303337802176,0.03354965171365203,-0.0003203994880308068,0.010906485203602186,0.017169167702945,0.030202072205199552,,-0.03833079409379402,,,0.014948860046947208,0.06531514436702658,0.02833961150627525,0.0026736328548002063,,0.017002735831939553,0.010304660279240398,,0.004688485218778532,0.03297167983173517,,0.0024981760543407333,0.019273496744600094,,0.02740583718854878,0.022171190408268083,0.016023780645056388,,,,0.0020761598781108403,0.0278496558063005,0.02822725142535503,0.005035370508718621,0.015938936451229825,0.004660276203767205,0.024554046598676903,,0.0034307427897428367,0.014262635183237688,,0.006542397827739342,-0.007682343146629003,0.018071402893199164,,0.01750598687075288,0.01395016660867473,0.017647423217113916,0.009650031690593874,-0.000395270069813247,0.05237264082377603,0.009271063385346948,0.027770302913587713,0.009830018547463702,0.02931232752214538,,,,-0.00493478273111077,,,,,,,,,,,0.0066172066455689686,0.0055603117533484245,,0.011192178749703442,0.024906304448690905,,,0.020174112970606596,0.005733313871661166,,0.02194520763552678,,0.007552278418690669,0.01844401337651501,0.039685047074969865,0.023336551490656717,0.01697698370348137,0.009142671805988566,0.015945087403877182,0.007731586609366719,,0.027424138307472524,0.005023174404321484,0.02808588038146228,0.00037427563755689837,0.06676754233733054,-0.0030324405035336665,0.013541606004257826,0.01887769352636641,-0.006201703690936477,0.0021464424381377966,0.03774280447831683,0.018669406955419156,0.052312563746394085,,-0.030578798876012038,0.013374436578414554,
2018-06-01,0.01013906323177041,0.05613204730824652,0.015758293264648983,,0.06210685546009206,0.02794599329084851,-0.024748207555778837,-0.028778586543997575,0.010747793120259627,0.011412494419487374,-0.03176218891865764,0.060192176735124316,0.014997439844484678,0.027230901047405016,0.036030788087197174,0.021287796968592586,,-0.03485851627861141,,,0.037278600673044636,0.04730760974716105,0.024853461166571188,0.013673976907790653,,0.03981908268867615,0.011780288702389742,,0.028526325452132982,0.03978791358118901,,-0.007510079982998428,0.020895200498943365,,0.014240148889893535,0.031685552295234606,0.02726154079159232,,,,0.0039200766298132395,0.028412036596502238,0.03688866810182935,0.017666171836562817,0.02890956266562029,0.009469279817438678,0.02521068188619955,,0.019292707526897896,0.026967500885377773,,0.01281325417832254,0.015931729395373562,0.011112785108890622,,0.020685703072846083,,0.05831547604736944,0.02720651233480755,0.009973840284081404,0.05459829784262529,0.011131360008130474,0.008957260530721505,0.01623143569314255,0.006530119855594654,,,,0.010212704238012146,,,,,,,,,,,0.029899209266655468,0.021840488186638363,,0.007542302696047276,0.019547649773297003,,,0.022841852200958912,-0.0006079825929016803,,0.008080268618686454,,0.024322577574585943,0.02501379695864947,0.04580284056269981,0.030319960205170228,0.02418787192976575,0.016368720452279755,0.017496940132687783,0.020412797657272726,,0.020125336726627214,0.01878715080057907,0.03846169019383392,0.01915716585107239,0.03829663090906712,0.008889672706495237,0.031394834910106265,0.02730355326795668,0.017951545723487953,0.004208757128227541,0.04447669685197643,0.02561820486132621,0.06545053521555412,,-0.032444491009835284,0.02842986574149034,
2018-09-01,0.013100003737111055,0.033729453084959705,0.01824113534563651,,0.04144765776513329,0.030371898593459963,-0.050408406885369406,-0.04871541266974079,0.008988519931648795,0.01978522839270464,-0.041657198049328256,0.05975307497801369,0.015987621925838462,0.02667564932066746,0.03401074178275484,0.021424181058870263,,-0.04526052197261319,,,0.03326307694985902,0.05103033446653427,0.024243927864981942,0.0016817182049955204,,0.038116232478945314,0.020963835960866865,,0.020145546261034798,0.06312803320535865,,0.002991096551887328,0.023635688844376612,,0.020385332380704845,0.034727386041311925,0.022323434662401973,,,,0.004922039927602308,0.026424639256169568,0.009657767319262777,0.02187248635788734,0.03196630415770677,0.02553539016630743,0.026735125573580446,,0.010338948365498223,0.019812665442767018,,0.0078043250923416985,0.005469554985860019,0.017011791163673046,,0.016251511123478234,,0.05244366390735353,0.006281297932144174,0.007401118497653302,0.0495528359665119,0.014651171147294459,0.03682758502837368,0.0219552647251976,0.01673083447322979,,,,0.016737962935393706,,,,,,,,,,,0.03837071011154335,0.009335833257611807,,0.007719217068949608,0.04819143334989572,,,0.028423834194409636,-0.0013085880982062503,,0.009200556364081163,,0.01940458328238426,0.01331022447423917,0.0464172347963633,0.026610120203714765,0.02969772574836147,0.015824564084615377,0.01771775789443397,0.015179762751672099,,0.022235466145852457,0.01635256009016177,0.024911875722189225,0.005588276852608944,0.03213178858913647,0.010865942728892335,0.017363144318837686,0.030216864274593948,0.015158277950745392,0.01738844133308033,0.03427440309566915,0.027391884683581683,0.06638894759975605,,-0.05129291570405926,0.03097802564766444,
2018-12-01,0.014585192535262425,0.02947711192412659,0.018079420626957655,,0.018764008708291088,0.037026180083766916,-0.05281674415797642,-0.04991220988174133,0.012061398570540569,0.03048030900793697,-0.049087149335512344,0.060876302683860094,0.018917443632337497,0.029830000335146014,0.04399022621824737,0.01773783460230475,,-0.048831426192832324,,,0.04174537896591275,0.04007093006274584,0.022060587596864006,0.0029377302740737268,,0.03858935740862243,0.022516384806918456,,0.019666609024343824,0.0391107945793514,,0.012557437469944603,0.01889944436686294,,0.02284802729900965,0.02944960716398456,0.022140050599376987,,,,0.014078014655424608,0.014506795374743649,0.039509895670135936,0.02887589228534433,0.029089721985875592,0.01050855776099056,0.03314315144459493,,0.019041128226013056,0.010434559358590965,,0.010385234856818769,0.011090171464860127,0.019916960352729076,,0.009700735650486958,,0.05789897676478813,0.014052126944658015,0.00619984869249386,0.025129802508768947,0.017632789374707886,0.019229238060937882,0.018174438062807323,0.012006735102393107,,,,0.02628149435077324,,,,,,,,,,,0.029844317613544506,0.016826893239063036,,0.008478339278664584,0.02585217892159031,,,0.029657986933194373,0.0028543589144931374,,0.0057745806458823256,,0.011802688346402886,,0.04488581983441678,0.02697778412701636,0.04174006703652736,0.02095666926221431,0.025603036762556926,0.007850874399330694,,0.04319118394798927,0.015128288438280164,0.03153411008793764,0.0014963505585550447,0.027023456846576425,0.01716340880233178,0.0293177601892656,0.02595317036604687,0.012251624657485687,0.02430883866496549,0.041416734856911636,0.03779069835746706,0.05462305426815318,,0.018673932550942393,0.025175036535987204,
2019-03-01,0.01741973135090329,0.04191516510660673,0.027235517739248913,,0.03290763198650897,0.034659216112588175,-0.0444127174529996,-0.036901448303324154,0.014531860261077183,0.028841832601639465,-0.03595454068476336,0.034819576956128015,0.016581736070728586,0.0335495232048764,0.04198603133552488,0.02983675009320447,,-0.03844816587104179,,,0.038127231026868415,0.07114911279568495,0.02842707129905811,0.003468398625964178,,0.05941364563597775,0.021084631864973807,,0.030004664827279034,0.04230351097850205,,0.009844733040756231,0.01181004898297298,,0.01964392256016597,0.03489495662631087,0.029832977678132186,-0.0002356154846659344,,,0.008174437130163671,0.02637335464157904,0.04090644614078125,0.03396847950165953,0.038100947722933896,0.012833963524431845,0.027080476872223706,,0.01718472644879749,0.0311828149677659,,0.012984624102475917,0.009687879394369074,0.014053734038039122,,0.014320882616160224,,0.014394477287829242,0.024217677590399347,0.01617285414508548,0.020027896881206198,0.01651982370725359,0.021843988456221056,0.03400154874009371,0.031246062251896127,,,,0.0050564443767588205,,,,,,,,,,,0.03251220373667631,0.013134282667026771,,0.021553117044928762,0.0359351002880897,,,0.020398586160543037,0.025642492383042444,,0.014247950010473345,,0.02890172610800441,,0.047289788539899236,0.03296108173652423,0.040231631264645226,0.017153067374222623,0.03130621794810155,0.01574496650003188,,0.038044781152177055,0.016984288432239276,0.0406485917151333,0.006105827738722596,0.03929304540055754,0.014114413209585664,0.03859981915671285,0.040985925801744205,0.016447274005297306,0.014150057124463423,0.017903375440399695,0.03738500502981873,0.06590098136326192,,0.024261551216039665,0.03947993652512958,
2019-06-01,0.01772431421406143,0.03985976969820741,0.019996406534024107,,0.037139019517156896,0.030294932629376253,-0.016945215192762736,-0.026052286842686786,0.01594695320716537,0.02582044366374073,-0.018372352260222366,0.033201126082918524,0.01869351362015755,0.028775790949972055,0.03658388694131541,0.033476433835836386,,-0.023274192379581605,,,0.028793691800571574,0.06517576925597983,0.02611899165331103,0.013815564836854541,,0.058494480236757615,0.01678701616384182,,0.03207114535591041,0.031875023500830386,,0.012193182257020794,0.014841340554739766,,0.0222297391561988,0.037754342327456336,0.025383849555893262,0.01211596343370625,,,0.006956317476877734,0.026844389959671387,0.04108951480287612,0.032021436807965986,0.03835464500036597,0.013961819288739408,0.03187622429116792,,0.01620870755532864,0.026603538586154312,,0.015317488346440063,0.015146926609370694,0.013748226274069622,,0.02003389449642192,,0.07362047438940068,0.01637107769843386,0.020518726847936878,0.020215398814980176,0.015640227072675598,0.021285058176398555,0.02415765094565528,0.0189167973678612,,,,0.0108770212230869,0.025465523926422155,,,,,,,,,,0.029239262538050016,0.017806288654398282,,0.025949121508482963,0.03791942375957125,,,0.028037023230025902,0.027268610975325073,,0.025681003259505033,,0.029231587957860843,,0.04517017815845391,0.03158009686259136,0.02916982625590683,0.02366048334293449,0.02966645834410531,0.017227185173628527,,0.027159503332117283,0.017590033127473346,0.06029624728346549,0.016789308766759423,0.03741070659125611,0.009671817306855164,0.02580678729782649,0.03477181702177263,0.017652271689797657,0.010381493455581668,0.021710528005988838,0.030838147771185216,0.05246279721483656,,0.019018412909727132,0.03441503864003461,
2019-09-01,0.019014709413058183,0.03041374948417057,0.014683471663044538,,0.040676034305927346,0.033050259003964376,-0.03552931943924195,-0.03300665204733552,0.012434658993435323,0.01822023619490174,-0.030208081145013194,0.054729122406995574,0.0369783482612921,0.030215675653088993,0.03594422770863443,0.023113874721344078,,-0.034187934454041106,,,0.028791353919708294,0.049492599248850445,0.02624288015161069,0.008156833687247166,,0.05710883913415157,0.015170162410323733,,0.03000511286231411,0.04861862696203232,,0.01524001338679157,0.0147089652459073,,0.03018040315722246,0.039007148787107454,0.03008122750523089,0.019927587341019813,,,0.006496874849479708,0.032721898439093025,0.0419776964965259,0.03451968978558587,0.04507613443030934,0.017127132926602475,0.03038455046217268,,0.01593490029003092,0.039825994647236705,,0.012193049396935092,0.010687868621249685,0.016948285104840147,,0.018370027466368427,,0.07000617804809663,0.01370366588573575,0.020917183165947286,0.019961374447492044,0.02006705382777266,0.02278759029392672,0.020144830652430324,0.026689777436971665,,,,0.020834310316282093,0.01965930684655406,,,,,,,,,,0.07310906219748785,0.01883291038927083,,0.01799875710217129,0.028930155574285205,,,0.030793537137647337,0.030351727058441,,0.020362441474517816,,0.029419887926263353,,0.04543360925303908,0.02856678078712062,0.03298710114557401,,0.02312397285536887,0.015552156075648449,,0.030426876436388178,0.021735388648243516,0.057401388352346656,0.01460223201352539,0.03754574522052401,0.014840375400311141,0.015357836545279942,0.030421262274289394,0.015915214232556013,0.017889789890225837,0.024513417979993474,0.04086481848342958,0.0643883206852165,,0.025096710034408984,0.03241629027169817,
2019-12-01,0.030291663335593678,0.04110460402869697,0.027480078390159042,,0.03581838444390629,0.032850743359095824,0.011342886855129424,0.008568633595036169,0.023459454113742777,0.024772753829812574,0.01233850003138571,0.031192920112047048,0.023658821993642696,0.033251130367550535,0.03659493278059658,0.032009822055186876,,0.012423430346374074,,,0.03515426410089848,0.04807308783986817,,0.021782379324990598,,0.02706457336456923,0.021463990561238,,0.03402923412142686,0.0395568505560847,,0.02413725473856644,0.027493816199234827,,0.036842267678998716,0.04166803927168317,0.0289529675071115,0.02634784400365249,,,0.023503760459713606,0.03465985705178303,0.04188179634430042,0.03579801291462945,0.043217979167815716,0.025869028995772095,0.03314865764355998,,0.023733769699370962,0.0368510964855636,,0.02316428488723095,0.025356878432609694,,,0.022996356836724366,,0.06800021559755783,0.024717655814752045,0.026481424526562172,0.026479502712190954,0.023987038146071598,0.03805882163106407,0.031434646141181084,0.03506543676637928,,,,0.026210819732448744,0.031487405654892255,,,,,,,,,,0.03565543159872997,0.026642186125146693,,0.031336196726584366,0.036329479070390774,,,0.03498674074382574,0.03441241310732169,,0.055309329030929597,,0.03352853932349657,,0.04776948915530368,0.03294535264632374,0.036003461718824986,,0.039944730862755524,0.025178847308904215,,0.022372082740842396,0.028613976583689582,0.03283736981562966,0.02057144819724038,0.040151558270732884,0.02799605117365043,0.029858782723264667,0.03944994953016879,0.02384903239278064,0.028877123573012663,0.03247060551306346,0.03845234752712278,0.06430103169349159,,0.03592589840346148,0.0404137889029653,
2020-03-01,0.032341602152642174,0.0337088888889128,0.03964150900822016,,0.02835487837601256,0.033876591568543855,0.027849642277996165,0.0372679641847386,0.026475509545693346,0.03548030628151553,0.034502337017316226,0.03002582113178033,0.023809231357817876,0.02996139399129846,0.03531961077842512,0.032899356265711964,,0.0268155537863028,,,0.03489881040351395,0.04872660291221347,,0.025968620232364667,,0.030881787103819107,0.03099182345856196,,0.03188643803114064,0.050759827542668716,,0.026054491509501076,0.027777389985928633,,0.033169570047256576,0.037476044121788864,0.03383530823797857,0.029324471717586908,,,0.025557389402791925,0.03224951094129287,0.04170950134298937,0.034016748383683196,0.050878746918751425,0.029271352404241856,0.030690193770785936,,0.024155391200872168,0.031838294589690744,,0.023808065016352447,0.024359796339479833,,,0.03488886773525399,,0.04562452928933513,0.025924391669485264,0.02861454866167434,0.031811415623280874,0.026598683172890145,0.04318661345798464,0.03283406088367535,0.04145208174502172,,,,0.03516506773243936,0.04253108105374736,,,0.027175772349931,,,,,,,0.03248039571869323,0.026598683172890145,,0.03018580934433055,,,,0.03580896848080567,0.03161591609922035,,0.04673413163368431,,0.031891435245184396,,0.04257768118173177,0.028871502081490544,0.03913627490274323,,0.030086977413347014,0.025871568064001003,,0.035558584601947135,0.026219150913745323,0.03171854766564482,0.02563763080592937,0.04983103238799122,0.028859762861201746,0.032925880461090865,0.0335692757509287,0.024465009134026633,0.033855832104448404,0.033301038157865614,0.03900302058780237,0.04277212957634189,,0.0388388034467751,0.03267545068863072,
2020-06-01,0.04117938847589768,0.04117938847589768,0.04117938847589768,,0.04117938847589768,0.04117938847589768,0.04117938847589768,0.04117938847589768,0.04117938847589768,0.04117938847589768,0.04117938847589768,0.04117938847589768,0.04117938847589768,0.04117938847589768,0.04117938847589768,0.04117938847589768,,0.04117938847589768,,,0.04117938847589768,0.04117938847589768,,0.04117938847589768,,0.04117938847589768,0.04117938847589768,,0.04117938847589768,0.04117938847589768,,0.04117938847589768,0.04117938847589768,,0.04117938847589768,0.04117938847589768,0.04117938847589768,0.04117938847589768,,,0.04117938847589768,0.04117938847589768,0.04117938847589768,0.04117938847589768,0.04117938847589768,0.04117938847589768,0.04117938847589768,,0.04117938847589768,0.04117938847589768,,0.04117938847589768,0.04117938847589768,,,0.04117938847589768,,0.04117938847589768,0.04117938847589768,0.04117938847589768,0.04117938847589768,0.04117938847589768,0.04117938847589768,0.04117938847589768,0.04117938847589768,,,,0.04117938847589768,0.04117938847589768,,,0.04117938847589768,,,,,,,0.04117938847589768,0.04117938847589768,,0.04117938847589768,,,,0.04117938847589768,0.04117938847589768,,0.04117938847589768,,0.04117938847589768,,0.04117938847589768,0.04117938847589768,0.04117938847589768,,0.04117938847589768,0.04117938847589768,,0.04117938847589768,0.04117938847589768,0.04117938847589768,0.04117938847589768,0.04117938847589768,0.04117938847589768,0.04117938847589768,0.04117938847589768,0.04117938847589768,0.04117938847589768,0.04117938847589768,0.04117938847589768,0.04117938847589768,,0.04117938847589768,0.04117938847589768,
2020-09-01,0.037480390976034346,0.037480390976034346,0.037480390976034346,,0.037480390976034346,0.037480390976034346,0.037480390976034346,0.037480390976034346,0.037480390976034346,0.037480390976034346,0.037480390976034346,0.037480390976034346,0.037480390976034346,0.037480390976034346,0.037480390976034346,0.037480390976034346,,0.037480390976034346,,,0.037480390976034346,0.037480390976034346,,0.037480390976034346,,0.037480390976034346,0.037480390976034346,,0.037480390976034346,0.037480390976034346,,0.037480390976034346,0.037480390976034346,,0.037480390976034346,0.037480390976034346,0.037480390976034346,0.037480390976034346,,,0.037480390976034346,0.037480390976034346,0.037480390976034346,0.037480390976034346,0.037480390976034346,0.037480390976034346,0.037480390976034346,,0.037480390976034346,0.037480390976034346,,0.037480390976034346,0.037480390976034346,,,0.037480390976034346,,0.037480390976034346,0.037480390976034346,0.037480390976034346,0.037480390976034346,0.037480390976034346,0.037480390976034346,0.037480390976034346,0.037480390976034346,,,,0.037480390976034346,0.037480390976034346,,,0.037480390976034346,,,,,,,0.037480390976034346,0.037480390976034346,,0.037480390976034346,,,,0.037480390976034346,0.037480390976034346,,0.037480390976034346,,0.037480390976034346,,0.037480390976034346,0.037480390976034346,0.037480390976034346,,0.037480390976034346,0.037480390976034346,,0.037480390976034346,0.037480390976034346,0.037480390976034346,0.037480390976034346,0.037480390976034346,0.037480390976034346,0.037480390976034346,0.037480390976034346,0.037480390976034346,0.037480390976034346,0.037480390976034346,0.037480390976034346,0.037480390976034346,,0.037480390976034346,0.037480390976034346,
2020-12-01,0.032342015758614756,0.032342015758614756,0.032342015758614756,,0.032342015758614756,0.032342015758614756,0.032342015758614756,0.032342015758614756,0.032342015758614756,0.032342015758614756,0.032342015758614756,0.032342015758614756,0.032342015758614756,0.032342015758614756,0.032342015758614756,0.032342015758614756,,0.032342015758614756,,,0.032342015758614756,0.032342015758614756,,0.032342015758614756,,0.032342015758614756,0.032342015758614756,,0.032342015758614756,0.032342015758614756,,0.032342015758614756,0.032342015758614756,,0.032342015758614756,0.032342015758614756,0.032342015758614756,0.032342015758614756,,,0.032342015758614756,0.032342015758614756,0.032342015758614756,0.032342015758614756,0.032342015758614756,0.032342015758614756,0.032342015758614756,,0.032342015758614756,0.032342015758614756,,0.032342015758614756,0.032342015758614756,,,0.032342015758614756,,0.032342015758614756,0.032342015758614756,0.032342015758614756,0.032342015758614756,0.032342015758614756,0.032342015758614756,0.032342015758614756,0.032342015758614756,,,,0.032342015758614756,0.032342015758614756,0.032342015758614756,,0.032342015758614756,,,,,,,0.032342015758614756,0.032342015758614756,,0.032342015758614756,,,,0.032342015758614756,0.032342015758614756,,0.032342015758614756,,0.032342015758614756,,0.032342015758614756,0.032342015758614756,0.032342015758614756,,0.032342015758614756,0.032342015758614756,,0.032342015758614756,0.032342015758614756,0.032342015758614756,0.032342015758614756,0.032342015758614756,0.032342015758614756,0.032342015758614756,0.032342015758614756,0.032342015758614756,0.032342015758614756,0.032342015758614756,0.032342015758614756,0.032342015758614756,,0.032342015758614756,0.032342015758614756,
2021-03-01,0.03348170872736766,0.03348170872736766,0.03348170872736766,,0.03348170872736766,0.03348170872736766,0.03348170872736766,0.03348170872736766,0.03348170872736766,0.03348170872736766,0.03348170872736766,0.03348170872736766,0.03348170872736766,0.03348170872736766,0.03348170872736766,0.03348170872736766,,0.03348170872736766,,,0.03348170872736766,0.03348170872736766,,0.03348170872736766,,0.03348170872736766,0.03348170872736766,,0.03348170872736766,0.03348170872736766,,0.03348170872736766,0.03348170872736766,,0.03348170872736766,0.03348170872736766,0.03348170872736766,0.03348170872736766,,,0.03348170872736766,0.03348170872736766,0.03348170872736766,0.03348170872736766,0.03348170872736766,0.03348170872736766,0.03348170872736766,,0.03348170872736766,0.03348170872736766,,0.03348170872736766,0.03348170872736766,,,0.03348170872736766,,0.03348170872736766,0.03348170872736766,0.03348170872736766,0.03348170872736766,0.03348170872736766,0.03348170872736766,0.03348170872736766,0.03348170872736766,,,,0.03348170872736766,0.03348170872736766,0.03348170872736766,,0.03348170872736766,,,,,,,0.03348170872736766,0.03348170872736766,,0.03348170872736766,,,,0.03348170872736766,0.03348170872736766,,0.03348170872736766,,0.03348170872736766,,0.03348170872736766,0.03348170872736766,0.03348170872736766,,0.03348170872736766,0.03348170872736766,,0.03348170872736766,0.03348170872736766,0.03348170872736766,0.03348170872736766,0.03348170872736766,0.03348170872736766,0.03348170872736766,0.03348170872736766,0.03348170872736766,0.03348170872736766,0.03348170872736766,0.03348170872736766,0.03348170872736766,,0.03348170872736766,0.03348170872736766,
2021-06-01,0.027873686350283745,0.027873686350283745,0.027873686350283745,,0.027873686350283745,0.027873686350283745,0.027873686350283745,0.027873686350283745,0.027873686350283745,0.027873686350283745,0.027873686350283745,0.027873686350283745,0.027873686350283745,0.027873686350283745,0.027873686350283745,0.027873686350283745,,0.027873686350283745,,,0.027873686350283745,0.027873686350283745,,0.027873686350283745,,0.027873686350283745,0.027873686350283745,,0.027873686350283745,0.027873686350283745,,0.027873686350283745,0.027873686350283745,,0.027873686350283745,0.027873686350283745,0.027873686350283745,0.027873686350283745,,,0.027873686350283745,0.027873686350283745,0.027873686350283745,0.027873686350283745,0.027873686350283745,0.027873686350283745,0.027873686350283745,,0.027873686350283745,0.027873686350283745,,0.027873686350283745,0.027873686350283745,,,0.027873686350283745,,0.027873686350283745,0.027873686350283745,0.027873686350283745,0.027873686350283745,0.027873686350283745,0.027873686350283745,0.027873686350283745,0.027873686350283745,,,,0.027873686350283745,0.027873686350283745,0.027873686350283745,,0.027873686350283745,,,,,,,0.027873686350283745,0.027873686350283745,,0.027873686350283745,,,,0.027873686350283745,0.027873686350283745,,0.027873686350283745,,0.027873686350283745,,0.027873686350283745,0.027873686350283745,0.027873686350283745,,0.027873686350283745,0.027873686350283745,,0.027873686350283745,0.027873686350283745,0.027873686350283745,0.027873686350283745,0.027873686350283745,0.027873686350283745,0.027873686350283745,0.027873686350283745,0.027873686350283745,0.027873686350283745,0.027873686350283745,0.027873686350283745,0.027873686350283745,,0.027873686350283745,0.027873686350283745,
2021-09-01,0.03404527497008975,0.03404527497008975,0.03404527497008975,,0.03404527497008975,0.03404527497008975,0.03404527497008975,0.03404527497008975,0.03404527497008975,0.03404527497008975,0.03404527497008975,0.03404527497008975,0.03404527497008975,0.03404527497008975,0.03404527497008975,0.03404527497008975,,0.03404527497008975,,,0.03404527497008975,0.03404527497008975,,0.03404527497008975,,0.03404527497008975,0.03404527497008975,,0.03404527497008975,0.03404527497008975,,0.03404527497008975,0.03404527497008975,,0.03404527497008975,0.03404527497008975,0.03404527497008975,0.03404527497008975,,,0.03404527497008975,0.03404527497008975,0.03404527497008975,0.03404527497008975,0.03404527497008975,0.03404527497008975,0.03404527497008975,,0.03404527497008975,0.03404527497008975,,0.03404527497008975,0.03404527497008975,,,0.03404527497008975,,0.03404527497008975,0.03404527497008975,0.03404527497008975,0.03404527497008975,0.03404527497008975,0.03404527497008975,,0.03404527497008975,,,,0.03404527497008975,0.03404527497008975,0.03404527497008975,0.03404527497008975,0.03404527497008975,,,,,,,0.03404527497008975,0.03404527497008975,,0.03404527497008975,,,,0.03404527497008975,0.03404527497008975,,0.03404527497008975,,0.03404527497008975,,0.03404527497008975,0.03404527497008975,0.03404527497008975,,0.03404527497008975,0.03404527497008975,,0.03404527497008975,0.03404527497008975,0.03404527497008975,0.03404527497008975,0.03404527497008975,0.03404527497008975,0.03404527497008975,0.03404527497008975,0.03404527497008975,0.03404527497008975,0.03404527497008975,0.03404527497008975,0.03404527497008975,,0.03404527497008975,0.03404527497008975,
2021-12-01,0.0314304712594732,0.0314304712594732,0.0314304712594732,,0.0314304712594732,0.0314304712594732,0.0314304712594732,0.0314304712594732,0.0314304712594732,0.0314304712594732,0.0314304712594732,0.0314304712594732,0.0314304712594732,0.0314304712594732,0.0314304712594732,0.0314304712594732,,0.0314304712594732,,,0.0314304712594732,0.0314304712594732,,0.0314304712594732,,0.0314304712594732,0.0314304712594732,,0.0314304712594732,0.0314304712594732,,0.0314304712594732,0.0314304712594732,,0.0314304712594732,,0.0314304712594732,0.0314304712594732,,,0.0314304712594732,0.0314304712594732,0.0314304712594732,0.0314304712594732,0.0314304712594732,0.0314304712594732,0.0314304712594732,,0.0314304712594732,0.0314304712594732,,0.0314304712594732,0.0314304712594732,,,0.0314304712594732,,0.0314304712594732,0.0314304712594732,0.0314304712594732,0.0314304712594732,0.0314304712594732,0.0314304712594732,,0.0314304712594732,,,,0.0314304712594732,0.0314304712594732,0.0314304712594732,0.0314304712594732,0.0314304712594732,,,,,,,0.0314304712594732,0.0314304712594732,,0.0314304712594732,,,,0.0314304712594732,0.0314304712594732,,0.0314304712594732,,0.0314304712594732,,0.0314304712594732,0.0314304712594732,0.0314304712594732,,0.0314304712594732,0.0314304712594732,,0.0314304712594732,0.0314304712594732,0.0314304712594732,0.0314304712594732,0.0314304712594732,0.0314304712594732,0.0314304712594732,0.0314304712594732,0.0314304712594732,0.0314304712594732,0.0314304712594732,0.0314304712594732,0.0314304712594732,,0.0314304712594732,0.0314304712594732,
2022-03-01,0.0343813430480362,0.0343813430480362,0.0343813430480362,,0.0343813430480362,0.0343813430480362,0.0343813430480362,0.0343813430480362,0.0343813430480362,0.0343813430480362,0.0343813430480362,0.0343813430480362,0.0343813430480362,0.0343813430480362,0.0343813430480362,0.0343813430480362,,0.0343813430480362,,,0.0343813430480362,0.0343813430480362,,0.0343813430480362,,0.0343813430480362,0.0343813430480362,,0.0343813430480362,0.0343813430480362,,0.0343813430480362,0.0343813430480362,,0.0343813430480362,,0.0343813430480362,0.0343813430480362,,,0.0343813430480362,0.0343813430480362,0.0343813430480362,0.0343813430480362,0.0343813430480362,0.0343813430480362,0.0343813430480362,,0.0343813430480362,0.0343813430480362,,0.0343813430480362,0.0343813430480362,,,0.0343813430480362,,0.0343813430480362,0.0343813430480362,0.0343813430480362,0.0343813430480362,0.0343813430480362,0.0343813430480362,,0.0343813430480362,,,,0.0343813430480362,0.0343813430480362,0.0343813430480362,0.0343813430480362,0.0343813430480362,0.0343813430480362,0.0343813430480362,,,,,0.0343813430480362,0.0343813430480362,,0.0343813430480362,,,,0.0343813430480362,0.0343813430480362,,0.0343813430480362,,0.0343813430480362,,0.0343813430480362,0.0343813430480362,0.0343813430480362,,0.0343813430480362,0.0343813430480362,,0.0343813430480362,0.0343813430480362,0.0343813430480362,0.0343813430480362,0.0343813430480362,0.0343813430480362,0.0343813430480362,0.0343813430480362,0.0343813430480362,0.0343813430480362,0.0343813430480362,0.0343813430480362,0.0343813430480362,,0.0343813430480362,0.0343813430480362,
2022-06-01,0.033019178403810384,0.033019178403810384,0.033019178403810384,,0.033019178403810384,0.033019178403810384,0.033019178403810384,0.033019178403810384,0.033019178403810384,0.033019178403810384,0.033019178403810384,0.033019178403810384,0.033019178403810384,0.033019178403810384,0.033019178403810384,0.033019178403810384,,0.033019178403810384,,,0.033019178403810384,0.033019178403810384,,0.033019178403810384,,0.033019178403810384,0.033019178403810384,,0.033019178403810384,0.033019178403810384,,0.033019178403810384,0.033019178403810384,,0.033019178403810384,,0.033019178403810384,0.033019178403810384,,,0.033019178403810384,0.033019178403810384,0.033019178403810384,0.033019178403810384,,0.033019178403810384,0.033019178403810384,,0.033019178403810384,0.033019178403810384,,0.033019178403810384,0.033019178403810384,,,0.033019178403810384,,0.033019178403810384,0.033019178403810384,0.033019178403810384,0.033019178403810384,0.033019178403810384,0.033019178403810384,,0.033019178403810384,,,,0.033019178403810384,0.033019178403810384,0.033019178403810384,0.033019178403810384,0.033019178403810384,0.033019178403810384,0.033019178403810384,,,,,0.033019178403810384,0.033019178403810384,,0.033019178403810384,,,,0.033019178403810384,0.033019178403810384,,0.033019178403810384,,0.033019178403810384,,0.033019178403810384,0.033019178403810384,0.033019178403810384,,0.033019178403810384,0.033019178403810384,,0.033019178403810384,0.033019178403810384,0.033019178403810384,0.033019178403810384,0.033019178403810384,0.033019178403810384,0.033019178403810384,0.033019178403810384,0.033019178403810384,0.033019178403810384,0.033019178403810384,0.033019178403810384,0.033019178403810384,,0.033019178403810384,0.033019178403810384,
2022-09-01,0.03638703275757709,0.03638703275757709,0.03638703275757709,,0.03638703275757709,0.03638703275757709,0.03638703275757709,0.03638703275757709,0.03638703275757709,0.03638703275757709,0.03638703275757709,0.03638703275757709,0.03638703275757709,0.03638703275757709,0.03638703275757709,0.03638703275757709,,0.03638703275757709,,,0.03638703275757709,0.03638703275757709,,0.03638703275757709,,0.03638703275757709,0.03638703275757709,,0.03638703275757709,0.03638703275757709,,0.03638703275757709,0.03638703275757709,,0.03638703275757709,,0.03638703275757709,0.03638703275757709,,,0.03638703275757709,0.03638703275757709,0.03638703275757709,0.03638703275757709,,0.03638703275757709,0.03638703275757709,,0.03638703275757709,0.03638703275757709,,0.03638703275757709,0.03638703275757709,,,0.03638703275757709,,0.03638703275757709,0.03638703275757709,0.03638703275757709,0.03638703275757709,0.03638703275757709,0.03638703275757709,,0.03638703275757709,,,,0.03638703275757709,0.03638703275757709,0.03638703275757709,0.03638703275757709,0.03638703275757709,0.03638703275757709,0.03638703275757709,,,,,0.03638703275757709,0.03638703275757709,,0.03638703275757709,,,,0.03638703275757709,0.03638703275757709,,0.03638703275757709,,0.03638703275757709,,0.03638703275757709,0.03638703275757709,0.03638703275757709,,0.03638703275757709,0.03638703275757709,,0.03638703275757709,0.03638703275757709,0.03638703275757709,0.03638703275757709,0.03638703275757709,0.03638703275757709,0.03638703275757709,0.03638703275757709,0.03638703275757709,0.03638703275757709,0.03638703275757709,0.03638703275757709,0.03638703275757709,,0.03638703275757709,0.03638703275757709,
2022-12-01,0.04505339361074936,0.04095756046078429,0.04263637314337252,,0.03607934659512141,0.033922533229862675,0.03850049388476471,0.034662452009509084,0.03954475759317145,0.03842265134641547,0.035248953125522745,0.04689193152265027,0.027564897092143315,0.04438908472931241,0.04013374172626767,0.038251143923290175,,0.036251743972025845,,,0.045743141157288364,0.04972868280027378,,0.032027603645472705,,0.04064127079750483,0.025520392936315833,,0.04427666600765726,0.03564335000798616,,0.03649826597471895,0.04284864936321138,,0.04349042398017119,,0.04206519711661721,0.03687608476964489,,,0.03300323328658052,0.04656664465272959,0.050544667298034106,0.043448920130925106,,0.03654888924892738,0.04050113367331489,,0.03746035685915727,0.040280158445267,,0.04036791276745747,0.03908549113742682,,,0.030331193562369144,,0.04351091273178783,0.03609716600945547,0.03842838919022859,0.036420735141037844,0.03706956905713005,0.03992320848227648,,0.048740446913651765,,,,0.03821305319084517,0.03998794194129509,0.04005984191087039,0.034504629500270466,0.027236969293179928,0.03736444796719772,0.03026167782564074,,,,,0.04236647830621357,,,0.03981158133023614,,,,0.041592249575020765,0.04652533714976432,,0.04317671220323609,,0.0440084904946225,,0.04909005506011806,0.033322768052773316,0.041669612923602044,,0.04614281273132779,0.03959265181622543,,0.04641819270746763,0.037376207669375175,0.03661679605268979,0.04000231619856137,0.04800501933893726,0.04349042398017119,0.040489404286553565,0.04947762008890107,0.03659359411431513,0.042724039933132764,0.047582595837817196,0.035792105928358485,0.046357493178486024,,0.04803357676670274,0.04728559027405111,0.028217387128044093
2023-03-01,0.04626646658333446,0.04423032618737225,0.04352528518196316,,0.034015353531015154,0.03805204776680616,0.03579391441434012,0.036755248885587545,0.036164068922708424,0.0321564414578209,0.03551661068493946,0.03879742835584273,0.029233789289084093,0.03921285166960213,0.044727295050407595,0.039611651509530645,,0.034015353531015154,,,0.04574485891528192,0.0470501914224216,,0.03115404854565913,,0.031688101070309366,0.027171209012313572,,0.044835385922764565,0.033868415706417465,,0.029774301132507775,0.0424218229799884,,0.04145276616635443,,0.04001328900271916,0.03584071725835982,,,0.03320767726614227,0.04603660575516403,0.04725231382480479,0.041962353433373574,,0.036223565358796554,0.040528051190784835,,0.036104555916986095,0.04436866412043153,,0.035395100944166494,0.031754835705529144,,,0.03219409054748343,,0.03626858766153434,0.035725471745427485,0.03661130612044818,0.03608485551117914,0.03583405993009775,0.04101254070304636,,0.04768660761202974,,,,0.03796234916572659,0.03395820229059863,0.03802062484279087,0.03484739394692246,0.030819937786373444,0.03495713514905435,0.027317926807880574,,,,,0.04194419500272895,,,0.0409076464197674,,,,0.041165781819502964,0.04279012593119655,,0.04168458189172241,,0.04422619635679875,,0.048979842226268146,0.03036460439617608,0.0316431498167418,,0.04515743316326413,0.037396983491268285,,0.04675871544156815,0.03578438549878902,0.02811803344298134,0.02679987181842293,0.047363504317931834,0.03732201780956493,0.039152036138501545,0.043158591497310404,0.0353469758905945,0.03285759562435529,0.046814627622293464,0.03689452503084666,0.045759511724083796,,0.04709029804853272,0.046408110145369746,0.03800540387647772
2023-06-01,0.02684664309178195,0.03635757741641535,0.03147737774275111,,0.0290460122805478,0.03499397916437479,0.030373144427989784,0.03144295123429407,0.024482275344597838,0.032723116657896324,0.030854301547606582,0.0323169614053932,0.03339250699500641,0.03610611120665739,0.03583423538553488,0.028111429315015788,,0.02907309875139421,,,0.035864745440083244,0.04020913301425151,,0.019016750459201096,,0.025990326457425654,0.027645987187667694,,0.03635757741641535,0.02829557523745543,,0.017841689069431087,0.03603528926437243,,0.03488993512881916,,0.036143779972196324,0.03143326365365434,,,0.01910830648968428,0.03713018526683889,0.03872379483050459,0.03762932451675744,,0.0361879031168078,0.02595075055171696,,0.02717005015691939,0.038792160301685384,,0.026678333693252808,0.03256552601547403,,,0.02631066277359059,,0.03442050726296253,0.030981861276151084,0.0340628550227582,0.031328256192803564,0.03346799107805984,0.03224931616190054,,0.03109511625096453,,,,0.02170950346051377,0.028254918884842984,0.034958163748091756,0.019675794282950358,0.027256280311018375,0.030603629364649977,0.01843855341604903,,,,,0.036852004227942076,,,0.02465777615929371,,,,0.029412780378538984,0.03345305247420276,,0.022319974231512704,,0.03661451137019022,,0.03819473470856642,0.021149620346381244,0.03527908392376576,,0.036700975151355744,0.03210493363254961,,0.036700975151355744,0.03181705409694375,0.024289311522456856,0.03248634773364812,0.037960572153128445,0.03481109031521189,0.034561679538479065,0.03804208795224067,0.033719457287817806,0.03401320330322996,0.03748636741877884,0.03201892843512577,0.03850428076607952,,0.036409483296906485,0.03602695618056015,0.01851140139423404
2023-09-01,0.027020677862170443,0.03064289365300872,0.025160373533331625,,0.02584756777141685,0.02994026671676932,0.02752595865272543,0.034218665702697576,0.031521727175612906,0.03237181840801756,0.03081934458404956,0.034287410001554226,0.024156612863220826,0.03036153754638928,0.031347574961387285,0.028585332195656066,,0.023531839332656998,,,0.03209362119294216,0.034641084461553076,,0.017269432330837827,,0.02886551755325162,0.022551056761326314,,0.024047883360587476,0.024345588291747104,,0.02164460501411794,0.029235711906902183,,0.029087109079253732,,0.036136017982517074,0.026182012968486677,,,0.01762034039587401,0.03204374564357178,0.03933094159551608,0.03292122821480256,,0.026242111172215074,0.02595989631561766,,0.02412270204429085,0.03310977526483652,,0.023892559195938433,0.026017564009641867,,,0.027073967234168373,,0.02909990681636859,0.022967700485265547,0.02759034473555217,0.02448736053448958,0.020210480773635776,0.032008545879146394,,0.03425781369066973,,,,0.02326215518225033,0.03639735369616194,0.03354231386710938,0.03112747278464489,0.028365856464848235,0.03684301130696777,0.02801714140325256,,,,,0.029592367898136632,,,0.02552373522956985,,,,0.03326404674787671,0.029672938576671873,,0.028110809542168824,,0.030640124890973182,,0.03237714442810432,0.020129202939873556,0.03549301380047086,,0.030741330874449684,0.024828266823347246,,0.03277723338067688,0.025926206569205232,0.021550049195286088,0.025452426545507553,0.033784516267920534,0.027767269037077717,0.02578115616271424,0.0332151654465754,0.024588371067094064,0.02918643265189682,0.03220721130226017,0.0289198427633863,0.031352136022730216,,0.03284383680263045,0.0332151654465754,0.03315608359809982
2023-12-01,0.022704608340907585,0.029865161259854948,0.018552719362010476,,0.018604634746659753,0.03146306963230966,0.020658019427626448,0.02950608011944803,0.02596841930738471,0.027682341061069277,0.023677907881874693,0.03172767666384675,0.016883068288538243,0.030409219993598774,0.03151278886952297,0.02858549722979972,,0.01606080125612082,,,0.03310291659355758,0.0342769731494146,,0.009652737112819186,,0.024793752024209432,0.018852002500725683,,0.026752149646275116,0.016539986734817894,,0.017107910903347803,0.02010403633153604,,0.030229556085884835,,0.03287699526652528,0.017762915160963576,,,0.010174006135806941,0.03225902149600744,0.03807642768544411,0.03474412552758779,,0.022829916998559806,0.022499081148607828,,0.018130304209578403,0.033209226909863526,,0.016294974772390464,0.011645876672402512,,,0.019522412545252135,,0.01839615323330662,0.017480633443515775,0.0288267031403868,0.021125675675957117,0.01802322207014708,0.02706886059593677,,0.03709753212714383,,,,0.030120419128124944,0.03562843577602059,0.027149677609668074,0.02771890706685176,0.022736246184586247,0.036758701529248435,0.02488307269191617,,,,,0.02385351775817871,,,0.02250650379024555,,,,0.030660073245952355,0.028357986121377562,,0.02379230097023176,,0.03106117263766848,,0.02977273455047685,0.016513166616264077,0.03628500921991924,,0.03136468168652133,0.01937607827522629,,0.033816428034558664,0.020808084497523995,0.016932412019171228,0.020883769908177023,0.03168388326140738,0.023445953531595388,0.0231041682982107,0.031211295275421685,0.02225981722290449,0.022712475817415822,0.03190646394407132,0.02789920230750318,0.030852598524202565,,0.03185893362768451,0.03225443332693034,0.014545000251277855
2024-03-01,0.030429675500497667,0.035672129913168794,0.02090015236289279,,0.019188274054014305,0.03112081699938371,0.02060900907075012,0.022662758551831946,0.022487442786045156,0.027848583081895223,0.02596461111596251,0.03404376850682491,0.015024600603707878,0.027712132045395018,0.03127722528719365,0.030715293015375202,,0.017966869830721967,,,0.035426206947203116,0.035166802438810985,,0.016101437517498148,,0.018700981746979786,0.02191793657542105,,0.021031653430618732,0.019188274054014305,,0.015914448102672906,0.022720679388871082,,0.028064958474641136,,0.026056452089096127,0.018986804106311678,,,0.015725319270207937,0.033586624869305755,0.03530574550075518,0.034059101239235445,,0.020532145838922027,0.029905991833580798,,0.020849903013651333,0.03459026397631406,,0.02041562110741622,0.015928661648783884,,,0.022487442786045156,,0.02050009214535387,0.020228631692590975,0.028566816642137824,0.020356785856596154,0.015534070724513759,0.036427010627496224,,0.03638023220119056,,,,0.03052830360054995,0.03588711504413539,0.024832091213485938,0.0362632332914256,,0.0362632332914256,0.02750147552383077,,,,,0.027087875844234652,,,0.030429675500497667,,,,0.03277350424216943,0.033009036674312923,,0.028293921985092518,,0.03045773219272924,,0.031714219414247485,0.016664512371495105,0.027167859621464598,,0.03154476101918953,0.017020356543845813,,0.035224919422956504,0.015982149897554105,0.0192440510129636,0.016101437517498148,0.035370144817386935,0.02141203080877788,0.030651148901190296,0.0350955431113219,0.021930625087027426,0.024332800461598473,0.020296749766777925,0.021062651601452015,0.03303347162243235,,0.032115590498263034,0.03265375416112275,0.0362632332914256
2024-06-01,0.030911207852285124,0.036662751663319615,0.029326508804277448,,0.020057020755650606,0.031622023977102086,0.021413989352495652,0.027963806108333586,0.020755159434163506,0.026518947175853628,0.025462839154164536,0.03432439035381479,0.015920405001219173,0.03356588972471021,0.03555188958706566,0.030766137259921177,,0.019709746099172237,,,0.03631622894360593,0.035867778988368085,,0.016468928835422374,,0.017445981750842304,0.020755159434163506,,0.02203982453930497,0.01906003799718018,,0.015554140181009013,0.023336408621280436,,0.029644707748004904,,0.021928500329636606,0.020744553682672345,,,0.01584763398986211,0.03393876026128568,0.03378410602809817,0.02623461790952454,,0.02159081844078008,0.030302201248869797,,0.021650249840635433,0.03618652741012329,,0.02200631808755774,0.02422503145989725,,,0.02098480004887618,,0.029770167643410388,0.02132529468900199,0.022166034606276044,0.02186440439953457,0.015706250442320033,0.03458241361827216,,0.03392916451767489,,,,0.030289913006724855,0.038039786541820726,0.023469086063729057,0.032907028220306146,,0.03886588053274043,0.026645894384173183,,,,,0.02734892212958595,,,0.030911207852285124,,,,0.03512170587384576,0.033639146505157605,,0.028081218052779647,,0.03150780727357651,,0.03494017488188437,0.0162855271138856,0.028454678826152692,,0.03267892917290345,0.017876618888021147,,0.03675144632681327,0.016298049036901033,0.020530399123773205,0.029583787382469726,0.03642082280646199,0.028761589887587466,0.03089159715532666,0.03634400324156441,0.019287416174166225,0.023484572119542597,0.02132529468900199,0.02470954406531978,0.03580179959413557,,0.029176759065645663,0.03097462345010249,0.02014013460140941
2024-09-01,0.03284075513476491,0.037767254901368806,0.0325633540158814,,0.020071011187233395,0.03379993038707082,0.022403935000101533,0.021874365540227987,0.020147726670472217,0.025582694706646376,0.02140412081617116,0.034460409313301056,0.0171725554131584,0.0325104414685638,0.037211644197338044,0.03253560998311932,,0.019326822491980217,,,0.03735064349007402,0.03795583289259122,,0.018135049247701016,,0.016693684686807164,0.02118781808417774,,0.019580676164096956,0.020218482339498495,,0.01737489108345528,0.025685819315427807,,0.03164359365401339,,0.019474380283592316,0.01834825979931331,,,0.017944281878591185,0.03449081370907181,0.03393389704933053,0.019200171447585325,,0.023393599818713584,0.03510827038345797,,0.02200168207730193,0.037267416123684775,,0.02265078114175531,0.03222990034750942,,,0.01980652497726977,,0.02246389167496906,0.025252853693532126,0.02139768821268479,0.022335565992064366,0.0171725554131584,0.03350722941443272,,0.032623974729853455,,,,0.03244864018389992,0.03728734996846802,0.023193770019002566,0.031332660390191454,,0.033010065758449045,0.024177834490672505,,,,,0.02727022378968004,,,0.03325152300731452,,,,0.0338506729685312,0.03331183002921965,,0.019951884977511807,,0.031160540586980475,,0.036069994910972285,0.023576249855496022,0.025223772808238877,,0.030101837206635798,0.02126891928267606,,0.03808737662231296,0.017582860193649148,0.019171699617716375,0.023217643189527085,0.03814660026170105,0.03071486323207406,0.03218376087807584,0.03757398326757242,0.022541335760466193,0.022662744787900074,0.02206930983585733,0.025430435770248935,0.03714116363533384,,0.030214845710809412,0.03264472262429995,0.03390044466119733
2024-12-01,0.01817528249098849,0.03200174742211795,0.028713650300039112,,0.01937538910681513,0.023570253550632515,0.02237439754859078,0.0201820375883052,0.015963970387015195,0.023390489021865767,0.02214436512863466,0.02986216962977024,0.013379699157190044,0.02375390052953349,0.02692706877301798,0.02339551630088239,,0.020146727335297227,,,0.03092819622731568,0.03205477250200884,,0.013952700937978962,,0.013990298265253186,0.024223254282126672,,0.01933989836259724,0.020547062862500142,,0.013818673641261225,0.019505467716748003,,0.033144462528624595,,0.016633813008294338,0.019167348850760855,,,0.013406829531997361,0.023964170452474554,0.03160655415197864,0.0241702197802132,,0.02256058425952007,0.026202137568710974,,0.022354485366795945,0.03310635606426607,,0.020989558202415264,0.023608360014991045,,,0.016112104894545617,,0.021336000296133396,0.020098320413597538,0.017503538396757556,0.021202723792905772,0.01452295333425025,0.02471217090396545,,0.02508854082642063,,,,0.023424104017475095,0.033089506430097455,0.021034612642787782,0.022915834766918598,,0.025058612997683586,0.018097844229067416,,,,,0.020938994789969176,,,0.023830572072865066,,,,0.024807096267869196,0.030406860547485565,,0.020769060998273435,,0.017767623202910653,,0.030209257857715558,0.02023398118710873,0.017994463418955095,,0.028069325786960003,0.015985180890948608,,0.03272145621012745,0.014934699355883865,0.020339022606445874,0.027153236112579214,0.03234818951583608,0.02845312355154656,0.02222097130632748,0.031919502376249714,0.01327750703919008,0.02426724007665881,0.02171237021858857,0.025472460420535067,0.03281287963199271,,0.02263516658384184,0.02387606190661597,0.013699981684262745
2025-03-01,0.01801437285294248,0.03455192754444894,0.02959008435583474,,0.023844845640220425,0.03154934223304355,0.02332896752661363,0.019316456437505913,0.029273579339643464,0.027236418867228607,0.022297304755685237,0.023122524722071755,0.023266010868560824,0.028929550643011878,0.03238232023560244,0.03178348797803397,,0.021730631556596963,,,0.03277159887637388,0.03221115003740134,,0.01294539194602165,,0.013849357415081745,0.02057634618960266,,0.02738804386027444,0.025548448195942867,,0.010738406008333723,0.014060102317196914,,0.030670180462460114,,0.03238232023560244,0.02197015791400208,,,0.010331719823881057,0.032337749510236706,0.03342546339442041,0.02692306636005893,,0.02703010804672272,0.012219454787300282,,0.0256619831136144,0.03317075058247024,,0.0235397266600024,0.015239417649867406,,,0.029567292616993902,,0.023420614076870076,0.02483443554164287,0.027076633068145728,0.022312308548894197,0.015226772243807998,0.017681762248937062,,0.03169283120535344,,,,0.01677843292875136,0.021324261489253166,0.02706354161105545,0.009573979043746498,,,0.016791182978143124,,,,,0.02490190864059489,,,0.015755295763474203,,,,0.021974714244702678,0.03217276661880541,,0.020247736798692552,,0.03103692008168394,,0.03262843201819776,0.013461270059628449,0.027088463609219987,,0.030876701808949823,0.026778322899495575,,0.03356000615356703,0.025272704472842963,0.022777483309464507,0.010830052558590172,0.03012512453812063,0.02738804386027444,0.016507858061222278,0.03007293195146629,0.026820554429925696,0.020727843908264803,0.02520064524474941,0.024740827861311144,0.03057355846098048,,0.03325834958990534,0.031365352253524395,0.011562810034195915
2025-06-01,0.025660230550757605,0.025660230550757605,0.025660230550757605,,0.025660230550757605,0.025660230550757605,0.025660230550757605,0.025660230550757605,0.025660230550757605,0.025660230550757605,0.025660230550757605,0.025660230550757605,0.025660230550757605,0.025660230550757605,0.025660230550757605,0.025660230550757605,,0.025660230550757605,,,0.025660230550757605,0.025660230550757605,,0.025660230550757605,,0.025660230550757605,0.025660230550757605,,0.025660230550757605,0.025660230550757605,,0.025660230550757605,0.025660230550757605,,0.025660230550757605,,0.025660230550757605,0.025660230550757605,,,0.025660230550757605,0.025660230550757605,0.025660230550757605,0.025660230550757605,,0.025660230550757605,0.025660230550757605,,0.025660230550757605,0.025660230550757605,,0.025660230550757605,0.025660230550757605,,,0.025660230550757605,,0.025660230550757605,0.025660230550757605,0.025660230550757605,0.025660230550757605,0.025660230550757605,0.025660230550757605,,0.025660230550757605,,,,,0.025660230550757605,0.025660230550757605,0.025660230550757605,,,0.025660230550757605,0.025660230550757605,,,,0.025660230550757605,,,0.025660230550757605,,,,0.025660230550757605,0.025660230550757605,,0.025660230550757605,,0.025660230550757605,,0.025660230550757605,0.025660230550757605,0.025660230550757605,,0.025660230550757605,0.025660230550757605,,0.025660230550757605,0.025660230550757605,0.025660230550757605,0.025660230550757605,0.025660230550757605,0.025660230550757605,0.025660230550757605,0.025660230550757605,0.025660230550757605,0.025660230550757605,0.025660230550757605,0.025660230550757605,0.025660230550757605,,0.025660230550757605,0.025660230550757605,0.025660230550757605
2025-09-01,0.023968124046237816,0.023968124046237816,0.023968124046237816,,0.023968124046237816,0.023968124046237816,0.023968124046237816,0.023968124046237816,0.023968124046237816,0.023968124046237816,0.023968124046237816,0.023968124046237816,0.023968124046237816,0.023968124046237816,0.023968124046237816,0.023968124046237816,,0.023968124046237816,,,0.023968124046237816,0.023968124046237816,,0.023968124046237816,,0.023968124046237816,0.023968124046237816,,0.023968124046237816,0.023968124046237816,,0.023968124046237816,0.023968124046237816,,0.023968124046237816,,0.023968124046237816,0.023968124046237816,,,0.023968124046237816,0.023968124046237816,0.023968124046237816,0.023968124046237816,,0.023968124046237816,0.023968124046237816,,0.023968124046237816,0.023968124046237816,,0.023968124046237816,0.023968124046237816,,,0.023968124046237816,,0.023968124046237816,0.023968124046237816,0.023968124046237816,0.023968124046237816,0.023968124046237816,0.023968124046237816,,0.023968124046237816,,,,,0.023968124046237816,0.023968124046237816,0.023968124046237816,,,0.023968124046237816,0.023968124046237816,0.023968124046237816,,,0.023968124046237816,,,,,,,0.023968124046237816,0.023968124046237816,,0.023968124046237816,,0.023968124046237816,,0.023968124046237816,0.023968124046237816,,,0.023968124046237816,0.023968124046237816,,0.023968124046237816,0.023968124046237816,0.023968124046237816,0.023968124046237816,0.023968124046237816,0.023968124046237816,0.023968124046237816,0.023968124046237816,0.023968124046237816,0.023968124046237816,0.023968124046237816,0.023968124046237816,0.023968124046237816,,0.023968124046237816,0.023968124046237816,0.023968124046237816
2025-12-01,0.023882671129596144,0.023882671129596144,0.023882671129596144,,0.023882671129596144,0.023882671129596144,0.023882671129596144,0.023882671129596144,0.023882671129596144,0.023882671129596144,0.023882671129596144,0.023882671129596144,0.023882671129596144,0.023882671129596144,0.023882671129596144,,,0.023882671129596144,,,0.023882671129596144,0.023882671129596144,,0.023882671129596144,,0.023882671129596144,0.023882671129596144,,0.023882671129596144,,,0.023882671129596144,,,0.023882671129596144,,0.023882671129596144,0.023882671129596144,,,0.023882671129596144,0.023882671129596144,0.023882671129596144,0.023882671129596144,,0.023882671129596144,0.023882671129596144,,0.023882671129596144,0.023882671129596144,,0.023882671129596144,,,,0.023882671129596144,,0.023882671129596144,0.023882671129596144,0.023882671129596144,,0.023882671129596144,0.023882671129596144,,0.023882671129596144,,,,,0.023882671129596144,0.023882671129596144,0.023882671129596144,,,0.023882671129596144,0.023882671129596144,0.023882671129596144,,,0.023882671129596144,,,,,,,,0.023882671129596144,,0.023882671129596144,,0.023882671129596144,,0.023882671129596144,0.023882671129596144,,,0.023882671129596144,0.023882671129596144,,0.023882671129596144,,0.023882671129596144,0.023882671129596144,0.023882671129596144,0.023882671129596144,0.023882671129596144,0.023882671129596144,0.023882671129596144,0.023882671129596144,,0.023882671129596144,0.023882671129596144,,0.023882671129596144,0.023882671129596144,
