,1161,1327,1632,1651,1690,1704,1878,2504,3336,3532,5606,6008,6066,6304,6565,7343,7506,7585,7980,10420,10453,10499,10631,10789,11135,11399,11636,11910,12141,12142,12216,12441,12540,12884,13421,14256,14282,14489,14650,17110,18699,20232,20748,20779,22325,22815,23119,23943,24405,24800,24803,24925,24975,25157,25783,26156,26304,27928,27965,28139,28195,28320,28385,28477,29241,29345,29791,30697,32530,34955,36203,37596,38077,39391,39935,51008,51921,60992,61552,61591,61676,62602,63080,63099,63180,64156,64356,64853,65904,66368,66708,111864,113419,117768,121077,121718,122841,125595,126721,132502,134932,143357,150937,157855,160888,171007,175404,175955,177267,178310,180711,183377,184725,185517,187450,187697,324138
2001-03-01,0.10693396627902985,0.10595131665468216,0.1027759313583374,0.09886597841978073,0.11357660591602325,0.10595131665468216,0.10271840542554855,0.10693396627902985,0.10693396627902985,0.10271840542554855,0.10271840542554855,0.10595131665468216,0.10142061114311218,0.10271840542554855,0.1238381490111351,0.10595131665468216,0.10271840542554855,0.10271840542554855,0.10271840542554855,0.1027759313583374,0.10271840542554855,0.10271840542554855,0.10805206000804901,0.10769276320934296,0.1027759313583374,0.12002440541982651,0.10544726252555847,0.10271840542554855,0.10595131665468216,0.11128497123718262,0.1027759313583374,0.12002440541982651,0.11128497123718262,0.1027759313583374,0.10142061114311218,0.1027759313583374,0.10377208143472672,0.10805206000804901,0.10271840542554855,0.10693396627902985,0.10142061114311218,,,0.0995430201292038,0.0995430201292038,0.10271840542554855,,0.1027759313583374,0.10595131665468216,0.118559330701828,0.1027759313583374,0.10271840542554855,0.10271840542554855,0.10271840542554855,0.10271840542554855,,,0.10595131665468216,0.10271840542554855,0.10595131665468216,0.10693396627902985,0.10693396627902985,0.12002440541982651,0.11381082981824875,0.10595131665468216,0.08074931800365448,0.09323497116565704,0.10271840542554855,,,,,,,,,,0.12002440541982651,0.10142061114311218,0.0995430201292038,0.10595131665468216,0.10595131665468216,0.09042228013277054,0.10595131665468216,0.1027759313583374,0.10271840542554855,0.1570604294538498,0.1027759313583374,0.11328395456075668,0.11859072744846344,0.0735846608877182,0.09968847781419754,0.10271840542554855,0.09968847781419754,0.10271840542554855,0.14477881789207458,0.10595131665468216,0.0735846608877182,0.10693396627902985,0.1027759313583374,0.12002440541982651,,,,,,,,,,,,,,,,
2001-06-01,0.10720785707235336,0.10809285938739777,0.10809285938739777,0.10720785707235336,0.11798611283302307,0.10809285938739777,0.10720785707235336,0.11084607988595963,0.10298595577478409,0.10720785707235336,0.10720785707235336,0.10809285938739777,0.10720785707235336,0.10720785707235336,0.09273011237382889,0.10809285938739777,0.10720785707235336,0.10720785707235336,0.10720785707235336,0.10809285938739777,0.10720785707235336,0.10809285938739777,0.10754033178091049,0.11065133661031723,0.10809285938739777,0.11992242187261581,0.11084607988595963,0.10809285938739777,0.10809285938739777,0.1084253340959549,0.10809285938739777,0.11184966564178467,0.1084253340959549,0.1084253340959549,0.10720785707235336,0.1084253340959549,0.11169743537902832,0.10754033178091049,0.10720785707235336,0.10273604094982147,0.10720785707235336,,,0.10720785707235336,0.10720785707235336,0.11181238293647766,,0.10809285938739777,0.10809285938739777,0.12359148263931274,0.10809285938739777,0.10720785707235336,0.10720785707235336,0.10720785707235336,0.10720785707235336,,,0.10809285938739777,0.10720785707235336,0.10809285938739777,0.10720785707235336,0.11084607988595963,0.11992242187261581,0.10784807801246643,0.09363461285829544,0.11084607988595963,0.10809285938739777,0.10720785707235336,,,,,,,,,,0.11992242187261581,0.10720785707235336,0.1084253340959549,0.10809285938739777,0.10809285938739777,0.10809285938739777,0.10809285938739777,0.1084253340959549,0.10720785707235336,0.10809285938739777,0.026323851197957993,0.11232703179121017,0.09363461285829544,0.10809285938739777,0.15371127426624298,0.10720785707235336,0.12167137861251831,0.09273011237382889,0.1084253340959549,0.10809285938739777,0.09363461285829544,0.11084607988595963,0.10720785707235336,0.11992242187261581,,,,,,,,,,,,,,,,
2001-09-01,0.09037443995475769,0.0900287851691246,0.10149209946393967,0.09007847309112549,0.0900287851691246,0.10149209946393967,0.10613023489713669,0.09217678010463715,0.09217678010463715,0.10571444779634476,0.09217678010463715,0.08894792199134827,0.09022390097379684,0.09618820250034332,0.10149209946393967,0.11515158414840698,0.08951586484909058,0.09502127021551132,0.10571444779634476,0.0900287851691246,0.09884490072727203,0.0900287851691246,0.0925404280424118,0.10939852148294449,0.0900287851691246,0.05801045522093773,0.09106774628162384,0.08397981524467468,0.10149209946393967,0.07760313898324966,0.10149209946393967,0.05801045522093773,0.10149209946393967,0.10149209946393967,0.0955633893609047,0.10149209946393967,0.10915479809045792,0.07747908681631088,0.09854893386363983,0.09106774628162384,0.06753075122833252,,,0.09785575419664383,0.0900287851691246,0.05801045522093773,,0.11515158414840698,0.10149209946393967,0.09982221573591232,0.11229872703552246,0.08951586484909058,0.09072744846343994,0.09102341532707214,0.09785575419664383,,,0.09265855699777603,0.09037443995475769,0.10149209946393967,0.09037443995475769,0.10149209946393967,0.10509497672319412,0.10734181851148605,0.11515158414840698,0.0993923619389534,0.0900287851691246,0.10149209946393967,,,,,,,,,,0.09976473450660706,0.08905696868896484,0.0900287851691246,0.09111391007900238,0.0900287851691246,0.10149209946393967,0.09511176496744156,0.10149209946393967,0.09022390097379684,0.11229872703552246,0.07852477580308914,0.05972563475370407,0.10428792983293533,0.10428792983293533,0.10149209946393967,0.09037443995475769,0.10149209946393967,0.14187218248844147,0.0900287851691246,0.0900287851691246,0.1287401020526886,0.09688620269298553,0.09785575419664383,0.10879115015268326,0.09814108163118362,,,,,,,,,,,,,,,
2001-12-01,0.0927327573299408,0.07896143943071365,0.08890794217586517,0.08161572366952896,0.0824216976761818,0.08544768393039703,0.08913743495941162,0.08127155154943466,0.08033513277769089,0.09279919415712357,0.08161572366952896,0.08081287145614624,0.06578660011291504,0.0784263089299202,0.0927327573299408,0.07896143943071365,0.07946228235960007,0.08364630490541458,0.08679820597171783,0.07896143943071365,0.06979648768901825,0.08238984644412994,0.07968442142009735,0.07543960958719254,0.07896143943071365,0.0927327573299408,0.07844135165214539,0.07543960958719254,0.08890794217586517,0.08913743495941162,0.0824216976761818,0.07543960958719254,0.08890794217586517,0.08890794217586517,0.0784263089299202,0.0824216976761818,0.08913743495941162,0.07827162742614746,0.10833127796649933,0.06568589061498642,0.0927327573299408,,,0.0784263089299202,0.07896143943071365,0.0927327573299408,,0.07414265722036362,0.0873568207025528,0.09629590809345245,0.08370126783847809,0.0784263089299202,0.0784263089299202,0.0784263089299202,0.10833127796649933,,,0.07896143943071365,0.08913743495941162,0.07896143943071365,0.08161572366952896,0.08626314252614975,0.090854212641716,0.08913743495941162,0.08417604863643646,0.0927327573299408,0.08890794217586517,0.0784263089299202,,,,,,,,,,0.12958668172359467,0.08161572366952896,0.08510620892047882,0.07968442142009735,0.08417604863643646,0.0873568207025528,0.08679820597171783,0.08890794217586517,0.0784263089299202,0.07414265722036362,0.08087057620286942,0.09629590809345245,0.06979648768901825,0.0385601744055748,0.08890794217586517,0.0784263089299202,0.08890794217586517,0.09629590809345245,0.07896143943071365,0.07896143943071365,0.07414265722036362,0.08161572366952896,0.07968442142009735,0.0927327573299408,0.07322517037391663,,,,,,,,,,,,,,,
2002-03-01,0.06260914355516434,-0.003416632069274783,0.056008122861385345,0.056008122861385345,0.06103342026472092,0.06110896170139313,0.058828968554735184,0.03963896259665489,0.061372075229883194,0.041221000254154205,0.058828968554735184,0.056008122861385345,0.061372075229883194,0.015549670904874802,0.05205179750919342,0.06110896170139313,0.056008122861385345,0.03963896259665489,0.04066610708832741,0.05205179750919342,0.06110896170139313,0.04922112450003624,0.058828968554735184,0.060848940163850784,0.053950630128383636,0.06258554756641388,0.04922112450003624,0.060848940163850784,0.06391474604606628,0.058828968554735184,0.06391474604606628,0.03592560440301895,0.06391474604606628,0.06901557743549347,0.058828968554735184,0.048861708492040634,0.069669209420681,0.058828968554735184,0.05072132498025894,0.06393961608409882,0.05072132498025894,,,0.05750832334160805,0.056008122861385345,0.05205179750919342,,0.08840914070606232,0.06391474604606628,0.056008122861385345,0.11778675019741058,0.056008122861385345,0.058828968554735184,0.036110084503889084,0.058828968554735184,,,0.05750832334160805,0.06391474604606628,0.06252271682024002,0.05750832334160805,0.06038794666528702,0.05864448845386505,0.059118740260601044,0.038149140775203705,0.041221000254154205,0.09114035964012146,0.06252271682024002,,,,,,,,,,0.023586347699165344,0.03963896259665489,0.05750832334160805,0.05864448845386505,0.05205179750919342,0.069669209420681,0.04278756305575371,0.06391474604606628,0.05864448845386505,0.07357865571975708,0.06894592940807343,0.061109427362680435,0.04012483358383179,0.04417680948972702,0.06610935926437378,0.058828968554735184,0.06610935926437378,0.055281102657318115,0.053950630128383636,0.05205179750919342,0.023586347699165344,0.06125508248806,0.056008122861385345,0.023586347699165344,0.07927560061216354,,,,,,,,,,,,,,,
2002-06-01,0.049378566443920135,0.03945997729897499,0.02256767451763153,0.043480467051267624,0.041301142424345016,0.019420674070715904,0.048767685890197754,0.02899772860109806,0.042391058057546616,0.037478797137737274,0.045192915946245193,0.030379174277186394,0.01576312445104122,0.0421723872423172,0.04796917736530304,0.037053585052490234,0.032074831426143646,-0.039592817425727844,0.060536060482263565,0.04664413630962372,0.03351760283112526,-0.017239447683095932,0.04646267369389534,0.04693596065044403,0.03580017387866974,0.05771135538816452,0.033207472413778305,-0.00047485026880167425,0.040912408381700516,0.05077637732028961,0.0036170429084450006,0.015876663848757744,0.06785572320222855,0.04523219168186188,0.030379174277186394,0.03806832805275917,0.04587182402610779,0.04833785071969032,-0.010249262675642967,0.0665886327624321,0.03835171088576317,,,0.04602918028831482,0.07881994545459747,0.019178196787834167,,0.05054347962141037,0.01875452511012554,0.02980790287256241,-0.039592817425727844,0.03006904199719429,0.040912408381700516,0.019706377759575844,0.0559440441429615,,,0.04347856715321541,0.04918470233678818,-0.039592817425727844,0.030379174277186394,0.0935937762260437,0.052433956414461136,0.049845390021800995,-0.06565358489751816,0.03942592814564705,0.022675003856420517,0.006336292251944542,,,,,,,,,,0.04487157613039017,-0.003379545174539089,0.040769062936306,0.04125744104385376,0.036439888179302216,0.049974966794252396,0.1447761505842209,0.03266977146267891,-0.09451036900281906,-0.039592817425727844,-0.020175360143184662,-0.013989914208650589,0.013686585240066051,0.04229481890797615,0.056079212576150894,0.04000679776072502,0.06865754723548889,0.03771103918552399,0.03309871256351471,0.035889677703380585,0.07068838179111481,0.046343546360731125,0.039096344262361526,0.03771497681736946,0.06360115855932236,,,,,,,,,,,,,,,
2002-09-01,0.049654822796583176,0.02480638585984707,0.052649255841970444,0.03181786462664604,0.06623779982328415,0.04756501317024231,0.07074687629938126,0.05240748077630997,0.05518269166350365,0.06476067006587982,0.050817374140024185,0.04130499064922333,0.0413602814078331,0.04492254927754402,0.047289054840803146,0.048895977437496185,0.051488954573869705,0.05015060305595398,0.04547111317515373,0.044538114219903946,0.0443371906876564,0.041982028633356094,0.044331543147563934,0.0493253730237484,0.048207636922597885,0.09375713765621185,0.04300003498792648,0.064198337495327,0.04909760132431984,0.05014519765973091,0.028659258037805557,0.04803445562720299,0.05442982539534569,0.04243120178580284,0.041717853397130966,-0.0004118362267035991,0.056432198733091354,0.045998938381671906,0.04626835137605667,0.04887255281209946,0.051448971033096313,,,0.05355655774474144,0.05163164809346199,0.06414379924535751,,0.058285754173994064,0.07981744408607483,0.020341122522950172,0.06958000361919403,0.05401645600795746,0.045769814401865005,0.04237176477909088,0.05106379836797714,,,0.04528127610683441,0.05014519765973091,0.043580956757068634,0.039434563368558884,0.06438928097486496,0.06426690518856049,0.0541132353246212,0.0694158598780632,0.04782271757721901,0.060307081788778305,0.05518269166350365,,,,,,,,,,0.040969133377075195,0.015451183542609215,0.05193934589624405,0.059935662895441055,0.051428742706775665,0.05977999046444893,0.052492450922727585,0.05014519765973091,0.06957727670669556,0.05201246216893196,0.05836477130651474,-0.010855035856366158,0.030988343060016632,0.04822715371847153,0.05960695445537567,0.047208115458488464,0.07793325930833817,0.0548621229827404,0.04497868940234184,0.05894128605723381,0.065747931599617,0.04452323168516159,0.04832372069358826,0.05285749211907387,0.09125274419784546,,,,,,,,,,,,,,,
2002-12-01,0.11361280083656311,-0.02328222058713436,-0.08968543261289597,0.09660238027572632,0.06542439013719559,0.04767492786049843,-0.03772754222154617,0.0051360665820539,0.03450533375144005,0.11777033656835556,0.0738670602440834,0.05597013980150223,0.02757815644145012,-0.017619945108890533,-0.013665434904396534,0.1103648841381073,0.016535000875592232,0.04585704207420349,0.10389529913663864,-0.03834255784749985,0.08302077651023865,0.04767492786049843,0.0596538744866848,0.07266566157341003,-0.013665434904396534,0.0970415398478508,0.06413210928440094,0.11361280083656311,0.013020374812185764,0.04872678220272064,7.796569843776524e-05,0.020117755979299545,0.05109827592968941,0.09226129949092865,0.08469882607460022,-0.009163251146674156,0.06424820423126221,0.054902613162994385,0.03903992101550102,-0.013665434904396534,0.12135986983776093,,,0.04767492786049843,0.05597013980150223,0.0966811552643776,,-0.06248101219534874,-0.002855051076039672,0.05597013980150223,-0.1787872016429901,0.05347513034939766,-0.08666425943374634,0.022709552198648453,0.07133255898952484,,,-0.09461520612239838,0.05597013980150223,-0.13405609130859375,0.03912072256207466,0.030568378046154976,0.07865650206804276,0.0596538744866848,0.07759974151849747,-0.03834255784749985,0.03424783796072006,0.026970533654093742,,,,,,,,,,0.05547109246253967,0.022950947284698486,0.04767492786049843,0.086556077003479,-0.03834255784749985,0.0596538744866848,0.09415889531373978,0.005568692460656166,-0.05130774900317192,-0.10348259657621384,-0.04208095744252205,0.08245648443698883,-0.38869771361351013,0.1103648841381073,0.05298476666212082,0.08540583401918411,-0.027223102748394012,-0.04471440985798836,-0.03834255784749985,0.06576497852802277,0.05081421509385109,0.06526801735162735,-0.14889848232269287,0.09940309077501297,0.05804881080985069,,,,,,,,,,,,,,,
2003-03-01,0.035659901797771454,0.08580665290355682,0.020175158977508545,0.08470354974269867,0.11202973872423172,0.03670239821076393,0.05579917132854462,0.020251480862498283,0.051670294255018234,0.09255509823560715,0.08869612962007523,0.05908161774277687,0.04231257736682892,0.01502138003706932,0.039972320199012756,0.09650926291942596,0.03306802362203598,0.05999470874667168,0.05403958261013031,0.05579769238829613,-0.04679793864488602,-0.011826724745333195,0.0714975893497467,0.09041985869407654,0.0025869605597108603,0.16777533292770386,0.012770912609994411,0.0748736709356308,0.03601717948913574,0.060127973556518555,0.03177720308303833,,0.060809385031461716,0.03614755719900131,0.10388756543397903,0.04456166550517082,0.07117556780576706,0.06134318187832832,0.05566314980387688,0.027664396911859512,0.07029891014099121,,,0.05579917132854462,-0.04400256276130676,0.09069111198186874,,0.05414305999875069,-0.0030190004035830498,0.05537828803062439,0.010234973393380642,,0.050936948508024216,0.05547342076897621,0.057552412152290344,,,0.03078404627740383,0.05078969523310661,0.02382488362491131,0.05679062753915787,0.0558030940592289,0.08229747414588928,0.06260611116886139,0.048369064927101135,0.08763822913169861,0.07000570744276047,0.018716270104050636,,,,,,,,,,-0.08787266165018082,0.03283407539129257,0.059171970933675766,0.07400137186050415,0.11434031277894974,0.0772208720445633,0.009649796411395073,0.03614755719900131,-0.10028167814016342,-0.021143581718206406,-0.10486386716365814,0.02787092886865139,-0.1503075510263443,-0.05909730866551399,0.06319423764944077,0.017400141805410385,0.14061108231544495,0.059171970933675766,0.10806259512901306,0.053420864045619965,0.10760770738124847,0.1027032881975174,-0.008965322747826576,0.05905778333544731,0.09472507238388062,0.14675912261009216,,,,,,,,,,,,,,
2003-06-01,0.04449367895722389,0.05015246942639351,0.007378970738500357,0.10277467966079712,0.06851807236671448,0.008010325953364372,0.05453834310173988,0.05694432929158211,0.07009116560220718,-0.025936860591173172,0.0722169503569603,0.047370489686727524,0.03366530314087868,-0.02555035799741745,0.030718550086021423,0.08795440196990967,0.02486850507557392,0.019805850461125374,-0.007044423371553421,0.037273310124874115,0.009873525239527225,0.04381045326590538,0.03998420014977455,0.08873145282268524,,0.13882231712341309,-0.018082620576024055,0.0708359107375145,0.04994753375649452,0.0474499836564064,0.025284240022301674,0.008081246167421341,0.048102330416440964,0.0325436033308506,0.04954036325216293,0.02786930650472641,0.06854142248630524,-0.003409875789657235,0.04320193827152252,0.12152142077684402,-0.040218647569417953,,,0.04485602304339409,0.041375692933797836,0.055889587849378586,,-0.002405463019385934,0.03819645941257477,0.04153662174940109,-0.04635506123304367,0.11303886771202087,0.03389701992273331,-0.024508388713002205,0.1274939924478531,,,0.02887341007590294,0.051363781094551086,-0.0017677834257483482,0.01156707014888525,0.056139275431632996,0.10148362815380096,0.04642898589372635,-0.014352032914757729,0.07815253734588623,0.0677734836935997,0.05411878600716591,,,,,,,,,,0.02966485358774662,0.004376621916890144,0.05433754622936249,0.07151656597852707,0.09050826728343964,0.05538403242826462,0.05713054910302162,0.06218960881233215,0.02278529480099678,-0.04665707051753998,-0.061731792986392975,0.0882098525762558,0.042739447206258774,-0.024360451847314835,0.057744599878787994,0.06735838949680328,0.06152789667248726,0.051363781094551086,0.05433621257543564,0.049742575734853745,0.07094970345497131,0.08327619731426239,0.023692740127444267,0.04937764257192612,0.07996351271867752,0.13340479135513306,,,,,,,,,,,,,,
2003-09-01,0.020058078691363335,0.020058078691363335,-0.0055991425178945065,0.020715346559882164,0.020715346559882164,-0.022943822667002678,0.04580586403608322,-0.009204867295920849,0.015992118045687675,-0.004998994525521994,0.004665676970034838,0.025136956945061684,-0.0012896135449409485,0.005279897712171078,0.020715346559882164,0.020058078691363335,0.00907841045409441,-0.019285626709461212,-0.008319334127008915,-0.004998994525521994,-0.022943822667002678,0.0009016385301947594,-0.005872530862689018,-0.007752755656838417,,0.04580586403608322,-0.004287376534193754,-0.004998994525521994,0.007023774553090334,0.02358955889940262,-0.015145726501941681,0.001709622796624899,0.031933095306158066,0.016314323991537094,-0.004998994525521994,0.01776794344186783,0.023899314925074577,0.025364652276039124,-0.022943822667002678,-0.1304284930229187,-0.004568946547806263,,,0.013498183339834213,-0.02668224275112152,0.020715346559882164,,-0.004568946547806263,-0.01575874350965023,0.018531400710344315,-0.019547712057828903,0.02136862277984619,0.005826467648148537,0.0032345012295991182,0.020715346559882164,,,-0.03345011919736862,0.020715346559882164,-0.029476020485162735,-0.00895982701331377,0.0023209848441183567,0.0625268891453743,0.020715346559882164,-0.019547712057828903,0.020058078691363335,0.004345388151705265,0.0023209848441183567,,,,,,,,,,0.031739164143800735,-0.0046501788310706615,0.020715346559882164,-0.001158465864136815,-0.004568946547806263,0.020715346559882164,-0.08839160203933716,0.020715346559882164,0.010088714770972729,-0.029476020485162735,-0.029476020485162735,-0.061079706996679306,0.020058078691363335,-0.022943822667002678,0.020715346559882164,0.04580586403608322,0.020715346559882164,0.020715346559882164,0.020715346559882164,0.020715346559882164,-0.08839160203933716,0.04580586403608322,0.03563261032104492,-0.1304284930229187,0.017285257577896118,0.030215656384825706,,,,,,,,,,,,,,
2003-12-01,0.0010391026735305786,0.0010391026735305786,-0.0036970635410398245,0.004538484383374453,0.010964619927108288,-0.010696440935134888,0.011038231663405895,-0.014871334657073021,-0.004116374999284744,0.0016280324198305607,0.008153369650244713,0.0003702709509525448,-0.005865380633622408,0.0039578829891979694,0.0005713830469176173,0.0274746622890234,0.020071934908628464,-0.030838437378406525,-0.019673185423016548,-0.011735362000763416,-0.014835294336080551,-0.00959989707916975,-0.018346186727285385,0.012094882316887379,,-0.002164573408663273,-0.02420898899435997,-0.011735362000763416,-0.006206669844686985,0.011948841623961926,-0.01923978514969349,0.010964619927108288,0.017177151516079903,-0.02453901432454586,-0.011735362000763416,-0.014538140036165714,0.031327374279499054,0.004939859267324209,-0.011735362000763416,-0.011735362000763416,-0.12768180668354034,,,-0.05113788694143295,-0.00016822005272842944,0.03410622477531433,,0.0015556045109406114,-0.0002850920718628913,-0.0006317395600490272,-0.05554915964603424,0.005575333721935749,-0.0031555157620459795,-0.015883950516581535,0.016294050961732864,,,-0.03693181648850441,0.01148095540702343,-0.029392244294285774,-0.010508866049349308,-0.0030625576619058847,-0.020830214023590088,0.02703799307346344,-0.05554915964603424,0.0010391026735305786,-0.0006317395600490272,-0.004808793775737286,,,,,,,,,,0.03410622477531433,-0.005932979751378298,-0.040235187858343124,-0.016656674444675446,0.0005713830469176173,0.01148095540702343,-0.031076977029442787,-0.011735362000763416,0.018255135044455528,-0.038563214242458344,-0.011058520525693893,-0.05067926645278931,0.0010391026735305786,-0.04619087651371956,0.012022454291582108,0.020043382421135902,0.0006449954817071557,0.0016280324198305607,-0.002059520222246647,-0.002059520222246647,-0.08620186895132065,0.03410622477531433,0.016294050961732864,-0.07675683498382568,-0.0019156422931700945,0.0004528870340436697,,,,,,,,,,,,,,
2004-03-01,0.009634483605623245,0.009634483605623245,0.012334158644080162,0.009634483605623245,0.009634483605623245,0.0028999620117247105,0.019237637519836426,0.00015924236504361033,0.0032985482830554247,-0.01331428624689579,-0.001986168557778001,0.005839339457452297,-0.0019402718171477318,0.001639793161302805,0.009634483605623245,0.0193650983273983,0.004337183199822903,-0.002830288838595152,-0.001986168557778001,-0.0002764332457445562,0.0030007692985236645,0.005839339457452297,0.016311509534716606,0.009634483605623245,,0.019237637519836426,-0.002830288838595152,0.009634483605623245,0.004337183199822903,0.009753143414855003,0.004337183199822903,0.009634483605623245,0.019237637519836426,0.009634483605623245,0.009634483605623245,0.00045879025128670037,0.009753143414855003,0.016311509534716606,-0.01331428624689579,-0.01331428624689579,-0.0481921024620533,,,-0.010048875585198402,0.0046443697065114975,0.019237637519836426,,-0.014715091325342655,0.0032985482830554247,0.004337183199822903,-0.01752506196498871,0.005839339457452297,-0.010048875585198402,0.0032985482830554247,0.019237637519836426,,,-0.005584034603089094,0.009634483605623245,-0.006652383599430323,-0.00013290262722875923,0.00015924236504361033,0.009634483605623245,0.01839294284582138,0.0030007692985236645,-0.008883976377546787,0.005839339457452297,0.001212483155541122,,,,,,,,,,0.019237637519836426,-0.0019402718171477318,-0.014715091325342655,0.005839339457452297,0.009634483605623245,0.009634483605623245,0.0030007692985236645,0.009634483605623245,0.0026229210197925568,-0.034824028611183167,-0.006652383599430323,-0.034824028611183167,-0.008883976377546787,-0.014715091325342655,0.009753143414855003,0.019237637519836426,0.009634483605623245,0.009634483605623245,-0.014715091325342655,0.009753143414855003,-0.0481921024620533,0.005839339457452297,-0.0037173929158598185,-0.0481921024620533,0.00034283616696484387,0.005839339457452297,,,,,,,,,,,,,,
2004-06-01,0.0053556570783257484,0.004471522755920887,0.007814492098987103,0.00133872264996171,0.010844212956726551,0.010227033868432045,0.010844212956726551,0.01277983095496893,0.008290398865938187,0.0053556570783257484,0.015391478314995766,0.002059792634099722,0.005930880084633827,0.00473194383084774,0.012361087836325169,0.0053556570783257484,0.009855004027485847,0.005291339010000229,0.0002835323684848845,0.0053556570783257484,-0.0047525689005851746,0.0073583172634243965,0.0003927249344997108,0.0053556570783257484,,0.020597225055098534,0.006393529009073973,0.013605195097625256,0.009379091672599316,0.017329582944512367,0.006752273067831993,0.013494675047695637,0.01406037900596857,0.0053556570783257484,-0.008380119688808918,-0.009847339242696762,0.021995024755597115,0.009091327898204327,-0.0047525689005851746,0.0014429071452468634,0.0053556570783257484,,,0.002566729672253132,-0.009847339242696762,0.006426874082535505,,0.006122916005551815,0.007814492098987103,0.009379091672599316,-0.007241479586809874,0.009855004027485847,0.006953038740903139,0.008290398865938187,0.020597225055098534,,,0.015391478314995766,0.010844212956726551,-0.000566337548661977,0.009855004027485847,0.007814492098987103,-0.0016691092168912292,0.010844212956726551,-0.007660966832190752,0.0014429071452468634,-0.016444336622953415,0.005930880084633827,,,,,,,,,,0.013494675047695637,0.005930880084633827,0.009729238227009773,-0.004350253380835056,0.0053556570783257484,0.010844212956726551,-0.0016894666478037834,0.0053556570783257484,0.0056129456497728825,-0.015899352729320526,0.005011839792132378,-0.03448309004306793,0.0053556570783257484,-0.00571727380156517,0.01491345651447773,0.010227033868432045,0.011289870366454124,0.010844212956726551,-0.001436012564226985,0.001865976257249713,0.02590152807533741,0.00133872264996171,0.010227033868432045,-0.039966512471437454,0.011370849795639515,0.017329582944512367,,,,,,,,,,,,,,
2004-09-01,0.003022480756044388,0.029507670551538467,0.019768692553043365,0.0010767998173832893,0.04707007482647896,0.03873835504055023,0.007605649996548891,0.010419712401926517,0.026325058192014694,0.02286764606833458,0.024222927168011665,0.022546827793121338,0.021164387464523315,-0.02800651639699936,0.04512578994035721,0.05535156652331352,0.02392006479203701,0.02204016037285328,-0.0820222944021225,0.049669068306684494,0.013162587769329548,0.00999759417027235,0.0045708222314715385,0.031101323664188385,,0.06968522071838379,0.018278539180755615,0.031101323664188385,0.041298218071460724,0.02618250623345375,-0.0163592379540205,0.031101323664188385,0.03547577187418938,0.016089653596282005,0.016391301527619362,0.005266424268484116,0.0660991296172142,0.03086281754076481,-0.00014798936899751425,0.003486447734758258,0.056098662316799164,,,0.0062549118883907795,-0.0014692849945276976,0.05068204551935196,,0.028382599353790283,0.06515125930309296,-0.012590497732162476,-0.07253017276525497,0.0343397818505764,0.024344831705093384,-0.0009675204055383801,0.01941000111401081,,,0.03412103280425072,0.016229622066020966,0.006865235511213541,0.035147421061992645,-0.021931618452072144,-0.016680829226970673,0.03920232132077217,-0.07479791343212128,0.08143386244773865,0.05892461538314819,0.02354208566248417,,,,,,,,,,0.10022573918104172,-0.03980286791920662,0.041740138083696365,-0.0036843493580818176,0.040025413036346436,0.03920232132077217,-0.02307284064590931,0.03446269407868385,-0.024968847632408142,-0.016959059983491898,-0.04655368626117706,-0.04318331927061081,-0.011733273044228554,-0.01949971914291382,0.042290881276130676,0.06551710516214371,0.039710380136966705,0.05892461538314819,-0.09128314256668091,0.04618808627128601,-0.03177337720990181,0.031305182725191116,0.06506094336509705,-0.007959287613630295,0.02768639661371708,0.06929951906204224,0.054065555334091187,,,,,,,,,,,,,
2004-12-01,0.051944006234407425,0.05533968657255173,0.023961298167705536,0.05267942696809769,0.05670153722167015,0.05125978961586952,0.04427981376647949,0.02525603026151657,0.027217568829655647,0.01110382191836834,0.056351758539676666,0.04197810962796211,0.022789090871810913,0.016436364501714706,0.04905284196138382,0.08266446739435196,0.016611604019999504,0.01067836582660675,-0.032668232917785645,0.0564403310418129,0.07466775178909302,0.032148558646440506,0.020663073286414146,0.06237758323550224,,0.09126429259777069,0.01887284219264984,0.0634596049785614,0.01882333867251873,0.061275240033864975,0.013698237016797066,-0.01998397707939148,0.05675743892788887,-0.012584200128912926,0.034950170665979385,0.020274462178349495,0.05538378283381462,0.024746719747781754,-0.002863461384549737,0.0740986317396164,0.059407997876405716,,,-0.020357098430395126,0.03216446936130524,0.039646945893764496,,0.03783213347196579,0.02502134069800377,-0.08038951456546783,-0.027053115889430046,0.035047922283411026,0.048319168388843536,0.023632720112800598,0.03663846477866173,,,-0.04079417511820793,0.04675913229584694,0.023182040080428123,-0.01095270924270153,0.03332095220685005,0.038067758083343506,0.03830941021442413,-0.022824926301836967,0.04848366603255272,0.013871374540030956,0.0217535812407732,,,,,,,,,,0.08761508762836456,0.019554859027266502,0.03397810086607933,0.04428471624851227,0.042668670415878296,0.047636862844228745,-0.03821926936507225,0.04666387662291527,0.023560047149658203,0.01614382117986679,-0.0072557260282337666,0.010120062157511711,-0.0002941934217233211,0.034688010811805725,0.047636862844228745,0.08880959451198578,0.06097891926765442,0.05276606231927872,-0.011366941966116428,0.04392454773187637,-0.019199542701244354,0.024775035679340363,0.047881048172712326,0.09907057136297226,0.019016703590750694,0.0652485117316246,0.03383233770728111,,,,,,,,,,,,,
2005-03-01,-0.025268565863370895,0.0361788347363472,0.0259645264595747,0.035202592611312866,0.03991062566637993,0.01931334100663662,0.018686780706048012,-0.06815862655639648,0.0288593377918005,0.025397565215826035,0.032103031873703,0.029162656515836716,0.025867300108075142,-0.008032216690480709,0.057213131338357925,0.04876891151070595,0.023444058373570442,0.020388003438711166,0.026865236461162567,0.03477146476507187,0.03452577814459801,0.028565771877765656,0.01441394817084074,0.04014509171247482,,0.05603177472949028,0.026798410341143608,0.06661967933177948,0.030839916318655014,0.03689293935894966,0.0280267596244812,0.03965147212147713,0.03797554224729538,0.028180798515677452,0.030731115490198135,0.0280267596244812,0.046824075281620026,0.02198171429336071,0.026594387367367744,0.03525514528155327,0.018624333664774895,,,0.032785627990961075,0.033702701330184937,0.037386566400527954,,0.03610048443078995,-0.005331713240593672,-0.011338435113430023,-0.026277868077158928,0.02833162248134613,-0.009028070606291294,0.02700728364288807,0.020824357867240906,,,0.029842713847756386,0.046000801026821136,0.020406974479556084,0.023153647780418396,0.010307599790394306,0.0361788347363472,0.034462884068489075,-0.007756872568279505,0.04485202580690384,0.07126160711050034,0.02555861696600914,,,,,,,,,,0.04318311810493469,0.02555861696600914,0.03537996485829353,0.0265992172062397,0.03560962900519371,0.03332201763987541,-0.004040717612951994,0.01550837978720665,0.020824357867240906,0.015852060168981552,0.0010696841636672616,0.015852060168981552,0.02018880844116211,0.028565771877765656,0.03926461562514305,0.033279258757829666,0.04897678270936012,0.020409317687153816,0.033317726105451584,0.0379812978208065,0.030848966911435127,0.026907898485660553,0.042478740215301514,0.0637616217136383,0.026907898485660553,0.04016631469130516,0.04715605825185776,0.023221274837851524,,,,,,,,,,,,
2005-06-01,-0.008639946579933167,0.05185351520776749,0.031136304140090942,0.05254972353577614,0.05304867774248123,0.048788364976644516,0.0021787884179502726,0.046803805977106094,0.03593398630619049,0.04788052290678024,0.05259844660758972,0.027768732979893684,0.02393997833132744,0.02572794072329998,0.06623911112546921,0.0491003580391407,0.01617203839123249,0.03236410394310951,-0.07708252221345901,0.07095416635274887,0.01389253605157137,0.019542647525668144,-0.0024578317534178495,0.04177328199148178,,0.06867262721061707,0.030185183510184288,0.0744638741016388,0.031775519251823425,0.04185739904642105,0.028189219534397125,0.012854182161390781,0.0363166481256485,0.032468874007463455,0.012567290104925632,0.02955416962504387,0.07513345032930374,0.06034905090928078,0.03385519981384277,0.07581436634063721,0.045715879648923874,,,0.048654306679964066,0.02986828424036503,0.05076728016138077,,0.03911854326725006,0.0017484674463048577,-0.03388112410902977,-0.052706699818372726,0.018553929403424263,-0.013000641949474812,0.010140112601220608,-0.008737402968108654,,,0.026650965213775635,0.054857321083545685,0.11032872647047043,0.019011614844202995,0.040896330028772354,-0.008704633451998234,0.01918339915573597,0.025341376662254333,0.11414015293121338,0.009507904760539532,0.03873112425208092,,,,,,,,,,0.033973682671785355,0.02714247815310955,0.02986828424036503,-0.007004914339631796,0.04663071036338806,0.04410605505108833,-0.061633359640836716,0.024065913632512093,0.0014179208083078265,0.004664654843509197,-0.0014789956621825695,0.02436254173517227,-0.007746724411845207,0.062447018921375275,0.037601593881845474,0.026384256780147552,0.07319648563861847,0.042172301560640335,0.05954290181398392,0.029054587706923485,0.05203869193792343,0.01971869356930256,0.06702505797147751,0.08609519153833389,0.032798994332551956,0.03650638833642006,0.06913480162620544,0.029154080897569656,,,,,,,,,,,,
2005-09-01,0.0034352741204202175,0.06434184312820435,0.03493814542889595,0.06987997144460678,0.06807715445756912,0.05800847336649895,0.0325624942779541,-0.09230504930019379,0.037645839154720306,0.03217138722538948,0.017542874440550804,0.03405897319316864,0.02853257581591606,0.02969425916671753,0.09477002918720245,0.0969170480966568,0.01371054071933031,0.02244325913488865,-0.09585981070995331,0.06912574172019958,0.02357376739382744,0.03337744623422623,0.01819113828241825,0.058945316821336746,,0.08256538212299347,0.02244325913488865,0.09407633543014526,0.031459517776966095,0.0384872741997242,0.034279271960258484,-0.09448108077049255,0.03225791081786156,0.01886664889752865,0.048394959419965744,0.03198833763599396,0.0992315337061882,0.028228290379047394,-0.046193454414606094,0.13700103759765625,0.012983322143554688,,,0.02139999344944954,0.007430119439959526,0.06474041193723679,,0.06051745265722275,-0.0015033760573714972,0.02703176811337471,-0.027984192594885826,0.028360283002257347,0.0019281042041257024,-0.020492639392614365,0.016687629744410515,,,0.01445610262453556,0.042466793209314346,0.027317699044942856,0.03409861773252487,0.029980763792991638,0.009500304237008095,0.04520953446626663,-0.008498938754200935,0.13285520672798157,0.0982498973608017,0.024435492232441902,,,,,,,,,,0.04754006117582321,0.026919886469841003,-0.015120652504265308,0.022272653877735138,0.05312367528676987,0.04813792556524277,-0.05648878589272499,0.041266173124313354,0.0017938772216439247,-0.028368018567562103,-0.019062351435422897,0.012979775667190552,0.005607451777905226,-0.04614906758069992,0.07498791068792343,0.099855937063694,0.10850042849779129,0.04883536323904991,0.045092131942510605,0.01346607692539692,0.03675394132733345,0.018808770924806595,0.05249099060893059,0.10168994963169098,0.02097421884536743,0.06296047568321228,0.04455011710524559,0.02925991639494896,,,,,,,,,,,,
2005-12-01,-0.024698596447706223,0.06452687084674835,0.026490557938814163,0.06345555186271667,0.06203598529100418,0.060239799320697784,-0.00796004943549633,-0.0022989450953900814,0.03547518700361252,-0.008440039120614529,0.014047396369278431,-0.011366978287696838,0.035323236137628555,0.029343197122216225,0.06306202709674835,0.06050330772995949,-0.003496962832286954,0.016197174787521362,-0.10455929487943649,0.050858233124017715,-0.005728601943701506,0.023131994530558586,0.017410986125469208,0.06058180332183838,,0.08974426984786987,-0.019996827468276024,0.05979575961828232,0.02291717380285263,0.03591645509004593,-0.014188649132847786,-0.02979336492717266,0.031603969633579254,0.036250513046979904,-0.005835248157382011,-0.0034163908567279577,0.08416910469532013,0.0385378934442997,-0.015437870286405087,0.1254315823316574,0.02082257717847824,,,-0.0033122017048299313,0.022063223645091057,0.07439371943473816,,0.04536568745970726,0.023762477561831474,0.02515779435634613,-0.09539440274238586,0.02873251587152481,-0.031935565173625946,0.01378197968006134,-0.037213534116744995,,,-0.05542248487472534,0.07964526116847992,0.12502558529376984,0.04075481742620468,0.031165359541773796,-0.026985468342900276,0.02382354438304901,-0.00683722086250782,0.32191944122314453,0.07423419505357742,0.03340444341301918,,,,,,,,,,0.021797368302941322,0.022817805409431458,-0.03947081044316292,-0.045217037200927734,0.046774864196777344,0.04502924531698227,-0.11259827017784119,0.0431661456823349,0.010544618591666222,-0.03648242726922035,-0.026968007907271385,0.0178354661911726,0.013660294003784657,0.008001572452485561,0.0749226063489914,0.09894634038209915,0.0626760870218277,0.040207184851169586,0.04716013744473457,0.08029302954673767,-0.011439289897680283,0.03363591805100441,0.10632896423339844,0.02219063602387905,0.05521262064576149,0.03614194691181183,0.046320557594299316,0.1299033910036087,,,,,,,,,,,,
2006-03-01,-0.01780189573764801,0.07094236463308334,0.007053637411445379,0.05438346043229103,0.07106667757034302,0.0024742064997553825,0.0508599579334259,0.10267316550016403,0.03999801725149155,-0.027076005935668945,0.04430398717522621,0.01832064427435398,0.04281950742006302,0.02681622840464115,0.08427796512842178,0.07081471383571625,0.03172149881720543,0.009441998787224293,-0.09321942180395126,0.09090126305818558,-0.011265905573964119,0.02981812134385109,0.039208829402923584,0.046001628041267395,,0.04939427971839905,0.022022806107997894,0.057891689240932465,0.002398103242740035,0.05920686200261116,0.024471726268529892,-0.0035974348429590464,0.037033725529909134,-0.06310547143220901,-0.006293375976383686,0.0265200138092041,0.08843301236629486,0.05577012151479721,-0.014518390409648418,0.12835080921649933,-0.006132740527391434,,,0.04575499892234802,0.03515757992863655,0.06779471039772034,,0.037113334983587265,0.026009542867541313,0.0215754471719265,-0.07681535929441452,0.03110727109014988,-0.011004100553691387,0.006634504068642855,-0.008943925611674786,,,0.02647312544286251,0.07023380696773529,-0.023166349157691002,0.009042922407388687,0.0260771494358778,0.05506810545921326,0.055581267923116684,-0.03299573436379433,0.20704710483551025,0.0716901421546936,0.0437108613550663,,,,,,,,,,0.028673768043518066,0.04587869346141815,-0.0233360156416893,-0.039425820112228394,0.0604720413684845,0.05094129219651222,0.19911983609199524,-0.007101520895957947,-0.008069426752626896,-0.07946836948394775,0.009642712771892548,0.0517318919301033,0.014969896525144577,0.02798343636095524,0.09107565134763718,0.06965784728527069,0.06521129608154297,0.027632374316453934,0.05981895327568054,0.09834186732769012,0.02143087051808834,0.04496121406555176,0.021275561302900314,0.020038161426782608,-0.002281091408804059,0.04494437202811241,0.03516160696744919,0.0019001048058271408,,,,,,,,,,,,
2006-06-01,0.013459417968988419,0.054100677371025085,0.011868144385516644,0.05875544995069504,0.051343344151973724,0.021247170865535736,-0.04664606228470802,0.04938413202762604,0.03028183802962303,-0.04805837944149971,0.0318572074174881,-0.0010502070654183626,0.022974902763962746,-0.007957851514220238,0.07065988332033157,0.06188805773854256,0.019649682566523552,-0.00610779644921422,-0.11459704488515854,-0.015583214350044727,-0.05537637323141098,0.005262413527816534,0.0005718984757550061,0.03677072003483772,,0.03477475792169571,0.010867596603929996,0.055532410740852356,0.011813491582870483,-0.017443064600229263,0.0178806371986866,-0.010381524451076984,0.021718453615903854,-0.09050407260656357,-0.00014580697461497039,0.011159717105329037,0.091531902551651,0.061625730246305466,0.030062515288591385,0.08447930961847305,-0.027651723474264145,,,0.0175678301602602,0.027282292023301125,0.05449151620268822,,0.028480349108576775,0.013866537250578403,-0.004034855868667364,-0.32172784209251404,-0.005944750737398863,-0.04364883899688721,-0.003631464671343565,0.003424294525757432,,,0.01758725941181183,0.04374602064490318,0.12479779869318008,0.027355745434761047,0.018905289471149445,0.03471466153860092,-0.011681432835757732,-0.06700998544692993,0.19850961863994598,0.06748773902654648,0.022436629980802536,,,,,,,,,,-0.04886985570192337,0.03211564943194389,-0.027308102697134018,-0.045684728771448135,0.031163521111011505,0.012243514880537987,0.008478952571749687,,-0.04583245888352394,-0.1284337341785431,-0.08821503818035126,-0.0693376213312149,-0.04444412142038345,-0.024397101253271103,0.07443200051784515,-0.007015627343207598,0.05038583278656006,0.02898588590323925,0.02912275679409504,-0.107036292552948,-0.10668282955884933,0.0318572074174881,0.042452167719602585,0.028375741094350815,0.017705801874399185,0.018578574061393738,0.03806309401988983,-0.028208596631884575,,,,,,,,,,,,
2006-09-01,0.01542651280760765,0.042322106659412384,0.015075216069817543,0.043824054300785065,0.05520482733845711,0.035670243203639984,0.00918766763061285,-0.0584898442029953,-0.14441010355949402,0.0067037614062428474,0.03862988203763962,0.035355035215616226,0.031214013695716858,0.032033395022153854,0.05562400445342064,0.06000170484185219,0.013514174148440361,0.01154693216085434,0.007348615676164627,0.028938721865415573,0.08752288669347763,0.02067359909415245,0.027371572330594063,0.03911110758781433,,0.03985517472028732,0.0074451398104429245,0.02588513493537903,0.01375915389508009,-0.050851479172706604,0.004978821147233248,-0.0028842485044151545,0.024088654667139053,-0.019340045750141144,-0.01389654166996479,0.018757564947009087,0.0788775384426117,0.08478794991970062,-0.01186399906873703,0.16075021028518677,0.04211195930838585,,,0.0335845872759819,0.01003949623554945,0.06650323420763016,,0.0487649105489254,0.021221356466412544,0.015614384785294533,-0.09174831956624985,0.006950084585696459,-0.009781574830412865,-0.0011654074769467115,0.028988061472773552,,,-0.025276992470026016,0.04226747155189514,0.0029005175456404686,0.009167702868580818,0.03217285871505737,0.04188161343336105,0.053957678377628326,-0.05102183297276497,0.1700712889432907,0.006989598739892244,0.031214013695716858,,,,,,,,,,0.0022836709395051003,0.02766663394868374,-0.08226975053548813,-0.018299326300621033,0.040732916444540024,-0.09152328222990036,0.055034179240465164,,-0.009717490524053574,-0.09225691109895706,0.007111320737749338,0.003317435272037983,-0.03240275755524635,0.015645580366253853,0.11089960485696793,0.04379401355981827,0.04559437930583954,0.027620388194918633,0.0029683259781450033,-0.06725432723760605,-0.1282838135957718,0.038637563586235046,-0.01593727432191372,0.04506543278694153,0.025349948555231094,0.04508653283119202,0.03646125644445419,-0.0038844719529151917,,,,,,,,,,,,
2006-12-01,0.020683618262410164,0.05732746794819832,0.03272195905447006,0.05982730910181999,0.0640808492898941,0.04262922331690788,-0.020054703578352928,-0.02981838770210743,-0.008076258935034275,0.019566887989640236,0.03951021283864975,0.029733624309301376,0.033010486513376236,0.031070658937096596,0.09578410536050797,-0.005805708933621645,0.0015312369214370847,0.0077196452766656876,-0.06763166189193726,0.06677300482988358,0.07829549163579941,0.02751932106912136,0.029302524402737617,0.023303667083382607,,0.04557786136865616,0.015988733619451523,0.0447550006210804,-0.015668444335460663,0.012338198721408844,0.02085965685546398,0.058662597090005875,0.016735048964619637,-0.05972239375114441,0.030042609199881554,-0.010565397329628468,0.09220327436923981,0.08077815175056458,0.016103442758321762,0.0076726023107767105,0.03796607255935669,,,-0.015493946149945259,0.05372650548815727,0.07074078917503357,,0.04221721366047859,-0.09994243830442429,0.02490837685763836,-0.06432361900806427,0.019267942756414413,-0.03905728459358215,-0.026369433850049973,0.025986038148403168,,,-0.05652257055044174,0.0637974813580513,0.0017633936367928982,-0.029022103175520897,0.04140402376651764,0.04215092584490776,0.0507478341460228,-0.024346306920051575,0.2621297836303711,0.053822681307792664,0.02209119126200676,,,,,,,,,,-0.009899911470711231,0.02011687122285366,-0.04448949918150902,-0.005141610745340586,0.04215092584490776,-0.014787641353905201,-0.04991345480084419,,-0.0711684599518776,0.014320870861411095,-0.0770268589258194,0.019256873056292534,0.02703295834362507,0.019792290404438972,0.09617479890584946,0.0372433140873909,0.04829596355557442,0.020151255652308464,0.020999962463974953,0.002708276966586709,-0.19535832107067108,0.03833141550421715,0.0668843537569046,0.06220410764217377,0.03255750238895416,-0.015757372602820396,0.028007688000798225,0.019256873056292534,,,,,,,,,,,,
2007-03-01,-0.04974104091525078,0.036662667989730835,0.010016641579568386,0.031762607395648956,0.055438797920942307,0.02147909626364708,-0.007825990207493305,0.07066625356674194,0.0150964530184865,0.018775131553411484,0.02669135108590126,0.024125022813677788,0.014157098717987537,0.01403291430324316,0.04953986778855324,0.03763356804847717,0.016914421692490578,0.007864094339311123,-0.12237855792045593,0.0747479572892189,0.045318812131881714,0.028821513056755066,0.023782124742865562,0.04612855985760689,,0.026528287678956985,0.014680672436952591,0.027850737795233727,0.013855026103556156,0.030859118327498436,0.015729842707514763,0.02649211511015892,0.011428667232394218,0.002503266790881753,0.021998213604092598,0.05086459591984749,0.06154344230890274,0.046513110399246216,0.014365658164024353,0.08583339303731918,-0.00023193447850644588,,,0.013525140471756458,0.028747273609042168,0.050686322152614594,,0.045570727437734604,0.01560116931796074,0.013028692454099655,-0.04273279756307602,0.015010086819529533,-0.008568680845201015,0.02605874091386795,0.009452283382415771,,,-0.007840349338948727,0.03864879161119461,0.007398323621600866,-0.015303212217986584,0.0142064169049263,0.02648475207388401,0.030859118327498436,0.020476240664720535,0.11574991047382355,0.007411960046738386,0.026108456775546074,,,,,,,,,,-0.010692577809095383,0.018403341993689537,-0.048723671585321426,0.012306297197937965,0.03237200900912285,0.024170245975255966,-0.024401342496275902,,-0.017251232638955116,-0.016081053763628006,-0.005301035474985838,-0.060514628887176514,-0.011783737689256668,0.012873386032879353,0.047161784023046494,0.02594539150595665,0.03269593045115471,0.00958121009171009,0.026996303349733353,0.031473707407712936,-0.06938718259334564,0.010637147352099419,0.042601920664310455,0.04541599377989769,0.02765473537147045,-0.0025830361992120743,0.02881496399641037,0.019826875999569893,,-0.002944712992757559,0.003260708414018154,,,,,,,,,
2007-06-01,0.07570014894008636,0.07132516801357269,0.02120111510157585,0.05752066895365715,0.06906367093324661,0.04626360535621643,-0.002093586837872863,-0.011042611673474312,0.02288004569709301,0.004632988013327122,0.033954158425331116,0.009367584250867367,0.019313277676701546,-0.03369398042559624,0.07535597681999207,0.058657143265008926,0.031041286885738373,-0.10298188775777817,-0.06418511271476746,0.04863058030605316,0.00827897060662508,0.03267408162355423,-1.6880221664905548e-06,0.0332864373922348,,0.07652035355567932,0.014011728577315807,0.06380533427000046,0.025046294555068016,0.03528298810124397,0.02964075095951557,-0.012130933813750744,0.018974553793668747,-0.15509887039661407,0.012211197055876255,0.026926517486572266,0.09084615111351013,0.036090098321437836,0.018928980454802513,0.1213674321770668,0.003481307765468955,,,0.025398964062333107,0.03746405616402626,0.047132402658462524,,0.05550696328282356,0.02590317651629448,0.013934832066297531,0.002591425785794854,-0.06468487530946732,0.028734659776091576,-0.020047219470143318,-0.004203760530799627,,,0.03242015466094017,0.059043388813734055,-0.012711482122540474,0.03443925827741623,0.023566169664263725,0.035294607281684875,0.04693213105201721,-0.013691705651581287,0.12080289423465729,0.037355292588472366,0.023566169664263725,,,,,,,,,,-0.08476786315441132,0.010888946242630482,0.002964169019833207,-0.020156117156147957,0.05677998065948486,0.023891601711511612,-0.3562377989292145,,-0.08675140887498856,-0.048883307725191116,0.02607138082385063,-0.03768780827522278,-0.016346357762813568,-0.026573268696665764,0.08402992784976959,0.008257950656116009,0.07671544700860977,0.02792617678642273,0.01307480875402689,-0.03987794369459152,-0.044991008937358856,0.03335336595773697,0.046536415815353394,0.014179021120071411,0.04327499493956566,0.0343489833176136,-0.004352864809334278,0.042072515934705734,,-0.11433534324169159,0.010908435098826885,,,,,,,,,
2007-09-01,0.031363144516944885,0.028236331418156624,0.020221760496497154,0.03208392113447189,0.03593376278877258,0.025039857253432274,-0.004300873260945082,-0.09155263751745224,0.001865553087554872,0.024136198684573174,0.026961108669638634,0.02974577061831951,0.00642113434150815,-0.009681244380772114,0.042339593172073364,0.040214359760284424,0.015531514771282673,-0.0594806969165802,-0.039281316101551056,0.03298988565802574,0.007018072064965963,0.017246956005692482,0.020659422501921654,0.03563758358359337,,0.030903898179531097,0.009700041264295578,0.023120323196053505,0.042965035885572433,-0.011008153669536114,0.029194485396146774,0.003220893442630768,0.007635333575308323,-0.07946458458900452,0.02999029867351055,0.006844157353043556,0.042339593172073364,0.009576798416674137,0.0019616440404206514,,0.024813072755932808,,,0.012209100648760796,0.020122982561588287,0.02802800014615059,,0.027560831978917122,0.017756247892975807,0.011988077312707901,-0.04809561371803284,-0.009681244380772114,0.025158481672406197,0.013059609569609165,-0.005243745632469654,,,-0.03830334544181824,0.03691016882658005,0.005285319872200489,0.054277144372463226,0.013326780870556831,0.013376433402299881,0.029080411419272423,0.05276237800717354,0.09341997653245926,0.0071464162319898605,-0.004585702437907457,,,,,,,,,,-0.024465758353471756,0.016235724091529846,-0.0638512596487999,-0.0055667744018137455,0.02159898355603218,0.011407477781176567,0.032622601836919785,,-0.010705778375267982,0.011352842673659325,0.02407531626522541,0.026801003143191338,0.03239183500409126,-0.006226235534995794,0.02911994792521,0.025039857253432274,0.06274024397134781,0.013740998692810535,-0.009508267045021057,0.001571156084537506,-0.014062301255762577,0.02453179843723774,0.006995858624577522,0.08959399908781052,0.021587472409009933,0.02218501642346382,-0.005212920717895031,0.014685019850730896,,0.00251769064925611,0.02443571574985981,-0.05664364993572235,,,,,,,,
2007-12-01,0.02493199147284031,0.11384785175323486,0.015096649527549744,0.08902094513177872,0.103421650826931,0.0360674113035202,-0.03989012539386749,-0.09141406416893005,0.010874582454562187,0.002811820013448596,0.01617014966905117,0.022963276132941246,0.011092877946794033,-0.13119491934776306,0.05686634033918381,0.07355339825153351,0.0015906693879514933,-0.01763489842414856,-0.007143374998122454,-0.01642702892422676,0.11833446472883224,0.010960343293845654,0.024443846195936203,0.06140713021159172,,0.009063546545803547,0.020524650812149048,0.025448283180594444,0.0290219746530056,0.016064226627349854,0.08095888048410416,0.02141737937927246,0.0021750705782324076,-0.12371759861707687,0.011845666915178299,-0.005469570867717266,0.05485539510846138,0.0536116287112236,0.029146483168005943,,0.040953490883111954,,,0.01702977530658245,0.026839150115847588,0.03527069464325905,,0.02087303437292576,0.009471798315644264,0.015329822897911072,-0.0045070224441587925,-0.055776532739400864,0.01602197252213955,-0.004141095094382763,0.023334674537181854,,,-0.09326045215129852,0.05582753196358681,0.0788917988538742,0.05547313764691353,-0.033463384956121445,0.03831683099269867,0.022832857444882393,-0.016424883157014847,,0.04117004945874214,0.02288856916129589,,,,,,,,,,-0.0601540170609951,0.03218051791191101,-0.007520030718296766,0.008734852075576782,0.033582452684640884,0.01995018497109413,-0.09860160201787949,,0.01599297486245632,-0.031412187963724136,-0.0017340817721560597,0.004198306240141392,-0.05232745781540871,-0.03600570932030678,0.039447080343961716,0.03310772031545639,0.10024593025445938,-0.005334578920155764,-0.005958604626357555,4.8548456106800586e-05,0.005310922861099243,0.010751692578196526,0.0359201617538929,0.041351836174726486,0.03346263989806175,0.026210129261016846,-0.022849535569548607,-0.0067637162283062935,,0.04890653118491173,0.03527069464325905,-0.003127749776467681,0.041741807013750076,,,,,,,
2008-03-01,-0.09119360148906708,0.03125002235174179,0.025066964328289032,,0.048812385648489,0.000588275957852602,0.003243874991312623,0.007033972069621086,0.026278909295797348,0.010521727614104748,0.02967105247080326,0.021178700029850006,0.02239937335252762,0.018068013712763786,0.07004044950008392,0.05167670547962189,0.027677563950419426,-0.01578785479068756,-0.0035408607218414545,0.0069914706982672215,0.13099801540374756,0.025693748146295547,0.005592809058725834,0.053429149091243744,,0.02656054124236107,0.019717281684279442,0.022182121872901917,0.028743984177708626,0.022350503131747246,0.03515539690852165,0.05070134997367859,0.023121194913983345,-0.0035408607218414545,0.0292308758944273,0.03171352297067642,0.048812385648489,0.034693580120801926,0.02629808709025383,,0.000588275957852602,,,0.02268463559448719,0.02283661998808384,0.03217408433556557,,0.021306030452251434,0.02597111463546753,0.020323341712355614,-0.025173546746373177,-0.03291649371385574,0.017229638993740082,,0.028431415557861328,,,0.012218215502798557,0.03080393187701702,0.03125002235174179,0.06619760394096375,-0.19564855098724365,0.03125002235174179,0.020224446430802345,0.02242284081876278,,0.054539602249860764,0.03082677163183689,,,,,,,,,,-0.05604900047183037,0.02863691933453083,0.02268463559448719,0.00028045993531122804,0.015966394916176796,-0.009001711383461952,0.03849813714623451,,0.02194986492395401,0.015155422501266003,-0.0023888805881142616,0.06797279417514801,-0.04241744056344032,0.017035115510225296,0.03423682972788811,0.03505421802401543,0.06348978728055954,0.007524262182414532,0.004921718034893274,0.012234194204211235,0.011557466350495815,-0.00938604399561882,0.03125002235174179,0.05788026750087738,0.02468004822731018,0.02333974651992321,0.009701483882963657,0.023615995422005653,,0.08690513670444489,0.02353403903543949,0.02626672200858593,0.021164892241358757,,,,,,,
2008-06-01,0.021702099591493607,0.03794148191809654,0.025808904320001602,,0.05189199000597,0.027813555672764778,0.018102483823895454,-0.006658174563199282,0.033513814210891724,0.02607249841094017,0.033513814210891724,0.003176026977598667,0.016700061038136482,0.03272800147533417,0.06983175873756409,0.05926890671253204,0.03282487019896507,-0.05297737941145897,0.03854106366634369,0.04230925440788269,0.03816939890384674,0.02433115988969803,0.01615246944129467,0.027982430532574654,,0.013624727725982666,-0.037388186901807785,0.02751610428094864,0.0274205319583416,0.02725565806031227,0.039007339626550674,0.019998852163553238,0.016753386706113815,-0.06371095031499863,0.025846414268016815,0.028766844421625137,0.06326049566268921,0.03594452515244484,0.028770407661795616,,0.003731078701093793,,,0.021895969286561012,0.02890011854469776,0.02137225680053234,,0.025846414268016815,0.02433115988969803,0.021698907017707825,0.044638492166996,-0.015580389648675919,0.02725565806031227,,-0.009471679106354713,,,-0.020659049972891808,0.038397062569856644,0.03854106366634369,0.03904936462640762,,0.03660570830106735,4.842616181122139e-05,0.037844739854335785,,0.03382699936628342,0.0245702862739563,,,,,,,,,,-0.11539651453495026,0.03068617172539234,0.02498718351125717,-0.005122115835547447,0.035350024700164795,-0.006906265392899513,0.011537091806530952,,0.003176026977598667,0.016652848571538925,0.03872894123196602,0.06989715248346329,-0.030064545571804047,0.00469894940033555,0.02227379009127617,0.003731078701093793,0.07404995709657669,0.028766844421625137,-0.010190870612859726,0.0010679024271667004,0.005566646810621023,-0.0039312103763222694,0.030278081074357033,0.023151440545916557,0.029556209221482277,0.030083278194069862,0.003731078701093793,0.00469894940033555,,0.07169806212186813,0.003731078701093793,0.033513814210891724,0.009670361876487732,,,,,,,
2008-09-01,0.009085890837013721,0.06784329563379288,0.021436050534248352,,0.04674379527568817,0.02311546541750431,0.019746864214539528,-0.017592163756489754,0.0249286200851202,0.02172904834151268,0.0249286200851202,0.021716346964240074,0.02012832835316658,0.015994293615221977,0.05986988916993141,0.08944213390350342,0.023585187271237373,-0.050745490938425064,0.023041987791657448,0.05901060253381729,0.015463294461369514,0.020832082256674767,0.021716346964240074,0.03577478975057602,,0.022063199430704117,0.01684505119919777,0.0329158641397953,0.020180633291602135,0.0027553190011531115,0.05024982988834381,0.023296689614653587,0.014434383250772953,-0.020951634272933006,0.0329158641397953,0.02096523530781269,0.046772077679634094,0.038250476121902466,-0.02098306640982628,,0.029873190447688103,,,0.022139832377433777,0.011726860888302326,0.02311546541750431,,0.05138175189495087,0.022699177265167236,0.01948496513068676,-0.0068093277513980865,-0.010217483155429363,0.02208069898188114,,0.007481584325432777,,,-0.011953615583479404,0.04722287505865097,0.035230107605457306,0.029994986951351166,,0.023041987791657448,0.014434383250772953,0.0329158641397953,,0.007172593846917152,0.017413178458809853,,,,,,,,,,-0.027486169710755348,0.02332632802426815,-0.05223385989665985,0.004168565385043621,0.03571800887584686,0.004433134105056524,0.00339594972319901,,0.023479817435145378,0.028102554380893707,0.035230107605457306,0.021145321428775787,-0.0536302849650383,0.010797767899930477,0.03307647258043289,0.029994986951351166,0.09075957536697388,0.008288777433335781,0.022139832377433777,0.002973180264234543,0.015551567077636719,0.023393748328089714,0.023041987791657448,0.03534786403179169,0.020441435277462006,0.023479817435145378,0.0030882011633366346,0.010666086338460445,,-0.07000449299812317,0.02311546541750431,0.023932039737701416,0.02236725203692913,,,,,,,
2008-12-01,-0.008862500078976154,0.0789439007639885,0.016241226345300674,,0.043978068977594376,0.05143672972917557,0.016241226345300674,-0.0005052153137512505,0.014842340722680092,0.03384527936577797,0.02105778455734253,0.019446779042482376,0.02091723121702671,-0.045407287776470184,0.022248901426792145,0.11683192849159241,0.0018965740455314517,-0.06396655738353729,0.10281753540039062,0.09426313638687134,0.054018594324588776,0.016241226345300674,0.03169938921928406,0.0029072046745568514,,0.015721654519438744,-0.00472849840298295,0.04445512220263481,0.01858667843043804,0.03169938921928406,0.029828226193785667,0.013506303541362286,0.016241226345300674,0.04361980780959129,0.036680273711681366,0.010252569802105427,0.0506012924015522,0.04695625603199005,0.01744775101542473,,0.019446779042482376,,,0.025930527597665787,0.015721654519438744,0.04514465853571892,,0.04847349599003792,0.022313006222248077,-0.038147006183862686,0.04419085383415222,0.017199138179421425,0.019966349005699158,,0.012454641982913017,,,-0.04300646111369133,0.05050193890929222,0.021382104605436325,0.05669580399990082,,0.05069759115576744,0.013213610276579857,0.030733026564121246,,0.0494937002658844,0.036401327699422836,,,,,,,,,,0.01791536435484886,0.01796731911599636,0.03196119889616966,0.012454641982913017,0.047783542424440384,0.011147469282150269,0.010252569802105427,,0.03169938921928406,0.0819389596581459,0.030448922887444496,0.059121038764715195,-0.040955666452646255,0.019675547257065773,0.05084032565355301,-0.017070943489670753,0.04374520853161812,0.013454349711537361,0.015721654519438744,0.04488975554704666,0.02389199659228325,0.003951218444854021,0.0680852085351944,0.03226358816027641,0.01863863319158554,0.010920653119683266,0.025971530005335808,0.026159295812249184,,-0.08953360468149185,0.019446779042482376,0.017720291391015053,0.019446779042482376,,,,,,,
2009-03-01,-0.04575707018375397,0.05185997858643532,0.0064373929053545,,0.04473934322595596,0.01995512843132019,0.03422684967517853,0.008031110279262066,0.021017413586378098,0.04766139015555382,0.021017413586378098,0.029560018330812454,0.018008023500442505,-0.021888520568609238,0.0627814456820488,0.057258620858192444,-0.017903843894600868,-0.016475295647978783,0.19665974378585815,0.051985859870910645,0.06294090300798416,0.03389977291226387,0.04425143823027611,0.0222456157207489,,0.10198772698640823,-0.021878806874155998,0.04385732114315033,0.01882421039044857,0.032892148941755295,0.01793922670185566,0.03293795511126518,0.013465768657624722,0.027248017489910126,0.18344247341156006,0.047734085470438004,0.054295435547828674,0.06270800530910492,0.015086974017322063,,0.015776045620441437,,,0.03389977291226387,0.03623286634683609,0.03804504871368408,,0.06297259777784348,-0.017903843894600868,-0.014349332079291344,-0.01848422735929489,0.01736115850508213,0.021256057545542717,,0.011998359113931656,,,0.000612876086961478,0.06876043975353241,0.052604544907808304,0.274162620306015,,0.02355339005589485,0.015086974017322063,0.10142625123262405,,0.06390538066625595,0.03184238448739052,,,,,,,,,,0.05386645719408989,0.011998359113931656,-0.017903843894600868,0.01793922670185566,0.10870829224586487,0.015086974017322063,0.027248017489910126,,0.02367199957370758,0.024379467591643333,0.057258620858192444,0.12608279287815094,-0.011036334559321404,0.03824663907289505,0.12496049702167511,0.025355812162160873,0.07467009127140045,0.005354455206543207,0.03394557535648346,0.03804504871368408,0.034117452800273895,-0.02136353775858879,-0.19470472633838654,0.05953004211187363,0.02852289378643036,0.16481609642505646,0.038980524986982346,0.08294521272182465,,-0.04562230408191681,0.04710090532898903,0.001133977435529232,0.03704918175935745,,,,,,,
2009-06-01,0.09044145047664642,0.053305644541978836,0.009731086902320385,,0.07995754480361938,0.022146856412291527,-0.04016050323843956,0.02018267661333084,0.03770817816257477,0.023744281381368637,0.022776370868086815,0.0040586721152067184,-0.009593779221177101,-0.03718342259526253,0.07850323617458344,0.050946153700351715,0.047132547944784164,-0.03168652951717377,0.13237512111663818,0.10298836976289749,0.05424033850431442,-0.006664252374321222,0.05635754391551018,-0.00018845839076675475,,0.017515650019049644,-0.006111017428338528,0.11889243125915527,0.021580878645181656,0.01722388155758381,0.006957115139812231,0.025368990376591682,-0.006737309508025646,-0.10639537125825882,0.08416308462619781,0.015773365274071693,0.08783529698848724,-0.07890702039003372,0.012752368114888668,,0.03171565383672714,,,0.017824990674853325,0.026943640783429146,0.044566135853528976,,0.03177709877490997,0.0010668182512745261,-0.05598493292927742,-0.06899747997522354,0.028700949624180794,0.012461576610803604,,-0.05340113118290901,,,0.018775371834635735,0.11998804658651352,0.08803640305995941,-0.011774991638958454,,0.12629334628582,0.017824990674853325,0.15750443935394287,,0.06034834310412407,-0.0036666681990027428,,,,,,,,,,-0.006664252374321222,0.02945573255419731,0.0006302925758063793,-0.0006370132323354483,0.06513970345258713,-0.013116397894918919,0.03318730741739273,,0.026799293234944344,-0.04502800479531288,0.04272474721074104,0.04068921506404877,0.007242296356707811,-0.04016050323843956,0.0898589938879013,0.05466930940747261,0.07427176088094711,0.01722388155758381,-0.04390544444322586,-0.001708564581349492,0.002378553617745638,0.03263546898961067,-0.21527330577373505,0.07448121905326843,0.01771440915763378,-0.026963502168655396,0.035786986351013184,-0.04300899803638458,,-0.17507188022136688,0.0226292684674263,0.0009518892620690167,-0.0015492909587919712,,,,,,,
2009-09-01,0.06534823775291443,0.035555485635995865,0.008783873170614243,,0.041256025433540344,0.01639035902917385,-0.012683629989624023,0.011081918142735958,0.014280293136835098,0.022733505815267563,0.019158462062478065,-0.016389302909374237,-0.003359313355758786,-0.038179438561201096,0.07049144804477692,0.016823317855596542,-0.022646641358733177,-0.04873250424861908,0.08470819145441055,0.018312526866793633,0.016823317855596542,0.0032672749366611242,0.04892953112721443,0.017381595447659492,,0.012633073143661022,0.00716029666364193,0.03367350623011589,0.013905039988458157,0.0028681394178420305,0.01260946411639452,0.04054032266139984,-0.004256385378539562,-0.08752142637968063,-0.0037663341499865055,0.0012328847078606486,0.05780623108148575,0.012078583240509033,0.012953003868460655,,0.019900664687156677,,,0.014511526562273502,0.007092375308275223,0.049150995910167694,,0.01639035902917385,0.00574736762791872,-0.003670328762382269,-0.08392830193042755,0.014280293136835098,0.01745293289422989,,-0.009435531683266163,,,-0.0023332631681114435,0.020515436306595802,0.06389306485652924,0.013885913416743279,,-0.0831306129693985,0.014511526562273502,0.018404318019747734,,0.020376695320010185,0.014280293136835098,,,,,,,,,,-0.0021970043890178204,0.022733505815267563,0.007120971567928791,-0.006504473742097616,0.02153695560991764,0.012633073143661022,0.06293980032205582,,0.016823317855596542,0.015277898870408535,0.0009515848360024393,0.02460683509707451,0.022905459627509117,-0.010165983811020851,0.04766198620200157,0.015356751158833504,0.05661383643746376,0.008783873170614243,-0.004169422201812267,0.0028681394178420305,0.016681309789419174,0.018732843920588493,-0.04016127437353134,0.016823317855596542,0.013059438206255436,0.0025231298059225082,0.0465238131582737,-0.002129943808540702,,0.046356067061424255,0.01639035902917385,0.0751267597079277,0.014511526562273502,,,,,,,
2009-12-01,-0.010724922642111778,0.04340894892811775,-0.00015648156113456935,,0.030821707099676132,0.0005279183969832957,-0.005819276906549931,0.0008050299948081374,0.01165303960442543,0.0290522538125515,0.01165303960442543,0.013594644144177437,0.013103261590003967,-0.06989441812038422,0.046282120048999786,0.0364445298910141,-0.04759584739804268,-0.07681978493928909,0.12855596840381622,0.012683698907494545,0.01903175562620163,-0.00015648156113456935,0.022405914962291718,0.013594644144177437,,0.011385074816644192,0.0101368622854352,0.12855596840381622,-0.00015648156113456935,-0.00015648156113456935,-0.002283007837831974,0.03978991135954857,-0.02236475795507431,-0.06683965772390366,-0.01438608393073082,0.009672095999121666,0.045106008648872375,0.04601448029279709,0.005092868581414223,,0.018683303147554398,,,-0.00015648156113456935,-0.00015648156113456935,0.04340894892811775,,0.013495341874659061,-0.00015648156113456935,-0.0203039962798357,0.003958248067647219,-0.003968713339418173,-0.003496044548228383,,-0.01386327762156725,,,-0.05443175509572029,0.045578982681035995,-0.01180016528815031,0.0032463143579661846,,0.12855596840381622,-0.00015648156113456935,0.0005279183969832957,,0.009672095999121666,0.01165303960442543,,,,,,,,,,0.0003739043022505939,0.009914510883390903,0.008450901135802269,-0.020296644419431686,0.015610611997544765,-0.006250153295695782,0.030535930767655373,,0.008188421837985516,0.010805962607264519,0.007948801852762699,-0.0008191824308596551,0.00889059342443943,-0.013480542227625847,0.021270092576742172,0.018872251734137535,0.07253534346818924,-0.01532688643783331,-0.005819276906549931,-0.025334972888231277,0.022040199488401413,0.016630802303552628,-0.01438608393073082,0.0016513606533408165,0.013570846058428288,0.024581685662269592,0.03655320033431053,-0.00015648156113456935,,-0.02054261416196823,0.004135288763791323,0.10400819033384323,-0.00015648156113456935,0.022104790434241295,,,,,,
2010-03-01,0.021933699026703835,0.0016782296588644385,-0.011625858955085278,,0.006308358162641525,-0.00488542765378952,-0.012586260214447975,-0.01521232072263956,-0.01239109318703413,-0.0003726829309016466,-0.011625858955085278,-2.9722927138209343e-05,-0.021151140332221985,-0.05532762408256531,0.02307593636214733,0.01170127373188734,-0.020939931273460388,-0.05033120885491371,0.01125268079340458,0.018111005425453186,-0.0005229748785495758,-0.011625858955085278,-0.0029643583111464977,-0.0027475738897919655,,-0.011625858955085278,-0.011625858955085278,0.03940241038799286,-0.011625858955085278,-0.011625858955085278,-0.01521232072263956,0.014614791609346867,-0.022869063541293144,-0.05949751287698746,0.0170686524361372,0.003186236135661602,0.007376828696578741,0.019978104159235954,-0.011625858955085278,,-0.005012169014662504,,,0.007717459462583065,-0.011625858955085278,-0.005953902844339609,,0.0019267464522272348,-0.011625858955085278,-0.011625858955085278,0.0029936092905700207,-0.01239109318703413,-0.003821123158559203,,-0.011625858955085278,,,-0.021464524790644646,0.015258505940437317,0.021933699026703835,-0.010623915120959282,,0.03881463035941124,-0.011625858955085278,-0.029687685891985893,,0.007717459462583065,-0.021151140332221985,,,,,,,,,,-0.029687685891985893,-0.011625858955085278,-0.011625858955085278,-0.011625858955085278,0.007337047718465328,-0.011625858955085278,0.012817353010177612,,-0.01974312961101532,-0.02118460275232792,-0.0071978140622377396,-0.03277040272951126,-0.011625858955085278,-0.060553863644599915,-0.001820676727220416,-0.046373363584280014,-0.01608993671834469,-0.08395671099424362,-0.05956438183784485,-0.04931063950061798,-0.011625858955085278,-0.011625858955085278,-0.013960296288132668,0.009494022466242313,-0.011625858955085278,0.014229096472263336,0.0050157359801232815,0.007717459462583065,,0.023093627765774727,-0.007764708250761032,-0.015834959223866463,-0.011625858955085278,-0.03151712194085121,0.053753867745399475,,,,,
2010-06-01,0.020713569596409798,0.007867058739066124,-0.011964168399572372,,0.020143209025263786,-0.0011937301605939865,-0.020480481907725334,-0.020544372498989105,-0.011347604915499687,0.001137798884883523,-0.010944182053208351,-0.003183192340657115,-0.025161225348711014,-0.011964168399572372,0.026630103588104248,0.030798157677054405,-0.007077851332724094,-0.02467505633831024,0.035230133682489395,0.0017112214118242264,0.0017112214118242264,-0.011964168399572372,0.001443845801986754,-0.006403917446732521,,-0.012119686231017113,-0.053257055580616,0.007697245106101036,-0.011964168399572372,-0.006088150665163994,-0.018000395968556404,-0.012774370610713959,-0.011964168399572372,-0.06593562662601471,-0.08374194800853729,-0.02571166679263115,0.007775746285915375,-0.02117796242237091,-0.012862767092883587,,-0.011052126996219158,,,-0.011964168399572372,-0.011964168399572372,-0.0022308018524199724,,0.0020361628849059343,-0.011964168399572372,-0.013656052760779858,-0.06593562662601471,-0.05640661343932152,-0.0067620836198329926,,-0.020961424335837364,,,-0.011964168399572372,0.0132711511105299,0.01908748969435692,0.019124040380120277,,0.041031621396541595,-0.011964168399572372,-0.02222469076514244,,-0.025817591696977615,,,,,,,,,,,-0.02571166679263115,-0.011964168399572372,-0.011964168399572372,-0.06259016692638397,-0.005937718320637941,-0.013440273702144623,-0.02222469076514244,,-0.02571166679263115,-0.0677056685090065,-0.0032681331504136324,0.04180321842432022,-0.019938578829169273,-0.011964168399572372,-0.011964168399572372,0.016162263229489326,0.04426141083240509,-0.056004609912633896,-0.011964168399572372,-0.020480481907725334,-0.020480481907725334,-0.011716263368725777,,-0.0011937301605939865,-0.011716263368725777,0.009246123023331165,-0.019252659752964973,-0.006206579506397247,,0.003985696472227573,0.0013480795314535499,-0.011964168399572372,-0.011964168399572372,-0.020176658406853676,0.03449126332998276,,,,,
2010-09-01,-0.19360066950321198,0.005882558412849903,-0.008977734483778477,,0.009170022793114185,0.003214379772543907,-0.00925605557858944,0.0018856123788282275,-0.011318083852529526,0.010777006857097149,-0.011318083852529526,-0.004347896669059992,-0.01205612625926733,-0.009287013672292233,0.015282535925507545,0.008396744728088379,-0.004247736651450396,-0.01736229471862316,-0.23654963076114655,0.0300290547311306,0.003276747651398182,-0.004347896669059992,0.0035236601252108812,0.003703169524669647,,-0.00919801089912653,-0.01425874326378107,0.025263752788305283,0.030443234369158745,-0.009072714485228062,-0.015346855856478214,-0.0025358558632433414,-0.008946776390075684,-0.034522414207458496,0.07197073847055435,0.003183422377333045,0.019389240071177483,0.04619794711470604,-0.00925605557858944,,-0.00015201151836663485,,,0.030532237142324448,-0.008977734483778477,-0.0026630323845893145,,0.003214379772543907,-0.008946776390075684,-0.009287013672292233,-0.08540960401296616,-0.019572598859667778,0.0018856123788282275,,-0.00925605557858944,,,-0.02792133204638958,0.010992961935698986,0.045951031148433685,0.045951031148433685,,0.04478876292705536,-0.008946776390075684,-0.006732693407684565,,0.01102392002940178,,,,,,,,,,,0.003214379772543907,-0.00919801089912653,-0.012359600514173508,-0.011318083852529526,0.003214379772543907,-0.011318083852529526,-0.017389418557286263,,-0.016896340996026993,-0.02787577547132969,0.0035236601252108812,0.0779745876789093,-0.0027485687751322985,-0.00925605557858944,-0.008946776390075684,0.003214379772543907,0.014601676724851131,-0.06565533578395844,-0.004070026334375143,-0.05135262757539749,-0.014401094987988472,-0.011318083852529526,,0.027197573333978653,-0.011318083852529526,0.03789740800857544,-0.05259580910205841,-0.001263184822164476,,-0.008759468793869019,0.003214379772543907,-0.009433765895664692,-0.00925605557858944,0.01451324112713337,0.056877974420785904,,,,,
2010-12-01,-0.2017720341682434,-0.0030902826692909002,-0.008463517762720585,,0.012446249835193157,0.0072009204886853695,-0.008654872886836529,0.014746195636689663,-0.00044660575804300606,0.003936462569981813,-0.00044660575804300606,0.00017414915782865137,-0.009999757632613182,-0.010635770857334137,0.03777211904525757,0.004755699075758457,-0.00464153615757823,-0.031148167327046394,0.1136026382446289,0.0076305619440972805,0.012446249835193157,-0.010635770857334137,0.00702067743986845,0.01503184624016285,,-0.008654872886836529,-0.00044660575804300606,0.034544143825769424,-0.010635770857334137,-0.008654872886836529,0.004398963414132595,0.00311008607968688,-0.008654872886836529,0.01501863170415163,0.029762808233499527,-0.00464153615757823,0.027349522337317467,0.030103471130132675,-0.00044660575804300606,,-0.01715613342821598,,,-0.0026606412138789892,-0.008463517762720585,-0.0026606412138789892,,0.008210929110646248,-0.008654872886836529,-0.0072639379650354385,0.07625891268253326,-0.028572164475917816,-0.008654872886836529,,-0.029817230999469757,,,-0.09809600561857224,0.008993449620902538,0.03854304924607277,0.030533114448189735,,0.0741269439458847,-0.008654872886836529,0.004755699075758457,,0.0012930274242535233,,,,,,,,,,,0.004755699075758457,-0.00044660575804300606,-0.029817230999469757,-0.06303080171346664,0.004755699075758457,-0.013229462318122387,0.009289734996855259,,-0.016293130815029144,-0.00721150916069746,-0.012022244744002819,0.009229680523276329,3.8551414036192e-05,-0.008654872886836529,-0.008654872886836529,0.0072009204886853695,0.024724509567022324,-0.057840440422296524,-0.008654872886836529,-0.040088385343551636,-0.024804027751088142,-0.00817951001226902,,0.0076305619440972805,-0.002456605900079012,0.030713357031345367,-0.020013082772493362,0.022574124857783318,,-0.039958637207746506,-0.006248626857995987,-0.0009219673229381442,-0.010189509019255638,0.023095089942216873,0.03464110568165779,0.019224995747208595,,,,
2011-03-01,0.04592210054397583,-0.012175983749330044,-0.0064986334182322025,,-0.032609887421131134,0.010297874920070171,-0.0278131365776062,0.004689346067607403,-0.01867457665503025,0.002414912451058626,-0.0017756990855559707,0.007898565381765366,-0.010828208178281784,-0.013066298328340054,0.006596199702471495,0.01426495797932148,-0.00481672678142786,-0.12441309541463852,0.05630897730588913,-0.0222480371594429,0.03434576839208603,-0.016986077651381493,0.010297874920070171,-0.007693262305110693,,-0.005124554503709078,-0.0037757819518446922,0.062390100210905075,-0.007380873896181583,-0.0073431250639259815,-0.0013517935294657946,-0.0013830768875777721,0.008062565699219704,0.0434022881090641,-0.10850710421800613,-0.0038543592672795057,0.03228699788451195,0.048867110162973404,-0.026985855773091316,,-0.010708297602832317,,,-0.00481672678142786,-0.0040201167576014996,-0.0014436965575441718,,0.026556750759482384,-0.005155169405043125,-0.03516460210084915,0.1047651469707489,-0.058215461671352386,-0.00481672678142786,,-0.014771307818591595,,,-0.046490296721458435,0.007662671618163586,0.04349998012185097,0.01703968644142151,,0.07440808415412903,-0.008305498398840427,0.010297874920070171,,0.005223063752055168,,,,,,,,,,,0.013235736638307571,-0.0017799042398110032,-0.07701456546783447,-0.09950809925794601,0.016016680747270584,-0.04886693134903908,0.0045402925461530685,,-0.036313507705926895,-0.09062426537275314,-0.009016886353492737,0.019983334466814995,-0.33538395166397095,-0.00901876576244831,-0.014446264132857323,-0.012622597627341747,0.049080222845077515,-0.08113609999418259,-0.012968038208782673,-0.08541364222764969,-0.02425595186650753,-0.019996939226984978,,0.03224456310272217,-0.004817384295165539,0.03618451952934265,-0.05769205093383789,0.03519831597805023,,-0.056480772793293,-0.008305498398840427,-0.003151576267555356,-0.011315585114061832,0.04722555726766586,0.02752276510000229,-0.02208801358938217,,,,
2011-06-01,0.05027660354971886,-0.005207448732107878,0.0025248767342418432,,0.016359198838472366,0.005023449659347534,-0.038633789867162704,-0.02704174816608429,0.006051436997950077,0.005400555208325386,-0.010742767713963985,0.014719824306666851,-0.02468145824968815,-0.018966451287269592,0.031519416719675064,0.013722173869609833,-0.004154119174927473,-0.00875150877982378,0.11157284677028656,0.06219696253538132,0.009196789003908634,-6.718270014971495e-05,0.0012863167794421315,-0.009233870543539524,,0.005286754574626684,-0.004234509076923132,,-0.009253004565834999,-0.007445876486599445,-0.005897252354770899,-0.039802487939596176,0.01983117312192917,-0.027444394305348396,0.001163845183327794,0.002864612266421318,0.021763652563095093,0.012238400056958199,-0.06804611533880234,,-0.0006207016995176673,,,0.0017637376440688968,0.0037040221504867077,-0.0033858271781355143,,0.0063604991883039474,-0.0034532842691987753,-0.02998862974345684,0.02326974645256996,-0.07775281369686127,0.0009582777274772525,,,,,0.0007304798346012831,0.016345452517271042,0.04430079087615013,0.01902381330728531,,0.1070685014128685,-0.0056930286809802055,-0.0014402299420908093,,0.01794850081205368,,,,,,,,,,,0.009876429103314877,0.005968382582068443,-0.10870178043842316,-0.14387938380241394,0.013722173869609833,-0.08480019867420197,-0.014459274709224701,,0.0029184361919760704,-0.13300800323486328,0.007716598454862833,0.014023395255208015,0.3378765285015106,-0.0009411538485437632,-0.03942509740591049,0.009875434450805187,0.03991670906543732,-0.09689703583717346,-0.0394856259226799,-0.09429413080215454,-0.047476716339588165,-0.0021756435744464397,,0.025723740458488464,-0.01284217182546854,0.012238400056958199,-0.09309669584035873,0.0523388646543026,,-0.061003487557172775,-0.10185892879962921,-0.004482997581362724,-0.12639203667640686,0.04003003239631653,0.0342281349003315,0.019194813445210457,,,,
2011-09-01,0.028928009793162346,-0.003617851994931698,-0.005097031593322754,,0.018553422763943672,0.01351977325975895,-0.011860313825309277,-0.1066262423992157,0.005016225855797529,-0.0069741844199597836,-0.030219268053770065,0.00811243336647749,-0.0016499512130394578,-0.02461743727326393,0.06388173252344131,0.052676454186439514,-0.010376526042819023,-0.054240282624959946,-0.034611668437719345,0.054038166999816895,0.004219165071845055,-0.012574498541653156,-0.002369319787248969,-0.01753861829638481,,-0.010559480637311935,-0.0030165202915668488,,-0.013801028952002525,-0.011435301974415779,-0.009184608235955238,-0.1289665251970291,0.056712958961725235,0.0016324295429512858,0.004138203337788582,-0.009339810349047184,0.017693616449832916,0.004089366644620895,-0.05843021720647812,,-0.008336707949638367,,,0.005631905049085617,0.0023532751947641373,-0.003406035713851452,,0.017850734293460846,-0.010559480637311935,-0.027338329702615738,0.055692702531814575,-0.06196606159210205,-0.0025156401097774506,,,,,-0.026879750192165375,-0.003083506366237998,0.021971773356199265,0.014638111926615238,,0.09870007634162903,-0.021664012223482132,-0.006546672899276018,,0.01463361270725727,,,,,,,,,,,0.020350193604826927,-0.012303522787988186,-0.05578281730413437,-0.1243097111582756,0.0011199095752090216,-0.05694975331425667,-0.01313922181725502,,0.004851065576076508,-0.09305717796087265,-0.01362512819468975,0.017695462331175804,0.015217982232570648,0.0010524450335651636,-0.025915803387761116,0.017862357199192047,0.025585316121578217,-0.11140011250972748,-0.021664012223482132,-0.0739729255437851,-0.017367206513881683,-0.008269698359072208,,0.017024245113134384,-0.005534757394343615,0.006246659904718399,-0.21612519025802612,0.009131841361522675,,-0.12458965182304382,-0.05259457603096962,-0.003796205623075366,-0.11077666282653809,0.04655596986413002,0.03768100589513779,-0.008755422197282314,-0.09679147601127625,,,
2011-12-01,0.02656988985836506,-0.0063407267443835735,-0.008588485419750214,,0.008301157504320145,0.007915236055850983,-0.008604512549936771,-0.011955071240663528,-0.039694614708423615,0.007590262219309807,-0.015068132430315018,-0.0063407267443835735,-0.02433185465633869,-0.008376657031476498,0.02451775223016739,0.03550601378083229,-0.0063407267443835735,-0.008376657031476498,0.029819495975971222,0.03454837203025818,0.007915236055850983,-0.0063407267443835735,-0.0063407267443835735,-0.008980856277048588,,-0.0063407267443835735,-0.006631310563534498,,-0.0063407267443835735,-0.006631310563534498,-0.009271439164876938,-0.011244641616940498,-0.006631310563534498,-0.037602316588163376,0.0034134190063923597,-0.0063407267443835735,0.02585899457335472,-0.00030381232500076294,-0.008376657031476498,,-0.00030381232500076294,,,-0.0063407267443835735,-0.006631310563534498,-0.01247101929038763,,0.02800586074590683,-0.006631310563534498,-0.008376657031476498,0.06794498860836029,-0.008376657031476498,-0.0063407267443835735,,,,,-0.04299187287688255,-0.00030381232500076294,0.03266099467873573,-0.0063407267443835735,,0.06468982994556427,-0.0063407267443835735,-0.01821218617260456,,0.007590262219309807,,,,,,,,,,,0.03726818412542343,-0.0063407267443835735,-0.008376657031476498,-0.006794679909944534,0.007590262219309807,-0.006794679909944534,-0.018029214814305305,,0.009027443826198578,-0.033974263817071915,-0.01247101929038763,0.02800586074590683,0.4106186330318451,-0.008604512549936771,-0.006631310563534498,0.007590262219309807,0.011109326966106892,-0.008376657031476498,-0.0063407267443835735,-0.07233133912086487,-0.0063407267443835735,-0.008376657031476498,,-0.02787848934531212,-0.011016786098480225,0.009027443826198578,-0.10580776631832123,0.007915236055850983,,-0.008376657031476498,-0.008376657031476498,-0.006631310563534498,-0.00943481083959341,0.02451775223016739,0.04631922021508217,-0.016201529651880264,-0.058789677917957306,,,
2012-03-01,0.056110430508852005,0.0062678041867911816,-0.003992692567408085,,0.02343417890369892,0.01770855113863945,0.016720375046133995,0.020355163142085075,-0.0917138010263443,0.048851873725652695,0.017132334411144257,0.032069239765405655,0.008923620916903019,0.006977160461246967,0.042402319610118866,-0.03995298221707344,0.014582461677491665,0.012634271755814552,0.09545501321554184,0.04976697638630867,0.04962630942463875,0.021621020510792732,0.014582461677491665,0.015483379364013672,,0.03184967860579491,0.018961701542139053,,0.019575174897909164,0.021621020510792732,0.02044081874191761,0.015071429312229156,0.33492472767829895,0.019435575231909752,0.03523692861199379,0.028353294357657433,0.04781965911388397,0.019575174897909164,0.017132334411144257,,0.014582461677491665,,,0.03251796215772629,0.045928485691547394,0.007345012854784727,,0.08029183000326157,-0.0027957295533269644,0.0033989211078733206,0.16971753537654877,0.006977160461246967,0.017132334411144257,,,,,-0.05845943093299866,0.04243212565779686,0.032134853303432465,0.027076516300439835,,0.1269027143716812,0.014582461677491665,-0.004480995237827301,,0.0184414591640234,,,,,,,,,,,0.16270887851715088,0.021621020510792732,-0.003509269328787923,0.0007150272140279412,0.028640976175665855,-0.017827462404966354,-0.009474517777562141,,0.04283812642097473,-0.07606442272663116,-0.03135570138692856,-0.007499068975448608,0.18901100754737854,0.04498197138309479,0.017132334411144257,0.03668935224413872,0.11593082547187805,-0.008401409722864628,0.01860750839114189,-0.07109259068965912,-0.002383778104558587,0.010572570376098156,,-0.0005632296088151634,0.011938012205064297,0.020345056429505348,-0.05265223607420921,0.009728391654789448,,-0.028939001262187958,0.016720375046133995,0.017132334411144257,0.006977160461246967,0.07049232721328735,0.10845408588647842,-0.04946794733405113,-0.06513741612434387,,,
2012-06-01,-0.002898837672546506,0.01080100517719984,0.012372304685413837,,0.012372304685413837,0.023264478892087936,0.012372304685413837,0.0022594775073230267,-0.015692148357629776,0.023264478892087936,0.012372304685413837,0.012372304685413837,-0.7730894088745117,0.012372304685413837,0.04707517474889755,0.04438192397356033,0.012372304685413837,0.012372304685413837,0.0311326514929533,0.06855882704257965,0.012372304685413837,0.0018500287551432848,0.012372304685413837,-0.002375728217884898,,0.012372304685413837,0.012372304685413837,,0.012372304685413837,0.012372304685413837,0.004168725572526455,0.010712841525673866,0.8313353657722473,0.04009800776839256,0.027031859382987022,0.0028203940019011497,0.027031859382987022,0.017085252329707146,0.012372304685413837,,0.006338684353977442,,,0.012372304685413837,0.012372304685413837,0.01080100517719984,,0.003355393186211586,0.012372304685413837,0.005828186869621277,0.12661436200141907,0.012372304685413837,-0.0007162655238062143,,,,,0.012372304685413837,0.005828186869621277,-0.007215612567961216,0.012372304685413837,,0.05525313317775726,0.012372304685413837,-0.011620879173278809,,0.012372304685413837,,,,,,,,,,,0.021335767582058907,0.012372304685413837,0.012372304685413837,-0.007260384038090706,0.016980230808258057,-0.00469408743083477,-0.020380806177854538,,0.027031859382987022,-0.02904484048485756,-0.016637979075312614,0.003355393186211586,0.5469388365745544,-0.0061305854469537735,0.012372304685413837,0.023264478892087936,0.04638996347784996,-0.00469408743083477,0.006338684353977442,-0.014847264625132084,0.0018500287551432848,0.012372304685413837,,0.020747628062963486,0.012372304685413837,0.012372304685413837,-0.12462486326694489,0.006338684353977442,,-0.0008470616885460913,0.005828186869621277,0.012372304685413837,0.0018500287551432848,0.05660634860396385,0.032966163009405136,-0.001585620571859181,-0.029709821566939354,-0.035020675510168076,0.012372304685413837,
2012-09-01,0.03814288228750229,-0.0015867567854002118,0.0037724452558904886,,0.005464628338813782,0.012018334120512009,0.0034166655968874693,0.005029801279306412,-0.007813045755028725,0.023840248584747314,-0.03854010999202728,0.005464628338813782,0.008204474113881588,0.0037724452558904886,0.029865019023418427,0.054781489074230194,0.005464628338813782,0.0037724452558904886,-0.09918536245822906,0.05408009886741638,0.030657514929771423,0.0037724452558904886,0.005464628338813782,-0.004833479877561331,,0.0037724452558904886,0.0037724452558904886,,-0.012286242097616196,0.0037724452558904886,-0.006177397910505533,-0.004477700684219599,0.7950558662414551,0.029044052585959435,0.023287111893296242,0.005464628338813782,0.01315355021506548,0.033655766397714615,0.0034166655968874693,,0.005464628338813782,,,0.007834757678210735,0.0037724452558904886,0.005464628338813782,,0.029647259041666985,-0.0015867567854002118,0.0037724452558904886,0.0668226107954979,0.0037724452558904886,0.0037724452558904886,,,,,-0.06702200323343277,0.006309028714895248,0.01507692039012909,0.005464628338813782,,0.0406615175306797,0.005464628338813782,0.013442507945001125,,0.02210346981883049,,,,,,,,,,,0.1175515204668045,0.005464628338813782,-0.005238059442490339,0.001716970349662006,0.0208180733025074,0.0020727503579109907,-0.01451791636645794,,0.016362780705094337,-0.007840873673558235,-0.03542130067944527,0.04466709867119789,-0.03041759505867958,0.0037724452558904886,0.0037724452558904886,-0.015822142362594604,0.03535745292901993,0.0020727503579109907,0.007604281418025494,-0.01822277158498764,-0.0027306789997965097,0.0037724452558904886,,0.0197945274412632,0.0037724452558904886,0.005464628338813782,-0.12559150159358978,0.0004131204914301634,-0.07229433208703995,0.042288970202207565,0.0037724452558904886,0.0037724452558904886,0.0037724452558904886,0.03755791857838631,0.030895516276359558,-0.024737119674682617,-0.056160345673561096,0.04316037893295288,0.005464628338813782,
2012-12-01,0.022279510274529457,0.004107809159904718,0.004107809159904718,,0.004107809159904718,0.002922383602708578,0.0032194051891565323,-0.02941734716296196,0.004107809159904718,0.008865922689437866,0.008793247863650322,0.004107809159904718,0.004107809159904718,0.004107809159904718,0.01262717880308628,0.01418302208185196,0.004107809159904718,0.004107809159904718,,0.027096804231405258,0.008865922689437866,0.004107809159904718,0.004107809159904718,0.0029691739473491907,,0.004107809159904718,0.004107809159904718,,0.004107809159904718,0.004107809159904718,0.0004476511385291815,0.004107809159904718,0.004107809159904718,0.006070650182664394,0.008865922689437866,0.004107809159904718,0.008865922689437866,0.008865922689437866,0.004107809159904718,,0.0015769656747579575,,,0.004107809159904718,0.004107809159904718,0.004107809159904718,,0.006738778669387102,0.004107809159904718,0.0004476511385291815,-0.019647350534796715,0.004107809159904718,0.004107809159904718,,,,,0.010050459764897823,0.0012645911192521453,0.008865922689437866,0.004107809159904718,,0.01262717880308628,0.004107809159904718,0.0030234537553042173,,0.013941352255642414,,,,,,,,,,,-0.09323152154684067,0.004107809159904718,0.004107809159904718,-0.0004407528031151742,0.006449560634791851,0.0004476511385291815,0.0026635141111910343,,0.012682071886956692,-0.010626323521137238,-0.0024332033935934305,0.026975352317094803,-0.010311557911336422,0.004107809159904718,0.004107809159904718,0.008865922689437866,0.01262717880308628,0.0004476511385291815,0.0032194051891565323,-0.0004407528031151742,0.004107809159904718,0.004107809159904718,,0.01262717880308628,0.004107809159904718,0.004107809159904718,0.0012645911192521453,0.004107809159904718,-0.003815488424152136,0.004107809159904718,0.004107809159904718,0.004107809159904718,0.004107809159904718,0.01262717880308628,0.01262717880308628,0.004107809159904718,-0.02941734716296196,0.026975352317094803,0.004107809159904718,
2013-03-01,0.01958061382174492,-0.000737032329197973,0.0017717138398438692,,-0.03910467401146889,0.011501864530146122,-0.001252124784514308,-0.000737032329197973,0.0017717138398438692,0.01590658351778984,0.0017717138398438692,0.012070471420884132,0.0017717138398438692,0.0017717138398438692,0.022625498473644257,-0.006353562697768211,0.0017717138398438692,0.0017717138398438692,,0.03128843382000923,0.016363436356186867,0.011212036944925785,0.0017717138398438692,-0.015534495934844017,,0.0017717138398438692,0.0017717138398438692,,0.0017717138398438692,0.0017717138398438692,0.0017717138398438692,0.0017717138398438692,-0.033387843519449234,,0.01516641303896904,0.0017717138398438692,0.009137826040387154,0.020009297877550125,0.0017717138398438692,,0.0017717138398438692,,,0.0017717138398438692,0.0017717138398438692,-0.007545098662376404,,0.01838487945497036,-0.000737032329197973,0.012070471420884132,-0.2301098108291626,0.0017717138398438692,0.0017717138398438692,,,,,-0.009710505604743958,-0.007545098662376404,-0.005578905809670687,0.012070471420884132,,0.02390868030488491,0.0017717138398438692,0.009657863527536392,,0.017248453572392464,,,,,,,,,,,0.011358818039298058,0.00135880708694458,0.012070471420884132,0.0017717138398438692,0.018566522747278214,0.0017717138398438692,-0.017952345311641693,,0.022942546755075455,-0.03827618062496185,-0.015565979294478893,-0.008389261551201344,-0.004543945658951998,0.012070471420884132,0.0017717138398438692,0.0017717138398438692,0.006231856998056173,0.0017717138398438692,0.012070471420884132,-0.009710505604743958,-0.000737032329197973,0.0017717138398438692,,0.006166951730847359,0.0017717138398438692,0.0017717138398438692,-0.023306122049689293,-0.02491539902985096,-0.04621224105358124,-0.008130330592393875,0.0017717138398438692,0.0017717138398438692,0.0017717138398438692,0.017626997083425522,0.01838487945497036,0.005732026416808367,-0.06452590972185135,0.020984262228012085,0.0017717138398438692,
2013-06-01,0.010422606021165848,0.008598797023296356,0.005100988317281008,,0.0182277150452137,0.008330360986292362,-0.00015528660151176155,-0.06344504654407501,0.00577188516035676,0.0182277150452137,0.009874362498521805,0.010087739676237106,0.00577188516035676,0.00577188516035676,0.024766623973846436,0.001759172766469419,0.009874362498521805,0.00577188516035676,,0.031869638711214066,0.009723857045173645,0.009874362498521805,0.009874362498521805,-0.00560335349291563,,0.005100988317281008,0.009874362498521805,,0.009874362498521805,0.009874362498521805,0.005100988317281008,0.0005156098632141948,0.0022472881246358156,,-0.01060307864099741,0.009874362498521805,0.0182277150452137,0.009723857045173645,0.00577188516035676,,0.0034865611232817173,,,0.009874362498521805,0.005100988317281008,0.006259176880121231,,-0.0014538689283654094,0.005755492951720953,0.005100988317281008,-0.030088840052485466,0.00577188516035676,0.009874362498521805,,,,,0.005100988317281008,0.010373236611485481,0.015324651263654232,0.04570768028497696,,0.018126629292964935,0.009874362498521805,0.005124934483319521,,0.0182277150452137,,,,,,,,,,,0.006240281276404858,0.009874362498521805,0.009874362498521805,-0.00560335349291563,0.009723857045173645,0.0005156098632141948,-0.003092353232204914,,0.03817308694124222,-0.011320955120027065,-0.023498069494962692,0.00041550741298124194,0.012556745670735836,0.009874362498521805,0.00577188516035676,0.009763062931597233,-0.02264869585633278,0.005100988317281008,0.009874362498521805,-0.00560335349291563,0.008598797023296356,0.00577188516035676,,0.009723857045173645,0.00577188516035676,0.005100988317281008,0.008335031569004059,0.005555690266191959,-0.011377821676433086,0.009874362498521805,0.005755492951720953,0.00577188516035676,0.0005156098632141948,0.024766623973846436,0.02808944694697857,0.03732747957110405,-0.029688291251659393,0.02808944694697857,0.008598797023296356,
2013-09-01,0.03489960730075836,0.01563381589949131,0.009774443693459034,,0.022404352203011513,0.01563381589949131,0.005636290181428194,0.01563381589949131,0.009774443693459034,0.01429339125752449,0.01744769513607025,0.019873008131980896,0.009774443693459034,0.009774443693459034,0.026996031403541565,0.039288874715566635,0.013806771486997604,0.009774443693459034,,0.08834721893072128,0.01563381589949131,0.009774443693459034,0.01563381589949131,0.005636290181428194,,0.024132177233695984,0.008075714111328125,,0.009774443693459034,0.02296721190214157,0.009774443693459034,0.009132254868745804,0.13309235870838165,,0.010718375444412231,0.013806771486997604,0.023061618208885193,0.019345682114362717,0.014361847192049026,,0.01563381589949131,,,0.01744769513607025,0.009774443693459034,0.014733667485415936,,0.0394957959651947,0.009774443693459034,0.008511788211762905,0.0821695551276207,0.009774443693459034,0.009774443693459034,,,,,0.01003846526145935,0.01563381589949131,0.01429339125752449,0.0066907647997140884,0.01563381589949131,0.0394023135304451,0.01563381589949131,0.019345682114362717,,0.004418115131556988,,,,,,,,,,,-0.0354062095284462,0.008075714111328125,0.018378712236881256,0.005636290181428194,0.019345682114362717,0.005636290181428194,0.004418115131556988,,0.02348787523806095,-0.0022283215075731277,0.014733667485415936,0.019345682114362717,0.020021259784698486,0.01167686190456152,0.009774443693459034,0.01563381589949131,0.0026680792216211557,0.009774443693459034,0.01563381589949131,0.005636290181428194,-0.0028197425417602062,0.009774443693459034,,0.019345682114362717,0.009774443693459034,0.009774443693459034,0.005636290181428194,0.014733667485415936,-0.009549901820719242,0.009132254868745804,0.009774443693459034,0.009774443693459034,0.009774443693459034,0.026996031403541565,0.026996031403541565,0.009774443693459034,-0.04069516807794571,-0.001718329731374979,0.013806771486997604,
2013-12-01,0.03246297314763069,0.0259297713637352,0.02124212495982647,,0.025789551436901093,0.02350684627890587,0.0170216653496027,-0.005485882982611656,0.02124212495982647,0.022667082026600838,0.025789551436901093,0.02350684627890587,0.02124212495982647,0.02124212495982647,0.03246297314763069,0.02350684627890587,0.02124212495982647,0.02124212495982647,,0.058559056371450424,0.023647066205739975,0.02124212495982647,0.022462842985987663,0.0170216653496027,,0.017158418893814087,0.02124212495982647,,0.02124212495982647,0.02124212495982647,0.02124212495982647,0.0170216653496027,0.0170216653496027,,0.02350684627890587,0.022462842985987663,0.025789551436901093,0.007229060400277376,,,0.022462842985987663,,,0.02350684627890587,0.02124212495982647,0.02097221463918686,,0.01553152035921812,0.02124212495982647,0.02124212495982647,0.037847116589546204,0.02124212495982647,0.02124212495982647,,,,,0.01444243174046278,0.02350684627890587,0.022667082026600838,0.02350684627890587,0.013720090501010418,0.03237622603774071,0.02124212495982647,0.02350684627890587,,0.020940756425261497,,,,,,,,,,,0.021884679794311523,0.02124212495982647,0.02124212495982647,0.0170216653496027,0.02350684627890587,0.014667860232293606,0.016734031960368156,,0.03246297314763069,0.014694003388285637,0.02350684627890587,0.021884679794311523,0.05816720798611641,0.022462842985987663,0.02124212495982647,0.022667082026600838,0.026506884023547173,0.02124212495982647,0.022667082026600838,0.0170216653496027,0.02054118551313877,0.02124212495982647,,0.02350684627890587,0.02124212495982647,0.017158418893814087,0.014323155395686626,0.02097221463918686,0.014323155395686626,0.017158418893814087,0.02124212495982647,0.02124212495982647,0.02124212495982647,0.02621876262128353,0.026506884023547173,0.02124212495982647,0.020940756425261497,0.021884679794311523,0.02124212495982647,
2014-03-01,0.01045133639127016,0.01612749695777893,0.017459500581026077,,0.023762809112668037,0.019074594601988792,0.01727711223065853,0.014026399701833725,0.015358413569629192,0.017443975433707237,0.015358413569629192,0.022553222253918648,0.015358413569629192,0.017459500581026077,0.024793876335024834,0.022002199664711952,,0.017459500581026077,,,0.019074594601988792,0.017459500581026077,0.017459500581026077,0.01727711223065853,,0.017459500581026077,0.017459500581026077,,0.017459500581026077,0.017459500581026077,0.017459500581026077,0.017459500581026077,-0.02131814882159233,,0.022553222253918648,0.01727711223065853,0.020835204049944878,,,,0.017459500581026077,,,0.01889898255467415,0.03063902072608471,0.01727711223065853,,0.024793876335024834,0.01612749695777893,0.014247927814722061,0.01045133639127016,0.017459500581026077,0.017459500581026077,,,,,0.0067458441480994225,0.01889898255467415,0.017443975433707237,0.003365610260516405,0.01889898255467415,0.02398267202079296,0.01727711223065853,0.019074594601988792,,0.02054719254374504,,,,,,,,,,,0.019835105165839195,0.015358413569629192,0.017459500581026077,0.017459500581026077,0.019074594601988792,0.017459500581026077,0.011455727741122246,,0.011455727741122246,0.005488398019224405,0.01889898255467415,0.019835105165839195,0.01698022149503231,0.017459500581026077,0.017459500581026077,0.01965949311852455,0.024793876335024834,0.017459500581026077,0.017443975433707237,0.01727711223065853,0.01612749695777893,0.017459500581026077,,0.019074594601988792,0.017459500581026077,0.017459500581026077,0.0067458441480994225,0.010064424015581608,0.0067458441480994225,0.017459500581026077,0.01612749695777893,0.017459500581026077,0.017459500581026077,0.024793876335024834,0.024793876335024834,0.01727711223065853,0.005488398019224405,0.024793876335024834,0.01612749695777893,
2014-06-01,0.02615536004304886,0.0169674139469862,0.018971677869558334,,0.01967761479318142,0.01967761479318142,0.01649157516658306,-0.02635776251554489,0.018971677869558334,0.01967761479318142,0.018971677869558334,0.022116173058748245,0.018971677869558334,0.018971677869558334,0.02615536004304886,0.019155142828822136,,0.01649157516658306,,,0.0159444622695446,0.018971677869558334,0.019155142828822136,0.01649157516658306,,0.018971677869558334,0.018971677869558334,,0.018971677869558334,0.018971677869558334,0.018971677869558334,0.01649157516658306,-0.020310750231146812,,0.022116173058748245,0.018971677869558334,0.02427678182721138,,,,0.018971677869558334,,,0.01967761479318142,0.018971677869558334,0.01649157516658306,,0.022192491218447685,0.0169674139469862,0.018971677869558334,0.02615536004304886,0.018971677869558334,0.018971677869558334,,,,,0.018971677869558334,0.01967761479318142,0.01967761479318142,0.007917646318674088,0.019155142828822136,0.02615536004304886,0.01649157516658306,0.02427678182721138,,0.02427678182721138,,,,,,,,,,,-0.02635776251554489,0.018971677869558334,0.018971677869558334,0.01649157516658306,0.01967761479318142,0.01649157516658306,0.01953711360692978,,0.01953711360692978,0.016760649159550667,0.0159444622695446,0.019440121948719025,0.022116173058748245,0.018265387043356895,0.018971677869558334,0.01967761479318142,0.02615536004304886,0.018265387043356895,0.01967761479318142,0.01649157516658306,0.01649157516658306,0.018971677869558334,,0.02427678182721138,0.018971677869558334,0.018971677869558334,0.014044825918972492,0.01448731403797865,0.016149086877703667,0.018971677869558334,0.0169674139469862,0.018971677869558334,0.01649157516658306,0.02615536004304886,0.02615536004304886,0.01649157516658306,-0.02635776251554489,0.01735582947731018,0.0169674139469862,
2014-09-01,0.023585332557559013,0.008140429854393005,0.011864769272506237,,0.020960617810487747,0.018451211974024773,0.011671800166368484,-0.0382751002907753,0.011864769272506237,0.017405113205313683,0.014698145911097527,0.01832001842558384,0.016138343140482903,0.010264057666063309,0.02234516479074955,0.022132648155093193,,0.010655111633241177,,,0.01802174374461174,0.01084808073937893,0.019254043698310852,0.015945369377732277,,0.011864769272506237,0.011607254855334759,,0.01084808073937893,0.01084808073937893,0.014537627808749676,0.016674401238560677,-0.0589379146695137,,0.019125236198306084,0.013488488271832466,0.022046219557523727,,,,0.011671800166368484,,0.025663763284683228,0.019964812323451042,0.01084808073937893,0.011280746199190617,,0.01671433448791504,0.009680810384452343,0.010880689136683941,0.02327894978225231,-0.007871977984905243,0.011280746199190617,,,,,0.008371535688638687,0.017422674223780632,0.019254043698310852,0.01840638369321823,0.019447017461061478,0.0012991530820727348,0.01169202383607626,0.01224169135093689,,0.017365233972668648,,,,,,,,,,,0.022777220234274864,0.011864769272506237,0.010655111633241177,0.011671800166368484,0.017405113205313683,0.011274144984781742,0.013219236396253109,,0.00843473058193922,0.013829383067786694,0.010880689136683941,0.011179192923009396,0.02642039768397808,0.009042694233357906,0.010880689136683941,0.019447017461061478,0.02521991729736328,0.011280746199190617,0.019315823912620544,0.011671800166368484,0.010264057666063309,-0.003499785205349326,,0.020983515307307243,0.016138343140482903,0.01084808073937893,0.012989222072064877,0.009680810384452343,0.012289408594369888,-0.005100498907268047,0.008140429854393005,0.011864769272506237,0.011864769272506237,0.01224169135093689,0.025167454034090042,0.015945369377732277,0.01447244267910719,0.01777682825922966,0.010264057666063309,
2014-12-01,0.01563570462167263,0.01283720787614584,0.01283720787614584,,0.016230043023824692,0.016230043023824692,0.01283720787614584,0.01142408512532711,0.012420689687132835,0.016230043023824692,0.01283720787614584,0.01283720787614584,0.01283720787614584,0.01283720787614584,0.016230043023824692,0.01283720787614584,,0.01283720787614584,,,0.016230043023824692,0.01283720787614584,0.016230043023824692,0.01283720787614584,,0.01283720787614584,0.01283720787614584,,0.01283720787614584,0.01283720787614584,0.01283720787614584,0.013052943162620068,-0.0013514588354155421,,0.016230043023824692,0.016230043023824692,0.016230043023824692,,,,0.01283720787614584,0.016230043023824692,0.01645806059241295,0.016230043023824692,0.01283720787614584,0.016230043023824692,,0.016230043023824692,0.01283720787614584,0.01283720787614584,0.010406064800918102,-0.01641583815217018,0.01283720787614584,,,,,0.009118333458900452,0.016230043023824692,0.016230043023824692,0.016230043023824692,0.016230043023824692,0.01645806059241295,0.016230043023824692,0.009913183748722076,,0.016230043023824692,,,,,,,,,,,-0.01006247941404581,0.01283720787614584,0.01283720787614584,0.01283720787614584,0.016230043023824692,0.01283720787614584,0.03805561363697052,,0.008445635437965393,0.011623987928032875,0.01283720787614584,0.015813523903489113,0.012900802306830883,0.01283720787614584,0.01283720787614584,0.016230043023824692,0.016306405887007713,0.01283720787614584,0.016230043023824692,0.01283720787614584,0.01283720787614584,0.01283720787614584,,0.016230043023824692,0.01283720787614584,0.01283720787614584,0.013052943162620068,0.01283720787614584,0.012420689687132835,-0.01641583815217018,0.01283720787614584,0.01283720787614584,0.01283720787614584,0.016230043023824692,0.01645806059241295,0.01283720787614584,0.01142408512532711,0.016230043023824692,0.01283720787614584,
2015-03-01,0.014032909646630287,0.011115253902971745,0.011115253902971745,,0.014032909646630287,0.014032909646630287,0.009352262131869793,0.008303742855787277,0.011115253902971745,0.014032909646630287,0.011115253902971745,0.011115253902971745,0.011115253902971745,-0.08816191554069519,0.014032909646630287,0.014032909646630287,,0.011115253902971745,,,0.014032909646630287,0.011115253902971745,0.011115253902971745,0.011115253902971745,,0.011115253902971745,0.011115253902971745,,0.011115253902971745,0.011115253902971745,0.011115253902971745,0.011115253902971745,-0.08816191554069519,,0.014032909646630287,0.00954731460660696,0.014032909646630287,,,,0.011115253902971745,0.012813317589461803,0.014032909646630287,0.014032909646630287,0.011115253902971745,0.014032909646630287,,0.014032909646630287,0.011115253902971745,0.011115253902971745,0.00954731460660696,-0.006406630389392376,0.011115253902971745,,,,,0.011115253902971745,0.014032909646630287,0.014032909646630287,0.014032909646630287,0.011115253902971745,0.014032909646630287,0.014032909646630287,0.00954731460660696,,0.014032909646630287,,,,,,,,,,,0.018469955772161484,0.011115253902971745,0.011115253902971745,0.011115253902971745,,0.011115253902971745,0.018099838867783546,,0.009671871550381184,-0.008395197801291943,0.011115253902971745,0.014032909646630287,0.008303742855787277,0.011115253902971745,0.011115253902971745,0.014032909646630287,0.014032909646630287,0.011115253902971745,0.014032909646630287,-0.08816191554069519,0.011115253902971745,0.011115253902971745,,0.014032909646630287,0.011115253902971745,0.011115253902971745,0.011115253902971745,0.011115253902971745,0.011115253902971745,-0.006406630389392376,0.011115253902971745,0.011115253902971745,0.011115253902971745,0.014032909646630287,0.014032909646630287,0.011115253902971745,0.00931013934314251,0.014032909646630287,0.011115253902971745,
2015-06-01,0.018036307767033577,0.013349797576665878,0.013349797576665878,,0.01568671315908432,0.01568671315908432,0.010338363237679005,-0.0030769226141273975,0.011949523352086544,0.01568671315908432,0.01568671315908432,0.01568671315908432,0.013349797576665878,0.013349797576665878,0.01568671315908432,0.01568671315908432,,0.013349797576665878,,,0.015267721377313137,0.013349797576665878,0.013349797576665878,0.012010260485112667,,0.013349797576665878,0.012930805794894695,,0.013349797576665878,0.013349797576665878,0.00945005938410759,0.008558914065361023,0.0017886068671941757,,0.015267721377313137,0.013349797576665878,0.01568671315908432,,,,0.010757355019450188,0.013349797576665878,0.01703508011996746,0.01568671315908432,0.013349797576665878,0.015267721377313137,0.01568671315908432,0.015267721377313137,0.011949523352086544,0.013349797576665878,,0.004555920138955116,0.013349797576665878,,,,,0.013349797576665878,0.01568671315908432,0.01568671315908432,0.01568671315908432,0.013349797576665878,0.010732652619481087,0.01568671315908432,0.010101603344082832,,0.01568671315908432,,,,,,,,,,,0.015267721377313137,0.013349797576665878,0.013349797576665878,0.002709152176976204,,0.008447007276117802,0.01703508011996746,,0.01703508011996746,0.015267721377313137,0.0031281444244086742,0.018036307767033577,0.008558914065361023,0.013349797576665878,0.013349797576665878,0.01568671315908432,0.01703508011996746,0.013349797576665878,0.015267721377313137,0.0017886068671941757,0.013349797576665878,0.013349797576665878,,0.015267721377313137,0.013349797576665878,0.013349797576665878,-0.11698120087385178,0.005854563321918249,0.013013312593102455,0.0031556435860693455,0.013349797576665878,0.013349797576665878,0.010338363237679005,0.01568671315908432,0.015350228175520897,0.011949523352086544,0.008558914065361023,0.010101603344082832,0.013349797576665878,
2015-09-01,0.004473274573683739,0.014413301832973957,0.015082189813256264,,0.016913514584302902,0.016913514584302902,0.014866997487843037,0.004473274573683739,0.015082189813256264,0.016913514584302902,0.016913514584302902,0.016913514584302902,0.014413301832973957,0.015082189813256264,0.016913514584302902,0.016913514584302902,,0.015082189813256264,,,0.016913514584302902,0.015082189813256264,0.015082189813256264,0.011524391360580921,,0.014413301832973957,0.014866997487843037,,0.013090971857309341,0.015082189813256264,0.01571631245315075,0.009629989042878151,0.011524391360580921,,0.016913514584302902,0.015082189813256264,0.016913514584302902,,,,0.01270661037415266,0.016913514584302902,0.014624470844864845,0.016913514584302902,0.015082189813256264,0.016913514584302902,0.015082189813256264,0.011378425173461437,0.007441469468176365,0.015082189813256264,,0.014413301832973957,0.015082189813256264,,,,,0.023019447922706604,0.016913514584302902,0.016913514584302902,0.016913514584302902,0.015082189813256264,0.018221743404865265,0.016913514584302902,0.011378425173461437,,0.01669831946492195,,,,,,,,,,,0.02250913716852665,0.012875779531896114,0.011378425173461437,0.015082189813256264,,0.011524391360580921,0.03316295146942139,,0.011378425173461437,0.016913514584302902,0.009315119124948978,0.011378425173461437,0.009629989042878151,0.015082189813256264,0.015082189813256264,0.016913514584302902,0.018221743404865265,0.014413301832973957,0.016913514584302902,0.006737057585269213,0.015082189813256264,0.014413301832973957,,0.016913514584302902,0.014413301832973957,0.015082189813256264,-0.04298359528183937,0.01270661037415266,-0.007390669547021389,0.015082189813256264,0.020051265135407448,0.015082189813256264,0.014866997487843037,0.016913514584302902,0.01754763536155224,-0.008024793118238449,0.009629989042878151,0.011378425173461437,0.015082189813256264,
2015-12-01,0.006844612769782543,0.015483066439628601,0.015483066439628601,,0.018819838762283325,0.018819838762283325,0.015483066439628601,-0.011039912700653076,0.015483066439628601,0.018819838762283325,0.018819838762283325,0.018819838762283325,0.015483066439628601,0.015483066439628601,0.018819838762283325,0.018819838762283325,,0.012313852086663246,,,0.018819838762283325,0.015483066439628601,0.015483066439628601,-0.006676416378468275,,0.015483066439628601,0.015483066439628601,,0.015483066439628601,0.015483066439628601,0.015483066439628601,0.0046038031578063965,0.015483066439628601,,0.018819838762283325,0.015483066439628601,0.018819838762283325,,,,0.013003661297261715,0.018819838762283325,0.018819838762283325,0.018819838762283325,0.015483066439628601,0.018819838762283325,0.018819838762283325,0.018819838762283325,0.015483066439628601,0.015483066439628601,,0.015483066439628601,0.015483066439628601,,,0.018819838762283325,,-0.00046699383528903127,0.018819838762283325,0.018819838762283325,0.018819838762283325,0.015483066439628601,0.018819838762283325,0.018819838762283325,0.013003661297261715,,0.018819838762283325,,,,,,,,,,,0.04057395085692406,0.013003661297261715,0.015483066439628601,0.015483066439628601,,0.015483066439628601,0.018819838762283325,,0.018819838762283325,0.013003661297261715,0.012952525168657303,0.013003661297261715,0.012313852086663246,0.015483066439628601,0.015483066439628601,0.018819838762283325,0.018819838762283325,0.015483066439628601,0.018819838762283325,-0.006676416378468275,0.015483066439628601,0.015483066439628601,,0.018819838762283325,0.015483066439628601,0.012952525168657303,0.015483066439628601,0.015483066439628601,0.015483066439628601,0.015483066439628601,0.015483066439628601,0.015483066439628601,0.018819838762283325,0.018819838762283325,0.018819838762283325,0.015483066439628601,0.0046038031578063965,0.018819838762283325,0.015483066439628601,
2016-03-01,0.0031012867111712694,0.015233817510306835,0.015233817510306835,,0.018116476014256477,0.018116476014256477,0.015233817510306835,-0.025247884914278984,0.018116476014256477,0.018116476014256477,0.059896837919950485,0.015233817510306835,0.015233817510306835,0.015233817510306835,0.018116476014256477,0.01395459845662117,,0.011449700221419334,,,0.018116476014256477,0.015233817510306835,0.015233817510306835,-0.09033356606960297,,0.015233817510306835,0.015233817510306835,,0.015233817510306835,0.015233817510306835,0.015233817510306835,0.011449700221419334,0.015233817510306835,,0.018116476014256477,0.015233817510306835,0.018116476014256477,,,,0.015233817510306835,0.018116476014256477,0.018116476014256477,0.018116476014256477,0.015233817510306835,0.018116476014256477,0.018116476014256477,,0.015256866812705994,0.01961708441376686,,0.0077406917698681355,0.015233817510306835,0.018116476014256477,,0.018116476014256477,0.018116476014256477,-0.09033356606960297,0.018116476014256477,0.018116476014256477,0.018116476014256477,0.015233817510306835,0.018116476014256477,0.018116476014256477,0.018116476014256477,,0.018116476014256477,,,,,,,,,,,,0.01395459845662117,0.018116476014256477,0.015233817510306835,,0.015233817510306835,0.023732123896479607,,0.01395459845662117,0.010558231733739376,0.015233817510306835,0.010558231733739376,0.011449700221419334,,0.015233817510306835,0.018116476014256477,0.018116476014256477,0.015233817510306835,0.018116476014256477,0.015233817510306835,0.015233817510306835,0.015233817510306835,,0.018116476014256477,0.015233817510306835,0.015233817510306835,0.015233817510306835,0.015233817510306835,0.015233817510306835,0.0077406917698681355,0.015233817510306835,0.015233817510306835,0.01395459845662117,0.018116476014256477,0.01395459845662117,0.015233817510306835,,0.018116476014256477,0.015233817510306835,
2016-06-01,0.0044476971961557865,0.018445534631609917,0.018445534631609917,,0.02135569043457508,0.02135569043457508,0.018445534631609917,-0.05124698206782341,0.018445534631609917,0.008163917809724808,0.030694112181663513,0.02135569043457508,0.018445534631609917,0.018445534631609917,0.02135569043457508,0.020335737615823746,,0.0027704068925231695,,,0.02135569043457508,0.018445534631609917,0.018445534631609917,-0.08736402541399002,,0.018445534631609917,0.018445534631609917,,0.018445534631609917,0.018445534631609917,0.018445534631609917,0.012803762219846249,0.018445534631609917,,0.02135569043457508,0.018445534631609917,0.02135569043457508,,,,0.020335737615823746,0.02135569043457508,0.02135569043457508,0.02135569043457508,0.018445534631609917,0.02135569043457508,0.02135569043457508,,0.018445534631609917,0.018445534631609917,,0.018445534631609917,0.018445534631609917,0.020335737615823746,,0.02135569043457508,0.020335737615823746,0.018445534631609917,0.02135569043457508,0.02135569043457508,0.02135569043457508,0.018445534631609917,0.008163917809724808,0.02135569043457508,0.02135569043457508,,0.02135569043457508,,,,,,,,,,,,0.018445534631609917,0.020335737615823746,0.018445534631609917,,0.018445534631609917,0.02135569043457508,,0.02135569043457508,0.02135569043457508,0.018445534631609917,0.008163917809724808,0.018024867400527,,0.018445534631609917,0.02135569043457508,0.02135569043457508,0.018445534631609917,0.02135569043457508,0.018445534631609917,0.018445534631609917,0.018445534631609917,,0.02135569043457508,0.018445534631609917,0.018445534631609917,-0.06787937879562378,0.015717854723334312,0.018169958144426346,0.018445534631609917,0.018445534631609917,0.018445534631609917,0.020335737615823746,0.030428163707256317,0.02135569043457508,0.018445534631609917,,0.02135569043457508,0.018445534631609917,
2016-09-01,0.02761082537472248,0.017648370936512947,0.017648370936512947,,0.019697077572345734,0.019697077572345734,0.017406949773430824,-0.0867435485124588,0.018698234111070633,0.019697077572345734,0.03411977365612984,0.019697077572345734,0.017648370936512947,0.017648370936512947,0.019697077572345734,0.018984884023666382,,0.01320850569754839,,,0.019697077572345734,0.017648370936512947,0.017648370936512947,0.017648370936512947,,0.014043603092432022,0.01517151203006506,,0.017648370936512947,0.017648370936512947,0.017648370936512947,0.011218561790883541,0.017648370936512947,,0.019697077572345734,0.017648370936512947,0.019697077572345734,,,,0.011500955559313297,0.019697077572345734,0.020860491320490837,0.019697077572345734,0.017648370936512947,0.019697077572345734,0.019697077572345734,,0.018698234111070633,0.017648370936512947,,0.017648370936512947,0.017648370936512947,0.019697077572345734,,0.019697077572345734,0.019697077572345734,0.013952052220702171,0.0056894994340837,0.019697077572345734,0.019697077572345734,0.017648370936512947,0.02039007842540741,0.019697077572345734,0.019697077572345734,,0.019697077572345734,,,,,,,,,,,,0.018698234111070633,0.019697077572345734,0.017648370936512947,,0.017648370936512947,0.019697077572345734,,0.021331289783120155,0.019697077572345734,0.009649025276303291,0.013037329539656639,0.017578251659870148,,0.017648370936512947,0.019697077572345734,0.020860491320490837,0.017648370936512947,0.019697077572345734,0.017648370936512947,0.017648370936512947,0.017648370936512947,,0.019697077572345734,0.017648370936512947,0.019697077572345734,0.017648370936512947,0.017648370936512947,0.00911636371165514,0.009649025276303291,0.017648370936512947,0.017648370936512947,0.019697077572345734,0.02853533625602722,0.01998492330312729,0.018698234111070633,,0.022083250805735588,0.017648370936512947,
2016-12-01,0.022955261170864105,0.008895767852663994,0.01344937551766634,,0.016586093232035637,0.016586093232035637,0.014091684482991695,-0.09086485207080841,0.0028046355582773685,0.016586093232035637,0.024342020973563194,0.01344937551766634,0.01344937551766634,0.01344937551766634,0.016586093232035637,0.016586093232035637,,0.011293270625174046,,,0.016586093232035637,0.01344937551766634,0.01344937551766634,0.01344937551766634,,0.014091684482991695,0.01344937551766634,,0.01344937551766634,0.01344937551766634,0.01344937551766634,0.007524900138378143,0.01344937551766634,,0.016586093232035637,0.01344937551766634,0.016586093232035637,,,,0.014091684482991695,0.016586093232035637,0.016586093232035637,0.016586093232035637,0.01344937551766634,0.016586093232035637,,,0.0015543961199000478,0.01344937551766634,,0.01344937551766634,0.01344937551766634,0.016586093232035637,,0.016586093232035637,0.016586093232035637,0.016909582540392876,0.016586093232035637,0.016586093232035637,0.016586093232035637,0.01344937551766634,0.016586093232035637,0.016586093232035637,0.016586093232035637,,,,,,,,,,,,,,0.01344937551766634,0.01344937551766634,0.01344937551766634,,0.01344937551766634,0.016586093232035637,,0.02912001870572567,0.016586093232035637,0.0028046355582773685,0.005163103807717562,0.014914916828274727,,0.01344937551766634,0.016586093232035637,0.016586093232035637,0.01344937551766634,0.016586093232035637,0.01344937551766634,0.01344937551766634,0.01344937551766634,,0.016586093232035637,0.01344937551766634,0.01344937551766634,0.014091684482991695,0.01344937551766634,0.0015543961199000478,0.01344937551766634,0.01344937551766634,0.01344937551766634,0.016586093232035637,0.02912001870572567,0.016586093232035637,0.0028046355582773685,,0.022955261170864105,0.01344937551766634,
2017-03-01,0.011934573762118816,0.014050991274416447,0.014050991274416447,,0.015750568360090256,0.014050991274416447,0.012647069059312344,-0.09895579516887665,0.009942278265953064,0.015750568360090256,0.008594307117164135,0.014050991274416447,0.012894117273390293,0.014050991274416447,0.015750568360090256,0.015750568360090256,,0.009293033741414547,,,0.015750568360090256,0.014050991274416447,0.014050991274416447,-0.015325718559324741,,0.014050991274416447,0.014050991274416447,,0.014050991274416447,0.014050991274416447,0.014050991274416447,0.012894117273390293,0.012894117273390293,,0.015750568360090256,0.014050991274416447,0.015750568360090256,,,,0.012652033939957619,0.014050991274416447,0.015750568360090256,0.015750568360090256,0.014050991274416447,0.015750568360090256,,,0.012894117273390293,0.014050991274416447,,0.012894117273390293,0.014050991274416447,0.015750568360090256,,0.015750568360090256,0.015750568360090256,-0.03945590928196907,0.015750568360090256,0.014050991274416447,0.015750568360090256,0.014050991274416447,0.018445467576384544,0.014050991274416447,0.015750568360090256,,,,,,,,,,,,,,,0.014050991274416447,-0.015325718559324741,,0.012894117273390293,0.01680094562470913,,,0.015750568360090256,0.009520556777715683,,0.022935766726732254,,0.014050991274416447,0.015750568360090256,0.01680094562470913,0.012894117273390293,0.015750568360090256,0.012894117273390293,0.014050991274416447,0.012894117273390293,,0.015750568360090256,0.012894117273390293,0.014050991274416447,0.013008861802518368,0.012894117273390293,0.012652033939957619,-0.008465874008834362,0.019819889217615128,0.014050991274416447,0.015750568360090256,0.015750568360090256,0.015750568360090256,0.012894117273390293,,0.015596764162182808,0.014050991274416447,
2017-06-01,0.007813753560185432,0.05854050815105438,0.0039074900560081005,,0.014007661491632462,0.014007661491632462,0.00673134159296751,-0.03358731046319008,0.002990312874317169,0.016527816653251648,0.02772398851811886,0.014007661491632462,0.008663366548717022,0.008663366548717022,0.016527816653251648,0.016527816653251648,,0.003980031702667475,,,0.016527816653251648,0.008663366548717022,0.014007661491632462,0.004238426685333252,,0.008663366548717022,0.016527816653251648,,0.014007661491632462,0.014007661491632462,,0.008663366548717022,0.008663366548717022,,0.016527816653251648,0.014007661491632462,0.016527816653251648,,,,0.0072428020648658276,0.014007661491632462,0.016527816653251648,0.014007661491632462,0.014007661491632462,0.016527816653251648,0.016527816653251648,,-0.001436806982383132,0.014007661491632462,,0.008663366548717022,0.014007661491632462,0.016527816653251648,,0.002990312874317169,0.016527816653251648,-0.19658000767230988,0.014007661491632462,0.014007661491632462,0.011622215621173382,0.014007661491632462,-0.012721985578536987,0.014007661491632462,0.016527816653251648,,,,,,,,,,,,,,,0.014007661491632462,0.008663366548717022,,0.008663366548717022,0.01753954589366913,,,0.016527816653251648,0.014007661491632462,,0.005936216562986374,,0.014007661491632462,0.016527816653251648,0.018623502925038338,0.008663366548717022,0.016527816653251648,0.008663366548717022,0.014007661491632462,0.008663366548717022,,0.016527816653251648,0.008663366548717022,0.014007661491632462,0.004238426685333252,-0.001436806982383132,0.006160383578389883,0.04200669005513191,0.05854050815105438,0.014007661491632462,0.0072428020648658276,0.016527816653251648,0.016527816653251648,0.008663366548717022,,0.017799269407987595,0.014007661491632462,
2017-09-01,0.013670843094587326,0.01943277195096016,0.004115985706448555,,0.014810570515692234,0.014810570515692234,0.013765743002295494,-0.06396860629320145,0.014810570515692234,0.017644857987761497,0.022363897413015366,0.014810570515692234,0.01435769535601139,0.01435769535601139,0.017644857987761497,0.017644857987761497,,0.008532707579433918,,,0.017644857987761497,0.01435769535601139,0.014810570515692234,0.01435769535601139,,0.01435769535601139,0.01623600535094738,,0.014810570515692234,0.014810570515692234,,0.013765743002295494,0.01435769535601139,,0.014810570515692234,0.014810570515692234,0.017644857987761497,,,,0.013670843094587326,0.013670843094587326,0.017644857987761497,0.017644857987761497,0.014810570515692234,0.014810570515692234,0.017644857987761497,,0.004115985706448555,0.014810570515692234,,0.01435769535601139,0.014810570515692234,0.01623600535094738,,0.01623600535094738,0.01623600535094738,0.015257502906024456,0.014810570515692234,0.014810570515692234,0.01623600535094738,0.014810570515692234,0.017644857987761497,0.014810570515692234,0.017644857987761497,,,,,,,,,,,,,,,0.014810570515692234,0.01435769535601139,,0.01435769535601139,0.017644857987761497,,,0.017644857987761497,0.013670843094587326,,0.02114701457321644,,0.014810570515692234,0.017644857987761497,0.017644857987761497,0.01435769535601139,0.017644857987761497,0.01435769535601139,0.014810570515692234,0.01435769535601139,,0.017644857987761497,0.01435769535601139,0.014810570515692234,0.004115985706448555,0.004115985706448555,0.013765743002295494,0.014810570515692234,0.01943277195096016,0.01435769535601139,0.013670843094587326,0.017644857987761497,0.017644857987761497,0.004115985706448555,,-0.029365498572587967,0.01435769535601139,
2017-12-01,0.019986571744084358,0.01356902439147234,0.01356902439147234,,0.017276108264923096,0.017276108264923096,0.010233969427645206,-0.07427505403757095,0.01356902439147234,0.019986571744084358,0.01870499737560749,0.018075115978717804,0.01356902439147234,0.01356902439147234,0.019986571744084358,0.017276108264923096,,0.01870499737560749,,,0.017276108264923096,0.01356902439147234,0.018075115978717804,0.01356902439147234,,0.01356902439147234,0.017276108264923096,,0.017276108264923096,0.018075115978717804,,0.011250114999711514,0.01356902439147234,,0.018075115978717804,0.017276108264923096,0.019986571744084358,,,,0.01458987221121788,0.012944122776389122,0.019986571744084358,0.017276108264923096,0.017276108264923096,0.017276108264923096,0.019986571744084358,,0.011250114999711514,0.01458987221121788,,0.01356902439147234,0.011250114999711514,0.019986571744084358,,0.019986571744084358,0.019986571744084358,-0.006890620570629835,0.017276108264923096,0.017276108264923096,0.02454504743218422,0.03741394355893135,0.006790329236537218,0.017276108264923096,0.008019031025469303,,,,,,,,,,,,,,,0.017276108264923096,0.017276108264923096,,0.01356902439147234,0.02688317745923996,,,0.019986571744084358,0.01458987221121788,,0.01323946937918663,,0.017276108264923096,0.019986571744084358,0.022023608908057213,0.01356902439147234,0.019986571744084358,0.01356902439147234,0.017276108264923096,0.01356902439147234,,0.019986571744084358,0.01356902439147234,0.019986571744084358,0.003963049966841936,0.01356902439147234,0.010233969427645206,0.017276108264923096,0.055278316140174866,0.01356902439147234,0.01458987221121788,0.019986571744084358,0.019986571744084358,0.003963049966841936,,0.015285121276974678,0.01356902439147234,
2018-03-01,0.015402018092572689,0.0041244677267968655,0.01339997723698616,,0.01792225055396557,0.00864673312753439,-0.25379690527915955,0.035080280154943466,0.01339997723698616,0.020592859014868736,0.011134438216686249,0.01743113249540329,0.01229959074407816,-0.08333165943622589,0.01568392477929592,0.01792225055396557,,-0.0030981486197561026,,,-0.003977380692958832,0.004515957087278366,0.013791467994451523,0.01339997723698616,,0.01339997723698616,0.017189741134643555,,0.010908305644989014,0.0021895640529692173,,0.01339997723698616,0.0414697527885437,,0.01743113249540329,0.007963459938764572,0.007963459938764572,,,,0.00864673312753439,0.01792225055396557,0.020592859014868736,0.01792225055396557,0.007963459938764572,0.01568392477929592,0.01792225055396557,,0.0041244677267968655,0.08288571238517761,,0.01339997723698616,0.01229959074407816,0.020592859014868736,,0.020592859014868736,0.020592859014868736,0.00805729627609253,-0.003977380692958832,0.01792225055396557,0.023191090673208237,0.01792225055396557,0.02162269875407219,0.007963459938764572,0.020592859014868736,,,,0.020592859014868736,,,,,,,,,,,0.015979809686541557,0.012595472857356071,,0.0414697527885437,0.02320811338722706,,,0.03944063559174538,0.007963459938764572,,0.014662125147879124,,0.007963459938764572,0.020592859014868736,0.0237925685942173,0.01339997723698616,0.011560071259737015,0.006565420888364315,0.00864673312753439,0.01339997723698616,,0.020592859014868736,0.01339997723698616,0.01792225055396557,0.0041244677267968655,0.004515957087278366,0.006565420888364315,0.01792225055396557,0.01339997723698616,0.01229959074407816,0.011560071259737015,0.020592859014868736,0.01568392477929592,0.013791467994451523,,-0.03859705850481987,0.010908305644989014,
2018-06-01,0.017804211005568504,0.036384258419275284,0.018123634159564972,,0.019464751705527306,0.019255414605140686,0.012431694194674492,0.04904984310269356,0.018123634159564972,0.014317524619400501,0.020952966064214706,0.019464751705527306,0.018123634159564972,0.018123634159564972,0.02161700837314129,0.019255414605140686,,0.015803292393684387,,,0.019255414605140686,0.01833297125995159,0.018123634159564972,0.018123634159564972,,0.010982855223119259,0.017691409215331078,,0.018123634159564972,0.019255414605140686,,0.01499134674668312,0.018123634159564972,,0.017365772277116776,0.019255414605140686,0.02161700837314129,,,,0.014821973629295826,0.019255414605140686,0.02161700837314129,0.016123129054903984,0.019255414605140686,0.017365772277116776,0.019255414605140686,,0.018123634159564972,-0.011821313761174679,,0.018123634159564972,0.018123634159564972,0.017804211005568504,,0.02161700837314129,,0.01833297125995159,0.019255414605140686,0.017804211005568504,0.024336423724889755,0.019255414605140686,0.019777672365307808,0.017365772277116776,0.012847553007304668,,,,0.021572677418589592,,,,,,,,,,,0.019255414605140686,0.018123634159564972,,0.018123634159564972,0.029837803915143013,,,0.04766703024506569,0.01074285339564085,,0.026740917935967445,,0.018123634159564972,0.02161700837314129,0.0214387197047472,0.018123634159564972,0.017804211005568504,-0.03168385848402977,0.019255414605140686,0.018123634159564972,,0.02161700837314129,0.018123634159564972,0.019255414605140686,0.001583115546964109,0.018123634159564972,-0.05658843740820885,0.019255414605140686,0.036174919456243515,0.018123634159564972,0.014722581021487713,0.02161700837314129,0.019727366045117378,0.010456331074237823,,-0.023802582174539566,0.018123634159564972,
2018-09-01,0.01823076792061329,0.019290417432785034,0.019290417432785034,,0.020295215770602226,0.019290417432785034,-0.012158474884927273,0.029385698959231377,0.019290417432785034,0.01690807193517685,0.01876019686460495,0.020295215770602226,0.019290417432785034,0.019290417432785034,0.020532356575131416,0.019290417432785034,,0.026861652731895447,,,0.019290417432785034,0.01975238136947155,0.019290417432785034,0.019290417432785034,,0.019290417432785034,0.020532356575131416,,0.019290417432785034,0.020295215770602226,,0.01687799207866192,0.019290417432785034,,0.019290417432785034,0.019290417432785034,0.020532356575131416,,,,0.010008972138166428,0.019290417432785034,0.011767528019845486,0.01664459891617298,0.019290417432785034,0.019339051097631454,0.019290417432785034,,0.019290417432785034,0.0716228112578392,,0.019355742260813713,0.019355742260813713,0.020532356575131416,,0.020532356575131416,,0.017780378460884094,0.01681266725063324,0.01690807193517685,0.021414872258901596,0.019290417432785034,0.02603193186223507,0.019290417432785034,0.012346172705292702,,,,0.014850798062980175,,,,,,,,,,,0.01975238136947155,0.019355742260813713,,0.019290417432785034,0.03747856616973877,,,0.04739106073975563,0.01184117328375578,,-0.003094407031312585,,0.019290417432785034,0.020532356575131416,0.02509116940200329,0.019290417432785034,0.020532356575131416,0.010008972138166428,0.010008972138166428,0.019290417432785034,,0.020532356575131416,0.019290417432785034,0.019290417432785034,0.010074296966195107,0.019290417432785034,0.012419817969202995,0.014850798062980175,0.019290417432785034,0.019290417432785034,0.016683276742696762,0.020532356575131416,0.020532356575131416,0.011013783514499664,,0.013171122409403324,0.019290417432785034,
2018-12-01,0.019653989002108574,0.02040880359709263,0.02049027569591999,,0.02040880359709263,0.023239731788635254,-0.038274094462394714,0.02118244580924511,0.02040880359709263,0.02040880359709263,0.04245556890964508,0.02051931619644165,0.02040880359709263,0.02040880359709263,0.023239731788635254,0.02040880359709263,,0.026854146271944046,,,0.02040880359709263,0.02049027569591999,0.02040880359709263,0.00899202935397625,,0.02040880359709263,0.023239731788635254,,0.02040880359709263,0.02051931619644165,,0.00899202935397625,0.02040880359709263,,0.02040880359709263,0.02040880359709263,0.023239731788635254,,,,0.00899202935397625,0.0190596841275692,0.023239731788635254,0.02040880359709263,0.02040880359709263,0.02040880359709263,0.02040880359709263,,0.02040880359709263,0.08254671841859818,,0.02040880359709263,0.02040880359709263,0.023239731788635254,,0.023239731788635254,,0.027745286002755165,0.02040880359709263,0.01860605925321579,0.023239731788635254,0.02040880359709263,0.02644929476082325,0.02040880359709263,0.01321235578507185,,,,0.00899202935397625,,,,,,,,,,,0.02040880359709263,0.02040880359709263,,0.02040880359709263,0.027922378852963448,,,0.018681475892663002,0.015879958868026733,,0.0136506836861372,,0.02040880359709263,,0.02644929476082325,0.02040880359709263,0.023239731788635254,0.00899202935397625,0.02040880359709263,0.02040880359709263,,0.023239731788635254,0.02040880359709263,0.02040880359709263,0.00899202935397625,0.02040880359709263,0.020476462319493294,0.02040880359709263,0.02040880359709263,0.02040880359709263,0.01682306081056595,0.023239731788635254,0.011822962202131748,0.02051931619644165,,0.026682253926992416,0.02040880359709263,
2019-03-01,0.0164817962795496,0.024603530764579773,0.024603530764579773,,0.024603530764579773,0.024603530764579773,0.026782914996147156,0.026782914996147156,0.024603530764579773,0.02507280744612217,0.026782914996147156,0.02494809217751026,0.024603530764579773,0.024603530764579773,0.026592018082737923,0.024603530764579773,,0.026782914996147156,,,0.024687590077519417,0.02494809217751026,0.024603530764579773,0.024603530764579773,,0.02808821201324463,0.026592018082737923,,0.024603530764579773,0.02494809217751026,,0.024603530764579773,0.024603530764579773,,0.024603530764579773,0.024603530764579773,0.026592018082737923,0.04873092845082283,,,0.02259358949959278,0.024603530764579773,0.026592018082737923,0.024603530764579773,0.024603530764579773,0.024603530764579773,0.024603530764579773,,0.024603530764579773,0.024603530764579773,,0.024603530764579773,0.024603530764579773,0.026592018082737923,,0.023877374827861786,,0.014493312686681747,0.014493312686681747,0.026592018082737923,0.02507280744612217,0.024603530764579773,0.02235397882759571,0.024603530764579773,0.021396635100245476,,,,0.021504761651158333,,,,,,,,,,,0.024603530764579773,0.024603530764579773,,0.024603530764579773,0.02950117737054825,,,0.02227410487830639,0.024603530764579773,,0.026782914996147156,,0.024603530764579773,,0.03025211952626705,0.024603530764579773,0.026592018082737923,0.024603530764579773,0.024603530764579773,0.024603530764579773,,0.026592018082737923,0.024603530764579773,0.02494809217751026,0.014493312686681747,0.024603530764579773,0.020196909084916115,0.024603530764579773,0.024603530764579773,0.024603530764579773,0.02227410487830639,0.026592018082737923,0.026592018082737923,0.030666887760162354,,0.02950117737054825,0.024603530764579773,
2019-06-01,0.028807703405618668,0.026664260774850845,0.026664260774850845,,0.026664260774850845,0.026664260774850845,0.029104014858603477,0.029537444934248924,0.026664260774850845,0.026664260774850845,0.029104014858603477,0.026664260774850845,0.026664260774850845,0.026664260774850845,0.0290179755538702,0.026664260774850845,,0.029104014858603477,,,0.026664260774850845,0.026664260774850845,0.026664260774850845,0.02589733712375164,,0.026223374530673027,0.0290179755538702,,0.026664260774850845,0.026664260774850845,,0.026347056031227112,0.026664260774850845,,0.026664260774850845,0.026664260774850845,0.0290179755538702,0.026664260774850845,,,0.0266912579536438,0.026664260774850845,0.0290179755538702,0.026664260774850845,0.026664260774850845,0.026347056031227112,0.026664260774850845,,0.026664260774850845,0.026664260774850845,,0.026664260774850845,0.026664260774850845,0.028700770810246468,,0.0290179755538702,,0.026664260774850845,0.026664260774850845,0.0290179755538702,0.0290179755538702,0.026664260774850845,0.024628061801195145,0.026664260774850845,0.023625759407877922,,,,0.026347056031227112,0.024156318977475166,,,,,,,,,,0.026664260774850845,0.026664260774850845,,0.026664260774850845,0.030797727406024933,,,0.026664260774850845,0.026664260774850845,,0.009640584699809551,,0.026664260774850845,,0.029279446229338646,0.026664260774850845,0.028277143836021423,0.026664260774850845,0.026664260774850845,0.026664260774850845,,0.028700770810246468,0.026664260774850845,0.026664260774850845,0.02589733712375164,0.026664260774850845,0.02894437685608864,0.019613174721598625,0.026664260774850845,0.026664260774850845,0.028413817286491394,0.0290179755538702,0.0290179755538702,0.026160698384046555,,0.028277143836021423,0.026664260774850845,
2019-09-01,0.02692445181310177,0.027962883934378624,0.026857884600758553,,0.029950253665447235,0.027962883934378624,0.032023835927248,0.035291675478219986,0.026606710627675056,0.026857884600758553,0.03427298739552498,0.029950253665447235,0.027962883934378624,0.027962883934378624,0.028939060866832733,0.027962883934378624,,0.03427298739552498,,,0.027962883934378624,0.029950253665447235,0.027962883934378624,0.026857884600758553,,0.023046860471367836,0.026857884600758553,,0.027962883934378624,0.029950253665447235,,0.026935067027807236,0.02679172344505787,,0.027962883934378624,0.027962883934378624,0.028939060866832733,0.026935067027807236,,,0.025039231404662132,0.027962883934378624,0.028939060866832733,0.027962883934378624,0.029950253665447235,0.026857884600758553,0.027962883934378624,,0.026857884600758553,0.027962883934378624,,0.026857884600758553,0.026857884600758553,0.027834061533212662,,0.02569766715168953,,0.0075044939294457436,0.026857884600758553,0.027834061533212662,0.027834061533212662,0.026857884600758553,0.025078777223825455,0.027962883934378624,0.027071107178926468,,,,0.027053840458393097,0.025039231404662132,,,,,,,,,,0.029950253665447235,0.026935067027807236,,0.027962883934378624,0.025351140648126602,,,0.027962883934378624,0.029950253665447235,,0.009405650198459625,,0.027962883934378624,,0.029125262051820755,0.027962883934378624,0.028939060866832733,,0.027962883934378624,0.026857884600758553,,0.028939060866832733,0.027962883934378624,0.029950253665447235,0.027962883934378624,0.029950253665447235,0.025039231404662132,0.025039231404662132,0.027962883934378624,0.026857884600758553,0.025039231404662132,0.028939060866832733,0.029085716232657433,0.02793564461171627,,0.028939060866832733,0.027962883934378624,
2019-12-01,0.0355261005461216,0.033587124198675156,0.033587124198675156,,0.033587124198675156,0.033587124198675156,0.03268183022737503,0.037358179688453674,0.01128836814314127,0.0355261005461216,0.03924086317420006,0.033587124198675156,0.033587124198675156,0.033587124198675156,0.0355261005461216,0.033587124198675156,,0.03268183022737503,,,0.033587124198675156,0.033587124198675156,,0.033587124198675156,,0.032443784177303314,0.0355261005461216,,0.033587124198675156,0.033587124198675156,,0.033587124198675156,0.033587124198675156,,0.033587124198675156,0.033587124198675156,0.0355261005461216,0.033587124198675156,,,0.03344441577792168,0.033587124198675156,0.03643850237131119,0.033587124198675156,0.033587124198675156,0.033587124198675156,0.033587124198675156,,0.033587124198675156,0.033587124198675156,,0.033587124198675156,0.033587124198675156,,,0.0355261005461216,,0.03766968101263046,0.033587124198675156,0.0355261005461216,0.033587124198675156,0.033587124198675156,0.036715175956487656,0.033587124198675156,0.03643850237131119,,,,0.032443784177303314,0.030353818088769913,,,,,,,,,,0.033587124198675156,0.033587124198675156,,0.033587124198675156,0.03527316078543663,,,0.033587124198675156,0.033587124198675156,,0.03127026930451393,,0.033587124198675156,,0.03643850237131119,0.033587124198675156,0.0355261005461216,,0.033587124198675156,0.033587124198675156,,0.03269672393798828,0.033587124198675156,0.033587124198675156,0.03258649259805679,0.033587124198675156,0.033587124198675156,0.031354453414678574,0.033587124198675156,0.033587124198675156,0.0355261005461216,0.0355261005461216,0.03643850237131119,0.033587124198675156,,0.0355261005461216,0.033587124198675156,
2020-03-01,0.013961628079414368,0.037750277668237686,0.037750277668237686,,0.037750277668237686,0.037750277668237686,0.022305572405457497,0.04060919210314751,0.037750277668237686,0.029878396540880203,0.04060919210314751,0.037750277668237686,0.037750277668237686,0.037750277668237686,0.037750277668237686,0.037750277668237686,,0.037750277668237686,,,0.037750277668237686,0.037750277668237686,,0.036981791257858276,,0.037750277668237686,0.037750277668237686,,0.037750277668237686,0.037750277668237686,,0.037750277668237686,0.037750277668237686,,0.037750277668237686,0.037750277668237686,0.04060919210314751,0.032470427453517914,,,0.037750277668237686,0.037750277668237686,0.04060919210314751,0.037750277668237686,0.037750277668237686,0.037750277668237686,0.037750277668237686,,0.05989620089530945,0.037750277668237686,,0.036981791257858276,0.037750277668237686,,,0.04060919210314751,,0.027420971542596817,0.037750277668237686,0.04253558814525604,0.032470427453517914,0.037750277668237686,0.04078757017850876,0.029878396540880203,0.04060919210314751,,,,0.037750277668237686,0.03801285848021507,,,0.037750277668237686,,,,,,,0.037750277668237686,0.037750277668237686,,0.036981791257858276,,,,0.037750277668237686,0.037750277668237686,,0.039411041885614395,,0.037750277668237686,,0.04060919210314751,0.037750277668237686,0.04060919210314751,,0.037750277668237686,0.036981791257858276,,0.04060919210314751,0.037750277668237686,0.037750277668237686,0.037750277668237686,0.037750277668237686,0.037750277668237686,0.025922540575265884,0.025922540575265884,0.029878396540880203,0.03801285848021507,0.037060923874378204,0.04060919210314751,0.029878396540880203,,0.04060919210314751,0.037750277668237686,
2020-06-01,0.03356625884771347,0.039908766746520996,0.039908766746520996,,0.039908766746520996,0.039908766746520996,0.03702050819993019,0.03961056098341942,0.04362979903817177,0.03944254666566849,0.042924948036670685,0.039908766746520996,0.039908766746520996,0.03702050819993019,0.042924948036670685,0.039908766746520996,,0.039908766746520996,,,0.039908766746520996,0.039908766746520996,,0.035500265657901764,,0.03702050819993019,0.03944254666566849,,0.039908766746520996,0.039908766746520996,,0.039908766746520996,0.039908766746520996,,0.039908766746520996,0.039908766746520996,0.042924948036670685,0.039908766746520996,,,0.03702050819993019,0.03702050819993019,0.042924948036670685,0.039908766746520996,0.039908766746520996,0.039908766746520996,0.039908766746520996,,0.05961241573095322,0.039908766746520996,,0.03838852420449257,0.039908766746520996,,,0.03961056098341942,,0.039908766746520996,0.039908766746520996,0.042924948036670685,0.039908766746520996,0.04281943291425705,0.042924948036670685,0.03702050819993019,0.03944254666566849,,,,0.042924948036670685,0.03944254666566849,,,0.042923085391521454,,,,,,,0.039908766746520996,0.039908766746520996,,0.03702050819993019,,,,0.039908766746520996,0.039908766746520996,,0.04213563725352287,,0.039908766746520996,,0.042924948036670685,0.039908766746520996,0.042924948036670685,,0.039908766746520996,0.03838852420449257,,0.03944254666566849,0.039908766746520996,0.039908766746520996,0.03702050819993019,0.039908766746520996,0.03356625884771347,0.03558437526226044,0.03558437526226044,0.039908766746520996,0.042924948036670685,0.042924948036670685,0.042924948036670685,0.039908766746520996,,0.039908766746520996,0.039908766746520996,
2020-09-01,0.002712501212954521,0.03585103899240494,0.03585103899240494,,0.03585103899240494,0.03585103899240494,0.0022217498626559973,0.05916018784046173,0.041134174913167953,0.05175962299108505,0.0469118133187294,0.03585103899240494,0.03585103899240494,0.03585103899240494,0.03585103899240494,0.03585103899240494,,0.034380555152893066,,,0.03585103899240494,0.03585103899240494,,0.027143895626068115,,0.03582775220274925,0.047373492270708084,,0.03585103899240494,0.03582775220274925,,0.03536029905080795,0.002735790330916643,,0.03582775220274925,0.03585103899240494,0.039935190230607986,0.03536029905080795,,,0.03079177625477314,0.03585103899240494,0.039935190230607986,0.03585103899240494,0.03079177625477314,0.03435726836323738,0.03585103899240494,,0.05111027881503105,0.03585103899240494,,0.027143895626068115,0.03585103899240494,,,0.046252183616161346,,0.042186398059129715,0.03533701226115227,0.041134174913167953,0.03807540982961655,0.03585103899240494,0.04772266745567322,0.03582775220274925,0.039935190230607986,,,,0.03582775220274925,0.03582775220274925,,,0.051553837954998016,,,,,,,0.03582775220274925,0.03536029905080795,,0.027143895626068115,,,,0.03585103899240494,0.03582775220274925,,0.033921558409929276,,0.03585103899240494,,0.039935190230607986,0.03585103899240494,0.039935190230607986,,0.03585103899240494,0.028274819254875183,,0.039935190230607986,0.03585103899240494,0.03585103899240494,0.028274819254875183,0.030815064907073975,0.002712501212954521,0.028166955336928368,0.028166955336928368,0.03103691339492798,0.03679995238780975,0.028274819254875183,0.039935190230607986,0.04042341932654381,,0.03582775220274925,0.03585103899240494,
2020-12-01,0.0318218395113945,0.0318218395113945,0.0318218395113945,,0.0318218395113945,0.0318218395113945,0.02598627284169197,0.029805924743413925,0.026942646130919456,0.03330390527844429,0.03606801852583885,0.0318218395113945,0.0318218395113945,0.0318218395113945,0.0318218395113945,0.026787033304572105,,0.03351415693759918,,,0.0318218395113945,0.0318218395113945,,0.0318218395113945,,0.030868953093886375,0.035226669162511826,,0.0318218395113945,0.0318218395113945,,0.02598627284169197,0.0318218395113945,,0.0318218395113945,0.0318218395113945,0.035226669162511826,0.02598627284169197,,,0.0318218395113945,0.0318218395113945,0.03330390527844429,0.0318218395113945,0.0318218395113945,0.02598627284169197,0.0318218395113945,,0.038758330047130585,0.0318218395113945,,0.02598627284169197,0.0318218395113945,,,0.027659324929118156,,0.03149467706680298,0.02598627284169197,0.03606801852583885,0.02598627284169197,0.0318218395113945,0.0266654621809721,0.0318218395113945,0.030336203053593636,,,,0.027084408327937126,0.027084408327937126,0.03606801852583885,,0.029467429965734482,,,,,,,0.0318218395113945,0.02598627284169197,,0.0318218395113945,,,,0.0318218395113945,0.0318218395113945,,0.035111360251903534,,0.0318218395113945,,0.03330390527844429,0.0318218395113945,0.03330390527844429,,0.0318218395113945,0.0318218395113945,,0.03330390527844429,0.0318218395113945,0.0318218395113945,0.0318218395113945,0.0318218395113945,0.0318218395113945,0.021616889163851738,0.0318218395113945,0.026918752118945122,0.02805405482649803,0.0318218395113945,0.035226669162511826,0.03023032657802105,,0.0318218395113945,0.0318218395113945,
2021-03-01,0.03284454345703125,0.03284454345703125,0.03284454345703125,,0.03284454345703125,0.03284454345703125,0.030362099409103394,0.03596125543117523,0.03596125543117523,0.03284454345703125,0.03375324606895447,0.03284454345703125,0.03284454345703125,0.03284454345703125,0.03041032701730728,0.03284454345703125,,0.03068644180893898,,,0.03284454345703125,0.03284454345703125,,0.031128965318202972,,0.027850644662976265,0.03596125543117523,,0.03284454345703125,0.03284454345703125,,0.030362099409103394,0.03284454345703125,,0.03284454345703125,0.03284454345703125,0.03596125543117523,0.030362099409103394,,,0.03688285872340202,0.03284454345703125,0.031319018453359604,0.03284454345703125,0.03284454345703125,0.030362099409103394,0.031128965318202972,,0.02792786806821823,0.03284454345703125,,0.02792786806821823,0.03284454345703125,,,0.03276051953434944,,0.0343184769153595,0.031836025416851044,0.03375324606895447,0.030384168028831482,0.03284454345703125,0.03188122436404228,0.03284454345703125,0.03252243250608444,,,,0.03425997868180275,0.025024808943271637,0.03284454345703125,,0.027354491874575615,,,,,,,0.03284454345703125,0.03284454345703125,,0.03041032701730728,,,,0.03284454345703125,0.03041032701730728,,0.03399473428726196,,0.03284454345703125,,0.03582067787647247,0.03041032701730728,0.03596125543117523,,0.03284454345703125,0.03041032701730728,,0.03375324606895447,0.03284454345703125,0.03284454345703125,0.031128965318202972,0.0343184769153595,0.031128965318202972,0.029663262888789177,0.03041032701730728,0.03284454345703125,0.03097701072692871,0.03041032701730728,0.03596125543117523,0.031403157860040665,,0.0157817043364048,0.03284454345703125,
2021-06-01,0.025746401399374008,0.027621829882264137,0.027621829882264137,,0.025746401399374008,0.027621829882264137,0.019935309886932373,0.03444526717066765,0.024063458666205406,0.027621829882264137,0.027595430612564087,0.027621829882264137,0.02732210047543049,0.025746401399374008,0.025746401399374008,0.027621829882264137,,0.027595430612564087,,,0.027621829882264137,0.025746401399374008,,0.022426771000027657,,0.027621829882264137,0.030863594263792038,,0.025939583778381348,0.025746401399374008,,0.025746401399374008,0.025746401399374008,,0.025746401399374008,0.027621829882264137,0.030065767467021942,0.027621829882264137,,,0.027621829882264137,0.027621829882264137,0.028632977977395058,0.027621829882264137,0.027621829882264137,0.027621829882264137,0.02544667199254036,,0.025835927575826645,0.025746401399374008,,0.025835927575826645,0.027621829882264137,,,0.03116314299404621,,0.027621829882264137,0.02732210047543049,0.024420714005827904,0.027621829882264137,0.025746401399374008,0.023961663246154785,0.027322281152009964,0.030582310631871223,,,,0.0280552189797163,0.008617499843239784,0.030065767467021942,,0.023211438208818436,,,,,,,0.025746401399374008,0.025746401399374008,,0.022426771000027657,,,,0.027621829882264137,0.024389835074543953,,0.029053060337901115,,0.027621829882264137,,0.030953628942370415,0.02732210047543049,0.02434595860540867,,0.027621829882264137,0.022048357874155045,,0.0262907724827528,0.027621829882264137,0.025746401399374008,0.02387286350131035,0.02544667199254036,0.02544667199254036,0.018092595040798187,0.02129371091723442,0.027621829882264137,0.027621829882264137,0.025835927575826645,0.019935309886932373,0.027621829882264137,,0.02497810497879982,0.027621829882264137,
2021-09-01,0.03389301896095276,0.03389301896095276,0.03389301896095276,,0.03389301896095276,0.03389301896095276,0.03376799449324608,0.041467130184173584,0.03389301896095276,0.03389301896095276,0.03376799449324608,0.03389301896095276,0.03376799449324608,0.03389301896095276,0.029933474957942963,0.029933474957942963,,0.03389301896095276,,,0.03389301896095276,0.03389301896095276,,0.045655425637960434,,0.03389301896095276,0.03389301896095276,,0.03389301896095276,0.03389301896095276,,0.03376799449324608,0.03389301896095276,,0.03389301896095276,0.03389301896095276,0.03389301896095276,0.03376799449324608,,,0.03389301896095276,0.03389301896095276,0.029933474957942963,0.03389301896095276,0.03389301896095276,0.03389301896095276,0.03389301896095276,,0.029808446764945984,0.03389301896095276,,0.029808446764945984,0.03389301896095276,,,0.039766471832990646,,0.03389301896095276,0.03389301896095276,0.03389301896095276,0.03376799449324608,0.03389301896095276,0.034589897841215134,,0.03389301896095276,,,,0.022309284657239914,0.014625121839344501,0.03389301896095276,0.044268861413002014,0.020185094326734543,,,,,,,0.03389301896095276,0.03376799449324608,,0.029933474957942963,,,,0.03389301896095276,0.029933474957942963,,0.033916983753442764,,0.03389301896095276,,0.03389301896095276,0.03389301896095276,0.030985385179519653,,0.03389301896095276,0.029933474957942963,,0.03389301896095276,0.03389301896095276,0.03376799449324608,0.029808446764945984,0.03389301896095276,0.03389301896095276,0.029933474957942963,0.029933474957942963,0.03389301896095276,0.03389301896095276,0.029933474957942963,0.03389301896095276,0.03389301896095276,,0.03389301896095276,0.029933474957942963,
2021-12-01,0.0312957800924778,0.0312957800924778,0.031259048730134964,,0.03089216724038124,0.0312957800924778,0.03089216724038124,0.02900087833404541,0.03089216724038124,0.03089216724038124,0.03089216724038124,0.0312957800924778,0.030294960364699364,0.0312957800924778,0.0312957800924778,0.031259048730134964,,0.03089216724038124,,,0.031259048730134964,0.0312957800924778,,0.030294960364699364,,0.0312957800924778,0.033128924667835236,,0.0312957800924778,0.0312957800924778,,0.03089216724038124,0.0312957800924778,,0.0312957800924778,,0.03089216724038124,0.03089216724038124,,,0.030294960364699364,0.0312957800924778,0.031259048730134964,0.0312957800924778,0.0312957800924778,0.03089216724038124,0.0312957800924778,,0.03089216724038124,0.0312957800924778,,0.03089216724038124,0.03089216724038124,,,0.03592313826084137,,0.03304683417081833,0.03089216724038124,0.03089216724038124,0.0311862975358963,0.03089216724038124,0.037639833986759186,,0.02803991362452507,,,,0.02900087833404541,0.02803991362452507,0.03089216724038124,0.02888897992670536,0.02781597524881363,,,,,,,0.0312957800924778,0.03089216724038124,,0.031259048730134964,,,,0.0312957800924778,0.0312957800924778,,0.03086538426578045,,0.031259048730134964,,0.0312957800924778,0.03089216724038124,0.0312957800924778,,0.0312957800924778,0.030294960364699364,,0.0312957800924778,0.03089216724038124,0.03089216724038124,0.03089216724038124,0.031259048730134964,0.0312957800924778,0.031259048730134964,0.031259048730134964,0.03089216724038124,0.03089216724038124,0.0312957800924778,0.0312957800924778,0.03089216724038124,,0.0312957800924778,0.031259048730134964,
2022-03-01,0.034163448959589005,0.034163448959589005,0.034163448959589005,,0.03283751755952835,0.034163448959589005,0.0354996882379055,0.03229363262653351,0.03283751755952835,0.03283751755952835,0.03283751755952835,0.034163448959589005,0.03283751755952835,0.034163448959589005,0.034163448959589005,0.034163448959589005,,0.03283751755952835,,,0.034163448959589005,0.034163448959589005,,0.0354996882379055,,0.03283751755952835,0.03229363262653351,,0.036825619637966156,0.034163448959589005,,0.03283751755952835,0.036825619637966156,,0.036825619637966156,,0.03283751755952835,0.03283751755952835,,,0.03283751755952835,0.034163448959589005,0.039152249693870544,0.034163448959589005,0.039152249693870544,0.03283751755952835,0.034163448959589005,,0.03283751755952835,0.034163448959589005,,0.0354996882379055,0.03283751755952835,,,0.03562241792678833,,0.0354996882379055,0.03283751755952835,0.03283751755952835,0.03283751755952835,0.03283751755952835,0.03192787989974022,,0.03229363262653351,,,,0.03238750621676445,0.03229363262653351,0.03283751755952835,0.030796585604548454,0.02856406196951866,0.014314900152385235,0.025440724566578865,,,,,0.034163448959589005,0.03283751755952835,,0.030796585604548454,,,,0.02856406196951866,0.034163448959589005,,0.03327507898211479,,0.034163448959589005,,0.030649038031697273,0.03283751755952835,0.034163448959589005,,0.034163448959589005,0.03283751755952835,,0.034163448959589005,0.03283751755952835,0.03283751755952835,0.028552880510687828,0.039152249693870544,0.03730097785592079,0.034163448959589005,0.034163448959589005,0.03283751755952835,0.03283751755952835,0.034163448959589005,0.036825619637966156,0.034163448959589005,,0.039152249693870544,0.034163448959589005,
2022-06-01,0.03349589183926582,0.03349589183926582,0.03349589183926582,,0.03495858237147331,0.03235965967178345,0.03267867863178253,0.0336453914642334,0.03235965967178345,0.03235965967178345,0.03267867863178253,0.03349589183926582,0.03235965967178345,0.03349589183926582,0.03349589183926582,0.03349589183926582,,0.03267867863178253,,,0.03349589183926582,0.03349589183926582,,0.03235965967178345,,0.03235965967178345,0.031875334680080414,,0.03349589183926582,0.03381491079926491,,0.03267867863178253,0.03349589183926582,,0.03349589183926582,,0.03235965967178345,0.03267867863178253,,,0.03235965967178345,0.03349589183926582,0.03349589183926582,0.03349589183926582,,0.03235965967178345,0.03349589183926582,,0.03235965967178345,0.03349589183926582,,0.03349589183926582,0.03349589183926582,,,0.03623222932219505,,0.03349589183926582,0.03235965967178345,0.03235965967178345,0.03235965967178345,0.031156282871961594,0.030909903347492218,,0.031875334680080414,,,,0.03170124441385269,0.031875334680080414,0.03267867863178253,0.025968225672841072,0.029827946797013283,0.025968225672841072,0.026128718629479408,,,,,0.03381491079926491,0.031156282871961594,,0.03349589183926582,,,,0.03349589183926582,0.03349589183926582,,0.030948011204600334,,0.03349589183926582,,0.03349589183926582,0.03235965967178345,0.03133886680006981,,0.03235965967178345,0.03235965967178345,,0.03349589183926582,0.03235965967178345,0.03267867863178253,0.02406872995197773,0.03349589183926582,0.03349589183926582,0.020209001377224922,0.03349589183926582,0.03235965967178345,0.03267867863178253,0.03349589183926582,0.03381491079926491,0.03349589183926582,,0.03381491079926491,0.03349589183926582,
2022-09-01,0.03658415749669075,0.034817833453416824,0.03658415749669075,,0.0349900983273983,0.034817833453416824,0.0349900983273983,0.03675244748592377,0.034817833453416824,0.034817833453416824,0.0349900983273983,0.03658415749669075,0.034817833453416824,0.03763609379529953,0.03763609379529953,0.03658415749669075,,0.0349900983273983,,,0.03658415749669075,0.03763609379529953,,0.034817833453416824,,0.034817833453416824,0.035320356488227844,,0.03763609379529953,0.0349900983273983,,0.03783375769853592,0.03763609379529953,,0.03882770240306854,,0.034817833453416824,0.03783375769853592,,,0.034817833453416824,0.03658415749669075,0.03658415749669075,0.03658415749669075,,0.034817833453416824,0.03658415749669075,,0.03766149282455444,0.034817833453416824,,0.03658415749669075,0.03600944206118584,,,0.03263998031616211,,0.03882770240306854,0.034817833453416824,0.034817833453416824,0.03766149282455444,0.03766149282455444,0.031199468299746513,,0.035320356488227844,,,,0.030303621664643288,0.035320356488227844,0.0349900983273983,0.024679137393832207,0.035320356488227844,0.030303621664643288,0.031199468299746513,,,,,0.037808358669281006,0.03410453721880913,,0.03777576610445976,,,,0.03658415749669075,0.03658415749669075,,0.03530791774392128,,0.03658415749669075,,0.04731401428580284,0.034817833453416824,0.034817833453416824,,0.03658415749669075,0.034817833453416824,,0.03658415749669075,0.034817833453416824,0.0349900983273983,0.030303621664643288,0.03763609379529953,0.034719984978437424,0.03658415749669075,0.03658415749669075,0.03766149282455444,0.037808358669281006,0.03763609379529953,0.04605777561664581,0.03658415749669075,,0.04060772433876991,0.03658415749669075,
2022-12-01,0.04240429028868675,0.04130977764725685,0.04130977764725685,,0.04130977764725685,0.04130977764725685,0.04130977764725685,0.041726965457201004,0.04130977764725685,0.04130977764725685,0.04130977764725685,0.04240429028868675,0.040869876742362976,0.04240429028868675,0.04240429028868675,0.03192160278558731,,0.04130977764725685,,,0.04240429028868675,0.04240429028868675,,0.04130977764725685,,0.04130977764725685,0.040869876742362976,,0.04240429028868675,0.04130977764725685,,0.04130977764725685,0.04240429028868675,,0.04240429028868675,,0.04130977764725685,0.04130977764725685,,,0.04130977764725685,0.04240429028868675,0.04240429028868675,0.04240429028868675,,0.04130977764725685,0.04240429028868675,,0.04130977764725685,0.04130977764725685,,0.04240429028868675,0.04130977764725685,,,0.04957645758986473,,0.032587870955467224,0.04130977764725685,0.04130977764725685,0.04130977764725685,0.04130977764725685,0.03899414837360382,,0.0444909930229187,,,,0.041300900280475616,0.041300900280475616,0.05387622117996216,0.03192160278558731,0.040869876742362976,0.03192160278558731,0.03899414837360382,,,,,0.04240429028868675,,,0.04240429028868675,,,,0.04240429028868675,0.04240429028868675,,0.03926362469792366,,0.04240429028868675,,0.0444909930229187,0.04130977764725685,0.04130977764725685,,0.04240429028868675,0.04130977764725685,,0.04240429028868675,0.04130977764725685,0.04130977764725685,0.04240429028868675,0.04240429028868675,0.04240429028868675,0.03192160278558731,0.04240429028868675,0.04130977764725685,0.04240429028868675,0.04240429028868675,0.04240429028868675,0.04240429028868675,,0.04240429028868675,0.04240429028868675,0.05057477205991745
2023-03-01,0.023585768416523933,0.04114389792084694,0.04114389792084694,,0.037844788283109665,0.037844788283109665,0.037844788283109665,0.04082975536584854,0.037844788283109665,0.037844788283109665,0.040906623005867004,0.04114389792084694,0.037844788283109665,0.041295669972896576,0.04114389792084694,0.02036818489432335,,0.037844788283109665,,,0.04114389792084694,0.04114389792084694,,0.037844788283109665,,0.051023319363594055,0.03880978003144264,,0.04114389792084694,0.037844788283109665,,0.037844788283109665,0.04114389792084694,,0.041295669972896576,,0.037844788283109665,0.040906623005867004,,,0.037844788283109665,0.04114389792084694,0.04114389792084694,0.04114389792084694,,0.037844788283109665,0.04114389792084694,,0.040906623005867004,0.04114389792084694,,0.037844788283109665,0.037844788283109665,,,0.04293787479400635,,0.037844788283109665,0.037844788283109665,0.037844788283109665,0.040906623005867004,0.040906623005867004,0.04271802306175232,,0.04840123653411865,,,,0.04027903452515602,0.03880978003144264,0.05434605851769447,0.02036818489432335,0.03880978003144264,0.03610288351774216,0.030889077112078667,,,,,0.041295669972896576,,,0.03228341415524483,,,,0.04114389792084694,0.04114389792084694,,0.0392078272998333,,0.04114389792084694,,0.042367346584796906,0.037844788283109665,0.037844788283109665,,0.04114389792084694,0.037844788283109665,,0.04114389792084694,0.037844788283109665,0.03880978003144264,0.037844788283109665,0.04114389792084694,0.041295669972896576,0.03610288351774216,0.04114389792084694,0.037844788283109665,0.037844788283109665,0.04114389792084694,0.04114389792084694,0.04114389792084694,,0.041295669972896576,0.04114389792084694,0.043382804840803146
2023-06-01,0.026859592646360397,0.03408798947930336,0.03239281103014946,,0.032702308148145676,0.034245606511831284,0.032702308148145676,0.03586253523826599,0.032332077622413635,0.03239281103014946,0.032702308148145676,0.027345698326826096,0.032702308148145676,0.034245606511831284,0.034245606511831284,0.026859592646360397,,0.032702308148145676,,,0.03408798947930336,0.034245606511831284,,0.03239281103014946,,0.026595868170261383,0.03590812534093857,,0.034245606511831284,0.032702308148145676,,0.032702308148145676,0.034245606511831284,,0.034245606511831284,,0.032793086022138596,0.032816722989082336,,,0.03239281103014946,0.034245606511831284,0.03408798947930336,0.034245606511831284,,0.034245606511831284,0.034245606511831284,,0.03239281103014946,0.034245606511831284,,0.03239281103014946,0.03263546898961067,,,0.03579371050000191,,0.03408798947930336,0.03239281103014946,0.03250722587108612,0.032816722989082336,0.032702308148145676,0.026859592646360397,,0.03510604426264763,,,,0.025608345866203308,0.03477459400892258,0.032702308148145676,0.02512224018573761,0.03511270508170128,0.026859592646360397,0.025208063423633575,,,,,0.034245606511831284,,,0.03408798947930336,,,,0.034245606511831284,0.028074700385332108,,0.035423990339040756,,0.03408798947930336,,0.02881486900150776,0.03239281103014946,0.03239281103014946,,0.034245606511831284,0.03239281103014946,,0.034245606511831284,0.03239281103014946,0.032332077622413635,0.03408798947930336,0.03408798947930336,0.034245606511831284,0.03408798947930336,0.03408798947930336,0.03239281103014946,0.032702308148145676,0.034245606511831284,0.034245606511831284,0.034245606511831284,,0.034245606511831284,0.03408798947930336,0.03207356110215187
2023-09-01,0.03322228416800499,0.03410904109477997,0.025296010076999664,,0.030834540724754333,0.03410904109477997,0.030834540724754333,0.03476126864552498,0.03071867860853672,0.028801286593079567,0.030366387218236923,0.035812266170978546,0.030834540724754333,0.03410904109477997,0.02801664173603058,0.02430719882249832,,0.030834540724754333,,,0.03410904109477997,0.03410904109477997,,0.02513033151626587,,0.027984051033854485,0.028285078704357147,,0.03410904109477997,0.030834540724754333,,0.029853584244847298,-0.012889453209936619,,0.03410904109477997,,0.028801286593079567,0.031699635088443756,,,0.0277705155313015,0.03410904109477997,0.03725099936127663,0.03497413173317909,,0.029616566374897957,0.02801664173603058,,0.02655176632106304,0.03410904109477997,,0.026111289858818054,0.03410904109477997,,,0.02991759404540062,,0.02801664173603058,0.028751473873853683,0.027936194092035294,0.030834540724754333,0.029853584244847298,0.030825333669781685,,0.03725099936127663,,,,0.03433551639318466,0.03389044851064682,0.031699635088443756,0.03327016159892082,0.043021220713853836,0.0304474588483572,0.025747336447238922,,,,,0.03410904109477997,,,0.02801664173603058,,,,0.03762887418270111,0.03089252859354019,,0.044041864573955536,,0.03448691591620445,,0.00516291381791234,0.02513033151626587,0.028801286593079567,,0.03410904109477997,0.026111289858818054,,0.03410904109477997,0.026111289858818054,0.030834540724754333,0.026111289858818054,0.00790737010538578,0.03041979670524597,0.02801664173603058,0.02801664173603058,0.027495717629790306,0.031699635088443756,0.02801664173603058,0.03410904109477997,0.03410904109477997,,0.03410904109477997,0.02801664173603058,0.028137866407632828
2023-12-01,0.030604902654886246,0.030604902654886246,0.025821160525083542,,0.025821160525083542,0.030604902654886246,0.025821160525083542,0.05080746114253998,0.03140444681048393,0.021704168990254402,0.026835108175873756,0.036528561264276505,0.02563389390707016,0.030604902654886246,0.028713783249258995,0.025434348732233047,,0.025821160525083542,,,0.030604902654886246,0.030604902654886246,,0.025144388899207115,,0.03103877790272236,0.038846977055072784,,0.030604902654886246,0.025821160525083542,,0.02563389390707016,0.060104288160800934,,0.030604902654886246,,0.02151690237224102,0.025821160525083542,,,0.025144388899207115,0.030604902654886246,0.03580577298998833,0.030604902654886246,,0.026835108175873756,0.024116933345794678,,0.026835108175873756,0.030604902654886246,,0.026835108175873756,0.025144388899207115,,,0.03258688747882843,,0.025821160525083542,0.02563389390707016,0.03103877790272236,0.026835108175873756,0.025144388899207115,0.028362249955534935,,0.035689301788806915,,,,0.025946447625756264,0.034979142248630524,0.025821160525083542,0.02882312424480915,0.04040459170937538,0.028311025351285934,-0.009095020592212677,,,,,0.030604902654886246,,,0.028713783249258995,,,,0.035857003182172775,0.030604902654886246,,0.03631141036748886,,0.030656127259135246,,0.03580577298998833,0.025144388899207115,0.02227025106549263,,0.030604902654886246,0.022330904379487038,,0.030604902654886246,0.02563389390707016,0.025821160525083542,0.025459760800004005,0.028713783249258995,0.03703933581709862,0.028713783249258995,0.028713783249258995,0.021704168990254402,0.025821160525083542,0.028713783249258995,0.030604902654886246,0.030604902654886246,,0.030604902654886246,0.028713783249258995,0.026851389557123184
2024-03-01,0.032398831099271774,0.032398831099271774,0.020698687061667442,,0.025225955992937088,0.032398831099271774,0.0229392871260643,0.031705524772405624,0.03096143715083599,0.01937682181596756,0.025225955992937088,0.03749193251132965,0.022882163524627686,-0.017460394650697708,0.020450497046113014,0.008519693277776241,,0.025225955992937088,,,0.032398831099271774,0.032398831099271774,,0.01835489459335804,,0.013280426152050495,0.027673201635479927,,0.032398831099271774,0.025225955992937088,,0.022882163524627686,0.04057534784078598,,0.032398831099271774,,0.018967561423778534,0.025225955992937088,,,0.01835489459335804,0.032398831099271774,0.032398831099271774,0.03451887145638466,,0.02298535592854023,0.0193526279181242,,0.02298535592854023,0.032398831099271774,,0.020698687061667442,0.01835489459335804,,,0.024657653644680977,,-0.01598433405160904,0.020698687061667442,0.027237243950366974,0.025225955992937088,0.022882163524627686,0.02420544996857643,,0.04181801900267601,,,,0.020467979833483696,0.03515361621975899,0.025225955992937088,0.015463744290173054,,0.015463744290173054,0.00805020984262228,,,,,0.032398831099271774,,,-0.022194650024175644,,,,0.032398831099271774,0.020357303321361542,,0.05202896520495415,,0.032398831099271774,,0.032398831099271774,0.020641563460230827,0.018967561423778534,,0.032398831099271774,0.018967561423778534,,0.032398831099271774,0.02298535592854023,0.027344489470124245,0.01835489459335804,-0.022111766040325165,0.052191756665706635,0.04056030884385109,0.020450497046113014,0.018967561423778534,0.025635216385126114,0.020698687061667442,0.032398831099271774,0.035371892154216766,,0.03181922435760498,0.020450497046113014,-0.11549782007932663
2024-06-01,0.03233780711889267,0.0307607464492321,0.0307607464492321,,0.021188976243138313,0.03656942397356033,0.0373266376554966,0.035382386296987534,0.05513935536146164,0.021267078816890717,0.029567688703536987,0.04682920128107071,0.02193606272339821,-0.0017830721335485578,0.018443439155817032,0.010216312482953072,,0.01847131922841072,,,0.03656942397356033,0.03656942397356033,,0.008217212744057178,,0.0029321913607418537,0.03339480981230736,,0.02920154668390751,0.02193606272339821,,0.012154482305049896,-0.02288948744535446,,0.03071022406220436,,0.020728308707475662,0.0282040573656559,,,0.016527295112609863,0.03656942397356033,0.03656942397356033,0.022474832832813263,,0.02226707525551319,0.005169567186385393,,0.020536985248327255,0.03656942397356033,,-0.24399524927139282,0.024370046332478523,,,0.04266227409243584,,-0.179184690117836,0.021188976243138313,0.0071399700827896595,0.02193606272339821,0.02193606272339821,0.016261959448456764,,0.030026251450181007,,,,0.036467719823122025,0.03543553501367569,0.022474832832813263,0.012984482571482658,,0.014763056300580502,-0.007976529188454151,,,,,0.03656942397356033,,,0.02240661531686783,,,,0.03307342156767845,0.01044121291488409,,0.05156629532575607,,0.03475145623087883,,-0.030796531587839127,0.016707150265574455,0.023323336616158485,,0.03475145623087883,-0.0007369667873717844,,0.03475145623087883,0.020536985248327255,0.031972404569387436,0.0307607464492321,-0.06506720930337906,-0.06222563236951828,0.03029492311179638,0.0307607464492321,0.020536985248327255,0.01835753209888935,0.01978989876806736,0.0348198339343071,0.05710747465491295,,0.035533662885427475,0.0307607464492321,-0.20993992686271667
2024-09-01,0.03178323805332184,0.026271900162100792,0.026271900162100792,,0.028997741639614105,0.03178323805332184,0.028997741639614105,0.04350227490067482,0.02987036295235157,0.028997741639614105,0.03172154352068901,0.02403496764600277,0.028997741639614105,0.01159569900482893,0.026271900162100792,0.026271900162100792,,0.028997741639614105,,,0.03178323805332184,0.03178323805332184,,0.02848542295396328,,0.02848542295396328,0.031084716320037842,,0.02848542295396328,0.028997741639614105,,0.02848542295396328,0.01159569900482893,,0.03178323805332184,,0.028492335230112076,0.03172154352068901,,,0.02848542295396328,0.03178323805332184,0.03178323805332184,0.028997741639614105,,0.028997741639614105,0.025830339640378952,,0.028997741639614105,0.03178323805332184,,-0.019448351114988327,-0.019448351114988327,,,0.02848542295396328,,-0.019448351114988327,0.028492335230112076,0.028492335230112076,0.02987036295235157,0.02848542295396328,0.025830339640378952,,0.032815031707286835,,,,0.030453195795416832,0.032815031707286835,0.028492335230112076,0.02403496764600277,,0.02403496764600277,0.02798001654446125,,,,,0.03178323805332184,,,0.026271900162100792,,,,0.03178323805332184,0.025365008041262627,,0.02183048240840435,,0.03178323805332184,,0.03178323805332184,0.026271900162100792,0.028492335230112076,,0.03178323805332184,0.028492335230112076,,0.03178323805332184,0.028997741639614105,0.03172154352068901,0.028997741639614105,0.014909067191183567,0.031181752681732178,0.026271900162100792,0.026271900162100792,0.028997741639614105,0.028997741639614105,0.028997741639614105,0.03178323805332184,0.03178323805332184,,0.03281310200691223,0.026271900162100792,0.025830339640378952
2024-12-01,0.0247588399797678,0.027804486453533173,0.027804486453533173,,0.0247588399797678,0.027804486453533173,0.0247588399797678,0.02471867762506008,0.0247588399797678,0.0247588399797678,0.028239896520972252,0.02471867762506008,0.0247588399797678,0.021054707467556,0.027804486453533173,0.027804486453533173,,0.0247588399797678,,,0.027804486453533173,0.027804486453533173,,0.0247588399797678,,0.0247588399797678,0.028239896520972252,,0.027804486453533173,0.0247588399797678,,0.0247588399797678,0.03188600391149521,,0.027804486453533173,,0.0247588399797678,0.028239896520972252,,,0.0247588399797678,0.027804486453533173,0.027804486453533173,0.0247588399797678,,0.0247588399797678,0.024654613807797432,,0.0247588399797678,0.027804486453533173,,0.0247588399797678,0.027804486453533173,,,0.028239896520972252,,0.0247588399797678,0.0247588399797678,0.0247588399797678,0.0247588399797678,0.0247588399797678,0.02890589088201523,,0.02471867762506008,,,,0.027804486453533173,0.02471867762506008,0.0247588399797678,0.02471867762506008,,0.02471867762506008,0.0247588399797678,,,,,0.0247588399797678,,,0.034272823482751846,,,,0.027804486453533173,0.02471867762506008,,0.028239896520972252,,0.0247588399797678,,0.027804486453533173,0.027804486453533173,0.0247588399797678,,0.027804486453533173,0.0247588399797678,,0.027804486453533173,0.0247588399797678,0.028239896520972252,0.027804486453533173,-0.0015604293439537287,-0.0015604293439537287,0.027804486453533173,0.02471867762506008,0.0247588399797678,0.0247588399797678,0.0247588399797678,0.027804486453533173,0.027804486453533173,,0.027804486453533173,0.027804486453533173,0.02905368246138096
2025-03-01,0.02902217023074627,0.02902217023074627,0.02902217023074627,,0.027366813272237778,0.029580723494291306,0.027366813272237778,0.02573326788842678,0.0282583087682724,0.027366813272237778,-0.035161517560482025,0.025675512850284576,0.027366813272237778,0.009017985314130783,0.029580723494291306,0.02902217023074627,,0.027366813272237778,,,0.029580723494291306,0.029580723494291306,,0.03877280652523041,,0.027366813272237778,0.02861628867685795,,0.029580723494291306,0.027366813272237778,,0.027366813272237778,0.009990767575800419,,0.029580723494291306,,0.029580723494291306,0.028623372316360474,,,0.027366813272237778,0.029580723494291306,0.029580723494291306,0.027366813272237778,,0.027366813272237778,0.027741320431232452,,0.027366813272237778,0.029580723494291306,,0.03464575856924057,0.029580723494291306,,,0.0282583087682724,,0.03877280652523041,0.027314472943544388,0.027366813272237778,0.027366813272237778,0.027366813272237778,0.027741320431232452,,0.02991366572678089,,,,0.029580723494291306,0.028084147721529007,0.027366813272237778,0.026445187628269196,,,0.02991366572678089,,,,,0.027366813272237778,,,0.024126380681991577,,,,0.02902217023074627,0.02902217023074627,,0.02618236094713211,,0.027366813272237778,,0.029580723494291306,0.02902217023074627,0.027366813272237778,,0.02902217023074627,0.027366813272237778,,0.02902217023074627,0.027366813272237778,0.028623372316360474,0.027366813272237778,0.017649933695793152,0.03877280652523041,0.033102162182331085,0.02902217023074627,0.027366813272237778,0.023539956659078598,0.027366813272237778,0.029580723494291306,0.029580723494291306,,0.029580723494291306,0.02902217023074627,0.006159413140267134
2025-06-01,0.02671734429895878,0.02671734429895878,0.02671734429895878,,0.025835255160927773,0.026978379115462303,0.025835255160927773,0.02526288479566574,0.026439717039465904,0.025835255160927773,0.02930581569671631,0.02526288479566574,0.025835255160927773,0.02280772104859352,0.026978379115462303,0.02671734429895878,,0.025835255160927773,,,0.026941809803247452,0.026978379115462303,,0.0026917734649032354,,0.026376161724328995,0.03343983367085457,,0.026978379115462303,0.025835255160927773,,0.025835255160927773,-0.05481076240539551,,0.026978379115462303,,0.025835255160927773,0.026439717039465904,,,0.025835255160927773,0.02671734429895878,0.026978379115462303,0.025835255160927773,,0.025835255160927773,0.02526288479566574,,0.025835255160927773,0.026978379115462303,,0.02930581569671631,0.026978379115462303,,,0.02532644011080265,,0.004210828337818384,0.02526288479566574,0.025835255160927773,0.025835255160927773,0.025835255160927773,0.02676953375339508,,0.02676953375339508,,,,,0.025523919612169266,0.025835255160927773,0.02526288479566574,,,0.026376161724328995,0.026376161724328995,,,,0.026978379115462303,,,0.0029346735682338476,,,,0.025775767862796783,0.02671734429895878,,0.032248374074697495,,0.025835255160927773,,0.026978379115462303,0.026941809803247452,0.025835255160927773,,0.02671734429895878,0.025835255160927773,,0.02526288479566574,0.025835255160927773,0.026439717039465904,0.02671734429895878,0.026978379115462303,0.0034555140882730484,0.026734281331300735,0.025775767862796783,0.025835255160927773,0.025835255160927773,0.025835255160927773,0.026978379115462303,0.026978379115462303,,0.026978379115462303,0.02671734429895878,-0.005720085930079222
2025-09-01,0.024846678599715233,0.027751555666327477,0.02464824914932251,,0.02547856979072094,0.031145920976996422,0.02547856979072094,0.03509758785367012,0.025594666600227356,0.024846678599715233,0.025924377143383026,0.0182177871465683,0.02547856979072094,0.03125809505581856,0.031145920976996422,0.024566495791077614,,0.031145920976996422,,,0.02547856979072094,0.031145920976996422,,0.025608886033296585,,0.024846678599715233,0.018676236271858215,,0.028073035180568695,0.02547856979072094,,0.02547856979072094,-0.9758250713348389,,0.031145920976996422,,0.02547856979072094,0.027595320716500282,,,0.02547856979072094,0.03125809505581856,0.031145920976996422,0.02547856979072094,,0.024846678599715233,0.018841736018657684,,0.02497699484229088,0.031145920976996422,,0.00221656309440732,0.015298518352210522,,,0.022493740543723106,,0.025608886033296585,0.020691044628620148,0.0187978595495224,0.02547856979072094,0.02547856979072094,0.024432439357042313,,0.030457092449069023,,,,,0.030415792018175125,0.024846678599715233,0.016110464930534363,,,0.024432439357042313,0.030970435589551926,0.024846678599715233,,,0.03089146316051483,,,,,,,0.030480340123176575,0.027751555666327477,,-0.012313224375247955,,0.024846678599715233,,0.02522897906601429,0.02815478853881359,,,0.02763938158750534,0.02497699484229088,,0.022531000897288322,0.025608886033296585,0.027595320716500282,0.02464824914932251,0.024889592081308365,0.02815478853881359,0.06328132748603821,0.021301299333572388,0.02497699484229088,0.02842070907354355,0.02041378803551197,0.03089146316051483,0.03125809505581856,,0.03089146316051483,0.021383052691817284,-0.1555831879377365
2025-12-01,0.025696706026792526,0.029018983244895935,0.023061776533722878,,0.028528189286589622,0.034550055861473083,0.028528189286589622,0.06661373376846313,0.04023630917072296,0.028528189286589622,0.01355184055864811,0.030803754925727844,0.028528189286589622,0.036253172904253006,0.034550055861473083,,,0.028528189286589622,,,0.028528189286589622,0.034550055861473083,,0.027042556554079056,,0.028528189286589622,0.0540180429816246,,0.026689903810620308,,,0.028528189286589622,,,0.034550055861473083,,0.034550055861473083,0.03623117133975029,,,0.052692875266075134,0.034550055861473083,6.925057095941156e-05,0.028528189286589622,,0.025388993322849274,0.01744777150452137,,0.023061776533722878,0.023259419947862625,,0.024248013272881508,,,,0.02095925435423851,,0.027387209236621857,0.013021379709243774,0.022632528096437454,,0.027300074696540833,0.034596037119627,,0.021976783871650696,,,,,0.028429454192519188,0.028528189286589622,0.02075999602675438,,,0.022485390305519104,0.014859973452985287,0.02348604053258896,,,0.036253172904253006,,,,,,,,0.030481897294521332,,0.0072851539589464664,,0.029018983244895935,,0.0077262199483811855,0.026345251128077507,,,0.030008159577846527,0.024248013272881508,,0.030624233186244965,,0.03633083775639534,0.024248013272881508,0.020391061902046204,0.026689903810620308,0.07595523446798325,0.014859973452985287,0.027387209236621857,0.03190898522734642,,0.036253172904253006,0.026689903810620308,,0.03270667791366577,0.014859973452985287,
