ann_return,ann_vol,sharpe,cum_return,max_drawdown
0.06163002222066357,0.11804242116206645,0.5221006280110824,0.5274899630960277,-0.18171087890543236
