,1380,1661,1678,2991,4430,4503,5439,5581,6310,6788,7017,7620,7912,7938,8068,8151,8549,9258,9465,9904,10466,11506,11923,11925,12256,12892,14359,14878,14934,15247,16478,18289,18465,20548,23827,26028,28256,28338,29173,30923,31109,32106,34034,43507,61409,63892,120093,141400,147398,150699,154357,155393,162448,164046,170750,170841,177884,186989,187128,220474,287882,312009,322985,327675
2001-03-01,0.007699812762439251,0.02138529159128666,0.006423349492251873,0.023986071348190308,0.008166581392288208,0.0027411580085754395,0.006423349492251873,0.013463873416185379,0.038726806640625,0.0015868023037910461,0.011702066287398338,0.008166581392288208,0.006423349492251873,0.006423349492251873,0.009443042799830437,0.008166581392288208,0.013445297256112099,-0.015450619161128998,0.011856417171657085,0.013456161133944988,0.012865811586380005,0.006423349492251873,0.006423349492251873,0.011856417171657085,0.020873326808214188,,0.006423349492251873,,0.007699812762439251,0.0039978232234716415,0.006423349492251873,,,0.007699812762439251,,,0.014857064932584763,0.006423349492251873,0.006423349492251873,,,,,,0.01022245828062296,0.015952227637171745,,0.008818491362035275,,,,,,,,,,,,,,,,
2001-06-01,0.016733046621084213,0.0004040486237499863,0.016733046621084213,0.02457083947956562,0.016733046621084213,0.016733046621084213,0.021945951506495476,0.027625830844044685,0.02425280027091503,0.033592671155929565,0.02425280027091503,0.02425280027091503,0.016733046621084213,0.016733046621084213,0.016733046621084213,0.016733046621084213,0.02425280027091503,0.027625830844044685,0.027625830844044685,0.033592671155929565,0.02425280027091503,0.021945951506495476,0.016733046621084213,0.027625830844044685,0.026580309495329857,,0.016733046621084213,,0.027625830844044685,0.02425280027091503,0.016733046621084213,,,0.016733046621084213,,,0.023676389828324318,0.025738373398780823,0.016733046621084213,,,,,,0.012572113424539566,0.021945951506495476,0.01563842035830021,0.016733046621084213,,,,,,,,,,,,,,,,
2001-09-01,0.02315179631114006,0.028248844668269157,0.02315179631114006,0.02282717637717724,0.02383548580110073,0.021676095202565193,0.0239707101136446,0.03166837617754936,0.02461416646838188,0.054351162165403366,0.026477180421352386,0.022454775869846344,0.021676095202565193,0.012668889947235584,0.022454775869846344,0.02129261940717697,0.022454775869846344,0.028248844668269157,0.023823238909244537,0.03208346292376518,0.026477180421352386,0.026130100712180138,0.02315179631114006,0.03278874233365059,0.04375898092985153,,0.021676095202565193,,0.026580816134810448,0.026477180421352386,0.021676095202565193,,,0.021676095202565193,,,0.03628665208816528,0.02221805788576603,0.021676095202565193,,,,,,0.029546229168772697,0.0239707101136446,0.006334378849714994,0.02152862399816513,,,,,,,,,,,,,,,,
2001-12-01,0.04373040050268173,0.03488023206591606,0.02062445506453514,0.02875276654958725,0.02810163050889969,0.02062445506453514,0.033082954585552216,0.033136043697595596,0.033444277942180634,0.05533698946237564,0.03601563721895218,0.025250690057873726,0.02062445506453514,0.008245342411100864,0.03601563721895218,0.027795840054750443,0.025250690057873726,0.06354144960641861,0.033082954585552216,0.042839132249355316,0.023534484207630157,0.033082954585552216,0.04162929579615593,0.035082850605249405,0.0925082340836525,,0.02062445506453514,,0.02062445506453514,0.03601563721895218,0.02062445506453514,,,0.02062445506453514,,,0.04039745032787323,0.03691066801548004,0.02062445506453514,,,,,,0.013204441405832767,0.033082954585552216,0.0035251665394753218,0.02810163050889969,,,,,,,,,,,,,,,,
2002-03-01,0.03458859398961067,0.01406791340559721,0.02219284512102604,0.02940291538834572,0.02823103778064251,0.02219284512102604,0.034106891602277756,0.02336728572845459,0.02059396542608738,0.0806574746966362,0.029519103467464447,0.029519103467464447,0.02219284512102604,0.024656282737851143,0.035557303577661514,0.038891177624464035,0.035557303577661514,0.02336728572845459,0.03403770551085472,0.06577950716018677,0.029519103467464447,0.02035866491496563,0.02661583013832569,0.02336728572845459,0.06900708377361298,,0.03369193524122238,,0.034106891602277756,0.035557303577661514,0.022058099508285522,,,0.02219284512102604,,,0.04624146223068237,0.02555517666041851,0.02219284512102604,0.03665490821003914,,,,,0.02908087708055973,-0.06332629919052124,0.05706876516342163,,,,,,,,,,,,,,,,,
2002-06-01,0.022518938407301903,0.012131037190556526,0.019640708342194557,0.022518938407301903,0.02148672752082348,0.014915171079337597,0.02184043638408184,0.03295189142227173,0.025364497676491737,0.03318514674901962,0.026219278573989868,0.02198559045791626,0.021627772599458694,0.0183920506387949,0.02684742771089077,0.02684742771089077,0.02675262652337551,0.03678722679615021,0.01730296015739441,0.03701125085353851,0.03387077897787094,0.02637474611401558,0.018533017486333847,0.035882361233234406,0.06689609587192535,,0.02148672752082348,,0.01216400507837534,0.020257655531167984,0.021869540214538574,,,0.02148672752082348,,,0.06456421315670013,0.04000970721244812,0.021869540214538574,0.03914722427725792,,,,,0.02708599716424942,0.002476454246789217,0.032458797097206116,0.022518938407301903,0.04315002262592316,,,,,,,,,,,,,,,
2002-09-01,0.019132360816001892,0.015773868188261986,0.01585637964308262,0.019132360816001892,0.020273178815841675,0.019132360816001892,0.018646640703082085,0.029395882040262222,0.020329641178250313,0.04410490021109581,0.020838463678956032,0.018561862409114838,0.02680301107466221,0.019132360816001892,0.019132360816001892,0.021480824798345566,0.021408962085843086,0.03647704795002937,0.0197745431214571,0.029065700247883797,0.018646640703082085,0.04265167564153671,0.0186905637383461,0.029395882040262222,0.06687965244054794,,0.01746189221739769,,0.021480824798345566,0.021408962085843086,0.0186905637383461,,,0.01799657754600048,,,0.04410490021109581,0.022954026237130165,0.0186905637383461,0.03676730394363403,,,,,0.03811606392264366,0.016556695103645325,0.010092861950397491,0.019132360816001892,0.0215984508395195,,,,,,,,,,,,,,,
2002-12-01,-0.005596572067588568,0.024816617369651794,0.010067760944366455,0.010398653335869312,0.012288881465792656,0.006786026060581207,0.029226714745163918,0.009282484650611877,0.010398653335869312,0.015108036808669567,0.013869838789105415,0.010179277509450912,0.014482703059911728,0.015848377719521523,0.010398653335869312,0.021083107218146324,0.010398653335869312,0.0001651919010328129,0.010179277509450912,0.015108036808669567,0.0010962942615151405,0.015481825917959213,0.010398653335869312,0.006558554247021675,0.02137993462383747,,0.012869277969002724,,0.016339987516403198,0.007042569573968649,0.013475346378982067,,,0.014300580136477947,,,0.013869838789105415,0.004698213189840317,0.010398653335869312,0.023273659870028496,,,,,0.00456127617508173,0.023770827800035477,0.014482703059911728,0.006043447181582451,0.013139218091964722,0.006786026060581207,,,,,,,,,,,,,,
2003-03-01,0.015781670808792114,0.015781670808792114,0.015781670808792114,0.015781670808792114,0.015781670808792114,0.015781670808792114,0.01324640866369009,0.015781670808792114,0.015781670808792114,0.01697869598865509,0.01697869598865509,0.015781670808792114,0.01605360582470894,0.015781670808792114,0.015781670808792114,0.01697869598865509,0.015781670808792114,0.015781670808792114,0.015781670808792114,0.019633430987596512,0.01324640866369009,-0.010325190611183643,0.015781670808792114,0.015781670808792114,0.002341823885217309,,0.015781670808792114,,0.015781670808792114,0.01697869598865509,0.015901140868663788,,,0.019633430987596512,,,0.01697869598865509,0.015781670808792114,0.015781670808792114,0.011596690863370895,,,,,0.007369559723883867,0.018746688961982727,0.021294554695487022,0.01697869598865509,0.015781670808792114,0.015781670808792114,,,,,,,,,,,,,,
2003-06-01,0.019279470667243004,0.012498850002884865,0.025846263393759727,0.01907520368695259,0.017863940447568893,0.01907520368695259,0.009591343812644482,0.0250755175948143,0.025846263393759727,0.014941476285457611,0.01919943280518055,0.017863940447568893,0.01628812775015831,0.02188919298350811,0.019279470667243004,0.032230544835329056,0.01769161969423294,0.007095596753060818,0.017863940447568893,0.02279803901910782,0.014041275717318058,0.05240672081708908,0.02833566442131996,0.011350387707352638,0.005753210745751858,,0.017863940447568893,,0.03138381987810135,0.01804407499730587,0.024248743429780006,,,0.014041275717318058,,,0.01628812775015831,0.028063831850886345,0.025846263393759727,0.046622008085250854,,,,,0.01593976467847824,0.05717688053846359,0.013448459096252918,0.014041275717318058,0.04801787808537483,0.04269130155444145,,,,,,,,,,,,,,
2003-09-01,0.015860963612794876,0.010430439375340939,0.0075725954957306385,0.014176741242408752,0.008998327888548374,0.013722797855734825,0.01625905930995941,0.007999235764145851,0.008458671160042286,0.016110964119434357,0.014557937160134315,0.008458671160042286,0.014835069887340069,0.012759792618453503,0.014762920327484608,0.020011544227600098,0.005855349823832512,0.0075725954957306385,0.008458671160042286,0.015637243166565895,0.006428788416087627,0.006475937087088823,0.007915901951491833,0.009964893572032452,0.0014864837285131216,,0.008458671160042286,,0.006656074430793524,0.014557937160134315,0.01625905930995941,,,0.0051706149242818356,,,0.014511413872241974,0.013908513821661472,0.009321982972323895,0.026398228481411934,,,,,0.005611257627606392,-0.010412278585135937,0.020155809819698334,0.0077221025712788105,0.0019563573878258467,0.0075725954957306385,,,,,,,,,,,,,,
2003-12-01,0.0031144616659730673,0.0039349705912172794,0.0031144616659730673,0.0031144616659730673,0.0031144616659730673,0.0031144616659730673,0.005319356452673674,-0.03500433266162872,0.0031144616659730673,0.0059657772071659565,0.005319356452673674,0.0031144616659730673,0.005319356452673674,0.0031144616659730673,0.0031144616659730673,0.00984865054488182,0.0031144616659730673,0.0031144616659730673,-0.007273881696164608,0.0059657772071659565,0.0059657772071659565,-0.054640620946884155,0.0031144616659730673,0.0031144616659730673,-0.013341362588107586,,0.0031144616659730673,,0.0031144616659730673,0.005319356452673674,0.005319356452673674,,,0.0059657772071659565,,,0.005319356452673674,0.0031144616659730673,0.0031144616659730673,0.00984865054488182,,,,,-0.016127534210681915,-0.024741994217038155,0.00916050560772419,0.04402957856655121,0.0031144616659730673,0.0031144616659730673,,,,,,,,,,,,,,
2004-03-01,0.008212835527956486,0.02587836980819702,0.004127211403101683,0.00928239244967699,0.008212835527956486,0.004127211403101683,-0.0008268909878097475,0.006826840806752443,0.00928239244967699,0.010831993073225021,0.008212835527956486,0.00019510572019498795,0.008212835527956486,0.0027220870833843946,0.008212835527956486,0.008212835527956486,0.015905646607279778,0.014772200956940651,0.004127211403101683,0.010831993073225021,0.0009375877561978996,-0.005254311952739954,0.004127211403101683,0.011838722042739391,0.008136156015098095,,0.00019510572019498795,,0.004127211403101683,0.008212835527956486,0.008212835527956486,,,0.010831993073225021,,,0.008212835527956486,0.014772200956940651,0.004127211403101683,0.038411375135183334,,,,,0.02969076856970787,0.006826840806752443,-0.003244613530114293,-0.008593791164457798,0.0033744678366929293,0.004127211403101683,,0.014772200956940651,,,,,,,,,,,,
2004-06-01,0.007871640846133232,0.0013021202757954597,0.007871640846133232,0.007871640846133232,0.007871640846133232,0.00010325012408429757,0.0023186057806015015,0.007690453436225653,-0.01416502334177494,0.004351006355136633,0.008016061969101429,0.007871640846133232,0.011326017789542675,-0.00026999300462193787,0.007871640846133232,0.011326017789542675,0.007871640846133232,0.0002476669324096292,0.01715957745909691,0.011727731674909592,0.0071983239613473415,-0.017078813165426254,0.007871640846133232,0.008016061969101429,-0.001328088459558785,,0.00010325012408429757,,0.008016061969101429,0.007871640846133232,0.011326017789542675,,,0.010879430919885635,,,0.00010325012408429757,0.008016061969101429,0.007871640846133232,-0.006581320893019438,,,,,-0.0032924297265708447,-7.793759141350165e-05,0.004025712609291077,0.0002476669324096292,0.006006850861012936,0.00010325012408429757,,0.0002476669324096292,,,,,,,,,,,,
2004-09-01,0.010536004789173603,0.00711117684841156,0.010703346692025661,0.010703346692025661,0.011557714082300663,0.010703346692025661,0.0026301557663828135,0.009960150346159935,0.010703346692025661,0.013385890983045101,0.010536004789173603,0.010166153311729431,0.009893501177430153,0.005311138462275267,0.011557714082300663,0.01890406757593155,0.010536004789173603,0.008659180253744125,0.007015852723270655,0.015549012459814548,0.010536004789173603,0.0009223227389156818,0.011159021407365799,0.009893584996461868,-0.012206303887069225,,0.011557714082300663,,0.011159021407365799,0.010536004789173603,0.011557714082300663,,,0.015549012459814548,,,0.011557714082300663,0.00772834662348032,0.011557714082300663,0.009526257403194904,,,,,0.01555404532700777,-0.016170496121048927,-0.0036739117931574583,-0.0010632631601765752,0.02144942618906498,0.011285144835710526,,0.02144942618906498,,,,,,,,,,,,
2004-12-01,0.012350490316748619,0.0032311195973306894,0.011614218354225159,0.011614218354225159,0.011030291207134724,0.011614218354225159,0.019601624459028244,0.022990858182311058,0.011030291207134724,0.011030291207134724,0.012934417463839054,0.011614218354225159,0.011030291207134724,0.0029003890231251717,0.011030291207134724,0.006064396817237139,0.012350490316748619,0.0032311195973306894,0.009416869841516018,0.013034561648964882,0.012350490316748619,-0.00862550176680088,0.006064396817237139,0.011614218354225159,0.020870614796876907,,0.006064396817237139,,0.019225310534238815,0.012350490316748619,0.011030291207134724,,,0.01565704308450222,,,0.011030291207134724,0.019225310534238815,0.011030291207134724,0.015031910501420498,,,,,0.0065306928008794785,0.007147023919969797,-0.0077364807948470116,0.011614218354225159,0.019225310534238815,0.011614218354225159,,0.006064396817237139,,,,,,,,,,,,
2005-03-01,0.023804370313882828,0.01518337707966566,0.01518337707966566,0.01652122102677822,0.01652122102677822,0.01652122102677822,0.01518337707966566,-0.0157236997038126,0.01652122102677822,0.01518337707966566,0.021266143769025803,0.01652122102677822,0.010927515104413033,0.006222542375326157,0.01652122102677822,0.012265355326235294,0.021266143769025803,0.009722030721604824,0.01518337707966566,0.021506186574697495,0.019762905314564705,0.01518337707966566,0.025629831477999687,0.015117764472961426,0.029738349840044975,,0.01518337707966566,,0.025629831477999687,0.023804370313882828,0.01518337707966566,,,0.021506186574697495,,,0.01518337707966566,0.015117764472961426,0.01518337707966566,0.015149801969528198,,,,,0.01518337707966566,0.01518337707966566,0.01287754811346531,0.01518337707966566,0.01592070981860161,0.015117764472961426,,0.021588372066617012,,,,,,,,,,,,
2005-06-01,0.014898394234478474,0.01653810404241085,0.01653810404241085,0.01653810404241085,0.008888150565326214,0.01653810404241085,0.015006821602582932,0.009859373793005943,0.01653810404241085,0.012832519598305225,0.0861465185880661,0.01653810404241085,0.018755951896309853,0.0033046421594917774,0.01653810404241085,0.017613332718610764,0.016810448840260506,0.008868874981999397,0.01502071414142847,0.02928737923502922,0.017613332718610764,0.017613332718610764,0.01653810404241085,0.01653810404241085,0.08543112874031067,,0.014898394234478474,,0.03538888692855835,0.014898394234478474,0.01653810404241085,,,0.025410890579223633,,,0.011616263538599014,0.01653810404241085,0.01653810404241085,0.03646411374211311,,,,,0.01653810404241085,0.027042632922530174,0.007108434569090605,0.01653810404241085,0.021017001941800117,0.01653810404241085,,0.01653810404241085,0.011354345828294754,,,,,,,,,,,
2005-09-01,0.015007412992417812,0.011094068177044392,0.015531700104475021,0.04853881150484085,-0.0031507995445281267,0.0475354939699173,0.005660099443048239,0.003244927851483226,0.021604089066386223,-0.004784504417330027,0.02338646911084652,0.04952217638492584,0.017747320234775543,-0.005792077165096998,0.015531700104475021,-4.794734559254721e-05,0.024219810962677002,0.010197543539106846,0.0018198479665443301,-0.03412463143467903,0.02610561065375805,0.011513960547745228,0.012077445164322853,0.018174489960074425,0.10545186698436737,,0.011802216060459614,,0.014663580805063248,0.023661697283387184,0.011094068177044392,,,0.03915434330701828,,,0.01204101275652647,0.011057638563215733,0.015495267696678638,0.03624711558222771,,,,,0.00512336241081357,0.027188260108232498,-0.1046919971704483,0.023986084386706352,0.011081978678703308,0.024009162560105324,,0.031389668583869934,-0.008127016946673393,,,,,,,,,,,
2005-12-01,0.018445398658514023,0.015286996029317379,0.02006063610315323,0.028240909799933434,0.018562261015176773,0.027109447866678238,0.004052965436130762,0.004092816263437271,0.02317967638373375,-0.004484264180064201,0.024822672829031944,0.02819286845624447,0.022352008149027824,0.007071659434586763,0.01610688678920269,-0.01256550569087267,0.02319887839257717,-0.020746707916259766,0.004250654485076666,0.0067063928581774235,0.0258642565459013,-0.06042831763625145,0.015975885093212128,0.01868460699915886,0.15051713585853577,,0.01819271594285965,,0.024249248206615448,0.02298673987388611,0.006994938012212515,,,0.046945419162511826,,,0.006381598766893148,0.022759299725294113,0.019790317863225937,0.05147193744778633,,,,,0.0012722245883196592,-0.019579637795686722,0.027551976963877678,0.008652383461594582,0.04207030311226845,0.036129437386989594,,0.02027277462184429,-0.006909011397510767,,,,,,,,,,,
2006-03-01,0.024517785757780075,0.023456033319234848,0.024744966998696327,0.024744966998696327,0.007452137768268585,0.023456033319234848,0.01560930721461773,0.01823338307440281,0.024744966998696327,-0.0015848708571866155,0.024517785757780075,0.024744966998696327,0.025464490056037903,0.025317871943116188,0.023456033319234848,0.014718420803546906,0.025338536128401756,0.016147108748555183,0.01560930721461773,0.01778593100607395,0.024744966998696327,0.01079726591706276,0.024744966998696327,0.023456033319234848,-0.05136078968644142,,0.024744966998696327,,0.019377412274479866,0.024744966998696327,0.023456033319234848,,,0.03296121582388878,,,0.024744966998696327,0.024744966998696327,0.024744966998696327,0.03244927152991295,,,,,0.01837177388370037,0.025346528738737106,0.02872486785054207,0.02815099060535431,0.053752392530441284,0.035907082259655,,0.035907082259655,0.008342623710632324,0.05698562413454056,,,,,,,,,,
2006-06-01,0.0314895361661911,0.040425579994916916,0.0314895361661911,0.040623247623443604,0.02973071299493313,0.028988230973482132,0.027973830699920654,-0.0330255925655365,0.030354591086506844,0.028792141005396843,0.02978682331740856,0.023585833609104156,0.02979767881333828,0.02979767881333828,0.031193507835268974,0.029891610145568848,0.03249162808060646,0.03967666253447533,0.024920012801885605,0.021970978006720543,0.026794496923685074,0.03258534148335457,0.0314895361661911,0.024920012801885605,-0.06415165960788727,,0.03087904118001461,,0.03967666253447533,0.02979767881333828,0.028720512986183167,,,0.034044064581394196,,,0.02979767881333828,0.025792768225073814,0.029416019096970558,0.045038510113954544,,,,,-0.06415165960788727,0.029695652425289154,0.029173800721764565,0.02521708235144615,0.0446016751229763,0.029891610145568848,,0.034913111478090286,0.013659129850566387,0.021970978006720543,,,,,,,,,,
2006-09-01,0.03165079280734062,-0.06353425234556198,0.03050759807229042,0.04194941744208336,0.03187737241387367,0.04198337718844414,0.025829730555415154,0.04752984270453453,0.03209582343697548,0.03173583000898361,0.032032888382673264,0.03165079280734062,0.030829546973109245,0.020686570554971695,0.03165079280734062,0.03512522578239441,0.0287929717451334,0.04062449559569359,0.030829546973109245,0.024915196001529694,0.021379977464675903,0.031509172171354294,0.03176409378647804,0.025829730555415154,-0.06353425234556198,,0.04155902937054634,,0.03474313020706177,0.030394291505217552,0.025829730555415154,,,0.03525876998901367,,,0.03165079280734062,0.01420518010854721,0.03173583000898361,0.04041356220841408,,,,,0.0055671813897788525,0.020083339884877205,0.025016790255904198,0.0258436668664217,0.04502534866333008,0.03433167561888695,,0.03575153648853302,0.03173583000898361,0.013286877423524857,,,,,,,,,,
2006-12-01,0.03656696155667305,-0.0033235540613532066,0.03656696155667305,0.041499000042676926,0.03656696155667305,0.041499000042676926,0.041499000042676926,0.03151903301477432,0.03656696155667305,0.03656696155667305,0.03656696155667305,0.03656696155667305,0.03656696155667305,0.03656696155667305,0.03656696155667305,0.02993815205991268,0.03656696155667305,0.041499000042676926,0.03656696155667305,0.03656696155667305,0.041499000042676926,0.03656696155667305,0.03656696155667305,0.03859277442097664,0.04547562822699547,,0.03656696155667305,,0.03656696155667305,0.03656696155667305,0.03859277442097664,,,0.03768331557512283,,,0.03656696155667305,0.03859277442097664,0.03656696155667305,0.041499000042676926,,,,,0.019757071509957314,0.041499000042676926,0.03656696155667305,0.041499000042676926,0.041499000042676926,0.03656696155667305,,0.03656696155667305,0.03656696155667305,0.04045572876930237,,,,,,,,,,
2007-03-01,0.03528224676847458,0.025389621034264565,0.037938281893730164,0.03355476260185242,0.027302054688334465,0.02560960128903389,0.04896922409534454,0.033504512161016464,0.0324806272983551,0.006516292691230774,0.035213205963373184,0.004477859474718571,0.034529220312833786,0.03766573593020439,0.030095623806118965,0.03415823355317116,0.03663988783955574,0.04023619741201401,0.018973466008901596,0.023885533213615417,0.1116873025894165,0.03828802704811096,0.03039861097931862,0.025739040225744247,-0.012260357849299908,,0.031053470447659492,,0.03600052744150162,0.07924234867095947,0.02674667164683342,,,0.030380696058273315,,,0.011208614334464073,0.029467251151800156,0.0372219979763031,0.038125429302453995,,,,,0.009438062086701393,0.034137677401304245,0.027041302993893623,0.06477252393960953,0.04490460455417633,0.04116453602910042,,0.04010009765625,0.03561943396925926,0.019274910911917686,,,,,,,,,,
2007-06-01,0.033261045813560486,0.033354755491018295,0.036637794226408005,0.033354755491018295,0.03352342173457146,0.033354755491018295,0.033354755491018295,0.032702356576919556,0.033261045813560486,0.04227278009057045,0.033261045813560486,0.033261045813560486,0.033261045813560486,0.03034396842122078,0.033261045813560486,0.036637794226408005,0.036637794226408005,0.033354755491018295,0.033354755491018295,0.03081103228032589,0.036023639142513275,0.033261045813560486,0.036637794226408005,0.032702356576919556,0.031914547085762024,,0.03167827054858208,,0.036637794226408005,0.035929929465055466,0.033261045813560486,,,0.03739692270755768,,,0.033261045813560486,0.033354755491018295,0.03147264942526817,0.036731503903865814,,,,,0.03316321596503258,0.033261045813560486,0.033261045813560486,0.033354755491018295,0.036023639142513275,0.036637794226408005,,0.030716178938746452,0.03134755790233612,0.03298981860280037,,,,,,,,,,
2007-09-01,0.024265240877866745,0.03841235488653183,0.029464730992913246,0.027702180668711662,0.027240131050348282,0.028653252869844437,0.017982056364417076,0.02518887259066105,0.0330955795943737,0.029254423454403877,0.02426254376769066,0.03630496561527252,0.03341930732131004,0.027484074234962463,0.022474391385912895,0.034056156873703,-0.00447034602984786,0.03399647772312164,0.030158814042806625,0.05558851361274719,0.020285416394472122,0.03282780945301056,0.03623751923441887,0.021902428939938545,0.020145708695054054,,0.02693541720509529,,0.029530607163906097,0.026860155165195465,0.021680202335119247,,,0.03638480603694916,,,0.03392959386110306,0.02348976768553257,0.029644008725881577,0.03532245755195618,,,,,0.022100187838077545,0.02301279827952385,0.032249100506305695,0.04068620502948761,0.03561849892139435,0.04110660031437874,,0.035675082355737686,0.059202514588832855,0.028465652838349342,,,,,,,,,,
2007-12-01,0.02041883021593094,0.031330548226833344,0.031276386231184006,0.02676454931497574,0.01711968332529068,0.026671361178159714,0.02630731277167797,0.032010678201913834,,0.02716437354683876,0.02722804620862007,0.027084754779934883,0.02676454931497574,0.031330548226833344,0.02676454931497574,0.03186402842402458,0.031330548226833344,0.032010678201913834,0.026671361178159714,0.02932850643992424,0.031809866428375244,0.0273251011967659,0.03186402842402458,0.02676454931497574,0.02503402717411518,,0.027449101209640503,,0.031330548226833344,0.031330548226833344,0.02676454931497574,,,0.0273251011967659,,,0.02676454931497574,0.026671361178159714,0.027604984119534492,0.03165104240179062,,,,,0.025136131793260574,0.026671361178159714,0.027231913059949875,0.029816364869475365,0.031330548226833344,0.024473978206515312,,0.031276386231184006,0.02263510413467884,0.029816364869475365,,,0.027604984119534492,,,,,,,
2008-03-01,0.026446642354130745,0.042077843099832535,0.026752760633826256,0.026446642354130745,0.026273254305124283,0.027183566242456436,0.027547674253582954,0.020535198971629143,,0.022779488936066628,0.026752760633826256,0.026446642354130745,0.026446642354130745,0.034082308411598206,0.018562812358140945,0.02691805362701416,0.02691805362701416,0.021272122859954834,0.026446642354130745,0.02653556317090988,0.026752760633826256,0.026273254305124283,0.026579372584819794,0.016409149393439293,0.04216676205396652,,0.026752760633826256,,0.027489684522151947,0.026752760633826256,0.026446642354130745,,,0.026446642354130745,,,0.026446642354130745,0.018205661326646805,0.027672262862324715,0.027183566242456436,,,,,0.018724586814641953,0.027183566242456436,0.017373811453580856,0.024955227971076965,0.03255743905901909,0.03589272499084473,,0.036438439041376114,0.022816570475697517,0.014409796334803104,,,0.024267418310046196,,,,,,,
2008-06-01,0.023030830547213554,0.031180592253804207,0.023030830547213554,0.031551167368888855,0.02484406903386116,0.023030830547213554,0.029252512380480766,0.019761329516768456,,0.051648277789354324,0.030444858595728874,0.021677013486623764,0.02349025197327137,0.02982756309211254,0.021115146577358246,0.031860366463661194,0.029356909915804863,0.030940871685743332,0.02349025197327137,0.051648277789354324,0.015555515885353088,0.03081124648451805,0.03081124648451805,0.029937900602817535,0.027571585029363632,,0.030099650844931602,,0.03013565205037594,0.030444858595728874,0.02349025197327137,,,0.015963908284902573,,,0.02349025197327137,0.02349025197327137,0.015555515885353088,0.03216429054737091,,,,,0.021115146577358246,0.021677013486623764,0.02349025197327137,0.021677013486623764,0.031551167368888855,0.0346444807946682,,0.028986340388655663,0.021677013486623764,0.023828277364373207,,,0.024843234568834305,,,,,,,
2008-09-01,0.01554855890572071,0.028247971087694168,0.01554855890572071,0.01554855890572071,0.015901824459433556,0.025662261992692947,-0.011556588113307953,0.018027951940894127,,0.05469849333167076,0.033452894538640976,0.027274074032902718,0.0284136850386858,0.03323634713888168,0.0023223762400448322,0.031301822513341904,0.033793605864048004,0.04006010666489601,0.027541710063815117,0.014787428081035614,-0.005910300184041262,0.02782611921429634,0.02977568656206131,0.054461151361465454,0.03689344972372055,,0.015959711745381355,,0.037785496562719345,0.03782688081264496,0.016905667260289192,,,0.025503933429718018,,,0.020232196897268295,0.0147028099745512,0.013243608176708221,0.026274502277374268,,,,,0.005760978441685438,0.021930433809757233,0.012353094294667244,0.02890121005475521,0.0424504429101944,0.04200349003076553,,0.014150580391287804,0.029131906107068062,0.02755788154900074,,,0.029298322275280952,,,,,,,
2008-12-01,0.03295483440160751,0.042441368103027344,0.028853019699454308,0.036622531712055206,0.023228339850902557,0.022748861461877823,0.01834724098443985,0.028853019699454308,,0.026300178840756416,0.03550160676240921,0.04636191949248314,0.028853019699454308,0.03190561383962631,0.029128341004252434,0.02795616164803505,0.02795616164803505,0.03553112968802452,0.02361210249364376,0.02361210249364376,0.02795616164803505,0.036622531712055206,0.03316601738333702,-0.5408058762550354,-0.06187520921230316,,0.023700540885329247,,0.028853019699454308,0.0407538115978241,0.02361210249364376,,,0.02361210249364376,,,0.02795616164803505,0.02917257323861122,0.028354333713650703,0.03356418386101723,,,,,0.01997566595673561,0.037020694464445114,0.026300178840756416,0.0052942237816751,0.02925119176506996,0.02419922687113285,,0.008390557020902634,0.018740622326731682,0.023346945643424988,,,0.02925119176506996,,,,-0.007033567409962416,,,
2009-03-01,0.026251278817653656,0.026251278817653656,0.026251278817653656,0.026251278817653656,0.020757902413606644,0.0075088548474013805,0.026251278817653656,0.026251278817653656,,0.026251278817653656,0.028669480234384537,0.007811319082975388,0.026251278817653656,0.02022949606180191,0.019385380670428276,0.026251278817653656,0.029498431831598282,0.026251278817653656,0.02551320753991604,0.02551320753991604,0.039728112518787384,0.026251278817653656,0.026251278817653656,0.030681602656841278,-0.012769220396876335,,0.026251278817653656,,0.02022949606180191,0.03796038031578064,0.026251278817653656,,,0.026553574949502945,,,0.026251278817653656,0.026251278817653656,0.019413309171795845,0.018067853525280952,,,,,0.02560288831591606,0.02630053088068962,0.02551320753991604,0.022391797974705696,0.026251278817653656,0.02022949606180191,,0.024096591398119926,0.026251278817653656,-0.012769220396876335,,,0.024096591398119926,,,,0.05504922941327095,,,
2009-06-01,0.020425962284207344,0.02915102243423462,0.020574111491441727,0.0253872312605381,0.026171626523137093,0.024335017427802086,0.02867390774190426,0.029768869280815125,,0.028794853016734123,0.030668694525957108,0.026875361800193787,0.020574111491441727,0.02644338086247444,0.024570109322667122,0.02635476551949978,0.029936514794826508,0.02635476551949978,0.026072492823004723,0.02236068621277809,0.037269316613674164,0.02644338086247444,0.020574111491441727,0.030275847762823105,-0.012673066928982735,,0.02644338086247444,,0.020574111491441727,0.041433800011873245,0.025671441107988358,,,0.03092847391963005,,,0.0254208967089653,0.028092188760638237,0.020574111491441727,0.024930736050009727,,,,,0.014632482081651688,0.028749264776706696,0.023426348343491554,0.02915102243423462,0.03235460817813873,0.026591530069708824,,0.0038353384006768465,0.02313360385596752,-0.012673066928982735,,,0.02297978289425373,,,,0.022928478196263313,,,
2009-09-01,0.03473726660013199,0.03304915130138397,0.02907908521592617,0.03156660124659538,0.030051520094275475,0.03156660124659538,0.03563239052891731,0.034846752882003784,,0.03473726660013199,0.03338805213570595,0.03338805213570595,0.02907908521592617,0.012680587358772755,0.03156660124659538,0.03156660124659538,0.03338805213570595,0.034846752882003784,0.030051520094275475,0.0439404658973217,0.04297550767660141,0.03473726660013199,0.02875048853456974,0.03930014744400978,-0.00509930495172739,,0.04361186921596527,,0.0439404658973217,0.04176587983965874,0.03473726660013199,,,0.03478339686989784,,,0.03473726660013199,0.03473726660013199,0.02907908521592617,0.03753405436873436,,,,,0.03108055703341961,0.034846752882003784,0.03849763050675392,0.0324297696352005,0.0404166653752327,0.02907908521592617,,0.02875048853456974,0.03473726660013199,-0.00509930495172739,,,0.03318822756409645,,,,0.030051520094275475,,,
2009-12-01,0.031195824965834618,0.030565045773983,-0.0014280731556937099,0.027988824993371964,0.03041795827448368,-0.005291935987770557,0.034256212413311005,0.03509135544300079,,-0.006227992475032806,0.02961387299001217,0.03136150911450386,0.018069621175527573,0.027540836483240128,0.04700053110718727,0.029779557138681412,0.029779557138681412,0.03509135544300079,0.020534295588731766,0.08173098415136337,0.022802507504820824,0.022802507504820824,0.029095377773046494,0.023440387099981308,-0.05855332687497139,,0.020390162244439125,,-0.0032817258033901453,0.01883562095463276,0.02624638006091118,,,0.03509135544300079,,,0.030833052471280098,0.02789263240993023,0.020390162244439125,0.03448504954576492,,,,,0.010437681339681149,0.03509135544300079,0.03619157150387764,0.03574414923787117,0.027988824993371964,0.020390162244439125,,-0.0014280731556937099,0.0308814849704504,-0.05855332687497139,,,0.019485322758555412,,,0.03448504954576492,0.026318561285734177,,,
2010-03-01,0.01955428346991539,0.021143414080142975,0.013561231084167957,0.011255626566708088,0.018800869584083557,0.018743164837360382,0.006403016857802868,0.02004210837185383,,0.014363684691488743,0.019288694486021996,0.018800869584083557,0.019288694486021996,0.018800869584083557,0.013561231084167957,0.019288694486021996,0.018800869584083557,0.006762384437024593,0.01116097904741764,0.01955428346991539,0.01895534060895443,0.020837705582380295,0.01935509219765663,-0.01685088500380516,-0.007880568504333496,,0.014363684691488743,,-0.03597339987754822,0.016342559829354286,0.018800869584083557,,,0.02104545757174492,,,0.018800869584083557,0.0083398949354887,0.01955428346991539,0.01895534060895443,,,,,0.011255626566708088,0.016077417880296707,0.018800869584083557,0.007872996851801872,0.021143414080142975,0.01955428346991539,,0.012694413773715496,0.01731865666806698,0.023102175444364548,,,0.01955428346991539,,,0.024771802127361298,0.019288694486021996,,,
2010-06-01,0.01475432701408863,0.007739058695733547,0.016530100256204605,0.01717378757894039,0.007663588505238295,0.01717378757894039,0.007663588505238295,0.011831584386527538,,0.016171973198652267,0.01475432701408863,0.01475432701408863,0.01475432701408863,0.01717378757894039,0.007739058695733547,0.01475432701408863,0.01475432701408863,0.011831584386527538,0.007663588505238295,0.01649942807853222,0.019197454676032066,0.006858798209577799,0.016530100256204605,-0.02106049656867981,-0.02106049656867981,,0.016171973198652267,,0.01475432701408863,0.019197454676032066,0.01475432701408863,,,0.019197454676032066,,-0.02106049656867981,0.01475432701408863,0.016530100256204605,0.016171973198652267,0.019197454676032066,,,,,0.016530100256204605,0.007663588505238295,0.009207659400999546,0.011504131369292736,0.01717378757894039,0.016171973198652267,,0.01717378757894039,0.011504131369292736,0.013240091502666473,,,0.016171973198652267,,,0.019197454676032066,0.01649942807853222,,,
2010-09-01,0.016860591247677803,0.02124001830816269,0.015855316072702408,0.0038291458040475845,0.012277750298380852,0.016860591247677803,0.012943572364747524,0.023602211847901344,,0.020635729655623436,0.016860591247677803,0.016860591247677803,0.016860591247677803,0.02124001830816269,0.016191935166716576,0.016860591247677803,0.014481084421277046,0.017589857801795006,0.016860591247677803,0.020635729655623436,0.020763803273439407,0.016860591247677803,0.011220093816518784,-0.005673347041010857,0.04771636053919792,,0.020635729655623436,,0.016860591247677803,0.020763803273439407,0.016860591247677803,,,0.020763803273439407,,-0.005673347041010857,,0.020635729655623436,0.020635729655623436,0.016860591247677803,,,,,0.012277750298380852,0.012277750298380852,0.016860591247677803,0.020635729655623436,0.02124001830816269,0.016191935166716576,0.020635729655623436,0.016191935166716576,0.020030606538057327,-0.005673347041010857,,,0.020635729655623436,,,0.020763803273439407,0.016860591247677803,,,
2010-12-01,0.022826028987765312,0.02466179057955742,0.016003360971808434,0.016003360971808434,0.020926104858517647,0.022826028987765312,0.025981631129980087,0.020573679357767105,,0.025950655341148376,0.022826028987765312,0.023697374388575554,0.022826028987765312,-0.0013830714160576463,0.020903313532471657,0.020926104858517647,0.022826028987765312,0.02599414810538292,0.020054759457707405,0.026329858228564262,0.026342375203967094,0.023326383903622627,0.05243711918592453,0.022826028987765312,-0.014307680539786816,,0.025950655341148376,,0.022826028987765312,0.026342375203967094,0.013256339356303215,,,0.026342375203967094,,0.002906687557697296,,0.025825945660471916,0.0256024282425642,0.0256024282425642,,,,,0.02204168029129505,0.022826028987765312,0.020054759457707405,0.02617417275905609,0.02466179057955742,0.016003360971808434,0.026342375203967094,0.015385406091809273,0.025950655341148376,-0.014307680539786816,,,0.014371360652148724,,,0.050386372953653336,0.020926104858517647,,,
2011-03-01,0.02193312905728817,0.023118888959288597,0.013795280829071999,0.015436241403222084,0.025534043088555336,0.02193312905728817,0.019507361575961113,0.020575854927301407,,0.025656314566731453,0.0036321994848549366,0.022127890959382057,0.025534043088555336,0.013795280829071999,-0.006841306108981371,0.027839800342917442,0.02193312905728817,0.03307705745100975,0.014049411751329899,0.027004923671483994,0.052533186972141266,0.027839800342917442,0.02395807020366192,0.02397346869111061,0.026198850944638252,,0.02193312905728817,,0.023166866973042488,0.050146739929914474,0.025534043088555336,,,0.027596861124038696,,0.025261057540774345,,0.025419484823942184,0.021904516965150833,0.027596861124038696,,,,,0.021637119352817535,0.021831881254911423,0.023968970403075218,0.021241554990410805,0.021241554990410805,0.02193312905728817,0.027596861124038696,0.0068054827861487865,0.020575854927301407,0.014955461025238037,,,0.009860574267804623,,,0.03546350821852684,0.025534043088555336,,,
2011-06-01,0.02669118531048298,-0.003810762194916606,0.022806823253631592,0.028780434280633926,0.024740513414144516,0.02669118531048298,0.0013762519229203463,0.020587820559740067,0.037603624165058136,0.027661556378006935,0.019734792411327362,0.02605745568871498,-0.014566708356142044,-0.0221032053232193,0.012646669521927834,0.031605083495378494,0.02669118531048298,0.01775815337896347,-0.011233827099204063,0.04235316440463066,0.050383538007736206,0.031605083495378494,0.01189175620675087,0.022422948852181435,-0.025010034441947937,,0.00278216484002769,,0.022425081580877304,0.027950964868068695,0.028322214260697365,,,0.030282462015748024,,0.04310041293501854,,0.020382056012749672,-0.022280625998973846,0.02775525115430355,,,,,0.021221550181508064,0.029650621116161346,0.026927370578050613,-0.005667504854500294,0.027696093544363976,0.014327075332403183,0.036618657410144806,0.011185524985194206,0.02979116328060627,0.04323640838265419,,,-0.0434764064848423,,,0.0727844387292862,0.0427686832845211,,,
2011-09-01,-0.004943612031638622,-0.02348104864358902,0.0072838542982935905,0.0042977058328688145,0.016914788633584976,-0.006970163434743881,-0.030090266838669777,0.00839188601821661,0.021281706169247627,0.018445927649736404,0.016914788633584976,0.023693962022662163,0.01949056051671505,-0.019028466194868088,-0.00927854236215353,0.021281706169247627,-0.006970163434743881,0.019220612943172455,-0.007716736290603876,0.027463998645544052,0.028937192633748055,0.021281706169247627,-0.041552893817424774,0.017784785479307175,-0.009389395825564861,,-0.003984014969319105,,0.012431391514837742,0.027981577441096306,0.016914788633584976,,,0.021472616121172905,,0.020608853548765182,,0.006565971300005913,0.023693962022662163,0.021281706169247627,,,,,0.00792678166180849,0.023162947967648506,0.016914788633584976,,0.018014101311564445,0.006916051264852285,0.023768460378050804,0.01854642480611801,0.022267641499638557,0.027151165530085564,,,-0.04538927972316742,0.028937192633748055,,0.044681839644908905,0.01949056051671505,,,
2011-12-01,0.021132754161953926,-0.021593615412712097,0.009764532558619976,0.0070809256285429,0.0162922702729702,-0.017369041219353676,0.015081338584423065,0.025180278345942497,0.02428601123392582,0.02150893583893776,0.02428601123392582,0.021132754161953926,0.02428601123392582,0.015151885338127613,-0.003809879766777158,0.02428601123392582,0.020589200779795647,0.017353374511003494,0.009120296686887741,0.024662192910909653,0.06812262535095215,0.02428601123392582,0.021126719191670418,0.030367307364940643,0.034499719738960266,,-0.017369041219353676,,0.021132754161953926,0.025833778083324432,0.02428601123392582,,,0.024662192910909653,,0.02044612541794777,,0.048843588680028915,0.02840166725218296,0.01738724485039711,,,,,0.012861697003245354,0.032314639538526535,0.02428601123392582,,0.048843588680028915,0.021132754161953926,0.023375103250145912,0.02244088053703308,0.06812262535095215,0.040542855858802795,,,-0.057740163058042526,0.017532795667648315,,0.06812262535095215,0.01944551430642605,,,
2012-03-01,0.02778422087430954,0.0010654920479282737,-0.013967287726700306,0.012144788168370724,0.012968026101589203,-0.02887112833559513,0.023929430171847343,0.06071072816848755,0.03203478455543518,0.09259781986474991,0.032533250749111176,0.010261224582791328,0.005688680801540613,-0.08538217097520828,0.00762476259842515,0.02578614465892315,-0.07866044342517853,0.04021143540740013,0.0078505864366889,0.029775934293866158,0.03732413798570633,0.028322506695985794,-0.10540516674518585,0.01803625375032425,-0.022621214389801025,,-0.009905650280416012,,0.023126114159822464,0.02942819334566593,0.023126114159822464,,,0.028916288167238235,,-1.7595781087875366,,0.008508528582751751,0.03612186387181282,0.01985149458050728,,,,,-0.05069733038544655,0.029748445376753807,0.027960704639554024,,0.0955786257982254,0.023126114159822464,0.06582547724246979,0.028283338993787766,0.11965592950582504,0.02197190374135971,,,-0.11915790289640427,0.034625377506017685,0.1032370999455452,0.1175115779042244,0.023933734744787216,,,
2012-06-01,0.02750799059867859,0.011114171706140041,0.018848059698939323,0.018848059698939323,0.019219378009438515,0.018848059698939323,0.029111584648489952,0.029672197997570038,0.025758543983101845,0.03271489217877388,0.028440767899155617,0.02750799059867859,0.025803450495004654,-0.02329201251268387,-0.024269692599773407,0.028440767899155617,-0.024269692599773407,0.050202708691358566,0.011371282860636711,0.02980869449675083,0.03241804614663124,0.026531117036938667,-0.024269692599773407,0.02686571143567562,0.00998334027826786,,0.020368153229355812,,0.018848059698939323,0.01575312949717045,0.02750799059867859,,,0.028831010684370995,,0.04611043259501457,,0.02750799059867859,0.02980869449675083,0.028233638033270836,,,,,0.018848059698939323,0.050202708691358566,0.028440767899155617,,0.023150494322180748,-0.024269692599773407,0.02980869449675083,0.020368153229355812,0.059395406395196915,0.050202708691358566,,,0.0077416435815393925,0.027772188186645508,0.05678601562976837,0.05678601562976837,0.03271489217877388,,,
2012-09-01,0.021571800112724304,0.010650948621332645,0.018624506890773773,0.018624506890773773,0.021571800112724304,0.018624506890773773,0.024490298703312874,0.025293834507465363,0.021571800112724304,0.02019258588552475,0.021571800112724304,0.021571800112724304,0.021571800112724304,0.010757381096482277,0.00945188943296671,0.021571800112724304,0.021571800112724304,0.024490298703312874,0.021571800112724304,0.024490298703312874,0.03595953807234764,0.021571800112724304,0.00945188943296671,0.021571800112724304,0.031421247869729996,,0.018624506890773773,,0.021571800112724304,0.008818235248327255,0.021571800112724304,,,0.02700507454574108,,0.024490298703312874,,0.024490298703312874,0.024490298703312874,0.021571800112724304,,,,,0.016023773699998856,0.03924240544438362,0.021571800112724304,,0.008818235248327255,0.021571800112724304,0.02700507454574108,0.018624506890773773,0.02700507454574108,0.012719165533781052,,0.03595953807234764,0.010909058153629303,0.021571800112724304,0.02700507454574108,0.024490298703312874,0.021571800112724304,,,
2012-12-01,0.009343130514025688,0.0062775444239377975,0.0064027439802885056,0.008323497138917446,-0.002892309334129095,0.007483081892132759,0.01736978441476822,0.015981700271368027,0.014334284700453281,-0.0032388484105467796,0.014334284700453281,0.009022485464811325,0.009022485464811325,-0.0032388484105467796,0.006050294265151024,-0.002892309334129095,0.009022485464811325,0.010635335929691792,0.005209880415350199,0.01736978441476822,0.014334284700453281,0.014334284700453281,0.001798815792426467,0.014334284700453281,0.015806017443537712,0.03446698933839798,0.008323497138917446,,0.007145700044929981,0.014334284700453281,0.008670034818351269,,,0.01736978441476822,,0.04045944660902023,,0.01736978441476822,0.01736978441476822,0.01736978441476822,,,,,0.008237900212407112,0.015981700271368027,0.017285332083702087,,0.01680213212966919,0.01527098286896944,0.02713160775601864,0.014924445189535618,0.02244533598423004,0.010635335929691792,,0.009022485464811325,0.003931953106075525,0.01280994899570942,0.028176050633192062,0.028176050633192062,0.008074582554399967,,,
2013-03-01,0.011028063483536243,0.00549643998965621,0.006386217195540667,0.007535514421761036,0.011028063483536243,0.007535514421761036,0.0168790090829134,0.022824017331004143,0.01610402576625347,0.011138705536723137,0.01610402576625347,0.011028063483536243,0.011028063483536243,0.011028063483536243,0.006386217195540667,0.01610402576625347,0.011028063483536243,0.0168790090829134,0.007855179719626904,0.0168790090829134,0.011028063483536243,0.01610402576625347,0.003643476404249668,0.01610402576625347,0.011073412373661995,0.009656604379415512,0.007535514421761036,,0.004661958664655685,0.01610402576625347,0.004661958664655685,,,0.0168790090829134,,-0.004360730294138193,,0.011417130939662457,0.0168790090829134,0.0168790090829134,,,,,0.007423268631100655,0.022824017331004143,0.01610402576625347,,0.01923368312418461,0.011028063483536243,0.0168790090829134,0.007535514421761036,0.01923368312418461,0.014704380184412003,0.01803460717201233,0.011028063483536243,0.003643476404249668,0.01610402576625347,0.01923368312418461,0.01923368312418461,0.011138705536723137,,,
2013-06-01,0.010782802477478981,0.004591881297528744,0.008381056599318981,0.006993626710027456,0.010150616988539696,0.006993626710027456,0.009821613319218159,0.01608043722808361,0.016184352338314056,0.00934215635061264,0.016184352338314056,0.013643328100442886,0.012093248777091503,0.013643328100442886,0.005450738128274679,0.010879812762141228,0.013643328100442886,0.015393264591693878,0.005450738128274679,0.016370180994272232,0.013643328100442886,0.014634273014962673,0.005450738128274679,0.016594011336565018,0.011064935475587845,0.017259784042835236,0.004591881297528744,,0.007324177771806717,0.013643328100442886,0.012093248777091503,,,0.01771566830575466,,-0.05717667564749718,,0.006546906661242247,0.015551358461380005,0.01592864654958248,,,,,0.011064935475587845,0.005450738128274679,0.018454745411872864,,0.01607915572822094,0.008381056599318981,0.018454745411872864,0.015449153259396553,0.017404986545443535,0.022833913564682007,0.024858243763446808,0.007852484472095966,0.0037834211252629757,0.012093248777091503,0.015916932374238968,0.017672408372163773,0.013929728418588638,,,
2013-09-01,0.010036277584731579,0.00048556734691374004,0.006664725486189127,0.005813235882669687,0.006664725486189127,0.005813235882669687,0.013540028594434261,0.020456699654459953,0.01569621078670025,0.006664725486189127,0.01569621078670025,0.010036277584731579,0.010036277584731579,0.010036277584731579,0.006664725486189127,0.012554117478430271,0.010036277584731579,0.014195481315255165,0.010036277584731579,0.017774829640984535,0.010036277584731579,0.017793837934732437,0.006664725486189127,0.01569621078670025,0.011133179068565369,0.01775538921356201,0.005813235882669687,,0.010036277584731579,0.01569621078670025,0.010036277584731579,,,0.02770121768116951,,-0.014545991085469723,,0.010036277584731579,0.015677202492952347,0.01569621078670025,,,,,0.01130847167223692,0.010036277584731579,0.01569621078670025,,0.015677202492952347,0.010036277584731579,0.015677202492952347,0.005813235882669687,0.03532545268535614,-0.006269041448831558,-0.004649795591831207,0.010036277584731579,0.006664725486189127,0.01569621078670025,0.01430278830230236,0.017774829640984535,0.013540028594434261,,,
2013-12-01,0.02231704257428646,0.014148330315947533,0.014148330315947533,0.014148330315947533,0.01301323901861906,0.02231704257428646,0.013283362612128258,0.027089806273579597,0.023715881630778313,0.002335180062800646,0.02179865539073944,0.01441845390945673,0.013283362612128258,0.01441845390945673,0.014148330315947533,0.009479698725044727,0.01441845390945673,0.017964821308851242,0.01301323901861906,0.02179865539073944,0.02228379249572754,0.023715881630778313,0.014148330315947533,0.017964821308851242,0.018986189737915993,0.026034347712993622,0.01301323901861906,,0.01441845390945673,0.02228379249572754,0.01301323901861906,0.02127743326127529,,0.023230744525790215,,-0.031114259734749794,,0.017964821308851242,0.023715881630778313,0.023715881630778313,,,,,0.01893449015915394,-0.010468672029674053,0.023715881630778313,,0.019918711856007576,0.02231704257428646,0.023715881630778313,0.014148330315947533,0.04557793214917183,0.023648373782634735,0.023230744525790215,0.01441845390945673,0.002335180062800646,0.02228379249572754,0.019396910443902016,0.027776626870036125,0.013283362612128258,,,
2014-03-01,0.011161187663674355,0.011161187663674355,0.011161187663674355,0.011161187663674355,0.009712286293506622,0.01695304736495018,0.009495578706264496,0.013306623324751854,0.020847000181674957,-0.005994295701384544,0.02005126141011715,0.011218613013625145,0.009723006747663021,0.011218613013625145,0.011161187663674355,-0.005936869885772467,0.011161187663674355,0.018330693244934082,0.010998041369020939,0.02005126141011715,0.009949457831680775,0.020847000181674957,0.011161187663674355,0.019692210480570793,0.01249321922659874,0.021106308326125145,0.009723006747663021,,0.011218613013625145,0.011218613013625145,0.009723006747663021,0.01929667592048645,0.009780432097613811,0.020798644050955772,,0.02914411574602127,,0.01093375962227583,0.020847000181674957,0.020099617540836334,,,,,0.011150467209517956,0.021856701001524925,0.02005126141011715,,0.020847000181674957,0.01695304736495018,0.020847000181674957,0.011161187663674355,0.028065385296940804,0.01929667592048645,0.01105546671897173,0.011161187663674355,-0.005994295701384544,0.009378953836858273,0.020439591258764267,0.024655861780047417,0.018689744174480438,,,
2014-06-01,0.009648501873016357,0.009648501873016357,0.014247899875044823,0.014000201597809792,0.008942097425460815,0.0141468970105052,0.014563176780939102,0.011219626292586327,0.0214474368840456,0.01168843638151884,0.02257860265672207,0.018176915124058723,0.00956207700073719,0.011194195598363876,0.009648501873016357,0.006614452227950096,0.013587243854999542,0.013460096903145313,0.012593293562531471,0.009817053563892841,0.018176915124058723,0.019358083605766296,0.009648501873016357,0.013460096903145313,0.018492264673113823,0.028965510427951813,0.013638406060636044,,0.012949910014867783,0.018176915124058723,0.01354149542748928,0.022635215893387794,0.007580455392599106,0.0214474368840456,,0.01678379625082016,,0.025908391922712326,0.0214474368840456,0.019358083605766296,,,,,0.018176915124058723,0.011357126757502556,0.02257860265672207,,0.02257860265672207,0.010111246258020401,0.0214474368840456,0.014247899875044823,0.02833501249551773,0.027986451983451843,0.013213271275162697,0.010548794642090797,0.0069921282120049,0.020968187600374222,0.0214474368840456,0.02833501249551773,0.019358083605766296,,,
2014-09-01,0.010285871103405952,0.010285871103405952,0.010285871103405952,0.010285871103405952,0.0010465204250067472,0.010285871103405952,0.0010465204250067472,0.0037359411362558603,0.015594996511936188,0.00831401627510786,0.015492377802729607,0.010285871103405952,0.00831401627510786,0.01088002510368824,0.010285871103405952,0.00831401627510786,0.010285871103405952,0.015594996511936188,0.0010465204250067472,0.008908170275390148,0.01088002510368824,0.008908170275390148,0.00831401627510786,0.015492377802729607,0.014893624931573868,-0.04744824022054672,0.00831401627510786,,0.010285871103405952,0.01088002510368824,0.00831401627510786,0.020929474383592606,0.00831401627510786,0.015594996511936188,,0.011400601826608181,,0.015492377802729607,0.014079336076974869,0.017063481733202934,,,,,-0.010509886778891087,0.003087429329752922,0.01088002510368824,,0.01418195478618145,0.00831401627510786,0.01418195478618145,0.010285871103405952,0.0228972639888525,0.01151251420378685,0.00831401627510786,0.010285871103405952,0.00831401627510786,0.015492377802729607,0.017782341688871384,0.017782341688871384,0.015492377802729607,,,
2014-12-01,0.010944762267172337,0.010944762267172337,0.010944762267172337,0.010944762267172337,0.010944762267172337,0.010944762267172337,0.012987912632524967,0.006020389962941408,0.017006132751703262,0.01171878632158041,0.017006132751703262,0.014474297873675823,0.014474297873675823,0.01023817714303732,0.010944762267172337,-0.0010642866836860776,0.012052688747644424,0.016833648085594177,-0.0018546321662142873,0.017006132751703262,0.014474297873675823,0.011819571256637573,0.010944762267172337,0.015243139117956161,0.016219310462474823,0.014224964193999767,-0.0018546321662142873,,0.014474297873675823,0.014474297873675823,-0.0018546321662142873,0.021642187610268593,0.008751791901886463,0.017006132751703262,,-0.0011444315314292908,,0.018596647307276726,0.017006132751703262,0.020878084003925323,,,,,0.018596647307276726,0.026995550841093063,0.017006132751703262,,0.017006132751703262,0.010944762267172337,0.017006132751703262,0.010944762267172337,0.016007235273718834,0.0050307586789131165,0.014224964193999767,0.012052688747644424,-0.0018546321662142873,0.017006132751703262,0.020878084003925323,0.02444622851908207,0.017006132751703262,,,
2015-03-01,0.008756226859986782,0.006067831534892321,0.006537913344800472,0.005620807874947786,0.0014166077598929405,0.006705913692712784,0.016456827521324158,0.019816216081380844,0.014250941574573517,0.011782877147197723,0.01750493049621582,0.011782877147197723,0.011782877147197723,0.006537913344800472,0.006123346742242575,0.0058952681720256805,0.009203251451253891,0.011680511757731438,0.011368312872946262,0.01750493049621582,0.011368312872946262,0.011782877147197723,0.006123346742242575,0.010892271995544434,0.019816216081380844,0.006537913344800472,-0.10963284224271774,,0.011782877147197723,0.011782877147197723,-0.004494733642786741,0.018293166533112526,0.014250941574573517,0.014250941574573517,,-0.010734313167631626,,0.010892271995544434,0.01750493049621582,0.01750493049621582,,,,,0.014250941574573517,0.011368312872946262,0.014250941574573517,,0.013946923427283764,0.005620807874947786,0.01750493049621582,0.006705913692712784,0.010892271995544434,0.019816216081380844,-0.22448241710662842,0.011368312872946262,0.006705913692712784,0.011782877147197723,0.010892271995544434,0.010892271995544434,0.01750493049621582,,,
2015-06-01,0.007283775135874748,0.007283775135874748,0.011747697368264198,0.007283775135874748,-0.008756579831242561,0.011747697368264198,0.015661681070923805,0.014177380129694939,0.012626690790057182,0.011747697368264198,0.011387519538402557,0.007283775135874748,0.007283775135874748,0.007283775135874748,0.017841722816228867,0.011747697368264198,0.007283775135874748,0.01568194292485714,0.007283775135874748,0.017234480008482933,0.011747697368264198,0.011747697368264198,0.007283775135874748,0.01568194292485714,0.01359031442552805,0.007283775135874748,0.007283775135874748,,0.007283775135874748,0.007283775135874748,0.007283775135874748,0.016499638557434082,0.012626690790057182,0.013247371651232243,,0.003732243785634637,,0.01114033255726099,0.017402615398168564,-0.008871818892657757,,,,,0.012366492301225662,0.007283775135874748,0.016663972288370132,,0.012626690790057182,0.007283775135874748,0.011958027258515358,0.007283775135874748,0.0027612277772277594,0.011741649359464645,0.018250875174999237,0.007283775135874748,0.011747697368264198,0.007283775135874748,0.01568194292485714,0.016499638557434082,0.017234480008482933,,,
2015-09-01,0.007646071724593639,0.007646071724593639,0.0029540976975113153,0.007646071724593639,-0.07630900293588638,0.010064886882901192,0.014246875420212746,-0.00026277839788235724,0.015052378177642822,0.010064886882901192,0.012032637372612953,0.012362562119960785,0.013630777597427368,0.019421491771936417,0.0029540976975113153,0.01681811735033989,0.007646071724593639,0.011067510582506657,0.007646071724593639,0.014496524818241596,0.007646071724593639,0.010064886882901192,0.007646071724593639,0.011397435329854488,0.018028173595666885,0.010064886882901192,0.007646071724593639,,0.007646071724593639,0.007646071724593639,0.0029540976975113153,0.013228309340775013,0.01828572526574135,0.01681811735033989,0.009745057672262192,-0.011131043545901775,,0.012013533152639866,0.013630777597427368,0.007430327590554953,,,,,0.012362562119960785,0.007646071724593639,0.014649910852313042,,0.0029540976975113153,0.0029540976975113153,0.013228309340775013,0.007646071724593639,0.07749593257904053,0.008734872564673424,0.0181492418050766,0.007646071724593639,0.010064886882901192,0.007646071724593639,0.011397435329854488,0.013267037458717823,0.015918126329779625,,,
2015-12-01,-0.0030459456611424685,0.0030941113363951445,0.006755624432116747,0.0030941113363951445,-0.0030459456611424685,0.0030941113363951445,0.006755624432116747,0.006283659487962723,0.010030156001448631,0.009906831197440624,0.005613275803625584,0.005613275803625584,0.0064696138724684715,0.003363757859915495,0.0030941113363951445,0.010425399988889694,0.003363757859915495,-0.00025771863874979317,0.0030941113363951445,0.0107086431235075,0.0030941113363951445,0.009511587209999561,0.003363757859915495,0.006131843663752079,0.006283659487962723,0.010159731842577457,0.0030941113363951445,,0.0064696138724684715,-0.0030459456611424685,0.0030941113363951445,0.008055662736296654,0.008055662736296654,0.010579067282378674,0.011097636073827744,0.00648857606574893,,0.002690024906769395,0.009511587209999561,-0.013159940019249916,,,,,0.006131843663752079,0.006988181732594967,0.006131843663752079,,0.006131843663752079,-0.0030459456611424685,0.006131843663752079,0.003363757859915495,-0.016900384798645973,0.004084076266735792,0.012346522882580757,0.0030941113363951445,0.0030941113363951445,0.003363757859915495,0.005613275803625584,0.006131843663752079,0.01122721191495657,,,
2016-03-01,-0.0034625364933162928,-0.009489472024142742,-0.0034625364933162928,-0.009489472024142742,-0.022205648943781853,-0.0035754027776420116,-0.000732731306925416,-0.003943644464015961,-0.00222402042709291,-0.00030308178975246847,-0.00222402042709291,-0.00222402042709291,-7.779701263643801e-06,-7.779701263643801e-06,-0.009489472024142742,0.0004234860243741423,-0.0034625364933162928,-0.0014974524965509772,-0.009489472024142742,-0.00030308178975246847,-0.009489472024142742,-0.00030308178975246847,-0.0034625364933162928,-0.00222402042709291,-0.003943644464015961,-0.0019287182949483395,-0.009489472024142742,,-7.779701263643801e-06,-0.009489472024142742,-0.009645643644034863,-0.0014974524965509772,-0.0014974524965509772,-0.00030308178975246847,0.0004234860243741423,-0.005983253475278616,,-0.0014974524965509772,-7.779701263643801e-06,0.0004234860243741423,,,,,-0.00222402042709291,0.0019193800399079919,-0.0014974524965509772,,-0.0019287182949483395,-0.009645643644034863,-0.00222402042709291,-0.0019287182949483395,0.1005895733833313,-0.003943644464015961,0.003969413693994284,-0.009489472024142742,-0.015064448118209839,-0.0034625364933162928,-0.00222402042709291,-0.00222402042709291,-0.00222402042709291,0.0004234860243741423,,
2016-06-01,-0.01823045127093792,-0.009343505837023258,-0.00858819019049406,-0.012373071163892746,-0.01826372742652893,-0.007563734892755747,-0.004192403517663479,-0.0050556855276227,-0.005581744015216827,-0.004192403517663479,-0.007242413237690926,-0.007242413237690926,-0.007242413237690926,-0.007472730241715908,-0.008621467277407646,-0.002294255420565605,-0.007242413237690926,-0.006948481779545546,-0.01826372742652893,-0.003954925108700991,-0.007563734892755747,-0.005344265606254339,-0.006927524693310261,-0.006948481779545546,0.006984755862504244,-0.006126951891928911,-0.02339148335158825,,-0.007242413237690926,-0.008621467277407646,-0.008621467277407646,-0.006126951891928911,-0.007242413237690926,-0.003954925108700991,-0.0028394642286002636,-0.03182963281869888,,-0.006948481779545546,-0.003954925108700991,0.01003534160554409,,,,,-0.006126951891928911,-0.004885603673756123,-0.0019567469134926796,,-0.006948481779545546,-0.017691534012556076,-0.007242413237690926,-0.006403273902833462,,0.006984755862504244,-0.009194858372211456,-0.008621467277407646,-0.013401874341070652,-0.006126951891928911,-0.007004934828728437,-0.005889473482966423,-0.005889473482966423,-0.005889473482966423,,
2016-09-01,-0.02135130576789379,-0.010427308268845081,-0.010242562741041183,-0.013899859972298145,-0.019795497879385948,-0.013353872112929821,-0.006717307027429342,-0.011915533803403378,-0.006458014249801636,-0.004659124184399843,-0.008516197092831135,-0.008516197092831135,-0.006568038370460272,-0.010242562741041183,-0.01125109102576971,-0.010003207251429558,-0.00866546668112278,-0.008516197092831135,-0.01125109102576971,-0.004749210551381111,-0.01125109102576971,-0.007585070561617613,-0.010242562741041183,-0.008516197092831135,0.002832115860655904,-0.006697369739413261,-0.01811295561492443,,-0.006568038370460272,-0.010242562741041183,-0.012198381125926971,-0.008516197092831135,-0.006697369739413261,-0.006568038370460272,,-0.03411778807640076,,-0.008516197092831135,-0.006717307027429342,-0.008516197092831135,,,,,-0.007585070561617613,-0.012994164600968361,-0.008276841603219509,,-0.008516197092831135,-0.020156120881438255,-0.008516197092831135,-0.008276841603219509,,-0.015583211556077003,-0.0039870524778962135,-0.01125109102576971,-0.01811295561492443,-0.006697369739413261,-0.008516197092831135,-0.008516197092831135,-0.006697369739413261,-0.008516197092831135,,
2016-12-01,-0.024058222770690918,-0.03484206274151802,-0.024058222770690918,-0.02645847573876381,-0.024058222770690918,-0.024058222770690918,-0.024058222770690918,0.002023470588028431,-0.019804557785391808,-0.019804557785391808,-0.019804557785391808,-0.019804557785391808,-0.019804557785391808,-0.024058222770690918,-0.024058222770690918,-0.024058222770690918,-0.019804557785391808,-0.019804557785391808,-0.024058222770690918,-0.019804557785391808,-0.024058222770690918,-0.019804557785391808,-0.024058222770690918,-0.0162021666765213,-0.03149066120386124,-0.019804557785391808,-0.025795571506023407,,-0.019804557785391808,-0.024058222770690918,-0.03269924968481064,-0.019804557785391808,-0.019804557785391808,-0.019804557785391808,,-0.04413950815796852,,-0.019804557785391808,-0.019804557785391808,-0.019804557785391808,,,,,-0.019804557785391808,-0.04355734586715698,-0.019804557785391808,,-0.05233798548579216,-0.03269924968481064,-0.019804557785391808,-0.019804557785391808,,-0.019804557785391808,-0.022596608847379684,-0.024058222770690918,-0.03638694807887077,-0.019804557785391808,-0.019804557785391808,-0.019804557785391808,-0.019804557785391808,-0.019804557785391808,,
2017-03-01,-0.024207746610045433,-0.03955645114183426,-0.024207746610045433,-0.02585066296160221,-0.024207746610045433,-0.020681237801909447,-0.024207746610045433,0.0014771036803722382,-0.02009771205484867,-0.05094803124666214,-0.02009771205484867,-0.02009771205484867,-0.02009771205484867,-0.030096735805273056,-0.024207746610045433,-0.023226182907819748,-0.024207746610045433,-0.02009771205484867,-0.024207746610045433,-0.02009771205484867,-0.024207746610045433,-0.05094803124666214,-0.024207746610045433,-0.02564169280230999,,-0.02009771205484867,-0.022334283217787743,,-0.024207746610045433,-0.024207746610045433,-0.03365135192871094,-0.02009771205484867,-0.05094803124666214,-0.02009771205484867,,-0.06067826598882675,,-0.02009771205484867,-0.02009771205484867,-0.02009771205484867,,,,,-0.02009771205484867,-0.0439532995223999,-0.02009771205484867,,-0.02009771205484867,-0.03365135192871094,-0.02009771205484867,-0.024207746610045433,,-0.02009771205484867,0.0014771036803722382,-0.024207746610045433,-0.029595257714390755,-0.024207746610045433,-0.02009771205484867,,-0.02009771205484867,-0.02009771205484867,,
2017-06-01,-0.025551941245794296,-0.031342558562755585,-0.02431339956820011,-0.031342558562755585,-0.025551941245794296,-0.025551941245794296,-0.02431339956820011,-0.021031759679317474,-0.050250522792339325,-0.02566087804734707,-0.022579412907361984,-0.022579412907361984,-0.022579412907361984,-0.02431339956820011,-0.025551941245794296,-0.050250522792339325,-0.02431339956820011,-0.022579412907361984,-0.025551941245794296,-0.0213408712297678,-0.025551941245794296,-0.0213408712297678,-0.02431339956820011,-0.022579412907361984,,-0.0213408712297678,-0.02539738267660141,,-0.022579412907361984,-0.025551941245794296,-0.03385162726044655,-0.022579412907361984,-0.022579412907361984,-0.022579412907361984,,-0.022579412907361984,,-0.022579412907361984,-0.0213408712297678,-0.022579412907361984,,,,,-0.022579412907361984,-0.02539738267660141,-0.022579412907361984,,-0.050250522792339325,-0.03385162726044655,-0.022579412907361984,-0.022579412907361984,,-0.016965817660093307,-0.0194070003926754,-0.025551941245794296,-0.02539738267660141,-0.025551941245794296,-0.022579412907361984,,-0.0213408712297678,-0.022579412907361984,,
2017-09-01,-0.01862020045518875,-0.024443110451102257,-0.022103076800704002,-0.024443110451102257,-0.022200848907232285,-0.022200848907232285,-0.01852242834866047,-0.02469259686768055,-0.049932751804590225,-0.01862020045518875,-0.01862020045518875,-0.01862020045518875,-0.01862020045518875,-0.022103076800704002,-0.022200848907232285,-0.022446680814027786,-0.01852242834866047,-0.016476532444357872,-0.022200848907232285,-0.01852242834866047,-0.03310295566916466,-0.01852242834866047,-0.022103076800704002,-0.05471092090010643,,-0.01852242834866047,-0.011766253970563412,,-0.01862020045518875,-0.022200848907232285,-0.1422940194606781,-0.01862020045518875,-0.01862020045518875,-0.01862020045518875,,0.0954144150018692,,-0.01862020045518875,-0.01852242834866047,-0.01862020045518875,-0.037010978907346725,,,,-0.01862020045518875,-0.02469259686768055,-0.01862020045518875,,-0.01862020045518875,-0.032582685351371765,-0.01862020045518875,-0.01862020045518875,,-0.013779743574559689,-0.013779743574559689,-0.022200848907232285,-0.05587368831038475,-0.022200848907232285,-0.01862020045518875,,-0.01862020045518875,-0.01862020045518875,,
2017-12-01,-0.018168264999985695,-0.01972099579870701,-0.018168264999985695,-0.0240011066198349,-0.018168264999985695,-0.018168264999985695,-0.018168264999985695,-0.019737349823117256,-0.016580119729042053,-0.016580119729042053,-0.016580119729042053,-0.016580119729042053,-0.016580119729042053,-0.018168264999985695,-0.018168264999985695,-0.018168264999985695,-0.018168264999985695,-0.012995708733797073,-0.018168264999985695,-0.011957715265452862,-0.0240011066198349,-0.011957715265452862,-0.013545861467719078,-0.004684015642851591,,-0.011957715265452862,-0.06563860177993774,,-0.016580119729042053,-0.018168264999985695,-0.029931701719760895,-0.016580119729042053,-0.016580119729042053,-0.016580119729042053,,-0.016580119729042053,,-0.016580119729042053,-0.011957715265452862,-0.016580119729042053,-0.05271423980593681,-0.012995708733797073,,,-0.016580119729042053,-0.019737349823117256,-0.016580119729042053,,-0.05271423980593681,-0.027095315977931023,-0.016580119729042053,-0.016580119729042053,,-0.009662696160376072,-0.009662696160376072,-0.0240011066198349,-0.009662696160376072,-0.018168264999985695,-0.016580119729042053,,-0.016580119729042053,-0.016580119729042053,,
2018-03-01,-0.017997344955801964,-0.01832728460431099,-0.015166489407420158,-0.02607017569243908,-0.017997344955801964,-0.017997344955801964,-0.015745675191283226,-0.013345995917916298,-0.017418159171938896,-0.017418159171938896,-0.017418159171938896,-0.017418159171938896,-0.017418159171938896,-0.017418159171938896,-0.017997344955801964,-0.015745675191283226,-0.017997344955801964,-0.016014084219932556,-0.017997344955801964,-0.012456302531063557,-0.02607017569243908,-0.015166489407420158,-0.0130354855209589,-0.020931661128997803,,-0.012456302531063557,-0.016014084219932556,,-0.017418159171938896,-0.02607017569243908,-0.02607017569243908,-0.017418159171938896,-0.017418159171938896,-0.017418159171938896,,-0.05261779576539993,,-0.017418159171938896,-0.012456302531063557,-0.017418159171938896,-0.017418159171938896,-0.016014084219932556,,,-0.017418159171938896,-0.016014084219932556,-0.017418159171938896,,-0.02417770028114319,-0.02607017569243908,-0.01275721937417984,-0.017418159171938896,,-0.016014084219932556,-0.016014084219932556,-0.02607017569243908,-0.016014084219932556,-0.017997344955801964,-0.017418159171938896,,-0.017418159171938896,-0.015166489407420158,,
2018-06-01,-0.018597712740302086,-0.02148209698498249,-0.017664387822151184,-0.02148209698498249,-0.018597712740302086,-0.018597712740302086,-0.017664387822151184,-0.031057698652148247,-0.019503384828567505,-0.019503384828567505,-0.018597712740302086,-0.018597712740302086,-0.018597712740302086,-0.018597712740302086,-0.018597712740302086,-0.018597712740302086,-0.018597712740302086,-0.006843880284577608,-0.018597712740302086,-0.012184553779661655,-0.02148209698498249,-0.017664387822151184,-0.012184553779661655,-0.017838969826698303,,-0.012184553779661655,-0.01837737485766411,,-0.018597712740302086,-0.02148209698498249,-0.04002772644162178,-0.018597712740302086,-0.018597712740302086,-0.018597712740302086,,-0.055475953966379166,,-0.018597712740302086,-0.012184553779661655,-0.018597712740302086,-0.018597712740302086,-0.022376058623194695,,,-0.018597712740302086,-0.01837737485766411,-0.018597712740302086,,-0.007182990666478872,-0.02703811787068844,-0.055475953966379166,-0.018597712740302086,,-0.018597712740302086,-0.01837737485766411,-0.02148209698498249,-0.014673254452645779,-0.017664387822151184,-0.018597712740302086,,-0.017664387822151184,-0.017664387822151184,,
2018-09-01,-0.02551269717514515,-0.02704535238444805,-0.025216693058609962,-0.02704535238444805,-0.025216693058609962,-0.025216693058609962,-0.02219715714454651,-0.023070888593792915,-0.028607359156012535,-0.025216693058609962,-0.02551269717514515,-0.02551269717514515,-0.025216693058609962,-0.023070888593792915,-0.025216693058609962,-0.02219715714454651,-0.02551269717514515,-0.027750683948397636,-0.025216693058609962,-0.019565841183066368,-0.02704535238444805,-0.02219715714454651,-0.019565841183066368,-0.02551269717514515,,-0.019565841183066368,-0.041160523891448975,,-0.025216693058609962,-0.02704535238444805,-0.04173510521650314,-0.02551269717514515,-0.025216693058609962,-0.02551269717514515,,-0.03204479441046715,,-0.02551269717514515,-0.019565841183066368,-0.02551269717514515,-0.04343557730317116,-0.053583260625600815,,,-0.02551269717514515,-0.024090420454740524,-0.025216693058609962,,-0.012682214379310608,-0.04173510521650314,-0.030808016657829285,-0.04343557730317116,,-0.02551269717514515,-0.021507591009140015,-0.02704535238444805,-0.021507591009140015,-0.02219715714454651,-0.025216693058609962,,-0.025216693058609962,-0.02219715714454651,,
2018-12-01,-0.023874420672655106,-0.02967197075486183,-0.023874420672655106,-0.02967197075486183,-0.022703200578689575,-0.023874420672655106,-0.022703200578689575,-0.036257196217775345,-0.022703200578689575,-0.022703200578689575,-0.022703200578689575,-0.022703200578689575,-0.022703200578689575,-0.02143285423517227,-0.023874420672655106,-0.023874420672655106,-0.023874420672655106,-0.022703200578689575,-0.023874420672655106,-0.021227054297924042,,-0.022703200578689575,-0.022398274391889572,-0.022703200578689575,,-0.021227054297924042,-0.029200537130236626,,-0.022703200578689575,-0.02967197075486183,-0.03209760785102844,-0.022703200578689575,-0.022703200578689575,-0.022703200578689575,,-0.0798034742474556,,-0.022703200578689575,-0.021227054297924042,-0.022703200578689575,-0.022703200578689575,-0.02046099118888378,-0.03594411164522171,,-0.022703200578689575,-0.017354747280478477,-0.022703200578689575,,-0.026800313964486122,-0.02774816006422043,-0.022703200578689575,-0.023874420672655106,,-0.022703200578689575,-0.02022668346762657,-0.02967197075486183,-0.02022668346762657,-0.023874420672655106,-0.022703200578689575,,-0.022703200578689575,-0.022703200578689575,,
2019-03-01,-0.020104967057704926,-0.023261897265911102,-0.020104967057704926,-0.023261897265911102,-0.020104967057704926,-0.023261897265911102,-0.020104967057704926,-0.022647693753242493,-0.020104967057704926,-0.020104967057704926,-0.020104967057704926,-0.020104967057704926,-0.020104967057704926,-0.021119996905326843,-0.023261897265911102,-0.023261897265911102,-0.023261897265911102,-0.020104967057704926,-0.020104967057704926,-0.020104967057704926,,-0.020104967057704926,-0.020104967057704926,-0.020104967057704926,,-0.020104967057704926,-0.021119996905326843,,-0.020104967057704926,-0.023261897265911102,-0.023261897265911102,-0.020104967057704926,-0.020104967057704926,-0.020104967057704926,,-0.026207085698843002,,-0.020104967057704926,,-0.020104967057704926,-0.046922702342271805,-0.021119996905326843,-0.021119996905326843,,-0.020104967057704926,-0.021119996905326843,-0.020104967057704926,,-0.020104967057704926,-0.023261897265911102,-0.020104967057704926,-0.020104967057704926,,-0.020104967057704926,-0.07155404984951019,-0.023261897265911102,-0.021119996905326843,-0.023261897265911102,-0.020104967057704926,,-0.020104967057704926,-0.020104967057704926,,
2019-06-01,-0.025979265570640564,-0.024516597390174866,-0.025979265570640564,-0.025979265570640564,-0.02317001111805439,-0.025979265570640564,-0.02317001111805439,-0.025979265570640564,-0.021935665979981422,-0.02170734293758869,-0.02317001111805439,-0.02317001111805439,-0.02317001111805439,-0.025979265570640564,-0.025979265570640564,-0.025979265570640564,-0.025979265570640564,,-0.025979265570640564,-0.02170734293758869,,-0.02317001111805439,-0.025979265570640564,-0.02170734293758869,,-0.02000383660197258,-0.025979265570640564,,-0.02317001111805439,-0.024516597390174866,-0.025979265570640564,-0.02170734293758869,-0.02170734293758869,-0.02317001111805439,,-0.017217488959431648,,-0.02317001111805439,,-0.02170734293758869,-0.0304317157715559,-0.02170734293758869,-0.024733075872063637,,-0.02317001111805439,-0.02317001111805439,-0.02317001111805439,,-0.02170734293758869,-0.025979265570640564,-0.021466504782438278,-0.02317001111805439,,-0.02317001111805439,-0.025979265570640564,-0.024516597390174866,-0.025979265570640564,-0.024516597390174866,-0.02317001111805439,,-0.02317001111805439,-0.02317001111805439,,
2019-09-01,-0.026731904596090317,-0.027417387813329697,-0.02135361358523369,-0.027417387813329697,-0.02135361358523369,-0.026731904596090317,-0.02135361358523369,-0.026731904596090317,-0.02000473439693451,-0.02000473439693451,-0.02135361358523369,-0.02135361358523369,-0.02135361358523369,-0.026731904596090317,-0.026731904596090317,-0.026731904596090317,-0.026731904596090317,,-0.026731904596090317,-0.02000473439693451,,-0.02135361358523369,-0.026731904596090317,-0.13499942421913147,,-0.02000473439693451,-0.027417387813329697,,-0.02135361358523369,-0.026731904596090317,-0.026731904596090317,-0.02135361358523369,-0.02000473439693451,-0.02135361358523369,,-0.06388968974351883,,-0.02135361358523369,,-0.02135361358523369,-0.026550495997071266,-0.02135361358523369,-0.0625317245721817,,-0.02135361358523369,-0.02727283351123333,-0.02135361358523369,,-0.02135361358523369,-0.026731904596090317,-0.02135361358523369,-0.02135361358523369,,-0.02135361358523369,-0.026731904596090317,-0.026731904596090317,-0.026731904596090317,-0.026731904596090317,-0.02135361358523369,,-0.02135361358523369,-0.02135361358523369,,
2019-12-01,-0.017594855278730392,-0.016694016754627228,-0.014129494316875935,-0.017594855278730392,-0.013228652067482471,-0.017594855278730392,-0.013228652067482471,-0.017594855278730392,-0.014129494316875935,-0.012587734498083591,-0.014129494316875935,-0.013228652067482471,-0.014129494316875935,-0.017594855278730392,-0.017594855278730392,-0.017594855278730392,-0.017594855278730392,,-0.017594855278730392,-0.0073188371025025845,,-0.014129494316875935,,-0.049125947058200836,,-0.014083266258239746,-0.019705111160874367,,-0.014129494316875935,-0.016694016754627228,-0.017594855278730392,-0.013228652067482471,-0.0073188371025025845,-0.014129494316875935,,-0.058563314378261566,,-0.009764461778104305,,-0.013228652067482471,-0.014129494316875935,-0.013228652067482471,-0.01855265349149704,,-0.013228652067482471,-0.013228652067482471,-0.012587734498083591,,-0.03567126393318176,-0.017594855278730392,-0.0073188371025025845,-0.013228652067482471,,-0.013228652067482471,-0.017594855278730392,-0.016694016754627228,-0.017594855278730392,-0.016694016754627228,-0.014129494316875935,,-0.013488576747477055,-0.014129494316875935,,
2020-03-01,-0.018937069922685623,-0.02414236031472683,-0.01814289763569832,-0.018937069922685623,-0.01985727809369564,-0.01703113690018654,-0.02414236031472683,-0.03024064004421234,-0.01999215967953205,-0.01985727809369564,-0.022687701508402824,-0.022687701508402824,-0.018937069922685623,-0.022687701508402824,-0.01814289763569832,-0.01999215967953205,-0.01999215967953205,,-0.01999215967953205,-0.015738816931843758,,-0.01999215967953205,,-0.020267944782972336,,-0.015738816931843758,-0.02649000659584999,,-0.01999215967953205,-0.015738816931843758,-0.01999215967953205,-0.022371308878064156,-0.020267944782972336,-0.018937069922685623,,-0.01913345418870449,,-0.022427979856729507,,-0.01985727809369564,-0.028402570635080338,-0.015738816931843758,-0.02649000659584999,,-0.02414236031472683,-0.02414236031472683,-0.01874551735818386,,-0.015738816931843758,-0.018937069922685623,-0.01874551735818386,-0.01985727809369564,,-0.020023899152874947,-0.022687701508402824,-0.015738816931843758,-0.022687701508402824,-0.015738816931843758,-0.022687701508402824,,-0.01703113690018654,-0.024651937186717987,,
2020-06-01,-0.013966027647256851,-0.05325371399521828,-0.01581553742289543,-0.012182628735899925,-0.01203411165624857,-0.01203411165624857,-0.011045475490391254,-0.015808070078492165,-0.013590752147138119,-0.023447774350643158,-0.01203411165624857,-0.027413800358772278,-0.013716548681259155,-0.011346925050020218,-0.011045475490391254,-0.01203411165624857,-0.012182628735899925,,-0.013716548681259155,-0.015389349311590195,,-0.012182628735899925,,-0.051975809037685394,,-0.011117435991764069,-0.012182628735899925,,-0.013716548681259155,-0.012106072157621384,-0.011346925050020218,-0.011045475490391254,-0.07766979187726974,-0.012689083814620972,,-0.01035388745367527,,-0.01035388745367527,,-0.013716548681259155,-0.025014139711856842,-0.013716548681259155,-0.011346925050020218,,-0.044442787766456604,-0.013716548681259155,-0.011045475490391254,,-0.020670264959335327,-0.013716548681259155,-0.01035388745367527,-0.11738167703151703,,-0.044442787766456604,-0.012182628735899925,-0.011117435991764069,-0.015605496242642403,-0.007623054087162018,-0.015389349311590195,,-0.012182628735899925,-0.012182628735899925,,
2020-09-01,-0.022514665499329567,-0.0401114895939827,-0.010631551966071129,-0.021979914978146553,-0.021979914978146553,-0.021979914978146553,-0.018345637246966362,-0.021979914978146553,-0.01589950919151306,-0.012548034079372883,-0.021979914978146553,-0.018345637246966362,-0.018345637246966362,-0.021979914978146553,-0.012548034079372883,-0.012548034079372883,-0.023436477407813072,,-0.018345637246966362,-0.02507362887263298,,-0.018345637246966362,,-0.1299971044063568,,-0.011941409669816494,-0.021979914978146553,,-0.012548034079372883,-0.016509879380464554,-0.021979914978146553,-0.01975342631340027,-0.05807417258620262,-0.023436477407813072,,-0.00971605721861124,,-0.05807417258620262,,-0.018345637246966362,-0.012548034079372883,-0.021979914978146553,-0.021979914978146553,,-0.1299971044063568,-0.021979914978146553,-0.021979914978146553,,-0.02305326610803604,-0.018345637246966362,-0.004807476885616779,-0.00971605721861124,,-0.020605165511369705,-0.021979914978146553,-0.016509879380464554,-0.021979914978146553,-0.013280760496854782,-0.021979914978146553,,-0.018345637246966362,-0.018345637246966362,,
2020-12-01,-0.03143936023116112,-0.05594027787446976,-0.03142818808555603,-0.03142818808555603,-0.03142818808555603,-0.03142818808555603,-0.03140109404921532,-0.03142818808555603,-0.026623278856277466,-0.03577735647559166,-0.03142818808555603,-0.025919508188962936,,-0.030915025621652603,-0.02630581147968769,-0.027030164375901222,-0.03142818808555603,,-0.025919508188962936,-0.02630581147968769,,-0.026623278856277466,,-0.13905850052833557,,-0.025919508188962936,-0.03142818808555603,,-0.025919508188962936,-0.026991894468665123,-0.03142818808555603,-0.02755882777273655,-0.05594027787446976,-0.03142818808555603,,-0.04339222609996796,,-0.03036629594862461,,-0.02630581147968769,-0.031872399151325226,-0.025919508188962936,-0.03142818808555603,,-0.13905850052833557,-0.03142818808555603,-0.03142818808555603,,-0.060216024518013,-0.025957778096199036,-0.031149711459875107,-0.046500761061906815,,-0.03178739920258522,-0.046500761061906815,-0.026991894468665123,-0.03142818808555603,-0.026991894468665123,-0.03142818808555603,,-0.026297740638256073,-0.025957778096199036,,
2021-03-01,-0.02784861996769905,-0.02398105151951313,-0.030893394723534584,-0.030582742765545845,-0.024833932518959045,-0.024833932518959045,-0.02784861996769905,-0.030582742765545845,-0.028475042432546616,-0.07005754113197327,-0.030582742765545845,-0.028475042432546616,,-0.030582742765545845,-0.024833932518959045,-0.02784861996769905,-0.02995632030069828,,-0.02784861996769905,-0.024833932518959045,,-0.02784861996769905,,-0.028195152059197426,,-0.02398105151951313,-0.036882173269987106,,-0.02784861996769905,-0.024833932518959045,-0.032089054584503174,-0.024833932518959045,-0.02398105151951313,-0.02995632030069828,,-0.030893394723534584,,-0.021626584231853485,,-0.024833932518959045,-0.02784861996769905,-0.024833932518959045,-0.030582742765545845,,-0.028195152059197426,-0.024833932518959045,-0.024833932518959045,,-0.030893394723534584,-0.02784861996769905,-0.024833932518959045,-0.030582742765545845,,-0.024833932518959045,-0.030582742765545845,-0.024833932518959045,,-0.024833932518959045,,,-0.02784861996769905,-0.028475042432546616,,
2021-06-01,-0.055155664682388306,-0.05733458325266838,-0.0556916818022728,-0.05612989887595177,-0.05193650722503662,-0.05421442165970802,-0.053555525839328766,-0.05381393060088158,-0.051277611404657364,-0.056364208459854126,-0.05421442165970802,-0.06275968998670578,,-0.05193650722503662,-0.053555525839328766,-0.053555525839328766,-0.05421442165970802,,-0.053555525839328766,-0.08018587529659271,,-0.055155664682388306,,-0.014412924647331238,,-0.048547714948654175,-0.05353664606809616,,-0.053555525839328766,-0.06062602624297142,-0.05581456050276756,-0.051277611404657364,-0.054086294025182724,-0.05581456050276756,,-0.048658136278390884,,-0.06422614306211472,,-0.051277611404657364,-0.052877750247716904,-0.06275968998670578,-0.05775836855173111,,-0.17372457683086395,-0.05193650722503662,-0.05193650722503662,,-0.05418427661061287,-0.051277611404657364,,-0.05741080269217491,,-0.07737720012664795,-0.05901094153523445,-0.06062602624297142,,-0.051277611404657364,,,-0.051277611404657364,-0.051277611404657364,,
2021-09-01,-0.040212858468294144,-0.04014551267027855,-0.04014551267027855,-0.04148147255182266,-0.04797854274511337,-0.04207061976194382,-0.04014551267027855,-0.04074806347489357,-0.04039602726697922,-0.042441997677087784,-0.04550962895154953,-0.04213327914476395,,-0.033817123621702194,-0.04074806347489357,-0.04207061976194382,-0.04014551267027855,,-0.04056275635957718,-0.03644156828522682,,-0.0413588248193264,,,,-0.035427745431661606,-0.04465475678443909,,-0.041530728340148926,-0.047895144671201706,-0.04014551267027855,-0.039599958807229996,-0.042441997677087784,-0.040823619812726974,,-0.04506928473711014,,-0.037988487631082535,,-0.04074806347489357,-0.0409955233335495,-0.04074806347489357,-0.04014551267027855,,-0.06455377489328384,-0.046004243195056915,-0.048581093549728394,,-0.055532388389110565,-0.04094158113002777,,-0.042441997677087784,,-0.04213327914476395,-0.04183944687247276,-0.04189871624112129,,-0.04670185223221779,,,-0.04014551267027855,-0.04213327914476395,,-0.04608817771077156
2021-12-01,-0.04229661822319031,-0.04229661822319031,0.08469844609498978,-0.0448434017598629,-0.06816037744283676,-0.0448434017598629,-0.04229661822319031,-0.0464014932513237,-0.04229661822319031,-0.04229661822319031,-0.0464014932513237,-0.040699463337659836,,-0.0464014932513237,-0.04229661822319031,-0.04229661822319031,-0.0448434017598629,,-0.04229661822319031,-0.06604569405317307,,-0.04229661822319031,,-0.0464014932513237,,-0.031111983582377434,-0.05020695924758911,,-0.04229661822319031,-0.03157781437039375,-0.0448434017598629,-0.04229661822319031,-0.04229661822319031,-0.04716086760163307,,-0.037147656083106995,,-0.03901396691799164,,-0.04229661822319031,-0.04229661822319031,-0.04229661822319031,-0.04738899692893028,,-0.03901396691799164,-0.047994937747716904,-0.06816037744283676,,-0.04328412190079689,,,-0.04947848245501518,,-0.04328412190079689,-0.0448434017598629,-0.03157781437039375,,-0.03157781437039375,,,-0.04229661822319031,-0.04229661822319031,,-0.04229661822319031
2022-03-01,-0.0329568088054657,-0.01790192723274231,0.09539596736431122,-0.03332236036658287,-0.03917029872536659,-0.03332236036658287,-0.0329568088054657,-0.03332236036658287,-0.0329568088054657,-0.029680613428354263,-0.03332236036658287,-0.0329568088054657,,-0.03332236036658287,-0.0329568088054657,-0.0329568088054657,-0.03332236036658287,,-0.0329568088054657,-0.0329568088054657,,-0.0329568088054657,,-0.03332236036658287,,-0.021511826664209366,-0.04287521168589592,,-0.0329568088054657,-0.021511826664209366,-0.03332236036658287,-0.0329568088054657,-0.034654416143894196,-0.030046148225665092,,-0.04153390973806381,,-0.03332236036658287,,-0.0329568088054657,-0.0329568088054657,-0.03193531930446625,-0.03332236036658287,,-0.03332236036658287,-0.039535850286483765,-0.03917029872536659,,-0.07790901511907578,,,-0.03332236036658287,,-0.03562578931450844,-0.03332236036658287,-0.021511826664209366,,-0.021511826664209366,,,-0.08957955986261368,-0.0329568088054657,,-0.0329568088054657
2022-06-01,-0.027577411383390427,-0.04003147408366203,-0.027577411383390427,-0.04003147408366203,-0.031492117792367935,-0.027577411383390427,-0.027577411383390427,-0.027577411383390427,-0.027577411383390427,-0.027577411383390427,-0.027577411383390427,-0.027577411383390427,,-0.027577411383390427,-0.027577411383390427,-0.027577411383390427,-0.027577411383390427,,-0.027577411383390427,-0.024497881531715393,,-0.027577411383390427,,-0.031492117792367935,,-0.01740376278758049,-0.04003147408366203,,-0.027577411383390427,-0.06553897261619568,-0.027577411383390427,-0.027577411383390427,-0.027577411383390427,-0.027011070400476456,,-0.027577411383390427,,-0.027577411383390427,,-0.027577411383390427,-0.027577411383390427,-0.023234738036990166,-0.027577411383390427,,-0.027577411383390427,-0.027011070400476456,-0.031492117792367935,,-0.024501049891114235,,,-0.027577411383390427,,-0.027577411383390427,-0.04003147408366203,-0.033614229410886765,,-0.06553897261619568,,,-0.027011070400476456,-0.027577411383390427,,-0.027577411383390427
2022-09-01,-0.01855270005762577,-0.01855270005762577,-0.01855270005762577,-0.03102847933769226,-0.025907423347234726,-0.01855270005762577,-0.01855270005762577,-0.01855270005762577,-0.01855270005762577,-0.01855270005762577,-0.01855270005762577,-0.01855270005762577,,-0.01855270005762577,-0.01855270005762577,-0.01855270005762577,-0.01855270005762577,,-0.01855270005762577,-0.01855270005762577,,-0.01855270005762577,,-0.015359009616076946,,-0.007348019629716873,-0.03102847933769226,,-0.01855270005762577,-0.044558797031641006,-0.01855270005762577,-0.01855270005762577,-0.01855270005762577,-0.015359009616076946,,-0.01855270005762577,,0.013692272827029228,,-0.01855270005762577,-0.01855270005762577,-0.025907423347234726,-0.015359009616076946,,-0.01855270005762577,-0.015359009616076946,-0.025907423347234726,,-0.025628691539168358,,,,,-0.01855270005762577,-0.01855270005762577,-0.044558797031641006,,-0.044558797031641006,,,-0.01855270005762577,-0.01855270005762577,,-0.01855270005762577
2022-12-01,-0.005432546138763428,0.0013827215880155563,-0.00253991037607193,-0.013224375434219837,-0.01044971588999033,-0.008312457241117954,-0.005432546138763428,-0.008312457241117954,-0.01044971588999033,-0.005432546138763428,-0.008312457241117954,-0.012315269559621811,,-0.008312457241117954,-0.005432546138763428,-0.005432546138763428,-0.008312457241117954,,-0.005432546138763428,-0.00253991037607193,,-0.005432546138763428,,-0.008312457241117954,,-0.004731000866740942,-0.013224375434219837,,-0.006446904968470335,-0.004850128665566444,-0.008312457241117954,-0.008312457241117954,-0.01044971588999033,-0.008312457241117954,,-0.005698301829397678,,-0.009432928636670113,,-0.005432546138763428,-0.005432546138763428,-0.006446904968470335,-0.008312457241117954,,-0.009432928636670113,-0.008312457241117954,-0.007947545498609543,,-0.017242394387722015,,,,,0.0009978377493098378,-0.013224375434219837,-0.005864487495273352,,-0.004850128665566444,,,0.001263593789190054,-0.009081029333174229,,
2023-03-01,-0.013384740799665451,-0.01314433105289936,0.0019188845762982965,-0.013384740799665451,-0.010714994743466377,-0.010714994743466377,-0.010714994743466377,-0.010714994743466377,-0.010714994743466377,-0.010714994743466377,-0.010714994743466377,-0.010714994743466377,,-0.010714994743466377,-0.010714994743466377,-0.010714994743466377,-0.010714994743466377,,-0.010714994743466377,-0.010714994743466377,,-0.010714994743466377,,-0.010714994743466377,,-0.0014141991268843412,-0.013384740799665451,,-0.010714994743466377,-0.004022473935037851,-0.013384740799665451,-0.010714994743466377,-0.01271926797926426,-0.010714994743466377,,-0.010714994743466377,,-0.010714994743466377,,-0.010714994743466377,-0.010714994743466377,-0.010714994743466377,-0.010714994743466377,,-0.010714994743466377,-0.010714994743466377,-0.01425531692802906,,-0.010714994743466377,,,,,-0.010714994743466377,-0.013384740799665451,-0.0014141991268843412,,-0.009675218723714352,,,-0.010714994743466377,-0.010714994743466377,,
2023-06-01,-0.007847249507904053,-0.007847249507904053,0.018317067995667458,-0.009380175732076168,-0.0036159325391054153,-0.005747163202613592,-0.002344300504773855,-0.005747163202613592,-0.002344300504773855,-0.005747163202613592,-0.005747163202613592,-0.005747163202613592,,-0.005747163202613592,-0.002344300504773855,-0.002344300504773855,-0.005747163202613592,,-0.002344300504773855,-0.004847574979066849,,-0.002344300504773855,,-0.005747163202613592,,-0.00021306975395418704,-0.009380175732076168,,-0.005747163202613592,-0.009380175732076168,-0.005747163202613592,-0.005747163202613592,-0.012094907462596893,-0.005747163202613592,,-0.002344300504773855,,-0.005747163202613592,,-0.00021306975395418704,-0.002344300504773855,-0.002344300504773855,-0.005747163202613592,,-0.002344300504773855,-0.0036159325391054153,-0.00710447458550334,,-0.012094907462596893,,,,,0.0004275529645383358,-0.009380175732076168,-0.00021306975395418704,,-0.007847249507904053,,,0.0004275529645383358,-0.009235705249011517,,-0.002344300504773855
2023-09-01,-0.03561709448695183,0.0036475015804171562,0.0069258245639503,-0.008439690805971622,-0.004549027886241674,-0.004549027886241674,-0.0026237533893436193,-0.004549027886241674,-0.0026237533893436193,-0.003087309654802084,-0.004549027886241674,-0.003087309654802084,,-0.0021547882352024317,-0.0026237533893436193,-0.0026237533893436193,-0.004549027886241674,,-0.0026237533893436193,-0.004549027886241674,,-0.0026237533893436193,,-0.004549027886241674,,0.001661493442952633,-0.008439690805971622,,-0.004549027886241674,0.001274359179660678,-0.004549027886241674,-0.004549027886241674,-0.009428316727280617,-0.004549027886241674,,-0.0034272049088031054,,-0.004549027886241674,,-0.00022951197752263397,-0.0026237533893436193,-0.0026237533893436193,-0.004549027886241674,,-0.004549027886241674,-0.0021547882352024317,-0.004656230099499226,,-0.0012403936125338078,,,,,0.003360232338309288,-0.008439690805971622,0.001274359179660678,,-0.00022951197752263397,,,0.0008219701121561229,-0.0048202406615018845,,-0.0026237533893436193
2023-12-01,-0.012434171512722969,0.0012187453685328364,-0.003935871180146933,-0.012434171512722969,-0.005577002186328173,-0.005577002186328173,-0.003935871180146933,-0.005577002186328173,-0.004717957228422165,-0.005577002186328173,-0.005577002186328173,-0.005577002186328173,,-0.005577002186328173,-0.003935871180146933,-0.003935871180146933,-0.005577002186328173,,-0.003935871180146933,-0.005577002186328173,,-0.003935871180146933,,-0.005577002186328173,,0.0006860084249638021,-0.012434171512722969,,-0.005577002186328173,-0.012434171512722969,-0.012434171512722969,-0.005577002186328173,-0.005577002186328173,-0.005577002186328173,,-0.003935871180146933,,-0.005577002186328173,,-0.003935871180146933,-0.003935871180146933,-0.003935871180146933,-0.005577002186328173,,-0.003935871180146933,-0.005577002186328173,-0.00030598416924476624,,-0.006063084118068218,,,,,0.005246112588793039,-0.012434171512722969,-0.003935871180146933,,-0.012434171512722969,,,-0.00030598416924476624,-0.005577002186328173,,-0.003935871180146933
2024-03-01,3.628947160905227e-05,0.007053745444864035,0.0044133346527814865,-0.0016112708253785968,-0.0017984143923968077,-0.0016112708253785968,0.0017563063884153962,-0.0016112708253785968,-0.0017984143923968077,-0.0016112708253785968,-0.0017984143923968077,-0.0017984143923968077,,-0.0016112708253785968,-0.0017984143923968077,0.0011937664821743965,-0.0016112708253785968,,-0.0016112708253785968,0.003930842038244009,,3.628947160905227e-05,,-0.0033312872983515263,,0.006587871350347996,-0.0017984143923968077,,-0.0017984143923968077,0.003930842038244009,-0.0033312872983515263,-0.0016112708253785968,-0.0017984143923968077,-0.0035184314474463463,,3.628947160905227e-05,,-0.0016112708253785968,,0.003930842038244009,3.628947160905227e-05,-0.0017984143923968077,-0.0033312872983515263,-0.0017984143923968077,-0.00015463351155631244,-0.00015463351155631244,0.003930842038244009,,0.003930842038244009,,,,,0.003930842038244009,-0.0035184314474463463,0.003930842038244009,,0.003930842038244009,,,-0.00015463351155631244,3.628947160905227e-05,0.0025023948401212692,0.0011937664821743965
2024-06-01,-0.013249662704765797,-0.000783509633038193,-0.000783509633038193,-0.0018949657678604126,-0.00722504360601306,-0.0018949657678604126,-0.000783509633038193,-0.0018949657678604126,-0.00722504360601306,-0.0064416006207466125,-0.00722504360601306,-0.0018949657678604126,,-0.0018949657678604126,-0.000783509633038193,-0.000783509633038193,-0.0064416006207466125,,-0.004799417220056057,-0.000783509633038193,,-0.0064416006207466125,,-0.00722504360601306,,-0.000783509633038193,-0.01965576410293579,,-0.003448106348514557,-0.0026045639533549547,-0.013249662704765797,-0.0018949657678604126,-0.0018949657678604126,-0.00722504360601306,,-0.0064416006207466125,,-0.0018949657678604126,,-0.000783509633038193,-0.0064416006207466125,-0.004799417220056057,-0.00722504360601306,-0.003448106348514557,-0.000783509633038193,-0.00591087294742465,-0.0018949657678604126,,-0.007464013993740082,,,,,-0.000783509633038193,-0.01965576410293579,-0.0026045639533549547,,-0.0026045639533549547,,,-0.004799417220056057,-0.004799417220056057,-0.00591087294742465,-0.000783509633038193
2024-09-01,-0.010355311445891857,0.0016471176641061902,-0.002780179027467966,-0.0007537942146882415,-0.008386109955608845,-0.0005349316052161157,-0.0032441008370369673,-0.0005349316052161157,-0.008386109955608845,-0.0029180634301155806,-0.0007537942146882415,-0.0007537942146882415,,0.0007499379571527243,-0.0007537942146882415,0.0012484956532716751,-0.0005349316052161157,,-0.004065048415213823,0.0002860153908841312,,-0.0018782534170895815,,-0.004065048415213823,,0.0022288961336016655,,,-0.0007537942146882415,0.0007499379571527243,-0.010355311445891857,-0.0005349316052161157,-0.0007537942146882415,-0.008167246356606483,,-0.0024738723877817392,,-0.0005349316052161157,,0.0002860153908841312,-0.0014340620255097747,-0.004065048415213823,-0.008167246356606483,-0.0007537942146882415,0.0002860153908841312,-0.003968222998082638,-0.008386109955608845,,0.0007499379571527243,,,,,0.0022288961336016655,-0.07295581698417664,0.0022288961336016655,,0.0007499379571527243,,,0.0007499379571527243,-0.003760577877983451,-0.003679559100419283,-0.00023046197020448744
2024-12-01,-0.002604191191494465,0.0005716113373637199,-0.0003381555143278092,-0.0003381555143278092,-0.009180991910398006,-0.0003381555143278092,-0.0003381555143278092,-0.0003381555143278092,-0.008409460075199604,-0.005169326905161142,-0.0003381555143278092,-0.0003381555143278092,,-0.0003381555143278092,-0.0003381555143278092,-0.002604191191494465,-0.0003381555143278092,,-0.0003381555143278092,,,-0.004487641621381044,,-0.0003381555143278092,,0.006894635036587715,,,-0.0003381555143278092,-0.0003381555143278092,-0.002604191191494465,-0.0003381555143278092,-0.0003381555143278092,-0.006526007782667875,,-0.005940859671682119,,-0.0003381555143278092,,-0.0003381555143278092,-0.002604191191494465,-0.0003381555143278092,-0.006526007782667875,-0.0003381555143278092,,-0.0003381555143278092,-0.008409460075199604,,-0.0003381555143278092,,,,,0.006894635036587715,-0.008409460075199604,0.006894635036587715,,0.006894635036587715,,,-0.0003381555143278092,-0.0003381555143278092,-0.0003381555143278092,-0.002604191191494465
2025-03-01,-0.004903188440948725,0.01078004203736782,0.00439789891242981,-0.004347431473433971,-0.004937528166919947,-0.004005203489214182,0.00439789891242981,-0.004005203489214182,-0.004937528166919947,-0.004937528166919947,,-0.004347431473433971,,-0.003281125333160162,-0.00034485384821891785,-0.00034485384821891785,-0.004005203489214182,,-0.004005203489214182,,,-0.002376619027927518,,-0.004005203489214182,,0.0057977125979959965,,,-0.004244294483214617,-0.006791674066334963,-0.0046640969812870026,-0.004005203489214182,-0.004347431473433971,-0.0046640969812870026,,-0.008267287164926529,,0.00439789891242981,,-0.00034485384821891785,-0.0010037478059530258,-0.004005203489214182,-0.004005203489214182,-0.004244294483214617,,-0.003281125333160162,-0.008267287164926529,,0.00439789891242981,,,,,0.004934513941407204,-0.004937528166919947,-0.005391860846430063,,-0.006791674066334963,,,0.00439789891242981,5.6033961300272495e-05,-0.002744510304182768,5.6033961300272495e-05
2025-06-01,-0.0033477800898253918,0.0005883860867470503,0.0005883860867470503,0.0004040581698063761,-0.004376544617116451,-0.0012183170765638351,0.0005883860867470503,-0.0020616946276277304,-0.004376544617116451,-0.004376544617116451,,0.0004040581698063761,,0.0005883860867470503,-0.0027763585094362497,0.0003832922666333616,-0.0012183170765638351,,-0.0012183170765638351,,,-0.02267138659954071,,-0.0020616946276277304,,0.0037688021548092365,,,-0.0012183170765638351,0.0037688021548092365,-0.0033477800898253918,-0.0012183170765638351,-0.0027763585094362497,-0.0033477800898253918,,-0.011044830083847046,,0.0005883860867470503,,0.0003832922666333616,-0.0017461699899286032,-0.0012183170765638351,-0.0012183170765638351,-0.0027763585094362497,,0.0028873933479189873,-0.011044830083847046,,-0.0020616946276277304,,,,,0.0037688021548092365,-0.00490582175552845,0.0037688021548092365,,0.0037688021548092365,,,-0.0020616946276277304,0.0003832922666333616,-0.0020616946276277304,0.0003832922666333616
2025-09-01,,-0.0012426379835233092,-0.0012426379835233092,-0.0035695184487849474,-0.008515264838933945,-0.004202159587293863,-0.0012426379835233092,-0.004477137699723244,-0.008515264838933945,-0.008515264838933945,,-0.0035695184487849474,,-0.004202159587293863,-0.00622587138786912,0.0006609869888052344,-0.0015458102570846677,,-0.004202159587293863,,,-0.04063182324171066,,-0.004202159587293863,,0.0014137120451778173,,,-0.004202159587293863,-0.000867644208483398,-0.006196676753461361,-0.004202159587293863,-0.0035695184487849474,-0.004202159587293863,,-0.013138353824615479,,-0.0012426379835233092,,-0.0019953628070652485,-0.0039898790419101715,-0.004202159587293863,-0.004202159587293863,-0.00622587138786912,,-0.004477137699723244,-0.00622587138786912,,0.0014137120451778173,,,,,-0.0012426379835233092,-0.008515264838933945,-0.000867644208483398,,-0.000867644208483398,,,-0.004477137699723244,-0.0019953628070652485,-0.004477137699723244,-0.0019953628070652485
2025-12-01,,-0.0044594742357730865,0.004007091745734215,-0.003101752372458577,-0.00653774943202734,-0.005318515468388796,0.0020749459508806467,0.0020749459508806467,-0.006253130733966827,-0.006253130733966827,,-0.0029368263203650713,,0.0020749459508806467,-0.005318515468388796,0.001986860763281584,-0.0007200626423582435,,-0.0029368263203650713,,,-0.03169199079275131,,-0.0029368263203650713,,0.004007091745734215,,,-0.005318515468388796,-0.006434048060327768,-0.004240892827510834,-0.0029368263203650713,-0.003101752372458577,-0.0029368263203650713,,-0.009976346045732498,,0.0020749459508806467,,5.471472832141444e-05,-0.0012493509566411376,-0.0029368263203650713,,-0.005318515468388796,,-0.0014521717093884945,-0.005318515468388796,,-0.0014521717093884945,,,,,0.0020749459508806467,-0.00653774943202734,-0.006434048060327768,,-0.006434048060327768,,,-0.0014521717093884945,-0.0012493509566411376,,5.471472832141444e-05
